"","year","DH_GEOGRAPHY_NAME","inhouse_activity","outsourced_activity","total_activity","percent_inhouse_activity"
"1",2001,"BARNSLEY",12428,31616,44044,28.2172373081464
"2",2001,"BIRMINGHAM",48854,106308,155162,31.485801936041
"3",2001,"BOLTON",14268,30094,44362,32.1626617375231
"4",2001,"BRADFORD",NA,NA,NA,NA
"5",2001,"BURY",12636,19604,32240,39.1935483870968
"6",2001,"CALDERDALE",11299,22033,33332,33.8983559342374
"7",2001,"COVENTRY",NA,NA,NA,NA
"8",2001,"DONCASTER",12679,39471,52150,24.3125599232982
"9",2001,"DUDLEY",11128,28184,39312,28.3068783068783
"10",2001,"GATESHEAD",14339.3,30399.3,44738.6,32.0512935138784
"11",2001,"KIRKLEES",24086,39298,63384,38.0001262148176
"12",2001,"KNOWSLEY",NA,18669,NA,NA
"13",2001,"LEEDS",43058,66259,109317,39.3882012861677
"14",2001,"LIVERPOOL",14448,75063,89511,16.1410329456715
"15",2001,"MANCHESTER",1768,75660,77428,2.2834116856951
"16",2001,"NEWCASTLE UPON TYNE",5070,46810,51880,9.77255204317656
"17",2001,"NORTH TYNESIDE",NA,NA,NA,NA
"18",2001,"OLDHAM",9516,35230,44746,21.266705403835
"19",2001,"ROCHDALE",10746,32914,43660,24.6129180027485
"20",2001,"ROTHERHAM",14248,32812,47060,30.2762430939227
"21",2001,"SALFORD",12088,29765,41853,28.8820395192698
"22",2001,"SANDWELL",16276,29250,45526,35.7509994288978
"23",2001,"SEFTON",8610,38864,47474,18.1362429961663
"24",2001,"SHEFFIELD",27196,73450,100646,27.0214414879876
"25",2001,"SOLIHULL",6213,11405,17618,35.265069814962
"26",2001,"SOUTH TYNESIDE",10969,24362,35331,31.0463898559339
"27",2001,"ST HELENS",10180,14276,24456,41.6257769054629
"28",2001,"STOCKPORT",0,50493,50493,0
"29",2001,"SUNDERLAND",9645,51998,61643,15.6465454309492
"30",2001,"TAMESIDE",NA,34118,NA,NA
"31",2001,"TRAFFORD",17550,17498,35048,50.0741839762611
"32",2001,"WAKEFIELD",15392,50830,66222,23.2430310168826
"33",2001,"WALSALL",16238,22212,38450,42.2314694408322
"34",2001,"WIGAN",1526,43357,44883,3.39995098366865
"35",2001,"WIRRAL",5537,34309,39846,13.895999598454
"36",2001,"WOLVERHAMPTON",9506,26825,36331,26.1649830723074
"37",2001,"BEDFORDSHIRE",0,48152,48152,0
"38",2001,"BUCKINGHAMSHIRE",9848,34887,44735,22.0140829328266
"39",2001,"CAMBRIDGESHIRE",30784,42536,73320,41.9858156028369
"40",2001,"CHESHIRE",13574,69247,82821,16.3895630335301
"41",2001,"CORNWALL",0,74423,74423,0
"42",2001,"CUMBRIA",32854,48185,81039,40.5409740988907
"43",2001,"DERBYSHIRE",49716,73195,122911,40.4487800115531
"44",2001,"DEVON",32968,126815,159783,20.63298348385
"45",2001,"DORSET",14734,37167,51901,28.3886630315408
"46",2001,"DURHAM",42698,68899,111597,38.2608851492424
"47",2001,"EAST SUSSEX",9379,40181,49560,18.9245359160613
"48",2001,"ESSEX",61051,228605,289656,21.0770707321789
"49",2001,"GLOUCESTERSHIRE",1669,56379,58048,2.87520672546858
"50",2001,"HAMPSHIRE",45358,90468,135826,33.3941955148499
"51",2001,"HERTFORDSHIRE",NA,158308,NA,NA
"52",2001,"ISLES OF SCILLY",NA,NA,NA,NA
"53",2001,"KENT",0,0,0,NA
"54",2001,"LANCASHIRE",61692,186019,247711,24.9048286107601
"55",2001,"LEICESTERSHIRE",24112,59040,83152,28.9974985568597
"56",2001,"LINCOLNSHIRE",18193,98388,116581,15.6054588655098
"57",2001,"NORFOLK",44225,105708,149933,29.4965084404367
"58",2001,"NORTH YORKSHIRE",37558,44923,82481,45.5353354105794
"59",2001,"NORTHAMPTONSHIRE",41492,57421,98913,41.9479744826261
"60",2001,"NORTHUMBERLAND",16370,56094,72464,22.5905277103113
"61",2001,"NOTTINGHAMSHIRE",36315,91633,127948,28.3826241910776
"62",2001,"OXFORDSHIRE",32726,18291,51017,64.1472450359684
"63",2001,"SHROPSHIRE",3016,45776,48792,6.18134120347598
"64",2001,"SOMERSET",0,67652,67652,0
"65",2001,"STAFFORDSHIRE",41333,67632,108965,37.9323636029918
"66",2001,"SUFFOLK",38064,59622,97686,38.9656654996622
"67",2001,"SURREY",33020,72436,105456,31.3116370808679
"68",2001,"WARWICKSHIRE",17368,34945,52313,33.200160571942
"69",2001,"WEST SUSSEX",26549,77980,104529,25.3986931856231
"70",2001,"WILTSHIRE",10957,41054,52011,21.0666974293899
"71",2001,"WORCESTERSHIRE",4784,54184,58968,8.11287477954145
"72",2001,"BATH AND NORTH EAST SOMERSET",10062,11700,21762,46.2365591397849
"73",2001,"BLACKBURN WITH DARWEN",9831,24198,34029,28.8900643568721
"74",2001,"BLACKPOOL",8634,29972,38606,22.3643993161685
"75",2001,"BOURNEMOUTH",1352,30576,31928,4.23452768729642
"76",2001,"BRACKNELL FOREST",3702,4011,7713,47.9968883702839
"77",2001,"BRIGHTON AND HOVE",8049,33116,41165,19.5530183408235
"78",2001,"BRISTOL",35048,33601,68649,51.0539119287972
"79",2001,"DARLINGTON",5262,12636,17898,29.3999329534026
"80",2001,"DERBY",15262,22672,37934,40.2330363262509
"81",2001,"EAST RIDING OF YORKSHIRE",4715,76130,80845,5.8321479374111
"82",2001,"HALTON",3144,14902,18046,17.4221434112823
"83",2001,"HARTLEPOOL",900,24241,25141,3.57980987232011
"84",2001,"HEREFORDSHIRE",6846,15352,22198,30.8406162717362
"85",2001,"ISLE OF WIGHT",2049.86,34266.86,36316.72,5.64439740152745
"86",2001,"KINGSTON UPON HULL",8326,70222,78548,10.5998879665937
"87",2001,"LEICESTER",15548,35802,51350,30.2784810126582
"88",2001,"LUTON",13104,9100,22204,59.016393442623
"89",2001,"MEDWAY",6453,20797,27250,23.6807339449541
"90",2001,"MIDDLESBROUGH",8372,16520,24892,33.6332958380203
"91",2001,"MILTON KEYNES",1769,20292,22061,8.01867549068492
"92",2001,"NORTH EAST LINCOLNSHIRE",3381,36920,40301,8.38936999081909
"93",2001,"NORTH LINCOLNSHIRE",3991,29709,33700,11.8427299703264
"94",2001,"NORTH SOMERSET",5355,20079,25434,21.0544939844303
"95",2001,"NOTTINGHAM",17030,41444,58474,29.1240551356158
"96",2001,"PETERBOROUGH",10705,8811,19516,54.8524287763886
"97",2001,"PLYMOUTH",6883,35559,42442,16.2174261344894
"98",2001,"POOLE",2263,13557,15820,14.3046776232617
"99",2001,"PORTSMOUTH",16561,15890,32451,51.0338664447937
"100",2001,"READING",7634,5486,13120,58.1859756097561
"101",2001,"REDCAR AND CLEVELAND",8528,12296,20824,40.9527468305801
"102",2001,"RUTLAND",2147,2424,4571,46.9700284401663
"103",2001,"SLOUGH",4582,3466,8048,56.9333996023857
"104",2001,"SOUTH GLOUCESTERSHIRE",9870,11271,21141,46.6865332765716
"105",2001,"SOUTHAMPTON",9502,27655,37157,25.5725704443308
"106",2001,"SOUTHEND ON SEA",4143,29403,33546,12.3502056877124
"107",2001,"STOCKTON ON TEES",7745,25336,33081,23.4122305855325
"108",2001,"STOKE ON TRENT",27864,23331,51195,54.4271901552886
"109",2001,"SWINDON",10400,9360,19760,52.6315789473684
"110",2001,"TELFORD AND WREKIN",0,22836,22836,0
"111",2001,"THURROCK",4483,13641,18124,24.7351578018098
"112",2001,"TORBAY",7418,34565,41983,17.6690565228783
"113",2001,"WARRINGTON",4361,16622,20983,20.7834913977982
"114",2001,"WEST BERKSHIRE",4160,6032,10192,40.8163265306122
"115",2001,"WINDSOR AND MAIDENHEAD",4160,6244,10404,39.9846212995002
"116",2001,"WOKINGHAM",3533,6045,9578,36.8866151597411
"117",2001,"YORK",12272,8944,21216,57.843137254902
"118",2001,"CAMDEN",8323,20885,29208,28.495617639003
"119",2001,"GREENWICH",9049,20667,29716,30.4516085610446
"120",2001,"HACKNEY",936,20384,21320,4.39024390243902
"121",2001,"HAMMERSMITH AND FULHAM",4773,11978,16751,28.4938212644021
"122",2001,"ISLINGTON",3317,19115,22432,14.7869115549215
"123",2001,"KENSINGTON AND CHELSEA",4514,9363,13877,32.5286445197089
"124",2001,"LAMBETH",5720,18980,24700,23.1578947368421
"125",2001,"LEWISHAM",6410,21320,27730,23.1157591056617
"126",2001,"SOUTHWARK",8052,16699,24751,32.5320189083269
"127",2001,"TOWER HAMLETS",5668,22932,28600,19.8181818181818
"128",2001,"WANDSWORTH",0,26541,26541,0
"129",2001,"WESTMINSTER",6263,12962,19225,32.5773732119636
"130",2001,"BARKING AND DAGENHAM",24759,4983,29742,83.2459148678636
"131",2001,"BARNET",19344,24076,43420,44.5508982035928
"132",2001,"BEXLEY",0,25188,25188,0
"133",2001,"BRENT",1456,20800,22256,6.54205607476635
"134",2001,"BROMLEY",NA,30941,NA,NA
"135",2001,"CROYDON",12017,13557,25574,46.9891295847345
"136",2001,"EALING",8004,17300,25304,31.6313626304142
"137",2001,"ENFIELD",6657,26317,32974,20.1886334687936
"138",2001,"HARINGEY",0,NA,NA,NA
"139",2001,"HARROW",1274,18018,19292,6.60377358490566
"140",2001,"HAVERING",8140,12058,20198,40.3010199029607
"141",2001,"HILLINGDON",416,21080,21496,1.9352437662821
"142",2001,"HOUNSLOW",7768,11543,19311,40.2257780539589
"143",2001,"KINGSTON UPON THAMES",7280,9174,16454,44.2445605931688
"144",2001,"MERTON",1444,14758,16202,8.91247994074805
"145",2001,"NEWHAM",5908,17064,22972,25.7182657147832
"146",2001,"REDBRIDGE",2030,22232,24262,8.3669936526255
"147",2001,"RICHMOND UPON THAMES",8841,8880,17721,49.8899610631454
"148",2001,"SUTTON",5356,11232,16588,32.2884012539185
"149",2001,"WALTHAM FOREST",9308,18512,27820,33.4579439252336
"150",2002,"BARNSLEY",10556,33072,43628,24.1954707985697
"151",2002,"BIRMINGHAM",49864,99829,149693,33.3108428583835
"152",2002,"BOLTON",13212,33382,46594,28.3555822638108
"153",2002,"BRADFORD",20891,55384,76275,27.3890527695837
"154",2002,"BURY",11986,19708,31694,37.8178835110747
"155",2002,"CALDERDALE",7910,21734,29644,26.6833085953313
"156",2002,"COVENTRY",NA,NA,NA,NA
"157",2002,"DONCASTER",NA,NA,NA,NA
"158",2002,"DUDLEY",11765,31807,43572,27.0012852290462
"159",2002,"GATESHEAD",12883,28958,41841,30.7903730790373
"160",2002,"KIRKLEES",21949,43317,65266,33.6300677228572
"161",2002,"KNOWSLEY",0,19617,19617,0
"162",2002,"LEEDS",42018,64011,106029,39.6287808052514
"163",2002,"LIVERPOOL",10399,61078,71477,14.5487359570211
"164",2002,"MANCHESTER",1664,75582,77246,2.15415684954561
"165",2002,"NEWCASTLE UPON TYNE",5777,50290,56067,10.303743735174
"166",2002,"NORTH TYNESIDE",7136,36545,43681,16.3366223300749
"167",2002,"OLDHAM",6607,40819,47426,13.9311769915236
"168",2002,"ROCHDALE",9769,35658,45427,21.5048319281485
"169",2002,"ROTHERHAM",12636,34736,47372,26.6739846322722
"170",2002,"SALFORD",10483,33165,43648,24.0171370967742
"171",2002,"SANDWELL",15158,30368,45526,33.2952598515134
"172",2002,"SEFTON",6393,41074,47467,13.4683042956159
"173",2002,"SHEFFIELD",24622,76700,101322,24.300744162176
"174",2002,"SOLIHULL",2708,15209,17917,15.114137411397
"175",2002,"SOUTH TYNESIDE",10674,21485,32159,33.1913305761995
"176",2002,"ST HELENS",10351,12693,23044,44.9184169415032
"177",2002,"STOCKPORT",0,49662.1428571429,49662.1428571429,0
"178",2002,"SUNDERLAND",9996,51802,61798,16.1752807534224
"179",2002,"TAMESIDE",0,38669,38669,0
"180",2002,"TRAFFORD",16268,17309,33577,48.4498317300533
"181",2002,"WAKEFIELD",15600,52199,67799,23.0091889260904
"182",2002,"WALSALL",13868,23904,37772,36.71502700413
"183",2002,"WIGAN",1650,43937,45587,3.619452914208
"184",2002,"WIRRAL",6201,36741,42942,14.4404079921755
"185",2002,"WOLVERHAMPTON",9114,28532,37646,24.2097433990331
"186",2002,"BEDFORDSHIRE",NA,45240,NA,NA
"187",2002,"BUCKINGHAMSHIRE",24,45507,45531,0.0527113395269157
"188",2002,"CAMBRIDGESHIRE",15080,58538,73618,20.4841207313429
"189",2002,"CHESHIRE",13751,68374,82125,16.7439878234399
"190",2002,"CORNWALL",0,76843,76843,0
"191",2002,"CUMBRIA",37839,46443,84282,44.8957072684559
"192",2002,"DERBYSHIRE",46330,72126,118456,39.1115688525697
"193",2002,"DEVON",34619,110583,145202,23.8419580997507
"194",2002,"DORSET",14807,37153,51960,28.4969207082371
"195",2002,"DURHAM",36567,70197,106764,34.2503090929527
"196",2002,"EAST SUSSEX",13985,63894,77879,17.957344085055
"197",2002,"ESSEX",66587,149649,216236,30.7936698792061
"198",2002,"GLOUCESTERSHIRE",1847.85714285714,68816.1428571433,70664.0000000005,2.61499086218885
"199",2002,"HAMPSHIRE",46102,89139,135241,34.0887748537795
"200",2002,"HERTFORDSHIRE",0,128076,128076,0
"201",2002,"ISLES OF SCILLY",437,208,645,67.7519379844961
"202",2002,"KENT",28807.58,191970.15,220777.73,13.0482272827065
"203",2002,"LANCASHIRE",60711,186604,247315,24.5480460141924
"204",2002,"LEICESTERSHIRE",25383,63184,88567,28.6596587893911
"205",2002,"LINCOLNSHIRE",19314,107449,126763,15.2363071243186
"206",2002,"NORFOLK",41432,113643,155075,26.7173948089634
"207",2002,"NORTH YORKSHIRE",44156,41742,85898,51.4051549512212
"208",2002,"NORTHAMPTONSHIRE",38965,56162,95127,40.9610310427113
"209",2002,"NORTHUMBERLAND",14720,62494,77214,19.0639003289559
"210",2002,"NOTTINGHAMSHIRE",34360,97198,131558,26.1177579470652
"211",2002,"OXFORDSHIRE",23854,24269,48123,49.5688132493818
"212",2002,"SHROPSHIRE",2505,46190,48695,5.14426532498203
"213",2002,"SOMERSET",NA,NA,NA,NA
"214",2002,"STAFFORDSHIRE",42400,69623,112023,37.8493702186158
"215",2002,"SUFFOLK",36421,59261,95682,38.0646307560461
"216",2002,"SURREY",28562,87554,116116,24.5978159771263
"217",2002,"WARWICKSHIRE",17310,42758,60068,28.817340347606
"218",2002,"WEST SUSSEX",NA,NA,NA,NA
"219",2002,"WILTSHIRE",1805,46321,48126,3.75057141669784
"220",2002,"WORCESTERSHIRE",4628,58292,62920,7.35537190082645
"221",2002,"BATH AND NORTH EAST SOMERSET",9880,10738,20618,47.9192938209332
"222",2002,"BLACKBURN WITH DARWEN",10781,25134,35915,30.0180982876236
"223",2002,"BLACKPOOL",3371,32408,35779,9.42172782917354
"224",2002,"BOURNEMOUTH",1300,29224,30524,4.25894378194208
"225",2002,"BRACKNELL FOREST",3582,3991,7573,47.2996170606101
"226",2002,"BRIGHTON AND HOVE",7808,34297,42105,18.5441159007244
"227",2002,"BRISTOL",31616,33371,64987,48.6497299459892
"228",2002,"DARLINGTON",2816,14179,16995,16.5695792880259
"229",2002,"DERBY",14950,25740,40690,36.741214057508
"230",2002,"EAST RIDING OF YORKSHIRE",3333,70032,73365,4.54303823349008
"231",2002,"HALTON",3300,15440,18740,17.6093916755603
"232",2002,"HARTLEPOOL",784.71,22017.42,22802.13,3.44138902813027
"233",2002,"HEREFORDSHIRE",8460,19129,27589,30.664395229983
"234",2002,"ISLE OF WIGHT",1702.5,32200,33902.5,5.0217535579972
"235",2002,"KINGSTON UPON HULL",7584,69257,76841,9.86973100298018
"236",2002,"LEICESTER",15782,36894,52676,29.9605133267522
"237",2002,"LUTON",12038,10452,22490,53.5260115606936
"238",2002,"MEDWAY",6032,22214,28246,21.3552361396304
"239",2002,"MIDDLESBROUGH",6468,18163,24631,26.2595915715968
"240",2002,"MILTON KEYNES",1716,14720,16436,10.4404964711609
"241",2002,"NORTH EAST LINCOLNSHIRE",2193,28230,30423,7.208362094468
"242",2002,"NORTH LINCOLNSHIRE",4576,29380,33956,13.4762633996937
"243",2002,"NORTH SOMERSET",917,19406,20323,4.51212911479604
"244",2002,"NOTTINGHAM",12584,42666,55250,22.7764705882353
"245",2002,"PETERBOROUGH",12188,10473,22661,53.7840342438551
"246",2002,"PLYMOUTH",11095,37783,48878,22.699373951471
"247",2002,"POOLE",1797,13931,15728,11.425483214649
"248",2002,"PORTSMOUTH",17538,15308,32846,53.3946294830421
"249",2002,"READING",7065,4793,11858,59.5800303592511
"250",2002,"REDCAR AND CLEVELAND",8137,12847,20984,38.7771635531834
"251",2002,"RUTLAND",3156,3292,6448,48.9454094292804
"252",2002,"SLOUGH",4155,3233,7388,56.2398484028154
"253",2002,"SOUTH GLOUCESTERSHIRE",10728,11191,21919,48.9438386787718
"254",2002,"SOUTHAMPTON",9072.85714285714,28237.1428571429,37310,24.3174943523375
"255",2002,"SOUTHEND ON SEA",3386,31372,34758,9.74164221186489
"256",2002,"STOCKTON ON TEES",5557,27765,33322,16.6766700678231
"257",2002,"STOKE ON TRENT",27568,24287,51855,53.1636293510751
"258",2002,"SWINDON",9568,9828,19396,49.3297587131367
"259",2002,"TELFORD AND WREKIN",0,21082,21082,0
"260",2002,"THURROCK",4247,13628,17875,23.7594405594406
"261",2002,"TORBAY",3432,38390,41822,8.20620725933719
"262",2002,"WARRINGTON",3899,20492,24391,15.985404452462
"263",2002,"WEST BERKSHIRE",4888,6032,10920,44.7619047619048
"264",2002,"WINDSOR AND MAIDENHEAD",3452,5973,9425,36.6259946949602
"265",2002,"WOKINGHAM",3277,6148,9425,34.7692307692308
"266",2002,"YORK",11449,9108,20557,55.6939242107311
"267",2002,"CAMDEN",8488.87,21393.43,29882.3,28.4076861553495
"268",2002,"GREENWICH",8999,18516,27515,32.7057968380883
"269",2002,"HACKNEY",1664,20826,22490,7.39884393063584
"270",2002,"HAMMERSMITH AND FULHAM",3254,11962,15216,21.3853838065195
"271",2002,"ISLINGTON",3119,20891,24010,12.9904206580591
"272",2002,"KENSINGTON AND CHELSEA",4589,8921,13510,33.9674315321984
"273",2002,"LAMBETH",2834,22828,25662,11.0435663627153
"274",2002,"LEWISHAM",675,23481,24156,2.79433681073025
"275",2002,"SOUTHWARK",0,25830,25830,0
"276",2002,"TOWER HAMLETS",4147,21254,25401,16.3261288925633
"277",2002,"WANDSWORTH",0,26557,26557,0
"278",2002,"WESTMINSTER",6558,13126,19684,33.3163991058728
"279",2002,"BARKING AND DAGENHAM",13275,1737,15012,88.4292565947242
"280",2002,"BARNET",337,41911,42248,0.7976708956637
"281",2002,"BEXLEY",0,25676,25676,0
"282",2002,"BRENT",4152,12064,16216,25.6043413912186
"283",2002,"BROMLEY",NA,20910,NA,NA
"284",2002,"CROYDON",12458,35501,47959,25.9763548030609
"285",2002,"EALING",9470,15605,25075,37.7666999002991
"286",2002,"ENFIELD",6637,25088,31725,20.9204097714736
"287",2002,"HARINGEY",3563,23370,26933,13.2291241228233
"288",2002,"HARROW",572,17923,18495,3.09272776426061
"289",2002,"HAVERING",6215,13815,20030,31.028457314029
"290",2002,"HILLINGDON",988,19552,20540,4.81012658227848
"291",2002,"HOUNSLOW",7169,9893,17062,42.0173484937288
"292",2002,"KINGSTON UPON THAMES",5841,8613,14454,40.4109589041096
"293",2002,"MERTON",NA,13372,NA,NA
"294",2002,"NEWHAM",4000,15686,19686,20.3190084323885
"295",2002,"REDBRIDGE",2162,24299,26461,8.17051509769094
"296",2002,"RICHMOND UPON THAMES",692,16204,16896,4.09564393939394
"297",2002,"SUTTON",5917,11132,17049,34.7058478503138
"298",2002,"WALTHAM FOREST",8892,17056,25948,34.2685370741483
"299",2003,"BARNSLEY",8710,38090,46800,18.6111111111111
"300",2003,"BIRMINGHAM",47358,105292,152650,31.0239109073043
"301",2003,"BOLTON",11626.29,36076.71,47703,24.3722407395761
"302",2003,"BRADFORD",21220,58799,80019,26.5187018083205
"303",2003,"BURY",10504,22412,32916,31.911532385466
"304",2003,"CALDERDALE",4237,27314,31551,13.4290513771354
"305",2003,"COVENTRY",23964,29992,53956,44.4139669360219
"306",2003,"DONCASTER",12549,36820,49369,25.4187850675525
"307",2003,"DUDLEY",11744,38325,50069,23.4556312289041
"308",2003,"GATESHEAD",9745,30057,39802,24.4836942867193
"309",2003,"KIRKLEES",17354,54289,71643,24.2228829055176
"310",2003,"KNOWSLEY",0,24405.57,24405.57,0
"311",2003,"LEEDS",39166,63961,103127,37.9784149640734
"312",2003,"LIVERPOOL",5166,82444,87610,5.89658714758589
"313",2003,"MANCHESTER",1560,81698,83258,1.87369381921257
"314",2003,"NEWCASTLE UPON TYNE",4919,50726,55645,8.83996765208015
"315",2003,"NORTH TYNESIDE",8059,41512,49571,16.2574892578322
"316",2003,"OLDHAM",4376,41504,45880,9.53792502179599
"317",2003,"ROCHDALE",9534,38051,47585,20.0357255437638
"318",2003,"ROTHERHAM",11908,38012,49920,23.8541666666667
"319",2003,"SALFORD",9970,34512,44482,22.4135605413426
"320",2003,"SANDWELL",14950,30420,45370,32.9512893982808
"321",2003,"SEFTON",5934,51237,57171,10.3793881513355
"322",2003,"SHEFFIELD",20280,78026,98306,20.6294631049987
"323",2003,"SOLIHULL",1752,17153,18905,9.26738957947633
"324",2003,"SOUTH TYNESIDE",10671,28734,39405,27.0803197563761
"325",2003,"ST HELENS",10499,14283,24782,42.3654265192478
"326",2003,"STOCKPORT",0,51060,51060,0
"327",2003,"SUNDERLAND",10178,53914,64092,15.8802970729576
"328",2003,"TAMESIDE",0,32052,32052,0
"329",2003,"TRAFFORD",13198,18033,31231,42.2592936505395
"330",2003,"WAKEFIELD",15313,53725,69038,22.1805382542947
"331",2003,"WALSALL",13391,25229,38620,34.6737441740031
"332",2003,"WIGAN",1444,45852,47296,3.05311231393775
"333",2003,"WIRRAL",5446,41630,47076,11.5685274874671
"334",2003,"WOLVERHAMPTON",10445,32360,42805,24.4013549818946
"335",2003,"BEDFORDSHIRE",0,48516,48516,0
"336",2003,"BUCKINGHAMSHIRE",132,43480,43612,0.302668990186187
"337",2003,"CAMBRIDGESHIRE",1870,91973,93843,1.99268991826775
"338",2003,"CHESHIRE",10053,70241,80294,12.520238124891
"339",2003,"CORNWALL",NA,92333,NA,NA
"340",2003,"CUMBRIA",42208,48636,90844,46.4620668398573
"341",2003,"DERBYSHIRE",39167,79809,118976,32.9200847229693
"342",2003,"DEVON",32037,129954,161991,19.7770246495176
"343",2003,"DORSET",14454,44406,58860,24.5565749235474
"344",2003,"DURHAM",29391,84812,114203,25.7357512499672
"345",2003,"EAST SUSSEX",10803,86225,97028,11.1338994929299
"346",2003,"ESSEX",29726,153965,183691,16.1826110152375
"347",2003,"GLOUCESTERSHIRE",2294.28571428571,82172.8571428571,84467.1428571428,2.71618719028531
"348",2003,"HAMPSHIRE",46495,99318,145813,31.8867316357252
"349",2003,"HERTFORDSHIRE",0,131694,131694,0
"350",2003,"ISLES OF SCILLY",460,350,810,56.7901234567901
"351",2003,"KENT",26580,219420,246000,10.8048780487805
"352",2003,"LANCASHIRE",54132,206187,260319,20.7944867643161
"353",2003,"LEICESTERSHIRE",25366,68043,93409,27.155841514201
"354",2003,"LINCOLNSHIRE",18205,123852,142057,12.8152783741737
"355",2003,"NORFOLK",37669,122397,160066,23.5334174652956
"356",2003,"NORTH YORKSHIRE",41709,49946,91655,45.5065190115106
"357",2003,"NORTHAMPTONSHIRE",34728,69640,104368,33.2745669170627
"358",2003,"NORTHUMBERLAND",13812,67365,81177,17.0146716434458
"359",2003,"NOTTINGHAMSHIRE",30694,106493,137187,22.3738400868887
"360",2003,"OXFORDSHIRE",286,47762,48048,0.595238095238095
"361",2003,"SHROPSHIRE",2242,47787,50029,4.48140078754323
"362",2003,"SOMERSET",NA,75897,NA,NA
"363",2003,"STAFFORDSHIRE",39805,75457,115262,34.5343651854037
"364",2003,"SUFFOLK",32494,66671,99165,32.7676095396561
"365",2003,"SURREY",12688,95056,107744,11.7760617760618
"366",2003,"WARWICKSHIRE",15290,45605,60895,25.1087938254372
"367",2003,"WEST SUSSEX",NA,NA,NA,NA
"368",2003,"WILTSHIRE",2209,48350,50559,4.3691528709033
"369",2003,"WORCESTERSHIRE",3998,65062,69060,5.78916883869099
"370",2003,"BATH AND NORTH EAST SOMERSET",9022,10608,19630,45.9602649006623
"371",2003,"BLACKBURN WITH DARWEN",10090,30648,40738,24.7680298492808
"372",2003,"BLACKPOOL",4291,42916,47207,9.08975363823162
"373",2003,"BOURNEMOUTH",641,31617,32258,1.98710397420795
"374",2003,"BRACKNELL FOREST",3420,5286,8706,39.2832529290145
"375",2003,"BRIGHTON AND HOVE",6722,41317,48039,13.9927975186827
"376",2003,"BRISTOL",31964,35551,67515,47.3435532844553
"377",2003,"DARLINGTON",2431,16023,18454,13.1732957624363
"378",2003,"DERBY",15104,27216,42320,35.6899810964083
"379",2003,"EAST RIDING OF YORKSHIRE",3094,74319,77413,3.99674473279682
"380",2003,"HALTON",3247,17409,20656,15.7194035631294
"381",2003,"HARTLEPOOL",467,23932,24399,1.91401286937989
"382",2003,"HEREFORDSHIRE",7499,20776,28275,26.5216622458002
"383",2003,"ISLE OF WIGHT",2256,39168,41424,5.44611819235226
"384",2003,"KINGSTON UPON HULL",7406,76675,84081,8.80817307120515
"385",2003,"LEICESTER",15002,42712,57714,25.9936930380843
"386",2003,"LUTON",10668,11517,22185,48.0865449628127
"387",2003,"MEDWAY",5904,24084,29988,19.68787515006
"388",2003,"MIDDLESBROUGH",5878,20327,26205,22.4308338103415
"389",2003,"MILTON KEYNES",1632,17427,19059,8.56288367700299
"390",2003,"NORTH EAST LINCOLNSHIRE",2612,37733,40345,6.47416036683604
"391",2003,"NORTH LINCOLNSHIRE",3873,30319,34192,11.327211043519
"392",2003,"NORTH SOMERSET",962,29615,30577,3.14615560715571
"393",2003,"NOTTINGHAM",13427,45493,58920,22.7885268160217
"394",2003,"PETERBOROUGH",10558,12874,23432,45.0580402867873
"395",2003,"PLYMOUTH",6798,46103,52901,12.8504187066407
"396",2003,"POOLE",1970,15677,17647,11.1633705445685
"397",2003,"PORTSMOUTH",14622,20379,35001,41.7759492585926
"398",2003,"READING",6809,5705,12514,54.4110596132332
"399",2003,"REDCAR AND CLEVELAND",9180,13998,23178,39.606523427388
"400",2003,"RUTLAND",1477,4925,6402,23.0709153389566
"401",2003,"SLOUGH",4429,2885,7314,60.5550998085863
"402",2003,"SOUTH GLOUCESTERSHIRE",11421,13415,24836,45.985665968755
"403",2003,"SOUTHAMPTON",8755.57142857143,31507,40262.5714285714,21.7461804298924
"404",2003,"SOUTHEND ON SEA",3315,30595,33910,9.7758773223238
"405",2003,"STOCKTON ON TEES",3283,30499,33782,9.71819312059677
"406",2003,"STOKE ON TRENT",27945,24848,52793,52.933154016631
"407",2003,"SWINDON",8164,12064,20228,40.3598971722365
"408",2003,"TELFORD AND WREKIN",0,21386,21386,0
"409",2003,"THURROCK",3914,13765,17679,22.1392612704338
"410",2003,"TORBAY",2849,26931,29780,9.5668233713902
"411",2003,"WARRINGTON",3189,19076,22265,14.3229283629014
"412",2003,"WEST BERKSHIRE",4628,5408,10036,46.1139896373057
"413",2003,"WINDSOR AND MAIDENHEAD",2635,6695,9330,28.2422293676313
"414",2003,"WOKINGHAM",2922,6748,9670,30.2171664943123
"415",2003,"YORK",12098,11544,23642,51.1716436849674
"416",2003,"CAMDEN",8166,19033,27199,30.0231626162727
"417",2003,"GREENWICH",8021,17747,25768,31.1277553554797
"418",2003,"HACKNEY",0,20590,20590,0
"419",2003,"HAMMERSMITH AND FULHAM",2488,12110,14598,17.0434306069325
"420",2003,"ISLINGTON",3086,20208,23294,13.2480467073066
"421",2003,"KENSINGTON AND CHELSEA",5100,9702,14802,34.4548034049453
"422",2003,"LAMBETH",52,24350,24402,0.213097287107614
"423",2003,"LEWISHAM",0,23616,23616,0
"424",2003,"SOUTHWARK",0,24433,24433,0
"425",2003,"TOWER HAMLETS",716,21317,22033,3.24967094812327
"426",2003,"WANDSWORTH",0,27594,27594,0
"427",2003,"WESTMINSTER",5701,13470,19171,29.7376245370612
"428",2003,"BARKING AND DAGENHAM",9912,9521,19433,51.0060206864612
"429",2003,"BARNET",364,42692,43056,0.845410628019324
"430",2003,"BEXLEY",0,26433,26433,0
"431",2003,"BRENT",1950,17481,19431,10.035510267099
"432",2003,"BROMLEY",0,16170,16170,0
"433",2003,"CROYDON",12049,23515,35564,33.8797660555618
"434",2003,"EALING",7671,13421,21092,36.3692395220937
"435",2003,"ENFIELD",7237,19782,27019,26.7848551019653
"436",2003,"HARINGEY",5062,22499,27561,18.3665324189979
"437",2003,"HARROW",208,19316,19524,1.06535545994673
"438",2003,"HAVERING",6826,15689,22515,30.3175660670664
"439",2003,"HILLINGDON",0,21017,21017,0
"440",2003,"HOUNSLOW",8037,8963,17000,47.2764705882353
"441",2003,"KINGSTON UPON THAMES",5456,7798,13254,41.1649313414818
"442",2003,"MERTON",NA,18254,NA,NA
"443",2003,"NEWHAM",3265,24900.27,28165.27,11.5922907893303
"444",2003,"REDBRIDGE",1924,23279,25203,7.63401182398921
"445",2003,"RICHMOND UPON THAMES",0,18128,18128,0
"446",2003,"SUTTON",6335,15410,21745,29.1331340538055
"447",2003,"WALTHAM FOREST",8021,11452,19473,41.1903661479998
"448",2004,"BARNSLEY",6786,42302,49088,13.8241525423729
"449",2004,"BIRMINGHAM",46913,104510,151423,30.9814229014086
"450",2004,"BOLTON",10820.28,38396.58,49216.86,21.9849051727396
"451",2004,"BRADFORD",21034,67433,88467,23.7760973018188
"452",2004,"BURY",9204,24908,34112,26.9817073170732
"453",2004,"CALDERDALE",2858,25938,28796,9.92498958188637
"454",2004,"COVENTRY",10140,44533,54673,18.5466317926582
"455",2004,"DONCASTER",12215,37578,49793,24.5315606611371
"456",2004,"DUDLEY",11566,38722,50288,22.999522748966
"457",2004,"GATESHEAD",9048,26791,35839,25.2462401294679
"458",2004,"KIRKLEES",16375,45048,61423,26.6593946892858
"459",2004,"KNOWSLEY",0,25121.57,25121.57,0
"460",2004,"LEEDS",35812,59815,95627,37.449674255179
"461",2004,"LIVERPOOL",4562,93192,97754,4.66681670315281
"462",2004,"MANCHESTER",1378,78624,80002,1.72245693857654
"463",2004,"NEWCASTLE UPON TYNE",4242,50894,55136,7.69370284387696
"464",2004,"NORTH TYNESIDE",5304,36691,41995,12.6300750089296
"465",2004,"OLDHAM",3672,40493,44165,8.31427601041549
"466",2004,"ROCHDALE",4934,40504,45438,10.8587525859413
"467",2004,"ROTHERHAM",10634,37908,48542,21.906802356722
"468",2004,"SALFORD",8532,31687,40219,21.2138541485368
"469",2004,"SANDWELL",14248,31664,45912,31.033281059418
"470",2004,"SEFTON",5780,51088,56868,10.1638883027362
"471",2004,"SHEFFIELD",15295,80965,96260,15.8892582588822
"472",2004,"SOLIHULL",1208,19379,20587,5.86778063826687
"473",2004,"SOUTH TYNESIDE",8627,28977,37604,22.9417083289012
"474",2004,"ST HELENS",10060,14317,24377,41.268408745949
"475",2004,"STOCKPORT",0,49056.428571429,49056.428571429,0
"476",2004,"SUNDERLAND",10005,50912,60917,16.4239867360507
"477",2004,"TAMESIDE",NA,NA,NA,NA
"478",2004,"TRAFFORD",16718,18401,35119,47.6038611577778
"479",2004,"WAKEFIELD",14388,53121,67509,21.3127138603742
"480",2004,"WALSALL",13244,25641,38885,34.0594059405941
"481",2004,"WIGAN",1504,36481,37985,3.95945768066342
"482",2004,"WIRRAL",7554,44590,52144,14.4868057686407
"483",2004,"WOLVERHAMPTON",12808,31499,44307,28.9073961225089
"484",2004,"BEDFORDSHIRE",NA,NA,NA,NA
"485",2004,"BUCKINGHAMSHIRE",0,45768,45768,0
"486",2004,"CAMBRIDGESHIRE",2355,64533,66888,3.52081090778615
"487",2004,"CHESHIRE",10064,73749,83813,12.0076837722072
"488",2004,"CORNWALL",0,97344,97344,0
"489",2004,"CUMBRIA",41660,52573,94233,44.2095656510989
"490",2004,"DERBYSHIRE",43360,84936,128296,33.7968447964083
"491",2004,"DEVON",34123,114459,148582,22.9657697433067
"492",2004,"DORSET",14356,43791,58147,24.6891499131512
"493",2004,"DURHAM",22738,90136,112874,20.144585998547
"494",2004,"EAST SUSSEX",10482,87106,97588,10.7410747223019
"495",2004,"ESSEX",27136,166712,193848,13.9985968387603
"496",2004,"GLOUCESTERSHIRE",5013,77424,82437,6.08100731467666
"497",2004,"HAMPSHIRE",43826,91591,135417,32.3637357200352
"498",2004,"HERTFORDSHIRE",0,138988,138988,0
"499",2004,"ISLES OF SCILLY",513,390,903,56.8106312292359
"500",2004,"KENT",27346,210191,237537,11.512311766167
"501",2004,"LANCASHIRE",41496,203269,244765,16.9534042857435
"502",2004,"LEICESTERSHIRE",19992,66726,86718,23.0540372241057
"503",2004,"LINCOLNSHIRE",10987.2857,117529.571414285,128516.857114285,8.54929535837422
"504",2004,"NORFOLK",35541,120396,155937,22.7918967275246
"505",2004,"NORTH YORKSHIRE",36001,49062,85063,42.3227490213136
"506",2004,"NORTHAMPTONSHIRE",34422,67050,101472,33.9226584673605
"507",2004,"NORTHUMBERLAND",9152,63448,72600,12.6060606060606
"508",2004,"NOTTINGHAMSHIRE",31878,104739,136617,23.3338457146622
"509",2004,"OXFORDSHIRE",208,49114,49322,0.421718502899315
"510",2004,"SHROPSHIRE",2282,46874,49156,4.64236308894133
"511",2004,"SOMERSET",NA,75720,NA,NA
"512",2004,"STAFFORDSHIRE",35973,79328,115301,31.1992090268081
"513",2004,"SUFFOLK",30936,68069,99005,31.2469067218827
"514",2004,"SURREY",13000,110370,123370,10.5374077976818
"515",2004,"WARWICKSHIRE",12057,43480,55537,21.7098510902641
"516",2004,"WEST SUSSEX",27844,93944,121788,22.8626794101225
"517",2004,"WILTSHIRE",2482,44159,46641,5.32149825261036
"518",2004,"WORCESTERSHIRE",4457,61711,66168,6.7358844154274
"519",2004,"BATH AND NORTH EAST SOMERSET",7273,11444,18717,38.8577229256825
"520",2004,"BLACKBURN WITH DARWEN",9306,27692,36998,25.152710957349
"521",2004,"BLACKPOOL",4003,43352,47355,8.45317284341674
"522",2004,"BOURNEMOUTH",1248,36995,38243,3.26334231101117
"523",2004,"BRACKNELL FOREST",3762,4021,7783,48.3361171784659
"524",2004,"BRIGHTON AND HOVE",5188,38858,44046,11.7785951051174
"525",2004,"BRISTOL",30092,33685,63777,47.1831538015272
"526",2004,"DARLINGTON",746,18103,18849,3.95776964295188
"527",2004,"DERBY",13912,25144,39056,35.6206472757067
"528",2004,"EAST RIDING OF YORKSHIRE",3966,83693,87659,4.52435003821627
"529",2004,"HALTON",2985,17091,20076,14.8684997011357
"530",2004,"HARTLEPOOL",579,21622,22201,2.60799063105266
"531",2004,"HEREFORDSHIRE",6761,20025,26786,25.2407974314941
"532",2004,"ISLE OF WIGHT",2355,38109,40464,5.8199881376038
"533",2004,"KINGSTON UPON HULL",6911,76817,83728,8.25410854194535
"534",2004,"LEICESTER",13520,40508,54028,25.0240615976901
"535",2004,"LUTON",9393,10025,19418,48.3726439386137
"536",2004,"MEDWAY",6062,20688,26750,22.6616822429907
"537",2004,"MIDDLESBROUGH",5507,21421,26928,20.4508318478907
"538",2004,"MILTON KEYNES",1566,16665,18231,8.58976468652295
"539",2004,"NORTH EAST LINCOLNSHIRE",1411,40178,41589,3.3927240376061
"540",2004,"NORTH LINCOLNSHIRE",2239,34886,37125,6.03097643097643
"541",2004,"NORTH SOMERSET",936,NA,NA,NA
"542",2004,"NOTTINGHAM",11597,44244,55841,20.7678945577622
"543",2004,"PETERBOROUGH",10321,12314,22635,45.5975259553788
"544",2004,"PLYMOUTH",6644,48192,54836,12.1161280910351
"545",2004,"POOLE",1784,15688,17472,10.2106227106227
"546",2004,"PORTSMOUTH",14400,17809,32209,44.7080008693222
"547",2004,"READING",5626,6019,11645,48.3125805066552
"548",2004,"REDCAR AND CLEVELAND",8498,18022,26520,32.0437405731523
"549",2004,"RUTLAND",1302,4706,6008,21.6711051930759
"550",2004,"SLOUGH",4376,4059,8435,51.8790752815649
"551",2004,"SOUTH GLOUCESTERSHIRE",11780,13637,25417,46.346933154975
"552",2004,"SOUTHAMPTON",8111.85714285714,29883.4285714286,37995.2857142857,21.3496411208909
"553",2004,"SOUTHEND ON SEA",1922,40508,42430,4.5298138109828
"554",2004,"STOCKTON ON TEES",3037,31375,34412,8.8254097407881
"555",2004,"STOKE ON TRENT",26806,25151.15,51957.15,51.5925142160415
"556",2004,"SWINDON",7072,10920,17992,39.3063583815029
"557",2004,"TELFORD AND WREKIN",0,19274,19274,0
"558",2004,"THURROCK",3740,13162,16902,22.1275588687729
"559",2004,"TORBAY",2535,39620,42155,6.01352152769541
"560",2004,"WARRINGTON",3471,20942,24413,14.2178347601688
"561",2004,"WEST BERKSHIRE",4160,5096,9256,44.9438202247191
"562",2004,"WINDSOR AND MAIDENHEAD",3181,7726,10907,29.1647565783442
"563",2004,"WOKINGHAM",3477,5461,8938,38.9013202058626
"564",2004,"YORK",11269,10929,22198,50.7658347598883
"565",2004,"CAMDEN",3397,25290,28687,11.8416007250671
"566",2004,"GREENWICH",7616,19276,26892,28.3206901680797
"567",2004,"HACKNEY",938,21607,22545,4.16056775338212
"568",2004,"HAMMERSMITH AND FULHAM",1934,12149,14083,13.7328694170276
"569",2004,"ISLINGTON",2874,17232,20106,14.2942405252164
"570",2004,"KENSINGTON AND CHELSEA",4259,7978,12237,34.8042820952848
"571",2004,"LAMBETH",0,22802,22802,0
"572",2004,"LEWISHAM",0,22261,22261,0
"573",2004,"SOUTHWARK",0,24390,24390,0
"574",2004,"TOWER HAMLETS",0,19641,19641,0
"575",2004,"WANDSWORTH",0,26799,26799,0
"576",2004,"WESTMINSTER",5757,13145,18902,30.4570944873558
"577",2004,"BARKING AND DAGENHAM",8646,11284,19930,43.3818364274962
"578",2004,"BARNET",0,51318,51318,0
"579",2004,"BEXLEY",0,18321,18321,0
"580",2004,"BRENT",0,19712,19712,0
"581",2004,"BROMLEY",0,29599,29599,0
"582",2004,"CROYDON",11952,23985,35937,33.2582018532432
"583",2004,"EALING",5665,16656,22321,25.379687289996
"584",2004,"ENFIELD",6389,19362,25751,24.8106869636131
"585",2004,"HARINGEY",10110,16706,26816,37.7013723150358
"586",2004,"HARROW",208,18392,18600,1.11827956989247
"587",2004,"HAVERING",6714,19102,25816,26.0071273628757
"588",2004,"HILLINGDON",309,20337,20646,1.49665794827085
"589",2004,"HOUNSLOW",6832,9001,15833,43.1503821133076
"590",2004,"KINGSTON UPON THAMES",5058,7504,12562,40.2642891259354
"591",2004,"MERTON",0,14182,14182,0
"592",2004,"NEWHAM",3075,22772,25847,11.8969319456804
"593",2004,"REDBRIDGE",2017,24717,26734,7.5446996334256
"594",2004,"RICHMOND UPON THAMES",0,16700,16700,0
"595",2004,"SUTTON",5958,11243,17201,34.6375210743561
"596",2004,"WALTHAM FOREST",10712,12392,23104,46.3642659279778
"597",2005,"BARNSLEY",4784,44378,49162,9.73109312070298
"598",2005,"BIRMINGHAM",43237,93268,136505,31.6742976447749
"599",2005,"BOLTON",10505.57,37875.57,48381.14,21.7141844942058
"600",2005,"BRADFORD",7256,74132,81388,8.9153192116774
"601",2005,"BURY",8840,24076,32916,26.8562401263823
"602",2005,"CALDERDALE",2376,24931,27307,8.70106566081957
"603",2005,"COVENTRY",5128,38272,43400,11.815668202765
"604",2005,"DONCASTER",11268,37660,48928,23.0297580117724
"605",2005,"DUDLEY",11670,38150,49820,23.4243275792854
"606",2005,"GATESHEAD",6262,27202,33464,18.71264642601
"607",2005,"KIRKLEES",13214,47139,60353,21.8945205706427
"608",2005,"KNOWSLEY",0,24916,24916,0
"609",2005,"LEEDS",36670,63286,99956,36.6861419024371
"610",2005,"LIVERPOOL",5461,85477,90938,6.00519034946887
"611",2005,"MANCHESTER",1196,73398,74594,1.60334611362844
"612",2005,"NEWCASTLE UPON TYNE",4073,52647,56720,7.18088857545839
"613",2005,"NORTH TYNESIDE",4178,42737,46915,8.90546733454119
"614",2005,"OLDHAM",2766,38807,41573,6.65335674596493
"615",2005,"ROCHDALE",2794,39532,42326,6.60114350517412
"616",2005,"ROTHERHAM",10140,37752,47892,21.1726384364821
"617",2005,"SALFORD",2894,35182,38076,7.60058829709003
"618",2005,"SANDWELL",16618,31224,47842,34.7351699343673
"619",2005,"SEFTON",4154,51402,55556,7.47714018287854
"620",2005,"SHEFFIELD",12168,72791,84959,14.3222024741346
"621",2005,"SOLIHULL",1369,19372,20741,6.60045320862061
"622",2005,"SOUTH TYNESIDE",6562,31119,37681,17.4146121387437
"623",2005,"ST HELENS",10294,15188,25482,40.3971430813908
"624",2005,"STOCKPORT",0,44520,44520,0
"625",2005,"SUNDERLAND",9129,52100,61229,14.9096016593444
"626",2005,"TAMESIDE",0,35828,35828,0
"627",2005,"TRAFFORD",15223,17710,32933,46.2241520663165
"628",2005,"WAKEFIELD",15030,48375,63405,23.7047551454933
"629",2005,"WALSALL",13437,26201,39638,33.8992885614814
"630",2005,"WIGAN",1456,30846,32302,4.50746083833818
"631",2005,"WIRRAL",7769,47544,55313,14.0455227523367
"632",2005,"WOLVERHAMPTON",12264,29258,41522,29.5361495111026
"633",2005,"BEDFORDSHIRE",0,49764,49764,0
"634",2005,"BUCKINGHAMSHIRE",0,39680,39680,0
"635",2005,"CAMBRIDGESHIRE",0,66987,66987,0
"636",2005,"CHESHIRE",10281,71968,82249,12.4998480224684
"637",2005,"CORNWALL",0,83813,83813,0
"638",2005,"CUMBRIA",40795,52863,93658,43.5574110060006
"639",2005,"DERBYSHIRE",41529,85207,126736,32.7681163994445
"640",2005,"DEVON",26604,110212,136816,19.4450941410361
"641",2005,"DORSET",14575,43979,58554,24.8915530962872
"642",2005,"DURHAM",15558,92580,108138,14.3871719469567
"643",2005,"EAST SUSSEX",6511,80069,86580,7.52021252021252
"644",2005,"ESSEX",25271,170765,196036,12.8909996123161
"645",2005,"GLOUCESTERSHIRE",2134.86587926126,74535.1243243798,76669.990203641,2.78448695974905
"646",2005,"HAMPSHIRE",41260,91635,132895,31.0470672335302
"647",2005,"HERTFORDSHIRE",0,150624,150624,0
"648",2005,"ISLES OF SCILLY",427,442,869,49.1369390103567
"649",2005,"KENT",26593,203680,230273,11.5484663855511
"650",2005,"LANCASHIRE",32391,196745,229136,14.1361462188395
"651",2005,"LEICESTERSHIRE",14038,63711,77749,18.0555376918031
"652",2005,"LINCOLNSHIRE",6672,120766,127438,5.23548706037446
"653",2005,"NORFOLK",33999,125634,159633,21.2982278100393
"654",2005,"NORTH YORKSHIRE",31281,51314,82595,37.8727525879291
"655",2005,"NORTHAMPTONSHIRE",25233.3,74679.8,99913.1,25.2552468094774
"656",2005,"NORTHUMBERLAND",5746,59833,65579,8.76195123438906
"657",2005,"NOTTINGHAMSHIRE",29526,103744,133270,22.1550236362272
"658",2005,"OXFORDSHIRE",2300,46647,48947,4.69896009969967
"659",2005,"SHROPSHIRE",2698,46295,48993,5.50690915028678
"660",2005,"SOMERSET",277,77011,77288,0.358399751578512
"661",2005,"STAFFORDSHIRE",31366,76363,107729,29.1156513102322
"662",2005,"SUFFOLK",26867,71820,98687,27.224457122012
"663",2005,"SURREY",14357,112387,126744,11.3275579120116
"664",2005,"WARWICKSHIRE",15809,44528,60337,26.2011700946351
"665",2005,"WEST SUSSEX",30599,86646,117245,26.0983410806431
"666",2005,"WILTSHIRE",277,48918,49195,0.563065352169936
"667",2005,"WORCESTERSHIRE",3601,60410,64011,5.62559560075612
"668",2005,"BATH AND NORTH EAST SOMERSET",5955,12127,18082,32.933303838071
"669",2005,"BLACKBURN WITH DARWEN",8207,27166,35373,23.2013117349391
"670",2005,"BLACKPOOL",2946,40753,43699,6.74157303370786
"671",2005,"BOURNEMOUTH",1008,34830,35838,2.81265695630336
"672",2005,"BRACKNELL FOREST",2956,4687,7643,38.6759125997645
"673",2005,"BRIGHTON AND HOVE",4703,34850,39553,11.890374939954
"674",2005,"BRISTOL",28820,29936,58756,49.0503097555994
"675",2005,"DARLINGTON",0,21683,21683,0
"676",2005,"DERBY",13962,22243,36205,38.5637342908438
"677",2005,"EAST RIDING OF YORKSHIRE",2980,81309,84289,3.53545539750145
"678",2005,"HALTON",1921,17882,19803,9.70055042165328
"679",2005,"HARTLEPOOL",317,23647,23964,1.32281755967284
"680",2005,"HEREFORDSHIRE",2975,24247,27222,10.9286606421277
"681",2005,"ISLE OF WIGHT",2322,36894,39216,5.92105263157895
"682",2005,"KINGSTON UPON HULL",6152,75650,81802,7.52059851837363
"683",2005,"LEICESTER",12348,40464.15,52812.15,23.3809833532625
"684",2005,"LUTON",9186,11598,20784,44.1974595842956
"685",2005,"MEDWAY",5565,19205,24770,22.4666935809447
"686",2005,"MIDDLESBROUGH",3945,23013,26958,14.6338749165368
"687",2005,"MILTON KEYNES",1637,16714,18351,8.92049479592393
"688",2005,"NORTH EAST LINCOLNSHIRE",268,42600,42868,0.625174955677895
"689",2005,"NORTH LINCOLNSHIRE",2424,32103,34527,7.02059257972022
"690",2005,"NORTH SOMERSET",936,28065,29001,3.22747491465812
"691",2005,"NOTTINGHAM",11294,46700,57994,19.4744283891437
"692",2005,"PETERBOROUGH",10044,10842,20886,48.0896294168342
"693",2005,"PLYMOUTH",7331,40964,48295,15.1796252200021
"694",2005,"POOLE",1749,15580,17329,10.0929078423452
"695",2005,"PORTSMOUTH",13404,13681,27085,49.4886468525014
"696",2005,"READING",5240,5459,10699,48.9765398635386
"697",2005,"REDCAR AND CLEVELAND",7015,18068,25083,27.9671490651039
"698",2005,"RUTLAND",1560,3312,4872,32.0197044334975
"699",2005,"SLOUGH",4936.14285714286,6340.85714285714,11277,43.7717731412863
"700",2005,"SOUTH GLOUCESTERSHIRE",11994,15995,27989,42.8525492157633
"701",2005,"SOUTHAMPTON",8707.85714285714,24663.5714285714,33371.4285714285,26.09375
"702",2005,"SOUTHEND ON SEA",1853,35501,37354,4.96064678481555
"703",2005,"STOCKTON ON TEES",2860,32439,35299,8.10221252726706
"704",2005,"STOKE ON TRENT",24728,26754,51482,48.0323219766132
"705",2005,"SWINDON",7270,14445,21715,33.4791618696753
"706",2005,"TELFORD AND WREKIN",0,17044,17044,0
"707",2005,"THURROCK",4609,13353,17962,25.6597260884089
"708",2005,"TORBAY",2401,36161,38562,6.22633680825683
"709",2005,"WARRINGTON",2350,20985,23335,10.0707092350546
"710",2005,"WEST BERKSHIRE",4420,4888,9308,47.4860335195531
"711",2005,"WINDSOR AND MAIDENHEAD",2002,7228,9230,21.6901408450704
"712",2005,"WOKINGHAM",3578,5724,9302,38.4648462696194
"713",2005,"YORK",10552,10006,20558,51.3279501897072
"714",2005,"CAMDEN",7276,17678,24954,29.1576500761401
"715",2005,"GREENWICH",1661,25150,26811,6.19521838051546
"716",2005,"HACKNEY",778,20764,21542,3.61154953114845
"717",2005,"HAMMERSMITH AND FULHAM",1422,10741,12163,11.6911946065938
"718",2005,"ISLINGTON",1595,17686,19281,8.27239251076189
"719",2005,"KENSINGTON AND CHELSEA",5074,7545,12619,40.2092083366352
"720",2005,"LAMBETH",0,21952,21952,0
"721",2005,"LEWISHAM",0,21441,21441,0
"722",2005,"SOUTHWARK",0,25241,25241,0
"723",2005,"TOWER HAMLETS",0,18602,18602,0
"724",2005,"WANDSWORTH",0,27102,27102,0
"725",2005,"WESTMINSTER",5218,13509,18727,27.8635125754259
"726",2005,"BARKING AND DAGENHAM",4492,16899,21391,20.9994857650414
"727",2005,"BARNET",208,46085,46293,0.44931199101376
"728",2005,"BEXLEY",0,17066,17066,0
"729",2005,"BRENT",1919,12829,14748,13.0119338215351
"730",2005,"BROMLEY",0,25376,25376,0
"731",2005,"CROYDON",12053,22920,34973,34.4637291624968
"732",2005,"EALING",4912,17473,22385,21.9432655796292
"733",2005,"ENFIELD",6684,18854,25538,26.1727621583523
"734",2005,"HARINGEY",10184,14245,24429,41.6881575177044
"735",2005,"HARROW",208,17662,17870,1.16396194739787
"736",2005,"HAVERING",6106,16912,23018,26.5270657746112
"737",2005,"HILLINGDON",312,20095,20407,1.52888714656735
"738",2005,"HOUNSLOW",5596,11944,17540,31.9042189281642
"739",2005,"KINGSTON UPON THAMES",5506,7380,12886,42.7285426043768
"740",2005,"MERTON",0,15373,15373,0
"741",2005,"NEWHAM",3168,18066,21234,14.9194687764905
"742",2005,"REDBRIDGE",1877,21294,23171,8.10064304518579
"743",2005,"RICHMOND UPON THAMES",0,14942,14942,0
"744",2005,"SUTTON",5107,12581,17688,28.8726820443238
"745",2005,"WALTHAM FOREST",9839,10046,19885,49.4795071662057
"746",2006,"BARNSLEY",1578,50624,52202,3.02287268687023
"747",2006,"BIRMINGHAM",40065,83165,123230,32.5123752333036
"748",2006,"BOLTON",10702,35082,45784,23.3749781583086
"749",2006,"BRADFORD",17628,58685,76313,23.0996029510044
"750",2006,"BURY",7696,24570,32266,23.8517324738114
"751",2006,"CALDERDALE",2518,24069,26587,9.47079399706623
"752",2006,"COVENTRY",5921,36095,42016,14.092250571211
"753",2006,"DONCASTER",10802,34281.2,45083.2,23.9601447989495
"754",2006,"DUDLEY",11462,38074,49536,23.1387273901809
"755",2006,"GATESHEAD",4402,38690,43092,10.2153531978093
"756",2006,"KIRKLEES",10358,51348,61706,16.7860499789324
"757",2006,"KNOWSLEY",0,34718,34718,0
"758",2006,"LEEDS",34137,58746,92883,36.7526888666387
"759",2006,"LIVERPOOL",4170,79686,83856,4.97281053234116
"760",2006,"MANCHESTER",1560,71162,72722,2.14515552377547
"761",2006,"NEWCASTLE UPON TYNE",3822,48249,52071,7.33997810681569
"762",2006,"NORTH TYNESIDE",6270,40480,46750,13.4117647058824
"763",2006,"OLDHAM",5011,42753,47764,10.4911648940625
"764",2006,"ROCHDALE",3481,38307,41788,8.33014262467694
"765",2006,"ROTHERHAM",9802,37804,47606,20.589841616603
"766",2006,"SALFORD",2300,35267,37567,6.12239465488328
"767",2006,"SANDWELL",13208,31052,44260,29.8418436511523
"768",2006,"SEFTON",1828,50608,52436,3.48615455030895
"769",2006,"SHEFFIELD",11284,72386,83670,13.4863152862436
"770",2006,"SOLIHULL",1376,18229,19605,7.01861769956644
"771",2006,"SOUTH TYNESIDE",5251,31593,36844,14.2519813266746
"772",2006,"ST HELENS",6020,16392,22412,26.8606103872925
"773",2006,"STOCKPORT",3,42062,42065,0.00713181980268632
"774",2006,"SUNDERLAND",7907,53981,61888,12.7763055842813
"775",2006,"TAMESIDE",0,34015,34015,0
"776",2006,"TRAFFORD",12095,17100,29195,41.4283267682822
"777",2006,"WAKEFIELD",12101,48589,60690,19.9390344373043
"778",2006,"WALSALL",12055,26336,38391,31.4005886796385
"779",2006,"WIGAN",1424,39431,40855,3.48549749112716
"780",2006,"WIRRAL",6682,39416,46098,14.4952058657642
"781",2006,"WOLVERHAMPTON",10008,26967,36975,27.0669371196755
"782",2006,"BEDFORDSHIRE",0,49140,49140,0
"783",2006,"BUCKINGHAMSHIRE",0,40150,40150,0
"784",2006,"CAMBRIDGESHIRE",0,67741,67741,0
"785",2006,"CHESHIRE",10482,71693,82175,12.7557042896258
"786",2006,"CORNWALL",0,84878,84878,0
"787",2006,"CUMBRIA",37131,49221,86352,42.9995831017232
"788",2006,"DERBYSHIRE",39026,78514,117540,33.2023141058363
"789",2006,"DEVON",25491,111127,136618,18.6585954998609
"790",2006,"DORSET",14405,44353,58758,24.5158106130229
"791",2006,"DURHAM",14081,96882,110963,12.6898155240936
"792",2006,"EAST SUSSEX",10386,72337,82723,12.5551539475116
"793",2006,"ESSEX",5223,179568,184791,2.82643635241976
"794",2006,"GLOUCESTERSHIRE",2508.3,66883.4142857143,69391.7142857143,3.61469669083588
"795",2006,"HAMPSHIRE",33457,95290,128747,25.9866249310664
"796",2006,"HERTFORDSHIRE",0,130183,130183,0
"797",2006,"ISLES OF SCILLY",332,421,753,44.0903054448871
"798",2006,"KENT",26125,190466,216591,12.0619046959477
"799",2006,"LANCASHIRE",27319,191423,218742,12.4891424600671
"800",2006,"LEICESTERSHIRE",14545,68778,83323,17.456164564406
"801",2006,"LINCOLNSHIRE",5912,131250,137162,4.31023169682565
"802",2006,"NORFOLK",32302,133928,166230,19.4321121337905
"803",2006,"NORTH YORKSHIRE",35200,46155,81355,43.2671624362362
"804",2006,"NORTHAMPTONSHIRE",22946.14,79545.57,102491.71,22.3882887698917
"805",2006,"NORTHUMBERLAND",5611,58168,63779,8.7975665971558
"806",2006,"NOTTINGHAMSHIRE",28072,104682,132754,21.1458788435753
"807",2006,"OXFORDSHIRE",0,48863,48863,0
"808",2006,"SHROPSHIRE",2667,44959,47626,5.59988241716709
"809",2006,"SOMERSET",462,75090,75552,0.611499364675985
"810",2006,"STAFFORDSHIRE",38865,84750,123615,31.4403591797112
"811",2006,"SUFFOLK",26344,67829,94173,27.9740477631593
"812",2006,"SURREY",12428,86320,98748,12.5855713533439
"813",2006,"WARWICKSHIRE",15792,40388,56180,28.1096475614098
"814",2006,"WEST SUSSEX",2456,92097,94553,2.59748500840798
"815",2006,"WILTSHIRE",146,53895,54041,0.270165244906645
"816",2006,"WORCESTERSHIRE",4874,57329,62203,7.83563493722168
"817",2006,"BATH AND NORTH EAST SOMERSET",6478,10842,17320,37.4018475750577
"818",2006,"BLACKBURN WITH DARWEN",7990,25808,33798,23.6404520977573
"819",2006,"BLACKPOOL",3016,37889,40905,7.37318176262071
"820",2006,"BOURNEMOUTH",415,35447,35862,1.15721376387262
"821",2006,"BRACKNELL FOREST",3254,4575,7829,41.563418061055
"822",2006,"BRIGHTON AND HOVE",4750,32333,37083,12.8091039020575
"823",2006,"BRISTOL",25302,28572,53874,46.9651408842856
"824",2006,"DARLINGTON",0,23111,23111,0
"825",2006,"DERBY",14587,19645,34232,42.6121757419958
"826",2006,"EAST RIDING OF YORKSHIRE",2858,80323,83181,3.43588079008427
"827",2006,"HALTON",1088,16683,17771,6.12233413989083
"828",2006,"HARTLEPOOL",0,22057,22057,0
"829",2006,"HEREFORDSHIRE",510,26785,27295,1.86847407950174
"830",2006,"ISLE OF WIGHT",2288,34268,36556,6.25889046941678
"831",2006,"KINGSTON UPON HULL",5636,72601,78237,7.20375270012909
"832",2006,"LEICESTER",11746,40821,52567,22.3448170905701
"833",2006,"LUTON",9237,11876,21113,43.750296026145
"834",2006,"MEDWAY",5650,18059,23709,23.8306128474419
"835",2006,"MIDDLESBROUGH",2002,24711,26713,7.49447834387751
"836",2006,"MILTON KEYNES",1575,15909,17484,9.00823610157859
"837",2006,"NORTH EAST LINCOLNSHIRE",1614.13,40606.3,42220.43,3.82310175429289
"838",2006,"NORTH LINCOLNSHIRE",2641,31820,34461,7.66373581730072
"839",2006,"NORTH SOMERSET",938,28865,29803,3.1473341609905
"840",2006,"NOTTINGHAM",10403,45544,55947,18.5943839705436
"841",2006,"PETERBOROUGH",9785,10359,20144,48.575258141382
"842",2006,"PLYMOUTH",7493,42401,49894,15.0178378161703
"843",2006,"POOLE",1425,14904,16329,8.72680507073305
"844",2006,"PORTSMOUTH",12605,12706,25311,49.8004820038718
"845",2006,"READING",4813,5431,10244,46.983600156189
"846",2006,"REDCAR AND CLEVELAND",5321,18623,23944,22.2226862679586
"847",2006,"RUTLAND",1404,3523,4927,28.4960422163588
"848",2006,"SLOUGH",4629.85714285714,6225.28571428572,10855.1428571429,42.6512778669755
"849",2006,"SOUTH GLOUCESTERSHIRE",12049,15813,27862,43.2452803100998
"850",2006,"SOUTHAMPTON",9956,22715,32671,30.473508616204
"851",2006,"SOUTHEND ON SEA",2166,37873,40039,5.40972551762032
"852",2006,"STOCKTON ON TEES",2630,34685,37315,7.04810397963286
"853",2006,"STOKE ON TRENT",22130,22734,44864,49.3268544935806
"854",2006,"SWINDON",5616,10219,15835,35.4657404483739
"855",2006,"TELFORD AND WREKIN",14.43,16531.57,16546,0.0872114106128369
"856",2006,"THURROCK",NA,NA,NA,NA
"857",2006,"TORBAY",2386,35064,37450,6.37116154873164
"858",2006,"WARRINGTON",2929,20297,23226,12.6108671316628
"859",2006,"WEST BERKSHIRE",4524,5200,9724,46.524064171123
"860",2006,"WINDSOR AND MAIDENHEAD",1037,7716,8753,11.8473666171598
"861",2006,"WOKINGHAM",4165,5109,9274,44.9105024800518
"862",2006,"YORK",10304,9328,19632,52.4857375713121
"863",2006,"CAMDEN",8164,16720,24884,32.8082301880727
"864",2006,"GREENWICH",52,23446,23498,0.221295429398247
"865",2006,"HACKNEY",1043,20179,21222,4.91471114880784
"866",2006,"HAMMERSMITH AND FULHAM",0,9532,9532,0
"867",2006,"ISLINGTON",515,16428,16943,3.0396033760255
"868",2006,"KENSINGTON AND CHELSEA",5240,6846,12086,43.3559490319378
"869",2006,"LAMBETH",0,21424,21424,0
"870",2006,"LEWISHAM",0,25609,25609,0
"871",2006,"SOUTHWARK",0,24037,24037,0
"872",2006,"TOWER HAMLETS",0,17369,17369,0
"873",2006,"WANDSWORTH",416,21144,21560,1.92949907235622
"874",2006,"WESTMINSTER",3901,13300,17201,22.6789140166269
"875",2006,"BARKING AND DAGENHAM",4640,12643,17283,26.8471908812128
"876",2006,"BARNET",156,43260,43416,0.359314538419016
"877",2006,"BEXLEY",0,21850,21850,0
"878",2006,"BRENT",1853,16270.57,18123.57,10.2242549343203
"879",2006,"BROMLEY",0,24010.29,24010.29,0
"880",2006,"CROYDON",9299,18639,27938,33.2844154914453
"881",2006,"EALING",0,19209,19209,0
"882",2006,"ENFIELD",5540,19090,24630,22.4928948436866
"883",2006,"HARINGEY",8853,13111,21964,40.3068657803679
"884",2006,"HARROW",208,15297,15505,1.34150274105127
"885",2006,"HAVERING",6177,17828,24005,25.7321391376796
"886",2006,"HILLINGDON",377.86,20950.6999999999,21328.5599999999,1.77161514888957
"887",2006,"HOUNSLOW",5918,9674,15592,37.955361723961
"888",2006,"KINGSTON UPON THAMES",5659,6465,12124,46.6760145166612
"889",2006,"MERTON",120,16655,16775,0.715350223546945
"890",2006,"NEWHAM",2512,16412,18924,13.2741492284929
"891",2006,"REDBRIDGE",1689,20692,22381,7.54657968812832
"892",2006,"RICHMOND UPON THAMES",0,14457,14457,0
"893",2006,"SUTTON",4635,13272,17907,25.8837326185291
"894",2006,"WALTHAM FOREST",14220.9,12331.4,26552.3,53.5580721820709
"895",2007,"BARNSLEY",2083,45102,47185,4.41453851859701
"896",2007,"BIRMINGHAM",39448,77914,117362,33.612242463489
"897",2007,"BOLTON",9297,34478.82,43775.82,21.2377517999663
"898",2007,"BRADFORD",18345,55500,73845,24.8425756652448
"899",2007,"BURY",7780,24452,32232,24.1375031025068
"900",2007,"CALDERDALE",2490,25244,27734,8.97814956371241
"901",2007,"COVENTRY",5331,34335,39666,13.4397216759946
"902",2007,"DONCASTER",11060,36157,47217,23.4237668636296
"903",2007,"DUDLEY",10378,36409,46787,22.181375168316
"904",2007,"GATESHEAD",3449,34414,37863,9.1091566965111
"905",2007,"KIRKLEES",8412,47237,55649,15.1161745943323
"906",2007,"KNOWSLEY",0,22175,22175,0
"907",2007,"LEEDS",33767,59691,93458,36.130668321599
"908",2007,"LIVERPOOL",4014,90445,94459,4.24946272986163
"909",2007,"MANCHESTER",1300,67002,68302,1.90331176246669
"910",2007,"NEWCASTLE UPON TYNE",3453,45216,48669,7.09486531467669
"911",2007,"NORTH TYNESIDE",1950,37310,39260,4.96688741721854
"912",2007,"OLDHAM",3588,39479,43067,8.3312048668354
"913",2007,"ROCHDALE",3629,37709,41338,8.77884754947022
"914",2007,"ROTHERHAM",8632,36166,44798,19.2687173534533
"915",2007,"SALFORD",3403,33916,37319,9.11867949301964
"916",2007,"SANDWELL",11410,31805,43215,26.4028693740599
"917",2007,"SEFTON",1567,48705,50272,3.11704328453215
"918",2007,"SHEFFIELD",8611,74006,82617,10.4227943401479
"919",2007,"SOLIHULL",1349,17612,18961,7.11460366014451
"920",2007,"SOUTH TYNESIDE",6026,28431,34457,17.4884638825202
"921",2007,"ST HELENS",5929,18033,23962,24.7433436274101
"922",2007,"STOCKPORT",0,42973,42973,0
"923",2007,"SUNDERLAND",5288,52448,57736,9.15893030345019
"924",2007,"TAMESIDE",0,35080,35080,0
"925",2007,"TRAFFORD",9066,18739,27805,32.6056464664629
"926",2007,"WAKEFIELD",9190,50005,59195,15.5249598783681
"927",2007,"WALSALL",12100,24298,36398,33.2435848123523
"928",2007,"WIGAN",1387,39835,41222,3.36470816554267
"929",2007,"WIRRAL",6253,39898,46151,13.5490021884683
"930",2007,"WOLVERHAMPTON",9459,26315,35774,26.4409906636104
"931",2007,"BEDFORDSHIRE",0,48152,48152,0
"932",2007,"BUCKINGHAMSHIRE",0,36079,36079,0
"933",2007,"CAMBRIDGESHIRE",0,63545,63545,0
"934",2007,"CHESHIRE",10799,67697,78496,13.7573889115369
"935",2007,"CORNWALL",0,82681,82681,0
"936",2007,"CUMBRIA",35653,47679,83332,42.7842845485528
"937",2007,"DERBYSHIRE",38415,72171,110586,34.7376702295046
"938",2007,"DEVON",24820,109092,133912,18.5345600095585
"939",2007,"DORSET",14769,43353,58122,25.4103437596779
"940",2007,"DURHAM",13980,96423,110403,12.6626993831689
"941",2007,"EAST SUSSEX",11192,75543,86735,12.9036721046867
"942",2007,"ESSEX",661,180585,181246,0.36469770367346
"943",2007,"GLOUCESTERSHIRE",2934.14285714286,64690.8571428571,67625,4.33884341167151
"944",2007,"HAMPSHIRE",40404,86209,126613,31.9114150995553
"945",2007,"HERTFORDSHIRE",0,127522,127522,0
"946",2007,"ISLES OF SCILLY",292,67,359,81.3370473537605
"947",2007,"KENT",22338,183706,206044,10.8413736871736
"948",2007,"LANCASHIRE",25363,183225,208588,12.1593763783151
"949",2007,"LEICESTERSHIRE",14685,65918,80603,18.2189248539136
"950",2007,"LINCOLNSHIRE",4593,126258,130851,3.51009927321916
"951",2007,"NORFOLK",37478,139137,176615,21.2201681623871
"952",2007,"NORTH YORKSHIRE",30873,47528,78401,39.3783242560682
"953",2007,"NORTHAMPTONSHIRE",21803,78772,100575,21.67834949043
"954",2007,"NORTHUMBERLAND",4067,56988,61055,6.66120710834494
"955",2007,"NOTTINGHAMSHIRE",24619,110106,134725,18.2735201336055
"956",2007,"OXFORDSHIRE",0,45093,45093,0
"957",2007,"SHROPSHIRE",2771,44006,46777,5.9238514654638
"958",2007,"SOMERSET",374,72378,72752,0.514075214427095
"959",2007,"STAFFORDSHIRE",26248,67823,94071,27.9023290918562
"960",2007,"SUFFOLK",25898,63932,89830,28.8300122453523
"961",2007,"SURREY",12390,82462,94852,13.0624551933539
"962",2007,"WARWICKSHIRE",15447,39673,55120,28.0243105950653
"963",2007,"WEST SUSSEX",2625,87463,90088,2.91381760056833
"964",2007,"WILTSHIRE",104,49894,49998,0.208008320332813
"965",2007,"WORCESTERSHIRE",4062,58157,62219,6.52855237146209
"966",2007,"BATH AND NORTH EAST SOMERSET",5003,10276,15279,32.7442895477453
"967",2007,"BLACKBURN WITH DARWEN",7008,26350,33358,21.0084537442293
"968",2007,"BLACKPOOL",4436,36103,40539,10.942549150201
"969",2007,"BOURNEMOUTH",388,32612,33000,1.17575757575758
"970",2007,"BRACKNELL FOREST",2909,5129,8038,36.1905946752924
"971",2007,"BRIGHTON AND HOVE",4414,29934,34348,12.8508210085012
"972",2007,"BRISTOL",22874,27527,50401,45.3840201583302
"973",2007,"DARLINGTON",0,23277,23277,0
"974",2007,"DERBY",13791,18683,32474,42.4678204101743
"975",2007,"EAST RIDING OF YORKSHIRE",2889,77771,80660,3.58170096702207
"976",2007,"HALTON",1280,13831,15111,8.47065051948911
"977",2007,"HARTLEPOOL",0,20430,20430,0
"978",2007,"HEREFORDSHIRE",213,25753,25966,0.820303473773396
"979",2007,"ISLE OF WIGHT",2239,35073.5,37312.5,6.00067001675042
"980",2007,"KINGSTON UPON HULL",5651,69226,74877,7.54704381852905
"981",2007,"LEICESTER",11479,37572,49051,23.4021732482518
"982",2007,"LUTON",7999.43,11821.28,19820.71,40.3589477874405
"983",2007,"MEDWAY",5120,15384.1428571429,20504.1428571429,24.970563440141
"984",2007,"MIDDLESBROUGH",1348,24957,26305,5.12450104542863
"985",2007,"MILTON KEYNES",1527,15603,17130,8.91418563922942
"986",2007,"NORTH EAST LINCOLNSHIRE",1692.14,41097.29,42789.43,3.954574762973
"987",2007,"NORTH LINCOLNSHIRE",2630,35244,37874,6.94407773142525
"988",2007,"NORTH SOMERSET",938,28813,29751,3.15283519881685
"989",2007,"NOTTINGHAM",7723,43518,51241,15.0719150680119
"990",2007,"PETERBOROUGH",9197,10522,19719,46.6402961610629
"991",2007,"PLYMOUTH",6316,40170,46486,13.5868863743923
"992",2007,"POOLE",0,16266.5714285714,16266.5714285714,0
"993",2007,"PORTSMOUTH",11783,12308,24091,48.9103814702586
"994",2007,"READING",4550,5793,10343,43.9911050952335
"995",2007,"REDCAR AND CLEVELAND",4958,19148,24106,20.5674935700655
"996",2007,"RUTLAND",0,3315,3315,0
"997",2007,"SLOUGH",4629.85714285714,5953.4285714286,10583.2857142857,43.7468785011405
"998",2007,"SOUTH GLOUCESTERSHIRE",12893,12769,25662,50.2416023692619
"999",2007,"SOUTHAMPTON",8546.42857142857,21188,29734.4285714286,28.7425351084121
"1000",2007,"SOUTHEND ON SEA",2526,33714,36240,6.97019867549669
"1001",2007,"STOCKTON ON TEES",2474,34927,37401,6.61479639581829
"1002",2007,"STOKE ON TRENT",21114,22445,43559,48.4721871484653
"1003",2007,"SWINDON",5630,10899,16529,34.0613467239397
"1004",2007,"TELFORD AND WREKIN",52,15459,15511,0.335245954483915
"1005",2007,"THURROCK",2604,15187,17791,14.6366140183239
"1006",2007,"TORBAY",1355,33651.91,35006.91,3.87066439168724
"1007",2007,"WARRINGTON",3072,19884,22956,13.3821223209618
"1008",2007,"WEST BERKSHIRE",4524,4836,9360,48.3333333333333
"1009",2007,"WINDSOR AND MAIDENHEAD",39,7511,7550,0.516556291390729
"1010",2007,"WOKINGHAM",2622,5755,8377,31.2999880625522
"1011",2007,"YORK",10007,8811,18818,53.1778084812414
"1012",2007,"CAMDEN",7486,13090,20576,36.3821928460342
"1013",2007,"GREENWICH",0,23102,23102,0
"1014",2007,"HACKNEY",1599,20422,22021,7.26125062440398
"1015",2007,"HAMMERSMITH AND FULHAM",0,8182,8182,0
"1016",2007,"ISLINGTON",0,14308.71,14308.71,0
"1017",2007,"KENSINGTON AND CHELSEA",3973,7377,11350,35.0044052863436
"1018",2007,"LAMBETH",0,20878,20878,0
"1019",2007,"LEWISHAM",0,18439,18439,0
"1020",2007,"SOUTHWARK",0,21749,21749,0
"1021",2007,"TOWER HAMLETS",0,17728,17728,0
"1022",2007,"WANDSWORTH",364,19449,19813,1.83717761065967
"1023",2007,"WESTMINSTER",3606,13319,16925,21.3057607090103
"1024",2007,"BARKING AND DAGENHAM",4698,26270,30968,15.1704985791785
"1025",2007,"BARNET",164,39416.2,39580.2,0.414348588435632
"1026",2007,"BEXLEY",0,22020,22020,0
"1027",2007,"BRENT",1831,15036,16867,10.8555166893935
"1028",2007,"BROMLEY",0,24908,24908,0
"1029",2007,"CROYDON",7704,18472,26176,29.4315403422983
"1030",2007,"EALING",4782,15109,19891,24.0410235785028
"1031",2007,"ENFIELD",5128,19616,24744,20.7242159715487
"1032",2007,"HARINGEY",5905,15545,21450,27.5291375291375
"1033",2007,"HARROW",0,15424,15424,0
"1034",2007,"HAVERING",4733,18059,22792,20.7660582660583
"1035",2007,"HILLINGDON",260,21116.41,21376.41,1.21629403627644
"1036",2007,"HOUNSLOW",5375,10707,16082,33.4224598930481
"1037",2007,"KINGSTON UPON THAMES",5291,6696,11987,44.1394844414783
"1038",2007,"MERTON",0,13875,13875,0
"1039",2007,"NEWHAM",2812,17195,20007,14.0550807217474
"1040",2007,"REDBRIDGE",188,19237,19425,0.967824967824968
"1041",2007,"RICHMOND UPON THAMES",0,13876.4,13876.4,0
"1042",2007,"SUTTON",3706,12760,16466,22.5069840884246
"1043",2007,"WALTHAM FOREST",6339,10187,16526,38.3577393198596
"1044",2008,"GATESHEAD",3831,32487,36318,10.5484883528829
"1045",2008,"NEWCASTLE UPON TYNE",2922,41961,44883,6.51026000935766
"1046",2008,"NORTH TYNESIDE",1963,35149,37112,5.2893942660056
"1047",2008,"SOUTH TYNESIDE",5120,27890,33010,15.5104513783702
"1048",2008,"SUNDERLAND",5981,47492,53473,11.185084061115
"1049",2008,"BARNSLEY",1618,39449,41067,3.93990308520223
"1050",2008,"DONCASTER",11780,29388,41168,28.6144578313253
"1051",2008,"ROTHERHAM",8658,33777,42435,20.4029692470838
"1052",2008,"SHEFFIELD",3905,82695,86600,4.50923787528868
"1053",2008,"BRADFORD",17022,54125,71147,23.9251127946365
"1054",2008,"CALDERDALE",2523,24307,26830,9.40365262765561
"1055",2008,"KIRKLEES",6505.86,45872.44,52378.3,12.4209071313884
"1056",2008,"LEEDS",35094,60685,95779,36.6405997139248
"1057",2008,"WAKEFIELD",5090,48152,53242,9.56012170842568
"1058",2008,"BOLTON",5864,30610,36474,16.0772056807589
"1059",2008,"BURY",5844,17417,23261,25.1235974377714
"1060",2008,"MANCHESTER",468,63882,64350,0.727272727272727
"1061",2008,"OLDHAM",10527,41324,51851,20.3024049680816
"1062",2008,"ROCHDALE",2636,37291,39927,6.60204873894858
"1063",2008,"SALFORD",2269,34273,36542,6.20929341579552
"1064",2008,"STOCKPORT",0,43690,43690,0
"1065",2008,"TAMESIDE",0,34745,34745,0
"1066",2008,"TRAFFORD",6015,19860,25875,23.2463768115942
"1067",2008,"WIGAN",1351,40645,41996,3.21697304505191
"1068",2008,"KNOWSLEY",0,22880,22880,0
"1069",2008,"LIVERPOOL",3629,73409,77038,4.71066227056777
"1070",2008,"SEFTON",0,47958,47958,0
"1071",2008,"ST HELENS",4368,16368,20736,21.0648148148148
"1072",2008,"WIRRAL",5137,31299,36436,14.0986935997365
"1073",2008,"BIRMINGHAM",37658,76076,113734,33.1105913798864
"1074",2008,"COVENTRY",5551,33654,39205,14.1589083025124
"1075",2008,"DUDLEY",9582,38042,47624,20.1201075088191
"1076",2008,"SANDWELL",10878,30394,41272,26.3568521031208
"1077",2008,"SOLIHULL",1619,17472,19091,8.48043580744854
"1078",2008,"WALSALL",10920,24660,35580,30.6913996627319
"1079",2008,"WOLVERHAMPTON",8801,26513,35314,24.9221272016764
"1080",2008,"CUMBRIA",33594.9432,45837.3552,79432.2984,42.2938072757567
"1081",2008,"NORTHUMBERLAND",3232,57065,60297,5.36013400335008
"1082",2008,"DURHAM",13980,97934,111914,12.491734724878
"1083",2008,"NORTH YORKSHIRE",27690,52548,80238,34.5098332460929
"1084",2008,"CHESHIRE",10968,64910,75878,14.4547826774559
"1085",2008,"LANCASHIRE",25371,176712,202083,12.5547423583379
"1086",2008,"WARWICKSHIRE",15483,39948,55431,27.9320235969043
"1087",2008,"STAFFORDSHIRE",17607,72191,89798,19.6073409207332
"1088",2008,"WORCESTERSHIRE",3641,53053,56694,6.42219635234769
"1089",2008,"SHROPSHIRE",1402,41634,43036,3.25773770796542
"1090",2008,"LINCOLNSHIRE",7050,124651,131701,5.35303452517445
"1091",2008,"NORTHAMPTONSHIRE",20167,77627,97794,20.6219195451664
"1092",2008,"DERBYSHIRE",35228,67721,102949,34.2188850790197
"1093",2008,"LEICESTERSHIRE",14856,65451,80307,18.4990100489372
"1094",2008,"NOTTINGHAMSHIRE",26805,94415.5714285712,121220.571428571,22.1125834370404
"1095",2008,"HERTFORDSHIRE",0,133951,133951,0
"1096",2008,"NORFOLK",36129,130698,166827,21.6565663831394
"1097",2008,"OXFORDSHIRE",0,44190,44190,0
"1098",2008,"SUFFOLK",23995,57610,81605,29.4038355492923
"1099",2008,"BEDFORDSHIRE",0,47060,47060,0
"1100",2008,"BUCKINGHAMSHIRE",0,34177.57,34177.57,0
"1101",2008,"ESSEX",197,173695,173892,0.11328870793366
"1102",2008,"CAMBRIDGESHIRE",0,62285,62285,0
"1103",2008,"SURREY",11523,84688.6,96211.6,11.9767262991157
"1104",2008,"WEST SUSSEX",2333,84860,87193,2.6756735059007
"1105",2008,"DORSET",15604,39861,55465,28.1330568827188
"1106",2008,"HAMPSHIRE",37146,85737,122883,30.2287541808061
"1107",2008,"EAST SUSSEX",11400,78134,89534,12.732593204816
"1108",2008,"WILTSHIRE",379,45832,46211,0.82015104628768
"1109",2008,"KENT",20286,179043,199329,10.1771443191909
"1110",2008,"CORNWALL",0,82451,82451,0
"1111",2008,"GLOUCESTERSHIRE",2860,61273,64133,4.45948263764365
"1112",2008,"SOMERSET",485,69464,69949,0.693362306823543
"1113",2008,"ISLES OF SCILLY",341,78,419,81.3842482100239
"1114",2008,"DEVON",27626,109738,137364,20.1115284936373
"1115",2008,"HARTLEPOOL",0,19854,19854,0
"1116",2008,"MIDDLESBROUGH",755,24577,25332,2.98042002210643
"1117",2008,"REDCAR AND CLEVELAND",4627,20314,24941,18.5517822060062
"1118",2008,"STOCKTON ON TEES",2191,31635,33826,6.47726600839591
"1119",2008,"DARLINGTON",0,23466,23466,0
"1120",2008,"EAST RIDING OF YORKSHIRE",2920,73781,76701,3.80699078238876
"1121",2008,"KINGSTON UPON HULL",4661,68353,73014,6.38370723422905
"1122",2008,"NORTH EAST LINCOLNSHIRE",1675,41542,43217,3.87578961982553
"1123",2008,"NORTH LINCOLNSHIRE",2407,33509,35916,6.70174852433456
"1124",2008,"YORK",10067,8025,18092,55.6433782887464
"1125",2008,"HALTON",1945,13450,15395,12.6339720688535
"1126",2008,"WARRINGTON",2778,19005,21783,12.7530643162099
"1127",2008,"BLACKBURN WITH DARWEN",6265,24421,30686,20.4164765691195
"1128",2008,"BLACKPOOL",3317,35029,38346,8.65018515620925
"1129",2008,"STOKE ON TRENT",16544,22369.05,38913.05,42.5153001371005
"1130",2008,"HEREFORDSHIRE",93,24035,24128,0.385444297082228
"1131",2008,"TELFORD AND WREKIN",52,15640,15692,0.331379046647974
"1132",2008,"DERBY",14299,18072,32371,44.1722529424485
"1133",2008,"LEICESTER",10875,35783,46658,23.3079000385786
"1134",2008,"RUTLAND",0,5566,5566,0
"1135",2008,"NOTTINGHAM",7470,38236,45706,16.3435872751936
"1136",2008,"LUTON",5886.42857142857,12549.7142857143,18436.1428571429,31.9287424546504
"1137",2008,"MILTON KEYNES",1449,15631,17080,8.48360655737705
"1138",2008,"BRACKNELL FOREST",2864,5318,8182,35.003666585187
"1139",2008,"WEST BERKSHIRE",4435,5273,9708,45.6839719818706
"1140",2008,"READING",3788,5482,9270,40.8629989212513
"1141",2008,"SLOUGH",4727,4182,8909,53.05870468066
"1142",2008,"WINDSOR AND MAIDENHEAD",0,7870,7870,0
"1143",2008,"WOKINGHAM",2719,5033,7752,35.0748194014448
"1144",2008,"SOUTHEND ON SEA",2233,32331,34564,6.46047911121398
"1145",2008,"THURROCK",1797,13784,15581,11.5332777100314
"1146",2008,"PETERBOROUGH",9594,11119,20713,46.3187370250567
"1147",2008,"ISLE OF WIGHT",2149,34151,36300,5.92011019283747
"1148",2008,"BOURNEMOUTH",545,31492,32037,1.70115803602085
"1149",2008,"POOLE",0,15968,15968,0
"1150",2008,"PORTSMOUTH",8740,12937,21677,40.3192323661023
"1151",2008,"SOUTHAMPTON",8589,19766,28355,30.290953976371
"1152",2008,"BRIGHTON AND HOVE",4390,29847,34237,12.8223851388848
"1153",2008,"SWINDON",6479,9826,16305,39.736277215578
"1154",2008,"MEDWAY",5251,19017,24268,21.6375473875062
"1155",2008,"BATH AND NORTH EAST SOMERSET",3433.43,10845.57,14279,24.0453112963093
"1156",2008,"BRISTOL",22136,25371,47507,46.5952385964174
"1157",2008,"NORTH SOMERSET",815,29637,30452,2.67634309733351
"1158",2008,"SOUTH GLOUCESTERSHIRE",11398,12822,24220,47.0602807597027
"1159",2008,"PLYMOUTH",5389,35388,40777,13.2157834073129
"1160",2008,"TORBAY",942,32002,32944,2.85939776590578
"1161",2008,"CAMDEN",8883,12817,21700,40.9354838709677
"1162",2008,"GREENWICH",0,22883,22883,0
"1163",2008,"HACKNEY",208,20779,20987,0.991089722208987
"1164",2008,"HAMMERSMITH AND FULHAM",0,7031,7031,0
"1165",2008,"ISLINGTON",0,13610,13610,0
"1166",2008,"KENSINGTON AND CHELSEA",2395,7474,9869,24.2679096159692
"1167",2008,"LAMBETH",0,20034,20034,0
"1168",2008,"LEWISHAM",0,23191,23191,0
"1169",2008,"SOUTHWARK",0,21991,21991,0
"1170",2008,"TOWER HAMLETS",0,16326,16326,0
"1171",2008,"WANDSWORTH",233,20307,20540,1.13437195715677
"1172",2008,"WESTMINSTER",3850,13115,16965,22.693781314471
"1173",2008,"BARKING AND DAGENHAM",1231,13054,14285,8.61743087154358
"1174",2008,"BARNET",0,34883,34883,0
"1175",2008,"BEXLEY",0,18974,18974,0
"1176",2008,"BRENT",1831,20337,22168,8.2596535546734
"1177",2008,"BROMLEY",0,21580,21580,0
"1178",2008,"CROYDON",7727,15747,23474,32.9172701712533
"1179",2008,"EALING",0,19486,19486,0
"1180",2008,"ENFIELD",5746,20917,26663,21.5504631886884
"1181",2008,"HARINGEY",4262,14965,19227,22.1667446819577
"1182",2008,"HARROW",416,14456,14872,2.7972027972028
"1183",2008,"HAVERING",3437,18484,21921,15.6790292413667
"1184",2008,"HILLINGDON",312,18609.86,18921.86,1.64888652595464
"1185",2008,"HOUNSLOW",4886,9144,14030,34.8253741981468
"1186",2008,"KINGSTON UPON THAMES",4907,6553,11460,42.8184991273996
"1187",2008,"MERTON",58,14720,14778,0.392475301123291
"1188",2008,"NEWHAM",2707,14875,17582,15.3964281651689
"1189",2008,"REDBRIDGE",1491,18812,20303,7.34374230409299
"1190",2008,"RICHMOND UPON THAMES",0,13371.9,13371.9,0
"1191",2008,"SUTTON",2710,12221,14931,18.1501573906637
"1192",2008,"WALTHAM FOREST",10732,11011,21743,49.358414202272
"1193",2009,"BARKING AND DAGENHAM",935,16095,17030,5.49031121550205
"1194",2009,"BARNET",0,32505,32505,0
"1195",2009,"BARNSLEY",1920,43325,45245,4.2435628246215
"1196",2009,"BATH AND NORTH EAST SOMERSET",3180,11200,14380,22.1140472878999
"1197",2009,"BEDFORDSHIRE",0,47530,47530,0
"1198",2009,"BEXLEY",0,18700,18700,0
"1199",2009,"BIRMINGHAM",34585,77560,112145,30.8395380979981
"1200",2009,"BLACKBURN WITH DARWEN",5600,23655,29255,19.142027003931
"1201",2009,"BLACKPOOL",1975,36005,37980,5.20010531858873
"1202",2009,"BOLTON",5785,28830,34615,16.7124079156435
"1203",2009,"BOURNEMOUTH",610,31150,31760,1.92065491183879
"1204",2009,"BRACKNELL FOREST",2935,5740,8675,33.8328530259366
"1205",2009,"BRADFORD",21305,47195,68500,31.1021897810219
"1206",2009,"BRENT",1830,10355,12185,15.0184653262208
"1207",2009,"BRIGHTON AND HOVE",3470,29835,33305,10.4188560276235
"1208",2009,"BRISTOL",21295,25045,46340,45.953819594303
"1209",2009,"BROMLEY",0,23450,23450,0
"1210",2009,"BUCKINGHAMSHIRE",0,36980,36980,0
"1211",2009,"BURY",4575,23935,28510,16.0470010522624
"1212",2009,"CALDERDALE",1800,25405,27205,6.61643080316118
"1213",2009,"CAMBRIDGESHIRE",50,58350,58400,0.0856164383561644
"1214",2009,"CAMDEN",8680,10415,19095,45.4569258968316
"1215",2009,"CHESHIRE",10065,64225,74290,13.5482568313367
"1216",2009,"CORNWALL",0,80290,80290,0
"1217",2009,"COVENTRY",4625,34075,38700,11.9509043927649
"1218",2009,"CROYDON",7475,17005,24480,30.5351307189542
"1219",2009,"CUMBRIA",31085,44500,75585,41.1258847654958
"1220",2009,"DARLINGTON",0,23020,23020,0
"1221",2009,"DERBY",12225,19505,31730,38.5282067444059
"1222",2009,"DERBYSHIRE",28055,70795,98850,28.3813859382903
"1223",2009,"DEVON",25495,123510,149005,17.1101640884534
"1224",2009,"DONCASTER",11410,33330,44740,25.5029056772463
"1225",2009,"DORSET",14780,38045,52825,27.979176526266
"1226",2009,"DUDLEY",9195,39045,48240,19.0609452736318
"1227",2009,"DURHAM",13015,96870,109885,11.8442007553351
"1228",2009,"EALING",0,17725,17725,0
"1229",2009,"EAST RIDING OF YORKSHIRE",3910,77430,81340,4.80698303417753
"1230",2009,"EAST SUSSEX",8705,74560,83265,10.4545727496547
"1231",2009,"ENFIELD",3940,21600,25540,15.4267815191856
"1232",2009,"ESSEX",180,189320,189500,0.0949868073878628
"1233",2009,"GATESHEAD",4470,34585,39055,11.4453975163231
"1234",2009,"GLOUCESTERSHIRE",3630,63100,66730,5.43983215944852
"1235",2009,"GREENWICH",0,19665,19665,0
"1236",2009,"HACKNEY",210,19915,20125,1.04347826086957
"1237",2009,"HALTON",1725,10365,12090,14.2679900744417
"1238",2009,"HAMMERSMITH AND FULHAM",0,5760,5760,0
"1239",2009,"HAMPSHIRE",34870,85415,120285,28.989483310471
"1240",2009,"HARINGEY",4750,13290,18040,26.330376940133
"1241",2009,"HARROW",0,13780,13780,0
"1242",2009,"HARTLEPOOL",0,18785,18785,0
"1243",2009,"HAVERING",2410,17960,20370,11.8311242022582
"1244",2009,"HEREFORDSHIRE",25,24100,24125,0.103626943005181
"1245",2009,"HERTFORDSHIRE",0,139175,139175,0
"1246",2009,"HILLINGDON",85,17375,17460,0.486827033218786
"1247",2009,"HOUNSLOW",5045,7955,13000,38.8076923076923
"1248",2009,"ISLE OF WIGHT",2155,34070,36225,5.94893029675638
"1249",2009,"ISLES OF SCILLY",250,55,305,81.9672131147541
"1250",2009,"ISLINGTON",0,13925,13925,0
"1251",2009,"KENSINGTON AND CHELSEA",2585,8225,10810,23.9130434782609
"1252",2009,"KENT",20305,170920,191225,10.6183814877762
"1253",2009,"KINGSTON UPON HULL",4225,68120,72345,5.84007187780773
"1254",2009,"KINGSTON UPON THAMES",5140,6390,11530,44.5793581960104
"1255",2009,"KIRKLEES",4865,43955,48820,9.96517820565342
"1256",2009,"KNOWSLEY",0,24175,24175,0
"1257",2009,"LAMBETH",0,19915,19915,0
"1258",2009,"LANCASHIRE",25780,180700,206480,12.4854707477722
"1259",2009,"LEEDS",26175,60305,86480,30.2671137835338
"1260",2009,"LEICESTER",10745,35305,46050,23.3333333333333
"1261",2009,"LEICESTERSHIRE",14875,65945,80820,18.4050977480822
"1262",2009,"LEWISHAM",0,22055,22055,0
"1263",2009,"LINCOLNSHIRE",7835,122200,130035,6.02530088053217
"1264",2009,"LIVERPOOL",2945,62065,65010,4.53007229656976
"1265",2009,"LUTON",5410,12355,17765,30.4531381930763
"1266",2009,"MANCHESTER",365,54225,54590,0.668620626488368
"1267",2009,"MEDWAY",4885,18180,23065,21.1792759592456
"1268",2009,"MERTON",0,13675,13675,0
"1269",2009,"MIDDLESBROUGH",570,26670,27240,2.09251101321586
"1270",2009,"MILTON KEYNES",1445,16860,18305,7.89401802786124
"1271",2009,"NEWCASTLE UPON TYNE",3110,41475,44585,6.97544017046092
"1272",2009,"NEWHAM",2995,14275,17270,17.3422119281992
"1273",2009,"NORFOLK",37425,132040,169465,22.0842061782669
"1274",2009,"NORTH EAST LINCOLNSHIRE",2340,38880,41220,5.67685589519651
"1275",2009,"NORTH LINCOLNSHIRE",2860,31500,34360,8.32363213038417
"1276",2009,"NORTH SOMERSET",870,30170,31040,2.80283505154639
"1277",2009,"NORTH TYNESIDE",2180,32415,34595,6.30148865442983
"1278",2009,"NORTH YORKSHIRE",25520,55070,80590,31.6664598585432
"1279",2009,"NORTHAMPTONSHIRE",18505,81405,99910,18.5216695025523
"1280",2009,"NORTHUMBERLAND",2345,53035,55380,4.23438064283135
"1281",2009,"NOTTINGHAM",7520,37995,45515,16.5220257058113
"1282",2009,"NOTTINGHAMSHIRE",30755,97470,128225,23.985182296744
"1283",2009,"OLDHAM",6330,38825,45155,14.0183811316576
"1284",2009,"OXFORDSHIRE",0,46460,46460,0
"1285",2009,"PETERBOROUGH",8765,10030,18795,46.634743282788
"1286",2009,"PLYMOUTH",4765,33075,37840,12.5924947145877
"1287",2009,"POOLE",0,15445,15445,0
"1288",2009,"PORTSMOUTH",7840,12590,20430,38.3749388154675
"1289",2009,"READING",3070,4235,7305,42.0260095824778
"1290",2009,"REDBRIDGE",1395,20030,21425,6.51108518086348
"1291",2009,"REDCAR AND CLEVELAND",4800,22550,27350,17.5502742230347
"1292",2009,"RICHMOND UPON THAMES",130,12575,12705,1.02321920503739
"1293",2009,"ROCHDALE",2715,34615,37330,7.27297080096437
"1294",2009,"ROTHERHAM",5435,36450,41885,12.9760057299749
"1295",2009,"RUTLAND",0,5405,5405,0
"1296",2009,"SALFORD",1375,30135,31510,4.36369406537607
"1297",2009,"SANDWELL",6110,34510,40620,15.041851304776
"1298",2009,"SEFTON",0,48260,48260,0
"1299",2009,"SHEFFIELD",2550,75150,77700,3.28185328185328
"1300",2009,"SHROPSHIRE",3270,38225,41495,7.88046752620798
"1301",2009,"SLOUGH",4540,4725,9265,49.0016189962223
"1302",2009,"SOLIHULL",1445,17345,18790,7.69026077700905
"1303",2009,"SOMERSET",485,66425,66910,0.72485428187117
"1304",2009,"SOUTH GLOUCESTERSHIRE",10595,14540,25135,42.1523771633181
"1305",2009,"SOUTH TYNESIDE",595,27430,28025,2.12310437109723
"1306",2009,"SOUTHAMPTON",8530,19840,28370,30.0669721536835
"1307",2009,"SOUTHEND ON SEA",2475,32450,34925,7.08661417322835
"1308",2009,"SOUTHWARK",0,19510,19510,0
"1309",2009,"ST HELENS",3900,17870,21770,17.9145613229215
"1310",2009,"STAFFORDSHIRE",8975,69640,78615,11.4163963620174
"1311",2009,"STOCKPORT",0,41790,41790,0
"1312",2009,"STOCKTON ON TEES",1040,31195,32235,3.2263068093687
"1313",2009,"STOKE ON TRENT",9650,26970,36620,26.3517203713818
"1314",2009,"SUFFOLK",22940,68705,91645,25.0313710513394
"1315",2009,"SUNDERLAND",3065,45330,48395,6.3332988945139
"1316",2009,"SURREY",10505,83780,94285,11.1417510738718
"1317",2009,"SUTTON",2775,13475,16250,17.0769230769231
"1318",2009,"SWINDON",7055,9960,17015,41.4634146341463
"1319",2009,"TAMESIDE",0,33835,33835,0
"1320",2009,"TELFORD AND WREKIN",50,15370,15420,0.324254215304799
"1321",2009,"THURROCK",1550,14485,16035,9.66635484876832
"1322",2009,"TORBAY",365,32320,32685,1.1167202080465
"1323",2009,"TOWER HAMLETS",0,15455,15455,0
"1324",2009,"TRAFFORD",6330,17915,24245,26.1084759744277
"1325",2009,"WAKEFIELD",4410,46590,51000,8.64705882352941
"1326",2009,"WALSALL",0,34680,34680,0
"1327",2009,"WALTHAM FOREST",10530,12980,23510,44.7894512973203
"1328",2009,"WANDSWORTH",195,20665,20860,0.934803451581975
"1329",2009,"WARRINGTON",2810,18650,21460,13.09412861137
"1330",2009,"WARWICKSHIRE",14985,41210,56195,26.6660734940831
"1331",2009,"WEST BERKSHIRE",4525,5510,10035,45.0921773791729
"1332",2009,"WEST SUSSEX",2820,85280,88100,3.20090805902384
"1333",2009,"WESTMINSTER",3900,15685,19585,19.9131988766913
"1334",2009,"WIGAN",1055,39545,40600,2.59852216748768
"1335",2009,"WILTSHIRE",210,45070,45280,0.463780918727915
"1336",2009,"WINDSOR AND MAIDENHEAD",50,8450,8500,0.588235294117647
"1337",2009,"WIRRAL",2515,36205,38720,6.49535123966942
"1338",2009,"WOKINGHAM",2525,6415,8940,28.2438478747204
"1339",2009,"WOLVERHAMPTON",9585,27375,36960,25.9334415584416
"1340",2009,"WORCESTERSHIRE",3995,52185,56180,7.11107155571378
"1341",2009,"YORK",12580,9550,22130,56.8459105286941
"1342",2010,"CUMBRIA",31825,46045,77870,40.869397714139
"1343",2010,"NORTHUMBERLAND",1520,51820,53340,2.84964379452568
"1344",2010,"GATESHEAD",4575,34875,39450,11.5969581749049
"1345",2010,"NEWCASTLE UPON TYNE",2870,40850,43720,6.56450137236962
"1346",2010,"NORTH TYNESIDE",1860,30300,32160,5.78358208955224
"1347",2010,"SOUTH TYNESIDE",4675,28140,32815,14.2465335974402
"1348",2010,"SUNDERLAND",2515,44600,47115,5.3380027592062
"1349",2010,"HARTLEPOOL",0,18345,18345,0
"1350",2010,"MIDDLESBROUGH",725,26690,27415,2.64453766186394
"1351",2010,"REDCAR AND CLEVELAND",2755,23230,25985,10.6022705406966
"1352",2010,"STOCKTON ON TEES",905,33030,33935,2.66686312067187
"1353",2010,"DURHAM",11730,95620,107350,10.9268747088961
"1354",2010,"DARLINGTON",0,22990,22990,0
"1355",2010,"BARNSLEY",2330,43300,45630,5.10628972167434
"1356",2010,"DONCASTER",10865,33660,44525,24.4020213363279
"1357",2010,"ROTHERHAM",4575,38765,43340,10.556068297185
"1358",2010,"SHEFFIELD",3130,75465,78595,3.98244163114702
"1359",2010,"BRADFORD",20025,43010,63035,31.768065360514
"1360",2010,"CALDERDALE",1620,24615,26235,6.17495711835334
"1361",2010,"KIRKLEES",4505,42415,46920,9.60144927536232
"1362",2010,"LEEDS",27275,65545,92820,29.3848308554191
"1363",2010,"WAKEFIELD",4430,46010,50440,8.7827121332276
"1364",2010,"EAST RIDING OF YORKSHIRE",3295,79520,82815,3.97874781138683
"1365",2010,"KINGSTON UPON HULL",3760,67215,70975,5.29764001408947
"1366",2010,"NORTH EAST LINCOLNSHIRE",2810,32890,35700,7.87114845938375
"1367",2010,"NORTH LINCOLNSHIRE",2975,29330,32305,9.20910075839653
"1368",2010,"NORTH YORKSHIRE",22905,56025,78930,29.0193842645382
"1369",2010,"YORK",12805,8785,21590,59.3098656785549
"1370",2010,"BOLTON",6010,29005,35015,17.1640725403399
"1371",2010,"BURY",4580,24360,28940,15.8258465791292
"1372",2010,"MANCHESTER",1425,57310,58735,2.42615135779348
"1373",2010,"OLDHAM",6135,37215,43350,14.1522491349481
"1374",2010,"ROCHDALE",2800,34720,37520,7.46268656716418
"1375",2010,"SALFORD",1945,31035,32980,5.89751364463311
"1376",2010,"STOCKPORT",0,40965,40965,0
"1377",2010,"TAMESIDE",0,35690,35690,0
"1378",2010,"TRAFFORD",4120,19375,23495,17.5356458821026
"1379",2010,"WIGAN",1050,38335,39385,2.66598958994541
"1380",2010,"KNOWSLEY",0,24955,24955,0
"1381",2010,"LIVERPOOL",3010,58195,61205,4.91789886447186
"1382",2010,"SEFTON",0,50105,50105,0
"1383",2010,"ST HELENS",3325,19395,22720,14.6346830985915
"1384",2010,"WIRRAL",2245,35420,37665,5.96044072746582
"1385",2010,"HALTON",1405,10990,12395,11.3352158128278
"1386",2010,"WARRINGTON",2720,19770,22490,12.0942641173855
"1387",2010,"LANCASHIRE",24735,180415,205150,12.0570314404095
"1388",2010,"BLACKBURN WITH DARWEN",4405,23770,28175,15.6344276841171
"1389",2010,"BLACKPOOL",1960,35635,37595,5.21345923660061
"1390",2010,"CHESHIRE EAST",4885,34090,38975,12.5336754329699
"1391",2010,"CHESHIRE WEST AND CHESTER",4335,30925,35260,12.2943845717527
"1392",2010,"WARWICKSHIRE",14220,41275,55495,25.6239300837913
"1393",2010,"BIRMINGHAM",27695,77515,105210,26.3235433894117
"1394",2010,"COVENTRY",3305,34740,38045,8.68708108818504
"1395",2010,"DUDLEY",8050,40825,48875,16.4705882352941
"1396",2010,"SANDWELL",5465,34135,39600,13.800505050505
"1397",2010,"SOLIHULL",1745,17395,19140,9.11703239289446
"1398",2010,"WALSALL",0,34660,34660,0
"1399",2010,"WOLVERHAMPTON",7705,29090,36795,20.9403451555918
"1400",2010,"STAFFORDSHIRE",6330,60860,67190,9.42104479833309
"1401",2010,"STOKE ON TRENT",8285,28150,36435,22.7391244682311
"1402",2010,"HEREFORDSHIRE",0,22160,22160,0
"1403",2010,"WORCESTERSHIRE",3845,58395,62240,6.17769922879177
"1404",2010,"SHROPSHIRE",2735,39900,42635,6.41491732144951
"1405",2010,"TELFORD AND WREKIN",105,15550,15655,0.670712232513574
"1406",2010,"LINCOLNSHIRE",8010,119365,127375,6.28851815505397
"1407",2010,"NORTHAMPTONSHIRE",19300,76415,95715,20.164028626652
"1408",2010,"DERBYSHIRE",26960,70605,97565,27.632860144519
"1409",2010,"DERBY",12235,18820,31055,39.3978425374336
"1410",2010,"LEICESTERSHIRE",14825,66795,81620,18.1634403332517
"1411",2010,"LEICESTER",11310,33310,44620,25.347377857463
"1412",2010,"RUTLAND",0,5065,5065,0
"1413",2010,"NOTTINGHAMSHIRE",26825,100255,127080,21.1087503934529
"1414",2010,"NOTTINGHAM",8585,38790,47375,18.1213720316623
"1415",2010,"HERTFORDSHIRE",0,142440,142440,0
"1416",2010,"NORFOLK",37325,133965,171290,21.7905306789655
"1417",2010,"OXFORDSHIRE",0,45755,45755,0
"1418",2010,"SUFFOLK",23000,65545,88545,25.9754926873341
"1419",2010,"LUTON",5050,13335,18385,27.4680446015774
"1420",2010,"BUCKINGHAMSHIRE",0,38565,38565,0
"1421",2010,"MILTON KEYNES",1145,16230,17375,6.58992805755396
"1422",2010,"BRACKNELL FOREST",3190,4895,8085,39.4557823129252
"1423",2010,"WEST BERKSHIRE",4455,5395,9850,45.2284263959391
"1424",2010,"READING",3395,6390,9785,34.6959632089934
"1425",2010,"SLOUGH",2570,6675,9245,27.7988101676582
"1426",2010,"WINDSOR AND MAIDENHEAD",50,8120,8170,0.611995104039168
"1427",2010,"WOKINGHAM",3050,6250,9300,32.7956989247312
"1428",2010,"ESSEX",195,194000,194195,0.100414531785061
"1429",2010,"SOUTHEND ON SEA",3575,44200,47775,7.48299319727891
"1430",2010,"THURROCK",1760,16185,17945,9.80774589022012
"1431",2010,"CAMBRIDGESHIRE",0,55515,55515,0
"1432",2010,"PETERBOROUGH",2330,5195,7525,30.9634551495017
"1433",2010,"BEDFORD",1735,20800,22535,7.69913467938762
"1434",2010,"CENTRAL BEDFORDSHIRE",0,29900,29900,0
"1435",2010,"CAMDEN",7895,11835,19730,40.0152052711607
"1436",2010,"GREENWICH",0,19040,19040,0
"1437",2010,"HACKNEY",0,16510,16510,0
"1438",2010,"HAMMERSMITH AND FULHAM",0,5875,5875,0
"1439",2010,"ISLINGTON",0,13850,13850,0
"1440",2010,"KENSINGTON AND CHELSEA",2670,7675,10345,25.8095698405027
"1441",2010,"LAMBETH",0,20750,20750,0
"1442",2010,"LEWISHAM",0,19835,19835,0
"1443",2010,"SOUTHWARK",0,18625,18625,0
"1444",2010,"TOWER HAMLETS",0,14295,14295,0
"1445",2010,"WANDSWORTH",0,19580,19580,0
"1446",2010,"WESTMINSTER",4065,15645,19710,20.6240487062405
"1447",2010,"BARKING AND DAGENHAM",1890,17305,19195,9.84631414430841
"1448",2010,"BARNET",0,29300,29300,0
"1449",2010,"BEXLEY",0,16905,16905,0
"1450",2010,"BRENT",1300,9635,10935,11.8884316415181
"1451",2010,"BROMLEY",0,22255,22255,0
"1452",2010,"CROYDON",7825,14625,22450,34.8552338530067
"1453",2010,"EALING",0,16165,16165,0
"1454",2010,"ENFIELD",4135,22095,26230,15.7643919176515
"1455",2010,"HARINGEY",5200,14290,19490,26.6803488968702
"1456",2010,"HARROW",0,14250,14250,0
"1457",2010,"HAVERING",20,17905,17925,0.111576011157601
"1458",2010,"HILLINGDON",115,17370,17485,0.657706605661996
"1459",2010,"HOUNSLOW",4940,7115,12055,40.9788469514724
"1460",2010,"KINGSTON UPON THAMES",5515,7235,12750,43.2549019607843
"1461",2010,"MERTON",0,12835,12835,0
"1462",2010,"NEWHAM",2515,13740,16255,15.4721624115657
"1463",2010,"REDBRIDGE",805,21665,22470,3.58255451713396
"1464",2010,"RICHMOND UPON THAMES",210,13715,13925,1.508078994614
"1465",2010,"SUTTON",2570,12260,14830,17.329737019555
"1466",2010,"WALTHAM FOREST",7500,13095,20595,36.4166059723234
"1467",2010,"ISLE OF WIGHT",2700,33400,36100,7.4792243767313
"1468",2010,"SURREY",10140,79045,89185,11.3696249369289
"1469",2010,"WEST SUSSEX",1945,85580,87525,2.22222222222222
"1470",2010,"DORSET",13370,37205,50575,26.4359861591695
"1471",2010,"BOURNEMOUTH",560,30995,31555,1.77467913167485
"1472",2010,"POOLE",0,16775,16775,0
"1473",2010,"HAMPSHIRE",32765,88500,121265,27.0193378138787
"1474",2010,"PORTSMOUTH",7135,11320,18455,38.6616093199675
"1475",2010,"SOUTHAMPTON",7835,19425,27260,28.7417461482025
"1476",2010,"EAST SUSSEX",8440,75190,83630,10.0920722228865
"1477",2010,"BRIGHTON AND HOVE",3400,28520,31920,10.6516290726817
"1478",2010,"WILTSHIRE",190,45850,46040,0.412684622067767
"1479",2010,"SWINDON",7530,10800,18330,41.0801963993453
"1480",2010,"KENT",25455,177395,202850,12.5486812915948
"1481",2010,"MEDWAY",4895,19670,24565,19.9267250152656
"1482",2010,"CORNWALL",0,64715,64715,0
"1483",2010,"GLOUCESTERSHIRE",2980,63520,66500,4.4812030075188
"1484",2010,"SOMERSET",420,63235,63655,0.659806770874244
"1485",2010,"ISLES OF SCILLY",235,0,235,100
"1486",2010,"BATH AND NORTH EAST SOMERSET",4165,10805,14970,27.8223112892452
"1487",2010,"BRISTOL",17995,25135,43130,41.7226988175284
"1488",2010,"NORTH SOMERSET",815,29750,30565,2.66644855226566
"1489",2010,"SOUTH GLOUCESTERSHIRE",9805,15155,24960,39.2828525641026
"1490",2010,"DEVON",26235,92335,118570,22.1261701948216
"1491",2010,"PLYMOUTH",4285,33650,37935,11.295637274285
"1492",2010,"TORBAY",0,30150,30150,0
"1493",2011,"CUMBRIA",31330,44670,76000,41.2236842105263
"1494",2011,"NORTHUMBERLAND",1015,52360,53375,1.9016393442623
"1495",2011,"GATESHEAD",3845,34935,38780,9.91490458999484
"1496",2011,"NEWCASTLE UPON TYNE",2820,40235,43055,6.54976193241203
"1497",2011,"NORTH TYNESIDE",3235,31760,34995,9.2441777396771
"1498",2011,"SOUTH TYNESIDE",3120,25935,29055,10.738255033557
"1499",2011,"SUNDERLAND",2060,41250,43310,4.75640729623643
"1500",2011,"HARTLEPOOL",0,19140,19140,0
"1501",2011,"MIDDLESBROUGH",845,29015,29860,2.82987273945077
"1502",2011,"REDCAR AND CLEVELAND",320,28510,28830,1.10995490808186
"1503",2011,"STOCKTON ON TEES",795,34660,35455,2.24227894514173
"1504",2011,"DURHAM",8480,98495,106975,7.92708576770273
"1505",2011,"DARLINGTON",0,24200,24200,0
"1506",2011,"BARNSLEY",1700,49085,50785,3.34744511174559
"1507",2011,"DONCASTER",10180,34625,44805,22.7206784957036
"1508",2011,"ROTHERHAM",4370,39585,43955,9.9419861221704
"1509",2011,"SHEFFIELD",3605,64085,67690,5.32574974146846
"1510",2011,"BRADFORD",18005,48650,66655,27.0122271397495
"1511",2011,"CALDERDALE",1440,25745,27185,5.29703880816627
"1512",2011,"KIRKLEES",4610,41185,45795,10.0666011573316
"1513",2011,"LEEDS",27210,67485,94695,28.7343576746396
"1514",2011,"WAKEFIELD",4340,46225,50565,8.58301196479779
"1515",2011,"EAST RIDING OF YORKSHIRE",3700,76015,79715,4.64153547011227
"1516",2011,"KINGSTON UPON HULL",3190,66555,69745,4.57380457380457
"1517",2011,"NORTH EAST LINCOLNSHIRE",3815,32655,36470,10.4606525911708
"1518",2011,"NORTH LINCOLNSHIRE",1825,33100,34925,5.22548317823908
"1519",2011,"NORTH YORKSHIRE",22875,56540,79415,28.8043820436945
"1520",2011,"YORK",11725,9490,21215,55.2674994107943
"1521",2011,"BOLTON",6190,28495,34685,17.8463312671184
"1522",2011,"BURY",4000,22850,26850,14.8975791433892
"1523",2011,"MANCHESTER",580,51235,51815,1.11936697867413
"1524",2011,"OLDHAM",8260,38240,46500,17.7634408602151
"1525",2011,"ROCHDALE",1565,37180,38745,4.03923086849916
"1526",2011,"SALFORD",1285,30795,32080,4.00561097256858
"1527",2011,"STOCKPORT",0,41910,41910,0
"1528",2011,"TAMESIDE",0,33640,33640,0
"1529",2011,"TRAFFORD",2830,20570,23400,12.0940170940171
"1530",2011,"WIGAN",1055,37570,38625,2.73139158576052
"1531",2011,"KNOWSLEY",0,23255,23255,0
"1532",2011,"LIVERPOOL",4850,69150,74000,6.55405405405405
"1533",2011,"SEFTON",0,49485,49485,0
"1534",2011,"ST HELENS",2835,19875,22710,12.4834874504624
"1535",2011,"WIRRAL",1720,36970,38690,4.4455931765314
"1536",2011,"HALTON",1560,11635,13195,11.8226600985222
"1537",2011,"WARRINGTON",2475,21465,23940,10.3383458646617
"1538",2011,"LANCASHIRE",23595,180750,204345,11.5466490494017
"1539",2011,"BLACKBURN WITH DARWEN",4620,23615,28235,16.3626704444838
"1540",2011,"BLACKPOOL",995,36540,37535,2.65085919808179
"1541",2011,"CHESHIRE EAST",3440,31860,35300,9.74504249291785
"1542",2011,"CHESHIRE WEST AND CHESTER",4985,30165,35150,14.1820768136558
"1543",2011,"WARWICKSHIRE",13930,42945,56875,24.4923076923077
"1544",2011,"BIRMINGHAM",16995,85605,102600,16.5643274853801
"1545",2011,"COVENTRY",3155,32935,36090,8.74203380437794
"1546",2011,"DUDLEY",6185,41170,47355,13.0609228170204
"1547",2011,"SANDWELL",4450,34855,39305,11.3217147945554
"1548",2011,"SOLIHULL",1145,16860,18005,6.35934462649264
"1549",2011,"WALSALL",0,28680,28680,0
"1550",2011,"WOLVERHAMPTON",7145,28930,36075,19.8059598059598
"1551",2011,"STAFFORDSHIRE",4715,108115,112830,4.17885314189489
"1552",2011,"STOKE ON TRENT",7745,29235,36980,20.9437533802055
"1553",2011,"HEREFORDSHIRE",0,22710,22710,0
"1554",2011,"WORCESTERSHIRE",4005,57225,61230,6.54091131798138
"1555",2011,"SHROPSHIRE",2655,41045,43700,6.07551487414188
"1556",2011,"TELFORD AND WREKIN",200,15670,15870,1.26023944549464
"1557",2011,"LINCOLNSHIRE",8080,110300,118380,6.82547727656699
"1558",2011,"NORTHAMPTONSHIRE",16405,78310,94715,17.3203821992293
"1559",2011,"DERBYSHIRE",25165,66435,91600,27.4727074235808
"1560",2011,"DERBY",11795,20155,31950,36.9170579029734
"1561",2011,"LEICESTERSHIRE",14685,64065,78750,18.647619047619
"1562",2011,"LEICESTER",10620,34095,44715,23.750419322375
"1563",2011,"RUTLAND",0,5515,5515,0
"1564",2011,"NOTTINGHAMSHIRE",30035,108835,138870,21.6281414272341
"1565",2011,"NOTTINGHAM",6485,36640,43125,15.0376811594203
"1566",2011,"HERTFORDSHIRE",0,134550,134550,0
"1567",2011,"NORFOLK",36545,129625,166170,21.9925377625323
"1568",2011,"OXFORDSHIRE",0,39460,39460,0
"1569",2011,"SUFFOLK",21205,65210,86415,24.5385639067292
"1570",2011,"LUTON",3905,14480,18385,21.2401414196356
"1571",2011,"BUCKINGHAMSHIRE",0,35670,35670,0
"1572",2011,"MILTON KEYNES",1570,16715,18285,8.58627290128521
"1573",2011,"BRACKNELL FOREST",3040,5475,8515,35.7017028772754
"1574",2011,"WEST BERKSHIRE",4640,5290,9930,46.7270896273917
"1575",2011,"READING",2820,5275,8095,34.8363187152563
"1576",2011,"SLOUGH",0,6760,6760,0
"1577",2011,"WINDSOR AND MAIDENHEAD",50,8360,8410,0.594530321046373
"1578",2011,"WOKINGHAM",2675,5805,8480,31.5448113207547
"1579",2011,"ESSEX",310,214525,214835,0.144296785905462
"1580",2011,"SOUTHEND ON SEA",2550,34695,37245,6.84655658477648
"1581",2011,"THURROCK",1435,15150,16585,8.65239674404583
"1582",2011,"CAMBRIDGESHIRE",0,55560,55560,0
"1583",2011,"PETERBOROUGH",5540,10885,16425,33.7290715372907
"1584",2011,"BEDFORD",2185,20400,22585,9.67456276289573
"1585",2011,"CENTRAL BEDFORDSHIRE",0,30825,30825,0
"1586",2011,"CAMDEN",8190,13320,21510,38.0753138075314
"1587",2011,"GREENWICH",0,18290,18290,0
"1588",2011,"HACKNEY",0,16115,16115,0
"1589",2011,"HAMMERSMITH AND FULHAM",0,5325,5325,0
"1590",2011,"ISLINGTON",0,14740,14740,0
"1591",2011,"KENSINGTON AND CHELSEA",2640,7355,9995,26.4132066033017
"1592",2011,"LAMBETH",0,20880,20880,0
"1593",2011,"LEWISHAM",0,15295,15295,0
"1594",2011,"SOUTHWARK",0,20255,20255,0
"1595",2011,"TOWER HAMLETS",0,14175,14175,0
"1596",2011,"WANDSWORTH",0,20120,20120,0
"1597",2011,"WESTMINSTER",3780,16280,20060,18.8434695912263
"1598",2011,"BARKING AND DAGENHAM",1685,18340,20025,8.41448189762797
"1599",2011,"BARNET",155,27800,27955,0.554462529064568
"1600",2011,"BEXLEY",0,18990,18990,0
"1601",2011,"BRENT",1450,15480,16930,8.56467808623745
"1602",2011,"BROMLEY",0,22725,22725,0
"1603",2011,"CROYDON",6865,16670,23535,29.1693222859571
"1604",2011,"EALING",0,16780,16780,0
"1605",2011,"ENFIELD",3850,19940,23790,16.1832702816309
"1606",2011,"HARINGEY",5595,15545,21140,26.4664143803217
"1607",2011,"HARROW",210,13730,13940,1.506456241033
"1608",2011,"HAVERING",0,18505,18505,0
"1609",2011,"HILLINGDON",50,19345,19395,0.25779840164991
"1610",2011,"HOUNSLOW",5015,7235,12250,40.9387755102041
"1611",2011,"KINGSTON UPON THAMES",4315,6730,11045,39.0674513354459
"1612",2011,"MERTON",0,12420,12420,0
"1613",2011,"NEWHAM",2135,12660,14795,14.4305508617776
"1614",2011,"REDBRIDGE",0,18320,18320,0
"1615",2011,"RICHMOND UPON THAMES",210,13315,13525,1.55268022181146
"1616",2011,"SUTTON",1665,12330,13995,11.8971061093248
"1617",2011,"WALTHAM FOREST",7425,10885,18310,40.5516111414528
"1618",2011,"ISLE OF WIGHT",2165,29050,31215,6.93576806022745
"1619",2011,"SURREY",9595,73010,82605,11.6155196416682
"1620",2011,"WEST SUSSEX",2840,84210,87050,3.26249282021827
"1621",2011,"DORSET",14800,41435,56235,26.3181292789188
"1622",2011,"BOURNEMOUTH",660,29805,30465,2.16642048252093
"1623",2011,"POOLE",0,17280,17280,0
"1624",2011,"HAMPSHIRE",28700,90340,119040,24.1095430107527
"1625",2011,"PORTSMOUTH",7040,11165,18205,38.6706948640483
"1626",2011,"SOUTHAMPTON",6020,19850,25870,23.2701971395439
"1627",2011,"EAST SUSSEX",6360,69505,75865,8.38331246292757
"1628",2011,"BRIGHTON AND HOVE",3700,28900,32600,11.3496932515337
"1629",2011,"WILTSHIRE",105,51925,52030,0.20180665000961
"1630",2011,"SWINDON",6245,10845,17090,36.541837331773
"1631",2011,"KENT",24905,165465,190370,13.0824184482849
"1632",2011,"MEDWAY",4525,16715,21240,21.304143126177
"1633",2011,"CORNWALL",0,62350,62350,0
"1634",2011,"GLOUCESTERSHIRE",2715,58510,61225,4.43446304614128
"1635",2011,"SOMERSET",420,61390,61810,0.679501698754247
"1636",2011,"ISLES OF SCILLY",295,0,295,100
"1637",2011,"BATH AND NORTH EAST SOMERSET",3885,10945,14830,26.1968981793662
"1638",2011,"BRISTOL",14705,24855,39560,37.1713852376138
"1639",2011,"NORTH SOMERSET",0,29420,29420,0
"1640",2011,"SOUTH GLOUCESTERSHIRE",8080,16115,24195,33.3953296135565
"1641",2011,"DEVON",27555,90075,117630,23.4251466462637
"1642",2011,"PLYMOUTH",3470,27670,31140,11.1432241490045
"1643",2011,"TORBAY",0,26785,26785,0
"1644",2012,"CUMBRIA",29040,44460,73500,39.5102040816327
"1645",2012,"NORTHUMBERLAND",855,50185,51040,1.67515673981191
"1646",2012,"GATESHEAD",3675,34300,37975,9.67741935483871
"1647",2012,"NEWCASTLE UPON TYNE",2220,38750,40970,5.41859897485965
"1648",2012,"NORTH TYNESIDE",2800,28165,30965,9.04246730179235
"1649",2012,"SOUTH TYNESIDE",2295,28195,30490,7.52705805182027
"1650",2012,"SUNDERLAND",2385,42960,45345,5.25967581872312
"1651",2012,"HARTLEPOOL",0,18660,18660,0
"1652",2012,"MIDDLESBROUGH",835,29085,29920,2.79077540106952
"1653",2012,"REDCAR AND CLEVELAND",0,30955,30955,0
"1654",2012,"STOCKTON ON TEES",775,34270,35045,2.21144243115994
"1655",2012,"DURHAM",4635,99705,104340,4.44220816561242
"1656",2012,"DARLINGTON",0,25255,25255,0
"1657",2012,"BARNSLEY",0,49520,49520,0
"1658",2012,"DONCASTER",10040,41745,51785,19.3878536255672
"1659",2012,"ROTHERHAM",4400,39965,44365,9.91772793869041
"1660",2012,"SHEFFIELD",3780,60960,64740,5.83873957367933
"1661",2012,"BRADFORD",15395,44050,59445,25.8978888047775
"1662",2012,"CALDERDALE",1490,23895,25385,5.86960803624188
"1663",2012,"KIRKLEES",4160,43880,48040,8.65945045795171
"1664",2012,"LEEDS",22930,69300,92230,24.8617586468611
"1665",2012,"WAKEFIELD",4235,45885,50120,8.44972067039106
"1666",2012,"EAST RIDING OF YORKSHIRE",3550,76155,79705,4.4539238441754
"1667",2012,"KINGSTON UPON HULL",3485,66415,69900,4.98569384835479
"1668",2012,"NORTH EAST LINCOLNSHIRE",2195,30460,32655,6.72178839381412
"1669",2012,"NORTH LINCOLNSHIRE",2420,33240,35660,6.78631519910264
"1670",2012,"NORTH YORKSHIRE",17865,48720,66585,26.8303671998198
"1671",2012,"YORK",8725,9085,17810,48.9893318360472
"1672",2012,"BOLTON",5470,34385,39855,13.7247522268222
"1673",2012,"BURY",3585,22825,26410,13.5744036349867
"1674",2012,"MANCHESTER",325,52900,53225,0.610615312353217
"1675",2012,"OLDHAM",2810,36555,39365,7.1383208433888
"1676",2012,"ROCHDALE",1600,37040,38640,4.1407867494824
"1677",2012,"SALFORD",1170,32755,33925,3.448784082535
"1678",2012,"STOCKPORT",0,43185,43185,0
"1679",2012,"TAMESIDE",0,0,0,NA
"1680",2012,"TRAFFORD",2105,20425,22530,9.34309809143364
"1681",2012,"WIGAN",1355,39530,40885,3.3141739024092
"1682",2012,"KNOWSLEY",0,22840,22840,0
"1683",2012,"LIVERPOOL",3105,59015,62120,4.99839021249195
"1684",2012,"SEFTON",0,48850,48850,0
"1685",2012,"ST HELENS",2165,20400,22565,9.59450476401507
"1686",2012,"WIRRAL",675,37660,38335,1.76079300899961
"1687",2012,"HALTON",1150,14035,15185,7.57326308857425
"1688",2012,"WARRINGTON",1695,20525,22220,7.62826282628263
"1689",2012,"LANCASHIRE",23425,181030,204455,11.4572888899758
"1690",2012,"BLACKBURN WITH DARWEN",3580,22740,26320,13.6018237082067
"1691",2012,"BLACKPOOL",1285,36250,37535,3.42347142666844
"1692",2012,"CHESHIRE EAST",3015,33015,36030,8.36802664446295
"1693",2012,"CHESHIRE WEST AND CHESTER",4385,32510,36895,11.8850792790351
"1694",2012,"WARWICKSHIRE",12115,40075,52190,23.2132592450661
"1695",2012,"BIRMINGHAM",9820,83215,93035,10.5551674101145
"1696",2012,"COVENTRY",2935,33330,36265,8.09320281262926
"1697",2012,"DUDLEY",4270,41115,45385,9.40839484411149
"1698",2012,"SANDWELL",2800,34230,37030,7.56143667296786
"1699",2012,"SOLIHULL",1320,16685,18005,7.33129686198278
"1700",2012,"WALSALL",0,26070,26070,0
"1701",2012,"WOLVERHAMPTON",7295,33950,41245,17.6869923627106
"1702",2012,"STAFFORDSHIRE",7985,71435,79420,10.0541425333669
"1703",2012,"STOKE ON TRENT",4990,30950,35940,13.8842515303283
"1704",2012,"HEREFORDSHIRE",0,22080,22080,0
"1705",2012,"WORCESTERSHIRE",3240,54805,58045,5.58187613058834
"1706",2012,"SHROPSHIRE",2600,40400,43000,6.04651162790698
"1707",2012,"TELFORD AND WREKIN",155,13650,13805,1.12278160086925
"1708",2012,"LINCOLNSHIRE",5410,120150,125560,4.30869703727302
"1709",2012,"NORTHAMPTONSHIRE",14295,78970,93265,15.3272931968048
"1710",2012,"DERBYSHIRE",26355,69310,95665,27.5492604400774
"1711",2012,"DERBY",11145,21685,32830,33.947608894304
"1712",2012,"LEICESTERSHIRE",14520,62160,76680,18.9358372456964
"1713",2012,"LEICESTER",7930,32810,40740,19.4648993618066
"1714",2012,"RUTLAND",0,4965,4965,0
"1715",2012,"NOTTINGHAMSHIRE",21960,104310,126270,17.3913043478261
"1716",2012,"NOTTINGHAM",6910,36695,43605,15.8468065588809
"1717",2012,"HERTFORDSHIRE",0,127845,127845,0
"1718",2012,"NORFOLK",0,163525,163525,0
"1719",2012,"OXFORDSHIRE",0,40605,40605,0
"1720",2012,"SUFFOLK",20130,72640,92770,21.6988250512019
"1721",2012,"LUTON",1865,14100,15965,11.6818039461322
"1722",2012,"BUCKINGHAMSHIRE",0,33305,33305,0
"1723",2012,"MILTON KEYNES",1385,16840,18225,7.59945130315501
"1724",2012,"BRACKNELL FOREST",3180,4820,8000,39.75
"1725",2012,"WEST BERKSHIRE",4580,5285,9865,46.4267612772428
"1726",2012,"READING",1900,6485,8385,22.6595110316041
"1727",2012,"SLOUGH",0,7395,7395,0
"1728",2012,"WINDSOR AND MAIDENHEAD",50,7360,7410,0.67476383265857
"1729",2012,"WOKINGHAM",2755,6270,9025,30.5263157894737
"1730",2012,"ESSEX",285,208720,209005,0.136360374153728
"1731",2012,"SOUTHEND ON SEA",2605,24755,27360,9.52119883040936
"1732",2012,"THURROCK",1575,15185,16760,9.39737470167064
"1733",2012,"CAMBRIDGESHIRE",0,56300,56300,0
"1734",2012,"PETERBOROUGH",2095,12335,14430,14.5183645183645
"1735",2012,"BEDFORD",2385,20720,23105,10.3224410300801
"1736",2012,"CENTRAL BEDFORDSHIRE",0,30455,30455,0
"1737",2012,"CAMDEN",8105,12675,20780,39.0038498556304
"1738",2012,"GREENWICH",0,17270,17270,0
"1739",2012,"HACKNEY",0,16350,16350,0
"1740",2012,"HAMMERSMITH AND FULHAM",0,5440,5440,0
"1741",2012,"ISLINGTON",0,15155,15155,0
"1742",2012,"KENSINGTON AND CHELSEA",2600,6910,9510,27.3396424815983
"1743",2012,"LAMBETH",0,20315,20315,0
"1744",2012,"LEWISHAM",0,16765,16765,0
"1745",2012,"SOUTHWARK",0,17825,17825,0
"1746",2012,"TOWER HAMLETS",0,14355,14355,0
"1747",2012,"WANDSWORTH",0,16900,16900,0
"1748",2012,"WESTMINSTER",3265,15320,18585,17.5679311272532
"1749",2012,"BARKING AND DAGENHAM",1695,18075,19770,8.57359635811836
"1750",2012,"BARNET",0,30190,30190,0
"1751",2012,"BEXLEY",0,19070,19070,0
"1752",2012,"BRENT",670,14415,15085,4.44149817699702
"1753",2012,"BROMLEY",50,22345,22395,0.223264121455682
"1754",2012,"CROYDON",1700,22730,24430,6.95865738845682
"1755",2012,"EALING",0,16165,16165,0
"1756",2012,"ENFIELD",3480,19240,22720,15.3169014084507
"1757",2012,"HARINGEY",4090,14930,19020,21.5036803364879
"1758",2012,"HARROW",470,14155,14625,3.21367521367521
"1759",2012,"HAVERING",0,17685,17685,0
"1760",2012,"HILLINGDON",670,23670,24340,2.75267050123254
"1761",2012,"HOUNSLOW",3895,5340,9235,42.1765024363833
"1762",2012,"KINGSTON UPON THAMES",3960,5670,9630,41.1214953271028
"1763",2012,"MERTON",0,15670,15670,0
"1764",2012,"NEWHAM",0,13790,13790,0
"1765",2012,"REDBRIDGE",0,17725,17725,0
"1766",2012,"RICHMOND UPON THAMES",315,13690,14005,2.24919671545876
"1767",2012,"SUTTON",350,11955,12305,2.84437220642015
"1768",2012,"WALTHAM FOREST",5740,10585,16325,35.1607963246554
"1769",2012,"ISLE OF WIGHT",1815,30235,32050,5.66302652106084
"1770",2012,"SURREY",9350,85815,95165,9.82504071875164
"1771",2012,"WEST SUSSEX",2855,80940,83795,3.40712453010323
"1772",2012,"DORSET",14805,46405,61210,24.1872243097533
"1773",2012,"BOURNEMOUTH",665,34640,35305,1.88358589434924
"1774",2012,"POOLE",0,16770,16770,0
"1775",2012,"HAMPSHIRE",27755,95045,122800,22.6017915309446
"1776",2012,"PORTSMOUTH",6325,10065,16390,38.5906040268456
"1777",2012,"SOUTHAMPTON",5265,17955,23220,22.6744186046512
"1778",2012,"EAST SUSSEX",3125,69010,72135,4.33215498717682
"1779",2012,"BRIGHTON AND HOVE",3840,26820,30660,12.5244618395303
"1780",2012,"WILTSHIRE",105,47550,47655,0.220333648095688
"1781",2012,"SWINDON",4240,12375,16615,25.5191092386398
"1782",2012,"KENT",18040,172840,190880,9.4509639564124
"1783",2012,"MEDWAY",4395,17895,22290,19.7173620457604
"1784",2012,"CORNWALL",0,57950,57950,0
"1785",2012,"GLOUCESTERSHIRE",2890,58660,61550,4.69536961819659
"1786",2012,"SOMERSET",715,59910,60625,1.17938144329897
"1787",2012,"ISLES OF SCILLY",105,50,155,67.741935483871
"1788",2012,"BATH AND NORTH EAST SOMERSET",1990,13210,15200,13.0921052631579
"1789",2012,"BRISTOL",14335,25545,39880,35.9453360080241
"1790",2012,"NORTH SOMERSET",0,30860,30860,0
"1791",2012,"SOUTH GLOUCESTERSHIRE",5100,17205,22305,22.8648285137861
"1792",2012,"DEVON",25305,98375,123680,20.4600582147477
"1793",2012,"PLYMOUTH",2055,20755,22810,9.00920648838229
"1794",2012,"TORBAY",0,26685,26685,0
"1795",2013,"BARKING AND DAGENHAM",1750,12595,14345,12.1993726036947
"1796",2013,"BARNET",0,29875,29875,0
"1797",2013,"BARNSLEY",0,38005,38005,0
"1798",2013,"BATH AND NORTH EAST SOMERSET",0,14970,14970,0
"1799",2013,"BEDFORD",2260,19675,21935,10.3031684522453
"1800",2013,"BEXLEY",0,18040,18040,0
"1801",2013,"BIRMINGHAM",7985,83145,91130,8.76220783496104
"1802",2013,"BLACKBURN WITH DARWEN",3660,23510,27170,13.4707397865293
"1803",2013,"BLACKPOOL",1400,35020,36420,3.84404173531027
"1804",2013,"BOLTON",4520,35495,40015,11.2957640884668
"1805",2013,"BOURNEMOUTH",770,30835,31605,2.43632336655592
"1806",2013,"BRACKNELL FOREST",2275,4670,6945,32.7573794096472
"1807",2013,"BRADFORD",11985,52545,64530,18.5727568572757
"1808",2013,"BRENT",0,16230,16230,0
"1809",2013,"BRIGHTON AND HOVE",3450,25860,29310,11.7707267144319
"1810",2013,"BRISTOL",11505,24775,36280,31.7116868798236
"1811",2013,"BROMLEY",50,20590,20640,0.242248062015504
"1812",2013,"BUCKINGHAMSHIRE",0,33900,33900,0
"1813",2013,"BURY",1660,25325,26985,6.15156568463961
"1814",2013,"CALDERDALE",1170,23215,24385,4.79803157678901
"1815",2013,"CAMBRIDGESHIRE",0,55935,55935,0
"1816",2013,"CAMDEN",7645,10590,18235,41.9248697559638
"1817",2013,"CENTRAL BEDFORDSHIRE",0,27645,27645,0
"1818",2013,"CHESHIRE EAST",2855,34930,37785,7.55590842927087
"1819",2013,"CHESHIRE WEST AND CHESTER",3885,31985,35870,10.8307778087538
"1820",2013,"CORNWALL",0,58350,58350,0
"1821",2013,"COVENTRY",3155,32260,35415,8.90865452491882
"1822",2013,"CROYDON",0,22085,22085,0
"1823",2013,"CUMBRIA",27040,44955,71995,37.5581637613723
"1824",2013,"DARLINGTON",0,25315,25315,0
"1825",2013,"DERBY",10550,19835,30385,34.7210794800066
"1826",2013,"DERBYSHIRE",28045,79175,107220,26.1565006528633
"1827",2013,"DEVON",22455,100750,123205,18.2257213587111
"1828",2013,"DONCASTER",7745,32560,40305,19.2159781664806
"1829",2013,"DORSET",16200,46970,63170,25.6450846921007
"1830",2013,"DUDLEY",3610,41750,45360,7.95855379188713
"1831",2013,"DURHAM",4385,99255,103640,4.23099189502123
"1832",2013,"EALING",0,17400,17400,0
"1833",2013,"EAST RIDING OF YORKSHIRE",2945,73250,76195,3.86508301069624
"1834",2013,"EAST SUSSEX",2585,68485,71070,3.63725904038272
"1835",2013,"ENFIELD",3725,18695,22420,16.614629794826
"1836",2013,"ESSEX",335,206180,206515,0.162215819674116
"1837",2013,"GATESHEAD",3965,33535,37500,10.5733333333333
"1838",2013,"GLOUCESTERSHIRE",4310,66015,70325,6.12868823320299
"1839",2013,"GREENWICH",0,16040,16040,0
"1840",2013,"HACKNEY",0,14385,14385,0
"1841",2013,"HALTON",1200,14980,16180,7.41656365883807
"1842",2013,"HAMMERSMITH AND FULHAM",0,5255,5255,0
"1843",2013,"HAMPSHIRE",22520,94565,117085,19.2338899090404
"1844",2013,"HARINGEY",975,18065,19040,5.12079831932773
"1845",2013,"HARROW",520,13830,14350,3.62369337979094
"1846",2013,"HARTLEPOOL",0,19490,19490,0
"1847",2013,"HAVERING",0,18165,18165,0
"1848",2013,"HEREFORDSHIRE",0,21445,21445,0
"1849",2013,"HERTFORDSHIRE",0,129290,129290,0
"1850",2013,"HILLINGDON",685,19190,19875,3.44654088050314
"1851",2013,"HOUNSLOW",5525,6685,12210,45.2497952497952
"1852",2013,"ISLE OF WIGHT",2065,32180,34245,6.03007738355964
"1853",2013,"ISLES OF SCILLY",0,110,110,0
"1854",2013,"ISLINGTON",0,16315,16315,0
"1855",2013,"KENSINGTON AND CHELSEA",2170,8115,10285,21.0986874088478
"1856",2013,"KENT",15030,171655,186685,8.05099499156333
"1857",2013,"KINGSTON UPON HULL",3185,64660,67845,4.6945242832928
"1858",2013,"KINGSTON UPON THAMES",5385,5385,10770,50
"1859",2013,"KIRKLEES",3925,43255,47180,8.31920305214074
"1860",2013,"KNOWSLEY",0,23390,23390,0
"1861",2013,"LAMBETH",0,20645,20645,0
"1862",2013,"LANCASHIRE",23150,178675,201825,11.4703332094636
"1863",2013,"LEEDS",18845,72990,91835,20.5204987205314
"1864",2013,"LEICESTER",8085,31985,40070,20.1771899176441
"1865",2013,"LEICESTERSHIRE",7430,70705,78135,9.50918282459845
"1866",2013,"LEWISHAM",0,16525,16525,0
"1867",2013,"LINCOLNSHIRE",0,122730,122730,0
"1868",2013,"LIVERPOOL",0,62390,62390,0
"1869",2013,"LUTON",0,15800,15800,0
"1870",2013,"MANCHESTER",0,53010,53010,0
"1871",2013,"MEDWAY",3605,17475,21080,17.1015180265655
"1872",2013,"MERTON",0,15210,15210,0
"1873",2013,"MIDDLESBROUGH",850,31980,32830,2.58909533962839
"1874",2013,"MILTON KEYNES",0,17740,17740,0
"1875",2013,"NEWCASTLE UPON TYNE",2365,35200,37565,6.29575402635432
"1876",2013,"NEWHAM",0,14045,14045,0
"1877",2013,"NORFOLK",0,164900,164900,0
"1878",2013,"NORTH EAST LINCOLNSHIRE",0,32485,32485,0
"1879",2013,"NORTH LINCOLNSHIRE",1740,34745,36485,4.7690831848705
"1880",2013,"NORTH SOMERSET",0,34135,34135,0
"1881",2013,"NORTH TYNESIDE",1285,29145,30430,4.22280644101216
"1882",2013,"NORTH YORKSHIRE",19735,46880,66615,29.6254597312918
"1883",2013,"NORTHAMPTONSHIRE",0,90695,90695,0
"1884",2013,"NORTHUMBERLAND",750,49135,49885,1.50345795329257
"1885",2013,"NOTTINGHAM",3985,35055,39040,10.2074795081967
"1886",2013,"NOTTINGHAMSHIRE",9020,112000,121020,7.45331350190051
"1887",2013,"OLDHAM",1500,39605,41105,3.64919109597373
"1888",2013,"OXFORDSHIRE",0,40170,40170,0
"1889",2013,"PETERBOROUGH",2245,11750,13995,16.0414433726331
"1890",2013,"PLYMOUTH",1535,35000,36535,4.20145066374709
"1891",2013,"POOLE",0,17895,17895,0
"1892",2013,"PORTSMOUTH",6060,10100,16160,37.5
"1893",2013,"READING",1325,6690,8015,16.5315034310667
"1894",2013,"REDBRIDGE",0,16835,16835,0
"1895",2013,"REDCAR AND CLEVELAND",0,31310,31310,0
"1896",2013,"RICHMOND UPON THAMES",315,13330,13645,2.30853792598021
"1897",2013,"ROCHDALE",2060,31720,33780,6.09828300769686
"1898",2013,"ROTHERHAM",3980,37380,41360,9.62282398452611
"1899",2013,"RUTLAND",0,4350,4350,0
"1900",2013,"SALFORD",1180,32980,34160,3.45433255269321
"1901",2013,"SANDWELL",755,34465,35220,2.14366837024418
"1902",2013,"SEFTON",0,52065,52065,0
"1903",2013,"SHEFFIELD",865,62025,62890,1.37541739545238
"1904",2013,"SHROPSHIRE",320,39900,40220,0.795624067628046
"1905",2013,"SLOUGH",0,7965,7965,0
"1906",2013,"SOLIHULL",1080,17400,18480,5.84415584415584
"1907",2013,"SOMERSET",735,60695,61430,1.19648380270226
"1908",2013,"SOUTH GLOUCESTERSHIRE",3585,18790,22375,16.0223463687151
"1909",2013,"SOUTH TYNESIDE",2030,29825,31855,6.37262596138754
"1910",2013,"SOUTHAMPTON",4730,16745,21475,22.0256111757858
"1911",2013,"SOUTHEND ON SEA",2600,26990,29590,8.78675228117607
"1912",2013,"SOUTHWARK",0,17990,17990,0
"1913",2013,"ST HELENS",2005,21805,23810,8.42083158336833
"1914",2013,"STAFFORDSHIRE",7760,71075,78835,9.84334369252236
"1915",2013,"STOCKPORT",0,42140,42140,0
"1916",2013,"STOCKTON ON TEES",505,35115,35620,1.41774284110051
"1917",2013,"STOKE ON TRENT",3750,31580,35330,10.6142088876309
"1918",2013,"SUFFOLK",14140,77445,91585,15.4392094775345
"1919",2013,"SUNDERLAND",1970,42220,44190,4.45802217696311
"1920",2013,"SURREY",10355,88385,98740,10.487137938019
"1921",2013,"SUTTON",0,9690,9690,0
"1922",2013,"SWINDON",0,18540,18540,0
"1923",2013,"TAMESIDE",35365,15,35380,99.9576031656303
"1924",2013,"TELFORD AND WREKIN",105,14940,15045,0.69790628115653
"1925",2013,"THURROCK",1560,14080,15640,9.97442455242967
"1926",2013,"TORBAY",0,25215,25215,0
"1927",2013,"TOWER HAMLETS",0,14410,14410,0
"1928",2013,"TRAFFORD",1880,19610,21490,8.74825500232666
"1929",2013,"WAKEFIELD",4325,46115,50440,8.57454401268834
"1930",2013,"WALSALL",0,24665,24665,0
"1931",2013,"WALTHAM FOREST",4500,10175,14675,30.664395229983
"1932",2013,"WANDSWORTH",0,16310,16310,0
"1933",2013,"WARRINGTON",1525,19455,20980,7.26882745471878
"1934",2013,"WARWICKSHIRE",9575,52445,62020,15.4385682038052
"1935",2013,"WEST BERKSHIRE",4690,5355,10045,46.6898954703833
"1936",2013,"WEST SUSSEX",2105,83935,86040,2.44653649465365
"1937",2013,"WESTMINSTER",2850,11260,14110,20.198440822112
"1938",2013,"WIGAN",1415,40755,42170,3.35546597106948
"1939",2013,"WILTSHIRE",0,45220,45220,0
"1940",2013,"WINDSOR AND MAIDENHEAD",105,7790,7895,1.3299556681444
"1941",2013,"WIRRAL",395,39225,39620,0.996971226653205
"1942",2013,"WOKINGHAM",0,8415,8415,0
"1943",2013,"WOLVERHAMPTON",6885,29960,36845,18.6863889265843
"1944",2013,"WORCESTERSHIRE",2860,55075,57935,4.93656684215069
"1945",2013,"YORK",7675,9525,17200,44.6220930232558
"1946",2014,"BARKING AND DAGENHAM",1825,12605,14430,12.6472626472626
"1947",2014,"BARNET",0,29540,29540,0
"1948",2014,"BARNSLEY",0,38645,38645,0
"1949",2014,"BATH AND NORTH EAST SOMERSET",0,15210,15210,0
"1950",2014,"BEDFORD",2380,19035,21415,11.1137053467196
"1951",2014,"BEXLEY",0,17990,17990,0
"1952",2014,"BIRMINGHAM",6800,86160,92960,7.31497418244406
"1953",2014,"BLACKBURN WITH DARWEN",2280,24615,26895,8.47741215839375
"1954",2014,"BLACKPOOL",1660,34055,35715,4.64790704185916
"1955",2014,"BOLTON",3975,35315,39290,10.1170781369305
"1956",2014,"BOURNEMOUTH",735,34255,34990,2.10060017147757
"1957",2014,"BRACKNELL FOREST",2000,4390,6390,31.2989045383412
"1958",2014,"BRADFORD",10360,51715,62075,16.6894885219493
"1959",2014,"BRENT",0,15400,15400,0
"1960",2014,"BRIGHTON AND HOVE",4265,26035,30300,14.0759075907591
"1961",2014,"BRISTOL",6485,26010,32495,19.9569164486844
"1962",2014,"BROMLEY",50,18410,18460,0.270855904658722
"1963",2014,"BUCKINGHAMSHIRE",0,33505,33505,0
"1964",2014,"BURY",1250,26105,27355,4.56954852860537
"1965",2014,"CALDERDALE",1135,22095,23230,4.88592337494619
"1966",2014,"CAMBRIDGESHIRE",0,53705,53705,0
"1967",2014,"CAMDEN",3880,14420,18300,21.2021857923497
"1968",2014,"CENTRAL BEDFORDSHIRE",0,26330,26330,0
"1969",2014,"CHESHIRE EAST",2600,33360,35960,7.23025583982202
"1970",2014,"CHESHIRE WEST AND CHESTER",3480,31055,34535,10.0767337483712
"1971",2014,"CORNWALL",0,63865,63865,0
"1972",2014,"COVENTRY",3450,31135,34585,9.97542287118693
"1973",2014,"CROYDON",0,18985,18985,0
"1974",2014,"CUMBRIA",25505,44095,69600,36.6451149425287
"1975",2014,"DARLINGTON",0,25415,25415,0
"1976",2014,"DERBY",10770,19200,29970,35.9359359359359
"1977",2014,"DERBYSHIRE",30855,80985,111840,27.5885193133047
"1978",2014,"DEVON",17535,94215,111750,15.6912751677852
"1979",2014,"DONCASTER",6075,29680,35755,16.9906306810236
"1980",2014,"DORSET",14255,42605,56860,25.0703482237073
"1981",2014,"DUDLEY",3215,39810,43025,7.47239976757699
"1982",2014,"DURHAM",3815,93635,97450,3.91482811698307
"1983",2014,"EALING",0,17980,17980,0
"1984",2014,"EAST RIDING OF YORKSHIRE",1575,70450,72025,2.1867407150295
"1985",2014,"EAST SUSSEX",3280,70205,73485,4.46349595155474
"1986",2014,"ENFIELD",3800,19745,23545,16.139307708643
"1987",2014,"ESSEX",365,203415,203780,0.179114731573265
"1988",2014,"GATESHEAD",3925,33285,37210,10.5482397205052
"1989",2014,"GLOUCESTERSHIRE",495,58015,58510,0.846009229191591
"1990",2014,"GREENWICH",0,16860,16860,0
"1991",2014,"HACKNEY",0,12540,12540,0
"1992",2014,"HALTON",1340,19270,20610,6.50169820475497
"1993",2014,"HAMMERSMITH AND FULHAM",0,5125,5125,0
"1994",2014,"HAMPSHIRE",19660,82665,102325,19.2132909846079
"1995",2014,"HARINGEY",0,19325,19325,0
"1996",2014,"HARROW",500,12740,13240,3.77643504531722
"1997",2014,"HARTLEPOOL",0,17925,17925,0
"1998",2014,"HAVERING",0,21910,21910,0
"1999",2014,"HEREFORDSHIRE",0,21030,21030,0
"2000",2014,"HERTFORDSHIRE",0,127580,127580,0
"2001",2014,"HILLINGDON",585,16730,17315,3.37857349119261
"2002",2014,"HOUNSLOW",5395,7145,12540,43.0223285486443
"2003",2014,"ISLE OF WIGHT",2315,31635,33950,6.81885125184094
"2004",2014,"ISLES OF SCILLY",130,50,180,72.2222222222222
"2005",2014,"ISLINGTON",0,15530,15530,0
"2006",2014,"KENSINGTON AND CHELSEA",1975,8485,10460,18.8814531548757
"2007",2014,"KENT",15030,170250,185280,8.11204663212435
"2008",2014,"KINGSTON UPON HULL",2555,62535,65090,3.92533415271163
"2009",2014,"KINGSTON UPON THAMES",2750,5590,8340,32.9736211031175
"2010",2014,"KIRKLEES",3995,34885,38880,10.2752057613169
"2011",2014,"KNOWSLEY",0,24750,24750,0
"2012",2014,"LAMBETH",0,24220,24220,0
"2013",2014,"LANCASHIRE",23725,178785,202510,11.7154708409461
"2014",2014,"LEEDS",17115,71105,88220,19.4003627295398
"2015",2014,"LEICESTER",8440,32935,41375,20.3987915407855
"2016",2014,"LEICESTERSHIRE",1245,78515,79760,1.56093279839519
"2017",2014,"LEWISHAM",0,17050,17050,0
"2018",2014,"LINCOLNSHIRE",0,120105,120105,0
"2019",2014,"LIVERPOOL",0,56465,56465,0
"2020",2014,"LUTON",0,16215,16215,0
"2021",2014,"MANCHESTER",0,50620,50620,0
"2022",2014,"MEDWAY",0,21765,21765,0
"2023",2014,"MERTON",0,14865,14865,0
"2024",2014,"MIDDLESBROUGH",680,32435,33115,2.05345009814284
"2025",2014,"MILTON KEYNES",0,18460,18460,0
"2026",2014,"NEWCASTLE UPON TYNE",1815,36860,38675,4.69295410471881
"2027",2014,"NEWHAM",0,13850,13850,0
"2028",2014,"NORFOLK",0,173515,173515,0
"2029",2014,"NORTH EAST LINCOLNSHIRE",0,34775,34775,0
"2030",2014,"NORTH LINCOLNSHIRE",1285,33700,34985,3.67300271544948
"2031",2014,"NORTH SOMERSET",0,34400,34400,0
"2032",2014,"NORTH TYNESIDE",1245,27700,28945,4.30126101226464
"2033",2014,"NORTH YORKSHIRE",16460,48160,64620,25.4719900959455
"2034",2014,"NORTHAMPTONSHIRE",0,90945,90945,0
"2035",2014,"NORTHUMBERLAND",490,46935,47425,1.03321033210332
"2036",2014,"NOTTINGHAM",3675,34780,38455,9.55662462618645
"2037",2014,"NOTTINGHAMSHIRE",11110,119035,130145,8.53663221791079
"2038",2014,"OLDHAM",1405,35555,36960,3.80140692640693
"2039",2014,"OXFORDSHIRE",0,37530,37530,0
"2040",2014,"PETERBOROUGH",0,13290,13290,0
"2041",2014,"PLYMOUTH",565,23850,24415,2.31415113659635
"2042",2014,"POOLE",0,17305,17305,0
"2043",2014,"PORTSMOUTH",6345,13310,19655,32.2818621215976
"2044",2014,"READING",1510,8150,9660,15.6314699792961
"2045",2014,"REDBRIDGE",0,14850,14850,0
"2046",2014,"REDCAR AND CLEVELAND",55,30905,30960,0.17764857881137
"2047",2014,"RICHMOND UPON THAMES",315,12725,13040,2.41564417177914
"2048",2014,"ROCHDALE",2235,34980,37215,6.00564288593309
"2049",2014,"ROTHERHAM",3405,35730,39135,8.70065159064776
"2050",2014,"RUTLAND",0,4665,4665,0
"2051",2014,"SALFORD",1380,31820,33200,4.1566265060241
"2052",2014,"SANDWELL",810,33160,33970,2.3844568737121
"2053",2014,"SEFTON",0,56215,56215,0
"2054",2014,"SHEFFIELD",0,61865,61865,0
"2055",2014,"SHROPSHIRE",80,39095,39175,0.204211869814933
"2056",2014,"SLOUGH",0,7720,7720,0
"2057",2014,"SOLIHULL",515,17065,17580,2.92946530147895
"2058",2014,"SOMERSET",680,60865,61545,1.10488260622309
"2059",2014,"SOUTH GLOUCESTERSHIRE",2685,18945,21630,12.4133148404993
"2060",2014,"SOUTH TYNESIDE",700,31465,32165,2.17627856365615
"2061",2014,"SOUTHAMPTON",5110,15930,21040,24.287072243346
"2062",2014,"SOUTHEND ON SEA",2405,26040,28445,8.45491298998066
"2063",2014,"SOUTHWARK",0,16810,16810,0
"2064",2014,"ST HELENS",1480,20405,21885,6.76262280100526
"2065",2014,"STAFFORDSHIRE",6895,73050,79945,8.62467946713365
"2066",2014,"STOCKPORT",0,42800,42800,0
"2067",2014,"STOCKTON ON TEES",505,35250,35755,1.41238987554188
"2068",2014,"STOKE ON TRENT",2020,32370,34390,5.87380052340797
"2069",2014,"SUFFOLK",0,86200,86200,0
"2070",2014,"SUNDERLAND",1090,43620,44710,2.43793334824424
"2071",2014,"SURREY",10585,85345,95930,11.0340873553633
"2072",2014,"SUTTON",0,8795,8795,0
"2073",2014,"SWINDON",0,18065,18065,0
"2074",2014,"TAMESIDE",32015,0,32015,100
"2075",2014,"TELFORD AND WREKIN",215,15420,15635,1.37511992324912
"2076",2014,"THURROCK",1655,15725,17380,9.52243958573073
"2077",2014,"TORBAY",0,23355,23355,0
"2078",2014,"TOWER HAMLETS",0,15785,15785,0
"2079",2014,"TRAFFORD",1135,20360,21495,5.28029774366132
"2080",2014,"WAKEFIELD",3895,44315,48210,8.07923667288944
"2081",2014,"WALSALL",1090,24015,25105,4.34176458872735
"2082",2014,"WALTHAM FOREST",4565,8475,13040,35.0076687116564
"2083",2014,"WANDSWORTH",0,15295,15295,0
"2084",2014,"WARRINGTON",1555,17020,18575,8.371467025572
"2085",2014,"WARWICKSHIRE",0,61215,61215,0
"2086",2014,"WEST BERKSHIRE",4900,6245,11145,43.9659039928219
"2087",2014,"WEST SUSSEX",2130,83840,85970,2.47760846807026
"2088",2014,"WESTMINSTER",3155,11440,14595,21.6169921205892
"2089",2014,"WIGAN",1290,39260,40550,3.18125770653514
"2090",2014,"WILTSHIRE",0,45935,45935,0
"2091",2014,"WINDSOR AND MAIDENHEAD",105,8145,8250,1.27272727272727
"2092",2014,"WIRRAL",215,37930,38145,0.563638746886879
"2093",2014,"WOKINGHAM",0,8295,8295,0
"2094",2014,"WOLVERHAMPTON",6140,30470,36610,16.771373941546
"2095",2014,"WORCESTERSHIRE",2935,54700,57635,5.09239177583066
"2096",2014,"YORK",9745,8940,18685,52.1541343323522
"2097",2015,"BARKING AND DAGENHAM",1805,10616,12421,14.5318412366154
"2098",2015,"BARNET",0,30526.38,30526.38,0
"2099",2015,"BARNSLEY",0,38248,38248,0
"2100",2015,"BATH AND NORTH EAST SOMERSET",0,15175,15175,0
"2101",2015,"BEDFORD",6536,14035,20571,31.7728841573088
"2102",2015,"BEXLEY",0,20191,20191,0
"2103",2015,"BIRMINGHAM",8217.14,96806.44,105023.58,7.82409055185512
"2104",2015,"BLACKBURN WITH DARWEN",788,22827,23615,3.33686216387889
"2105",2015,"BLACKPOOL",0,34441,34441,0
"2106",2015,"BOLTON",378,31256,31634,1.1949168616046
"2107",2015,"BOURNEMOUTH",299.57,30259.86,30559.43,0.98028660874892
"2108",2015,"BRACKNELL FOREST",1265.42,4462.85,5728.27,22.0907883182881
"2109",2015,"BRADFORD",3140,71220,74360,4.22270037654653
"2110",2015,"BRENT",0,17504.14,17504.14,0
"2111",2015,"BRIGHTON AND HOVE",1854.43,29617.28,31471.71,5.89237127566313
"2112",2015,"BRISTOL",1924.57,30906.93,32831.5,5.86196183543244
"2113",2015,"BROMLEY",25,14844,14869,0.168135046069003
"2114",2015,"BUCKINGHAMSHIRE",0,32363.11,32363.11,0
"2115",2015,"BURY",0,27506,27506,0
"2116",2015,"CALDERDALE",813.19,24713,25526.19,3.18570848215108
"2117",2015,"CAMBRIDGESHIRE",104,44431,44535,0.2335241944538
"2118",2015,"CAMDEN",3524,12262,15786,22.3235778537945
"2119",2015,"CENTRAL BEDFORDSHIRE",5971,21523,27494,21.7174656288645
"2120",2015,"CHESHIRE EAST",0,30110.7,30110.7,0
"2121",2015,"CHESHIRE WEST AND CHESTER",0,30274.86,30274.86,0
"2122",2015,"CORNWALL",0,57924.4,57924.4,0
"2123",2015,"COVENTRY",1657,28475,30132,5.4991371299615
"2124",2015,"CROYDON",0,24001,24001,0
"2125",2015,"CUMBRIA",37653.57,55343.72,92997.29,40.4888895149525
"2126",2015,"DARLINGTON",0,23707,23707,0
"2127",2015,"DERBY",8346.58,18284.74,26631.32,31.3412177841729
"2128",2015,"DERBYSHIRE",30974,75129,106103,29.1923885281283
"2129",2015,"DEVON",10312.1,107874.6,118186.7,8.72526265645796
"2130",2015,"DONCASTER",7288,51942,59230,12.3045753840959
"2131",2015,"DORSET",12981,48076,61057,21.2604615359418
"2132",2015,"DUDLEY",1844.63,36647.55,38492.18,4.79222013406359
"2133",2015,"DURHAM",423.47,105415.37,105838.84,0.400108315624019
"2134",2015,"EALING",0,20477,20477,0
"2135",2015,"EAST RIDING OF YORKSHIRE",3629,89117.71,92746.71,3.91280725752967
"2136",2015,"EAST SUSSEX",231.57,65289.1,65520.67,0.353430451794831
"2137",2015,"ENFIELD",4383,25368,29751,14.732277906625
"2138",2015,"ESSEX",520,201365.86,201885.86,0.257571283100263
"2139",2015,"GATESHEAD",82.21,32881.5,32963.71,0.249395471565549
"2140",2015,"GLOUCESTERSHIRE",0,55183,55183,0
"2141",2015,"GREENWICH",0,15479,15479,0
"2142",2015,"HACKNEY",0,12142,12142,0
"2143",2015,"HALTON",0,22628.39,22628.39,0
"2144",2015,"HAMMERSMITH AND FULHAM",33.29,6850.43,6883.72,0.483604795081729
"2145",2015,"HAMPSHIRE",16507.6,91157.9,107665.5,15.3323023624095
"2146",2015,"HARINGEY",0,21769,21769,0
"2147",2015,"HARROW",142,12605,12747,1.11398760492665
"2148",2015,"HARTLEPOOL",0,20355,20355,0
"2149",2015,"HAVERING",0,21272,21272,0
"2150",2015,"HEREFORDSHIRE",0,18368,18368,0
"2151",2015,"HERTFORDSHIRE",0,118510,118510,0
"2152",2015,"HILLINGDON",273,13743.41,14016.41,1.94771699743372
"2153",2015,"HOUNSLOW",5889.57,6313.28,12202.85,48.2638891734308
"2154",2015,"ISLE OF WIGHT",312,29441.28,29753.28,1.04862388281225
"2155",2015,"ISLES OF SCILLY",694,52,746,93.029490616622
"2156",2015,"ISLINGTON",0,16129.72,16129.72,0
"2157",2015,"KENSINGTON AND CHELSEA",1088,8991,10079,10.7947216985812
"2158",2015,"KENT",2941,152861,155802,1.88765227660749
"2159",2015,"KINGSTON UPON HULL",874,57737,58611,1.49118766101926
"2160",2015,"KINGSTON UPON THAMES",535.7,6144.98,6680.68,8.0186448086123
"2161",2015,"KIRKLEES",2516,50382.72,52898.72,4.75625875257473
"2162",2015,"KNOWSLEY",0,23859.85,23859.85,0
"2163",2015,"LAMBETH",0,14561.78,14561.78,0
"2164",2015,"LANCASHIRE",19379.3,162646.6,182025.9,10.6464519609572
"2165",2015,"LEEDS",10345,70722,81067,12.7610495022636
"2166",2015,"LEICESTER",3885.85,33312.15,37198,10.4463949674714
"2167",2015,"LEICESTERSHIRE",1036,75904,76940,1.34650376917078
"2168",2015,"LEWISHAM",0,16137,16137,0
"2169",2015,"LINCOLNSHIRE",0,98126,98126,0
"2170",2015,"LIVERPOOL",0,70857,70857,0
"2171",2015,"LUTON",0,17081,17081,0
"2172",2015,"MANCHESTER",104,52801,52905,0.196578773272848
"2173",2015,"MEDWAY",0,22304,22304,0
"2174",2015,"MERTON",0,11531,11531,0
"2175",2015,"MIDDLESBROUGH",0,28882,28882,0
"2176",2015,"MILTON KEYNES",0,17104.7,17104.7,0
"2177",2015,"NEWCASTLE UPON TYNE",0,32664,32664,0
"2178",2015,"NEWHAM",0,13121,13121,0
"2179",2015,"NORFOLK",0,152106,152106,0
"2180",2015,"NORTH EAST LINCOLNSHIRE",0,29410,29410,0
"2181",2015,"NORTH LINCOLNSHIRE",0,27884.7,27884.7,0
"2182",2015,"NORTH SOMERSET",0,26560.72,26560.72,0
"2183",2015,"NORTH TYNESIDE",0,18940.29,18940.29,0
"2184",2015,"NORTH YORKSHIRE",10718,50172,60890,17.6022335358844
"2185",2015,"NORTHAMPTONSHIRE",0,70526,70526,0
"2186",2015,"NORTHUMBERLAND",569,55599,56168,1.0130323315767
"2187",2015,"NOTTINGHAM",4993.86,34757.15,39751.01,12.5628506042991
"2188",2015,"NOTTINGHAMSHIRE",6432.58,98343.28,104775.86,6.13937217981317
"2189",2015,"OLDHAM",0,33606,33606,0
"2190",2015,"OXFORDSHIRE",0,42698,42698,0
"2191",2015,"PETERBOROUGH",0,14246.7,14246.7,0
"2192",2015,"PLYMOUTH",104,35095.58,35199.58,0.295458070806527
"2193",2015,"POOLE",0,16817,16817,0
"2194",2015,"PORTSMOUTH",6015,11769,17784,33.8225371120108
"2195",2015,"READING",828,10322,11150,7.42600896860987
"2196",2015,"REDBRIDGE",0,24688,24688,0
"2197",2015,"REDCAR AND CLEVELAND",0,31639,31639,0
"2198",2015,"RICHMOND UPON THAMES",284.71,13519.57,13804.28,2.06247627547398
"2199",2015,"ROCHDALE",0,29533.28,29533.28,0
"2200",2015,"ROTHERHAM",4010,43155,47165,8.50206721085551
"2201",2015,"RUTLAND",0,4882,4882,0
"2202",2015,"SALFORD",0,32591,32591,0
"2203",2015,"SANDWELL",754,28944,29698,2.53889150784565
"2204",2015,"SEFTON",0,49798.71,49798.71,0
"2205",2015,"SHEFFIELD",0,48685,48685,0
"2206",2015,"SHROPSHIRE",104,35249,35353,0.294175883234803
"2207",2015,"SLOUGH",0,10393.39,10393.39,0
"2208",2015,"SOLIHULL",556.56,15908.97,16465.53,3.38015235464634
"2209",2015,"SOMERSET",739.86,57453.7,58193.56,1.27137779506873
"2210",2015,"SOUTH GLOUCESTERSHIRE",2529.75,18739.59,21269.34,11.8938810513161
"2211",2015,"SOUTH TYNESIDE",365.44,23334.86,23700.3,1.54192141027751
"2212",2015,"SOUTHAMPTON",3663.14,12960.72,16623.86,22.035435813343
"2213",2015,"SOUTHEND ON SEA",1964.9,29904.55,31869.45,6.16546567323879
"2214",2015,"SOUTHWARK",0,16851,16851,0
"2215",2015,"ST HELENS",403,19728,20131,2.0018876359843
"2216",2015,"STAFFORDSHIRE",5362.58,80028.13,85390.71,6.28005083925406
"2217",2015,"STOCKPORT",0,33072,33072,0
"2218",2015,"STOCKTON ON TEES",0,31747.49,31747.49,0
"2219",2015,"STOKE ON TRENT",730,41340.72,42070.72,1.73517353636924
"2220",2015,"SUFFOLK",0,86557,86557,0
"2221",2015,"SUNDERLAND",0,41090,41090,0
"2222",2015,"SURREY",8496.44,73259.39,81755.83,10.3924576388008
"2223",2015,"SUTTON",0,7750,7750,0
"2224",2015,"SWINDON",0,18537.43,18537.43,0
"2225",2015,"TAMESIDE",0,31766,31766,0
"2226",2015,"TELFORD AND WREKIN",260.71,15866,16126.71,1.61663476307319
"2227",2015,"THURROCK",631,15228,15859,3.97881329213696
"2228",2015,"TORBAY",0,29527.46,29527.46,0
"2229",2015,"TOWER HAMLETS",0,16719.28,16719.28,0
"2230",2015,"TRAFFORD",0,20194,20194,0
"2231",2015,"WAKEFIELD",1629,44770,46399,3.51085152697256
"2232",2015,"WALSALL",0,22822,22822,0
"2233",2015,"WALTHAM FOREST",4680,9837,14517,32.238065716057
"2234",2015,"WANDSWORTH",0,14789,14789,0
"2235",2015,"WARRINGTON",1287.86,20352.86,21640.72,5.95109589699418
"2236",2015,"WARWICKSHIRE",0,51706.47,51706.47,0
"2237",2015,"WEST BERKSHIRE",5056,6396,11452,44.1494935382466
"2238",2015,"WEST SUSSEX",1720.4,91112.9,92833.3,1.85321430995128
"2239",2015,"WESTMINSTER",2944,10859,13803,21.3286966601463
"2240",2015,"WIGAN",1252,42403.71,43655.71,2.86789517339198
"2241",2015,"WILTSHIRE",0,45472,45472,0
"2242",2015,"WINDSOR AND MAIDENHEAD",177,8060,8237,2.14884059730484
"2243",2015,"WIRRAL",52,41951,42003,0.123800680903745
"2244",2015,"WOKINGHAM",0,8134,8134,0
"2245",2015,"WOLVERHAMPTON",1256,32502,33758,3.7205995615854
"2246",2015,"WORCESTERSHIRE",331,50510,50841,0.651049349934108
"2247",2015,"YORK",10527,9716,20243,52.0031615867213
"2248",2016,"CUMBRIA",34868.7142854,53731,88599.7142854,39.355334908959
"2249",2016,"NORTHUMBERLAND",546,51983,52529,1.03942584096404
"2250",2016,"GATESHEAD",78.43,33443.65,33522.08,0.23396519547713
"2251",2016,"NEWCASTLE UPON TYNE",0,29109,29109,0
"2252",2016,"NORTH TYNESIDE",0,21445.42,21445.42,0
"2253",2016,"SOUTH TYNESIDE",369,27710,28079,1.3141493642936
"2254",2016,"SUNDERLAND",0,41622,41622,0
"2255",2016,"HARTLEPOOL",0,23736,23736,0
"2256",2016,"MIDDLESBROUGH",0,26541,26541,0
"2257",2016,"REDCAR AND CLEVELAND",0,30161.29,30161.29,0
"2258",2016,"STOCKTON ON TEES",0,30774.44,30774.44,0
"2259",2016,"DURHAM",0,104111.48,104111.48,0
"2260",2016,"DARLINGTON",0,22220,22220,0
"2261",2016,"BARNSLEY",0,38559.87,38559.87,0
"2262",2016,"DONCASTER",2511.14285763,52171.571428,54682.71428563,4.59220594741015
"2263",2016,"ROTHERHAM",3520,40982,44502,7.90975686486001
"2264",2016,"SHEFFIELD",0,56179.8571416,56179.8571416,0
"2265",2016,"BRADFORD",2364,64320,66684,3.54507827964729
"2266",2016,"CALDERDALE",548.7,21486.8,22035.5,2.490072837013
"2267",2016,"KIRKLEES",2811.9,48209.9,51021.8,5.51117365518269
"2268",2016,"LEEDS",2205,65181,67386,3.27219303712937
"2269",2016,"WAKEFIELD",1887,39686.72,41573.72,4.53892507093423
"2270",2016,"EAST RIDING OF YORKSHIRE",3433.43,89528.14,92961.57,3.69338641763473
"2271",2016,"KINGSTON UPON HULL",688.16,58290.9,58979.06,1.16678699185779
"2272",2016,"NORTH EAST LINCOLNSHIRE",0,26478,26478,0
"2273",2016,"NORTH LINCOLNSHIRE",0,27632.85,27632.85,0
"2274",2016,"NORTH YORKSHIRE",8420,54934,63354,13.2903999747451
"2275",2016,"YORK",10307.8571431,9497,19804.8571431,52.0471168694658
"2276",2016,"BOLTON",0,30563,30563,0
"2277",2016,"BURY",2493.14,26757.15,29250.29,8.52347104934686
"2278",2016,"MANCHESTER",0,49744,49744,0
"2279",2016,"OLDHAM",0,33764.562854,33764.562854,0
"2280",2016,"ROCHDALE",0,28230.995719,28230.995719,0
"2281",2016,"SALFORD",0,31649,31649,0
"2282",2016,"STOCKPORT",0,29580,29580,0
"2283",2016,"TAMESIDE",0,30745,30745,0
"2284",2016,"TRAFFORD",0,17365,17365,0
"2285",2016,"WIGAN",1249.29,43236.28,44485.57,2.80830390618801
"2286",2016,"KNOWSLEY",0,23136,23136,0
"2287",2016,"LIVERPOOL",52,60669,60721,0.085637588313763
"2288",2016,"SEFTON",0,47539.7142824,47539.7142824,0
"2289",2016,"ST HELENS",52,20092,20144,0.258141382049245
"2290",2016,"WIRRAL",52.29,48346.435057,48398.725057,0.108040036051398
"2291",2016,"HALTON",0,21951,21951,0
"2292",2016,"WARRINGTON",0,20547.57,20547.57,0
"2293",2016,"LANCASHIRE",28956.4299974,161997.714314,190954.1443114,15.1640751772211
"2294",2016,"BLACKBURN WITH DARWEN",0,22905,22905,0
"2295",2016,"BLACKPOOL",0,34413.43,34413.43,0
"2296",2016,"CHESHIRE EAST",0,31306.9,31306.9,0
"2297",2016,"CHESHIRE WEST AND CHESTER",0,30294.48,30294.48,0
"2298",2016,"WARWICKSHIRE",0,61795.47,61795.47,0
"2299",2016,"BIRMINGHAM",5957,89927,95884,6.21271536439865
"2300",2016,"COVENTRY",1527,29938,31465,4.85301128237724
"2301",2016,"DUDLEY",1700.25,37094.12,38794.37,4.38272357561162
"2302",2016,"SANDWELL",765,30657,31422,2.4345999618102
"2303",2016,"SOLIHULL",5327.85,9644.45,14972.3,35.5847131035312
"2304",2016,"WALSALL",0,22852,22852,0
"2305",2016,"WOLVERHAMPTON",492,31275,31767,1.54877703276986
"2306",2016,"STAFFORDSHIRE",4720.14285806,78937.999991,83658.14284906,5.64217982531157
"2307",2016,"STOKE ON TRENT",454.13,39486.44,39940.57,1.13701431902449
"2308",2016,"HEREFORDSHIRE",0,20216,20216,0
"2309",2016,"WORCESTERSHIRE",366.95,48694.43,49061.38,0.747940640886987
"2310",2016,"SHROPSHIRE",84,35664,35748,0.234978180597516
"2311",2016,"TELFORD AND WREKIN",260.7142857,14641.9999996,14902.7142853,1.74944161653269
"2312",2016,"LINCOLNSHIRE",0,105627,105627,0
"2313",2016,"NORTHAMPTONSHIRE",0,82027,82027,0
"2314",2016,"DERBYSHIRE",74437,29801,104238,71.4106180087876
"2315",2016,"DERBY",8049,20128,28177,28.5658515810768
"2316",2016,"LEICESTERSHIRE",630,73270,73900,0.852503382949932
"2317",2016,"LEICESTER",1602.71,34878.27,36480.98,4.39327561924049
"2318",2016,"RUTLAND",0,5244,5244,0
"2319",2016,"NOTTINGHAMSHIRE",5071.15,91237.87,96309.02,5.26549849640252
"2320",2016,"NOTTINGHAM",4294.57,33550,37844.57,11.3479159625806
"2321",2016,"HERTFORDSHIRE",0,111543,111543,0
"2322",2016,"NORFOLK",0,146225.714287,146225.714287,0
"2323",2016,"OXFORDSHIRE",0,37657.7,37657.7,0
"2324",2016,"SUFFOLK",0,84520,84520,0
"2325",2016,"LUTON",0,15720,15720,0
"2326",2016,"BUCKINGHAMSHIRE",0,30638.57,30638.57,0
"2327",2016,"MILTON KEYNES",0,16730.16,16730.16,0
"2328",2016,"BRACKNELL FOREST",663,4387,5050,13.1287128712871
"2329",2016,"WEST BERKSHIRE",4846,6520,11366,42.635931726201
"2330",2016,"READING",556,8432,8988,6.18602581219404
"2331",2016,"SLOUGH",52.14,5134.71,5186.85,1.00523439081523
"2332",2016,"WINDSOR AND MAIDENHEAD",261,8317.7,8578.7,3.042419014536
"2333",2016,"WOKINGHAM",0,8051.19,8051.19,0
"2334",2016,"ESSEX",628,181912.428538,182540.428538,0.344033376622246
"2335",2016,"SOUTHEND ON SEA",2301.43,28342.86,30644.29,7.51014299890779
"2336",2016,"THURROCK",712,14582,15294,4.65542042631097
"2337",2016,"CAMBRIDGESHIRE",104.57,47438.72,47543.29,0.219946915747732
"2338",2016,"PETERBOROUGH",0,11883.55,11883.55,0
"2339",2016,"BEDFORD",8522,16255,24777,34.3948016305445
"2340",2016,"CENTRAL BEDFORDSHIRE",9902,18903,28805,34.3759763929873
"2341",2016,"CAMDEN",643.72,13130.14,13773.86,4.67349021988027
"2342",2016,"GREENWICH",214,14705,14919,1.434412494135
"2343",2016,"HACKNEY",0,10821,10821,0
"2344",2016,"HAMMERSMITH AND FULHAM",0,6622.28,6622.28,0
"2345",2016,"ISLINGTON",0,15375.14285719,15375.14285719,0
"2346",2016,"KENSINGTON AND CHELSEA",0,7828,7828,0
"2347",2016,"LAMBETH",0,11559,11559,0
"2348",2016,"LEWISHAM",0,16898.57142757,16898.57142757,0
"2349",2016,"SOUTHWARK",0,8583.84,8583.84,0
"2350",2016,"TOWER HAMLETS",0,15411,15411,0
"2351",2016,"WANDSWORTH",0,12619,12619,0
"2352",2016,"WESTMINSTER",0,13976.85,13976.85,0
"2353",2016,"BARKING AND DAGENHAM",1504.7,10080,11584.7,12.9886833495904
"2354",2016,"BARNET",0,29744.2857127,29744.2857127,0
"2355",2016,"BEXLEY",0,16448.14,16448.14,0
"2356",2016,"BRENT",0,17424,17424,0
"2357",2016,"BROMLEY",0,14214.57142814,14214.57142814,0
"2358",2016,"CROYDON",0,19822,19822,0
"2359",2016,"EALING",0,18233,18233,0
"2360",2016,"ENFIELD",4339.05,24798.42,29137.47,14.8916498240925
"2361",2016,"HARINGEY",0,20638,20638,0
"2362",2016,"HARROW",105,12489,12594,0.833730347784659
"2363",2016,"HAVERING",0,19652,19652,0
"2364",2016,"HILLINGDON",402.428566,11282.142748,11684.571314,3.44410209998741
"2365",2016,"HOUNSLOW",4873.29,5992.01,10865.3,44.8518678729533
"2366",2016,"KINGSTON UPON THAMES",1251.36,6443.1185716,7694.4785716,16.2630903232185
"2367",2016,"MERTON",0,9401,9401,0
"2368",2016,"NEWHAM",0,12485,12485,0
"2369",2016,"REDBRIDGE",0,25180,25180,0
"2370",2016,"RICHMOND UPON THAMES",262.29,12860.32,13122.61,1.99876396540018
"2371",2016,"SUTTON",0,7057.28,7057.28,0
"2372",2016,"WALTHAM FOREST",5005.43,10786,15791.43,31.697129392335
"2373",2016,"ISLE OF WIGHT",305.4,29484.29,29789.69,1.02518690191137
"2374",2016,"SURREY",5658.7142855,79479.817401,85138.5316865,6.64647859600951
"2375",2016,"WEST SUSSEX",1765,92327.1,94092.1,1.8758216683441
"2376",2016,"DORSET",11990,46849,58839,20.377640680501
"2377",2016,"BOURNEMOUTH",72.73,28744.11195,28816.84195,0.252387128770715
"2378",2016,"POOLE",0,18131.01,18131.01,0
"2379",2016,"HAMPSHIRE",20652.00000143,91035.0000046,111687.00000603,18.4909613476188
"2380",2016,"PORTSMOUTH",6021.6,10501.20371313,16522.80371313,36.444178025397
"2381",2016,"SOUTHAMPTON",3101.857143,12608.428571,15710.285714,19.7441166855153
"2382",2016,"EAST SUSSEX",21.58,62733.53,62755.11,0.0343876379150638
"2383",2016,"BRIGHTON AND HOVE",1981.58,29280.43,31262.01,6.33861994158405
"2384",2016,"WILTSHIRE",0,47316,47316,0
"2385",2016,"SWINDON",12,16517.43,16529.43,0.0725977846786005
"2386",2016,"KENT",2338,146145,148483,1.57459103062303
"2387",2016,"MEDWAY",0,21098.57,21098.57,0
"2388",2016,"CORNWALL",0,55195,55195,0
"2389",2016,"GLOUCESTERSHIRE",0,52500,52500,0
"2390",2016,"SOMERSET",800,65334,66134,1.20966522514894
"2391",2016,"ISLES OF SCILLY",403,52,455,88.5714285714286
"2392",2016,"BATH AND NORTH EAST SOMERSET",0,14712.28,14712.28,0
"2393",2016,"BRISTOL",1652.29,29759.57,31411.86,5.26008329338027
"2394",2016,"NORTH SOMERSET",0,29030.43,29030.43,0
"2395",2016,"SOUTH GLOUCESTERSHIRE",2301.36,18161.94,20463.3,11.2462799255252
"2396",2016,"DEVON",1955.2,105604.8,107560,1.81777612495351
"2397",2016,"PLYMOUTH",0,32292.6,32292.6,0
"2398",2016,"TORBAY",0,28102.54,28102.54,0
"2399",2017,"HARTLEPOOL",0,23896,23896,0
"2400",2017,"MIDDLESBROUGH",0,26507.28,26507.28,0
"2401",2017,"REDCAR AND CLEVELAND",0,30001.7,30001.7,0
"2402",2017,"STOCKTON ON TEES",0,36433.76,36433.76,0
"2403",2017,"DARLINGTON",0,23628,23628,0
"2404",2017,"HALTON",0,15821,15821,0
"2405",2017,"WARRINGTON",0,19908.01,19908.01,0
"2406",2017,"BLACKBURN WITH DARWEN",0,21844.28,21844.28,0
"2407",2017,"BLACKPOOL",0,34471.62,34471.62,0
"2408",2017,"KINGSTON UPON HULL",580.55,57087.44,57667.99,1.00671100206544
"2409",2017,"EAST RIDING OF YORKSHIRE",2806.42,82943.28,85749.7,3.27280445296019
"2410",2017,"NORTH EAST LINCOLNSHIRE",0,26360,26360,0
"2411",2017,"NORTH LINCOLNSHIRE",0,25918.28,25918.28,0
"2412",2017,"YORK",7519.57142815,10691,18210.57142815,41.2923419664152
"2413",2017,"DERBY",5162.13,19262.29,24424.42,21.1351180498861
"2414",2017,"LEICESTER",2.57,37901.29,37903.86,0.00678031208431015
"2415",2017,"RUTLAND",0,4006,4006,0
"2416",2017,"NOTTINGHAM",3700.29,36719,40419.29,9.15476249087997
"2417",2017,"HEREFORDSHIRE",0,20041,20041,0
"2418",2017,"TELFORD AND WREKIN",216.86,14133.37,14350.23,1.51119529094656
"2419",2017,"STOKE ON TRENT",93.28571429,37873.0000047,37966.28571899,0.245706717218694
"2420",2017,"BATH AND NORTH EAST SOMERSET",0,13668,13668,0
"2421",2017,"BRISTOL",1666.284271,30466.14286,32132.427131,5.18567820665013
"2422",2017,"NORTH SOMERSET",0,26481.14,26481.14,0
"2423",2017,"SOUTH GLOUCESTERSHIRE",2283.9,17303.64,19587.54,11.6599634257288
"2424",2017,"PLYMOUTH",0,31607.57,31607.57,0
"2425",2017,"TORBAY",2.27,27234.895717,27237.165717,0.00833420049496261
"2426",2017,"BOURNEMOUTH",0,32770,32770,0
"2427",2017,"POOLE",0,16357.84,16357.84,0
"2428",2017,"SWINDON",0,16333.7142859,16333.7142859,0
"2429",2017,"PETERBOROUGH",0,14258.1,14258.1,0
"2430",2017,"LUTON",0,14559,14559,0
"2431",2017,"SOUTHEND ON SEA",2325.29,26119.71,28445,8.17468799437511
"2432",2017,"THURROCK",2623,20122,22745,11.5322048801934
"2433",2017,"MEDWAY",0,20498.2,20498.2,0
"2434",2017,"BRACKNELL FOREST",4.57,4708.42,4712.99,0.0969660449099192
"2435",2017,"WEST BERKSHIRE",4067.17,7054.58,11121.75,36.5695146896846
"2436",2017,"READING",203.57,9527.29,9730.86,2.09200420106753
"2437",2017,"SLOUGH",52,5395,5447,0.954653937947494
"2438",2017,"WINDSOR AND MAIDENHEAD",234,8040,8274,2.8281363306744
"2439",2017,"WOKINGHAM",1,7997.09,7998.09,0.0125029850876897
"2440",2017,"MILTON KEYNES",0,14798.28,14798.28,0
"2441",2017,"BRIGHTON AND HOVE",1866.71,27090.15,28956.86,6.44652078989227
"2442",2017,"PORTSMOUTH",5765,9931.7,15696.7,36.7274650085687
"2443",2017,"SOUTHAMPTON",2830.142857,13301.42857161,16131.57142861,17.5441237670164
"2444",2017,"ISLE OF WIGHT",266,29904,30170,0.881670533642691
"2445",2017,"DURHAM",0,106141.87,106141.87,0
"2446",2017,"CHESHIRE EAST",0,31646,31646,0
"2447",2017,"CHESHIRE WEST AND CHESTER",0,29790.51,29790.51,0
"2448",2017,"SHROPSHIRE",0,36366.86,36366.86,0
"2449",2017,"CORNWALL",0,58456,58456,0
"2450",2017,"WILTSHIRE",0,46191,46191,0
"2451",2017,"BEDFORD",6844,17939,24783,27.6157043134407
"2452",2017,"CENTRAL BEDFORDSHIRE",6809.14,19137.58,25946.72,26.2427775071377
"2453",2017,"NORTHUMBERLAND",417,55441,55858,0.746535858784776
"2454",2017,"BOLTON",0,31128,31128,0
"2455",2017,"BURY",0,32259.85,32259.85,0
"2456",2017,"MANCHESTER",0,48055,48055,0
"2457",2017,"OLDHAM",0,34956,34956,0
"2458",2017,"ROCHDALE",0,35961.8,35961.8,0
"2459",2017,"SALFORD",0,31486,31486,0
"2460",2017,"STOCKPORT",0,29086,29086,0
"2461",2017,"TAMESIDE",0,28307,28307,0
"2462",2017,"TRAFFORD",0,16959,16959,0
"2463",2017,"WIGAN",1206.85,41186,42392.85,2.84682440553065
"2464",2017,"KNOWSLEY",0,22222,22222,0
"2465",2017,"LIVERPOOL",0,64815,64815,0
"2466",2017,"ST HELENS",0,20206.57,20206.57,0
"2467",2017,"SEFTON",0,46493,46493,0
"2468",2017,"WIRRAL",0,61210.69,61210.69,0
"2469",2017,"BARNSLEY",0,40647,40647,0
"2470",2017,"DONCASTER",160.428571469,49159.571428,49319.999999469,0.325280964052569
"2471",2017,"ROTHERHAM",2829,37448,40277,7.02385977108523
"2472",2017,"SHEFFIELD",0,56978.9999996,56978.9999996,0
"2473",2017,"NEWCASTLE UPON TYNE",0,29696.33,29696.33,0
"2474",2017,"NORTH TYNESIDE",0,25455.27,25455.27,0
"2475",2017,"SOUTH TYNESIDE",0,32395,32395,0
"2476",2017,"SUNDERLAND",0,41866.01,41866.01,0
"2477",2017,"BIRMINGHAM",5904.9999997,89927.142859,95832.1428587,6.16181567431571
"2478",2017,"COVENTRY",1656,31439.252635,33095.252635,5.00373880889699
"2479",2017,"DUDLEY",183.43,39488.87,39672.3,0.462362908124813
"2480",2017,"SANDWELL",733,30184,30917,2.37086392599541
"2481",2017,"SOLIHULL",389.001,14679.000143,15068.001143,2.58163638500064
"2482",2017,"WALSALL",0,22801,22801,0
"2483",2017,"WOLVERHAMPTON",105,31742.86,31847.86,0.329692481692647
"2484",2017,"BRADFORD",4083,57067,61150,6.67702371218316
"2485",2017,"CALDERDALE",622,20977,21599,2.87976295198852
"2486",2017,"KIRKLEES",2743,45890,48633,5.64020315423684
"2487",2017,"LEEDS",4043,68891,72934,5.54336797652672
"2488",2017,"WAKEFIELD",1786.29,40906.57,42692.86,4.18404857393016
"2489",2017,"GATESHEAD",78.21,31804.64,31882.85,0.245304293687672
"2490",2017,"BARKING AND DAGENHAM",1759,9166,10925,16.1006864988558
"2491",2017,"BARNET",0,27930.0000029,27930.0000029,0
"2492",2017,"BEXLEY",0,15663,15663,0
"2493",2017,"BRENT",0,13330,13330,0
"2494",2017,"BROMLEY",0,12709,12709,0
"2495",2017,"CAMDEN",0,14083,14083,0
"2496",2017,"CROYDON",0,15641.15,15641.15,0
"2497",2017,"EALING",0,16416,16416,0
"2498",2017,"ENFIELD",1861.25,25115.79,26977.04,6.89938555156533
"2499",2017,"GREENWICH",261,13721,13982,1.86668573880704
"2500",2017,"HACKNEY",0,10259,10259,0
"2501",2017,"HAMMERSMITH AND FULHAM",0,5898.854286,5898.854286,0
"2502",2017,"HARINGEY",0,19066.7142843,19066.7142843,0
"2503",2017,"HARROW",52,12115,12167,0.427385551080792
"2504",2017,"HAVERING",0,18549,18549,0
"2505",2017,"HILLINGDON",425.7142857,11282.8802204,11708.5945061,3.63591279447084
"2506",2017,"HOUNSLOW",4347.43,5490.87,9838.3,44.188833436671
"2507",2017,"ISLINGTON",0,14334.1428563,14334.1428563,0
"2508",2017,"KENSINGTON AND CHELSEA",0,9773,9773,0
"2509",2017,"KINGSTON UPON THAMES",174.85714283,6671.57571503,6846.43285786,2.5539890109235
"2510",2017,"LAMBETH",0,15672,15672,0
"2511",2017,"LEWISHAM",0,15926.17,15926.17,0
"2512",2017,"MERTON",0,8513,8513,0
"2513",2017,"NEWHAM",0,12674.571428,12674.571428,0
"2514",2017,"REDBRIDGE",0,26988,26988,0
"2515",2017,"RICHMOND UPON THAMES",0,12227.85,12227.85,0
"2516",2017,"SOUTHWARK",0,13024,13024,0
"2517",2017,"SUTTON",0,6568,6568,0
"2518",2017,"TOWER HAMLETS",0,15792.285714,15792.285714,0
"2519",2017,"WALTHAM FOREST",5160,6630,11790,43.765903307888
"2520",2017,"WANDSWORTH",0,13422,13422,0
"2521",2017,"WESTMINSTER",0,12199.21,12199.21,0
"2522",2017,"BUCKINGHAMSHIRE",0,29354.5,29354.5,0
"2523",2017,"CAMBRIDGESHIRE",52.14,46538.7,46590.84,0.111910409857388
"2524",2017,"CUMBRIA",29002.43,50754.99,79757.42,36.3633001167791
"2525",2017,"DERBYSHIRE",27369.86,71626.43,98996.29,27.6473593101317
"2526",2017,"DEVON",1591.4,94983.2,96574.6,1.64784529265459
"2527",2017,"DORSET",0,55029,55029,0
"2528",2017,"EAST SUSSEX",281.84,63521.27,63803.11,0.441733953094136
"2529",2017,"ESSEX",320,227741.000034,228061.000034,0.140313337200264
"2530",2017,"GLOUCESTERSHIRE",0,51362,51362,0
"2531",2017,"HAMPSHIRE",20851,88446,109297,19.0773763232294
"2532",2017,"HERTFORDSHIRE",0,106164,106164,0
"2533",2017,"KENT",2227,140803,143030,1.55701601062714
"2534",2017,"LANCASHIRE",28897.2857142,159100.714312,187998.0000262,15.371060176264
"2535",2017,"LEICESTERSHIRE",126.29,73278.72,73405.01,0.172045477549829
"2536",2017,"LINCOLNSHIRE",0,104944,104944,0
"2537",2017,"NORFOLK",0,143138.142847,143138.142847,0
"2538",2017,"NORTHAMPTONSHIRE",0,81061,81061,0
"2539",2017,"NORTH YORKSHIRE",9212,60129,69341,13.285069439437
"2540",2017,"NOTTINGHAMSHIRE",3022.42857083,84734.999993,87757.42856383,3.44407148237217
"2541",2017,"OXFORDSHIRE",0,41599.0000009,41599.0000009,0
"2542",2017,"SOMERSET",902,51543,52445,1.71989703498904
"2543",2017,"STAFFORDSHIRE",5909.43,78023.3,83932.73,7.0406741208108
"2544",2017,"SUFFOLK",0,85406,85406,0
"2545",2017,"SURREY",2372.57142899,81560.51205,83933.08347899,2.82674165019077
"2546",2017,"WARWICKSHIRE",0,59347.5473476,59347.5473476,0
"2547",2017,"WEST SUSSEX",1742,91650.1,93392.1,1.86525412749044
"2548",2017,"WORCESTERSHIRE",670.828571459,48576.7142869,49247.542858359,1.36215642958751
"2549",2018,"HARTLEPOOL",0,24284,24284,0
"2550",2018,"MIDDLESBROUGH",0,26165,26165,0
"2551",2018,"REDCAR AND CLEVELAND",62,29636,29698,0.208768267223382
"2552",2018,"STOCKTON ON TEES",0,36435.34,36435.34,0
"2553",2018,"DARLINGTON",0,21563,21563,0
"2554",2018,"HALTON",0,20857,20857,0
"2555",2018,"WARRINGTON",0,19613.57,19613.57,0
"2556",2018,"BLACKBURN WITH DARWEN",0,20321.73,20321.73,0
"2557",2018,"BLACKPOOL",0,33544.94,33544.94,0
"2558",2018,"KINGSTON UPON HULL",364,55934.98,56298.98,0.64654812573869
"2559",2018,"EAST RIDING OF YORKSHIRE",2488.72,80777,83265.72,2.9888890650318
"2560",2018,"NORTH EAST LINCOLNSHIRE",0,24703,24703,0
"2561",2018,"NORTH LINCOLNSHIRE",0,25533.85,25533.85,0
"2562",2018,"YORK",5554,11246,16800,33.0595238095238
"2563",2018,"DERBY",2825,19460,22285,12.676688355396
"2564",2018,"LEICESTER",0,37918.5,37918.5,0
"2565",2018,"RUTLAND",0,4579,4579,0
"2566",2018,"NOTTINGHAM",3679,37259.4095928,40938.4095928,8.98667055362854
"2567",2018,"HEREFORDSHIRE",0,17304.818483,17304.818483,0
"2568",2018,"TELFORD AND WREKIN",208.57,12441.62,12650.19,1.64874993972423
"2569",2018,"STOKE ON TRENT",0,34206.28571,34206.28571,0
"2570",2018,"BATH AND NORTH EAST SOMERSET",0,14164,14164,0
"2571",2018,"BRISTOL",1595,28340.86,29935.86,5.3280580547878
"2572",2018,"NORTH SOMERSET",0,26049,26049,0
"2573",2018,"SOUTH GLOUCESTERSHIRE",1740.6,17805.57,19546.17,8.9050693818789
"2574",2018,"PLYMOUTH",0,31752,31752,0
"2575",2018,"TORBAY",0,25443.23,25443.23,0
"2576",2018,"BOURNEMOUTH",0,32748.81,32748.81,0
"2577",2018,"POOLE",0,14430.13,14430.13,0
"2578",2018,"SWINDON",2551.571,13858.139,16409.71,15.5491535194711
"2579",2018,"PETERBOROUGH",0,15624.5714274,15624.5714274,0
"2580",2018,"LUTON",0,15259,15259,0
"2581",2018,"SOUTHEND ON SEA",0,29238.72,29238.72,0
"2582",2018,"THURROCK",2302,17479,19781,11.6374298569334
"2583",2018,"MEDWAY",0,20375,20375,0
"2584",2018,"BRACKNELL FOREST",0,4550.85,4550.85,0
"2585",2018,"WEST BERKSHIRE",5241.7,5398.01,10639.71,49.2654405054273
"2586",2018,"READING",448,7997.85,8445.85,5.30438025775973
"2587",2018,"SLOUGH",352,5944,6296,5.59085133418043
"2588",2018,"WINDSOR AND MAIDENHEAD",261,7615,7876,3.31386490604368
"2589",2018,"WOKINGHAM",0,7402.59,7402.59,0
"2590",2018,"MILTON KEYNES",0,12398.85,12398.85,0
"2591",2018,"BRIGHTON AND HOVE",1699,24088,25787,6.58859115057975
"2592",2018,"PORTSMOUTH",5308.828367,11550.9999997,16859.8283667,31.4880332796597
"2593",2018,"SOUTHAMPTON",3036.714286,13968.7142855,17005.4285715,17.8573228732932
"2594",2018,"ISLE OF WIGHT",207.42,28065,28272.42,0.733647844790082
"2595",2018,"DURHAM",0,106251,106251,0
"2596",2018,"CHESHIRE EAST",0,31850.285363,31850.285363,0
"2597",2018,"CHESHIRE WEST AND CHESTER",0,27515.0060721,27515.0060721,0
"2598",2018,"SHROPSHIRE",0,29446,29446,0
"2599",2018,"CORNWALL",0,61167,61167,0
"2600",2018,"ISLES OF SCILLY",412,52,464,88.7931034482759
"2601",2018,"WILTSHIRE",0,39884,39884,0
"2602",2018,"BEDFORD",8556,16514,25070,34.1284403669725
"2603",2018,"CENTRAL BEDFORDSHIRE",5792,18047,23839,24.2963211544108
"2604",2018,"NORTHUMBERLAND",559,56120,56679,0.986255932532331
"2605",2018,"BOLTON",0,33155,33155,0
"2606",2018,"BURY",0,33567.9095173,33567.9095173,0
"2607",2018,"MANCHESTER",0,46309,46309,0
"2608",2018,"OLDHAM",0,32132,32132,0
"2609",2018,"ROCHDALE",0,32972,32972,0
"2610",2018,"SALFORD",0,29376,29376,0
"2611",2018,"STOCKPORT",0,34438,34438,0
"2612",2018,"TAMESIDE",0,25971,25971,0
"2613",2018,"TRAFFORD",0,17116.8599663,17116.8599663,0
"2614",2018,"WIGAN",1033.99,38685.29,39719.28,2.60324457039503
"2615",2018,"KNOWSLEY",0,20323,20323,0
"2616",2018,"LIVERPOOL",0,63322.8417552,63322.8417552,0
"2617",2018,"ST HELENS",52,20378,20430,0.254527655408713
"2618",2018,"SEFTON",0,58490.14,58490.14,0
"2619",2018,"WIRRAL",0,28788.6,28788.6,0
"2620",2018,"BARNSLEY",0,39407.91,39407.91,0
"2621",2018,"DONCASTER",250.14,46491.15,46741.29,0.535158529000804
"2622",2018,"ROTHERHAM",2628,37517,40145,6.54626977207622
"2623",2018,"SHEFFIELD",0,51202,51202,0
"2624",2018,"NEWCASTLE UPON TYNE",0,30648.86,30648.86,0
"2625",2018,"NORTH TYNESIDE",0,28914,28914,0
"2626",2018,"SOUTH TYNESIDE",0,29159,29159,0
"2627",2018,"SUNDERLAND",0,40575.43,40575.43,0
"2628",2018,"BIRMINGHAM",4681,86910,91591,5.11076415805046
"2629",2018,"COVENTRY",1621,27415,29036,5.58272489323598
"2630",2018,"DUDLEY",0,39370,39370,0
"2631",2018,"SANDWELL",791,28992,29783,2.65587751401806
"2632",2018,"SOLIHULL",325.9,13820.9,14146.8,2.30370119037521
"2633",2018,"WALSALL",0,24915,24915,0
"2634",2018,"WOLVERHAMPTON",168,12256,12424,1.35222150676111
"2635",2018,"BRADFORD",2786,55225,58011,4.802537449794
"2636",2018,"CALDERDALE",378,18229,18607,2.0314935239426
"2637",2018,"KIRKLEES",2755.43,43729.3,46484.73,5.92760246214187
"2638",2018,"LEEDS",3121,66593,69714,4.47686261009266
"2639",2018,"WAKEFIELD",2026,41529.56,43555.56,4.65153013759897
"2640",2018,"GATESHEAD",0,30185.15,30185.15,0
"2641",2018,"BARKING AND DAGENHAM",1741,8349,10090,17.2547076313181
"2642",2018,"BARNET",0,27462.1428604,27462.1428604,0
"2643",2018,"BEXLEY",0,15991,15991,0
"2644",2018,"BRENT",0,13122,13122,0
"2645",2018,"BROMLEY",0,12301,12301,0
"2646",2018,"CAMDEN",0,12828.42,12828.42,0
"2647",2018,"CROYDON",0,17473,17473,0
"2648",2018,"EALING",0,14967,14967,0
"2649",2018,"ENFIELD",576.3,25338.83,25915.13,2.22379744959798
"2650",2018,"GREENWICH",260.7142857,12629.9999989,12890.7142846,2.02249681393889
"2651",2018,"HACKNEY",0,9456.5714283,9456.5714283,0
"2652",2018,"HAMMERSMITH AND FULHAM",0,7053,7053,0
"2653",2018,"HARINGEY",0,16626.4142834,16626.4142834,0
"2654",2018,"HARROW",52,12498,12550,0.414342629482072
"2655",2018,"HAVERING",0,16606,16606,0
"2656",2018,"HILLINGDON",406.571428,10631.2352758,11037.8067038,3.68344399308994
"2657",2018,"HOUNSLOW",4098.14285713,5189.4285705,9287.57142763,44.1250211539505
"2658",2018,"ISLINGTON",52,13147.8571434,13199.8571434,0.393943657382688
"2659",2018,"KENSINGTON AND CHELSEA",0,9209,9209,0
"2660",2018,"KINGSTON UPON THAMES",156,7114.4285707,7270.4285707,2.14567818778502
"2661",2018,"LAMBETH",0,11883,11883,0
"2662",2018,"LEWISHAM",0,15663.6432,15663.6432,0
"2663",2018,"MERTON",0,7983,7983,0
"2664",2018,"NEWHAM",0,12707.5728534,12707.5728534,0
"2665",2018,"REDBRIDGE",0,23750,23750,0
"2666",2018,"RICHMOND UPON THAMES",0,12624.14,12624.14,0
"2667",2018,"SOUTHWARK",0,12458,12458,0
"2668",2018,"SUTTON",0,6189,6189,0
"2669",2018,"TOWER HAMLETS",0,15492,15492,0
"2670",2018,"WALTHAM FOREST",4400,8961,13361,32.9316667914078
"2671",2018,"WANDSWORTH",0,12590,12590,0
"2672",2018,"WESTMINSTER",0,12361.7142857,12361.7142857,0
"2673",2018,"BUCKINGHAMSHIRE",0,29787.57,29787.57,0
"2674",2018,"CAMBRIDGESHIRE",104.2857143,42929.1428573,43033.4285716,0.242336522469938
"2675",2018,"CUMBRIA",24887.71,50460.42,75348.13,33.0302955096563
"2676",2018,"DERBYSHIRE",28695,77997,106692,26.8951748959622
"2677",2018,"DEVON",1533,100705,102238,1.49944247735676
"2678",2018,"DORSET",0,59756,59756,0
"2679",2018,"EAST SUSSEX",366.28,57900.55,58266.83,0.628625240123755
"2680",2018,"ESSEX",765,199279.46,200044.46,0.382414989147912
"2681",2018,"GLOUCESTERSHIRE",79,48463,48542,0.162745663549092
"2682",2018,"HAMPSHIRE",20889.8571,83776.1428,104665.9999,19.9585893412938
"2683",2018,"HERTFORDSHIRE",0,99384,99384,0
"2684",2018,"KENT",2175.3428573,134462.000006,136637.3428633,1.59205588436855
"2685",2018,"LANCASHIRE",28136.4328569,160428.570034,188565.0028909,14.9213440593635
"2686",2018,"LEICESTERSHIRE",52,69138,69190,0.0751553692730163
"2687",2018,"LINCOLNSHIRE",0,103562,103562,0
"2688",2018,"NORFOLK",0,133334.28571,133334.28571,0
"2689",2018,"NORTHAMPTONSHIRE",0,74134.857137,74134.857137,0
"2690",2018,"NORTH YORKSHIRE",7722,57402,65124,11.8573797678275
"2691",2018,"NOTTINGHAMSHIRE",1848.13,83096,84944.13,2.17570066348316
"2692",2018,"OXFORDSHIRE",0,42495,42495,0
"2693",2018,"SOMERSET",0,49402,49402,0
"2694",2018,"STAFFORDSHIRE",5202,87704,92906,5.59920780143371
"2695",2018,"SUFFOLK",0,80914,80914,0
"2696",2018,"SURREY",1333.28568597,83176.571255,84509.85694097,1.57766884743551
"2697",2018,"WARWICKSHIRE",0,53848.4285716,53848.4285716,0
"2698",2018,"WEST SUSSEX",1791.5,86378.6,88170.1,2.03186794616316
"2699",2018,"WORCESTERSHIRE",1703.14,49164.86,50868,3.34815601163796
"2700",2019,"HARTLEPOOL",0,24519.8,24519.8,0
"2701",2019,"MIDDLESBROUGH",52.14,28444.27,28496.41,0.182970416273489
"2702",2019,"REDCAR AND CLEVELAND",0,26174,26174,0
"2703",2019,"STOCKTON ON TEES",52,32514.46,32566.46,0.159673480015943
"2704",2019,"DARLINGTON",0,19667,19667,0
"2705",2019,"HALTON",0,17261,17261,0
"2706",2019,"WARRINGTON",0,18534,18534,0
"2707",2019,"BLACKBURN WITH DARWEN",0,19888,19888,0
"2708",2019,"BLACKPOOL",0,32946.71,32946.71,0
"2709",2019,"KINGSTON UPON HULL",424.83,53818.36,54243.19,0.783195088636933
"2710",2019,"EAST RIDING OF YORKSHIRE",2356.93,81985.5,84342.43,2.79447722812824
"2711",2019,"NORTH EAST LINCOLNSHIRE",0,23852,23852,0
"2712",2019,"NORTH LINCOLNSHIRE",0,25401.44,25401.44,0
"2713",2019,"YORK",2125,13870,15995,13.2854016880275
"2714",2019,"DERBY",1517.43,19528.57,21046,7.21006367005607
"2715",2019,"LEICESTER",0,40749.7,40749.7,0
"2716",2019,"RUTLAND",0,4372,4372,0
"2717",2019,"NOTTINGHAM",3869,35254,39123,9.88932341589346
"2718",2019,"HEREFORDSHIRE",0,17354.428402,17354.428402,0
"2719",2019,"TELFORD AND WREKIN",312.86,12210.41,12523.27,2.49822929634193
"2720",2019,"STOKE ON TRENT",11.42857143,32041.71428257,32053.142854,0.0356550728334392
"2721",2019,"BATH AND NORTH EAST SOMERSET",0,14061,14061,0
"2722",2019,"BRISTOL",1409,27284,28693,4.91060537413306
"2723",2019,"NORTH SOMERSET",0,27083.28,27083.28,0
"2724",2019,"SOUTH GLOUCESTERSHIRE",1458.69,17582.54,19041.23,7.6606920876435
"2725",2019,"PLYMOUTH",0,32831,32831,0
"2726",2019,"TORBAY",0,24671.32,24671.32,0
"2727",2019,"BOURNEMOUTH",0,0,0,NA
"2728",2019,"POOLE",0,14263.902857,14263.902857,0
"2729",2019,"SWINDON",2423.862,13854.857,16278.719,14.8897588317607
"2730",2019,"PETERBOROUGH",0,12733.14,12733.14,0
"2731",2019,"LUTON",0,13776,13776,0
"2732",2019,"SOUTHEND ON SEA",0,27036,27036,0
"2733",2019,"THURROCK",1926,18419,20345,9.46669943475055
"2734",2019,"MEDWAY",0,19022,19022,0
"2735",2019,"BRACKNELL FOREST",0,5043.14,5043.14,0
"2736",2019,"WEST BERKSHIRE",5193.85,5871.14,11064.99,46.9394911337471
"2737",2019,"READING",79.29,7388.28,7467.57,1.0617911850843
"2738",2019,"SLOUGH",345,8995,9340,3.69379014989293
"2739",2019,"WINDSOR AND MAIDENHEAD",313,6975,7288,4.294731064764
"2740",2019,"WOKINGHAM",0,8291,8291,0
"2741",2019,"MILTON KEYNES",0,12373.1428573,12373.1428573,0
"2742",2019,"BRIGHTON AND HOVE",1735.857143,23149.5714241,24885.4285671,6.97539581574619
"2743",2019,"PORTSMOUTH",4650.970423,10175.0556166,14826.0260396,31.3703106319749
"2744",2019,"SOUTHAMPTON",2517.142857,13709.9999999,16227.1428569,15.5119288663295
"2745",2019,"ISLE OF WIGHT",0,23915,23915,0
"2746",2019,"DURHAM",0,107837.07,107837.07,0
"2747",2019,"CHESHIRE EAST",0,29969,29969,0
"2748",2019,"CHESHIRE WEST AND CHESTER",0,27526,27526,0
"2749",2019,"SHROPSHIRE",0,32366.4285753,32366.4285753,0
"2750",2019,"CORNWALL",0,57129,57129,0
"2751",2019,"ISLES OF SCILLY",475,35,510,93.1372549019608
"2752",2019,"WILTSHIRE",0,39747,39747,0
"2753",2019,"BEDFORD",8660.3329165,16368,25028.3329165,34.602116510887
"2754",2019,"CENTRAL BEDFORDSHIRE",5235,19558,24793,21.1148307990159
"2755",2019,"NORTHUMBERLAND",614,59883,60497,1.01492635998479
"2756",2019,"BOLTON",0,32061,32061,0
"2757",2019,"BURY",0,23343.36,23343.36,0
"2758",2019,"MANCHESTER",0,43825,43825,0
"2759",2019,"OLDHAM",0,29383,29383,0
"2760",2019,"ROCHDALE",0,34736,34736,0
"2761",2019,"SALFORD",0,27244,27244,0
"2762",2019,"STOCKPORT",0,35129.2857194,35129.2857194,0
"2763",2019,"TAMESIDE",0,26087,26087,0
"2764",2019,"TRAFFORD",0,16923,16923,0
"2765",2019,"WIGAN",1076.72,39549.28,40626,2.65032245360114
"2766",2019,"KNOWSLEY",0,17898,17898,0
"2767",2019,"LIVERPOOL",0,66975,66975,0
"2768",2019,"ST HELENS",52,18769,18821,0.276287126082567
"2769",2019,"SEFTON",0,47682.01,47682.01,0
"2770",2019,"WIRRAL",0,33222.5714276,33222.5714276,0
"2771",2019,"BARNSLEY",0,37147,37147,0
"2772",2019,"DONCASTER",260.7142857,41442.4285717,41703.1428574,0.625166996625382
"2773",2019,"ROTHERHAM",1806,33313,35119,5.14251544747857
"2774",2019,"SHEFFIELD",0,48859,48859,0
"2775",2019,"NEWCASTLE UPON TYNE",0,31250.31,31250.31,0
"2776",2019,"NORTH TYNESIDE",0,31126,31126,0
"2777",2019,"SOUTH TYNESIDE",0,26869,26869,0
"2778",2019,"SUNDERLAND",0,42158,42158,0
"2779",2019,"BIRMINGHAM",4155.71428574,87521.428569,91677.14285474,4.5329884378319
"2780",2019,"COVENTRY",1564.29,27836.71,29401,5.32053331519336
"2781",2019,"DUDLEY",0,35720.92,35720.92,0
"2782",2019,"SANDWELL",720,29156,29876,2.40996117284777
"2783",2019,"SOLIHULL",312.85,15260,15572.85,2.00894505501562
"2784",2019,"WALSALL",0,22239,22239,0
"2785",2019,"WOLVERHAMPTON",235.42857145,28510.0000009,28745.42857235,0.819012215655246
"2786",2019,"BRADFORD",1558,51367,52925,2.94378837978271
"2787",2019,"CALDERDALE",332,20012,20344,1.63193079040503
"2788",2019,"KIRKLEES",2662.86,44685.71,47348.57,5.62395020588795
"2789",2019,"LEEDS",3164,60003,63167,5.00894454382826
"2790",2019,"WAKEFIELD",1895,44589,46484,4.07667154289648
"2791",2019,"GATESHEAD",13.71,28932.85,28946.56,0.0473631409051715
"2792",2019,"BARKING AND DAGENHAM",1878,8409,10287,18.2560513269175
"2793",2019,"BARNET",0,25404.3421807,25404.3421807,0
"2794",2019,"BEXLEY",0,15587,15587,0
"2795",2019,"BRENT",0,13604,13604,0
"2796",2019,"BROMLEY",0,13057.7,13057.7,0
"2797",2019,"CAMDEN",0,12316.46,12316.46,0
"2798",2019,"CROYDON",0,17587.7142857,17587.7142857,0
"2799",2019,"EALING",0,17602,17602,0
"2800",2019,"ENFIELD",0,24789.9428573,24789.9428573,0
"2801",2019,"GREENWICH",245.7142857,11666.8571423,11912.571428,2.06264690361024
"2802",2019,"HACKNEY",0,8972,8972,0
"2803",2019,"HAMMERSMITH AND FULHAM",0,7678,7678,0
"2804",2019,"HARINGEY",0,16603.9999996,16603.9999996,0
"2805",2019,"HARROW",52,12383,12435,0.418174507438681
"2806",2019,"HAVERING",0,16236,16236,0
"2807",2019,"HILLINGDON",369,9948.9550093,10317.9550093,3.57629006588423
"2808",2019,"HOUNSLOW",3997.2857144,5442.42857231,9439.71428671,42.3454099667794
"2809",2019,"ISLINGTON",0,11979.01,11979.01,0
"2810",2019,"KENSINGTON AND CHELSEA",0,9066,9066,0
"2811",2019,"KINGSTON UPON THAMES",78.9,6930.3273809,7009.2273809,1.12565901649875
"2812",2019,"LAMBETH",0,12927,12927,0
"2813",2019,"LEWISHAM",0,14314.64,14314.64,0
"2814",2019,"MERTON",52.14,7110.13,7162.27,0.72798149190131
"2815",2019,"NEWHAM",0,11880.999999,11880.999999,0
"2816",2019,"REDBRIDGE",0,23298,23298,0
"2817",2019,"RICHMOND UPON THAMES",0,13056,13056,0
"2818",2019,"SOUTHWARK",0,12732.4185714,12732.4185714,0
"2819",2019,"SUTTON",0,5493,5493,0
"2820",2019,"TOWER HAMLETS",0,15821.43,15821.43,0
"2821",2019,"WALTHAM FOREST",4715,8832,13547,34.804753820034
"2822",2019,"WANDSWORTH",0,12386,12386,0
"2823",2019,"WESTMINSTER",0,12125.9999996,12125.9999996,0
"2824",2019,"BUCKINGHAMSHIRE",0,30392,30392,0
"2825",2019,"CAMBRIDGESHIRE",105.43,46221.28,46326.71,0.227579294968281
"2826",2019,"CUMBRIA",21640.57,51968.15,73608.72,29.3994651720611
"2827",2019,"DERBYSHIRE",21331,68688,90019,23.6961085992957
"2828",2019,"DEVON",1437.57142849,96339.142855,97776.71428349,1.4702594979025
"2829",2019,"DORSET",0,61447,61447,0
"2830",2019,"EAST SUSSEX",61.58,58077.47,58139.05,0.105918483360151
"2831",2019,"ESSEX",924,182173,183097,0.504650540423928
"2832",2019,"GLOUCESTERSHIRE",0,45955,45955,0
"2833",2019,"HAMPSHIRE",21095,82975,104070,20.2700105698088
"2834",2019,"HERTFORDSHIRE",0,96689,96689,0
"2835",2019,"KENT",1708.857143,129182.285713,130891.142856,1.305555980117
"2836",2019,"LANCASHIRE",27081.7142884,159762.428582,186844.1428704,14.4942805658
"2837",2019,"LEICESTERSHIRE",52,69015,69067,0.0752892119246529
"2838",2019,"LINCOLNSHIRE",0,103200,103200,0
"2839",2019,"NORFOLK",0,144226,144226,0
"2840",2019,"NORTHAMPTONSHIRE",7702,67956.5714273,75658.5714273,10.1799437323514
"2841",2019,"NORTH YORKSHIRE",10077,62381,72458,13.9073670264153
"2842",2019,"NOTTINGHAMSHIRE",888.4285715,83966.857144,84855.2857155,1.04699261101859
"2843",2019,"OXFORDSHIRE",0,43931,43931,0
"2844",2019,"SOMERSET",0,48675,48675,0
"2845",2019,"STAFFORDSHIRE",4342,81001,85343,5.08770490842834
"2846",2019,"SUFFOLK",0,91013,91013,0
"2847",2019,"SURREY",1072.857032,86678.6661482,87751.5231802,1.22260787405007
"2848",2019,"WARWICKSHIRE",0,57402,57402,0
"2849",2019,"WEST SUSSEX",1708.7,85662.5,87371.2,1.95567875913344
"2850",2019,"WORCESTERSHIRE",1677.43,48291.86,49969.29,3.35692182138269
"2851",2020,"HARTLEPOOL",0,17142.2857147,17142.2857147,0
"2852",2020,"MIDDLESBROUGH",52,27220.8,27272.8,0.190666158223578
"2853",2020,"REDCAR AND CLEVELAND",0,26569,26569,0
"2854",2020,"STOCKTON ON TEES",52.14,31605.28,31657.42,0.164700724190411
"2855",2020,"DARLINGTON",0,19564,19564,0
"2856",2020,"HALTON",8127,27078,35205,23.0847890924585
"2857",2020,"WARRINGTON",0,18578,18578,0
"2858",2020,"BLACKBURN WITH DARWEN",0,19942.9999991,19942.9999991,0
"2859",2020,"BLACKPOOL",0,33245,33245,0
"2860",2020,"KINGSTON UPON HULL",410.17,55129.97,55540.14,0.73851092201064
"2861",2020,"EAST RIDING OF YORKSHIRE",2432.49,84027.144285,86459.634285,2.81344007537864
"2862",2020,"NORTH EAST LINCOLNSHIRE",0,24125,24125,0
"2863",2020,"NORTH LINCOLNSHIRE",0,25100.42857629,25100.42857629,0
"2864",2020,"YORK",1863,15461,17324,10.7538674670977
"2865",2020,"DERBY",1078,18599,19677,5.47847741017431
"2866",2020,"LEICESTER",0,43418,43418,0
"2867",2020,"RUTLAND",0,4211,4211,0
"2868",2020,"NOTTINGHAM",4618,32669,37287,12.3850135435943
"2869",2020,"HEREFORDSHIRE",0,18253,18253,0
"2870",2020,"TELFORD AND WREKIN",313.71,12247.43,12561.14,2.49746440211637
"2871",2020,"STOKE ON TRENT",0,34715.580583,34715.580583,0
"2872",2020,"BATH AND NORTH EAST SOMERSET",0,14350.2,14350.2,0
"2873",2020,"BRISTOL",1745,27543,29288,5.95807156514613
"2874",2020,"NORTH SOMERSET",0,29119.142,29119.142,0
"2875",2020,"SOUTH GLOUCESTERSHIRE",1550.65,18685.24,20235.89,7.66287027652354
"2876",2020,"PLYMOUTH",0,31509,31509,0
"2877",2020,"TORBAY",0,24783.48,24783.48,0
"2878",2020,"SWINDON",3095.994,13579.134286,16675.128286,18.566537821477
"2879",2020,"PETERBOROUGH",0,11429,11429,0
"2880",2020,"LUTON",0,13940,13940,0
"2881",2020,"SOUTHEND ON SEA",0,26758.72,26758.72,0
"2882",2020,"THURROCK",3370,21251,24621,13.6875025384834
"2883",2020,"MEDWAY",0,18856,18856,0
"2884",2020,"BRACKNELL FOREST",0,5254.58,5254.58,0
"2885",2020,"WEST BERKSHIRE",5263,5873,11136,47.2611350574713
"2886",2020,"READING",0,7299,7299,0
"2887",2020,"SLOUGH",0,9173,9173,0
"2888",2020,"WINDSOR AND MAIDENHEAD",366,6547,6913,5.29437292058441
"2889",2020,"WOKINGHAM",0,9257.978,9257.978,0
"2890",2020,"MILTON KEYNES",0,11693,11693,0
"2891",2020,"BRIGHTON AND HOVE",1711,23791,25502,6.70927770370951
"2892",2020,"PORTSMOUTH",3093,9943,13036,23.7266032525315
"2893",2020,"SOUTHAMPTON",1751.571429,14181.1428565,15932.7142855,10.9935532490786
"2894",2020,"ISLE OF WIGHT",212,23198,23410,0.905595899188381
"2895",2020,"DURHAM",0,110008,110008,0
"2896",2020,"CHESHIRE EAST",0,29798.856775,29798.856775,0
"2897",2020,"CHESHIRE WEST AND CHESTER",0,28273,28273,0
"2898",2020,"SHROPSHIRE",0,29412,29412,0
"2899",2020,"CORNWALL",0,66712.428569,66712.428569,0
"2900",2020,"ISLES OF SCILLY",760.735,46.81,807.545,94.2034190045137
"2901",2020,"WILTSHIRE",0,48505,48505,0
"2902",2020,"BEDFORD",8589.4060772,15910,24499.4060772,35.0596502222705
"2903",2020,"CENTRAL BEDFORDSHIRE",4705,20152,24857,18.9282697026994
"2904",2020,"NORTHUMBERLAND",515,64014,64529,0.798090780889213
"2905",2020,"BOURNEMOUTH CHRISTCHURCH AND POOLE",0,57211.0283587,57211.0283587,0
"2906",2020,"DORSET",0,51659,51659,0
"2907",2020,"BOLTON",0,33242,33242,0
"2908",2020,"BURY",0,22847.5255688,22847.5255688,0
"2909",2020,"MANCHESTER",0,41517,41517,0
"2910",2020,"OLDHAM",0,31343,31343,0
"2911",2020,"ROCHDALE",0,34050,34050,0
"2912",2020,"SALFORD",0,28820.3,28820.3,0
"2913",2020,"STOCKPORT",0,34177,34177,0
"2914",2020,"TAMESIDE",0,26559,26559,0
"2915",2020,"TRAFFORD",0,15570,15570,0
"2916",2020,"WIGAN",1194.43,39574.28,40768.71,2.9297713859477
"2917",2020,"KNOWSLEY",0,17812,17812,0
"2918",2020,"LIVERPOOL",0,67222,67222,0
"2919",2020,"ST HELENS",52,18636.2649161,18688.2649161,0.278249480267169
"2920",2020,"SEFTON",0,57445,57445,0
"2921",2020,"WIRRAL",0,33251,33251,0
"2922",2020,"BARNSLEY",0,37033,37033,0
"2923",2020,"DONCASTER",201.42857146,39025.1471399,39226.57571136,0.513500268140067
"2924",2020,"ROTHERHAM",2048,30835,32883,6.22814220113737
"2925",2020,"SHEFFIELD",0,52642,52642,0
"2926",2020,"NEWCASTLE UPON TYNE",0,31505,31505,0
"2927",2020,"NORTH TYNESIDE",0,33127,33127,0
"2928",2020,"SOUTH TYNESIDE",0,26990,26990,0
"2929",2020,"SUNDERLAND",0,46519,46519,0
"2930",2020,"BIRMINGHAM",4173.71428573,85649.285718,89823.00000373,4.64659862792011
"2931",2020,"COVENTRY",1726,28266.39,29992.39,5.75479313252462
"2932",2020,"DUDLEY",0,35254,35254,0
"2933",2020,"SANDWELL",732,28217,28949,2.52858475249577
"2934",2020,"SOLIHULL",374.42857144,15952.9980646,16327.42663604,2.29324914321472
"2935",2020,"WALSALL",0,20397.9176231,20397.9176231,0
"2936",2020,"WOLVERHAMPTON",114,27641,27755,0.410736804179427
"2937",2020,"BRADFORD",1136,42809,43945,2.58504949368529
"2938",2020,"CALDERDALE",270,23737,24007,1.12467197067522
"2939",2020,"KIRKLEES",2868.29,44246.43,47114.72,6.08788506012558
"2940",2020,"LEEDS",2938,60169,63107,4.65558495887936
"2941",2020,"WAKEFIELD",1810.29,48424.14,50234.43,3.60368376828402
"2942",2020,"GATESHEAD",8.29,29630.95,29639.24,0.0279696780349294
"2943",2020,"BARKING AND DAGENHAM",1815,7383.7142857,9198.7142857,19.7310183100429
"2944",2020,"BARNET",0,26654,26654,0
"2945",2020,"BEXLEY",0,15162.571429,15162.571429,0
"2946",2020,"BRENT",0,13816.14,13816.14,0
"2947",2020,"BROMLEY",0,14431,14431,0
"2948",2020,"CAMDEN",0,12637.89,12637.89,0
"2949",2020,"CROYDON",0,18124,18124,0
"2950",2020,"EALING",0,13897,13897,0
"2951",2020,"ENFIELD",0,26293.28,26293.28,0
"2952",2020,"GREENWICH",119.4285714,11807.5714297,11927.0000011,1.00132951613134
"2953",2020,"HACKNEY",0,9707,9707,0
"2954",2020,"HAMMERSMITH AND FULHAM",0,7305,7305,0
"2955",2020,"HARINGEY",0,16319.7142902,16319.7142902,0
"2956",2020,"HARROW",52.286,13565.858,13618.144,0.383943656345534
"2957",2020,"HAVERING",0,15804,15804,0
"2958",2020,"HILLINGDON",505.7142675,10250.6962752,10756.4105427,4.70151511503259
"2959",2020,"HOUNSLOW",4016.142857,5264.00000009,9280.14285709,43.2767352706395
"2960",2020,"ISLINGTON",49.14,11477.52,11526.66,0.426316036041663
"2961",2020,"KENSINGTON AND CHELSEA",0,8488.36,8488.36,0
"2962",2020,"KINGSTON UPON THAMES",0,6925.8,6925.8,0
"2963",2020,"LAMBETH",0,12817,12817,0
"2964",2020,"LEWISHAM",0,15646.28571457,15646.28571457,0
"2965",2020,"MERTON",21,5860,5881,0.357082128889645
"2966",2020,"NEWHAM",0,11079.2828567,11079.2828567,0
"2967",2020,"REDBRIDGE",0,24032,24032,0
"2968",2020,"RICHMOND UPON THAMES",0,13141,13141,0
"2969",2020,"SOUTHWARK",0,12839,12839,0
"2970",2020,"SUTTON",0,5182,5182,0
"2971",2020,"TOWER HAMLETS",0,14183.42,14183.42,0
"2972",2020,"WALTHAM FOREST",4500,9872,14372,31.3108822710827
"2973",2020,"WANDSWORTH",0,12119,12119,0
"2974",2020,"WESTMINSTER",0,10779.5714281,10779.5714281,0
"2975",2020,"BUCKINGHAMSHIRE",0,32491,32491,0
"2976",2020,"CAMBRIDGESHIRE",105.43,48123.28571,48228.71571,0.218604203839787
"2977",2020,"CUMBRIA",19773.2857113,54913.57143,74686.8571413,26.4749200436844
"2978",2020,"DERBYSHIRE",25005,68940,93945,26.61663739422
"2979",2020,"DEVON",1427,99858,101285,1.40889569037863
"2980",2020,"EAST SUSSEX",53.72,58378.71,58432.43,0.0919352489704775
"2981",2020,"ESSEX",0,172761,172761,0
"2982",2020,"GLOUCESTERSHIRE",0,45722,45722,0
"2983",2020,"HAMPSHIRE",19518,88394,107912,18.0869597449774
"2984",2020,"HERTFORDSHIRE",0,96638.7142881,96638.7142881,0
"2985",2020,"KENT",1573.71443585,126805.135808,128378.85024385,1.22583621278801
"2986",2020,"LANCASHIRE",27268.5714262,158906.142862,186174.7142882,14.6467642130972
"2987",2020,"LEICESTERSHIRE",37,83180,83217,0.0444620690483916
"2988",2020,"LINCOLNSHIRE",0,106395,106395,0
"2989",2020,"NORFOLK",0,149222,149222,0
"2990",2020,"NORTHAMPTONSHIRE",7764,68172,75936,10.224399494311
"2991",2020,"NORTH YORKSHIRE",7618,61164,68782,11.0755720973511
"2992",2020,"NOTTINGHAMSHIRE",149,85776,85925,0.173407041024149
"2993",2020,"OXFORDSHIRE",0,41733.5714326,41733.5714326,0
"2994",2020,"SOMERSET",0,47328,47328,0
"2995",2020,"STAFFORDSHIRE",5478.71428569,100461.999995,105940.71428069,5.17149079359059
"2996",2020,"SUFFOLK",0,98132,98132,0
"2997",2020,"SURREY",19601.4287709,69286.3458934,88887.7746643,22.0518837882129
"2998",2020,"WARWICKSHIRE",0,61621,61621,0
"2999",2020,"WEST SUSSEX",1812.8,87340.9,89153.7,2.03334241876669
"3000",2020,"WORCESTERSHIRE",1764.143,48346.143,50110.286,3.520520717044
"3001",2021,"HARTLEPOOL",0,14064.4285716,14064.4285716,0
"3002",2021,"MIDDLESBROUGH",52,22118,22170,0.234551195308976
"3003",2021,"REDCAR AND CLEVELAND",0,22992.9999977,22992.9999977,0
"3004",2021,"STOCKTON ON TEES",52,28100.29,28152.29,0.184709663050501
"3005",2021,"DARLINGTON",0,16640,16640,0
"3006",2021,"HALTON",7251,21317,28568,25.3815457854943
"3007",2021,"WARRINGTON",0,15253.9,15253.9,0
"3008",2021,"BLACKBURN WITH DARWEN",0,18745,18745,0
"3009",2021,"BLACKPOOL",0,31689.06,31689.06,0
"3010",2021,"KINGSTON UPON HULL",469.26,49348.57,49817.83,0.941951907580077
"3011",2021,"EAST RIDING OF YORKSHIRE",2108.57142811,78729.928573,80838.50000111,2.60837525199137
"3012",2021,"NORTH EAST LINCOLNSHIRE",0,23536,23536,0
"3013",2021,"NORTH LINCOLNSHIRE",0,24008.58,24008.58,0
"3014",2021,"YORK",1851.428571,16300.8571416,18152.2857126,10.1994239200129
"3015",2021,"DERBY",0,19701,19701,0
"3016",2021,"LEICESTER",0,40855.71,40855.71,0
"3017",2021,"RUTLAND",0,5431,5431,0
"3018",2021,"NOTTINGHAM",3056.56,27676.77,30733.33,9.94542407217181
"3019",2021,"HEREFORDSHIRE",0,16613.142633,16613.142633,0
"3020",2021,"TELFORD AND WREKIN",303.86,12046.27,12350.13,2.4603789595737
"3021",2021,"STOKE ON TRENT",0,32422,32422,0
"3022",2021,"BATH AND NORTH EAST SOMERSET",3499.1,9740.7,13239.8,26.4286469584133
"3023",2021,"BRISTOL",1534,25278,26812,5.72131881247203
"3024",2021,"NORTH SOMERSET",0,27342.58,27342.58,0
"3025",2021,"SOUTH GLOUCESTERSHIRE",1274.85,19373.47,20648.32,6.17411004866255
"3026",2021,"PLYMOUTH",0,32368,32368,0
"3027",2021,"TORBAY",0,24874.48,24874.48,0
"3028",2021,"SWINDON",2947.42,13873.15,16820.57,17.522711774928
"3029",2021,"PETERBOROUGH",0,12060.42,12060.42,0
"3030",2021,"LUTON",0,13541,13541,0
"3031",2021,"SOUTHEND ON SEA",0,23424.1417002,23424.1417002,0
"3032",2021,"THURROCK",2079,16338,18417,11.2884834663626
"3033",2021,"MEDWAY",0,15836,15836,0
"3034",2021,"BRACKNELL FOREST",0,5142.14,5142.14,0
"3035",2021,"WEST BERKSHIRE",3731,5591,9322,40.0236000858185
"3036",2021,"READING",89,6133,6222,1.43040822886532
"3037",2021,"SLOUGH",0,6987,6987,0
"3038",2021,"WINDSOR AND MAIDENHEAD",0,6825,6825,0
"3039",2021,"WOKINGHAM",0,9334.26,9334.26,0
"3040",2021,"MILTON KEYNES",0,11954.2857142,11954.2857142,0
"3041",2021,"BRIGHTON AND HOVE",1532,23302.71429,24834.71429,6.16878447688395
"3042",2021,"PORTSMOUTH",2763,9275,12038,22.952317660741
"3043",2021,"SOUTHAMPTON",1171.714286,14276.5714286,15448.2857146,7.5847528175416
"3044",2021,"ISLE OF WIGHT",157,23120,23277,0.674485543669717
"3045",2021,"DURHAM",0,88104.85,88104.85,0
"3046",2021,"CHESHIRE EAST",0,28175.856799,28175.856799,0
"3047",2021,"CHESHIRE WEST AND CHESTER",0,25986,25986,0
"3048",2021,"SHROPSHIRE",0,25770.9999999,25770.9999999,0
"3049",2021,"CORNWALL",0,65182.61313,65182.61313,0
"3050",2021,"ISLES OF SCILLY",831.30413239,47.81781977,879.12195216,94.560729640238
"3051",2021,"WILTSHIRE",0,44119.7142821,44119.7142821,0
"3052",2021,"BEDFORD",7752,13713,21465,36.114605171209
"3053",2021,"CENTRAL BEDFORDSHIRE",4511.85714309,18163.4285668,22675.28570989,19.8976859688349
"3054",2021,"NORTHUMBERLAND",506,51255,51761,0.977569985123935
"3055",2021,"BOURNEMOUTH CHRISTCHURCH AND POOLE",0,51105.57,51105.57,0
"3056",2021,"DORSET",0,45558,45558,0
"3057",2021,"BUCKINGHAMSHIRE",0,32043.7142871,32043.7142871,0
"3058",2021,"BOLTON",0,31541,31541,0
"3059",2021,"BURY",0,21031.4014318,21031.4014318,0
"3060",2021,"MANCHESTER",0,36640.047333,36640.047333,0
"3061",2021,"OLDHAM",0,26275,26275,0
"3062",2021,"ROCHDALE",0,0,0,NA
"3063",2021,"SALFORD",0,27342.1428532,27342.1428532,0
"3064",2021,"STOCKPORT",0,34164.571427,34164.571427,0
"3065",2021,"TAMESIDE",0,22231,22231,0
"3066",2021,"TRAFFORD",0,14178,14178,0
"3067",2021,"WIGAN",1040,37823.7142857,38863.7142857,2.67601802636417
"3068",2021,"KNOWSLEY",0,15095,15095,0
"3069",2021,"LIVERPOOL",0,69965.6689957,69965.6689957,0
"3070",2021,"ST HELENS",0,17041.1,17041.1,0
"3071",2021,"SEFTON",0,56541.82,56541.82,0
"3072",2021,"WIRRAL",0,35583,35583,0
"3073",2021,"BARNSLEY",0,30673,30673,0
"3074",2021,"DONCASTER",208.57142854,32564.0042859,32772.57571444,0.636420616912637
"3075",2021,"ROTHERHAM",1664,25163,26827,6.20270622879934
"3076",2021,"SHEFFIELD",0,48688,48688,0
"3077",2021,"NEWCASTLE UPON TYNE",0,30042.12,30042.12,0
"3078",2021,"NORTH TYNESIDE",0,31748,31748,0
"3079",2021,"SOUTH TYNESIDE",0,24138,24138,0
"3080",2021,"SUNDERLAND",0,45098,45098,0
"3081",2021,"BIRMINGHAM",3587.85714311,81837,85424.85714311,4.20001538556788
"3082",2021,"COVENTRY",1576.28,27315.42,28891.7,5.45582295261269
"3083",2021,"DUDLEY",0,30182,30182,0
"3084",2021,"SANDWELL",651,24507,25158,2.58764607679466
"3085",2021,"SOLIHULL",608.7142857,15297.1428579,15905.8571436,3.82698197402664
"3086",2021,"WALSALL",0,20452,20452,0
"3087",2021,"WOLVERHAMPTON",114,24171,24285,0.469425571340334
"3088",2021,"BRADFORD",1290.9,46699.29,47990.19,2.68992475337147
"3089",2021,"CALDERDALE",270,23842,24112,1.11977438619774
"3090",2021,"KIRKLEES",2267.42,40335.72,42603.14,5.3221898667563
"3091",2021,"LEEDS",2850,54244,57094,4.99176796160717
"3092",2021,"WAKEFIELD",1780.86,44894.417892,46675.277892,3.81542452542148
"3093",2021,"GATESHEAD",0,29499.5,29499.5,0
"3094",2021,"BARKING AND DAGENHAM",1637,6921.85,8558.85,19.1264013272811
"3095",2021,"BARNET",0,21888.87,21888.87,0
"3096",2021,"BEXLEY",0,14602,14602,0
"3097",2021,"BRENT",0,30708.571424,30708.571424,0
"3098",2021,"BROMLEY",0,13082,13082,0
"3099",2021,"CAMDEN",0,11390.45,11390.45,0
"3100",2021,"CROYDON",4911,13758,18669,26.3056403663828
"3101",2021,"EALING",0,9837,9837,0
"3102",2021,"ENFIELD",4473.3,19609.3432854,24082.6432854,18.5747882696578
"3103",2021,"GREENWICH",104,11247.8571433,11351.8571433,0.916149654520468
"3104",2021,"HACKNEY",0,0,0,NA
"3105",2021,"HAMMERSMITH AND FULHAM",0,8423,8423,0
"3106",2021,"HARINGEY",0,13885.14285774,13885.14285774,0
"3107",2021,"HARROW",22,13176.85,13198.85,0.166681188133815
"3108",2021,"HAVERING",0,15560,15560,0
"3109",2021,"HILLINGDON",563.7142857,8197.701972,8761.4162577,6.43405437111355
"3110",2021,"HOUNSLOW",3675.29,4229.82,7905.11,46.4925851759179
"3111",2021,"ISLINGTON",0,10403.68,10403.68,0
"3112",2021,"KENSINGTON AND CHELSEA",0,8639,8639,0
"3113",2021,"KINGSTON UPON THAMES",267,6819,7086,3.76799322607959
"3114",2021,"LAMBETH",0,13258,13258,0
"3115",2021,"LEWISHAM",0,16276,16276,0
"3116",2021,"MERTON",0,5245,5245,0
"3117",2021,"NEWHAM",0,9009.85714186,9009.85714186,0
"3118",2021,"REDBRIDGE",0,22051,22051,0
"3119",2021,"RICHMOND UPON THAMES",0,12318.86,12318.86,0
"3120",2021,"SOUTHWARK",0,11454.28571411,11454.28571411,0
"3121",2021,"SUTTON",0,5334,5334,0
"3122",2021,"TOWER HAMLETS",0,10404.9999994,10404.9999994,0
"3123",2021,"WALTHAM FOREST",4364,10213,14577,29.9375728887974
"3124",2021,"WANDSWORTH",0,10994.42,10994.42,0
"3125",2021,"WESTMINSTER",0,10220,10220,0
"3126",2021,"CAMBRIDGESHIRE",156.42,51542,51698.42,0.302562438078378
"3127",2021,"CUMBRIA",15889.77143,50511.37069,66401.14212,23.9299670497897
"3128",2021,"DERBYSHIRE",19467,62060,81527,23.8779790744171
"3129",2021,"DEVON",1567.7142857,107615,109182.7142857,1.43586308140109
"3130",2021,"EAST SUSSEX",25,56204.43,56229.43,0.0444607032296077
"3131",2021,"ESSEX",0,146667,146667,0
"3132",2021,"GLOUCESTERSHIRE",0,42760,42760,0
"3133",2021,"HAMPSHIRE",15091,78236,93327,16.1700258231809
"3134",2021,"HERTFORDSHIRE",0,81748,81748,0
"3135",2021,"KENT",1253.7141355,119041.298204,120295.0123395,1.04219959840208
"3136",2021,"LANCASHIRE",22756.1428532,143642.428573,166398.5714262,13.6756840267061
"3137",2021,"LEICESTERSHIRE",0,74186,74186,0
"3138",2021,"LINCOLNSHIRE",0,101166,101166,0
"3139",2021,"NORFOLK",0,119602,119602,0
"3140",2021,"NORTHAMPTONSHIRE",6343.852857,61724.0000003,68067.8528573,9.31989564927146
"3141",2021,"NORTH YORKSHIRE",7155,55462,62617,11.4266093872271
"3142",2021,"NOTTINGHAMSHIRE",0,81571.285718,81571.285718,0
"3143",2021,"OXFORDSHIRE",0,38884.5714317,38884.5714317,0
"3144",2021,"SOMERSET",0,44433,44433,0
"3145",2021,"STAFFORDSHIRE",3244.00000004,92245.2857111,95489.28571114,3.39723978023384
"3146",2021,"SUFFOLK",0,106320.570057,106320.570057,0
"3147",2021,"SURREY",12827.28540971,63746.2710731,76573.55648281,16.7515863163409
"3148",2021,"WARWICKSHIRE",0,64468.428573,64468.428573,0
"3149",2021,"WEST SUSSEX",1831,80416,82247,2.22622101717996
"3150",2021,"WORCESTERSHIRE",1795.71428,44200.856729,45996.571009,3.90401771394793
"3151",2022,"HARTLEPOOL",0,15867,15867,0
"3152",2022,"MIDDLESBROUGH",104,23710,23814,0.436717897035357
"3153",2022,"REDCAR AND CLEVELAND",0,22706,22706,0
"3154",2022,"STOCKTON ON TEES",52,28001,28053,0.185363419242149
"3155",2022,"DARLINGTON",0,16206,16206,0
"3156",2022,"HALTON",2201,27766,29967,7.34474588714252
"3157",2022,"WARRINGTON",0,16139,16139,0
"3158",2022,"BLACKBURN WITH DARWEN",0,18361,18361,0
"3159",2022,"BLACKPOOL",0,30643,30643,0
"3160",2022,"KINGSTON UPON HULL",508,49205,49713,1.02186550801601
"3161",2022,"EAST RIDING OF YORKSHIRE",2108,78730,80838,2.60768450481209
"3162",2022,"NORTH EAST LINCOLNSHIRE",0,20240,20240,0
"3163",2022,"NORTH LINCOLNSHIRE",0,25385,25385,0
"3164",2022,"YORK",0,17557,17557,0
"3165",2022,"DERBY",0,19344,19344,0
"3166",2022,"LEICESTER",0,41020,41020,0
"3167",2022,"RUTLAND",0,4461,4461,0
"3168",2022,"NOTTINGHAM",3339,30034,33373,10.0050939382135
"3169",2022,"HEREFORDSHIRE",0,15926,15926,0
"3170",2022,"TELFORD AND WREKIN",298,12155,12453,2.39299767124388
"3171",2022,"STOKE ON TRENT",0,22983,22983,0
"3172",2022,"BATH AND NORTH EAST SOMERSET",3391,9546,12937,26.211641029605
"3173",2022,"BRISTOL",1381,23037,24418,5.65566385453354
"3174",2022,"NORTH SOMERSET",0,24688,24688,0
"3175",2022,"SOUTH GLOUCESTERSHIRE",1183,19948,21131,5.59840991907624
"3176",2022,"PLYMOUTH",0,32368,32368,0
"3177",2022,"TORBAY",0,24411,24411,0
"3178",2022,"SWINDON",0,0,0,NA
"3179",2022,"PETERBOROUGH",0,12845,12845,0
"3180",2022,"LUTON",0,13821,13821,0
"3181",2022,"SOUTHEND ON SEA",0,20916,20916,0
"3182",2022,"THURROCK",1913,16054,17967,10.6472978237881
"3183",2022,"MEDWAY",0,22434,22434,0
"3184",2022,"BRACKNELL FOREST",0,4624,4624,0
"3185",2022,"WEST BERKSHIRE",3389,6152,9541,35.5203857038046
"3186",2022,"READING",0,6012,6012,0
"3187",2022,"SLOUGH",0,5453,5453,0
"3188",2022,"WINDSOR AND MAIDENHEAD",0,7538,7538,0
"3189",2022,"WOKINGHAM",0,9230,9230,0
"3190",2022,"MILTON KEYNES",0,13541,13541,0
"3191",2022,"BRIGHTON AND HOVE",1902,21538,23440,8.11433447098976
"3192",2022,"PORTSMOUTH",2026,9817,11843,17.1071519040784
"3193",2022,"SOUTHAMPTON",1183,14767,15950,7.41692789968652
"3194",2022,"ISLE OF WIGHT",208,23326,23534,0.883827653607547
"3195",2022,"DURHAM",0,82018,82018,0
"3196",2022,"CHESHIRE EAST",0,28961,28961,0
"3197",2022,"CHESHIRE WEST AND CHESTER",0,27856,27856,0
"3198",2022,"SHROPSHIRE",0,26527,26527,0
"3199",2022,"CORNWALL",0,62924,62924,0
"3200",2022,"ISLES OF SCILLY",695,40,735,94.5578231292517
"3201",2022,"WILTSHIRE",0,43422,43422,0
"3202",2022,"BEDFORD",8391,13272,21663,38.7342473341642
"3203",2022,"CENTRAL BEDFORDSHIRE",4182,18933,23115,18.0921479558728
"3204",2022,"NORTHUMBERLAND",404,54493,54897,0.735923638814507
"3205",2022,"BOURNEMOUTH CHRISTCHURCH AND POOLE",0,52280,52280,0
"3206",2022,"DORSET",0,41347,41347,0
"3207",2022,"BUCKINGHAMSHIRE",0,30330,30330,0
"3208",2022,"NORTH NORTHAMPTONSHIRE",1196,34557,35753,3.34517383156658
"3209",2022,"WEST NORTHAMPTONSHIRE",6276,28432,34708,18.0822865045523
"3210",2022,"BOLTON",0,33229,33229,0
"3211",2022,"BURY",0,21642,21642,0
"3212",2022,"MANCHESTER",0,38145,38145,0
"3213",2022,"OLDHAM",0,28130,28130,0
"3214",2022,"ROCHDALE",0,31532,31532,0
"3215",2022,"SALFORD",0,28277,28277,0
"3216",2022,"STOCKPORT",0,34393,34393,0
"3217",2022,"TAMESIDE",0,23802,23802,0
"3218",2022,"TRAFFORD",0,16915,16915,0
"3219",2022,"WIGAN",1099,36970,38069,2.88686332711655
"3220",2022,"KNOWSLEY",0,16184,16184,0
"3221",2022,"LIVERPOOL",0,51140,51140,0
"3222",2022,"ST HELENS",0,20083,20083,0
"3223",2022,"SEFTON",0,54632,54632,0
"3224",2022,"WIRRAL",0,36023,36023,0
"3225",2022,"BARNSLEY",0,33297,33297,0
"3226",2022,"DONCASTER",230,32199,32429,0.709241728082889
"3227",2022,"ROTHERHAM",2099,27816,29915,7.0165468828347
"3228",2022,"SHEFFIELD",0,47017,47017,0
"3229",2022,"NEWCASTLE UPON TYNE",0,33285,33285,0
"3230",2022,"NORTH TYNESIDE",0,27918,27918,0
"3231",2022,"SOUTH TYNESIDE",0,27582,27582,0
"3232",2022,"SUNDERLAND",0,45169,45169,0
"3233",2022,"BIRMINGHAM",3146,82076,85222,3.69153504963507
"3234",2022,"COVENTRY",1700,27768,29468,5.76896972987648
"3235",2022,"DUDLEY",0,32777,32777,0
"3236",2022,"SANDWELL",4145,19719,23864,17.3692591350989
"3237",2022,"SOLIHULL",364,15711,16075,2.26438569206843
"3238",2022,"WALSALL",0,20582,20582,0
"3239",2022,"WOLVERHAMPTON",209,23971,24180,0.86435070306038
"3240",2022,"BRADFORD",1079,43560,44639,2.41716884338807
"3241",2022,"CALDERDALE",78,24648,24726,0.315457413249211
"3242",2022,"KIRKLEES",2001,40958,42959,4.657929653856
"3243",2022,"LEEDS",2132,54254,56386,3.78108041003086
"3244",2022,"WAKEFIELD",1585,49496,51081,3.10291497817192
"3245",2022,"GATESHEAD",0,31255,31255,0
"3246",2022,"BARKING AND DAGENHAM",1388,7566,8954,15.5014518650882
"3247",2022,"BARNET",0,23239,23239,0
"3248",2022,"BEXLEY",0,15189,15189,0
"3249",2022,"BRENT",0,29987,29987,0
"3250",2022,"BROMLEY",0,14738,14738,0
"3251",2022,"CAMDEN",0,14697,14697,0
"3252",2022,"CROYDON",4884,14929,19813,24.6504820067632
"3253",2022,"EALING",0,10526,10526,0
"3254",2022,"ENFIELD",3356,19792,23148,14.4980127872818
"3255",2022,"GREENWICH",104,10734,10838,0.959586639601403
"3256",2022,"HACKNEY",0,0,0,NA
"3257",2022,"HAMMERSMITH AND FULHAM",0,8687,8687,0
"3258",2022,"HARINGEY",0,14964,14964,0
"3259",2022,"HARROW",52,13144,13196,0.394058805698697
"3260",2022,"HAVERING",0,15510,15510,0
"3261",2022,"HILLINGDON",527,8981,9508,5.54270088346655
"3262",2022,"HOUNSLOW",4267,4196,8463,50.4194730001182
"3263",2022,"ISLINGTON",0,11462,11462,0
"3264",2022,"KENSINGTON AND CHELSEA",0,7628,7628,0
"3265",2022,"KINGSTON UPON THAMES",1612,5172,6784,23.7617924528302
"3266",2022,"LAMBETH",0,11913,11913,0
"3267",2022,"LEWISHAM",0,12953,12953,0
"3268",2022,"MERTON",0,5619,5619,0
"3269",2022,"NEWHAM",0,9651,9651,0
"3270",2022,"REDBRIDGE",0,22617,22617,0
"3271",2022,"RICHMOND UPON THAMES",0,12061,12061,0
"3272",2022,"SOUTHWARK",0,11631,11631,0
"3273",2022,"SUTTON",0,6644,6644,0
"3274",2022,"TOWER HAMLETS",0,9243,9243,0
"3275",2022,"WALTHAM FOREST",4200,10262,14462,29.0416263310745
"3276",2022,"WANDSWORTH",0,12002,12002,0
"3277",2022,"WESTMINSTER",0,10482,10482,0
"3278",2022,"CAMBRIDGESHIRE",0,49524,49524,0
"3279",2022,"CUMBRIA",13757,48332,62089,22.1569037993848
"3280",2022,"DERBYSHIRE",19925,67088,87013,22.8988771792721
"3281",2022,"DEVON",1368,102611,103979,1.31565027553641
"3282",2022,"EAST SUSSEX",13,53721,53734,0.0241932482227268
"3283",2022,"ESSEX",0,145432,145432,0
"3284",2022,"GLOUCESTERSHIRE",0,45007,45007,0
"3285",2022,"HAMPSHIRE",15465,89963,105428,14.6687786925674
"3286",2022,"HERTFORDSHIRE",0,81839,81839,0
"3287",2022,"KENT",876,123577,124453,0.703880179666219
"3288",2022,"LANCASHIRE",21983,147746,169729,12.9518232005138
"3289",2022,"LEICESTERSHIRE",0,78902,78902,0
"3290",2022,"LINCOLNSHIRE",0,98215,98215,0
"3291",2022,"NORFOLK",0,118497,118497,0
"3292",2022,"NORTH YORKSHIRE",6322,57785,64107,9.86163757467983
"3293",2022,"NOTTINGHAMSHIRE",0,81528,81528,0
"3294",2022,"OXFORDSHIRE",0,38759,38759,0
"3295",2022,"SOMERSET",0,42892,42892,0
"3296",2022,"STAFFORDSHIRE",2506,74571,77077,3.25129416038507
"3297",2022,"SUFFOLK",0,100331,100331,0
"3298",2022,"SURREY",9160,67871,77031,11.8913164829744
"3299",2022,"WARWICKSHIRE",0,159907,159907,0
"3300",2022,"WEST SUSSEX",1598,78494,80092,1.99520551365929
"3301",2022,"WORCESTERSHIRE",2015,45115,47130,4.27540844472735
"3302",2023,"HARTLEPOOL",0,18110,18110,0
"3303",2023,"MIDDLESBROUGH",156,25564,25720,0.606531881804044
"3304",2023,"REDCAR AND CLEVELAND",0,23355,23355,0
"3305",2023,"STOCKTON ON TEES",104,28177,28281,0.367738057352993
"3306",2023,"DARLINGTON",0,17666,17666,0
"3307",2023,"HALTON",8628,18823,27451,31.4305489781793
"3308",2023,"WARRINGTON",0,16141,16141,0
"3309",2023,"BLACKBURN WITH DARWEN",0,17618,17618,0
"3310",2023,"BLACKPOOL",0,30618,30618,0
"3311",2023,"KINGSTON UPON HULL",489,49249,49738,0.983151714986529
"3312",2023,"EAST RIDING OF YORKSHIRE",1821,79240,81061,2.24645637236156
"3313",2023,"NORTH EAST LINCOLNSHIRE",0,22231,22231,0
"3314",2023,"NORTH LINCOLNSHIRE",0,26208,26208,0
"3315",2023,"YORK",0,16888,16888,0
"3316",2023,"DERBY",0,20503,20503,0
"3317",2023,"LEICESTER",0,40403,40403,0
"3318",2023,"RUTLAND",0,5663,5663,0
"3319",2023,"NOTTINGHAM",3390,27635,31025,10.9266720386785
"3320",2023,"HEREFORDSHIRE",0,16285,16285,0
"3321",2023,"TELFORD AND WREKIN",365,12559,12924,2.82420303311668
"3322",2023,"STOKE ON TRENT",0,28263,28263,0
"3323",2023,"BATH AND NORTH EAST SOMERSET",2281,9184,11465,19.8953336240733
"3324",2023,"BRISTOL",1673,22485,24158,6.9252421558076
"3325",2023,"NORTH SOMERSET",0,23568,23568,0
"3326",2023,"SOUTH GLOUCESTERSHIRE",1025,18982,20007,5.12320687759284
"3327",2023,"PLYMOUTH",0,29457,29457,0
"3328",2023,"TORBAY",0,24601,24601,0
"3329",2023,"SWINDON",1911,12931,14842,12.8756232313704
"3330",2023,"PETERBOROUGH",0,13609,13609,0
"3331",2023,"LUTON",0,12943,12943,0
"3332",2023,"SOUTHEND ON SEA",0,20737,20737,0
"3333",2023,"THURROCK",1361,17265,18626,7.30699022871255
"3334",2023,"MEDWAY",0,21278,21278,0
"3335",2023,"BRACKNELL FOREST",0,4670,4670,0
"3336",2023,"WEST BERKSHIRE",3159,7589,10748,29.3915147004094
"3337",2023,"READING",0,6142,6142,0
"3338",2023,"SLOUGH",0,3576,3576,0
"3339",2023,"WINDSOR AND MAIDENHEAD",0,6128,6128,0
"3340",2023,"WOKINGHAM",0,9074,9074,0
"3341",2023,"MILTON KEYNES",0,14700,14700,0
"3342",2023,"BRIGHTON AND HOVE",1841,19635,21476,8.57235984354628
"3343",2023,"PORTSMOUTH",2089,10912,13001,16.0679947696331
"3344",2023,"SOUTHAMPTON",1102,13845,14947,7.37271693316385
"3345",2023,"ISLE OF WIGHT",209,23214,23423,0.892285360543056
"3346",2023,"DURHAM",0,72086,72086,0
"3347",2023,"CHESHIRE EAST",0,31264,31264,0
"3348",2023,"CHESHIRE WEST AND CHESTER",0,29478,29478,0
"3349",2023,"SHROPSHIRE",0,23801,23801,0
"3350",2023,"CORNWALL",0,66980,66980,0
"3351",2023,"ISLES OF SCILLY",876,25,901,97.2253052164262
"3352",2023,"WILTSHIRE",0,42624,42624,0
"3353",2023,"BEDFORD",8470,12963,21433,39.5184995101012
"3354",2023,"CENTRAL BEDFORDSHIRE",3113,20069,23182,13.4285221292382
"3355",2023,"NORTHUMBERLAND",391,57327,57718,0.677431650438338
"3356",2023,"BOURNEMOUTH CHRISTCHURCH AND POOLE",0,57016,57016,0
"3357",2023,"DORSET",0,42438,42438,0
"3358",2023,"BUCKINGHAMSHIRE",0,29944,29944,0
"3359",2023,"NORTH NORTHAMPTONSHIRE",413,34454,34867,1.18450110419594
"3360",2023,"WEST NORTHAMPTONSHIRE",5955,27333,33288,17.8893294881038
"3361",2023,"BOLTON",0,32846,32846,0
"3362",2023,"BURY",0,23640,23640,0
"3363",2023,"MANCHESTER",0,36633,36633,0
"3364",2023,"OLDHAM",0,27660,27660,0
"3365",2023,"ROCHDALE",0,31532,31532,0
"3366",2023,"SALFORD",0,29042,29042,0
"3367",2023,"STOCKPORT",0,37926,37926,0
"3368",2023,"TAMESIDE",0,24516,24516,0
"3369",2023,"TRAFFORD",0,17996,17996,0
"3370",2023,"WIGAN",1000,34278,35278,2.8346278133681
"3371",2023,"KNOWSLEY",0,17386,17386,0
"3372",2023,"LIVERPOOL",0,54215,54215,0
"3373",2023,"ST HELENS",0,17853,17853,0
"3374",2023,"SEFTON",0,58990,58990,0
"3375",2023,"WIRRAL",0,39317,39317,0
"3376",2023,"BARNSLEY",0,34622,34622,0
"3377",2023,"DONCASTER",261,37103,37364,0.698533347607323
"3378",2023,"ROTHERHAM",2458,31419,33877,7.25566018242465
"3379",2023,"SHEFFIELD",0,45848,45848,0
"3380",2023,"NEWCASTLE UPON TYNE",0,34086,34086,0
"3381",2023,"NORTH TYNESIDE",0,30051,30051,0
"3382",2023,"SOUTH TYNESIDE",0,32245,32245,0
"3383",2023,"SUNDERLAND",0,49569,49569,0
"3384",2023,"BIRMINGHAM",3115,84765,87880,3.54460628129267
"3385",2023,"COVENTRY",1723,29122,30845,5.58599448857189
"3386",2023,"DUDLEY",0,34318,34318,0
"3387",2023,"SANDWELL",507,22018,22525,2.25083240843507
"3388",2023,"SOLIHULL",436,15877,16313,2.67271501256666
"3389",2023,"WALSALL",0,19665,19665,0
"3390",2023,"WOLVERHAMPTON",209,27031,27240,0.767254038179148
"3391",2023,"BRADFORD",0,45621,45621,0
"3392",2023,"CALDERDALE",78,25609,25687,0.303655545606727
"3393",2023,"KIRKLEES",2150,41158,43308,4.96444074997691
"3394",2023,"LEEDS",1815,54509,56324,3.22242738441872
"3395",2023,"WAKEFIELD",1536,51175,52711,2.91400276982034
"3396",2023,"GATESHEAD",0,32060,32060,0
"3397",2023,"BARKING AND DAGENHAM",1615,7983,9598,16.8264221712857
"3398",2023,"BARNET",0,22138,22138,0
"3399",2023,"BEXLEY",0,13147,13147,0
"3400",2023,"BRENT",0,30660,30660,0
"3401",2023,"BROMLEY",0,16874,16874,0
"3402",2023,"CAMDEN",0,15487,15487,0
"3403",2023,"CROYDON",6256,17672,23928,26.1451019725844
"3404",2023,"EALING",0,10213,10213,0
"3405",2023,"ENFIELD",3040,22622,25662,11.8463097186501
"3406",2023,"GREENWICH",104,11895,11999,0.866738894907909
"3407",2023,"HACKNEY",0,0,0,NA
"3408",2023,"HAMMERSMITH AND FULHAM",0,8240,8240,0
"3409",2023,"HARINGEY",0,14657,14657,0
"3410",2023,"HARROW",52,12729,12781,0.40685392379313
"3411",2023,"HAVERING",0,15838,15838,0
"3412",2023,"HILLINGDON",0,0,0,NA
"3413",2023,"HOUNSLOW",4360,5223,9583,45.4972346864239
"3414",2023,"ISLINGTON",0,12492,12492,0
"3415",2023,"KENSINGTON AND CHELSEA",0,7321,7321,0
"3416",2023,"KINGSTON UPON THAMES",0,6534,6534,0
"3417",2023,"LAMBETH",0,11061,11061,0
"3418",2023,"LEWISHAM",0,12318,12318,0
"3419",2023,"MERTON",0,6469,6469,0
"3420",2023,"NEWHAM",0,11337,11337,0
"3421",2023,"REDBRIDGE",0,18990,18990,0
"3422",2023,"RICHMOND UPON THAMES",0,12097,12097,0
"3423",2023,"SOUTHWARK",0,11006,11006,0
"3424",2023,"SUTTON",0,6918,6918,0
"3425",2023,"TOWER HAMLETS",0,0,0,NA
"3426",2023,"WALTHAM FOREST",3950,11254,15204,25.9800052617732
"3427",2023,"WANDSWORTH",0,13570,13570,0
"3428",2023,"WESTMINSTER",0,10768,10768,0
"3429",2023,"CAMBRIDGESHIRE",156,50677,50833,0.306887258277103
"3430",2023,"CUMBRIA",16234,50446,66680,24.3461307738452
"3431",2023,"DERBYSHIRE",15703,69864,85567,18.351701006229
"3432",2023,"DEVON",1537,103830,105367,1.45871098161664
"3433",2023,"EAST SUSSEX",31,54400,54431,0.0569528393746211
"3434",2023,"ESSEX",0,146880,146880,0
"3435",2023,"GLOUCESTERSHIRE",0,42493,42493,0
"3436",2023,"HAMPSHIRE",18254,96620,114874,15.8904538886084
"3437",2023,"HERTFORDSHIRE",0,82330,82330,0
"3438",2023,"KENT",982,128141,129123,0.760515167708309
"3439",2023,"LANCASHIRE",22986,152820,175806,13.074639090816
"3440",2023,"LEICESTERSHIRE",0,82050,82050,0
"3441",2023,"LINCOLNSHIRE",0,99237,99237,0
"3442",2023,"NORFOLK",0,111434,111434,0
"3443",2023,"NORTH YORKSHIRE",4916,63714,68630,7.16304822963719
"3444",2023,"NOTTINGHAMSHIRE",0,84543,84543,0
"3445",2023,"OXFORDSHIRE",0,42986,42986,0
"3446",2023,"SOMERSET",0,42611,42611,0
"3447",2023,"STAFFORDSHIRE",1532,81427,82959,1.84669535553707
"3448",2023,"SUFFOLK",0,97685,97685,0
"3449",2023,"SURREY",5208,70112,75320,6.91449814126394
"3450",2023,"WARWICKSHIRE",0,147835,147835,0
"3451",2023,"WEST SUSSEX",1612,76039,77651,2.07595523560547
"3452",2023,"WORCESTERSHIRE",1787,46267,48054,3.71873309193824
"3453",2024,"HARTLEPOOL",0,18483,18483,0
"3454",2024,"MIDDLESBROUGH",156,26513,26669,0.584948816978514
"3455",2024,"REDCAR AND CLEVELAND",0,24501,24501,0
"3456",2024,"STOCKTON ON TEES",104,29256.14286,29360.14286,0.354221709669161
"3457",2024,"DARLINGTON",0,18611,18611,0
"3458",2024,"HALTON",8378,11897,20275,41.3218249075216
"3459",2024,"WARRINGTON",0,18777.57,18777.57,0
"3460",2024,"BLACKBURN WITH DARWEN",0,17419,17419,0
"3461",2024,"BLACKPOOL",0,28640,28640,0
"3462",2024,"KINGSTON UPON HULL",575.19,51236.05,51811.24,1.11016451256523
"3463",2024,"EAST RIDING OF YORKSHIRE",1906,79552,81458,2.33985612217339
"3464",2024,"NORTH EAST LINCOLNSHIRE",0,24220,24220,0
"3465",2024,"NORTH LINCOLNSHIRE",0,30125.43,30125.43,0
"3466",2024,"YORK",0,17411,17411,0
"3467",2024,"DERBY",0,20626,20626,0
"3468",2024,"LEICESTER",0,39825.6,39825.6,0
"3469",2024,"RUTLAND",0,5013.11,5013.11,0
"3470",2024,"NOTTINGHAM",2997.2,24256.7,27253.9,10.9973251534643
"3471",2024,"HEREFORDSHIRE",0,15794,15794,0
"3472",2024,"TELFORD AND WREKIN",419.43,13313.92,13733.35,3.05409823531768
"3473",2024,"STOKE ON TRENT",0,28705.7142857,28705.7142857,0
"3474",2024,"BATH AND NORTH EAST SOMERSET",2462,9663,12125,20.3051546391753
"3475",2024,"BRISTOL",1410,23025,24435,5.77041129527317
"3476",2024,"NORTH SOMERSET",0,26631.428569,26631.428569,0
"3477",2024,"SOUTH GLOUCESTERSHIRE",972,18378,19350,5.02325581395349
"3478",2024,"PLYMOUTH",0,30302.9999977,30302.9999977,0
"3479",2024,"TORBAY",0,26490.78,26490.78,0
"3480",2024,"SWINDON",2050,11748,13798,14.8572256848819
"3481",2024,"PETERBOROUGH",0,15714.285717,15714.285717,0
"3482",2024,"LUTON",0,12640,12640,0
"3483",2024,"SOUTHEND ON SEA",0,22132.62,22132.62,0
"3484",2024,"THURROCK",1553.28,16894.43,18447.71,8.4199068610684
"3485",2024,"MEDWAY",0,23123,23123,0
"3486",2024,"BRACKNELL FOREST",0,5089.71,5089.71,0
"3487",2024,"WEST BERKSHIRE",3166,8099,11265,28.1047492232579
"3488",2024,"READING",0,6614,6614,0
"3489",2024,"SLOUGH",0,6240,6240,0
"3490",2024,"WINDSOR AND MAIDENHEAD",0,6917.068131,6917.068131,0
"3491",2024,"WOKINGHAM",0,8779.56,8779.56,0
"3492",2024,"MILTON KEYNES",0,16107.48,16107.48,0
"3493",2024,"BRIGHTON AND HOVE",1744,20079,21823,7.9915685286166
"3494",2024,"PORTSMOUTH",1931,11501,13432,14.3761167361525
"3495",2024,"SOUTHAMPTON",460.4285714,14435.1428566,14895.571428,3.09104335893088
"3496",2024,"ISLE OF WIGHT",260,23661,23921,1.08691108231261
"3497",2024,"DURHAM",0,77995,77995,0
"3498",2024,"CHESHIRE EAST",0,34568.713809,34568.713809,0
"3499",2024,"CHESHIRE WEST AND CHESTER",0,35156,35156,0
"3500",2024,"SHROPSHIRE",0,26087,26087,0
"3501",2024,"CORNWALL",0,71073.571432,71073.571432,0
"3502",2024,"ISLES OF SCILLY",1044.069,0,1044.069,100
"3503",2024,"WILTSHIRE",0,47849,47849,0
"3504",2024,"BEDFORD",8802.1428575,14242.2841194,23044.4269769,38.1964058656063
"3505",2024,"CENTRAL BEDFORDSHIRE",3293.28571414,20099.2857162,23392.57143034,14.0783398864335
"3506",2024,"NORTHUMBERLAND",354,67604,67958,0.520909973807352
"3507",2024,"BOURNEMOUTH CHRISTCHURCH AND POOLE",0,55195.714281,55195.714281,0
"3508",2024,"DORSET",0,45318,45318,0
"3509",2024,"BUCKINGHAMSHIRE",0,31945.7933583,31945.7933583,0
"3510",2024,"NORTH NORTHAMPTONSHIRE",0,34144,34144,0
"3511",2024,"WEST NORTHAMPTONSHIRE",5179.285714,25831.28571057,31010.57142457,16.7016777701052
"3512",2024,"CUMBERLAND",8697,32994,41691,20.8606173994387
"3513",2024,"WESTMORLAND AND FURNESS",0,0,0,NA
"3514",2024,"NORTH YORKSHIRE",4526,71651,76177,5.94142588970424
"3515",2024,"SOMERSET",0,44565,44565,0
"3516",2024,"BOLTON",0,34962,34962,0
"3517",2024,"BURY",0,29791.966328,29791.966328,0
"3518",2024,"MANCHESTER",0,37565,37565,0
"3519",2024,"OLDHAM",0,32856,32856,0
"3520",2024,"ROCHDALE",0,35732,35732,0
"3521",2024,"SALFORD",0,29244,29244,0
"3522",2024,"STOCKPORT",0,39421,39421,0
"3523",2024,"TAMESIDE",0,29910,29910,0
"3524",2024,"TRAFFORD",0,18480.142814,18480.142814,0
"3525",2024,"WIGAN",1046.14,32877.01,33923.15,3.08385276721059
"3526",2024,"KNOWSLEY",0,18961,18961,0
"3527",2024,"LIVERPOOL",0,53493.9621031,53493.9621031,0
"3528",2024,"ST HELENS",0,17037.71,17037.71,0
"3529",2024,"SEFTON",0,49564,49564,0
"3530",2024,"WIRRAL",0,41218,41218,0
"3531",2024,"BARNSLEY",0,35235,35235,0
"3532",2024,"DONCASTER",470.57,40551.57,41022.14,1.14711226669306
"3533",2024,"ROTHERHAM",2404,31236.571422,33640.571422,7.14613307200796
"3534",2024,"SHEFFIELD",0,50068,50068,0
"3535",2024,"NEWCASTLE UPON TYNE",0,36259.26,36259.26,0
"3536",2024,"NORTH TYNESIDE",0,29684,29684,0
"3537",2024,"SOUTH TYNESIDE",0,32301,32301,0
"3538",2024,"SUNDERLAND",0,53217,53217,0
"3539",2024,"BIRMINGHAM",3415.4285713,86308.2857229,89723.7142942,3.80660631157217
"3540",2024,"COVENTRY",1760,28677.54,30437.54,5.78233326346347
"3541",2024,"DUDLEY",0,34844,34844,0
"3542",2024,"SANDWELL",736,22717,23453,3.13819127616936
"3543",2024,"SOLIHULL",352,16960,17312,2.03327171903882
"3544",2024,"WALSALL",0,22709,22709,0
"3545",2024,"WOLVERHAMPTON",210,28379,28589,0.734548252824513
"3546",2024,"BRADFORD",0,42865,42865,0
"3547",2024,"CALDERDALE",78,25896,25974,0.3003003003003
"3548",2024,"KIRKLEES",2575.55,46140.42,48715.97,5.28686999355653
"3549",2024,"LEEDS",1658,58101,59759,2.77447748456299
"3550",2024,"WAKEFIELD",1128.285714,52593.427146,53721.71286,2.10024151117508
"3551",2024,"GATESHEAD",0,30287.43,30287.43,0
"3552",2024,"BARKING AND DAGENHAM",1943.99999999,8010.71428561,9954.7142856,19.5284359170619
"3553",2024,"BARNET",0,21188.39,21188.39,0
"3554",2024,"BEXLEY",0,11315,11315,0
"3555",2024,"BRENT",0,34321.2857174,34321.2857174,0
"3556",2024,"BROMLEY",0,18049.142857,18049.142857,0
"3557",2024,"CAMDEN",0,14917.57,14917.57,0
"3558",2024,"CROYDON",5303,18332,23635,22.4370636767506
"3559",2024,"EALING",0,11730.285715,11730.285715,0
"3560",2024,"ENFIELD",3237,24921.71428857,28158.71428857,11.4955532657751
"3561",2024,"GREENWICH",156.8571429,11735.5714285,11892.4285714,1.31896644960496
"3562",2024,"HACKNEY",0,12124,12124,0
"3563",2024,"HAMMERSMITH AND FULHAM",0,8947,8947,0
"3564",2024,"HARINGEY",0,15303.86,15303.86,0
"3565",2024,"HARROW",104.5714286,12841.4285714,12946,0.807750877491117
"3566",2024,"HAVERING",0,16436,16436,0
"3567",2024,"HILLINGDON",606.0373313,10418.6734903,11024.7108216,5.49708143013267
"3568",2024,"HOUNSLOW",4493.57142824,4709.2857142,9202.85714244,48.828003724163
"3569",2024,"ISLINGTON",0,13041.41,13041.41,0
"3570",2024,"KENSINGTON AND CHELSEA",0,6209,6209,0
"3571",2024,"KINGSTON UPON THAMES",0,5863,5863,0
"3572",2024,"LAMBETH",0,28537.571427,28537.571427,0
"3573",2024,"LEWISHAM",0,11477,11477,0
"3574",2024,"MERTON",105,6889,6994,1.50128681727195
"3575",2024,"NEWHAM",0,11828.14285673,11828.14285673,0
"3576",2024,"REDBRIDGE",0,19374.5,19374.5,0
"3577",2024,"RICHMOND UPON THAMES",0,12943,12943,0
"3578",2024,"SOUTHWARK",0,13023.8571428,13023.8571428,0
"3579",2024,"SUTTON",0,7590,7590,0
"3580",2024,"TOWER HAMLETS",0,10921.28,10921.28,0
"3581",2024,"WALTHAM FOREST",4224.29,11630.71,15855,26.6432671081678
"3582",2024,"WANDSWORTH",0,14301,14301,0
"3583",2024,"WESTMINSTER",0,11032.8571429,11032.8571429,0
"3584",2024,"CAMBRIDGESHIRE",208,52872,53080,0.391861341371515
"3585",2024,"DERBYSHIRE",10615.28505,71963.28207,82578.56712,12.8547702148601
"3586",2024,"DEVON",859,109887,110746,0.775648781897315
"3587",2024,"EAST SUSSEX",34.15,61047.41,61081.56,0.055908853670404
"3588",2024,"ESSEX",0,150027,150027,0
"3589",2024,"GLOUCESTERSHIRE",0,46836,46836,0
"3590",2024,"HAMPSHIRE",14532,102862,117394,12.3788268565685
"3591",2024,"HERTFORDSHIRE",0,82391,82391,0
"3592",2024,"KENT",633.8570263,137299.144508,137933.0015343,0.459539790513714
"3593",2024,"LANCASHIRE",23204.5714289,157260.428567,180464.9999959,12.8582115254632
"3594",2024,"LEICESTERSHIRE",0,83313,83313,0
"3595",2024,"LINCOLNSHIRE",0,111602,111602,0
"3596",2024,"NORFOLK",0,111749,111749,0
"3597",2024,"NOTTINGHAMSHIRE",0,83371.428571,83371.428571,0
"3598",2024,"OXFORDSHIRE",0,46968.4,46968.4,0
"3599",2024,"STAFFORDSHIRE",2962.7142857,77989.285714,80951.9999997,3.65984075218769
"3600",2024,"SUFFOLK",0,104802,104802,0
"3601",2024,"SURREY",623.85714289,77768.7190182,78392.57616109,0.795811508487777
"3602",2024,"WARWICKSHIRE",0,75346,75346,0
"3603",2024,"WEST SUSSEX",1696,78710,80406,2.10929532621944
"3604",2024,"WORCESTERSHIRE",1647.74,51483,53130.74,3.10129314969074
