"","DH_GEOGRAPHY_NAME","year","outsourced_home_care","outsourced_res_care","outsourced_old_care","spend_home_care","spend_res_care","spend_old_care"
"1","BARNSLEY",2001,24.9999408264541,34.3471243774261,34.6508999737341,6780.01604790362,10009.5715793301,23661.7230900639
"2","BIRMINGHAM",2001,18.3398710192141,52.7642017564872,49.0715356860484,32588.9825835712,52565.235708407,139509.383403085
"3","BOLTON",2001,10.3819889031157,52.5139664804469,41.6465816236553,9372,14678,34022
"4","BRADFORD",2001,8.67760340517365,61.5902234692525,54.7408343868521,10198.6684419382,23297.5287176274,66444
"5","BURY",2001,12.2634367903104,44.7667436489607,41.4671934309397,3963,10825,25818
"6","CALDERDALE",2001,28.7017957748207,55.0905944545614,53.8357431373267,4542.572911566,10973.5610222653,28482.7497614096
"7","COVENTRY",2001,32.035302314779,43.9826083773456,39.2414272530073,13511.7562680514,11006.8364103074,36127.7393203202
"8","DONCASTER",2001,27.5664613662079,56.1000103970148,44.4782608695652,8361.61003539454,17572.1892567146,46000
"9","DUDLEY",2001,32.5867052023121,57.2573356630716,46.5158972994546,9688,16597,37585
"10","GATESHEAD",2001,23.2050333086603,47.0367647058824,47.9188436084988,8106,13600,34452
"11","KIRKLEES",2001,11.2863141657383,44.499447301389,41.6235956177286,11669,20807,50111
"12","KNOWSLEY",2001,39.3582433254597,100,67.2226777288817,4999.26945470187,5516.67524407977,18496.3074195325
"13","LEEDS",2001,9.99065420560748,51.6889756204821,45.6180304696089,21400,36383,101872
"14","LIVERPOOL",2001,31.3877019158518,62.0397652098576,58.7983661487468,16518.8139448746,32290.848803044,82688.148826628
"15","MANCHESTER",2001,40.0097370983447,92.3009484338886,62.2344296211743,10270,25094,70085
"16","NEWCASTLE UPON TYNE",2001,45.2489656108164,78.7991660595279,65.1432048266585,12715.3423381798,15365.3507200157,44674.5995194186
"17","NORTH TYNESIDE",2001,9.10780669144982,47.9575325970895,35.0054062299483,6563.59745992776,10357.9795330611,26249.1733906187
"18","OLDHAM",2001,24.7733160621762,71.0917030567686,56.6814943401685,6176,12595,27651
"19","ROCHDALE",2001,24.9412992434125,65.9345983044005,47.1173495025292,7666,12385,29851
"20","ROTHERHAM",2001,12.2545522171864,54.7292398956389,47.2052128712672,9175.69417787931,14574.064102157,37487.1542300955
"21","SALFORD",2001,46.6132754174019,71.2367011403345,66.1217517386641,8110.09173509279,12342.8366515268,35705.6585696594
"22","SANDWELL",2001,38.174926035503,48.6106634001676,52.6041437557735,10816,15511,45466
"23","SEFTON",2001,41.8181818181818,58.1198661393368,58.9782555255101,6930,16435,44747
"24","SHEFFIELD",2001,19.2305112554827,59.7539804877831,59.8753458670528,20466.25059538,25583.7362059106,95295.3873234781
"25","SOLIHULL",2001,40.2631578947368,43.36500655308,44.9467799161381,5320,6104,18602
"26","SOUTH TYNESIDE",2001,35.3506440400736,56.1693240294993,52.2536646263724,5040.02067097157,11214.7566243598,28293
"27","ST HELENS",2001,20.5398548383926,41.5280158866989,48.0036350938087,5696.272,8369.769,29999.776
"28","STOCKPORT",2001,40.3074993997554,100,72.7859935407105,8375.33748248405,18171.3723196881,41181
"29","SUNDERLAND",2001,26.1064197782073,77.5714895433205,60.2260564284797,9829,18744,46714
"30","TAMESIDE",2001,44.0526422032934,100,71.3632456592745,5908.31856560858,8607.36285616203,29085
"31","TRAFFORD",2001,12.8442028985507,45.7859848484849,50.1051682692308,5520,10560,26624
"32","WAKEFIELD",2001,9.67267377712394,64.3648550391586,50.661685941176,9228.86745678501,22809.1965635027,44645
"33","WALSALL",2001,54.9955660656222,45.8425823328706,56.3656631023173,7230.5979901005,13294.6381280936,36262
"34","WIGAN",2001,6.09299839657937,91.9731685257763,68.2659625270373,5613,13268,35599
"35","WIRRAL",2001,38.9674126423243,71.8713105076742,64.5185612276578,10188,13552,45094
"36","WOLVERHAMPTON",2001,43.486316907826,49.904393495415,50.0181478067177,8717.68470996392,15862.3308401239,39577.6350545737
"37","BEDFORDSHIRE",2001,41.2661326212728,90.2770919067215,68.4397350993378,8988,18225,37750
"38","BUCKINGHAMSHIRE",2001,40.7769195820082,73.0795127624411,61.1732467268852,13206,16337,49265
"39","CAMBRIDGESHIRE",2001,39.1018647278701,42.0522354685896,48.4139954685585,15040.2034300126,21088.0584615385,53846
"40","CHESHIRE",2001,19.6702251347638,78.2584245360557,59.673002295743,18922,23117,85811
"41","CORNWALL",2001,55.0625978090767,100,78.284023668639,12780,19488,59150
"42","CUMBRIA",2001,24.0213024385686,47.788980628771,47.0700358485617,10703,25192,57185
"43","DERBYSHIRE",2001,20.5691190125075,52.8863373011693,55.3473908600437,18309,37972,91007
"44","DEVON",2001,58.9378455352655,69.8711434494533,67.6287150766881,11938,49202,94278
"45","DORSET",2001,32.8708133971292,70.5261874275959,55.877900483931,8360,16401,40295
"46","DURHAM",2001,35.8271662762798,47.6133088227805,54.4407130626385,17375.0833431708,34836.8983591075,75337
"47","EAST SUSSEX",2001,38.2646182282336,68.2669403836387,57.9456774259701,10514.9672974075,25629.2971901265,64381.9567400005
"48","ESSEX",2001,40.4725646577575,52.6731312443594,47.8090516285875,28780.7830989708,72477.7294526821,134936.958187394
"49","GLOUCESTERSHIRE",2001,36.0785742093812,96.6115258362848,73.0029669180562,11657.8886282772,19096.0652368364,52362.2554175197
"50","HAMPSHIRE",2001,56.4374690830598,60.5156349712827,65.9182044693607,22237,39175,102744
"51","HERTFORDSHIRE",2001,99.6167755168131,99.9795353052883,86.0546162422637,21069.887918857,63524.0358242827,98380
"52","ISLES OF SCILLY",2001,NA,NA,NA,0,0,0
"53","KENT",2001,83.2359744383895,80.7977979055498,85.114302043149,25507,65029,139980
"54","LANCASHIRE",2001,56.2538133007932,72.1305721305721,67.2462273215396,26224,68376,141544
"55","LEICESTERSHIRE",2001,54.495106592823,66.6719330120863,62.3974840144565,13181,25318,57552
"56","LINCOLNSHIRE",2001,48.1086999800916,77.0295503719731,74.521491297869,10046,33739,69121
"57","NORFOLK",2001,24.8488620737676,64.82984413738,59.6401878178045,20919.3347132472,54772.0219608239,106415
"58","NORTH YORKSHIRE",2001,32.6894082171127,45.0588738196091,54.7640485925576,10612,25733,67747
"59","NORTHAMPTONSHIRE",2001,48.3114446529081,47.2043495045683,52.6877916477148,8528,31084,59361
"60","NORTHUMBERLAND",2001,51.6996496543888,68.6815735758026,61.9081724969843,10561,21556,53056
"61","NOTTINGHAMSHIRE",2001,21.3582677165354,65.1958445963852,56.5817981853176,14224,37734,90925
"62","OXFORDSHIRE",2001,42.278052753587,26.9706018100193,46.1227051631856,16063.1694451781,22638.8572355516,67867
"63","SHROPSHIRE",2001,60.7099567099567,91.9112433452156,78.3701143900063,6126.87764543754,13692.3028841421,32609
"64","SOMERSET",2001,100,99.9999999999998,89.533276436541,9775.1866085238,18554.1967047603,50913
"65","STAFFORDSHIRE",2001,35.9589234328274,53.5528310592578,51.8649003089644,17723,30342,89978
"66","SUFFOLK",2001,47.7699326789239,50.4838020998195,54.9341872160382,18548.1009299583,33520.6166550182,82526.2246518472
"67","SURREY",2001,43.8616071428571,62.4021526418787,59.5464334080767,13440,36792,90086
"68","WARWICKSHIRE",2001,32.528167301613,66.0730781073591,58.7299251660641,12337,19486,47572
"69","WEST SUSSEX",2001,30.6155576336254,61.6641456845948,55.0069385837132,20649.4389109835,35254.2158148004,84418.1571751049
"70","WILTSHIRE",2001,47.2522632675489,80.75789237567,63.8880639634495,8869.41642619312,15014.0124306326,43775
"71","WORCESTERSHIRE",2001,23.205592310573,85.9012307163255,70.9063205618905,8749.8666286994,19211.0470955038,49028.967325624
"72","BATH AND NORTH EAST SOMERSET",2001,23.122599532152,41.2035169340325,51.7825974764862,3821.61331766121,7400.86753410054,20881.0312166853
"73","BLACKBURN WITH DARWEN",2001,44.3850267379679,64.6553552492047,58.2526445402138,3179,9430,17867
"74","BLACKPOOL",2001,49.4229368242799,68.2572480395235,65.8662403980335,3985.552,11495.0012705882,22889
"75","BOURNEMOUTH",2001,33.3544705136335,94.8333333333333,60.8420119654332,3154,13200,22565
"76","BRACKNELL FOREST",2001,34.8119983100972,35.0060096153846,45.0789666352892,2367,3328,9561
"77","BRIGHTON AND HOVE",2001,41.1853868823192,68.5055262435381,61.6978050488274,7810.67783833694,13668.8306133061,36239.4631696788
"78","BRISTOL",2001,8.3502336654616,39.3935178745305,44.4904763476711,11341,21567,60586
"79","DARLINGTON",2001,53.2638888888889,51.7741935483871,60.1647571252722,1440,5580,10561
"80","DERBY",2001,16.3156240176045,58.8050877821569,56.6524304763147,6362,11164,30673
"81","EAST RIDING OF YORKSHIRE",2001,54.7477880142297,86.0760487019446,67.7143161301298,10963,18166.493741071,39109.313566942
"82","HALTON",2001,40.6437920056597,73.1911532385466,66.5428249187289,2827,6330,15073
"83","HARTLEPOOL",2001,31.7673468050402,92.6273154720072,74.7256023001878,2421.43755414381,7920.8049379151,14839
"84","HEREFORDSHIRE",2001,24.7738891073535,54.0843491663164,53.7935483870968,2543,7137,15500
"85","ISLE OF WIGHT",2001,24.5311708058794,87.040928650055,66.7724068479356,3946,9993,19860
"86","KINGSTON UPON HULL",2001,34.9499153254282,73.2031666431622,55.2825256884803,6200.799,22591.494,42441.592
"87","LEICESTER",2001,63.4623571304078,63.9695289364786,60.2201355774076,6384.44331494452,16126.2299014442,36213
"88","LUTON",2001,36.9075702337551,31.7832251862533,33.2223807259471,4663,8322,18927
"89","MEDWAY TOWNS",2001,86.3533050948364,68.2939538527089,69.8062920890567,4867.28200919151,7758.92156051104,21840.96681
"90","MIDDLESBROUGH",2001,24.6599131693198,58.6321381142098,57.4008438818565,3455,7530,17775
"91","MILTON KEYNES",2001,43.7421251574969,87.8609221466364,42.7667513925694,4762,6615,18491
"92","NORTH EAST LINCOLNSHIRE",2001,34.5439706182412,79.0933052187665,59.9710773680405,4901,9485,20745
"93","NORTH LINCOLNSHIRE",2001,38.688234143607,73.0728835699843,57.3560075992771,4892.96046176046,9617.7948051948,21581
"94","NORTH SOMERSET",2001,23.8352722857824,69.4177470700484,66.3592616973601,3605.35376610505,7517.35416253717,22133
"95","NOTTINGHAM",2001,17.8385867682716,56.4156328266061,46.2467271664252,5774,17169,39339
"96","PETERBOROUGH",2001,51.4462324947373,32.1649309508885,41.5774704249004,2971.46696829405,7316.89603970736,15824.0078458066
"97","PLYMOUTH",2001,16.3866986630099,52.9238643634037,52.5619935417047,2917,15630,32826
"98","POOLE",2001,57.8449905482042,79.456906729634,63.2924115155431,3703,5082,13929
"99","PORTSMOUTH",2001,76.5712012728719,36.4436193397369,49.9925462134764,5028,12389,26832
"100","READING",2001,46.2999924369434,31.2578837052817,44.0292216923144,3906.69392064675,5015.67776468075,14682.1100944366
"101","REDCAR AND CLEVELAND",2001,0,47.7278163118871,39.8930123704447,2977,8362,14955
"102","RUTLAND",2001,43.7436224706927,47.9475013544834,50.9350298823983,814.099417190646,1634.8802582336,3458
"103","SLOUGH",2001,42.2645413830753,41.4331770835396,59.9688134650675,2973.909,2849.7362788155,10509.3062788155
"104","SOUTH GLOUCESTERSHIRE",2001,13.1785128625601,33.6530948209257,43.4626853034246,4101.01054126889,7539.6469579518,23358.9114378285
"105","SOUTHAMPTON",2001,63.163328515383,57.8330893118594,54.0318556898868,4843,10245,26055
"106","SOUTHEND ON SEA",2001,35.7418643132929,76.3514074566138,61.7808953188173,3626,12043,20529
"107","STOCKTON ON TEES",2001,43.8661710037175,57.0551081060229,65.1903841124546,3910.74582625212,10472.6020193942,22970
"108","STOKE ON TRENT",2001,57.825679475164,35.0284193977506,49.2370497597889,8536,16538,40173
"109","SWINDON",2001,45.9173871277618,41.0877759827679,42.4404602622424,3123,7428,18685
"110","TELFORD AND WREKIN",2001,70.4991394148021,100,85.0085502565077,2905,6351,15789
"111","THURROCK",2001,52.7566974267442,65.6521756811477,51.8109759015008,3444.11247979086,5868.65547108803,12540.2
"112","TORBAY",2001,34.763207521013,80.2582328100554,64.551909583631,3115.36269875376,11302.2672969489,23801
"113","WARRINGTON",2001,56.8193005117512,71.2264561518279,66.3910896755932,4013.52306055732,8464.10839415716,23972.8093598709
"114","WEST BERKSHIRE",2001,47.8127398311589,46.4046822742475,51.4614313969672,3909,4784,13651
"115","WINDSOR AND MAIDENHEAD",2001,47.7188328912467,43.1852654387866,53.8401642245346,3770,4615,14127
"116","WOKINGHAM",2001,43.5759790948661,50.2957850003639,51.8331927747734,3444.24922150716,3224.22394643969,10212.5
"117","YORK",2001,34.2108887472479,33.8534905119772,47.9800833302286,4254.888,6395.695,20324.752112
"118","CAMDEN",2001,57.4462012572076,56.0944104880573,47.7375568944961,9174.82034114503,13861.840417614,37752.33392183
"119","LONDON",2001,12.4457308248915,100,46.2380300957592,691,370,2193
"120","GREENWICH",2001,57.7214558444608,59.7128376835558,53.481969196325,9947.56371121745,11219.6130364047,33909.8027536249
"121","HACKNEY",2001,43.2337906914178,81.5282218405165,43.5245118239175,7559.96061450203,7499.0798466503,30128.9789465942
"122","HAMMERSMITH AND FULHAM",2001,42.8809016205757,48.8089885056298,46.8837138214337,8626.61238557612,9067.28491390147,31402.6737804259
"123","ISLINGTON",2001,35.7774607703281,62.7279799464085,52.5150485726205,7010,11569,33558
"124","KENSINGTON AND CHELSEA",2001,30.0151687523701,44.4635306553911,36.849925705795,5274,7568,25574
"125","LAMBETH",2001,47.9525730350813,63.4789017873595,60.0772906956163,8181,10854,33898
"126","LEWISHAM",2001,33.7728194726166,62.6841554985268,53.7760037293864,6902,10521,34322
"127","SOUTHWARK",2001,53.9785113951168,56.6903568067915,54.9137158066838,8803.50324079129,10818.4184144441,45230.4121750524
"128","TOWER HAMLETS",2001,32.8984156570363,68.5490120108485,51.9788918205805,7511,10324,37900
"129","WANDSWORTH",2001,49.2131267536904,97.5186357602369,70.5055061695635,8197,9793,37685
"130","WESTMINSTER",2001,100,53.8769070107325,70.1535385648495,12099.3,10290.123,36097.12
"131","BARKING AND DAGENHAM",2001,11.986301369863,27.285767743545,40.025823111685,6716,9620.4,27262.4
"132","BARNET",2001,50.6041666666667,37.8198046926782,43.76954093624,9600,22631,46377
"133","BEXLEY",2001,80.2133688948158,99.7725628036803,76.2554763025453,5999,9673,27619
"134","BRENT",2001,100,86.9724450645274,77.7602332078222,6478,5734,24699
"135","BROMLEY",2001,47.7899138318451,100,75.1822902022531,9918.41085271318,10595,53349
"136","CROYDON",2001,24.5211884488755,47.296613768692,48.7936226068,8815.1340008707,11203.4711072413,37240
"137","EALING",2001,63.1597178817736,59.2600368055436,59.201458297779,7639.36281196148,10941.6064341584,40659.4713916077
"138","ENFIELD",2001,39.2549548614714,69.425550542124,58.824368261936,9637,14849,35062
"139","HARINGEY",2001,0,0,47.6650990262966,4859.68493781667,582.835559649931,30194
"140","HARROW",2001,38.3508592177593,88.1688924426259,57.01350998162,7397.54907498941,6790.76792355129,23323
"141","HAVERING",2001,44.130672242595,45.7928580870927,48.9287493771799,7183.21257961783,8507.87691082802,26091
"142","HILLINGDON",2001,36.7397260273973,97.9720889664195,61.924965756857,7300,9172,29933
"143","HOUNSLOW",2001,25.2868586274085,47.9084451460142,52.1828394344373,4619,8869,25815
"144","KINGSTON UPON THAMES",2001,45.1714485654304,44.679005205321,48.612607067754,2858,6916,19497
"145","MERTON",2001,49.0694674774277,87.9378197560016,55.9238327987373,5427,5082,19641
"146","NEWHAM",2001,47.1346755608644,57.8659638120168,56.4879659401735,6240.323,8917.159,29321.817
"147","REDBRIDGE",2001,40.4754044239023,89.6584989388385,63.4258755216839,6058,10366,27555
"148","RICHMOND UPON THAMES",2001,31.2604108828429,41.4737082240219,44.6489968229099,5403,8767,22977
"149","SUTTON",2001,43.2139883430475,45.1738525730181,45.3685941353796,4804,7190,21894
"150","WALTHAM FOREST",2001,34.9499705709241,61.4019753518049,42.0760242746294,8495,11441,33121
"151","BARNSLEY",2002,32.52953481414,35.188173101075,36.90558108796,7645.35986822334,9707.80719472943,25454.1446661158
"152","BIRMINGHAM",2002,23.7151960105278,51.6240626632966,49.2774950866897,31472.5644853673,53482.5861017165,140995.81649734
"153","BOLTON",2002,12.5507305194805,51.6806181584031,42.9679435315124,9856,15530,35843
"154","BRADFORD",2002,23.2260567259032,61.7748369951834,56.3205404951924,11435.4323307833,25220.6250276545,69349.4765081916
"155","BURY",2002,15.6881851400731,46.221316558873,42.9131610004949,4105,11287,26267
"156","CALDERDALE",2002,33.8867208155059,62.7086382963097,58.6209320748054,5142.76448136863,11837.0673594655,29196.2124396984
"157","COVENTRY",2002,38.1179321486268,62.8106439934394,52.0529398335978,13416.3431217974,15954.4237780844,44210
"158","DONCASTER",2002,36.8919274257165,55.7023297520625,43.8955684174586,8118.01502112683,18448.2957015497,46541.1891522144
"159","DUDLEY",2002,30.2270135793511,58.0068381817163,46.8722782929453,9647,17841,39038
"160","GATESHEAD",2002,26.7052125653636,49.3867494096721,50.7261078952434,8230.88,14108.262,35652.897
"161","KIRKLEES",2002,12.7949617346939,52.2816454300957,45.3100300172288,12544,22681,56301
"162","KNOWSLEY",2002,36.5404943589456,100,66.246423040325,5044.71218596924,6433.51342009916,19763.1221544159
"163","LEEDS",2002,9.00013803892698,47.4779868905955,45.9150204994409,21733,35547,107320
"164","LIVERPOOL",2002,47.286432160804,66.144834201151,58.2049475601165,19900,29192,75229
"165","MANCHESTER",2002,39.864269346025,92.5942386166216,60.4536313766262,11346,24751,73099
"166","NEWCASTLE UPON TYNE",2002,48.9586798855546,79.4252945995337,64.7436415018167,15029,15869,49540
"167","NORTH TYNESIDE",2002,7.98201242504427,49.2431966313235,35.6634395976207,6539.70417738488,11030.9654360349,27549.2215861744
"168","OLDHAM",2002,31.566091954023,77.1959942775393,59.4756699235755,6960,13980,31011
"169","ROCHDALE",2002,29.7524692110718,66.271682489828,50.2614419291339,8201,14009,32512
"170","ROTHERHAM",2002,13.4712670468717,58.0430372729506,47.499737279206,8865.98448403952,15535.5732701516,39153.6868233588
"171","SALFORD",2002,57.241754397662,72.6374193971853,68.2997787165999,8502.43027948646,13323.1278545798,37439.5691000486
"172","SANDWELL",2002,40.8139534883721,49.719543707065,51.8380748529748,11180,15867,48121
"173","SEFTON",2002,42.3024419839223,62.4665198500089,62.8241950461053,6593,16801,46307
"174","SHEFFIELD",2002,27.1378647026793,63.973268604884,61.1290478248709,22001.6598896615,32221.6710041755,98305.2405957494
"175","SOLIHULL",2002,41.9530823786143,53.0815423514539,49.9558602066781,5499,6328,19257
"176","SOUTH TYNESIDE",2002,40.3220035778176,59.9700636811043,54.5995871846172,5782.75862068965,11679.9655172414,30472
"177","ST HELENS",2002,35.5798133206771,39.3298853159433,51.5910765726536,6321,8894,29854
"178","STOCKPORT",2002,41.456056695299,100,72.292003482154,8179.36834945049,17818.0991626433,40205
"179","SUNDERLAND",2002,30.0419962887001,74.6643345851124,56.3317267606207,10239,19439,49173
"180","TAMESIDE",2002,56.6189740878139,99.9999999999999,74.0396613563307,6020.76019606774,10206.2348315384,32785.371110397
"181","TRAFFORD",2002,13.1192161132281,44.5416438855477,49.0584187354323,5511,10974,27029
"182","WAKEFIELD",2002,13.7541899441341,65.6506653783653,52.5402811107302,8950,22769,43755
"183","WALSALL",2002,53.7653664480738,46.552051579499,53.989042525437,7326.27760252366,13969.309148265,38330
"184","WIGAN",2002,6.22593068035944,87.5882264604295,62.2488115816768,6232,13318,37024
"185","WIRRAL",2002,47.9725279894628,77.8076303062869,70.7286432160804,10629,14888,47760
"186","WOLVERHAMPTON",2002,52.7939266013376,49.0798395166581,49.8730244828521,7930.83649870801,16764.520994832,40559
"187","BEDFORDSHIRE",2002,48.6089813800657,89.7013167755058,68.9282381001763,9130,18682,38572
"188","BUCKINGHAMSHIRE",2002,46.1689725402065,99.1434689507495,69.5396707300788,14239,15878,52419
"189","CAMBRIDGESHIRE",2002,39.390189799092,73.4819327054435,60.1062959934587,17938.4766512673,21956.4175927082,61150
"190","CHESHIRE",2002,36.7548596112311,71.6203764643938,66.7587624891573,18520,30388,93381
"191","CORNWALL",2002,50.9085153529598,100,74.6173469387755,15795,19608,58800
"192","CUMBRIA",2002,25.5579727660946,47.6236162361624,48.0688845401174,12411,27100,63875
"193","DERBYSHIRE",2002,16.4678141947654,51.7619181083904,53.3415102389079,21205,39247,93760
"194","DEVON",2002,57.7152793528389,65.764941256598,63.190913779855,13227,46984,95001
"195","DORSET",2002,38.5093167701863,69.6954140999316,58.1815550141124,7406,17532,41453
"196","DURHAM",2002,48.2276618512575,57.4614638384383,63.0655280481121,17136.1751136758,36994.3162530024,76464
"197","EAST SUSSEX",2002,37.2357085131174,68.9505925167169,58.6912834573169,10287.7186567304,26944.858117166,66537.1713145839
"198","ESSEX",2002,41.6231884057971,68.1820916715804,55.0505149840358,34500,83101,152529
"199","GLOUCESTERSHIRE",2002,33.8113141558101,97.0170785052818,72.6673071948561,11437,21489,54122
"200","HAMPSHIRE",2002,62.5074791733787,61.4292966586672,68.2063342171213,21727,43336,110132
"201","HERTFORDSHIRE",2002,100,100,89.4871618204628,20926.8549820746,53350.1665728423,108297.510725608
"202","ISLES OF SCILLY",2002,0,0,0,40,191,272
"203","KENT",2002,87.9203203756128,80.0427171575772,78.610841919981,28966,69293,151689
"204","LANCASHIRE",2002,81.8515671705526,71.3896009540912,69.5361573559401,23418,72949,146623
"205","LEICESTERSHIRE",2002,63.3699138495338,67.0713548923559,64.4454690453766,13669.572,27826.277,60916.942
"206","LINCOLNSHIRE",2002,35.9630516592542,79.6025715955582,69.8039696152904,14615,41064,81620
"207","NORFOLK",2002,27.153363526821,66.1263938038325,60.4948590034912,24067,59908,114861
"208","NORTH YORKSHIRE",2002,22.5502645502646,44.8786507610037,53.3383650719926,9450,26741,68896
"209","NORTHAMPTONSHIRE",2002,47.718476268079,46.0926878288113,52.7011216323729,9818,33834,64103
"210","NORTHUMBERLAND",2002,51.6244897959184,75.5074819724063,64.830193774897,12250,23991,59244
"211","NOTTINGHAMSHIRE",2002,21.6907980511906,64.414854936182,53.9263521792403,14573,39879,91408
"212","OXFORDSHIRE",2002,47.6560572415495,41.0998982360923,52.99374816431,16212,23584,71499
"213","SHROPSHIRE",2002,66.4255179217362,92.5127539814562,80.5931688534816,6554.23752077307,14600.3692989475,35342
"214","SOMERSET",2002,99.9999999999999,99.9999999999999,83.7158039755953,11272.8542412911,14958.0882109821,53822
"215","STAFFORDSHIRE",2002,34.989133809376,54.940565776945,51.1917283742848,19326,32557,95072
"216","SUFFOLK",2002,45.5048231173734,49.9024436030996,56.1018512754524,19157.7415621868,33776.4150515949,86949.882396956
"217","SURREY",2002,40.8283187900402,72.6210153996958,62.9288972260371,13768.9455911943,50657.0251015164,107677.107
"218","WARWICKSHIRE",2002,36.6529535046185,66.3435548513375,59.7167768740125,12883,21458,51267
"219","WEST SUSSEX",2002,34.7423205885273,64.0789116048341,58.4555097915746,17031.1984839929,36686.7670053037,87368.5311601656
"220","WILTSHIRE",2002,48.0103578318373,95.2701934015374,67.7063042830625,9116.78270620483,12872.8614502866,43637
"221","WORCESTERSHIRE",2002,29.9099966274807,89.3691484308433,73.7167363930592,8344.66549728473,19671.4585332419,50876.9429457407
"222","BATH AND NORTH EAST SOMERSET",2002,30.761972163246,37.2035858877964,50.4080171796707,4239,6916,20955
"223","BLACKBURN WITH DARWEN",2002,48.4714673913043,65.0350330868042,58.6052248009867,2944,10276,17838
"224","BLACKPOOL",2002,60.3363454760236,87.7516268699163,74.041495741986,3697.28748495252,11310.6487137188,24034
"225","BOURNEMOUTH",2002,34.4372719618299,91.9623461259957,62.6076833527357,3563,11048,25770
"226","BRACKNELL FOREST",2002,35.3581142339075,40.5197030268418,46.3578564940963,2206,3502,11010
"227","BRIGHTON AND HOVE",2002,45.6451404167206,65.8564001686104,60.6700079134793,7727,14234,37910
"228","BRISTOL",2002,12.5764493065725,45.4920962745254,47.2015731374857,11609,25178,67127
"229","DARLINGTON",2002,56.2225475841874,59.7319932998325,65.5898998693949,1366,5970,11485
"230","DERBY",2002,16.5950744558992,60.9048262701757,55.2770530500683,6984,12577,32196
"231","EAST RIDING OF YORKSHIRE",2002,64.7883183065465,91.6007473069126,80.0554583267041,10204,25157,43997
"232","HALTON",2002,33.8867924528302,70.1698173662288,59.4609200837668,2650,6242,14803
"233","HARTLEPOOL",2002,47.4743777452416,91.7512360135311,73.0630077138371,2732,7686,14649
"234","HEREFORDSHIRE",2002,19.1514364660468,59.1382380294034,55.7333789436814,2792.861,8662.392,17826.364
"235","ISLE OF WIGHT",2002,27.1038558964256,88.6387995712755,61.1089550790725,3553,9330,20614
"236","KINGSTON UPON HULL",2002,39.224084673873,71.9259430818981,58.2438746964297,6536.55803709473,24428.1959836716,45024.4701206508
"237","LEICESTER",2002,67.7529761904762,67.0485995793203,60.3897581073225,6720,18066,39563
"238","LUTON",2002,43.0292598967298,35.3232656913639,34.4790177030426,5229,8476,20279
"239","MEDWAY TOWNS",2002,89.8944890901966,69.6725347667573,71.8061241475048,5429.84937768843,9044.90516405404,25291.38556
"240","MIDDLESBROUGH",2002,38.048048048048,64.4892197125257,55.3850076491586,3330,7792,19610
"241","MILTON KEYNES",2002,35.0866075200676,86.2020579981291,64.0137033910928,4734,6414,20141
"242","NORTH EAST LINCOLNSHIRE",2002,44.4237918215613,79.2973775358733,61.1153588836854,3766,10105,20926
"243","NORTH LINCOLNSHIRE",2002,33.7278630236213,70.7380975031197,53.2281013783904,4918.78183577216,9601.6153101947,22490
"244","NORTH SOMERSET",2002,33.7763371150729,90.8562539391586,74.703818535701,3303.05547104756,6335.27005374708,21242
"245","NOTTINGHAM",2002,26.8793852322085,60.4071661237785,49.9527031943535,5986,18420,41229
"246","PETERBOROUGH",2002,65.1429420328131,38.0704973239139,45.4799828784607,4050.28490679888,8068.41882920483,18392.0887274984
"247","PLYMOUTH",2002,23.2647366585281,63.9727300898667,69.0845720754267,2867,16135,33569
"248","POOLE",2002,61.2102217936355,81.2456385205862,62.2579239055981,4148,5732,16059
"249","PORTSMOUTH",2002,75.6359300476947,35.7162284494744,51.0203479578777,5412.28319898964,12063.8306897961,27723.9586382378
"250","READING",2002,50.9349289454001,34.8412427449641,46.2315023827439,4011,5858,15948
"251","REDCAR AND CLEVELAND",2002,35.1711810771433,34.733093534844,47.2008513816835,3371.64103742107,7035.05838266466,15181
"252","RUTLAND",2002,28.9041095890411,46.9230769230769,46.8092442000897,769.394273127753,2055.23127753304,3830
"253","SLOUGH",2002,29.7209277791926,35.5036428065341,50.1014822425915,3908.2998725,4110.0063947,15378.7054774
"254","SOUTH GLOUCESTERSHIRE",2002,30.6310289922864,34.4566019858411,47.943881508126,4883.39856076982,7686.4332571201,25320.9366926463
"255","SOUTHAMPTON",2002,65.2839233038348,59.9130756426854,54.1841589700532,5424,10814,28584
"256","SOUTHEND ON SEA",2002,38.4036144578313,82.9936158757019,63.6004843700946,3984,13001,22297
"257","STOCKTON ON TEES",2002,48.7998079692751,65.4503033131125,65.8035639588388,4166,10715,23906
"258","STOKE ON TRENT",2002,45.0738916256158,35.9083191850594,48.2319475977974,6090,16492,38319
"259","SWINDON",2002,47.776233495483,41.0579021697265,31.8782098312546,2878,7789,27260
"260","TELFORD AND WREKIN",2002,79.7787861599546,99.1626794258373,84.0913230918696,3526,5852,16469
"261","THURROCK",2002,55.575460274717,67.3392032798172,53.571940898006,3722.86615310544,6487.6027443428,13942
"262","TORBAY",2002,40.5281057413453,83.018077258653,67.5549983824005,3392.70729497055,12041.9555958314,24728
"263","WARRINGTON",2002,71.9787956105202,71.8585911199861,69.3016595053986,4285.8236584651,8578.30612895928,25596.6629924279
"264","WEST BERKSHIRE",2002,47.8614351360905,42.6372290864898,47.4517855833394,2829,4937,13637
"265","WINDSOR AND MAIDENHEAD",2002,49.3670886075949,48.0651731160896,60.6679286100595,3713,4910,14792
"266","WOKINGHAM",2002,50.4248463816808,58.9885002469077,58.0153783822352,3519.65493681832,4064.65282269381,12056.5366626935
"267","YORK",2002,37.3943975100044,36.6181930693069,50.5829986936959,4498,6464,20669
"268","CAMDEN",2002,63.9997421603828,60.4727590666049,54.1262686897371,9566.62328053882,14414.4414914148,38501.8154138
"269","LONDON",2002,0,100,26.0782347041123,845.7,219.3,2193.4
"270","GREENWICH",2002,56.7021456293886,54.8076854330583,52.6852255632321,11054.3763265017,11316.0405250567,34929.8368239936
"271","HACKNEY",2002,33.2736572890026,84.9360614733001,46.2899112118242,8240.13500061107,8195.47301338911,29148.8086255568
"272","HAMMERSMITH AND FULHAM",2002,46.5033112582781,54.539641943734,46.3745207506558,7550,7820,29734
"273","ISLINGTON",2002,57.9243425678526,79.0967921508594,69.7364732268012,7111,14371,35670
"274","KENSINGTON AND CHELSEA",2002,31.5665091154625,42.6835573940021,40.8350305498982,5924,7736,26514
"275","LAMBETH",2002,50.7947243828204,82.6141992294992,59.5119216084159,8871,18170,37453
"276","LEWISHAM",2002,46.5277777777778,81.5401520007325,61.1918359478542,9792,10921,41499
"277","SOUTHWARK",2002,95.0069699657838,99.2827200745226,76.7394369621238,7891,10735,41134
"278","TOWER HAMLETS",2002,46.0573270404052,67.873459184553,54.4644366622389,8687,11601,41405
"279","WANDSWORTH",2002,49.7622444127437,97.8931593794076,74.1265184394928,8412,11344,41243
"280","WESTMINSTER",2002,100,49.7784171326481,69.9420545602834,11487.85,8619.8,37457.65
"281","BARKING AND DAGENHAM",2002,33.8603425559947,29.1756412766791,45.4967372718707,6831,10214,28657
"282","BARNET",2002,50.4980601866415,63.0403645833333,59.07565876277,9537,30720,53054
"283","BEXLEY",2002,97.893372224923,99.9210344487217,79.4662162162162,6171,10131,29600
"284","BRENT",2002,100,91.7636195752539,82.2809369267673,7536,5415,28348
"285","BROMLEY",2002,46.3008961240368,96.6190614981055,69.4208225883636,8742.81134679488,10293,41429.9325874323
"286","CROYDON",2002,33.0359119493821,44.7168018519672,48.4507913760362,8890.8045038628,11178.6141855241,37811
"287","EALING",2002,56.2854043630228,57.4037715790343,63.6573403952685,9214.81525090085,10341.2449258302,39982.9484712368
"288","ENFIELD",2002,39.7660394037431,67.1978869310631,56.485386956724,8606.492,15069.267,36524.459
"289","HARINGEY",2002,38.1334981458591,71.7491922102873,49.6386808566548,8090,11451,30444
"290","HARROW",2002,48.6075573135123,92.6390330592976,61.7200371206004,7077.17555953432,7769.732996422,25129.8696785351
"291","HAVERING",2002,49.3212949204052,51.7662034639817,52.1055805867953,7834.34418385756,8706.45266295396,28187
"292","HILLINGDON",2002,46.4481605351171,90.3054267793837,59.2053282836527,7475,7334,30629
"293","HOUNSLOW",2002,25.1067290099614,42.5563396312315,47.9246282492716,4919,8786,26429
"294","KINGSTON UPON THAMES",2002,46.9529523208083,42.8254437869822,47.4970379146919,3167,6760,20256
"295","MERTON",2002,52.9556650246305,100,63.3179114342366,5684,4568,21182
"296","NEWHAM",2002,63.0058651026393,71.1318407960199,63.9461533459062,6820,8040,30754
"297","REDBRIDGE",2002,61.1418867924528,90.2817444325688,68.5166513646607,6625,11414.6,29952.5
"298","RICHMOND UPON THAMES",2002,27.631160572337,100,58.7844180225282,6290,8267,25568
"299","SUTTON",2002,55.0810014727541,48.2056256062076,53.8057742782152,4753,7217,22098
"300","WALTHAM FOREST",2002,38.7550432276657,59.4018228475356,43.6589176950796,8675,11301,31359
"301","BARNSLEY",2003,36.0919210773874,60.8933762706791,54.4055129526782,7729.71762738425,15322.4664524574,33499.7424999009
"302","BIRMINGHAM",2003,33.9967492619498,60.3297560271826,54.7161654135911,31813.3914979865,62354.7394902703,145191.557351255
"303","BOLTON",2003,18.8145280235988,57.8923435457284,46.9101333665711,10848,17593,40115
"304","BRADFORD",2003,26.0095717017671,66.5182269577858,59.6352610269126,11380.4257676373,28205.8029176076,75468.7733817236
"305","BURY",2003,22.9792147806005,54.4839255499154,49.455614187429,4330,13593,29942
"306","CALDERDALE",2003,30.7208340823297,74.5627522583125,62.9775704780849,5563,10406,29158
"307","COVENTRY",2003,50.3210690732383,59.6222799969078,56.3334907821006,12623.7567555416,20256.0792005755,48954
"308","DONCASTER",2003,30.237210631609,64.943027358436,49.9611516860168,6998,17289,45047
"309","DUDLEY",2003,29.5056592821902,62.4054337622177,47.325808448826,10337,18109,41994
"310","GATESHEAD",2003,30.5938743070759,61.5350197195176,57.6462820324977,8386.741,17175.623,40834.663
"311","KIRKLEES",2003,15.4281162883313,57.85415470429,48.7535785438047,12555,24382,59731
"312","KNOWSLEY",2003,48.1119779308783,100,68.6023254159667,5407.50534450036,7475.26038809101,22782.0699041361
"313","LEEDS",2003,9.59294557762537,50.8683087202057,46.8658459959114,22454,37717,112997
"314","LIVERPOOL",2003,51.186815298866,78.1122996391065,66.0915117058517,20812,30757,80558
"315","MANCHESTER",2003,44.8952993309584,96.415770609319,65.8951993280351,11509,27621,77385
"316","NEWCASTLE UPON TYNE",2003,51.4223502142305,83.9710502692998,69.1569655878214,14237,17824,54719
"317","NORTH TYNESIDE",2003,2.83414388730505,66.5863937387116,53.7722592677755,5963,18271,39141
"318","OLDHAM",2003,33.5756220296338,72.7803895231699,58.1976726883128,7154,14890,33601
"319","ROCHDALE",2003,30.4119300818971,66.4925854287556,52.3997370151216,8181,15510,34983
"320","ROTHERHAM",2003,11.910397967125,61.4095553382947,47.5511885798886,9709.18445355583,16862.8984453192,41957.9943903544
"321","SALFORD",2003,63.7782150410102,72.9786621915795,72.0998480519742,9992.97921121454,13408.3814937497,40096.7932519302
"322","SANDWELL",2003,43.6094026455472,51.9143876337693,51.5369163129169,11869,16820,52768
"323","SEFTON",2003,62.0886981402003,71.8691538831578,70.4110365680809,6990,18709,52915
"324","SHEFFIELD",2003,26.7089755213055,70.5391663577141,63.4787402922081,22060,37762,105199
"325","SOLIHULL",2003,46.6058586212945,71.8944281524927,58.0664916885389,5701,8525,22860
"326","SOUTH TYNESIDE",2003,40.2053868447675,63.3072626758428,54.9654349821003,6295.07187624384,13264.3880734466,33508.011
"327","ST HELENS",2003,46.2228748572361,43.4073450489319,55.570414238864,6129,9503,31407
"328","STOCKPORT",2003,39.178878317713,100,70.4887883993807,8402.39301184578,18544.0041799772,41207.2516317975
"329","SUNDERLAND",2003,31.6397636058922,78.525068196783,58.9303193159363,11337,21262,54147
"330","TAMESIDE",2003,56.8595578673602,99.8031159048108,76.4739948155093,6152,11682,36262
"331","TRAFFORD",2003,16.7725988700565,46.9937583945643,49.3521910188577,5664,12657,29484
"332","WAKEFIELD",2003,23.0274693161894,65.4306220095694,51.246053462429,10266,22572,47510
"333","WALSALL",2003,64.0845879783933,56.0255653906313,61.6298292186024,9295.06461374155,15959.6166149621,42615
"334","WIGAN",2003,6.95682572976752,90.8102766798419,64.4567494762047,5721,14168,40092
"335","WIRRAL",2003,55.6049511854951,74.7053735538977,71.916471157118,11472,18498,55837
"336","WOLVERHAMPTON",2003,57.8845492875081,51.3225761527051,51.6,8459.94321503132,18670.1461974351,44500
"337","BEDFORDSHIRE",2003,57.5042476873702,95.4697727155595,74.2266111293116,10594,19403,42734
"338","BUCKINGHAMSHIRE",2003,44.0356259277585,98.6625361515335,68.8146583829161,15157.5,17495.8,57059.5
"339","CAMBRIDGESHIRE",2003,53.8466224036061,95.5894875975595,75.760198596965,18206.8889970088,23809.566918068,65894.3909741091
"340","CHESHIRE",2003,36.1032695170148,71.5818736175046,66.4020305167783,19483,33454,101649
"341","CORNWALL",2003,43.0481784665375,100,79.5678155790002,16003,27455,71705.5
"342","CUMBRIA",2003,34.0340937918895,49.5330170196224,51.4682356485449,14046.7332026357,32716.2062830337,74655.7318816077
"343","DERBYSHIRE",2003,14.6326030214348,52.716089957275,52.4527189664489,25286,42598,101785
"344","DEVON",2003,63.067315372885,70.6264586866363,68.2191084652243,13771,59557,110192
"345","DORSET",2003,44.3075274578087,72.360157016683,61.3791789290932,7466,20380,47231
"346","DURHAM",2003,56.5955696574418,64.6192355616201,68.511952306496,19047.8287097618,42131.068306726,86120
"347","EAST SUSSEX",2003,48.416116197476,76.4421321817491,66.6770836123777,10376.1333263524,35748.8202643528,79430.3413494309
"348","ESSEX",2003,49.5549708271365,76.7656191503887,60.9378573301131,43705,90818,179281
"349","GLOUCESTERSHIRE",2003,43.0558375634518,97.0649743996539,73.723905098185,9850,27734,64572
"350","HAMPSHIRE",2003,63.0103833242252,63.5167666188023,69.3168550391968,25618,47356,125903
"351","HERTFORDSHIRE",2003,100,99.9772364921662,89.396702029131,22855.1247417074,52715.9526010513,118626.150362516
"352","ISLES OF SCILLY",2003,0,0,0,50,234,492
"353","KENT",2003,89.5155308986264,81.8207823786026,80.931478354228,33707,83898,178834
"354","LANCASHIRE",2003,83.4952813701503,73.8645329914193,72.8153996124824,28610,81112,166186
"355","LEICESTERSHIRE",2003,68.3614824099631,69.0830430138564,66.8932946494325,16089.989,30861.404,67725.676
"356","LINCOLNSHIRE",2003,44.4651941528753,81.2649220542109,71.3097288965455,15529,42722,88232
"357","NORFOLK",2003,32.4656632946788,68.5247498450368,62.5932056435722,24318,67758,126870
"358","NORTH YORKSHIRE",2003,27.7979941421851,49.3318826289484,56.5706398098208,11267,29411,78242
"359","NORTHAMPTONSHIRE",2003,49.1528947094897,55.7117846591531,57.7033842555369,9621,36556,68405
"360","NORTHUMBERLAND",2003,48.3531197000803,78.7903255404265,67.1356099774713,11203,27247,61699
"361","NOTTINGHAMSHIRE",2003,28.8397790055249,65.5818070402397,55.1608118735006,16290,44061,100459
"362","OXFORDSHIRE",2003,50.6250404818965,90.9603466753646,68.5588843702067,15439,21461,71063
"363","SHROPSHIRE",2003,74.8064385700622,92.6350883806427,80.8809646952834,7097.50641196429,15666.8500978133,39586.848643528
"364","SOMERSET",2003,100,99.9999999999998,86.0682358994148,12478.1858640427,20663.763762943,66997
"365","STAFFORDSHIRE",2003,40.2884664390194,57.3757378496166,54.7373895957543,19621,36254,103823
"366","SUFFOLK",2003,46.4582256605678,59.298126196619,59.8077636204936,20307.3481782406,37570.7944919462,98308.7897247688
"367","SURREY",2003,48.7890429263404,88.8916554030021,72.496753990682,11974,56228,117837
"368","WARWICKSHIRE",2003,40.044960659423,69.0966048598764,60.7123117313804,13345,23622,57896
"369","WEST SUSSEX",2003,44.9705445135715,68.726692677459,62.0248741061988,18163,46391,111602
"370","WILTSHIRE",2003,55.8313361611451,94.5003298744174,69.7013509239597,7837.89230365117,13281.4351195167,44266
"371","WORCESTERSHIRE",2003,31.9062405996796,87.1741066341606,72.8742380953959,9535.83473349104,25792.7379254375,63009.1678312027
"372","BATH AND NORTH EAST SOMERSET",2003,33.4584702017832,39.343372676706,52.999789783477,4262,7371,23785
"373","BLACKBURN WITH DARWEN",2003,50.0787897888434,67.6809910956252,61.7015315651849,3173,12915,21416
"374","BLACKPOOL",2003,68.1460798672916,87.5837015810576,77.1292545903604,4076.58948769128,13655.4130904857,26006
"375","BOURNEMOUTH",2003,38.2648664176961,94.1126147145746,68.2492581602374,3481,12858,27971
"376","BRACKNELL FOREST",2003,47.50656167979,53.2490079365079,53.9020721925134,2286,4032,11968
"377","BRIGHTON AND HOVE",2003,58.862955377784,74.6962292883729,66.2133284496657,8441.89527845757,17547.6530610149,44884.9668514863
"378","BRISTOL",2003,15.791151853328,49.4048070361665,47.6894325518179,12545,26378,70632
"379","DARLINGTON",2003,54.3478260869565,71.3795470144132,74.573406310367,1518,5828,12424
"380","DERBY",2003,20.5053191489362,62.9185289735749,58.7894919569494,7520,12753,34564
"381","EAST RIDING OF YORKSHIRE",2003,59.2404778003155,88.6736164649884,79.3347371864331,8874,29833,48913
"382","HALTON",2003,32.8075247270286,71.4262234971596,58.9465957056341,2630.4940929878,6751.02191310976,16347
"383","HARTLEPOOL",2003,60.0890207715134,94.2392409352762,74.9715313155529,2696,8853,16685
"384","HEREFORDSHIRE",2003,28.9201608271109,58.8932806324111,57.0711376337975,3482,9867,21114
"385","ISLE OF WIGHT",2003,44.2445015709797,90.8967931885096,75.9062976863117,3501,12567,24247
"386","KINGSTON UPON HULL",2003,44.9952134462659,76.3286229861305,62.551817072916,7092.4071808646,28212.8165129096,48066.9926507159
"387","LEICESTER",2003,63.7207108035855,72.005515807378,64.044014130281,7022.38614735332,19031.2318704659,40637
"388","LUTON",2003,42.2446941286013,44.1375615723088,38.1982337313742,5350.582,9223.099,21292.118
"389","MEDWAY TOWNS",2003,89.4162272292294,66.233267185034,72.21459679823,5797.564,10536.93,28924.439
"390","MIDDLESBROUGH",2003,48.0201419089036,67.5800492610837,64.7486424943072,4369,9744,22836
"391","MILTON KEYNES",2003,45.963610669493,87.135623374846,66.008734372324,5661,7307,23356
"392","NORTH EAST LINCOLNSHIRE",2003,55.1761226136058,84.7172351885099,69.1522861821388,3719,13368,23817
"393","NORTH LINCOLNSHIRE",2003,38.1506299605458,73.723416380607,55.1307175916274,4128.37219628828,10430.8785153137,23983
"394","NORTH SOMERSET",2003,39.6761133603238,93.7767175078836,78.8285945200673,3655.5691117277,8799.61213802806,27155
"395","NOTTINGHAM",2003,39.790645289519,62.8204461546461,51.7536183103332,7547,19231,44565
"396","PETERBOROUGH",2003,72.1008235553933,44.1650455682842,47.4622082623825,4602.42553108421,8837.66720188198,22386.3281386712
"397","PLYMOUTH",2003,29.4216543375925,75.3988337550886,78.0182935007108,2974,18178,37281
"398","POOLE",2003,61.386811692726,83.1197525408749,65.1971643774922,4413,6789,18056
"399","PORTSMOUTH",2003,71.8686473807663,44.0140660216885,54.3409378060133,6857.80547292326,14233.5973195151,31550.8906534881
"400","READING",2003,55.0121172064331,35.9611231101512,47.083187492708,4539,6482,17142
"401","REDCAR AND CLEVELAND",2003,43.7909274183619,38.8860478939107,49.0042372093941,4106.60554513796,8268.55973747656,17803
"402","RUTLAND",2003,25.4257907542579,61.9838450050497,53.5264132639563,858.56071964018,2269.8035982009,4250
"403","SLOUGH",2003,19.1689096114592,24.1641517166967,37.5598137282241,3253.9972761778,3693.25355079009,12022.4004230302
"404","SOUTH GLOUCESTERSHIRE",2003,38.3232229983209,55.7567379165716,55.5658141542311,6037.81174367918,12497.8658030517,33028.6342805351
"405","SOUTHAMPTON",2003,68.452652418938,61.700307757267,59.6924306840708,6056.17,12220.67,33230.493
"406","SOUTHEND ON SEA",2003,58.3041958041958,84.6204102966157,69.8860366064234,4576,15306,26061
"407","STOCKTON ON TEES",2003,56.6277298120874,79.8422913078945,76.1427827410761,3938,11033,24961
"408","STOKE ON TRENT",2003,50.6895391860074,40.9167604049494,51.9388607657148,5946,17780,40694
"409","SWINDON",2003,45.3070252048174,44.9506541743829,46.0022504459141,3491.10221089037,9126.4375984978,23357.7878751339
"410","TELFORD AND WREKIN",2003,80.0104657247514,99.26346478441,84.1524573721163,3822,6517,17946
"411","THURROCK",2003,57.4496500079201,67.3350559000005,53.1983088325326,3697.1504608073,6399.34123823898,13883.9
"412","TORBAY",2003,43.3009099466583,86.9426548446769,70.3295963370703,3187,15677,29703
"413","WARRINGTON",2003,73.4449196553561,77.6912063031977,71.7957652736758,4395.51841118853,11311.1252532019,27803.4084405145
"414","WEST BERKSHIRE",2003,44.6679316888046,39.7103813991434,45.522907673026,2635,4903,14362
"415","WINDSOR AND MAIDENHEAD",2003,53.9189517107498,63.5365065690287,67.7937447168216,4121,4643,15379
"416","WOKINGHAM",2003,48.709591882432,52.6339495176539,56.6135671222092,3591.36855658994,4203.66324999348,13179.97137
"417","YORK",2003,40.4557265640616,38.1140666187395,50.1417675012979,5003,8346,25041
"418","CAMDEN",2003,63.2506592368792,58.8998162207432,57.0691039768239,9728.07028768252,15900.0159146202,40386.3512494849
"419","LONDON",2003,18.4337220498556,100,44.3817842605156,934.7,277.2,2358.4
"420","GREENWICH",2003,58.0879357818856,57.0703967388175,55.8973773391363,10048.7932438095,11543.4101210843,35912.266565443
"421","HACKNEY",2003,34.4692737430168,85.6851642129105,47.1124720136968,7160,8830,30372
"422","HAMMERSMITH AND FULHAM",2003,40.484963976318,71.67655858216,47.2616496717655,8258.96788526647,8310.24980859069,33855.4545702818
"423","ISLINGTON",2003,47.8139652768977,67.7947963346933,59.0309466522857,7891,14951,36159
"424","KENSINGTON AND CHELSEA",2003,6.92966903073286,38.6782786885246,33.4098816979819,6768,9760,28740
"425","LAMBETH",2003,53.6825279724579,99.8383687678727,69.4358803433047,8133,8043,36003
"426","LEWISHAM",2003,49.4217627475031,96.8530787217459,65.2538671937849,11414,10264,43507
"427","SOUTHWARK",2003,100,99.9999999999996,90.6430601873599,7981.55566549957,11053.9305830416,44042
"428","TOWER HAMLETS",2003,53.1670461602153,83.7430693587195,56.1647173489279,9662,9559,41040
"429","WANDSWORTH",2003,51.1448625014383,100,74.9072197809704,8691,11882,43921
"430","WESTMINSTER",2003,95.753970740633,62.8580684149,69.5869225379621,11680.1378348,10127.82362,39973.0146848
"431","BARKING AND DAGENHAM",2003,43.2183302607322,36.8867576540022,53.266640071194,7594,10844,32587
"432","BARNET",2003,84.6339650687477,99.4807238394964,79.9824313322192,10764,19065,46674
"433","BEXLEY",2003,100,100,80.3275976174719,6306,10411,30220
"434","BRENT",2003,100,92.0179547228728,84.9430483795209,8275,10248,34064
"435","BROMLEY",2003,49.0746020194572,96.9276595744681,69.8840725806452,8252.74140459508,11750,43648
"436","CROYDON",2003,46.61793584988,56.0097808952232,56.622063626434,9420.56478027477,16120.3690292057,45974
"437","EALING",2003,76.3998977243672,51.6080412069315,65.5319805490653,8581.93943262509,9981.27116724897,40044.1612397702
"438","ENFIELD",2003,54.2447764771511,69.1454202572644,60.0070888679213,9278.604,15254.656,38183.812
"439","HARINGEY",2003,36.1428970136757,67.1943621693392,39.5268558398784,7166,9791,31576
"440","HARROW",2003,62.540415704388,97.8999754032181,67.946861208233,7018.42254743403,8356.62703640882,27866
"441","HAVERING",2003,60.9729064039409,57.8472222222222,61.2678132678133,8120,8640,30525
"442","HILLINGDON",2003,44.4825032413014,100.005028466182,63.1432438497257,7975.963,8491.655,31060.81
"443","HOUNSLOW",2003,27.5324220119173,41.8440536788524,47.5208454860515,5706,8644,29143
"444","KINGSTON UPON THAMES",2003,55.0811943425878,43.3763027975864,48.2491125038349,3818,7292,22817
"445","MERTON",2003,42.2659079151578,100,65.0663163693377,5799,5587,23599
"446","NEWHAM",2003,40.2400331080149,77.5614651279478,58.4046464209583,7249,9965,32369
"447","REDBRIDGE",2003,62.443975744793,89.6577400506338,68.9149149398385,7586,11415.3,32130.2
"448","RICHMOND UPON THAMES",2003,29.3482049494597,100,56.8801141055476,5738,8343,26642
"449","SUTTON",2003,50.0277932184547,54.9603577963001,54.1148541713769,5397,9838,26538
"450","WALTHAM FOREST",2003,30.434252256648,59.5256119101691,39.8861589915102,8198,11889,31096
"451","BARNSLEY",2004,42.1120745438074,64.9671663982158,56.6462293071735,7727,16142,32620
"452","BIRMINGHAM",2004,44.6565436204095,58.5460656560008,55.0269970015446,34010.20885666,68443.6939149841,166468.329488244
"453","BOLTON",2004,23.945993031359,58.9361870472847,46.535348064864,11559.9909508404,18370.5782412958,41029.2782842794
"454","BRADFORD",2004,28.1964010421776,65.6181711257283,56.6280012156823,13061.9506882839,31091.9973080453,78968
"455","BURY",2004,22.8437387224829,53.2445275375867,48.2124370211885,5542,12837,28978
"456","CALDERDALE",2004,36.5888978278359,82.4511250461084,65.1754026754027,6215,10844,29304
"457","COVENTRY",2004,59.6091761811445,68.368484176471,60.1631853209109,12936.7051603716,18258.0385163084,46857.0695508691
"458","DONCASTER",2004,40.8731280022605,69.3334740619558,51.8554372378186,7078,18949,46485
"459","DUDLEY",2004,33.2562921806192,63.262429230733,48.0377751696112,11476.983,19313.645,45337.083
"460","GATESHEAD",2004,31.1825103606669,67.5793893348762,58.663966990823,8516.585,19102.188,41561.533
"461","KIRKLEES",2004,24.7579529737206,59.7295147175815,48.4576520153024,13737,25140,61951
"462","KNOWSLEY",2004,52.0995786124533,100,69.1954856243596,5899.39477691172,7077.76348365963,23044.6799601927
"463","LEEDS",2004,19.5965201739913,50.922128436483,52.409041299041,26668,37793,120027
"464","LIVERPOOL",2004,44.3508101298814,80.7330883681706,64.1098391123135,23021,33202,90933
"465","MANCHESTER",2004,52.6936563595792,99.7314635237953,68.1071617152544,12548,26812,71966
"466","NEWCASTLE UPON TYNE",2004,48.5648326279338,81.5501855008523,66.6504197129705,12995,19946,55395
"467","NORTH TYNESIDE",2004,7.31062830299471,76.6764900463102,53.5021406727829,6812,16627,40875
"468","OLDHAM",2004,36.8538697960324,62.3069824669332,58.087192638407,7158,16255,33145
"469","ROCHDALE",2004,30.7598039215686,76.8132693752528,57.4822302099943,8160,17303,37001
"470","ROTHERHAM",2004,14.483412254554,59.9331537496833,43.9229010638451,11503.6626431054,17846.1601307134,43374.0143576017
"471","SALFORD",2004,67.003662004186,83.3729022239511,72.7802257733634,11049.775817093,14272.8951946979,40032.5417755436
"472","SANDWELL",2004,49.1669311329737,51.9677949043911,51.4649514799095,12604,18879,53483
"473","SEFTON",2004,68.7184520471116,75.7901580316063,72.0268789190937,7132,19996,55657
"474","SHEFFIELD",2004,38.2232433467356,66.7932668935343,60.8314602310817,26115,32912,101436
"475","SOLIHULL",2004,51.2645914396887,84.4752264251465,61.5999337501553,6168,9385,24151
"476","SOUTH TYNESIDE",2004,35.5943574362592,65.6579821389032,53.2495463940542,8833.077,13549,33244.163
"477","ST HELENS",2004,49.8669032830524,48.9502762430939,55.5277379171374,6762,10860,32753
"478","STOCKPORT",2004,41.9693171672901,99.9999999999998,71.8305516931337,8402.96597925908,18697.3362571096,42606.4432262043
"479","SUNDERLAND",2004,30.7748272098945,75.7311761045426,55.7218029624913,10996,22498,53401
"480","TAMESIDE",2004,60.5166051660516,99.8977131584715,76.3861398400288,5866.10568040811,14108.1336228687,41989.8625855968
"481","TRAFFORD",2004,22.3777299292525,43.1780112684635,46.066944256157,6502,13134,30981
"482","WAKEFIELD",2004,30.7266264363065,65.9286211968723,52.0890417430412,12097,25834,52919
"483","WALSALL",2004,59.4938049348721,57.5073047352477,62.1398763444183,10281.0741069448,14928.191036166,47544.9008209452
"484","WIGAN",2004,17.828773168579,92.3618940248027,62.2666420215996,6798,14192,37871
"485","WIRRAL",2004,54.7454252394046,76.914223074815,69.5010339281611,10547,18245,52228
"486","WOLVERHAMPTON",2004,57.4040835453864,50.718096395023,49.2138332121716,8403.58333773575,19781.893866554,48145
"487","BEDFORDSHIRE",2004,57.2311785881985,99.1373342563502,70.1050160353826,12778,18779,47707
"488","BUCKINGHAMSHIRE",2004,40.5090655509066,100,66.8677929739877,14340,19541,59664
"489","CAMBRIDGESHIRE",2004,59.4734765206606,96.8451480057093,78.6876022597397,19753.8210998306,25026.6538507863,69686.9335386561
"490","CHESHIRE",2004,39.9661032476753,73.888249009748,68.1813801079414,21831,35597,103760
"491","CORNWALL",2004,49.485273091221,95.7037996545769,75.2389050858439,13988,27792,74088
"492","CUMBRIA",2004,37.3382879163226,55.6612981942411,57.5980516515298,14532,36882,78836
"493","DERBYSHIRE",2004,15.4743279761058,53.7887174144256,49.2106348670642,28124,46071,106668
"494","DEVON",2004,67.9880774962742,71.1606169185231,68.6289084592389,16775,64190,123770
"495","DORSET",2004,45.6914953376025,75.1113032202291,62.6533933186561,8901,23135,52235
"496","DURHAM",2004,63.3782649484027,67.2400564000984,66.4888162058907,21823.5104936447,38593.8198837324,82774.2060301508
"497","EAST SUSSEX",2004,60.1352786281352,77.0310631499107,69.5716620268917,13057.8784101952,37829.1061962312,87202.9106547218
"498","ESSEX",2004,52.5024706269902,80.9603511866581,63.508377739655,45535,99776,197607
"499","GLOUCESTERSHIRE",2004,41.9855787121243,96.7221608595251,74.2371634670377,11752.54814,29987.43678,71179.73367
"500","HAMPSHIRE",2004,65.8040057851602,61.9881357923176,69.2456717913438,31943.8,51078,139410.735
"501","HERTFORDSHIRE",2004,99.9999999999999,100,86.8843653329174,23737.0467581116,60781.8391450863,135030.718348734
"502","ISLES OF SCILLY",2004,100,41.5807560137457,42.2764227642276,35,291,492
"503","KENT",2004,89.5240213523132,82.7776876173695,81.3482004326828,35968,86266,183044
"504","LANCASHIRE",2004,86.8228487151852,77.8257280981016,73.7044967880086,35258,84810,177460
"505","LEICESTERSHIRE",2004,74.4513036377242,71.1756888108114,69.2114447301913,19323.62,32927.982,73400.245
"506","LINCOLNSHIRE",2004,46.0827279822297,86.5065726337403,73.334493712197,16657,44807,91924
"507","NORFOLK",2004,32.7027326031641,69.9679568260393,61.3258911234133,27117,71154,131323
"508","NORTH YORKSHIRE",2004,29.8279305576894,50.8699769653227,54.5178463846163,13018,31287.61,81333
"509","NORTHAMPTONSHIRE",2004,48.7005123428039,51.9772025408622,55.9821656393108,10735,39829,74463
"510","NORTHUMBERLAND",2004,49.9912418987563,78.1258606444506,65.0892829318458,11418,29048,64178
"511","NOTTINGHAMSHIRE",2004,37.5552282768778,65.170499266098,53.239062786015,20370,47009,109260
"512","OXFORDSHIRE",2004,61.1948776205721,95.7191592384725,69.8811223204539,19366,27261,83363
"513","SHROPSHIRE",2004,73.5712802331673,91.2954167816571,77.2808069807043,7204.12322039784,15579.1511731733,38699.2218115978
"514","SOMERSET",2004,99.9999999999999,100,80.9323735335261,12444.5919552365,25833.8676399614,71755
"515","STAFFORDSHIRE",2004,41.651419188365,57.9335260115607,53.8517564506817,21315,41520,112585
"516","SUFFOLK",2004,51.9256016097069,59.7560447259824,58.3329509426584,24140.3992704528,41438.9344040858,107325.504273165
"517","SURREY",2004,56.8925518925519,85.9552602896144,71.0718583795955,16380,57801,128795
"518","WARWICKSHIRE",2004,42.2747355737046,70.0932732590309,62.1920928981632,14938,25302,63209
"519","WEST SUSSEX",2004,49.629022713824,71.059495714818,59.7970595286893,21969,48306,129299
"520","WILTSHIRE",2004,68.8713160634607,94.133069364945,70.2159187129551,8116.58658424526,15804.2227884053,47240
"521","WORCESTERSHIRE",2004,35.846944820666,88.105467790041,68.4052437553937,10841.2900226339,26185.7314927416,64219.1677004315
"522","BATH AND NORTH EAST SOMERSET",2004,44.100283110508,51.0886145963081,55.8078926018532,4915.65137085674,8165.12918046204,25058.5750344109
"523","BLACKBURN WITH DARWEN",2004,47.2674418604651,66.7451904201021,59.338429596074,3440,12735,21192
"524","BLACKPOOL",2004,67.1852522495731,87.4231500373405,74.7630436320043,3944.3513481364,14076.2207375099,26243.965146709
"525","BOURNEMOUTH",2004,41.583214115403,92.1431411530815,63.4513124470787,4194,12575,29525
"526","BRACKNELL FOREST",2004,51.9464210966932,50.2816901408451,55.9003291020216,2389,3550,12762
"527","BRIGHTON AND HOVE",2004,61.9446610591245,72.1314568137914,61.8041056144831,9839.29713251056,17855.2595827629,46928.9769816482
"528","BRISTOL",2004,15.6448216809302,47.6767191414145,46.8740239394367,11906.943,29506.764,72920.68
"529","DARLINGTON",2004,57.6280041797283,87.0661953727506,81.1061285500747,1914,6224,13380
"530","DERBY",2004,17.8511543918483,55.0417362270451,53.4395901522698,7753,11980,35135
"531","EAST RIDING OF YORKSHIRE",2004,62.3689080814312,90.891670924885,80.6113316211378,9726,31312,51396
"532","HALTON",2004,46.9603380276576,81.1532635334627,62.1809446560973,3305.055,10500.306,16509.479
"533","HARTLEPOOL",2004,52.9136316337149,95.167937358335,74.3018084790987,1922,9706,16865
"534","HEREFORDSHIRE",2004,31.0384068278805,60.4307001428863,56.8418159329333,3515,9798,21829
"535","ISLE OF WIGHT",2004,35.2896341463415,79.3256736424566,71.7298187808896,3936,14622,27315
"536","KINGSTON UPON HULL",2004,48.5592399113563,78.4990603273705,64.6517539582184,6144.19260988319,28437.4672138696,45304.9093156887
"537","LEICESTER",2004,76.184987753926,69.2745472447744,61.5944556347563,7656.1160432936,18739.255377449,40719
"538","LUTON",2004,44.8323539578292,45.2800990405447,39.6190964215561,5786,9693,23418
"539","MEDWAY TOWNS",2004,85.4624700451936,63.4119507031185,69.6974766664843,6217.7,10816.1,31081.9
"540","MIDDLESBROUGH",2004,49.8979591836735,73.9441450269476,62.3415085608515,3920,10205,21610
"541","MILTON KEYNES",2004,44.8373408769448,97.993265993266,69.8038077066656,5656,7425,24109
"542","NORTH EAST LINCOLNSHIRE",2004,58.6502528028138,84.9294628323386,71.445416508178,4549,14744,26290
"543","NORTH LINCOLNSHIRE",2004,45.6312117003681,79.5121061394781,58.7865318726011,4282.80540265433,11666.4825652182,24421.2535468369
"544","NORTH SOMERSET",2004,34.5743685687559,94.2997707460596,72.632543184035,5650.72346517512,10936.3646291117,30209.7987082168
"545","NOTTINGHAM",2004,46.496106785317,64.3129579443943,51.3838936669273,8091,19926,44765
"546","PETERBOROUGH",2004,75.392120249671,44.3223946476911,46.078522438832,4569.44305133139,9403.8240332692,23564.123642232
"547","PLYMOUTH",2004,40.2006172839506,76.6141246423964,76.8496420047733,3888,17827,36872
"548","POOLE",2004,63.8965201465201,85.739037718246,66.2975704149645,4368,7503,18604
"549","PORTSMOUTH",2004,74.413763480125,47.1548370654176,57.4868351796305,7338.95990989066,12885.625796327,30672.4087181149
"550","READING",2004,51.2483281319661,39.8857319332922,46.987664620702,4486,6476,16781
"551","REDCAR AND CLEVELAND",2004,53.0984507746127,39.9817110343426,48.242945557537,4002,9842,19066
"552","RUTLAND",2004,23.741935483871,70.260247909691,57.205672326235,805.573062558357,2331.57703081233,4479
"553","SLOUGH",2004,46.1051685729336,40.8546505577803,56.2420105556713,2487.21406651233,4227.928736098,15455.0209502722
"554","SOUTH GLOUCESTERSHIRE",2004,35.2481087972445,40.1046863826373,48.012865366852,5450.10254375765,10546.1349381888,29017
"555","SOUTHAMPTON",2004,74.1447658199971,61.0676792494974,53.9749301308835,6811,13431,36139
"556","SOUTHEND ON SEA",2004,51.2946306895612,86.2221117394817,70.6925247847167,3669,16091,27638
"557","STOCKTON ON TEES",2004,52.9735132433783,84.0056250462586,73.6250103382681,4002,13511,24182
"558","STOKE ON TRENT",2004,47.2606313592486,40.6460920191664,47.5839799284486,7666,19409,43046
"559","SWINDON",2004,54.9238578680203,38.771186440678,48.3541973490427,3940,10856,27160
"560","TELFORD AND WREKIN",2004,78.7315968289921,100,82.4378685182124,4415,6470,18147
"561","THURROCK",2004,61.4113105727199,68.4286100667601,54.8066752849924,4328.19292604502,7656.15434083601,17018
"562","TORBAY",2004,53.7517697026899,86.3130518930688,71.0572854165351,4238,16534,31666
"563","WARRINGTON",2004,77.5861147338474,80.3811424325347,71.7581147722415,4603.4850052811,11094.3440561791,27913.5133647799
"564","WEST BERKSHIRE",2004,56.3106796116505,41.7978871835758,44.9263613025267,2369,5017,14802
"565","WINDSOR AND MAIDENHEAD",2004,53.8276553106212,63.4792368125702,62.1037719142908,4990,4455,16941
"566","WOKINGHAM",2004,50.0599338617246,48.4381662661815,54.8121305396388,3404.9300105314,4397.18495567224,13529.763820718
"567","YORK",2004,41.4546757434611,39.9295774647887,50.664738723541,5582,8520,24897
"568","CAMDEN",2004,70.8426214890771,57.9400848344972,59.4003472997359,11215,16351.3740566,44863.3740566
"569","LONDON",2004,22.0455073136754,100,42.76223618204,861.4,224.4,2212.7
"570","GREENWICH",2004,59.9390607337122,61.0289844702856,56.5343729073306,10284.5615597808,12516.0243161294,38270.7272699984
"571","HACKNEY",2004,27.5810520414837,90.8380994280686,45.6068749461098,10703,9092,34793
"572","HAMMERSMITH AND FULHAM",2004,45.294882914137,79.1090855630697,51.0602710211487,9224,6802,35274
"573","ISLINGTON",2004,69.1613345521024,75.9415262636274,70.2635703091609,8752,12108,35095
"574","KENSINGTON AND CHELSEA",2004,44.8874229169654,48.4350547730829,39.6101659893932,6973,8946,29038
"575","LAMBETH",2004,61.3351877607789,100,71.7093223710383,8628,9912,37705
"576","LEWISHAM",2004,48.1200093030467,100,63.0240712243509,12899,9776,45591.823
"577","SOUTHWARK",2004,100,99.9999999999997,75.4771663989797,8226.35905311309,11887.5818977974,44413.4632062682
"578","TOWER HAMLETS",2004,55.0035703356115,100,58.2160606853257,9803,8320,38230
"579","WANDSWORTH",2004,53.0397319291527,100,69.6991843085483,8356,11153,42418
"580","WESTMINSTER",2004,100,56.4509686438985,69.8790412348183,11822,10014,40427
"581","BARKING AND DAGENHAM",2004,53.8238366020657,54.7244965700376,57.9864999848655,8617,9038,33037
"582","BARNET",2004,98.9973262032086,100,86.3301351940689,8976,20369,45860
"583","BEXLEY",2004,100,100,83.7399454895965,7035,10457,30086
"584","BRENT",2004,100,89.9481772694782,76.8537670359561,8369,11192,35293
"585","BROMLEY",2004,52.9446583326166,100.055971067263,70.9488115971746,9761.13580246914,12043.2592592593,43711.7962962963
"586","CROYDON",2004,56.5976436957244,55.9770366477487,56.8700634631695,10585.2463261692,16476.3991671055,49280.7609018238
"587","EALING",2004,63.6250611721596,50.3532961603449,59.4219544783292,10161.0904270987,9919.90670103093,42661
"588","ENFIELD",2004,55.4619797388014,68.0248246087426,58.1734913793103,8193,14824,37120
"589","HARINGEY",2004,53.6585365853659,47.3228027541515,43.3395533618251,8241,12345,33226
"590","HARROW",2004,96.2645268400664,97.7212065160323,75.6322519009101,7885.31787875484,8784.79814199504,30391.9499898969
"591","HAVERING",2004,57.0691174619161,58.2759045532542,61.6639054769452,8675.54401624988,9200.60029272759,30633.8579443216
"592","HILLINGDON",2004,44.2739079102715,97.2302737520129,61.7544353703182,8470,9315,35510
"593","HOUNSLOW",2004,36.8197128168764,44.3752683555174,48.9654273518199,5641,9316,30689
"594","KINGSTON UPON THAMES",2004,56.1416013304823,39.8287529346775,48.4497603596726,4209,7241,23577
"595","MERTON",2004,49.9515190691661,100,62.606277314263,6188,5879,25170
"596","NEWHAM",2004,53.4320669671603,74.3511450381679,60.8799558796495,7765,9825,32638
"597","REDBRIDGE",2004,61.9344026813503,89.2445043375726,66.4700098328417,8354,11873,32544
"598","RICHMOND UPON THAMES",2004,37.7039198259957,100,55.2527913269447,5755.36976,8423,29133.36976
"599","SUTTON",2004,57.2155006137121,55.2960244065211,55.1546391752577,5703,10489,27548
"600","WALTHAM FOREST",2004,25.4407762394983,45.4036293032634,33.9277509763382,8451,13391,34824
"601","BARNSLEY",2005,40.6487701560117,73.6668216040115,61.7227199502473,9024.52043879978,21016.502245714,40672.8582161967
"602","BIRMINGHAM",2005,38.7341613348388,54.0221093703221,51.4608204802431,35350.3678141544,68316.2870440119,173447.196507493
"603","BOLTON",2005,27.9833172099775,58.3255039033741,48.1700459380002,11824.9025845305,19142.569292666,43020.5111838021
"604","BRADFORD",2005,43.9326997842473,65.6599360414094,58.5369723023596,15200.5226921986,32453.580196242,84206.6100470541
"605","BURY",2005,35.396274076413,55.3520320549514,49.7978549233185,6334,13976,29929
"606","CALDERDALE",2005,34.8790030430372,81.524500907441,63.9132262131842,6901,11020,30931
"607","COVENTRY",2005,63.974278544542,80.9355231849573,66.4951730165667,12752,17231,50342
"608","DONCASTER",2005,60.5748311004237,68.5453462988688,56.5016702095354,8733,20156,49395
"609","DUDLEY",2005,34.2605272167066,64.9020181339573,49.01382369407,11684,20514,46442
"610","GATESHEAD",2005,30.1950003969953,65.6892594894074,55.9640582020185,9773.416,18228.193,41924.113
"611","KIRKLEES",2005,27.4879530693484,62.8057238811419,49.2152895499535,19092,27394,73148
"612","KNOWSLEY",2005,61.7536540966994,100,70.6006999110239,7006.54058004901,7484.49963099631,23700.4267376376
"613","LEEDS",2005,25.701140092696,53.249557766087,56.8115600812266,29559,43529,135916
"614","LIVERPOOL",2005,42.3340336875319,80.8664243798989,60.8577810917932,25977.2580703217,33632.6652269226,93862.3664781385
"615","MANCHESTER",2005,62.5204704481167,96.5374316839673,69.5417317743413,13434,27263,74236
"616","NEWCASTLE UPON TYNE",2005,43.0783037963484,82.5545641048363,65.1598306020393,14760.421,21621.403,58156.072
"617","NORTH TYNESIDE",2005,19.4332068311195,87.4215171813293,62.8444380705687,6324,16409.324,41251.719
"618","OLDHAM",2005,39.8541286793436,62.267493356953,63.2770039499866,7678,13548,33671
"619","ROCHDALE",2005,41.6274296752384,76.9706735417338,58.8116322291462,8283,15515,36588
"620","ROTHERHAM",2005,14.8178855675996,62.5400257418734,44.812325546446,13109.2505403758,20255.3697082143,49672.1887350376
"621","SALFORD",2005,71.4904428895549,85.2025989750433,73.1941079033001,11023.4865908614,15465.5998660859,41324.5501631998
"622","SANDWELL",2005,49.1106719367589,51.3423327771879,50.0026573600014,13156,19779,56447
"623","SEFTON",2005,67.8390655418559,75.9073181922459,69.8588745512069,7705,21795,56262
"624","SHEFFIELD",2005,32.8455312373019,71.2253673683725,61.3314008506002,26311.8800938027,35511.1156138831,106196.688730836
"625","SOLIHULL",2005,50.5674080798911,90.5330882352941,64.4722524483134,6609,8704,25732
"626","SOUTH TYNESIDE",2005,49.8914999889532,67.7373800960909,58.8637179960567,10027.7602419405,15205.7844359918,40179.2492984972
"627","ST HELENS",2005,64.73769605192,52.9706451045878,58.2867184067946,7396,11378,34145
"628","STOCKPORT",2005,46.5667311668621,99.9999999999997,65.4470698769091,9039.83536812165,18023.0181225082,48923.504230549
"629","SUNDERLAND",2005,36.4834984849726,76.3765155795055,54.2998649257091,12211,23011,55525
"630","TAMESIDE",2005,55.2844288546591,100,73.2523578834047,6557,13721,42729
"631","TRAFFORD",2005,29.4960965223563,40.2775790527973,46.2916528201565,7045,13978,33101
"632","WAKEFIELD",2005,34.5411831707838,65.3279044946041,50.4608535355292,14047,25297,57502
"633","WALSALL",2005,58.9666630935793,52.8314955682833,56.0451793823488,10083.7000992244,17807.8219630237,51497.9991495049
"634","WIGAN",2005,18.4134915677701,90.7420965058236,60.9808257794843,8005,15025,41149
"635","WIRRAL",2005,59.5765588708237,77.0755159474672,71.6162870433864,11194,17056,53957
"636","WOLVERHAMPTON",2005,63.0090804603339,49.5303503112803,48.2535582453268,9932.69119399371,21267.261959181,52170.1154477586
"637","BEDFORDSHIRE",2005,58.1633475771991,97.1385404267008,70.0489935659052,12403,21842,50823
"638","BUCKINGHAMSHIRE",2005,39.7320597903616,100,67.09231136201,16123,20437,62885
"639","CAMBRIDGESHIRE",2005,68.7156225382796,100,70.4532022016924,22435.9460491122,23457,79800.4891801063
"640","CHESHIRE",2005,41.168500574807,76.1212976022567,68.0263036880346,24356,35450,108730
"641","CORNWALL",2005,51.7201485721245,94.4650986342944,71.805738352198,16423,26360,75980
"642","CUMBRIA",2005,42.8176262463815,56.0712292874645,59.4419805759838,15545,41219,89065
"643","DERBYSHIRE",2005,16.4809897014055,55.8140521281785,48.8512865242041,30878,47153,114650
"644","DEVON",2005,74.7583028602915,69.8399007324012,68.2968718360245,19963,66084,133337
"645","DORSET",2005,47.710396039604,71.7418622562731,59.8655873430875,9696,24669,59667
"646","DURHAM",2005,56.2790903852122,77.9718557573795,69.4634824010471,24318.9289066724,43700.2322266681,95138.622601925
"647","EAST SUSSEX",2005,69.768032833939,78.7442538615162,70.8044243386489,14738.0920473757,40014.7590637092,91202.8895876642
"648","ESSEX",2005,58.9319307405843,81.7362747603229,65.069424676598,52094,105663,221319
"649","GLOUCESTERSHIRE",2005,37.7454682779456,94.4940516242316,65.8453655537171,21184,30466.468,84203.425
"650","HAMPSHIRE",2005,63.6830102622577,56.5121094805078,63.8456608127163,40342,55535,156020
"651","HERTFORDSHIRE",2005,100,100,87.1932544165026,28280.7736909829,66914.6690388324,151422.194888832
"652","ISLES OF SCILLY",2005,90.3225806451613,30.0791556728232,34.0807174887892,31,379,446
"653","KENT",2005,87.7777232821619,80.7953344019645,78.7647630246945,40778,87963,195590
"654","LANCASHIRE",2005,88.0580252690688,81.038440474942,75.2050088363631,42740,85821,191821
"655","LEICESTERSHIRE",2005,75.4385964912281,76.6392051590608,71.1344046655619,20520,32409,77847
"656","LINCOLNSHIRE",2005,41.4720303685348,78.4531339850489,66.0034261410625,18967,52170,101572
"657","NORFOLK",2005,35.3176913855112,72.0914775578856,60.8245956993069,29195,73723,140675
"658","NORTH YORKSHIRE",2005,42.9528212422949,55.3548231171264,57.0332821983592,16872,33101,89958
"659","NORTHAMPTONSHIRE",2005,61.235515189477,66.226814680351,66.2867571520081,12772,42969,82739
"660","NORTHUMBERLAND",2005,52.683305780539,85.7261773833944,67.0579543209562,12375.8369058315,28749.6780473196,66688.5837076969
"661","NOTTINGHAMSHIRE",2005,43.5330578512397,63.9698463764253,54.1712001214544,24200,52531,118563
"662","OXFORDSHIRE",2005,50.9639014799847,95.7964263897373,69.0529050018871,18311,26192,90086
"663","SHROPSHIRE",2005,74.5280644349358,91.6329074562497,77.690347650689,8448.28924562191,16960.0447575213,42136.9248652896
"664","SOMERSET",2005,99.8946603090305,99.9730318444662,82.5387344705434,16060.2327091805,26885.3592637568,82090
"665","STAFFORDSHIRE",2005,44.3916227675703,58.4519572953737,53.0928431032489,23349,43836,121086
"666","SUFFOLK",2005,59.0869201078582,63.1640030016612,60.1388894106789,27482.8231048442,46560.6428593655,122637.481078691
"667","SURREY",2005,52.2256677003101,85.9894549550285,70.0946949695497,19994,61261,142035
"668","WARWICKSHIRE",2005,41.8884787254711,69.8165415813812,63.3773222680755,15441,26382,66153
"669","WEST SUSSEX",2005,53.143659811132,67.9693065574355,59.2458540592076,21767.8270689638,49932.6883250176,134874.363418827
"670","WILTSHIRE",2005,83.5187440554862,96.8379098994052,75.5683274151627,11154.382295082,15917.32,54634
"671","WORCESTERSHIRE",2005,39.0441871353103,86.9963626261968,69.0648527369967,12812.7735299176,25930.4960615326,69314.4138135442
"672","BATH AND NORTH EAST SOMERSET",2005,46.8690517862317,54.3679148617955,56.1577277858831,5122.78339009478,8159.22407779738,26434.4740880555
"673","BLACKBURN WITH DARWEN",2005,52.6829268292683,68.1903932665796,61.67725427916,4100,13782,22668
"674","BLACKPOOL",2005,60.2594177021686,87.4693877009195,72.9723228419736,4115.42533052885,14713.1024639423,27490.0118689904
"675","BOURNEMOUTH",2005,55.5872667398463,93.1676593414117,65.8429956282076,4555,14607,31566
"676","BRACKNELL FOREST",2005,52.5112290730911,53.9806347498655,55.4256965944272,2449,3718,12920
"677","BRIGHTON AND HOVE",2005,65.3543220815965,83.0621727456177,62.6836092156865,10631.2785118102,18476.5212523407,53927.9732340948
"678","BRISTOL",2005,22.9674796747967,41.2975953652323,48.8780084488483,12792,28653,77407
"679","DARLINGTON",2005,63.6410520887055,100,76.0182370820669,1939,7430,16450
"680","DERBY",2005,17.5147631612012,56.2753735855576,54.4065514303773,7959,11577,36389
"681","EAST RIDING OF YORKSHIRE",2005,66.3657337747016,91.3100763587363,81.5074836988737,9969,33395,53984
"682","HALTON",2005,50.2568261692349,82.5688073394495,64.8642659279778,3699,8284,18050
"683","HARTLEPOOL",2005,47.3419138220481,95.8125825795304,72.3541383989145,1787,9839,17688
"684","HEREFORDSHIRE",2005,57.0336391437309,87.0788007429026,74.8061702471329,3924,11307,24764
"685","ISLE OF WIGHT",2005,38.1419479325314,81.4240690358912,72.3955253469463,4772.116,15065.323,29685.43
"686","KINGSTON UPON HULL",2005,56.029017419141,79.861033015727,66.5039350443523,5634.76620041073,30917.2455027789,48016.7849455877
"687","LEICESTER",2005,69.6692956966929,68.8583812042971,58.6105376926164,8098.42654824772,19845.7533205313,42517
"688","LUTON",2005,44.4033404501271,42.5705572292537,38.3300953087478,6602.224,10690.896,26943.382
"689","MEDWAY TOWNS",2005,87.2863753334237,62.7287490739226,68.6631541293751,7826.753,10684.852,31439.2107
"690","MIDDLESBROUGH",2005,45.3211450565312,78.0265792827235,63.7451126419661,4157,10986,21484
"691","MILTON KEYNES",2005,42.6801605304484,88.3908501917229,54.2807177615572,5731,7563,26304
"692","NORTH EAST LINCOLNSHIRE",2005,65.8350027317428,85.7618488053271,73.5777809147374,5491,15318,28336
"693","NORTH LINCOLNSHIRE",2005,47.5889604159461,77.2782199877452,59.9916598799054,4606.98863946052,12463.8818046371,25515.7767440392
"694","NORTH SOMERSET",2005,39.4859089501394,94.7370240449414,69.1833417869803,6879.83084513767,10503.967117619,32141.2717491644
"695","NOTTINGHAM",2005,48.7397673416631,66.4243911648103,53.0888634232733,9284,21188,47995
"696","PETERBOROUGH",2005,83.4309611401047,40.2216598591063,49.8681755350194,5791.61492804293,9017.52939263355,25615.5350841532
"697","PLYMOUTH",2005,63.1210294836293,73.8835912667396,68.3330514412738,6139,19191,41387
"698","POOLE",2005,57.954785548278,83.6712657468506,66.4345679012346,4733,8335,20250
"699","PORTSMOUTH",2005,73.684794439099,41.7173612263102,53.6002547663398,7596.81805589772,12394.0884771191,31164.2965262196
"700","READING",2005,45.8132599220005,37.3660506289797,44.7285753651144,4359,6439,18145
"701","REDCAR AND CLEVELAND",2005,43.9711596080646,39.1281349935874,45.944302975538,4991.333,11139.018,21942.788
"702","RUTLAND",2005,28.4520621317622,64.5279330377866,58.0256308014697,969.591683284458,1949.2652856305,4453
"703","SLOUGH",2005,48.6339876451561,37.9168931367737,51.0543926819912,3099.10714412871,4393.07665377879,15741.512423864
"704","SOUTH GLOUCESTERSHIRE",2005,40.9838905248571,42.9115981604809,45.8270069833712,6164.36736273084,11789.8240013635,33555.0670847444
"705","SOUTHAMPTON",2005,72.6156751652502,55.6933887853148,54.3848493226431,7413,13946,36170
"706","SOUTHEND ON SEA",2005,67.5897249043542,86.0613969674372,71.1025941303808,5489,16092,28179
"707","STOCKTON ON TEES",2005,56.2836185819071,81.2834658445562,74.8818806898936,4090,12326,26033
"708","STOKE ON TRENT",2005,56.111491889422,45.0601098303072,51.5231873746847,8754,20213,46383
"709","SWINDON",2005,64.6570554827436,48.4842015371477,52.2241086587436,4578,9368,26505
"710","TELFORD AND WREKIN",2005,78.6739864864865,100,80.0336083104186,4736,6253,19638
"711","THURROCK",2005,57.7489483187464,67.1572277004649,56.883207669646,5014.80993907538,8967.01696332577,20027
"712","TORBAY",2005,55.3039938946833,81.9181558633816,69.127949335874,3931,18914,35686
"713","WARRINGTON",2005,80.1524469617112,79.1103573962245,69.5814682979911,5531.76624767687,11929.9216900124,31382.1073614511
"714","WEST BERKSHIRE",2005,61.2583668005355,40.3188628505571,47.0978723404255,3735,5206,17625
"715","WINDSOR AND MAIDENHEAD",2005,47.9534166809385,59.0102317811652,57.7044914583098,5839,4789,17678
"716","WOKINGHAM",2005,57.7458703270962,49.3207096505802,56.1155527577687,3740.45582029935,4318.45038211373,14308.8254587992
"717","YORK",2005,43.3596776693011,36.7522347008939,46.741068245026,6453,8726,28046
"718","CAMDEN",2005,73.4449339207048,57.485486424676,57.1302465373379,11350,17053,47579
"719","LONDON",2005,11.5666178623719,100,43.2856718571004,683,320.8,2356.9
"720","GREENWICH",2005,64.4321477696323,88.2867343619135,69.436283301671,9995.50024020999,13350.4327264075,44686.0356721773
"721","HACKNEY",2005,31.3319595532843,87.7634961439589,43.9737559313979,9546.16322325259,9725,37542.8472058543
"722","HAMMERSMITH AND FULHAM",2005,52.6527420976209,76.8750974582879,54.7456652114028,8953,6413,35963.4056627452
"723","ISLINGTON",2005,67.193751190703,84.1249243014101,71.9514760535727,10498,11559,42783
"724","KENSINGTON AND CHELSEA",2005,48.3273431020182,47.1140799499008,40.4309456325689,7234,9581,31048
"725","LAMBETH",2005,100,100,78.6265533028123,7028,9258,38225
"726","LEWISHAM",2005,55.6128111622007,100,68.9966222152801,12614,10925,51217
"727","SOUTHWARK",2005,100,99.9999999999998,80.4690041436797,9628.48524055666,12884.1867949059,45846.3212685101
"728","TOWER HAMLETS",2005,51.054351054351,100,55.0064439377416,10101,7837,40348
"729","WANDSWORTH",2005,62.1669626998224,100,75.7927550252607,8445,12725,46515
"730","WESTMINSTER",2005,100,57.4094228175434,71.3921809616122,11632.9,10750.5,42577.87
"731","BARKING AND DAGENHAM",2005,56.3046774757961,62.366420623554,60.888079645238,8573,9077,34051
"732","BARNET",2005,100,99.0537453969142,84.8166240506812,9797,21453,52406
"733","BEXLEY",2005,100,100,92.5684986380388,7383,10971,31205
"734","BRENT",2005,100,90.0807943151952,75.1800119105625,9164,10273,36942
"735","BROMLEY",2005,56.8410601862983,94.7806415124828,68.0649043733461,10576.8611287254,12377,46429.2138378074
"736","CROYDON",2005,62.0516702943127,49.7947568247137,55.2645925394227,10690.3753694789,14932.9279832784,47516.9735875348
"737","EALING",2005,79.1281745640473,66.9523678065618,67.7803408162744,10150.4952291362,10929.4094790453,46705.1126236515
"738","ENFIELD",2005,54.251299907195,63.8337276321171,58.382288348333,11215.993,14692.327,41556.689
"739","HARINGEY",2005,44.2892071253929,44.702409446306,40.7092632222562,8589,12534,32710
"740","HARROW",2005,96.263022077798,23.3621366849961,61.2813776999416,10463,6365,27408
"741","HAVERING",2005,71.6165168685685,60.4320747372519,59.3771626297578,7677,10276,34680
"742","HILLINGDON",2005,44.6607621503744,96.3522536405194,59.3252292784561,9377.07085661212,10655.9545063259,41026.421126508
"743","HOUNSLOW",2005,41.8589535261618,38.7030551865717,45.5578947368421,6154,8281,30875
"744","KINGSTON UPON THAMES",2005,60.4343931930139,37.649172334146,44.9853487009182,4466,7793,25595
"745","MERTON",2005,41.031746031746,100,62.7856164129912,6300,6598,27003
"746","NEWHAM",2005,59.626400996264,72.8898991895632,57.3788640040875,8030,10118,35229
"747","REDBRIDGE",2005,73.1934482389466,89.3004441624365,69.6341127922971,9341,12608,36350
"748","RICHMOND UPON THAMES",2005,45.0894308943089,100,60.897791973337,6150,8262,28804
"749","SUTTON",2005,58.3955781296684,59.036488027366,55.928115233048,6694,10524,29436
"750","WALTHAM FOREST",2005,24.393063583815,39.8613639546282,34.0263379097786,8650,14282,35690
"751","BARNSLEY",2006,47.6059686912793,80.6395589021857,68.6816330037043,10334.5956440595,22381.879126521,45893.4294051209
"752","BIRMINGHAM",2006,48.7415006560897,56.8576430710926,56.7214716985632,37386.19215519,67726.7301940844,178704.320248955
"753","BOLTON",2006,35.2362812301235,58.1153201578117,49.7989481295339,13840.8476426583,19839.8631697982,47197.7840553236
"754","BRADFORD",2006,46.2639038557169,63.4012115989762,55.4839923512017,17413.792024826,33055.5197155545,88896.6311
"755","BURY",2006,33.0097087378641,58.5896829152863,50.6611650800871,6386,14791,30779
"756","CALDERDALE",2006,30.4357089591989,77.0704025536443,57.8950466492039,9387,11278,33977
"757","COVENTRY",2006,60.0298689837757,77.2474664923178,61.4828341855369,14731,18354,54760
"758","DONCASTER",2006,47.989501312336,67.4406143954278,57.3481881440359,9525,22396,52598
"759","DUDLEY",2006,34.1615396750276,60.8323424494649,46.687236115622,12678,21025,49264
"760","GATESHEAD",2006,28.3543429459506,67.7426636568849,54.4553559306693,11582,17720,44194
"761","KIRKLEES",2006,26.1676728246562,63.288699870419,47.4405437395517,22031,30097,81951
"762","KNOWSLEY",2006,63.7905375579635,100,71.1931300066635,7847.83924069473,7829.30763284028,25800.7375489227
"763","LEEDS",2006,22.6148168398032,48.2153976437769,57.7848056785438,29264,40149,142290
"764","LIVERPOOL",2006,49.2603897723523,82.1633827570905,63.9169527177676,31768.6134285473,37268.0525202963,105107.989997039
"765","MANCHESTER",2006,63.0457612333652,96.4889096722212,72.1177327606694,16459.3681024638,26606.9861635001,76712.9704864607
"766","NEWCASTLE UPON TYNE",2006,47.5152471478962,84.5806606399261,62.417336084049,15006.905,20206.832,58707.145
"767","NORTH TYNESIDE",2006,40.2189159901681,81.7232455600867,61.6201652979574,6758.82652,17822.18873,46905.09141
"768","OLDHAM",2006,43.1847684984855,77.9356598840514,66.3400875825726,6933,17594,40419
"769","ROCHDALE",2006,46.1854899027674,74.0274746437283,55.094392004442,8022,15578,36020
"770","ROTHERHAM",2006,17.2099792623355,65.027065798851,48.0847152456829,15161.4677521578,21938.155428906,54830.9323415555
"771","SALFORD",2006,72.9530403761827,86.6415087034856,74.3554479627354,11228.0908636513,16348.5100583652,42340.2322455514
"772","SANDWELL",2006,58.4224379009706,53.07222931744,52.4051589414209,12158,21141,58229
"773","SEFTON",2006,69.4052793384925,86.5222181417554,72.2834313069802,9433,19061,56818
"774","SHEFFIELD",2006,40.5339608861479,71.5826770786299,64.0677289353478,26882.094622974,39597.2359499635,110961.341470219
"775","SOLIHULL",2006,56.2223066210913,89.6667914638712,61.8699780861943,7899,8013,27380
"776","SOUTH TYNESIDE",2006,55.3045933326094,71.6521292970754,60.2043132803632,9209,15592,39645
"777","ST HELENS",2006,55.5661388260507,50.0124388423584,54.3278224379392,8399,12059,39558
"778","STOCKPORT",2006,51.4494711338075,99.993606266797,65.3710953987266,9677.28124689343,16792.505708441,49153.2225427967
"779","SUNDERLAND",2006,38.2444889779559,80.0300122418355,59.164374724118,12475,25323,58902
"780","TAMESIDE",2006,56.4464493597206,100,72.1108041158537,6872,14726,41984
"781","TRAFFORD",2006,42.1225670699632,45.6228571428571,48.9406598420257,7604,13125,35069
"782","WAKEFIELD",2006,33.4125497554466,65.4634769072427,49.0670350560507,14512.984,26332.477,62067.659
"783","WALSALL",2006,62.5454903117929,53.7624880261488,54.1256251820315,11241.3024657221,17816.1050744675,56047.662827285
"784","WIGAN",2006,17.7506456914769,90.7053352280067,59.4817459403432,8518,15482,43415
"785","WIRRAL",2006,62.9523124850228,76.0433819771734,71.2422822158039,12519,17611,57821
"786","WOLVERHAMPTON",2006,70.1158439947985,49.5028546286472,49.7103953066537,10789.817052962,22018.9322045525,55956.2916086001
"787","BEDFORDSHIRE",2006,63.9331210191083,100,76.7880882743951,12560,23863,52654
"788","BUCKINGHAMSHIRE",2006,44.4126743303962,100,66.9862366443628,17137,19384,65609
"789","CAMBRIDGESHIRE",2006,72.8623639987311,100,71.0379449880942,26095.7769642653,23110,83421.6136318865
"790","CHESHIRE",2006,40.9300335680906,74.2089997072833,64.2911492955391,30386,37579,119595
"791","CORNWALL",2006,51.9333191308053,100,76.4969608680364,18776,26078,79628
"792","CUMBRIA",2006,43.3253527941236,55.6186428053015,52.9801063948812,16455.83461,39471.2034,96152.4558480021
"793","DERBYSHIRE",2006,18.7934119930844,55.0909127764377,50.4299342734988,32969,49333,125368
"794","DEVON",2006,75.0882007056056,68.8437750127338,67.5131959692312,20408,68715,137542
"795","DORSET",2006,47.2530496193708,71.1517065642608,61.0612146650419,10903,27863,66471
"796","DURHAM",2006,61.9429860719399,80.1082285749293,72.1227194650591,24639.8257456984,48442.7510131637,103976.566720899
"797","EAST SUSSEX",2006,76.3767565514623,76.8158074951079,70.9547015287855,14482.024752309,41062.5676722196,95883.9424787822
"798","ESSEX",2006,67.9617824269113,95.5393328256436,76.0948580124988,62903,114243,247064
"799","GLOUCESTERSHIRE",2006,40.253442517956,95.2044000865186,71.2486895748398,21859,32363,85850
"800","HAMPSHIRE",2006,66.9444864292963,55.3248789800232,61.3730149498441,46313,58668,180537
"801","HERTFORDSHIRE",2006,100,100,86.1698526124271,32580.5859045194,63940.2208406741,157136.220643896
"802","ISLES OF SCILLY",2006,87.8048780487805,25.503355704698,29.7752808988764,41,447,534
"803","KENT",2006,87.6215451022255,79.1021339569142,77.6580850840237,43091,88521,200782.7
"804","LANCASHIRE",2006,90.607074085335,87.4073709952933,78.539722662481,49335,81373,196223
"805","LEICESTERSHIRE",2006,73.9468964612222,75.5397735375489,70.653970065504,22861,35061,84117
"806","LINCOLNSHIRE",2006,42.1877324341746,76.3394939888749,64.2373360315767,20167,55730,109701
"807","NORFOLK",2006,33.038879697471,71.1529217880931,57.4408929895379,33848,72815,145668
"808","NORTH YORKSHIRE",2006,45.3714475652318,52.3891853220854,56.733579572828,18051,33547,93405
"809","NORTHAMPTONSHIRE",2006,51.5711521782641,67.953560834027,65.2169048125231,14989,46857,89371
"810","NORTHUMBERLAND",2006,51.6232560112666,84.287160769998,66.1067051548113,12980.5837867676,30558.628105039,71311.979457456
"811","NOTTINGHAMSHIRE",2006,51.5630127994749,65.6330042037345,54.9708934446975,24376,51145,118530
"812","OXFORDSHIRE",2006,51.6202518785387,100,71.065379478724,17402.356,27248.663,92566.125
"813","SHROPSHIRE",2006,74.6822572445348,91.3731480094611,79.1110580456827,8628.96811662913,18629.2608747185,48951
"814","SOMERSET",2006,100,99.4206697520112,83.7429833582223,15848.6411257679,30725.1348635649,88589
"815","STAFFORDSHIRE",2006,43.8033304514528,56.8480720999939,49.2047276387905,26603,49043,134105
"816","SUFFOLK",2006,59.2889018371341,63.6954735988036,59.4162619926593,32293.0277620666,45984.5969337545,133738.875078272
"817","SURREY",2006,53.7877434339825,85.2930945952661,70.4172195587088,22388,60373,149969
"818","WARWICKSHIRE",2006,48.7995854683632,69.4854132901135,64.2750198162229,17369,24680,68126
"819","WEST SUSSEX",2006,55.3997427706095,87.8900492038117,65.4478202334522,24103,48167,144098
"820","WILTSHIRE",2006,81.1336020426923,98.9525888112444,75.6093618672011,13473.7013540921,18517.9298232515,61868
"821","WORCESTERSHIRE",2006,40.4375915315785,84.200912138324,67.7776979579312,13327.0880720018,26352.5866499978,74532.7182969753
"822","BATH AND NORTH EAST SOMERSET",2006,53.4084480425214,59.9357458318543,63.3491770208396,5338.97268359762,8460.8874222956,28105.1858685963
"823","BLACKBURN WITH DARWEN",2006,59.9804113614104,68.9272676214546,61.469008343175,5105,14244,26249
"824","BLACKPOOL",2006,60.3940698248922,86.7582893349453,72.8515915110394,4362.22669858221,14792.5399742221,28952.2083225925
"825","BOURNEMOUTH",2006,63.7931034482759,92.856699944193,68.6569289029356,5974,16127,35121
"826","BRACKNELL FOREST",2006,50.2859064917592,53.0506953790938,55.7581922545956,2973,4458,13763
"827","BRIGHTON AND HOVE",2006,69.2755398989125,73.9916118676539,66.2947088383092,13058,19313,54128
"828","BRISTOL",2006,20.9245077858919,43.3481204622139,48.3899562362698,14186.814,31157.953,79418.276
"829","DARLINGTON",2006,41.7812929848693,100,71.7367168913561,2908,9324,18915
"830","DERBY",2006,17.2120180026761,53.6097828643098,53.3054220292552,8221,12757,38694
"831","EAST RIDING OF YORKSHIRE",2006,65.1754203861324,90.9491193737769,81.7553572101081,9634,34748,53106
"832","HALTON",2006,60.0574712643678,85.3230719897387,64.8335358769247,3828,7796.25,18720.25
"833","HARTLEPOOL",2006,47.838756677999,100,71.5726876924711,2059,9712,18834
"834","HEREFORDSHIRE",2006,63.632007666507,99.1793259996508,79.7842027278599,4174,11454,26321
"835","ISLE OF WIGHT",2006,42.5366543013602,81.2013348164627,72.8078196437017,5661,15283,31715
"836","KINGSTON UPON HULL",2006,60.7363510722945,76.8045020911951,64.1513347882732,6441.01749764898,30955.0148138068,50342.5097959202
"837","LEICESTER",2006,68.9098584554259,66.3565839740945,58.1156888885916,9084.60064198737,20459.3755277206,44768.5587034646
"838","LUTON",2006,42.7690046251862,42.0589262745114,38.4246796234473,7001.664,11390.267,29224.595
"839","MEDWAY TOWNS",2006,90.789143000754,58.2747781065089,68.5239008100921,7958,10816,32342
"840","MIDDLESBROUGH",2006,45.0417052826691,77.8864484044758,61.1698893347927,4316,12065,24669
"841","MILTON KEYNES",2006,34.2541436464088,85.8786015260221,58.5873631702924,6154,8781,28868
"842","NORTH EAST LINCOLNSHIRE",2006,60.8264193915731,81.0705445544555,67.1803523342958,6147,16160,30823
"843","NORTH LINCOLNSHIRE",2006,46.5914188954704,76.2461930002277,57.1222200257894,5686.0685139116,13066.8307596292,28679.0499259375
"844","NORTH SOMERSET",2006,51.4169521286576,93.1223135304858,73.4388406994981,6949.69735571254,11984.3293917089,34940.8109603307
"845","NOTTINGHAM",2006,46.8024831660216,65.4691580784815,52.9890654284749,9930.065,21775.07,48582.242
"846","PETERBOROUGH",2006,86.5635878316333,39.4909644960975,46.7939447717339,6075.30271299381,9022.31699190861,30008.1561161352
"847","PLYMOUTH",2006,76.8587931670149,74.9464231043984,71.3168332188518,8137,19598,45131
"848","POOLE",2006,60.6719367588933,82.362312243969,65.3157894736842,5566,8788,22800
"849","PORTSMOUTH",2006,77.3789186583022,41.2773372808871,56.2853951452587,9018.52902924979,12307.3067628493,32888.2631012057
"850","READING",2006,47.7659574468085,34.5137491616365,45.3812061152333,4700,7455,20081
"851","REDCAR AND CLEVELAND",2006,51.9162585172775,44.8556007534289,51.4189342528127,6981.104,10719.63661,24018.33484
"852","RUTLAND",2006,24.4343891402715,70.7427164546574,52.612299980721,884,2437,5187
"853","SLOUGH",2006,36.4151836231537,38.5534251843154,45.6974680567822,3124.85267040221,4327.8561176045,17253.3211815396
"854","SOUTH GLOUCESTERSHIRE",2006,45.5295207510737,41.8155893583916,46.2919635562594,6896.792295945,13105.0904632536,38554.6066864349
"855","SOUTHAMPTON",2006,71.358736525445,54.8874874587932,54.5680353954824,7978,13954,38649
"856","SOUTHEND ON SEA",2006,68.159858665691,84.6624315665257,73.5602980829936,6324.862,16800.075,30506.94
"857","STOCKTON ON TEES",2006,53.9914163090129,80.1047904191617,72.5823248464826,4660,13360,27847
"858","STOKE ON TRENT",2006,61.3916840706284,41.5259856173816,52.3379263609668,10534,19607,48697
"859","SWINDON",2006,66.5154453773876,51.1571105887746,49.9889122316287,5017.812,9789.773,26412.61886
"860","TELFORD AND WREKIN",2006,88.0688003483562,99.8486682808717,79.8554308540993,4593,6608,21028
"861","THURROCK",2006,NA,NA,NA,0,0,0
"862","TORBAY",2006,57.4588129090499,83.7374092293277,64.83931410402,4431,17076,35224
"863","WARRINGTON",2006,83.206106870229,80.6521132538491,71.1905910844406,6418.41888466413,9602.26108998733,33018.9752851711
"864","WEST BERKSHIRE",2006,70.4229974355658,39.1763509842071,52.3743034796239,4918.044,5476.896,20055.587
"865","WINDSOR AND MAIDENHEAD",2006,49.2810679886319,73.40635482338,60.9840872924395,6852.53006444382,4383.81664331746,19080.3872233119
"866","WOKINGHAM",2006,66.7944093778178,48.4787798215484,58.0838289116639,4654.58873955137,4651.30171963681,16603.4105065449
"867","YORK",2006,39.2290900326133,35.9381987317345,45.146857515651,7019.834,9475.6502,29325.8749967486
"868","CAMDEN",2006,71.0432109468695,54.1389557004676,54.1405585471076,11073.12,15433.12,51704.86
"869","LONDON",2006,16.6335540838852,100,41.8523901808785,906,427.5,2476.8
"870","GREENWICH",2006,63.5391440708284,99.5549354679039,71.0655729431077,10625.4489214551,11993.6789135705,43781.1389027026
"871","HACKNEY",2006,29.1295973585252,89.4139473971407,42.596679781211,10903,9163,41684
"872","HAMMERSMITH AND FULHAM",2006,52.6219249028917,100,50.7024656416533,9268,4364,39219
"873","ISLINGTON",2006,69.3219461030995,93.0609514837787,71.4548262413583,12294.611753,10058.0889897,44066.7587623
"874","KENSINGTON AND CHELSEA",2006,70.0833912439194,46.9970906068163,47.4245553466293,8634,9624,32441
"875","LAMBETH",2006,100,100,72.6892493251951,7555,9399,41123
"876","LEWISHAM",2006,61.5396482567109,100,70.1495851585683,12964,11548,49537
"877","SOUTHWARK",2006,100,100,76.7536162733837,10753.6106290635,11886.147404619,49076.4195756698
"878","TOWER HAMLETS",2006,53.2911181469755,100,53.697081554966,12002,7162,43345
"879","WANDSWORTH",2006,68.5374677002584,95.6045699777848,76.4909789508854,9675,12604,47888
"880","WESTMINSTER",2006,99.4542728424538,67.3949886097912,73.9117492917895,11929.038,9510.997,43771.224
"881","BARKING AND DAGENHAM",2006,58.7191915025266,65.2031378058775,62.5374210001109,9697,8541,36076
"882","BARNET",2006,100,98.8112111929038,84.6668349318526,9702,21871,55468
"883","BEXLEY",2006,100,100,92.9930874874387,7311,12054,32839
"884","BRENT",2006,100,85.2165648957448,79.0742866021519,9610.0807544165,10194.1130916542,37425.6165936451
"885","BROMLEY",2006,56.6969051181285,100,68.5460693359954,10669.0126866658,13507,48634.4444297608
"886","CROYDON",2006,69.295197362559,46.3475056108614,55.4830101434726,11404.7863470986,15510.1815248001,48993.8944479845
"887","EALING",2006,69.5545929134733,100,79.321187823045,9003,11169,50883
"888","ENFIELD",2006,55.8903089817846,63.9597094274285,57.6184659431271,13301.399,15179.134,45681.631
"889","HARINGEY",2006,42.7632988717267,45.0168071209639,44.8005469230987,9734.698,13334.824,35196.173
"890","HARROW",2006,96.1803165863727,24.050798638387,63.2138431213061,12296.2067189725,8079.69949410802,35053
"891","HAVERING",2006,62.229877857814,60.8308365049802,60.4466756039819,9579,12349,35059
"892","HILLINGDON",2006,50.3623736691656,97.1243501820665,63.3250143589633,10949.123993841,11309.3312263273,44825.1613953816
"893","HOUNSLOW",2006,45.0218818380744,49.413230865095,47.8807525676372,7312,9629,33007
"894","KINGSTON UPON THAMES",2006,57.0915998311524,35.8308605341246,44.3012663852477,4738,8088,27006
"895","MERTON",2006,44.0209367870085,97.9356492027335,60.8007925933518,7451,7024,29271
"896","NEWHAM",2006,66.7373442883647,76.4854614412137,56.6730817504811,7546,9492,35853
"897","REDBRIDGE",2006,74.9081156253104,89.5766188104307,71.5607204514417,10067,13652,38809
"898","RICHMOND UPON THAMES",2006,57.9980994615141,100,56.9320041660467,6314,7809,33605
"899","SUTTON",2006,61.8515797207935,52.6360835330366,55.3565167500717,6805,11684,31373
"900","WALTHAM FOREST",2006,23.4229887830177,41.4011905540656,33.3727045192497,8291,15287,35559
"901","BARNSLEY",2007,45.5345087860922,83.7985962534886,66.618600746291,10083.7547833489,20722.9504019996,43698.7035682549
"902","BIRMINGHAM",2007,51.1722141823444,57.58829718265,55.6322978882341,42259.465227182,76504.2243931579,196865.876973726
"903","BOLTON",2007,50.5624947169111,54.241878869961,50.7661687396976,12914.7108673338,20246.348815328,48689.9063168249
"904","BRADFORD",2007,44.7988475686111,63.4424639887928,59.0932891278427,18593.1839315505,32358.4133463584,90404.4341488625
"905","BURY",2007,34.3339870267009,58.9359989266067,50.4131160289019,6629,14906,30863
"906","CALDERDALE",2007,38.4586619004892,83.099637654954,63.5591767584057,8254.529553093,11046.8775656,33436.404746368
"907","COVENTRY",2007,56.7584139528546,78.356073943662,62.4788661462643,14678,18176,55598
"908","DONCASTER",2007,46.5978205812111,65.1843910605148,54.674645551942,9520.69419699177,23037.5396494031,53901.2118828311
"909","DUDLEY",2007,33.8611538743494,62.6869115746723,47.5583489974937,13641,21668,51072
"910","GATESHEAD",2007,26.3343108504399,69.8125081302394,54.1311701631496,11935,18030.6466780448,45463.516999109
"911","KIRKLEES",2007,29.3163522768233,65.9704956074921,51.9461415110593,16646,30165,75457
"912","KNOWSLEY",2007,67.7062426374666,100,72.900757611261,7649.65662251384,8151.96853500741,27868.2624936066
"913","LEEDS",2007,16.6095701182451,51.6461377604366,54.7725245316682,27147,39213,139004
"914","LIVERPOOL",2007,62.2445734906184,80.951046453763,66.9553601710242,38983.8544209741,32662.4266147416,105758.000783135
"915","MANCHESTER",2007,65.7508585700905,97.7376404702741,72.5284901164298,19218,26963,80993
"916","NEWCASTLE UPON TYNE",2007,51.2068336827498,81.7012238674678,64.31081912051,13772.486,20442.001,56066.036
"917","NORTH TYNESIDE",2007,43.3382037554828,88.6750856710329,63.3994285366842,7798.092,14506.07,39373.306
"918","OLDHAM",2007,53.1056238442293,80.383827277725,71.0757687350396,9193,20009,43448
"919","ROCHDALE",2007,37.115030271124,73.1224409669639,54.8767788962166,11397,17829,43215
"920","ROTHERHAM",2007,19.0309650272942,65.0703070031996,49.1221327842389,15049.6599855272,22501.5076659149,56349.5026150455
"921","SALFORD",2007,71.998396472239,88.0770900877899,74.8548343212316,11030.3123414349,17186.2039406155,43201.1063040115
"922","SANDWELL",2007,63.1521228262572,53.6746905403554,53.918086143374,12766,21893,60527
"923","SEFTON",2007,71.8168139928531,88.3992403932082,71.1495565118117,10634,17904,56935
"924","SHEFFIELD",2007,35.5594884028058,78.993971830885,64.3698459403286,29825.6260470301,40117.4532205683,114961.390271727
"925","SOLIHULL",2007,62.8522062732589,91.927755252488,68.5160971127681,7524,8139,28297
"926","SOUTH TYNESIDE",2007,54.9029557275149,73.1076354517257,58.8853199062419,7883,15153,34557
"927","ST HELENS",2007,68.3684575046997,55.0325788751715,58.25183529352,10107,11664,39367
"928","STOCKPORT",2007,53.3653846153846,100,62.6191008268492,9776,16750,49223
"929","SUNDERLAND",2007,39.0903239648144,77.6368767638758,59.2241599319439,13983,26575,58775
"930","TAMESIDE",2007,57.6677759290072,100,71.5975784463238,7212,15734,43278
"931","TRAFFORD",2007,43.1587006453024,51.231450547743,52.6047644374773,9143,12871,35723
"932","WAKEFIELD",2007,35.0830634826086,68.8479717687059,52.9360198245634,13850.25,26204.679,59123.017
"933","WALSALL",2007,63.1399944847874,48.8914300149248,56.2031216533037,11828.4871437516,18393.5478397867,53291.0278131249
"934","WIGAN",2007,18.0563412150696,90.9635974304068,59.8704293400681,8839,16345,45535
"935","WIRRAL",2007,66.5048880260695,76.5937252834168,78.5447303921569,14423,18965,65280
"936","WOLVERHAMPTON",2007,68.4231637647936,48.9839365483546,49.5569281248789,10499.190384,22158.5766121621,56406.3603918528
"937","BEDFORDSHIRE",2007,65.7878129163453,100,72.7004418659561,14261,22401,59294
"938","BUCKINGHAMSHIRE",2007,50.1008449168711,100,69.6871678056188,18345,19068,65850
"939","CAMBRIDGESHIRE",2007,69.1766281649527,100,68.7041936034864,28766.9412746573,20515,82155.1015149907
"940","CHESHIRE",2007,39.020728863905,70.0310886289388,62.0446226250654,31309,37956,126214
"941","CORNWALL",2007,53.0619806277457,100,72.5310759427435,18893,29366,85999
"942","CUMBRIA",2007,47.7701729303806,53.0092782795347,52.6465613664114,17527.61886,43742.0643,104305.592137648
"943","DERBYSHIRE",2007,21.0778507591257,56.0844974718708,47.049389923953,37148,50037,135311
"944","DEVON",2007,70.2464510000528,69.018434514043,68.2444920248565,18949,72527,143383
"945","DORSET",2007,54.0305711987128,68.4297242770679,60.8564411453974,12430,29740,72883
"946","DURHAM",2007,64.0261773798531,81.7419095977227,72.8747453889677,26307.2645279665,49779.6844413864,106265.8581176
"947","EAST SUSSEX",2007,72.6803673642617,65.3096124215871,64.8306256443302,14808.735,43434.643,97692.534
"948","ESSEX",2007,62.6926876549423,99.0747879722436,77.6380519524734,53649,111542,234984
"949","GLOUCESTERSHIRE",2007,42.5314714905321,93.9615360283419,72.2369946936241,18906,31614,85369
"950","HAMPSHIRE",2007,68.9328353375505,56.622598272519,60.1131938023591,46319,56730,178455
"951","HERTFORDSHIRE",2007,100,99.9999999999999,86.1846918359928,34969.3304308984,67404.1242279861,168390.360662279
"952","ISLES OF SCILLY",2007,88.6792452830189,24.8898678414097,29.701230228471,53,454,569
"953","KENT",2007,87.7068343282566,76.709072648142,73.6982314544474,44057,89610,215092
"954","LANCASHIRE",2007,89.5805142083897,88.8707546436621,77.2905848772421,47296,77202,189886
"955","LEICESTERSHIRE",2007,72.8842053468919,75.4672897196262,70.6176182251062,24388,35096,85684
"956","LINCOLNSHIRE",2007,52.1707809048122,87.6681927795058,69.1623412102172,20822,57226,117136
"957","NORFOLK",2007,35.3362901755878,67.7052265817287,54.6578079264043,32918,69070,150661
"958","NORTH YORKSHIRE",2007,42.1387533205659,50.9807840561916,55.7358858422865,16187,35023,96428
"959","NORTHAMPTONSHIRE",2007,53.3823741526035,66.2061971830986,64.4815851519762,13866,44375,86099
"960","NORTHUMBERLAND",2007,52.0096463022508,88.169214581915,66.783824342469,13684,32314,75966
"961","NOTTINGHAMSHIRE",2007,56.433046202036,65.6739147197162,55.9033320031923,25540,51876,120288
"962","OXFORDSHIRE",2007,52.7284230505615,100,67.7219395598401,18967,26123,100827
"963","SHROPSHIRE",2007,75.2251125562781,91.8620004678133,79.5460108454137,9138.20816077127,20385.6851788988,50624
"964","SOMERSET",2007,100,98.5844287158745,86.9431806923951,17135.8416063007,32757.685983762,87605.2320482279
"965","STAFFORDSHIRE",2007,50.5522514868309,59.05016397425,54.3354059509083,27071,41165,122872
"966","SUFFOLK",2007,54.377107830006,61.6677753797615,59.01704385321,28794.348066872,45837.7830147265,124711.143729572
"967","SURREY",2007,57.5407651698011,79.5456931146542,68.4877751295692,29772.5853652551,62377.4760356687,163371.80143955
"968","WARWICKSHIRE",2007,53.5292546086027,64.4287683450904,62.8729123360333,18715,24666,69755
"969","WEST SUSSEX",2007,59.5381526104418,86.2361421240255,63.9740714786265,24900,51054,142700
"970","WILTSHIRE",2007,78.8259574047114,99.3892446317257,72.6560149303009,13845.7403555915,19400.4039076872,64277.3025493517
"971","WORCESTERSHIRE",2007,44.7110552763819,84.5770593445527,67.2086583808524,15920,27096,79091
"972","BATH AND NORTH EAST SOMERSET",2007,51.0217037022308,66.0771661885442,62.796884987999,5025.4897745685,8297.63808323724,28846.3736686791
"973","BLACKBURN WITH DARWEN",2007,55.7242990654206,67.9940403629961,59.30729550479,5136,14766,27140
"974","BLACKPOOL",2007,60.577837172617,85.5426974350763,71.4498651366086,4630.83723213905,14825.0833915563,29483.8919737571
"975","BOURNEMOUTH",2007,62.7102803738318,92.0140321914981,65.1321902187685,7490,14538,35517
"976","BRACKNELL FOREST",2007,56.8137573004542,59.1628488129946,55.3077734787197,3082,4802,14215
"977","BRIGHTON AND HOVE",2007,66.6011898942333,72.2731461641441,64.540353397957,14002.421,20567.274,56128.904
"978","BRISTOL",2007,31.7665816326531,47.7638216474253,47.8665399429743,15680,29537,79964
"979","DARLINGTON",2007,58.2461205341032,100,74.820885801129,2771,7724,18424
"980","DERBY",2007,23.2386058981233,55.3803187120092,52.4528972627089,9325,12174,39382
"981","EAST RIDING OF YORKSHIRE",2007,64.3557102298745,92.4239750602906,79.7726112743976,10919,34002,56819
"982","HALTON",2007,58.7063151440834,86.8109570510653,61.9750283768445,3262,5914,17620
"983","HARTLEPOOL",2007,57.6247560635629,100,70.4977548485717,3587,9673,20934
"984","HEREFORDSHIRE",2007,84.5596310125192,99.474649766511,83.6923631123919,4553,11992,27760
"985","ISLE OF WIGHT",2007,44.2731052660888,80.0308699946447,72.402006286553,6033.776,15530.291,33106.537
"986","KINGSTON UPON HULL",2007,66.8484461191458,76.5851315182207,64.5153532394832,7415.47933159991,33523.6553291942,55110.136
"987","LEICESTER",2007,70.2157764414574,65.3364936811241,55.7265248691266,9499.72037117169,19535.3980159303,46998.4411750565
"988","LUTON",2007,45.1477919683126,45.1486869789411,40.275453050402,7027.141,11184.436,29610.999
"989","MEDWAY TOWNS",2007,90.9635927621539,59.8396927444268,67.2495897118566,9174,11977,37169
"990","MIDDLESBROUGH",2007,41.9873245812585,81.9825024760647,56.9186930091185,4418,12116,26320
"991","MILTON KEYNES",2007,43.0465367965368,84.5104246261325,58.5590778097983,7392,9161,29495
"992","NORTH EAST LINCOLNSHIRE",2007,64.8065777058903,86.0124629439168,70.5176248362429,7419,16529,32823
"993","NORTH LINCOLNSHIRE",2007,46.6078417299818,75.7399342424366,57.3229054830439,6610.4755887421,14923.4351905035,31427.2276469462
"994","NORTH SOMERSET",2007,55.9694917802816,93.4916205283242,71.2835026592417,7144.57172396704,13363.2903234442,39858.994
"995","NOTTINGHAM",2007,45.9814598145981,67.460832483545,53.9256736451968,11111,21574,49915
"996","PETERBOROUGH",2007,89.4858730893932,43.8726339503914,54.4796560221271,6563.71002210759,9317.8920412675,26592.2859248342
"997","PLYMOUTH",2007,79.679504443846,76.8758795384182,71.7397130119132,7426,17765,41047
"998","POOLE",2007,80.4507427010415,100,77.5338607463861,5857,8736,24143
"999","PORTSMOUTH",2007,75.9615247664402,43.9123762259453,58.6676051574901,9110.19666141521,11577.7265444307,33891.615258271
"1000","READING",2007,49.2048466489966,42.5753132498001,50.4025185518327,5282,7502,22235
"1001","REDCAR AND CLEVELAND",2007,72.274359209407,47.1251597306608,59.2730984101407,6850.756,10910.554,23902.933
"1002","RUTLAND",2007,24.7441860465116,91.2542662116041,59.0397045244691,1075,2344,5415
"1003","SLOUGH",2007,47.8274392947555,39.5673047580418,50.3665909308646,3789.43868094797,4199.43853961469,18790.0188571096
"1004","SOUTH GLOUCESTERSHIRE",2007,54.8820666027493,56.3060510866718,54.4978852554225,6760.8405055266,16081.1799556502,41174.3085480178
"1005","SOUTHAMPTON",2007,70.0972922283437,51.9542952692817,53.0316496321533,8531,14353,40506
"1006","SOUTHEND ON SEA",2007,77.1848078389395,85.8641859106216,76.2554824724321,6582.421,17004.171,30959.572
"1007","STOCKTON ON TEES",2007,59.7708205443012,81.2469825505207,73.8700030935276,4887,14499,29093
"1008","STOKE ON TRENT",2007,60.4796453043128,42.1754932502596,53.8920785488434,9924,19260,48072
"1009","SWINDON",2007,68.6021918861757,50.7946210268949,51.3825865002836,5201,9816,28208
"1010","TELFORD AND WREKIN",2007,88.26171875,99.395952884325,79.8514391829155,5120,6622,22617
"1011","THURROCK",2007,71.1580063610139,78.0640530803592,62.8922549533134,5285.42070293383,9683.07396519466,22901.0710630295
"1012","TORBAY",2007,56.9097502014504,85.9816653934301,67.1898190545363,4964,15708,31667
"1013","WARRINGTON",2007,79.5704758486617,81.2290464946342,70.6630989007215,7551.67502018087,10007.6084648193,36032.7031694054
"1014","WEST BERKSHIRE",2007,71.6998468606432,42.1552806168191,53.0042026509029,6530,5577,21653
"1015","WINDSOR AND MAIDENHEAD",2007,59.6102913356035,99.1262428442302,61.4720201015547,5286,3319,19103
"1016","WOKINGHAM",2007,69.9737468058242,51.431685911592,56.5561617271109,4248.38711933524,5653.07766389991,19676.6987612293
"1017","YORK",2007,38.8663967611336,34.5140968708045,43.3623188405797,6916,9683,29325
"1018","CAMDEN",2007,76.0799004508576,53.1935044402794,54.5183536565663,12866.811,14361.934,53229.72
"1019","LONDON",2007,20.954640868851,100,44.922489704356,1095.7,540.2,2986.7
"1020","GREENWICH",2007,63.4434310203521,99.9999999999996,75.3287080264613,11066.6825995235,12075.2557031633,44633.5062590376
"1021","HACKNEY",2007,24.8111379095607,87.8494399944724,44.8805669619774,14328.2424730311,11962.5122262148,45761.4539883146
"1022","HAMMERSMITH AND FULHAM",2007,47.852233676976,100,56.9545513401528,10476,3997,38615
"1023","ISLINGTON",2007,71.9025081462678,100,72.0722996536757,12968.216554589,8561.648531534,49318.667902858
"1024","KENSINGTON AND CHELSEA",2007,65.5240349706961,50.0249949847394,49.9578922554111,6560.11763,9444.37464,31056.69783
"1025","LAMBETH",2007,100,100,74.596168511543,8603,9661,43273
"1026","LEWISHAM",2007,65.2941421518441,99.9999999999997,66.5026391831511,12670.6795985251,10931.9401606863,52333.4648876502
"1027","SOUTHWARK",2007,100,99.8374532282047,80.3314884343573,11509.9133175484,12565.4589190934,51885.4217843739
"1028","TOWER HAMLETS",2007,49.9959319827516,100,54.7643374350318,12291,8795,45022
"1029","WANDSWORTH",2007,71.2751677852349,96.7094902610858,74.2769426212153,10430,12065,47230
"1030","WESTMINSTER",2007,98.2161747142126,65.8913691440466,73.4389369961067,11722,9848.8702,44155.22793
"1031","BARKING AND DAGENHAM",2007,58.97697167312,66.3916146297948,64.3787014546546,9814,8968,36641
"1032","BARNET",2007,100,100,82.8001505457283,10456,20728,55797
"1033","BEXLEY",2007,100,100,91.9208455396634,7451,11487,34818
"1034","BRENT",2007,100,85.0013563196703,77.0053593569511,10074,10800.9766384717,41430.6199364652
"1035","BROMLEY",2007,58.3669716646577,100,65.39924308645,10994.2315268099,14447,51286.5262915395
"1036","CROYDON",2007,78.5012504465881,47.9043359831463,56.2345094032424,11430.3921809639,14739.3523720783,50648.7114450546
"1037","EALING",2007,65.4351203502066,61.9507115752815,79.0477979103329,10329.96066,12305.19627,44476.1652742729
"1038","ENFIELD",2007,62.8041429053332,67.641391529936,59.6766287637361,12714.459,16473.264,48614.095
"1039","HARINGEY",2007,56.046511627907,64.9340896380922,53.2328697602462,8385,12517,36650.1
"1040","HARROW",2007,100,100,72.8659378497722,8524,7445,34496.2279245248
"1041","HAVERING",2007,67.0405522001726,65.4088050314465,63.5776031376464,10431,12243,39142.715
"1042","HILLINGDON",2007,49.555947073387,97.3078208444449,65.5276335514076,11114.30576,11800.00454126,42818.349876346
"1043","HOUNSLOW",2007,46.2870282699851,48.0585256049522,47.0835891588457,7393,10662,34203
"1044","KINGSTON UPON THAMES",2007,58.6163522012579,38.9116379310345,44.6282449209932,4770,9280,28352
"1045","MERTON",2007,52.978502978503,100,61.441911838538,7722,6571,29877
"1046","NEWHAM",2007,62.4801125758755,75.8048605129382,58.4807384528269,8770.618,10470.541,37354.424
"1047","REDBRIDGE",2007,75.1694729936584,90.6258540584859,70.8370576156541,9146,14636,41395
"1048","RICHMOND UPON THAMES",2007,81.3639220615965,100,64.4559553541146,6364,7794,32433
"1049","SUTTON",2007,61.6605972323379,51.4774624373957,53.5750437103156,6865,11980,32601
"1050","WALTHAM FOREST",2007,52.9337803855826,40.9809594294557,41.3115351573686,7158,14863,38413
"1051","GATESHEAD",2008,30.2731253040517,71.5427570349283,61.4531506849315,14389,18266,45625
"1052","NEWCASTLE UPON TYNE",2008,56.2627481114623,82.3090888809959,66.2215071109023,14775.718,20440.14,57748.5226
"1053","NORTH TYNESIDE",2008,41.2280875566156,86.7594697249383,64.5349165741759,6762.71,14694.487,38921.50224
"1054","SOUTH TYNESIDE",2008,57.4800333770414,68.8337843791302,57.176848321532,8389,15889,34883
"1055","SUNDERLAND",2008,49.44719786504,81.1638404294254,61.5802400802574,13115,24591,57814
"1056","BARNSLEY",2008,51.3481181558848,80.8026789284286,68.1826500732064,10867,20008,43712
"1057","DONCASTER",2008,62.9989440337909,62.1193813436443,60.9007076246994,14205,24828,57799
"1058","ROTHERHAM",2008,20.9136109384711,70.7669012202726,51.830976053774,16090,22454,57128
"1059","SHEFFIELD",2008,37.7466774063633,87.6902978110753,64.3377171327259,29796,37507,111395
"1060","BRADFORD",2008,49.5320552184719,62.813120743034,55.7017511478521,17527.57232,36953.7152877,93481.3447422139
"1061","CALDERDALE",2008,39.333105566196,84.9421533286483,65.3659496459857,8408.76354,11867.58,34838.44701
"1062","KIRKLEES",2008,24.7759588959254,76.0505458352026,51.8654707342377,16738,26748,76147
"1063","LEEDS",2008,16.0394616490265,45.8093080724876,49.8893686494382,30612,38848,139653
"1064","WAKEFIELD",2008,38.1465421638805,75.3571547415065,55.0950614376779,13998.32448,24859.49567,59742.63475
"1065","BOLTON",2008,51.2141447867658,67.9639129665664,52.5014864520513,13178,16959,47092
"1066","BURY",2008,37.6588428763642,58.9463881867766,51.3605975958068,6689,15034,31861
"1067","MANCHESTER",2008,64.5495042391148,98.7491198276933,67.8877688254963,20877,24143,81047
"1068","OLDHAM",2008,57.2573230001314,72.4965054514957,61.5527451570812,7613,17885,39852
"1069","ROCHDALE",2008,55.5853005597469,79.3370293370293,64.411719588894,8218,17316,39114
"1070","SALFORD",2008,73.1440051136883,88.8381673439848,75.9966967931367,10951,17963,43594
"1071","STOCKPORT",2008,56.0426656228594,NA,63.0492988073171,10219,NA,53409
"1072","TAMESIDE",2008,57.6360852011694,100,72.0138158195709,7183,16824,43718
"1073","TRAFFORD",2008,48.3617963314358,56.8775479390005,55.1425619257728,7905,13246,35809
"1074","WIGAN",2008,35.7151183121576,91.1924196586563,65.4589371980676,8579,17519,45126
"1075","KNOWSLEY",2008,68.0403458213256,NA,75.3561398166007,6940,NA,29553
"1076","LIVERPOOL",2008,67.805626813575,76.4556594880719,66.3941524279529,47558,27582,107395
"1077","SEFTON",2008,99.8833932562433,100,87.8466004902387,10291,19218,57523
"1078","ST HELENS",2008,75.1028000783239,59.3960612691466,61.5728737735753,10214,11425,39342
"1079","WIRRAL",2008,55.605507164934,74.6489859594384,73.1758910460736,14236,21794,69020
"1080","BIRMINGHAM",2008,52.0358112291061,53.1396467229508,52.886813077611,41998,65501,181134
"1081","COVENTRY",2008,61.4531435349941,78.3335988529552,60.8850882998363,16860,18831,57418
"1082","DUDLEY",2008,32.1045731472199,67.4067886035878,47.9203190321151,12967,22744,51907
"1083","SANDWELL",2008,67.3117963058356,57.4256029335715,56.3869015726937,13589,21271,63458
"1084","SOLIHULL",2008,66.5064935064935,90.72049689441,72.6719906220236,7700,8050,27298
"1085","WALSALL",2008,62.639164580996,50.8145890266975,57.9406982479858,11587,19028,54737
"1086","WOLVERHAMPTON",2008,76.8135819305141,59.6341205723216,53.5092652364164,10768.3483574463,21160.1799634642,56479.8857858885
"1087","CUMBRIA",2008,47.7162508967937,54.9444007471291,56.1382329407829,19686.91304,50917.84968,111402.555221958
"1088","NORTHUMBERLAND",2008,56.2143170838823,90.981604120677,70.025351821192,13662,33975,77312
"1089","DURHAM",2008,64.8538961038961,81.4099414099414,71.7518060801643,27104,52910,109076
"1090","NORTH YORKSHIRE",2008,45.4471914656959,51.3560151441008,54.2696134047202,19779,38827,106649
"1091","CHESHIRE",2008,37.0529470529471,71.4381181502272,61.3285066713652,30030,37410,124862
"1092","LANCASHIRE",2008,89.5508244361615,88.2406869391181,76.4426135640667,47487,77445,188616
"1093","WARWICKSHIRE",2008,46.3930885529158,60.5039627536695,58.8553388539823,23150,28137,81089.5
"1094","STAFFORDSHIRE",2008,57.2783630881805,60.9822616407982,56.9987134001326,29519,45100,128245
"1095","WORCESTERSHIRE",2008,48.8397655105032,82.8371404857277,66.8237176637923,16376,27711,78743
"1096","SHROPSHIRE",2008,73.3252459900256,91.1347719637875,77.1450841601888,7419,17563,47469
"1097","LINCOLNSHIRE",2008,54.5422190586351,87.7379979482186,70.4988875577614,22478,57511,116860
"1098","NORTHAMPTONSHIRE",2008,52.0999704229518,66.5504169825625,63.3263267282303,13524,46165,84682
"1099","DERBYSHIRE",2008,27.7271537051584,57.8569779966149,52.2259990674869,38190,51992,132974
"1100","LEICESTERSHIRE",2008,74.8786168239056,75.118827937147,69.2075835331555,25333,35766,89246
"1101","NOTTINGHAMSHIRE",2008,62.0292585391051,64.4962237756222,57.3765111285739,27463.31309,57123.96389,126512.11538
"1102","HERTFORDSHIRE",2008,NA,NA,85.0174300967797,NA,NA,164084
"1103","NORFOLK",2008,37.4362344693769,65.9320579196545,54.0192711187138,31953,72238,149654
"1104","OXFORDSHIRE",2008,55.9192552868562,100,69.172438861851,19766,25696,99038
"1105","SUFFOLK",2008,71.2024411175741,61.9554658183965,63.8109499144922,20974,52499,122211
"1106","BEDFORDSHIRE",2008,73.7147201368431,100,69.452068894531,10523,22086,58292
"1107","BUCKINGHAMSHIRE",2008,52.6514117197313,100,72.0499991587268,18311,19365.5,65377.1
"1108","ESSEX",2008,84.8414384797338,99.7311509781708,85.1496737989086,49886,118282,232372
"1109","CAMBRIDGESHIRE",2008,78.740042920016,NA,75.835539969942,27493,NA,83838
"1110","SURREY",2008,71.9100919835187,85.3682620857842,73.389598579167,28845.0780478241,62823.4449059088,163091.063040967
"1111","WEST SUSSEX",2008,65.2353014604918,92.9398194184798,69.3579043644782,24033,50282,139948
"1112","DORSET",2008,53.665785997358,63.2250431668479,59.7599137477648,12112,31274,76056
"1113","HAMPSHIRE",2008,71.6203830996242,58.3492130707883,57.8463064821225,43644,56676,183443
"1114","EAST SUSSEX",2008,76.7716337702777,70.5905648235236,70.4355764214919,19911,40402,99684
"1115","WILTSHIRE",2008,76.1205329207092,98.5861018306515,70.6153631236061,12018.0157209973,20469.5915339993,65271.6053668373
"1116","KENT",2008,87.7522975178219,75.8912478008872,72.1095663538907,46572,92651,220509.3
"1117","CORNWALL",2008,56.9756531186725,NA,78.564285064876,20249,NA,76993
"1118","GLOUCESTERSHIRE",2008,50.4678007290401,92.0095913114003,70.9382347178683,16460,28359,81664
"1119","SOMERSET",2008,NA,97.6361460203471,85.1243604792806,NA,30078,90302
"1120","ISLES OF SCILLY",2008,97.0588235294118,12.9107981220657,21.5106732348112,68,426,609
"1121","DEVON",2008,74.384382896497,68.8803862621846,67.0087840348177,20183,76839,150728
"1122","HARTLEPOOL",2008,56.5043156596794,NA,70.7369603895496,3244,NA,21358
"1123","MIDDLESBROUGH",2008,38.1549666194619,91.0664819944598,63.5498519249753,4943,11552,25325
"1124","REDCAR AND CLEVELAND",2008,69.0997725611845,54.4157538575922,59.3428443663121,7144.339,11965.171,27326.86
"1125","STOCKTON ON TEES",2008,66.234984984985,82.8820678513732,74.3571739057746,5328,15475,29907
"1126","DARLINGTON",2008,50.7945205479452,NA,75.7023881196067,3650,NA,19932
"1127","EAST RIDING OF YORKSHIRE",2008,64.6516853932584,89.8773459435496,77.973743775464,8900,33835,55225
"1128","KINGSTON UPON HULL",2008,66.5396282304116,74.9561552987807,71.2353072926335,6313.05,32980.04,53220.28
"1129","NORTH EAST LINCOLNSHIRE",2008,68.9981096408318,85.7764371483265,69.492999130513,7935,17239,33353
"1130","NORTH LINCOLNSHIRE",2008,47.3761575775393,75.0329641350211,57.2539193009509,6803,15168,31128
"1131","YORK",2008,39.9806389157793,34.3262119967132,42.2278291111187,6198,9736,29329
"1132","HALTON",2008,68.1963373083475,83.5758027411464,61.2218792286874,3756.8,6172.6,18918.4
"1133","WARRINGTON",2008,81.4136791253496,80.9142318567389,70.1998309751643,7866,10610,36681
"1134","BLACKBURN WITH DARWEN",2008,59.6822594880847,68.2792780567241,60.4278271079475,5665,14738,27254
"1135","BLACKPOOL",2008,65.0908278737344,85.3452996549231,69.5693348578276,5104.16,14590.95,29640.43
"1136","STOKE ON TRENT",2008,65.1882112634958,41.8802992518703,52.4158600299704,10281,20050,49382
"1137","HEREFORDSHIRE",2008,87.1387903131459,99.5607510365043,83.89867804411,5128.6,11360.3,29766.5
"1138","TELFORD AND WREKIN",2008,89.0987868284229,99.4453605156648,82.3384108686702,5770,6671,24290
"1139","DERBY",2008,35.5908453993461,52.9898170124799,55.5955580345824,8564,13061,39442
"1140","LEICESTER",2008,72.2792194729431,63.4215741070068,54.5702481020902,9942,19681,49133
"1141","RUTLAND",2008,31.0318155257208,100,57.5354617745885,1126.054,2259.334,5784.045
"1142","NOTTINGHAM",2008,39.4717052077458,65.863978269954,46.3597452333654,10638,19144,48829
"1143","LUTON",2008,49.6906419180201,49.1388235294118,42.0864457639022,7758,10625,31326
"1144","MILTON KEYNES",2008,46.5152607546263,87.2565766996925,56.4809138136878,8322,8781,30991
"1145","BRACKNELL FOREST",2008,47.8683955177263,61.4335152885162,56.1455607054271,3188.42761514926,4884.63361583874,15765.5881099217
"1146","WEST BERKSHIRE",2008,74.9658935879945,46.152527849186,55.623562095759,7330,5835,23037
"1147","READING",2008,55.882336309753,51.3377065819822,53.5320638734714,6132.85483661225,6379.83492507522,22022.6736385428
"1148","SLOUGH",2008,59.3398157625384,31.9218955682317,47.7909566478479,3908,4558,19307
"1149","WINDSOR AND MAIDENHEAD",2008,52.6571067060312,100,65.6132469703301,4742,3740,19144
"1150","WOKINGHAM",2008,69.7587397892161,50.1915222753203,54.266954826747,3251.03836,5670.83384,18061.92815
"1151","SOUTHEND ON SEA",2008,80.4860676637998,85.2670910615771,76.5019418666402,7192.62,18255.01,34719.686
"1152","THURROCK",2008,71.3087575580261,82.7589955429938,66.3146016700519,5127,9199,22155
"1153","PETERBOROUGH",2008,90.2687364379903,44.4331572531491,49.393918161435,5991,9844,28544
"1154","ISLE OF WIGHT",2008,51.9774181703372,79.6421832328498,72.3738408000976,7227.758,14857.325,33698.89
"1155","BOURNEMOUTH",2008,72.863862032924,91.3150049685326,66.3136183733764,7654,15095,35878
"1156","POOLE",2008,82.6709304096239,NA,78.288166573949,6567,NA,25166
"1157","PORTSMOUTH",2008,96.8053783192788,43.2859844274214,57.6644550891004,7969.26197759643,12121.0348093094,33756.9704276041
"1158","SOUTHAMPTON",2008,71.8155947638019,50.07816941444,52.4976962995296,8785,14072,41238
"1159","BRIGHTON AND HOVE",2008,62.4416828634795,73.075560187931,64.9634620408081,14212.59555,21323.19948,56670.84303
"1160","SWINDON",2008,71.1060553027651,49.5027027027027,54.3148856338841,5714,9250,27718
"1161","MEDWAY TOWNS",2008,91.8882038359252,63.9224912799007,74.0375582944981,9614.26686624456,11901.5111002348,37036.8249175041
"1162","BATH AND SOMERSET",2008,59.1353465131436,63.6756238003839,60.4374520337682,4603,8336,28666
"1163","BRISTOL",2008,37.4560796142104,49.0466975098554,53.6470917732098,18512.474,29150.034,77437.152
"1164","NORTH SOMERSET",2008,60.611846876285,94.5954414787908,75.163177643278,7395.249,13090.912,40238.815
"1165","SOUTH GLOUCESTERSHIRE",2008,62.5341130604289,57.9946782776971,58.7665922706449,7695,16536,42565
"1166","PLYMOUTH",2008,81.2515100265765,77.6489466328485,70.2842843294181,8278,19319,44357
"1167","TORBAY",2008,54.493197930638,89.1802144586648,71.6249741575357,5219,14455,29022
"1168","CAMDEN",2008,78.32568489335,46.8847012510491,53.9521420110223,12044.722,15782.114,49958.263
"1169","GREENWICH",2008,94.64527752862,100,75.6082770128819,7747.46232600534,12242.6281216996,43274.4261866717
"1170","HACKNEY",2008,27.3694110837795,98.0629319752637,46.8190581107133,13822,10996,43572
"1171","HAMMERSMITH AND FULHAM",2008,68.9207387456714,100,64.3059972739664,10396,3874,35216
"1172","ISLINGTON",2008,71.1397493687009,100,67.0871542887355,12765.578599832,7966.408305482,44232.092983438
"1173","KENSINGTON AND CHELSEA",2008,62.2103983654651,62.1474213430763,50.98399107135,6275.47822,8109.78258,28166.21086
"1174","LAMBETH",2008,NA,NA,73.1808539974954,NA,NA,44234.2576211529
"1175","LEWISHAM",2008,70.8966361470991,100,70.2986057346909,12854.813,11988.128,49627.714
"1176","SOUTHWARK",2008,100,99.9999999999999,78.4562775280777,10212.6360374214,12597.8332980712,45171.9238569612
"1177","TOWER HAMLETS",2008,51.9993812359811,NA,53.9396615842321,12929,NA,43024
"1178","WANDSWORTH",2008,76.4772826753042,96.8216248329125,83.9702900467249,11423,13466,45372
"1179","WESTMINSTER",2008,99.4457817689001,73.0993386384823,73.9848983766467,12089.10069,10624.144,45285.65731
"1180","LONDON",2008,30.2306476530795,NA,49.8897801771565,1029.48714024093,NA,2795.87185
"1181","BARKING AND DAGENHAM",2008,54.8478817173728,85.4372484449323,59.8556769620512,10551,8199,39079
"1182","BARNET",2008,99.097911389777,99.794138274727,78.4497136760134,11078.18,19094.856,57737.915
"1183","BEXLEY",2008,NA,NA,91.5181885671863,NA,NA,32328
"1184","BRENT",2008,100,86.6807610993658,77.0331967912613,9937,11352,46872
"1185","BROMLEY",2008,57.3230938014262,NA,67.5343844347534,10938,NA,44715
"1186","CROYDON",2008,75.6599604605187,57.0896968757268,55.8522348569005,8599,12899,49511
"1187","EALING",2008,68.0701067267209,100,73.5069396458115,10213,15225,50651
"1188","ENFIELD",2008,60.1072594741285,67.4034821315687,57.0519393901561,13345.581,16507.073,49836.723
"1189","HARINGEY",2008,55.3279058018859,67.2580571239707,47.5719070398716,7471.24970679642,11109.2890867004,35088.4104478084
"1190","HARROW",2008,NA,NA,74.9082626850563,NA,NA,31612
"1191","HAVERING",2008,70.6197675072452,76.7750190822934,65.2715015887303,10435.9069424066,11413.2083015652,40254.0685456584
"1192","HILLINGDON",2008,50.4749839399472,96.8390286617525,63.7150552988245,10264.10072,11642.7889206891,42694.839129116
"1193","HOUNSLOW",2008,44.0377149195785,47.291811070403,44.6081373019683,7212,10099,33328
"1194","KINGSTON UPON THAMES",2008,61.5451958853141,42.442485486992,46.5430558031735,4569,9302,28045
"1195","MERTON",2008,48.3148862081831,98.7332227416679,57.9824755638503,8041,6631,31613
"1196","NEWHAM",2008,60.1865643526081,71.9442123822485,55.2540559460684,10398.1279,10005.60308,39318.2281844269
"1197","REDBRIDGE",2008,63.5741769987174,89.8496240601504,67.532074417305,9356,15428,42947
"1198","RICHMOND UPON THAMES",2008,87.4017094017094,100,70.2529795732796,5850,8171,30793
"1199","SUTTON",2008,64.4857142857143,58.4670908918226,54.4419061102352,7000,10529,31079
"1200","WALTHAM FOREST",2008,60.0438047559449,39.2057569296375,39.0876774176808,6392,15008,38539
"1201","CUMBRIA",2010,55.2185133477176,53.3243000750737,59.7616190042627,23637,54613,120815
"1202","NORTHUMBERLAND",2010,61.7990574414316,93.0503978779841,69.0389636347737,14641,33930,80049
"1203","GATESHEAD",2010,36.591163310962,81.3472881280766,62.6563452620688,14304,22549,54127
"1204","NEWCASTLE UPON TYNE",2010,62.8772515805797,80.3678580746152,70.9394087260857,16766,22998,59431
"1205","NORTH TYNESIDE",2010,58.7762967721214,79.4212785978945,67.2105672105672,6227,17003,41184
"1206","SOUTH TYNESIDE",2010,63.1543167912984,73.7122654337775,61.3707233040406,10297,18385,45859
"1207","SUNDERLAND",2010,74.4508670520231,94.3142123647995,69.496192548273,12110,23761,58832
"1208","HARTLEPOOL",2010,63.3639308855292,100,71.9384672584468,3704,10175,21517
"1209","MIDDLESBROUGH",2010,65.991578103068,93.8026013771997,71.8846345101939,4987,14377,30165
"1210","REDCAR AND CLEVELAND",2010,75.6161272004543,59.5231816024052,64.9256888982916,8805,18959,37814
"1211","STOCKTON ON TEES",2010,74.8905387397677,90.1222553372666,78.2856788438876,5253,16441,32246
"1212","DURHAM",2010,66.1385465888384,80.4129185909918,72.6799849816964,32379,62143,127844
"1213","DARLINGTON",2010,62.088877730354,100,76.3989481939383,3983,10306,21677
"1214","BARNSLEY",2010,50.7497223250648,90.506329113924,71.2109300299598,10804,21330,47063
"1215","DONCASTER",2010,44.7919153338108,59.5736928402259,54.3369535309066,12567,27445,61783
"1216","ROTHERHAM",2010,49.3012815871407,70.6788871765756,60.606431104047,13811,24658,57253
"1217","SHEFFIELD",2010,42.3884174386215,88.6268918622505,64.8539922791729,30874,36472,104652
"1218","BRADFORD",2010,54.5092709445685,65.4702567992199,53.2623719811495,20602,36916,91881
"1219","CALDERDALE",2010,52.690463505594,82.207523770153,64.9200807375484,9385,12095,36662
"1220","KIRKLEES",2010,37.4736168851935,73.7917391452642,54.7184961891348,15635,29319,75967
"1221","LEEDS",2010,30.6928856321306,55.3054036699033,48.783668421088,32343,51391,148767
"1222","WAKEFIELD",2010,47.0959361662646,83.7335259072035,59.8397997496871,16167,22156,59925
"1223","EAST RIDING",2010,76.2550146373197,93.5763622409823,81.4606392239771,9223,39090,64328
"1224","KINGSTON UPON HULL",2010,67.3882485240371,79.1771986402859,69.8613218532764,7114,34419,56678
"1225","N E LINCOLNSHIRE",2010,74.6678220681687,83.4225700164745,71.8834652360971,10386,19424,37654
"1226","N LINCOLNSHIRE",2010,50.3253796095445,75.6465104399464,59.2609657206045,6915,15661,32556
"1227","NORTH YORKSHIRE",2010,51.8325617283951,56.844665817213,56.9057045967012,25920,43165,112646
"1228","YORK",2010,41.8191254703516,33.6837150925635,40.0561097256858,7707,12748,35288
"1229","BOLTON",2010,55.256493741408,64.8503366717592,51.7005383299253,13821,17673,47926
"1230","BURY",2010,46.6186854970125,57.1063052086506,48.980312527589,7364,16415,33981
"1231","MANCHESTER",2010,67.1432871763998,99.6067990989146,68.8175059615654,19932,24415,78419
"1232","OLDHAM",2010,40.2479669377416,74.6786131671212,51.1634302153404,7501,20536,47274
"1233","ROCHDALE",2010,66.1143156790771,76.06162464986,63.6210359276983,9535,17850,40331
"1234","SALFORD",2010,76.4130738430021,92.6025739742603,76.2860465116279,10739,18182,43000
"1235","STOCKPORT",2010,90.0936146430068,100,74.7882798030804,14314,17663,63173
"1236","TAMESIDE",2010,60.6760019314341,100,69.9890803203106,10355,18402,49452
"1237","TRAFFORD",2010,58.3015052797124,60.2304815691063,59.9615514509132,8902,13103,38493
"1238","WIGAN",2010,89.1206604260338,94.1371332421916,76.2596956020554,13567,19018,51183
"1239","KNOWSLEY",2010,75.6503513746764,100,81.2957364450598,8111,10574,35393
"1240","LIVERPOOL",2010,58.2174192167772,76.6617606110028,64.5403333255417,18692,25139,85562
"1241","SEFTON",2010,97.6579761378701,99.7639905596224,85.6463649494463,9052,24999,66464
"1242","ST HELENS",2010,73.8311852413445,67.9407828705253,58.6678857396171,7914,11956,36093
"1243","WIRRAL",2010,65.9485119591017,84.8850741926098,76.9044452887538,10954,20622,63168
"1244","HALTON",2010,57.3005093378608,83.4487787094422,49.0828107601242,3534,5486,17063
"1245","WARRINGTON",2010,77.2721152551501,80.0474888473162,68.9030830357592,7427,13898,39766
"1246","LANCASHIRE",2010,93.1801293007357,88.8690324227725,79.0880366827539,53828,90091,207618
"1247","BLACKBURN",2010,79.4032134659526,65.3969065575866,61.5451100325776,6535,15646,30082
"1248","BLACKPOOL",2010,63.4451832379774,92.6174496644295,66.6087010526969,6467,14006,32203
"1249","CHESHIRE EAST",2010,37.1318101933216,76.0058218109991,61.27853359791,14225,19238,70049
"1250","CHESHIRE WEST AND CHESTER",2010,29.2737906665042,79.1923134664465,63.6914239795235,16414,19983,67199
"1251","WARWICKSHIRE",2010,67.3949246629659,64.2802838317283,65.351177967039,25220,31568,90410
"1252","BIRMINGHAM",2010,50.3692166743014,49.9039247299954,49.2423038088896,54575,90554,232745
"1253","COVENTRY",2010,63.961661341853,83.1223863953164,61.5639279248211,20345,17935,57995
"1254","DUDLEY",2010,38.3685349652959,70.315982171283,51.1223948983604,13399,25128,58491
"1255","SANDWELL",2010,71.081020339364,72.2525581608773,62.2286649942165,17798,21793,66569
"1256","SOLIHULL",2010,78.9586688137413,89.5245415614363,70.7772979642196,7452,9107,32420
"1257","WALSALL",2010,70.3940658321743,100,74.6793523007959,10785,18053,54655
"1258","WOLVERHAMPTON",2010,78.7579113924051,66.9762958419139,61.1986032922397,10112,22823,56132
"1259","STAFFORDSHIRE",2010,64.217541988803,73.1567786161661,61.0690938938235,37510,40554,136452
"1260","STOKE ON TRENT",2010,72.3340138038301,58.031421916043,59.1606481308236,10287,20177,53446
"1261","HEREFORDSHIRE",2010,92.8717738631708,100,82.768966995285,7323,11230,32662
"1262","WORCESTERSHIRE",2010,49.4854958839671,82.6136741402874,63.7684731955253,20408,27073,85191
"1263","SHROPSHIRE",2010,71.2071572580645,91.4320747969141,74.1886320561168,7936,19573,51179
"1264","TELFORD AND WREKIN",2010,90.2369096121925,98.5455543358946,81.8597304835837,6627,7288,29757
"1265","LINCOLNSHIRE",2010,58.8289962825279,85.4941197121292,67.3172939135682,31204,56970,132590
"1266","NORTHAMPTONSHIRE",2010,50.4641567818463,69.7683928770586,62.6069870792527,15512,53798,97208
"1267","DERBYSHIRE",2010,38.5878962536023,57.6382877232655,53.4761260940724,45110,56603,154583
"1268","DERBY",2010,56.2236187974862,59.2742248814982,58.277195768551,10661,12869,39041
"1269","LEICESTERSHIRE",2010,78.4062911336866,75.8797862177584,70.5510488944632,29629,38731,98866
"1270","LEICESTER",2010,69.7964543663822,56.9059179847123,52.3228512371817,10661,20801,49831
"1271","RUTLAND",2010,52.7692307692308,100,67.0119382022472,1300,2498,5696
"1272","NOTTINGHAMSHIRE",2010,70.8701952410006,64.5176624379809,58.4081569466336,26224,67318,142112
"1273","NOTTINGHAM",2010,48.6162711350368,72.927144704699,54.4582898757571,13189,20877,54651
"1274","HERTFORDSHIRE",2010,99.8261236103061,99.5867972469596,83.762520159579,37958,81074,188496
"1275","NORFOLK",2010,64.4830450326821,66.9655515483149,58.8241192174164,27691,80410,159574
"1276","OXFORDSHIRE",2010,54.0106951871658,100,66.9748967016456,21318,35031,125123
"1277","SUFFOLK",2010,66.6079319038196,53.0178435637611,62.9203320447282,36889,56547,149257
"1278","LUTON",2010,54.1620962827544,55.3069928381749,42.5991928298129,8205,12427,38158
"1279","BUCKINGHAMSHIRE",2010,58.0270424681013,100,73.3599799490812,21004,24098,75807
"1280","MILTON KEYNES",2010,38.5626841985944,86.4956110735989,59.8392688307595,8822,8886,31730
"1281","BRACKNELL FOREST",2010,75.4607878568847,50.4087667420421,53.4832100170746,2767,5749,17570
"1282","WEST BERKSHIRE",2010,73.8802336903603,34.2952847204329,57.0930359283612,8216,7762,27527
"1283","READING",2010,71.7130854208807,54.6205059920106,58.5646873771136,6427,7510,25430
"1284","SLOUGH",2010,52.4051803885291,64.4716088328076,61.6763123159712,4324,5072,19698
"1285","WINDSOR AND MAIDENHEAD",2010,52.0108450067781,98.1345115365734,57.3307543520309,4426,4074,20680
"1286","WOKINGHAM",2010,77.6952624839949,59.0069121173649,62.8113070350845,3905,7089,22004
"1287","ESSEX",2010,95.5008588382261,99.6811768048234,89.4904281736178,51232,126716,252094
"1288","SOUTHEND",2010,89.2471590909091,88.1819854632441,79.9499011206328,7040,21738,37925
"1289","THURROCK",2010,78.2742960944596,83.5383815629874,65.7708680362761,5505,11542,27015
"1290","CAMBRIDGESHIRE",2010,89.7639831878435,100,77.1739359794054,30930,25236,94782
"1291","PETERBOROUGH",2010,94.5738720141551,53.229005951069,75.8498069055175,6782,4537,26153
"1292","BEDFORD",2010,78.1229773462783,92.5637583892617,71.056392666095,3090,11175,24489
"1293","CENTRAL BEDFORDSHIRE",2010,57.0372030479606,100,71.6594464188436,8924,15127,38549
"1294","GREENWICH",2010,69.6044711951849,100,70.6935483870968,13956,11557,49600
"1295","HACKNEY",2010,33.5804031456205,100,40.412685505184,11063,9844,49190
"1296","HAMMERSMITH AND FULHAM",2010,81.308590013392,100,69.7217470061387,10454,3286,39748
"1297","ISLINGTON",2010,63.254208930252,100,61.8629343629344,9563,8342,51800
"1298","KENSINGTON AND CHELSEA",2010,60.7970719804799,65.0496243391151,48.6278021724058,7377,10781,34616
"1299","LAMBETH",2010,89.9188092016238,100,72.6418897129958,8868,13025,49616
"1300","LEWISHAM",2010,70.9236504210962,100,70.6983005872827,14486,10818,51253
"1301","SOUTHWARK",2010,100,100,80.9311224489796,11960,12085,48608
"1302","TOWER HAMLETS",2010,51.000746319289,100,54.0711034034251,14739,7471,46130
"1303","WANDSWORTH",2010,86.0412887622009,100,84.3662746856339,11577,11806,49067
"1304","WESTMINSTER",2010,98.6128546321868,77.9313016528926,77.7250779082908,15932,15488,58402
"1305","LONDON",2010,6.71067106710671,100,36.6151634926339,909,691,2783
"1306","BARKING AND DAGENHAM",2010,71.1006289308176,77.6245691005954,66.273439798839,9540,9573,37383
"1307","BARNET",2010,0,100,56.8304936263029,11636,16327,55933
"1308","BEXLEY",2010,100,100,83.5309999035773,7656,9795,31113
"1309","BRENT",2010,100,87.8599911386797,88.4790884110217,11789,11285,39667
"1310","BROMLEY",2010,62.874099194574,100,69.7874675902269,11795,13589,52839
"1311","CROYDON",2010,68.1787330316742,34.5289306270827,44.0979202284555,8840,16505,53227
"1312","EALING",2010,78.7094855783527,100,70.8040161277571,13452,9300,50596
"1313","ENFIELD",2010,66.0328040253545,72.8665443952961,60.6993525167164,15303,18538,56681
"1314","HARINGEY",2010,58.1818181818182,61.3002399520096,59.3802414143914,8910,13336,36369
"1315","HARROW",2010,100,100,60.6803097345133,5407,7432,36160
"1316","HAVERING",2010,68.4355616815989,99.8168498168498,69.2488485826884,11608,11466,42122
"1317","HILLINGDON",2010,58.5546803443854,95.1575425225393,67.434232848515,10918,10759,44209
"1318","KINGSTON UPON THAMES",2010,67.1496730871179,38.5644343416681,46.2818849978383,5659,11438,32382
"1319","MERTON",2010,47.1999107541276,100,58.7268352136004,8964,6210,31999
"1320","NEWHAM",2010,67.3709599614086,72.3302312724592,55.8328653262945,10365,10853,44515
"1321","REDBRIDGE",2010,71.245591238166,91.2095808383234,69.0762961795628,10774,16700,44419
"1322","RICHMOND UPON THAMES",2010,100,93.2870599900843,71.7512032580526,6499,10085,37814
"1323","SUTTON",2010,64.2926289586503,66.8295381211395,56.1523491798721,7231,10847,35970
"1324","WALTHAM FOREST",2010,47.4945533769063,49.5677584317545,41.2107455421912,6426,16426,42734
"1325","ISLE OF WIGHT",2010,73.070144518858,89.554353426069,76.6096762459076,8511,15528,32988
"1326","SURREY",2010,76.992,84.8789232124368,72.0608776783644,31250,64711,185421
"1327","WEST SUSSEX",2010,61.6951182988919,77.9158093411098,66.4185177179621,30051,64639,157298
"1328","DORSET",2010,56.6177024482109,59.6112198303979,55.1555213810894,13275,38325,80632
"1329","BOURNEMOUTH",2010,68.1695992179863,91.6644976574701,64.330368207981,8184,15368,36311
"1330","POOLE",2010,92.0998719590269,100,80.8259161832006,7810,10579,27751
"1331","HAMPSHIRE",2010,77.089725900451,54.7899896389575,55.460748538329,48559,75282,221151
"1332","PORTSMOUTH",2010,61.9008841321545,37.32601299103,46.8759324461419,8596,12932,33514
"1333","SOUTHAMPTON",2010,75.2471530471781,52.21027479092,52.6036106564183,7991,14229,42153
"1334","BRIGHTON AND HOVE",2010,64.4505033557047,75.6702824396234,69.4510571514222,14304,19544,56709
"1335","WILTSHIRE",2010,87.0336427600071,99.3626223537446,76.8075819927672,16913,26358,80190
"1336","SWINDON",2010,76.9826989619377,53.0437323463524,52.5595085743537,7225,10267,31256
"1337","KENT",2010,88.1815603986065,69.2441982688493,66.0369694062302,49372,109407,258484
"1338","MEDWAY TOWNS",2010,93.8872772482387,63.806907378336,68.8176699870074,9652,12740,41562
"1339","CORNWALL",2010,66.4143763213531,99.4670246958786,75.2681786125237,23650,24579,80823
"1340","GLOUCESTERSHIRE",2010,83.5598310174581,93.7160058837615,76.2396647919514,19647,29233,89258
"1341","SOMERSET",2010,98.271316824409,97.8892434516687,81.4913216328905,23139,30084,103130
"1342","ISLES OF SCILLY",2010,0,0,2.05761316872428,45,273,486
"1343","BATH AND NORTH EAST SOMERSET",2010,64.1254315304948,58.1372441720477,60.6590042739979,6952,9137,34628
"1344","BRISTOL",2010,55.6773073106186,46.9834403951064,53.8706739526412,24184,30979,92232
"1345","NORTH SOMERSET",2010,73.0556799522317,93.4966145615648,77.9777862887782,6699,11963,39165
"1346","SOUTH GLOUCESTERSHIRE",2010,63.9803209558393,55.2840090553612,54.2544791982994,8537,19436,49395
"1347","DEVON",2010,74.1245810701491,68.5821730100404,68.2387186884048,25959,81371,153218
"1348","PLYMOUTH",2010,78.6763970808757,76.5782975352933,68.8536723409813,10003,21463,45938
"1349","TORBAY",2010,89.4609693492375,100,80.6624693731973,6623,14737,32243
"1350","CUMBRIA",2011,66.9454545454545,53.5066291233893,59.5926008029754,22000,53627,121797
"1351","NORTHUMBERLAND",2011,68.6147885050048,93.5434098866536,71.481032785644,15485,33702,79242
"1352","GATESHEAD",2011,38.379917184265,82.2817593212771,62.7388649425287,15456,22395,55680
"1353","NEWCASTLE UPON TYNE",2011,63.8543464032843,78.1370413804657,69.8700622008011,16807,23876,61414
"1354","NORTH TYNESIDE",2011,59.0638635462118,83.4479920032928,66.3284702751509,7563,17007,42086
"1355","SOUTH TYNESIDE",2011,64.7530329289428,76.7174741426238,62.3747383423151,9232,18370,44906
"1356","SUNDERLAND",2011,73.7711273065592,93.4481835222708,69.0875008598748,12898,22406,58148
"1357","HARTLEPOOL",2011,70.2776513427401,100,73.7971872686899,4394,10791,22967
"1358","MIDDLESBROUGH",2011,80.0048239266763,93.6607083527145,75.3280398358119,4146,15049,29722
"1359","REDCAR AND CLEVELAND",2011,73.9993038635573,78.7380220574941,73.8396025550036,8619,16593,35225
"1360","STOCKTON ON TEES",2011,76.1677463348108,89.7522651680239,76.3860013860014,5866,17438,34632
"1361","DURHAM",2011,66.9687185362636,82.6116086018694,71.1698938981823,28803,61196,129781
"1362","DARLINGTON",2011,63.7205609949722,100,76.6810748184127,3779,10902,22441
"1363","BARNSLEY",2011,46.132567294393,80.7746768373453,67.5333964447249,9399,21893,47535
"1364","DONCASTER",2011,48.1459981133445,63.542396052149,55.518147231113,13781,29991,66236
"1365","ROTHERHAM",2011,56.5043552763102,70.9348151651297,58.7672236131691,14006,25374,58713
"1366","SHEFFIELD",2011,37.7900337037966,87.0496191064443,58.7567824660513,35901,33999,103023
"1367","BRADFORD",2011,50.786317192359,73.3505168336301,55.661341976309,22510,37633,103668
"1368","CALDERDALE",2011,63.2124845370635,83.9365357900124,69.2321208926375,10509,13677,39837
"1369","KIRKLEES",2011,44.5357279327474,80.4455787005104,60.9148789488625,15702,28996,73977
"1370","LEEDS",2011,33.9345637583893,52.1734223643374,48.1565610146792,30992,53165,152324
"1371","WAKEFIELD",2011,50.9813817855541,83.6910244156747,59.919388779177,17832,23018,61778
"1372","EAST RIDING",2011,75.1264192348058,93.2949909059627,80.1102000465225,10481,40686,68784
"1373","KINGSTON UPON HULL",2011,73.0730094123633,79.6353670162059,72.9013038121333,7862,33568,54379
"1374","N E LINCOLNSHIRE",2011,67.9292065663475,76.2139158078244,61.313940106271,11696,19503,40839
"1375","N LINCOLNSHIRE",2011,55.961778147071,81.661681216043,63.9632627646326,7221,16381,32120
"1376","NORTH YORKSHIRE",2011,51.7087343381151,58.4289417333484,58.1473304073442,27535,44365,111871
"1377","YORK",2011,41.9658949119645,39.8225726959093,44.7794182654054,7213,12174,33933
"1378","BOLTON",2011,63.089158643784,68.1610349057656,57.1643103855148,11945,17934,46613
"1379","BURY",2011,50.2929190015283,63.2429237538583,50.3306242535466,7852,15227,34329
"1380","MANCHESTER",2011,68.9352546499448,98.564461574766,75.0931208714538,35323,25426,88863
"1381","OLDHAM",2011,53.3148042180986,72.8857890148213,51.3068057407887,12233,19499,50237
"1382","ROCHDALE",2011,66.152916288909,83.7613664290981,58.7215473522821,9927,16276,42395
"1383","SALFORD",2011,74.2105263157895,93.581003004391,75.1893704209611,9690,17308,40265
"1384","STOCKPORT",2011,98.9700870882242,100,74.9934111591709,13205,18782,64503
"1385","TAMESIDE",2011,59.7620385984636,73.9114583333333,61.2433915815812,10674,19200,49558
"1386","TRAFFORD",2011,70.3691848058045,74.747316461647,71.3792665905342,9372,12763,39405
"1387","WIGAN",2011,82.9109880749574,93.4816267547481,73.2340113316757,9392,19376,49066
"1388","KNOWSLEY",2011,76.1175129796125,100,84.9059473710896,7897,11968,39446
"1389","LIVERPOOL",2011,57.901642785913,81.2911684825024,68.1918338212627,19053,32033,96667
"1390","SEFTON",2011,97.8918700827113,100,87.2271840996289,9914,23188,63596
"1391","ST HELENS",2011,79.026448492333,69.7521301316809,63.744355500821,9717,12910,38976
"1392","WIRRAL",2011,73.1421493902439,85.9606824925816,75.0142305042092,10496,21568,66758
"1393","HALTON",2011,44.6540880503145,83.1090938563787,47.3325766174801,5724,6169,20263
"1394","WARRINGTON",2011,71.1070729661728,79.7994085122798,66.5054642865609,7154,15554,42183
"1395","LANCASHIRE",2011,93.1810816803397,89.4085964727004,80.9731589753141,58631,94690,225513
"1396","BLACKBURN",2011,79.8864418444597,72.5507121277514,69.3486882245272,5812,13902,26224
"1397","BLACKPOOL",2011,65.0486787204451,94.9866630189454,71.5990093028875,7190,14621,33108
"1398","CHESHIRE EAST",2011,44.1420118343195,80.6598077573299,65.1015588096363,12675,20703,74095
"1399","CHESHIRE WEST AND CHESTER",2011,43.4873177306703,78.8147678656314,65.4910020867,16322,18933,63737
"1400","WARWICKSHIRE",2011,74.7986865764991,69.3605549329052,67.8265601919211,25582,33013,90037
"1401","BIRMINGHAM",2011,50.7385936868055,62.3558604583272,54.997346217903,51923,82212,218556
"1402","COVENTRY",2011,64.1955620358136,83.0951237088638,63.3453193669985,21947,16652,57567
"1403","DUDLEY",2011,38.1388952555581,75.0416613254711,48.2969460794704,13089,23403,61331
"1404","SANDWELL",2011,69.1353036250289,72.2720962517353,60.1538623669512,17324,21610,66423
"1405","SOLIHULL",2011,75.8731249284324,85.6481481481482,70.3349559573482,8733,10368,34512
"1406","WALSALL",2011,61.7769193626267,100,74.0980372817832,10355,14054,50695
"1407","WOLVERHAMPTON",2011,79.4228491439647,68.8682889146389,61.5241838628671,9287,23301,54954
"1408","STAFFORDSHIRE",2011,73.8235834448731,78.6474682680497,65.653520949457,38103,43962,142987
"1409","STOKE ON TRENT",2011,73.7751317587351,61.2884399551066,60.7842775760034,10246,22275,54241
"1410","HEREFORDSHIRE",2011,93.4886429819453,97.9785969084423,82.7074875958503,8585,11774,35472
"1411","WORCESTERSHIRE",2011,56.6131859242281,82.9311788040907,65.6297703449913,22251,27477,88437
"1412","SHROPSHIRE",2011,74.9021362263729,91.8685455071904,79.9778597785978,8941,20722,54200
"1413","TELFORD AND WREKIN",2011,92.0189648360332,95.6741167988464,80.4114009142242,7593,6935,29752
"1414","LINCOLNSHIRE",2011,59.173402950335,81.7932159382178,65.4026502108285,31793,60082,139687
"1415","NORTHAMPTONSHIRE",2011,53.3618392514098,64.9584090257195,59.4148977833477,16137,52295,102136
"1416","DERBYSHIRE",2011,45.1449167182068,57.8249336870027,56.995179468457,46889,53157,147909
"1417","DERBY",2011,57.916778045086,59.4808386452653,61.3814324669152,11223,13021,39973
"1418","LEICESTERSHIRE",2011,78.8920760129079,76.7616711547178,70.9253096301289,27890,37507,94952
"1419","LEICESTER",2011,74.9392515794589,57.7338217338217,56.0900174988809,12346,20475,49146
"1420","RUTLAND",2011,56.1194029850746,100,62.7405823326205,1340,2312,6079
"1421","NOTTINGHAMSHIRE",2011,74.3218287027537,69.06736206745,62.3667920525364,24367,68258,143291
"1422","NOTTINGHAM",2011,50.1107462002597,68.3630004932072,53.9578340453614,13093,22303,57582
"1423","HERTFORDSHIRE",2011,96.8039030218549,99.4307578707122,86.4584290804492,40174,74485,184949
"1424","NORFOLK",2011,73.1005463368285,62.8668681185093,57.4543049613428,29469,86373,170861
"1425","OXFORDSHIRE",2011,47.8864296081277,100,65.8808311775015,22048,32525,119830
"1426","SUFFOLK",2011,68.71388101983,56.427489219533,63.7602278574586,35300,51482,137981
"1427","LUTON",2011,59.8324356672651,64.8577878103838,51.068118907209,8355,11075,33236
"1428","BUCKINGHAMSHIRE",2011,59.9610894941634,100,75.0336636863083,20560,22811,74264
"1429","MILTON KEYNES",2011,45.5773955773956,86.6823867131433,60.8246504586339,8954,9754,33687
"1430","BRACKNELL FOREST",2011,78.8049940546968,54.9847094801223,57.2529621534568,3364,4905,17386
"1431","WEST BERKSHIRE",2011,72.1628382988401,40.811798486035,59.9942950866434,8794,7662,28046
"1432","READING",2011,70.8339397467618,48.3946021405305,60.6989530767493,6871,8596,26554
"1433","SLOUGH",2011,61.4749483955714,100,62.8709420434176,5329,3733,20084
"1434","WINDSOR AND MAIDENHEAD",2011,64.3026004728132,98.1048486340143,59.0985277463194,4230,4063,22075
"1435","WOKINGHAM",2011,76.2308998302207,60.3633720930233,63.371010350353,4123,6880,23091
"1436","ESSEX",2011,99.3561581578549,99.7171585428736,90.649254314047,52808,131876,256140
"1437","SOUTHEND",2011,68.2662096543845,90.4570644160862,76.339564747997,7002,19669,35198
"1438","THURROCK",2011,81.7944899478779,87.0582999554962,66.3142923041439,5372,11235,26014
"1439","CAMBRIDGESHIRE",2011,90.5997761150062,100,79.428453523161,33946,25530,96930
"1440","PETERBOROUGH",2011,92.7754452005212,48.5125628140704,67.0910951893552,6907,9950,24425
"1441","BEDFORD",2011,81.5280221161096,92.4379641369317,72.0715792763929,3979,11042,25594
"1442","CENTRAL BEDFORDSHIRE",2011,58.1838565022422,99.9425727411945,72.5511385565419,9812,15672,38865
"1443","CAMDEN",2011,100,46.0408900937535,55.4006306751263,9808,17706,52642
"1444","GREENWICH",2011,68.4920634920635,100,71.4162157813223,15120,10838,49717
"1445","HACKNEY",2011,37.6494530653778,100,42.9332275110174,11793,9727,47879
"1446","HAMMERSMITH AND FULHAM",2011,81.8304051631409,100,67.9713500217045,11156,3189,41466
"1447","ISLINGTON",2011,69.1441441441441,100,65.9896002599935,10212,9769,43078
"1448","KENSINGTON AND CHELSEA",2011,57.6430881732527,60.9977728285078,47.2431044169186,7111,11225,37379
"1449","LAMBETH",2011,95.098814229249,100,75.4214072903961,11385,12373,50011
"1450","LEWISHAM",2011,69.5629450578167,100,69.3502271659094,15307,9742,51064
"1451","SOUTHWARK",2011,100,100,82.296858071506,9669,14842,50765
"1452","TOWER HAMLETS",2011,57.7894879070396,100,55.5562628641755,14802,8172,47127
"1453","WANDSWORTH",2011,86.0902255639098,100,85.211068471016,11438,11925,49510
"1454","WESTMINSTER",2011,98.5006693440428,76.7979619831472,76.7945941263103,14940,15309,57715
"1455","LONDON",2011,0.852272727272727,100,40.7050092764378,704,664,2695
"1456","BARKING AND DAGENHAM",2011,71.2987160549937,81.6056542225444,66.5039778818484,8801,11036,35446
"1457","BARNET",2011,100,96.903138499974,78.0024811787298,10920,19213,58843
"1458","BEXLEY",2011,100,100,82.9293330684151,5537,11130,30198
"1459","BRENT",2011,100,88.6401464713715,88.5952283011107,11204,12016,38896
"1460","BROMLEY",2011,62.6176280439624,100,66.9717060416472,13921,13616,53545
"1461","CROYDON",2011,72.3789303407138,44.1078561917443,48.5997912049671,9891,18024,54599
"1462","EALING",2011,79.0293783476708,99.9909763580581,74.3131269079808,12322,11082,57325
"1463","ENFIELD",2011,67.56698044895,78.0588082227426,64.0015022063656,13810,19215,53255
"1464","HARINGEY",2011,61.317201232736,69.9687838440466,64.8449343508312,8761,15697,38919
"1465","HARROW",2011,100,91.5914221218962,62.1496403614304,6324,8860,39067
"1466","HAVERING",2011,73.223066607063,100,68.8399291485696,11185,11612,41213
"1467","HILLINGDON",2011,54.471707561342,90.5543430816237,65.6598773887853,9985,11455,44531
"1468","HOUNSLOW",2011,76.8064460232196,53.026486527746,64.0693271191378,11542,13101,48062
"1469","KINGSTON UPON THAMES",2011,71.8525179856115,32.2985889849795,45.9881460709961,5560,10985,31382
"1470","MERTON",2011,53.2954421248224,100,60.4624738975556,9149,6718,32564
"1471","NEWHAM",2011,77.1941063420884,72.1269050129397,55.4748913345048,9366,10433,43252
"1472","REDBRIDGE",2011,64.5603098139227,100,70.3093023255814,10587,15808,43000
"1473","RICHMOND UPON THAMES",2011,100,92.8212491026561,70.5280783101494,6239,9751,38820
"1474","SUTTON",2011,67.9995350459142,67.5184501845018,60.8529929831654,8603,10840,34631
"1475","WALTHAM FOREST",2011,62.2857994337655,44.8614242142952,43.3143860847503,6711,15082,40991
"1476","ISLE OF WIGHT",2011,75.2382101073453,90.9333842336324,72.6077509145419,8291,15717,36357
"1477","SURREY",2011,78.4691387067369,84.9292807703882,69.5996817195204,34007,66460,198567
"1478","WEST SUSSEX",2011,84.2267346742373,94.6780996684661,76.7536464605915,20782,57611,149460
"1479","DORSET",2011,56.1740682270574,59.9818328623335,53.5864828601622,14569,39632,84219
"1480","BOURNEMOUTH",2011,63.5315365379272,91.7840854945205,64.2965370946858,7198,14691,36299
"1481","POOLE",2011,92.2348248784744,100,81.2871052006649,8023,11253,29477
"1482","HAMPSHIRE",2011,81.7287973167226,59.5713451042424,58.7475658966805,52175,70173,220307
"1483","PORTSMOUTH",2011,58.2333173307729,32.4384787472036,50.4443222939856,8332,14304,43662
"1484","SOUTHAMPTON",2011,77.1338506304559,53.9634366644989,54.4727118683957,8248,13839,42491
"1485","EAST SUSSEX",2011,81.399278439969,82.2610168565418,68.715106432976,21897,36603,123411
"1486","BRIGHTON AND HOVE",2011,68.3918412654364,72.8918918918919,69.1994717870017,14414,18500,56038
"1487","WILTSHIRE",2011,88.7777915786859,99.1853131100766,81.8884698275862,16102,26636,74240
"1488","SWINDON",2011,78.6318407960199,53.3084625957196,54.6155316302478,8040,10186,31394
"1489","KENT",2011,89.4189088920998,77.839647040925,67.1497530891618,51214,98595,270138
"1490","MEDWAY TOWNS",2011,99.0279214064116,64.8430236716012,68.5242947251681,9670,13983,43281
"1491","CORNWALL",2011,66.6916198793928,99.46123791898,72.9411169566977,24045,24315,79072
"1492","GLOUCESTERSHIRE",2011,82.1945456335532,94.2183505986816,77.5197308836848,20314,29732,92748
"1493","SOMERSET",2011,98.8736423367452,98.2333201737071,82.4810042624582,22373,30396,102523
"1494","ISLES OF SCILLY",2011,0,0,1.56918687589158,51,484,701
"1495","BATH AND NORTH EAST SOMERSET",2011,63.3417452516934,55.1331192375427,60.7166928780049,7529,9653,35608
"1496","BRISTOL",2011,57.5367722374729,47.2444986206454,52.8755912207047,24407,31174,94085
"1497","NORTH SOMERSET",2011,83.0889873849301,100,82.3539489463766,5866,14393,40859
"1498","SOUTH GLOUCESTERSHIRE",2011,65.7888813864506,60.6598178352044,56.0074110117154,8886,18884,53434
"1499","DEVON",2011,75.1947579177284,68.5623043206011,68.1673454767369,27470,79850,150754
"1500","PLYMOUTH",2011,79.8591685154818,85.4933797235914,73.7766952285677,10367,20694,45982
"1501","TORBAY",2011,96.1380323054332,100,79.1417135634536,6810,14238,33229
"1502","CUMBRIA",2012,72.0547616188303,51.5343084323157,64.0024126632215,24981,50935,122686
"1503","NORTHUMBERLAND",2012,75.6350741457125,93.9854023590281,72.6698697752573,15510,32471,76176
"1504","GATESHEAD",2012,45.2894356005789,82.3567513702043,60.9684042909822,13820,20070,47728
"1505","NEWCASTLE UPON TYNE",2012,66.9760154272629,80.0175075600828,71.3989311537252,16594,25132,63620
"1506","NORTH TYNESIDE",2012,58.8598827916889,82.3194028096162,66.5992089044246,9385,17013,43484
"1507","SOUTH TYNESIDE",2012,68.2051282051282,83.6553846153846,68.4362462080438,8580,16250,40876
"1508","SUNDERLAND",2012,69.2044417401886,92.9316594465565,65.6339691338789,13148,22622,60973
"1509","HARTLEPOOL",2012,80.191039345008,100,77.0370046747346,4397,10269,22889
"1510","MIDDLESBROUGH",2012,87.8787878787879,93.1309798746288,76.8992665365722,3564,15155,29722
"1511","REDCAR AND CLEVELAND",2012,88.5462555066079,90.1341410644742,82.6433521238017,8626,11555,27851
"1512","STOCKTON ON TEES",2012,76.0978129843293,90.6494894324388,77.4523942667098,5807,16844,33977
"1513","DURHAM",2012,65.1985971780442,88.3895962043895,76.3860860110541,24522,58594,121403
"1514","DARLINGTON",2012,62.6159102000976,100,76.4958219759596,4098,10898,22379
"1515","BARNSLEY",2012,73.4583952451709,100,79.1303723557002,10768,19595,41788
"1516","DONCASTER",2012,63.846215716239,66.0948905109489,58.8576018288256,12433,30140,64741
"1517","ROTHERHAM",2012,65.5855447191351,73.1441048034934,58.8094969455682,13227,27022,62041
"1518","SHEFFIELD",2012,43.5624702333704,89.5746994680069,63.3007291830014,31495,34023,102032
"1519","BRADFORD",2012,56.0821399621724,73.0291113515796,56.9170934493325,18505,37889,93334
"1520","CALDERDALE",2012,66.5039161835012,85.6810490693739,72.1571755744834,9831,14184,38861
"1521","KIRKLEES",2012,47.3560442354138,75.3529303917375,60.6911931593254,15734,32726,75782
"1522","LEEDS",2012,42.4039027090613,53.3739248091234,50.333214920071,28903,51735,140750
"1523","WAKEFIELD",2012,52.2752759251608,83.6366010795751,59.2988155002133,16943,22972,60954
"1524","EAST RIDING",2012,77.9275951237532,93.2166569029486,80.8478788495357,10828,40968,68807
"1525","KINGSTON UPON HULL",2012,61.8082546733296,78.2167172035013,69.1196734750833,10806,34958,57331
"1526","N E LINCOLNSHIRE",2012,68.9844464775846,85.7321801371906,68.963497348625,8744,16765,32436
"1527","N LINCOLNSHIRE",2012,55.9794256322332,81.7314884068811,60.0686765219416,6999,16044,34364
"1528","NORTH YORKSHIRE",2012,52.6814762987581,61.8358445678033,59.6437915997246,28585,40352,108925
"1529","YORK",2012,56.1889250814332,41.0787321063395,51.6464578075952,6754,11736,32494
"1530","BOLTON",2012,70.0828271673109,72.7149344886986,58.6260555636243,9055,19157,48197
"1531","BURY",2012,59.0224085965142,71.6551182227302,57.5519036567773,7631,13999,31886
"1532","MANCHESTER",2012,75.0468097364252,98.4034642638439,72.4556183534302,13886,22862,70243
"1533","OLDHAM",2012,73.9789473684211,91.6250297406614,68.7607529602267,9500,16812,39524
"1534","ROCHDALE",2012,71.5478484264611,84.6474015935307,64.8810892277825,9342,16818,39147
"1535","SALFORD",2012,76.9622351130579,94.1649423588531,77.2224879111536,8447,16915,37638
"1536","STOCKPORT",2012,98.9954589239026,100,76.6927313305824,14534,19309,62281
"1537","TAMESIDE",2012,62.6048190213353,99.9743839336032,75.3346358496841,9421,19519,48112
"1538","TRAFFORD",2012,72.8102806898884,76.1109309114499,73.2870420404193,8871,12332,37012
"1539","WIGAN",2012,76.6650865133918,92.1482763888182,70.4818905411242,8438,19639,48621
"1540","KNOWSLEY",2012,81.353048940068,100,83.825331402473,7642,10581,35908
"1541","LIVERPOOL",2012,63.6,80.1004417928482,66.6076132310777,19750,26483,85798
"1542","SEFTON",2012,97.4697043141057,100,86.5133498991045,10315,22206,59963
"1543","ST HELENS",2012,81.219148203421,72.1444183599126,66.8179457035842,8711,12353,36577
"1544","WIRRAL",2012,100,96.026146503424,84.2092537261878,8123,19276,57901
"1545","HALTON",2012,58.379784466741,87.9138127853881,59.1926535297494,5382,7008,20908
"1546","WARRINGTON",2012,68.7281527292283,87.4591472220111,66.0029220473183,7438,13157,42436
"1547","LANCASHIRE",2012,92.3974805940251,89.2352701631052,81.6520357908192,51917,93314,212792
"1548","BLACKBURN",2012,84.1666666666667,69.6379805335761,69.5092024539877,4800,14281,26080
"1549","BLACKPOOL",2012,71.3516009852217,91.1300585390685,73.0702461404923,6496,15716,32258
"1550","CHESHIRE EAST",2012,78.0619427498827,81.0921540015714,65.339775641856,4262,17818,77198
"1551","CHESHIRE WEST AND CHESTER",2012,47.8298271682177,79.2439662692643,62.31253651886,12787,17195,61612
"1552","WARWICKSHIRE",2012,69.0965092402464,58.478771339722,60.1291430453294,23376,31514,85022
"1553","BIRMINGHAM",2012,58.1458919087785,82.6435580238054,61.3667111045277,51216,64103,202530
"1554","COVENTRY",2012,66.1037181130908,85.5663756436087,66.5987303708654,22619,17868,59860
"1555","DUDLEY",2012,50.0615451451741,76.5257623554154,51.3472857121993,13811,23775,68471
"1556","SANDWELL",2012,66.8709586730391,84.3252763269768,62.4313107950724,17785,16466,60963
"1557","SOLIHULL",2012,79.0932555268769,90.6408629441624,73.3329355252558,8911,9456,33517
"1558","WALSALL",2012,70.4594659610296,85.8093741333087,60.0834088228759,8314,10817,58507
"1559","WOLVERHAMPTON",2012,87.7154111275234,69.2433643571182,61.4394263102161,8124,23208,53827
"1560","STAFFORDSHIRE",2012,72.4476420727622,81.9091907253116,68.4255985316743,34331,46449,148196
"1561","STOKE ON TRENT",2012,88.267518831317,67.5488768718802,67.8852409410697,8762,19232,52876
"1562","HEREFORDSHIRE",2012,100,100,99.5268924302789,8454,11312,36144
"1563","WORCESTERSHIRE",2012,72.533911599151,86.3979456851607,70.3266912218892,21674,25702,87422
"1564","SHROPSHIRE",2012,70.5015450439743,92.833726347271,74.5059812235009,8414,17387,52832
"1565","TELFORD AND WREKIN",2012,91.361712720936,97.6109741060419,80.4052410245717,8034,6488,28773
"1566","LINCOLNSHIRE",2012,62.2242843886073,85.0909939337377,67.8327839467728,28018,55718,131662
"1567","NORTHAMPTONSHIRE",2012,50.0486276204884,63.6394422310757,61.736083713765,18508,50200,106458
"1568","DERBYSHIRE",2012,50.7913827214772,57.0462872181227,59.2686002522068,45490,58137,152256
"1569","DERBY",2012,64.7546788062721,61.2831310378994,58.9767465270787,9885,12111,39736
"1570","LEICESTERSHIRE",2012,74.5935797041718,77.7096164699531,74.375893792156,21837,40753,88807
"1571","LEICESTER",2012,66.084908927211,59.924114238835,62.6554283653207,14439,19503,52677
"1572","RUTLAND",2012,54.0563620836892,100,67.6839543156712,1171,2103,5341
"1573","NOTTINGHAMSHIRE",2012,73.6621347989586,71.5025436046512,60.5287699337872,20742,66048,150122
"1574","NOTTINGHAM",2012,46.5825927861997,68.9381933438986,55.644732645902,15304,20823,56442
"1575","HERTFORDSHIRE",2012,100,100,81.4109824649719,35028,74031,190704
"1576","NORFOLK",2012,61.9678906374185,100,79.3723385567785,31455,80377,165089
"1577","OXFORDSHIRE",2012,68.042080654588,100,71.468612654449,17110,31255,120590
"1578","SUFFOLK",2012,68.2039881127924,43.4404852160728,56.1901316842083,44081,65950,143753
"1579","LUTON",2012,62.4721327718603,73.5108216816702,46.1514087296348,8074,10442,37871
"1580","BUCKINGHAMSHIRE",2012,56.5919718224327,100,74.1487631121333,16467,20810,71308
"1581","MILTON KEYNES",2012,50.277901289462,86.7116663308483,62.4327876687776,8996,9926,33476
"1582","BRACKNELL FOREST",2012,78.2458929517753,47.0220588235294,58.6510263929619,3774,5440,16709
"1583","WEST BERKSHIRE",2012,69.7275922671353,39.3244265187799,60.0041655095807,9104,7934,28808
"1584","READING",2012,67.8459789712987,64.4706829464645,66.4562633937269,7038,7453,25665
"1585","SLOUGH",2012,55.2456594015515,100,65.6663863779693,5414,4210,19028
"1586","WINDSOR AND MAIDENHEAD",2012,100,98.1235926945209,63.998889711325,2984,3997,21616
"1587","WOKINGHAM",2012,72.2154222766218,64.214142570856,62.1573453280149,4085,6986,23566
"1588","ESSEX",2012,99.4609626483305,99.7434439840232,91.2882466023769,52501,133694,254369
"1589","SOUTHEND",2012,100,86.6459197786999,79.0307386343812,6466,14460,28661
"1590","THURROCK",2012,82.4738270647538,83.0845771144279,68.33823473246,5158,11457,26183
"1591","CAMBRIDGESHIRE",2012,94.5659398044118,100,79.0079735124318,31597,24559,95441
"1592","PETERBOROUGH",2012,93.9218345456787,61.253592748176,64.5266106442577,8111,9046,26775
"1593","BEDFORD",2012,79.820742637644,89.5251661918329,68.7209302325581,3905,10530,25800
"1594","CENTRAL BEDFORDSHIRE",2012,62.3639507679788,100,74.3027639759307,9831,15323,40051
"1595","CAMDEN",2012,100,48.6417984461954,50.7853403141361,7631,18149,54626
"1596","GREENWICH",2012,77.3567772824831,100,74.9983666180282,12114,10628,45917
"1597","HACKNEY",2012,44.8476936466493,100,46.4883439747152,11490,10391,47143
"1598","HAMMERSMITH AND FULHAM",2012,81.6244862643305,100,66.7628096369189,9246,3022,35364
"1599","ISLINGTON",2012,68.2157569515963,100,67.782365084046,7768,10720,40692
"1600","KENSINGTON AND CHELSEA",2012,68.9996122528112,61.5077893175074,51.0480154600862,5158,10784,33635
"1601","LAMBETH",2012,100,100,82.9832572298326,10232,12387,45990
"1602","LEWISHAM",2012,71.9268793135609,100,69.461203204994,16083,9492,52543
"1603","SOUTHWARK",2012,100,100,80.7725654832527,7803,12143,43828
"1604","TOWER HAMLETS",2012,59.7145615002758,100,61.3222709699839,14504,8608,46042
"1605","WANDSWORTH",2012,86.1059732346861,100,78.6805105814026,9191,10333,47867
"1606","WESTMINSTER",2012,99.2147080561715,78.3462835361384,80.2834193440985,10824,13642,48056
"1607","LONDON",2012,1.33495145631068,100,23.1955150665732,824,620,4281
"1608","BARKING AND DAGENHAM",2012,73.0388504523683,81.2794675048535,67.8808930055813,9395,10817,33684
"1609","BARNET",2012,100,100,82.4164215248094,8790,22474,61529
"1610","BEXLEY",2012,100,100,84.652278177458,4703,11930,30858
"1611","BRENT",2012,100,91.7206740116656,84.4773097624809,10493,12344,40502
"1612","BROMLEY",2012,81.5328593722906,99.2596319723979,68.5076837622663,11534,13912,54010
"1613","CROYDON",2012,93.5005973715651,86.9014335851526,69.1094327017648,8370,16811,53887
"1614","EALING",2012,78.0741285753702,100,72.2040816326531,10873,14086,53900
"1615","ENFIELD",2012,54.1489684466019,76.9177230922197,64.5869043537881,13184,20115,55423
"1616","HARINGEY",2012,71.1968022572302,69.0207403517984,61.7818333073364,8506,15236,38466
"1617","HARROW",2012,100,92.305053738852,61.7027290949273,5983,8746,38914
"1618","HAVERING",2012,71.6729168572213,100,66.0134418111072,10933,11586,42405
"1619","HILLINGDON",2012,62.3376623376623,92.3620716151837,70.1296860605202,9394,13014,42333
"1620","HOUNSLOW",2012,72.7520827348463,45.8665287118469,61.6626364289916,6962,9665,30602
"1621","KINGSTON UPON THAMES",2012,60.2211854155867,29.1815256153779,42.5259690904484,5787,11497,31576
"1622","MERTON",2012,71.2706463779425,100,67.8173687658435,7689,8139,35109
"1623","NEWHAM",2012,80.864,100,60.8534629175316,9375,7753,42392
"1624","REDBRIDGE",2012,67.8661793646331,100,74.2303389912942,10671,14787,41122
"1625","RICHMOND UPON THAMES",2012,100,94.268430226597,70.3459550680308,5019,9753,37924
"1626","SUTTON",2012,71.3933560277028,80.0960233796055,66.1995942176008,8519,9581,31544
"1627","WALTHAM FOREST",2012,70.8639017817039,46.0692378199253,44.2457048717345,6679,14183,38241
"1628","ISLE OF WIGHT",2012,78.134110787172,90.1915945611866,73.2541710506538,5145,16180,33265
"1629","SURREY",2012,81.7693612210288,85.9675421019625,70.8944394855863,35380,65377,200539
"1630","WEST SUSSEX",2012,85.4238348451673,96.3377486500208,75.9469870354852,19182,43334,142003
"1631","DORSET",2012,67.5564797122626,63.4930204516997,58.2855861411672,17794,43126,89185
"1632","BOURNEMOUTH",2012,69.6736237568287,92,68.198006681207,7139,15825,36221
"1633","POOLE",2012,92.7827191867853,100,84.0504082357117,7870,11022,28170
"1634","HAMPSHIRE",2012,83.8911059306966,59.6316416349534,57.497175165702,50618,68846,230987
"1635","PORTSMOUTH",2012,78.8382399493511,41.0438799076212,50.1191856719495,6318,10825,31044
"1636","SOUTHAMPTON",2012,73.8202124165116,54.0934579439252,54.4185400412104,9133,13375,43193
"1637","EAST SUSSEX",2012,81.4887980963498,89.2660924641923,73.608024551378,22273,41681,132294
"1638","BRIGHTON AND HOVE",2012,66.5023589888036,70.5872712373668,66.3712771788781,14201,18305,54730
"1639","WILTSHIRE",2012,92.8375252963284,99.0937382442461,82.5265408617389,13836,29241,80442
"1640","SWINDON",2012,84.6392954280534,73.7847737847738,71.2334026555751,7721,10101,31255
"1641","KENT",2012,88.7877543078287,77.8215889920937,71.450751459446,46253,98402,241530
"1642","MEDWAY TOWNS",2012,99.0540404548657,69.4209591474245,70.8804495520601,9937,14075,43421
"1643","CORNWALL",2012,72.5061224489796,99.5043886198547,75.6509403168705,24500,26432,79654
"1644","GLOUCESTERSHIRE",2012,82.047788723538,91.3267326732673,80.6340541675415,19084,30300,95260
"1645","SOMERSET",2012,96.9544662851456,97.4586189600401,82.1056885925028,20095,29905,98970
"1646","ISLES OF SCILLY",2012,0,3.60750360750361,4.87264673311185,34,693,903
"1647","BATH AND NORTH EAST SOMERSET",2012,82.8234099276374,74.2554059567523,70.747699597774,7877,9804,36298
"1648","BRISTOL",2012,61.2909786057106,47.5658580896948,54.7081020600689,24586,29723,91162
"1649","NORTH SOMERSET",2012,86.9317063570163,100,84.119972666927,5081,14687,40976
"1650","SOUTH GLOUCESTERSHIRE",2012,67.8603807796918,68.3656451949135,62.1384504446759,8824,19188,49924
"1651","DEVON",2012,89.8586837793555,66.221924237345,70.1836415810643,29296,89490,168317
"1652","PLYMOUTH",2012,77.059364933272,88.2235318880236,66.3677335224543,4346,19004,43711
"1653","TORBAY",2012,90.8072696534235,100,71.6459676151548,4732,14088,31805
"1654","CUMBRIA",2013,67.3466747175019,52.6262394242181,63.3340164774358,23186,52242,121985
"1655","NORTHUMBERLAND",2013,68.7219451371571,94.2530225924605,69.7855436562257,16040,30851,74514
"1656","GATESHEAD",2013,42.6309284721149,82.7406964441787,62.6588040554521,12946,21739,48330
"1657","NEWCASTLE UPON TYNE",2013,66.1532462468317,79.660875026167,70.4869878046768,15387,23885,60597
"1658","NORTH TYNESIDE",2013,67.6011311939014,91.4016260162602,69.7376758332277,8133,15375,39455
"1659","SOUTH TYNESIDE",2013,73.2701178882624,80,67.8338501015717,7804,15085,37412
"1660","SUNDERLAND",2013,70.0650580581405,93.1878934207123,65.2207050887037,12143,23194,61666
"1661","HARTLEPOOL",2013,75.7037037037037,100,76.2800291191458,3375,11024,24726
"1662","MIDDLESBROUGH",2013,91.4949688548155,94.8999230177059,81.0807213682039,4174,15588,30054
"1663","REDCAR AND CLEVELAND",2013,88.3328873427883,98.4085862324204,84.037392784863,7474,13510,31129
"1664","STOCKTON ON TEES",2013,76.3814913448735,91.7092132745417,77.8663694558756,6008,17236,34992
"1665","DURHAM",2013,62.7186647408121,89.7683866935204,77.1889400921659,24924,57596,121086
"1666","DARLINGTON",2013,63.3367399080225,100,78.7038695807954,3914,11102,22328
"1667","BARNSLEY",2013,72.5406785068595,100,77.3916706154899,9403,17240,37986
"1668","DONCASTER",2013,83.120037365717,65.8940969223861,59.0008421654776,10705,28951,62933
"1669","ROTHERHAM",2013,60.6880733944954,73.4439998415277,65.0588768115942,10900,25241,52992
"1670","SHEFFIELD",2013,48.9945720955086,92.6795874281194,64.9544243306227,35557,32867,101699
"1671","BRADFORD",2013,56.9670690261338,73.6506827222879,58.4075957635422,17066,37204,85732
"1672","CALDERDALE",2013,66.7692645927229,85.860090888773,71.2281447627146,9097,13423,37634
"1673","KIRKLEES",2013,61.4225831805082,82.6145953996359,65.6976103953309,15268,30215,72648
"1674","LEEDS",2013,51.2281114114467,54.4895909243102,50.9486730803029,25527,50773,130867
"1675","WAKEFIELD",2013,52.2504892367906,83.0384880911288,59.4481026516188,16352,23176,62113
"1676","EAST RIDING",2013,83.3423423423423,93.7653088995736,82.7591235070324,11100,44092,75437
"1677","KINGSTON UPON HULL",2013,65.8354523829054,77.0242349787804,68.8527659574468,12191,35816,58750
"1678","N E LINCOLNSHIRE",2013,100,100,70.7944435773373,5644,15068,32035
"1679","N LINCOLNSHIRE",2013,60.5398069963812,80.8670087046752,62.9070623548734,6632,17347,35314
"1680","NORTH YORKSHIRE",2013,53.0466483148575,62.4604400334203,59.562435736319,26882,39497,105036
"1681","YORK",2013,77.3249599144842,44.1802475732478,57.4811890958431,7484,11229,32428
"1682","BOLTON",2013,53.1378782526787,73.2819690780289,56.6872728791613,8493,19339,47882
"1683","BURY",2013,55.3495007132668,73.1789237981947,56.1155186921505,7711,14291,33276
"1684","MANCHESTER",2013,76.8079470198676,99.0220362145541,73.6189570077897,15100,23416,67268
"1685","OLDHAM",2013,100,93.1102904701538,70.1154956689124,4922,18143,37404
"1686","ROCHDALE",2013,76.5132596028065,84.6234929837275,63.9693986673613,8409,15179,36469
"1687","SALFORD",2013,80.4510292382326,93.6966436674073,79.5733750279205,7627,17102,35816
"1688","STOCKPORT",2013,99.0297190934998,100,77.270092575725,14738,19229,60383
"1689","TAMESIDE",2013,62.6070083323822,100,75.4668513223731,8761,18153,44768
"1690","TRAFFORD",2013,70.8320571720265,81.5804716590815,73.9259775413395,9795,12085,37313
"1691","WIGAN",2013,70.8828949572793,92.3851021890238,69.5916594265856,11938,19278,51795
"1692","KNOWSLEY",2013,79.1381112788942,100,81.2635715024299,8609,11951,38684
"1693","LIVERPOOL",2013,100,100,71.1753965536917,13434,28535,87630
"1694","SEFTON",2013,97.2117202268431,99.6862334945745,85.9147153388977,8464,22947,61582
"1695","ST HELENS",2013,100,74.1025025985448,72.2455648926237,9729,12507,38556
"1696","WIRRAL",2013,100,97.5192023281332,85.7082495309886,9151,20961,59167
"1697","HALTON",2013,62.019795336353,89.7744536636672,66.0918211660271,5961,8557,21629
"1698","WARRINGTON",2013,67.8916309012876,87.4516777485697,69.3481375358166,7456,12934,41880
"1699","LANCASHIRE",2013,97.6232879616673,89.3993977552696,84.327437672926,47166,91325,203483
"1700","BLACKBURN",2013,82.2645502645503,65.4400126622349,64.6223007144577,4725,12636,24914
"1701","BLACKPOOL",2013,73.7333118867621,89.7448947134042,71.9551232246636,6217,15719,32177
"1702","CHESHIRE EAST",2013,57.7847439916405,80.6102648685359,62.0061953127892,6699,20614,81029
"1703","CHESHIRE WEST AND CHESTER",2013,46.4590723952174,80.737506065017,67.1147480691431,7611,16488,54380
"1704","WARWICKSHIRE",2013,74.8544819557625,74.998506124888,67.2550875532418,22334,33470,84520
"1705","BIRMINGHAM",2013,63.3199876809363,83.3140411799782,61.472002647872,48705,57018,205448
"1706","COVENTRY",2013,66.7898724819811,85.5835818632159,68.2094904511717,21644,19783,59955
"1707","DUDLEY",2013,54.1508718726308,73.6267647407759,58.4732848916478,15828,25287,62343
"1708","SANDWELL",2013,66.1917623227549,94.3337760070828,69.3189789258593,14810,18072,65578
"1709","SOLIHULL",2013,81.0576923076923,93.3029656910254,74.9459096760058,9360,10318,36513
"1710","WALSALL",2013,61.3301400147384,96.7122816077115,68.3412481770931,10856,11619,53486
"1711","WOLVERHAMPTON",2013,89.3433561795269,70.5765235457064,62.3976061342809,9046,23104,53470
"1712","STAFFORDSHIRE",2013,95.6715210355987,85.8817013735047,87.1378288494636,39552,45140,154554
"1713","STOKE ON TRENT",2013,85.1716653512234,77.1141901576684,70.856069415869,10136,20930,55895
"1714","HEREFORDSHIRE",2013,100,100,99.4528249792927,9122,12130,39841
"1715","WORCESTERSHIRE",2013,75.0202101859337,87.6718081857056,70.9553954250567,21029,26192,89094
"1716","SHROPSHIRE",2013,80.097244732577,83.7248146988203,75.560454341653,9255,19158,53528
"1717","TELFORD AND WREKIN",2013,92.3486682808717,98.505713448579,82.9545051593915,8260,6826,28201
"1718","LINCOLNSHIRE",2013,64.0576011666059,100,76.1100639015119,27430,53003,127853
"1719","NORTHAMPTONSHIRE",2013,100,99.8978642275131,99.0719896188669,19476,44059,101723
"1720","DERBYSHIRE",2013,59.4260101685844,60.7028907665421,63.7984948970826,44844,62371,145505
"1721","DERBY",2013,71.3430453003393,62.1700087772601,63.2876184770748,10022,14811,46739
"1722","LEICESTERSHIRE",2013,75.8166666666667,87.2993652096256,80.7242429097901,24000,41431,93615
"1723","LEICESTER",2013,69.5722449922069,63.4476402968424,62.9314395171492,17323,20617,55338
"1724","RUTLAND",2013,53.2695374800638,100,62.4367254320126,1254,2031,5729
"1725","NOTTINGHAMSHIRE",2013,74.5924253824931,86.9493490280007,71.4439785831435,23922,67284,156699
"1726","NOTTINGHAM",2013,51.89725627554,73.7381272067234,58.5600654839226,17130,20109,56197
"1727","HERTFORDSHIRE",2013,100,99.8932180087828,84.870271466043,36031,74919,189858
"1728","NORFOLK",2013,67.590666291819,99.7378811142794,79.8858857566925,35570,91180,185954
"1729","OXFORDSHIRE",2013,100,100,78.0093696063121,13660,30723,121670
"1730","SUFFOLK",2013,71.5271051627484,70.2149745512992,69.4106229704005,34071,59728,133955
"1731","LUTON",2013,61.8550724637681,100,60.6246879680479,8625,8473,32048
"1732","BUCKINGHAMSHIRE",2013,61.4174685418209,100,73.2742732946096,16212,21511,78677
"1733","MILTON KEYNES",2013,48.7114490916772,100,64.2186545191934,9468,10254,36002
"1734","BRACKNELL FOREST",2013,83.5386072951208,55.9256232120964,64.5429362880887,4222,4894,16967
"1735","WEST BERKSHIRE",2013,67.766323024055,55.2942566769085,61.1199881089517,7275,8462,26911
"1736","READING",2013,69.9644633972992,67.640031855588,65.7564258049372,7035,7534,25561
"1737","SLOUGH",2013,65.6822306550074,100,73.5246976540871,6061,4503,20589
"1738","WINDSOR AND MAIDENHEAD",2013,100,96.4011516314779,63.8583464229616,2997,4168,21009
"1739","WOKINGHAM",2013,100,100,93.2472814808666,5894,7147,24094
"1740","ESSEX",2013,99.7099713713676,99.3580804923787,92.0419941060904,53443,124782,244320
"1741","SOUTHEND",2013,100,87.9606429138911,80.3929273084479,6318,16363,30540
"1742","THURROCK",2013,77.0166573086281,87.5860607986442,63.4402105899107,5343,9441,23173
"1743","CAMBRIDGESHIRE",2013,92.0250896057348,100,78.3496526906017,31248,23082,95592
"1744","PETERBOROUGH",2013,100,70.2304035109106,65.5739555890102,7582,8203,26570
"1745","BEDFORD",2013,84.9872773536896,89.9173998922607,75.7170248462092,4716,11138,25034
"1746","CENTRAL BEDFORDSHIRE",2013,70.8572023747526,99.9654122855562,74.8215573627795,9601,14456,40209
"1747","CAMDEN",2013,100,41.9475057232604,53.875363372093,8522,18783,55040
"1748","GREENWICH",2013,78.3809829746226,100,74.0663376563755,12452,10179,43565
"1749","HACKNEY",2013,41.3077237433592,100,45.3483446661465,12235,8702,44855
"1750","HAMMERSMITH AND FULHAM",2013,79.4290261613449,100,64.1132389675271,10053,2836,36030
"1751","ISLINGTON",2013,63.0484988452656,100,65.9186809434376,7794,10570,40999
"1752","KENSINGTON AND CHELSEA",2013,78.6177105831533,63.6416910841356,56.186290667155,5093,11945,32766
"1753","LAMBETH",2013,100,100,83.1433576775192,9634,11521,43953
"1754","LEWISHAM",2013,86.54098740632,100,73.1419523872354,12943,9962,53053
"1755","SOUTHWARK",2013,100,100,81.2859905229383,7000,10295,47061
"1756","TOWER HAMLETS",2013,58.7836516524347,100,60.4795561133496,15341,7940,45417
"1757","WANDSWORTH",2013,97.7048800278196,100,81.6526494593363,8627,10144,48274
"1758","WESTMINSTER",2013,100,71.1945392491468,76.8636354583657,11417,13185,50211
"1759","LONDON",2013,0,100,76.3434903047091,3,485,1805
"1760","BARKING AND DAGENHAM",2013,68.2757097094886,79.2359695246271,65.7847737248373,9053,9319,33035
"1761","BARNET",2013,100,100,83.5002351138125,8599,19271,57419
"1762","BEXLEY",2013,100,100,84.7099662600571,5872,10768,30824
"1763","BRENT",2013,100,100,73.9452330170871,8473,9846,40791
"1764","BROMLEY",2013,85.1517107811491,98.9190074522971,70.7452504660294,10843,12211,50426
"1765","CROYDON",2013,100,100,75.8750165097455,9721,18823,52999
"1766","EALING",2013,79.245775997213,100,74.2853161331422,11482,14708,50232
"1767","ENFIELD",2013,51.9148936170213,74.5857688034394,64.7069091924728,12220,20701,57286
"1768","HARINGEY",2013,86.2737642585551,83.998861128906,77.0646932934533,7890,14049,38783
"1769","HARROW",2013,100,89.6699478865084,61.5062871573631,5063,8635,38014
"1770","HAVERING",2013,80.288739172281,100,72.5387715227745,10390,12230,40945
"1771","HILLINGDON",2013,68.6409461031407,91.8015845676886,67.5671781571933,10316,11612,41643
"1772","HOUNSLOW",2013,71.7021785970793,49.0879278540685,61.0433357611071,8354,9758,32952
"1773","KINGSTON UPON THAMES",2013,68.9162011173184,27.1573604060914,43.0726332056709,4475,11032,29766
"1774","MERTON",2013,76.1484636446608,100,72.6386006522384,6574,8573,33730
"1775","NEWHAM",2013,81.918222030424,100,64.8113640660023,9269,7691,37029
"1776","REDBRIDGE",2013,68.1191839656407,100,72.9228468755276,11176,14481,41463
"1777","RICHMOND UPON THAMES",2013,100,94.7172764625318,70.430331063874,5240,10222,38482
"1778","SUTTON",2013,79.8703823720026,100,71.0186152018147,7715,7505,27773
"1779","WALTHAM FOREST",2013,76.9880174291939,60.5859750240154,51.1308938460742,7344,10410,38642
"1780","ISLE OF WIGHT",2013,85.1296958855098,87.0357142857143,73.2427184466019,4472,16800,33475
"1781","SURREY",2013,81.7509433962264,84.3367699660344,72.4412970906334,39750,66538,212383
"1782","WEST SUSSEX",2013,92.339556943027,97.2254383063182,79.3342261797034,16657,48368,165762
"1783","DORSET",2013,66.3641592637566,63.3510723340109,57.285206682704,15647,43783,90622
"1784","BOURNEMOUTH",2013,73.5562757807896,90.6812751325835,70.8067593349687,6788,17159,36690
"1785","POOLE",2013,93.3521198924042,100,84.4566664331255,7807,11644,28546
"1786","HAMPSHIRE",2013,87.7161090698124,64.9070824463495,63.2729863454377,51710,69524,228788
"1787","PORTSMOUTH",2013,100,41.3337032926378,52.1472392638037,4254,10812,30970
"1788","SOUTHAMPTON",2013,69.3168433451119,54.4578313253012,53.7763675366464,10188,12865,44752
"1789","EAST SUSSEX",2013,75.8250923388538,89.2854716340165,78.2595144925027,16786,44155,115508
"1790","BRIGHTON AND HOVE",2013,61.4601297528127,70.3149909295806,65.4536605454784,12177,18191,53421
"1791","WILTSHIRE",2013,100,100,83.5368006860717,9610,27587,79292
"1792","SWINDON",2013,99.4323688218192,100,89.6375294860294,7223,9762,30099
"1793","KENT",2013,86.4471601899068,81.7579365914207,72.1440991755825,45496,95066,244415
"1794","MEDWAY TOWNS",2013,98.9742420788694,71.835216707195,68.7714413563367,8774,13982,40226
"1795","CORNWALL",2013,76.0686743204104,100,76.8754523690218,28657,28668,89805
"1796","GLOUCESTERSHIRE",2013,63.6229089115128,94.1678200135183,76.0905023555033,22297,31069,109743
"1797","SOMERSET",2013,97.998378433161,97.3344382294041,83.742678039256,19734,28962,97310
"1798","ISLES OF SCILLY",2013,0,0.782268578878748,5.66037735849057,44,767,1007
"1799","BATH AND NORTH EAST SOMERSET",2013,97.3385012919897,80.7111417968413,85.7115994197604,7740,11587,37226
"1800","BRISTOL",2013,72.9380888869767,45.7970550576184,59.0219499967304,23243,31240,91754
"1801","NORTH SOMERSET",2013,89.4024192092435,100,82.9474589635152,5539,15197,41853
"1802","SOUTH GLOUCESTERSHIRE",2013,69.8681518526938,72.5572910728537,64.6507257387341,8798,17542,50018
"1803","DEVON",2013,94.0299930101036,66.552054562877,69.919130395109,31474,88705,175344
"1804","PLYMOUTH",2013,80.8574277168495,90.4969531414163,64.4223768303535,7021,19036,49444
"1805","TORBAY",2013,87.5944430904216,100,71.8914418914419,4103,13802,30030
"1806","CUMBRIA",2014,75.5176722599072,51.7151884450463,62.7553467753941,22408,53172,120914
"1807","NORTHUMBERLAND",2014,70.4346118601911,95.18583355777,71.7880831614737,15278,29704,71764
"1808","GATESHEAD",2014,45.5950920245399,80.3636704470897,61.5585914157961,12225,21338,48531
"1809","NEWCASTLE UPON TYNE",2014,70.8632576845734,84.0745809100239,70.6957585119392,13924,23384,62148
"1810","NORTH TYNESIDE",2014,70.9487619514587,93.1900920836605,73.5430818734358,8158,14009,36361
"1811","SOUTH TYNESIDE",2014,69.9577965348734,80.2522339818746,69.8650863699407,9004,15779,39655
"1812","SUNDERLAND",2014,77.2004785506751,94.2321302193914,71.2607612500394,11702,25434,63422
"1813","HARTLEPOOL",2014,78.6279069767442,100,75.8057858992158,4300,10978,26651
"1814","MIDDLESBROUGH",2014,93.9385987929677,95.1042384023039,83.4582265167948,3811,15973,30426
"1815","REDCAR AND CLEVELAND",2014,88.5785317344253,100,86.7633525969007,6838,12024,27167
"1816","STOCKTON ON TEES",2014,79.1537330501552,91.6468725257324,80.01078503718,6121,17682,35234
"1817","DURHAM",2014,63.2996913837685,90.4661364008664,76.7537969693557,23978,54941,115421
"1818","DARLINGTON",2014,63.3136094674556,100,76.8374558303887,3718,11405,22640
"1819","BARNSLEY",2014,77.3196997715653,100,78.6280452267164,9193,15424,34316
"1820","DONCASTER",2014,84.9761222540592,70.0221511198622,63.1671055429254,10470,28441,61141
"1821","ROTHERHAM",2014,66.3130881094953,75.083107846927,66.6912266829601,11690,25870,55646
"1822","SHEFFIELD",2014,50.2127413239168,94.9002709786327,68.635349025974,34549,22511,98560
"1823","BRADFORD",2014,61.4045727454667,72.4880447410369,59.071032359319,16489,37013,83469
"1824","CALDERDALE",2014,67.230969574997,88.005644402634,71.0737825736296,8447,12756,35957
"1825","KIRKLEES",2014,65.6012282783167,80.7147218562201,65.2102631363227,14329,31117,73194
"1826","LEEDS",2014,54.6635450494676,57.320797320057,52.327398375773,26482,54031,136311
"1827","WAKEFIELD",2014,54.3047607068738,82.2938167459392,58.050406504065,15901,22286,61500
"1828","EAST RIDING",2014,84.9037823490378,93.1422698713008,80.713380125214,12056,42813,76509
"1829","KINGSTON UPON HULL",2014,60.5295415543025,74.6157952406372,66.2636992075535,12237,35593,59310
"1830","N E LINCOLNSHIRE",2014,100,100,98.047632234838,5666,15237,28888
"1831","N LINCOLNSHIRE",2014,58.3802376485303,85.8247263281588,65.5901189387008,6396,16169,32790
"1832","NORTH YORKSHIRE",2014,55.1542207792208,65.8790148149871,61.6262950532614,27104,42997,109648
"1833","YORK",2014,79.4989844278944,42.0933393747168,55.617219139043,7385,11035,33335
"1834","BOLTON",2014,59.911466206003,73.6473713789404,55.4495777446597,9262,19573,50325
"1835","BURY",2014,53.4123810836895,76.1287190512518,55.6315617285786,7253,14419,33623
"1836","MANCHESTER",2014,57.1344743276284,100,68.6436357122187,20450,23064,72569
"1837","OLDHAM",2014,100,96.1581639017089,74.381493281618,4892,16034,36095
"1838","ROCHDALE",2014,77.5848863926474,85.1572718779197,72.2382210610694,7834,16055,33683
"1839","SALFORD",2014,85.0981476361626,92.5113014513443,77.709417889257,7234,16812,35921
"1840","STOCKPORT",2014,75.6653992395437,100,69.9442831358393,14991,19460,63715
"1841","TAMESIDE",2014,66.2533758900074,100,75.2305169493804,8146,16043,37199
"1842","TRAFFORD",2014,68.7261955141769,75.6924816280385,69.2646304248022,9452,12383,37029
"1843","WIGAN",2014,70.9906508450198,91.8501738489095,69.137026239067,11124,18982,51450
"1844","KNOWSLEY",2014,87.7311567402117,100,83.2194560067017,7841,12763,38199
"1845","LIVERPOOL",2014,100,100,71.1547686781128,13892,25319,89637
"1846","SEFTON",2014,97.7216748768473,99.6250773036487,87.5173326108092,8120,25872,62743
"1847","ST HELENS",2014,100,75.9325413308964,73.7418291970027,9686,12037,37634
"1848","WIRRAL",2014,85.0799623706491,98.9805606916196,84.9769061078175,10630,20011,58024
"1849","HALTON",2014,72.1025641025641,91.2439261418853,69.9131819388103,5850,10290,26377
"1850","WARRINGTON",2014,75.008629616845,86.5514403292181,70.107757047992,5794,12150,41111
"1851","LANCASHIRE",2014,97.9873644352067,88.3745402986397,83.9447404930803,48593,90276,203983
"1852","BLACKBURN",2014,77.4354460093897,72.1419068736142,65.6405915894512,3408,11275,22448
"1853","BLACKPOOL",2014,74.3694187686041,88.485824742268,71.4044771542472,6383,15520,32610
"1854","CHESHIRE EAST",2014,65.6416692814559,80.4151769037836,64.9697800486012,9561,18739,80245
"1855","CHESHIRE WEST AND CHESTER",2014,49.1698861856531,81.7796089041938,69.4925159295706,9577,16262,53046
"1856","WARWICKSHIRE",2014,79.0834407216495,100,78.6708253358925,24832,35191,91696
"1857","BIRMINGHAM",2014,66.560329086826,87.1774166968788,65.0759605025155,47647,60682,202342
"1858","COVENTRY",2014,65.7222645341457,85.7181280258203,68.860711647166,19695,18590,58203
"1859","DUDLEY",2014,50.7409753008233,73.9487014553349,63.7550637202914,15790,24874,57517
"1860","SANDWELL",2014,63.7822634017207,94.6534037923531,69.6483781376094,12088,16085,57249
"1861","SOLIHULL",2014,72.0421052631579,97.739209865266,76.3422237616903,9500,8758,34644
"1862","WALSALL",2014,55.6419893365965,86.1921097770154,65.1722713970232,11441,12826,55697
"1863","WOLVERHAMPTON",2014,86.3019223013846,71.4272776670893,65.0738837134597,7439,22084,49808
"1864","STAFFORDSHIRE",2014,86.2613564335517,82.9240318445554,85.078992358236,37864,44466,145647
"1865","STOKE ON TRENT",2014,78.2800085892205,81.3963434192238,72.8359803957696,9314,18706,54274
"1866","HEREFORDSHIRE",2014,100,100,96.691054630739,8240,12354,39227
"1867","WORCESTERSHIRE",2014,77.6513262298798,88.3847871548577,73.9460851783397,22055,28213,101716
"1868","SHROPSHIRE",2014,83.7122821929452,99.887139551944,82.1954875508575,9412,17721,51369
"1869","TELFORD AND WREKIN",2014,88.7962369039983,97.1949141434002,82.3875479056008,9354,7629,29746
"1870","LINCOLNSHIRE",2014,66.1079401777328,100,78.2279954995712,27682,52339,127099
"1871","NORTHAMPTONSHIRE",2014,100,100,99.3116148128152,19604,44641,103721
"1872","DERBYSHIRE",2014,64.5806832636744,59.8373490125903,64.5925046240368,44024,62588,146517
"1873","DERBY",2014,68.1058621624063,54.9400417101147,59.3888991845812,11071,15344,43168
"1874","LEICESTERSHIRE",2014,77.7790149575029,97.8582378934079,85.1612774887857,26943,44356,100541
"1875","LEICESTER",2014,88.3833694418653,56.5721803612008,59.995764506565,9693,25083,56664
"1876","RUTLAND",2014,53.8745387453875,100,63.8566050090031,1355,2267,6109
"1877","NOTTINGHAMSHIRE",2014,70.717625533645,87.0326967592593,75.0261345565362,24595,69120,157837
"1878","NOTTINGHAM",2014,53.6442778166105,76.6334983579236,61.0546616903873,15737,20401,55999
"1879","HERTFORDSHIRE",2014,100,99.5802057269947,86.1776627124759,37317,71940,188492
"1880","NORFOLK",2014,70.2192502293103,100,84.373472464484,33797,93602,194349
"1881","OXFORDSHIRE",2014,100,100,80.3494201096435,21178,25248,127869
"1882","SUFFOLK",2014,69.7681317051466,85.8239050951716,75.1876353299061,40454,63727,150558
"1883","LUTON",2014,58.0778087504545,100,67.136527099923,8251,8691,31144
"1884","BUCKINGHAMSHIRE",2014,73.5392565623348,100,78.1003691509528,17029,21122,80184
"1885","MILTON KEYNES",2014,47.5856260527793,100,63.7175458905242,10686,10100,36282
"1886","BRACKNELL FOREST",2014,86.5038294348996,70.6196333255976,73.7327971909158,4831,4309,17657
"1887","WEST BERKSHIRE",2014,75.4344762799436,52.8389477443162,61.339749759384,6387,8401,25975
"1888","READING",2014,77.0903277378097,76.8392370572207,68.2289039767216,6255,8074,25775
"1889","SLOUGH",2014,53.5981031416716,100,67.5274370561653,8435,4783,24784
"1890","WINDSOR AND MAIDENHEAD",2014,100,96.6711051930759,64.5158358704049,3420,4506,22007
"1891","WOKINGHAM",2014,100,100,94.0413387529188,5151,6352,23126
"1892","ESSEX",2014,99.6252845386097,99.5273479940046,92.0902904617971,57110,126097,247468
"1893","SOUTHEND",2014,100,88.6715911843061,77.5393232813365,5746,16516,30707
"1894","THURROCK",2014,64.1047297297297,89.5839366734241,65.0219570801226,4736,10359,24138
"1895","CAMBRIDGESHIRE",2014,90.754127021484,100,81.5418488412134,29743,24562,95833
"1896","PETERBOROUGH",2014,100,100,72.0120394711777,8779,5969,26247
"1897","BEDFORD",2014,85.4358219933799,89.9897242678541,77.1872726576559,5438,11678,26117
"1898","CENTRAL BEDFORDSHIRE",2014,76.9987216048776,100,73.8245361196181,10169,15350,44408
"1899","CAMDEN",2014,100,50.1788969148721,61.0878912108789,8060,14813,50005
"1900","GREENWICH",2014,79.8156049984761,100,76.0075176729385,13124,11724,46823
"1901","HACKNEY",2014,33.8919474862363,100,46.3666354598547,16529,8245,44862
"1902","HAMMERSMITH AND FULHAM",2014,74.8259399244082,100,66.142779587405,10054,3259,36840
"1903","ISLINGTON",2014,72.158048148548,100,66.245230104363,9263,10834,43502
"1904","KENSINGTON AND CHELSEA",2014,80.0879877582249,62.1571440627901,52.874432677761,5228,11849,34372
"1905","LAMBETH",2014,100,100,83.2579950149972,13017,10372,47342
"1906","LEWISHAM",2014,94.159306782203,100,75.9134437947981,12002,10332,51481
"1907","SOUTHWARK",2014,100,100,75.3834034906334,7629,9392,40623
"1908","TOWER HAMLETS",2014,65.9053931907201,100,63.5504809237163,16595,7913,46681
"1909","WANDSWORTH",2014,98.9567636490089,100,80.7750724904497,8627,9913,43454
"1910","WESTMINSTER",2014,100,76.074547830273,75.2951305845212,12135,14541,52265
"1911","LONDON",2014,NA,100,76.4705882352941,0,426,1768
"1912","BARKING AND DAGENHAM",2014,100,81.1904761904762,71.3145063647371,3321,7980,30559
"1913","BARNET",2014,100,100,86.4375601705405,8818,18795,58168
"1914","BEXLEY",2014,100,100,84.4982464775734,6416,10873,32506
"1915","BRENT",2014,100,100,67.6526534014405,9680,10178,46789
"1916","BROMLEY",2014,87.2146118721461,99.3384976934459,71.6151805835311,10731,11489,50143
"1917","CROYDON",2014,100,100,80.054605546774,12213,18845,55672
"1918","EALING",2014,83.323366721483,100,77.0705963243083,13378,15307,53813
"1919","ENFIELD",2014,62.992900054615,76.8054898248935,68.8840081372531,9155,21130,55547
"1920","HARINGEY",2014,85.9164496773463,100,83.7586266178746,8833,14023,40717
"1921","HARROW",2014,100,90.0308451573103,61.8295125751169,2127,8105,35944
"1922","HAVERING",2014,100,100,77.7695095897645,8711,12921,41659
"1923","HILLINGDON",2014,73.6145086461409,93.2052353104985,68.9374581359002,11855,10773,40309
"1924","HOUNSLOW",2014,65.5809046551497,51.6300873641594,65.2015820362337,7583,9386,31352
"1925","KINGSTON UPON THAMES",2014,92.9768041237113,45.399749800978,60.6374027066826,4656,8793,28522
"1926","MERTON",2014,73.3604830782193,100,68.697756888351,7121,7870,35531
"1927","NEWHAM",2014,85.2020777904472,100,65.4285335806067,7893,7520,37745
"1928","REDBRIDGE",2014,79.701996064099,100,73.8599632583773,10671,14149,43003
"1929","RICHMOND UPON THAMES",2014,100,95.2228534848363,69.8708855281191,4470,12497,41591
"1930","SUTTON",2014,89.3613298337708,100,62.2042724178933,5715,4987,24389
"1931","WALTHAM FOREST",2014,73.2459899595935,49.1849751948972,46.9726008908085,8167,11288,37045
"1932","ISLE OF WIGHT",2014,87.319180913019,87.00866880418,71.3172057925983,5323,16842,36046
"1933","SURREY",2014,85.0095816377064,84.8987550622469,74.5197155142401,46443,66670,221171
"1934","WEST SUSSEX",2014,100,96.386939627675,78.633169921155,16698,51729,181749
"1935","DORSET",2014,64.5349983568847,62.822186331556,55.2916047749672,15215,45199,92231
"1936","BOURNEMOUTH",2014,75.9554386507814,90.6665126487236,71.8911182522751,6463,17314,37031
"1937","POOLE",2014,95.3153737963865,100,83.7756391562166,9243,11130,30861
"1938","HAMPSHIRE",2014,88.5872737886748,68.1881051175657,64.9315421816228,51390,68685,232625
"1939","PORTSMOUTH",2014,100,47.7241379310345,58.1655129011957,4507,13050,31780
"1940","SOUTHAMPTON",2014,68.8656899728046,51.7410228509249,54.7618534714892,11399,12866,46421
"1941","EAST SUSSEX",2014,76.4552222560843,89.1994892826743,78.2810289155752,22969,51692,137815
"1942","BRIGHTON AND HOVE",2014,69.1724842499574,70.0288638152716,67.8255966923511,11746,19055,53210
"1943","WILTSHIRE",2014,100,100,86.535027168062,10170,26984,78953
"1944","SWINDON",2014,100,100,90.7014053776551,8052,10154,31166
"1945","KENT",2014,80.1696602646534,82.3474903474903,70.3336492142462,48214,97125,253260
"1946","MEDWAY TOWNS",2014,98.9969238999599,100,79.8918688576984,7477,14157,37547
"1947","CORNWALL",2014,82.8110339650966,100,80.4007841428883,31974,28411,91820
"1948","GLOUCESTERSHIRE",2014,67.787892580792,94.1867619912684,74.7041025184658,21970,34129,112370
"1949","SOMERSET",2014,96.8345746765974,96.3057658897958,85.1119960678497,20408,30507,99691
"1950","ISLES OF SCILLY",2014,0,4.03508771929825,5.72519083969466,35,570,786
"1951","BATH AND NORTH EAST SOMERSET",2014,96.2378167641326,100,94.3928412569664,5130,12846,38219
"1952","BRISTOL",2014,72.8812880487023,59.2763336303413,65.377247594584,24968,25813,91876
"1953","NORTH SOMERSET",2014,89.8379970544919,100,83.2018561484919,6111,15996,45255
"1954","SOUTH GLOUCESTERSHIRE",2014,97.3252118644068,71.702973623789,67.2884821341642,7552,17857,51355
"1955","DEVON",2014,91.2732707365411,69.6098069064979,70.1902725108034,30779,87367,181424
"1956","PLYMOUTH",2014,90.7609795587938,84.0725138448431,72.6972956670353,9882,21127,49735
"1957","TORBAY",2014,88.6741573033708,100,72.2036530605355,4450,13620,29619
"1958","BARKING AND DAGENHAM",2015,100,76.8882813239054,85.0263075205995,1212.16,7505.37,22945.91
"1959","BARNET",2015,100,100,99.9385327151883,5691.27,18191.96,41664.44
"1960","BARNSLEY",2015,100,100,94.5646658508193,7624,14822,33503
"1961","BATH AND NORTH EAST SOMERSET",2015,100,100,99.42679722952,3468,13379,37683
"1962","BEDFORD",2015,87.8917114778417,66.1034164358264,72.0915731337965,5393,10830,22452
"1963","BEXLEY",2015,100,100,99.1196537304673,5723,10996,27262
"1964","BIRMINGHAM",2015,89.9759286216287,84.9690425491223,81.4577151402908,34746.66,57777.69,148156.93
"1965","BLACKBURN WITH DARWEN",2015,100,70.74534942182,76.9262965640577,3415,15912,26281
"1966","BLACKPOOL",2015,100,100,85.926230427146,4800,13328,26759
"1967","BOLTON",2015,99.9801350814462,97.4267496584181,66.6999641411813,5034,13174,39042
"1968","BOURNEMOUTH",2015,100,98.048,82.2902625328968,4305,15625,31158
"1969","BRACKNELL FOREST",2015,100,66.1058278468666,79.4995422642661,3902,4101,16385
"1970","BRADFORD",2015,100,91.3246128401744,81.6978365517623,9387,33255,72292
"1971","BRENT",2015,100,100,96.6463142218913,8138,9552,33575
"1972","BRIGHTON AND HOVE",2015,92.1242124212421,86.7172872893697,76.9007353698478,6666,19228,48547
"1973","BRISTOL",2015,93.1327553969063,82.6574597196066,76.3222678105185,17649,23895,80430
"1974","BROMLEY",2015,100,99.5163125948407,89.2980228550698,8202,10544,38591
"1975","BUCKINGHAMSHIRE",2015,98.805060918463,100,99.7645139444684,12804,21466,64972
"1976","BURY",2015,100,100,70.9955461565574,4059,11041,31209
"1977","CALDERDALE",2015,77.1298560507454,92.664152930938,80.7795518812562,5700.62,11467.66,32163.35
"1978","CAMBRIDGESHIRE",2015,98.2878250886038,99.5486363462495,92.2094261105197,20033,26143,82664
"1979","CAMDEN",2015,100,55.2569836548664,79.7919234095327,7404.55,14551.12,37107.49
"1980","CENTRAL BEDFORDSHIRE",2015,100,75.0463121783877,76.2234630199158,7604,14575,33491
"1981","CHESHIRE EAST",2015,100,100,67.4795280202888,9019.85,12539.7,72008.18
"1982","CHESHIRE WEST AND CHESTER",2015,100,100,89.764187959316,4449.73,13469.18,41198.49
"1983","LONDON",2015,100,100,100,331,399,1068
"1984","CORNWALL",2015,100,100,93.2612546428122,15477.41,25942.17,73395.71
"1985","COVENTRY",2015,62.763730562169,89.533257112618,75.2912001309324,17317.39,13303.47,42159.15
"1986","CROYDON",2015,100,99.6315222715923,96.6090797313872,10062.64,18535.72,46301.59
"1987","CUMBRIA",2015,64.7753216495466,49.3178589189353,61.3657387532519,17949.66,53971.24,103075.35
"1988","DARLINGTON",2015,100,100,97.6808510638298,1612,10959,18800
"1989","DERBY",2015,88.0611581001952,67.2850434916481,77.6948051948052,9222,12991,40040
"1990","DERBYSHIRE",2015,60.6791275665448,66.3974953379754,70.0096102509343,39109,58451,140475
"1991","DEVON",2015,94.7095883317511,86.156498183833,85.6968273583167,23174,81215,146471
"1992","DONCASTER",2015,96.8761484748254,76.320149845112,80.2446760308111,8163,27762,48554
"1993","DORSET",2015,95.9753552618504,64.0169932714503,65.9615770801258,10063,40722,74695
"1994","DUDLEY",2015,100,90.6815190916082,74.6328279628592,8685.98,18647.46,48836.78
"1995","DURHAM",2015,77.0198708666867,92.121648842604,85.8927857838942,17569.44,55149.23,102625.01
"1996","EALING",2015,84.1968287512929,100,92.8474869933881,12530.08,14975.97,49843.88
"1997","EAST RIDING OF YORKSHIRE",2015,90.7483693786474,92.7988514432522,91.3862109260882,11652,39702,68460
"1998","EAST SUSSEX",2015,100,96.3829009229131,82.2729936632553,9117,34485.37,93898.37
"1999","ENFIELD",2015,96.5722801788376,80.7922818301418,82.2182986236678,6039,20523,47009
"2000","ESSEX",2015,100,100,99.6814137265883,46005,131972,241065
"2001","GATESHEAD",2015,55.5294837788207,99.7129186602871,74.074169522975,9802,16720,38803
"2002","GLOUCESTERSHIRE",2015,93.4629390344179,99.9484818237434,89.7439065830527,17026,31057,97113
"2003","GREENWICH",2015,97.0171221526694,100,94.5291797530835,10741.64,13739.38,37487.98
"2004","HACKNEY",2015,47.6363416419614,100,59.5632637054968,11242.53,7178.93,30702.28
"2005","HALTON",2015,27.6012514710526,100,89.8781903571878,348.39,7458.05,14221.37
"2006","HAMMERSMITH AND FULHAM",2015,100,99.0274756868922,90.9492650796009,5636.33,3999.9,28745.29
"2007","HAMPSHIRE",2015,100,77.9192528568942,88.5398366236886,48005,68956,201498
"2008","HARINGEY",2015,100,100,95.3804052241832,7962.41,14656.66,38887.61
"2009","HARROW",2015,100,97.6158222703874,87.8642746976216,2370,7382,24638
"2010","HARTLEPOOL",2015,100,100,93.5243002488974,2658,9781,22901
"2011","HAVERING",2015,99.9721332032883,100,99.9937548790008,7177,11996,32025
"2012","HEREFORDSHIRE",2015,100,100,100,7987,12454,34683
"2013","HERTFORDSHIRE",2015,96.0759635285562,100,94.6189008598363,35754,61007,154448
"2014","HILLINGDON",2015,100,94.3972619357483,84.5880758772631,7981.58,8490.67,31010.08
"2015","HOUNSLOW",2015,100,45.719553042686,69.5700341090348,5550.97,9329.75,25409.69
"2016","ISLE OF WIGHT COUNCIL",2015,100,96.9923650756482,90.8207873305733,4121.3,14049.91,29632.28
"2017","ISLES OF SCILLY",2015,0,3.87243735763098,3.10786106032907,51,439,547
"2018","ISLINGTON",2015,82.5303728529535,100,82.7785483125289,7161,9843,34608
"2019","KENSINGTON AND CHELSEA",2015,100,74.179008370895,76.1549289766668,4154,9318,23443
"2020","KENT",2015,100,96.6348526073901,85.1441420602174,28448,70933,185893
"2021","KINGSTON UPON HULL",2015,72.3488047527627,93.8395895776308,82.7049015871533,8927.86,26994.63,47100.05
"2022","KINGSTON UPON THAMES",2015,100,59.1637136782424,86.8336794738664,2942,7055,23112
"2023","KIRKLEES",2015,100,89.5450743663406,80.9929126114823,8030,27499,58978
"2024","KNOWSLEY",2015,99.6134850762293,100,92.4547957437309,4657,10742,26878
"2025","LAMBETH",2015,100,100,100,12450.47,6423.28,31079.27
"2026","LANCASHIRE",2015,100,89.2022813022016,90.011441437326,42356.66,80589.06,190448.1
"2027","LEEDS",2015,79.3103448275862,74.8883183568678,71.0790647272121,19459,38950,95972
"2028","LEICESTER",2015,100,72.5419669378519,79.0330183026691,8481.9,23464.9,50069.2
"2029","LEICESTERSHIRE",2015,100,97.8158791488905,89.6566239701726,19561,37269,83145
"2030","LEWISHAM",2015,94.0367701065405,100,81.9528512802183,11395.67,9928.37,41517.14
"2031","LINCOLNSHIRE",2015,85.8467381590706,100,96.6169998409248,17904,47450,113154
"2032","LIVERPOOL",2015,99.2157366932373,100,83.332516558141,15556,30058.7,75908.28
"2033","LUTON",2015,77.3689905704127,100,80.9142418949431,6469,7591,23473
"2034","MANCHESTER",2015,99.639855942377,99.506237006237,82.0625826355222,7497,23088,58994
"2035","MEDWAY",2015,100,100,99.5036073645869,6706,13571.55,34045.63
"2036","MERTON",2015,100,100,93.3698180633126,6251,6880,28475.84
"2037","MIDDLESBROUGH",2015,100,100,93.6829469577613,3410,13773,26658
"2038","MILTON KEYNES",2015,54.1922290388548,99.9508805641269,83.0186013103382,8802,10179.27,32341.27
"2039","NEWCASTLE UPON TYNE",2015,100,100,82.9144867356745,6684,15963.6,43466.59
"2040","NEWHAM",2015,100,100,91.5184242411939,7165.58,7351.28,26600.01
"2041","NORFOLK",2015,100,100,95.5849493643747,22350.15,90547.11,158769.64
"2042","NORTH EAST LINCOLNSHIRE",2015,100,97.4345470959976,85.7386003799873,4940,13292,25264
"2043","NORTH LINCOLNSHIRE",2015,98.6343789148494,100,85.9580926020698,4110.95,11993.41,24307.88
"2044","NORTH SOMERSET",2015,100,100,93.6293782398259,5110.68,14931.58,34917
"2045","NORTH TYNESIDE",2015,100,100,86.995498855511,6329.75,9242.32,29292.55
"2046","NORTH YORKSHIRE",2015,99.5271528872331,77.9368056557495,79.8087023146031,13958,34655,80921
"2047","NORTHAMPTONSHIRE",2015,100,100,100,9823,37296,112301
"2048","NORTHUMBERLAND",2015,100,95.7238872505315,87.5261942816551,11019,29162,56310
"2049","NOTTINGHAM",2015,75.0824347206131,78.268727705113,74.1414302200645,11221,21025,50258
"2050","NOTTINGHAMSHIRE",2015,100,87.8080513520806,86.3579748000623,10897.15,56108.34,126410.63
"2051","OLDHAM",2015,100,100,100,4721,14644,28761
"2052","OXFORDSHIRE",2015,100,99.8618458739091,98.6659897062191,16995,29677,100449
"2053","PETERBOROUGH",2015,100,97.5218862293634,91.2363597878444,7307.47,6091.73,21354.14
"2054","PLYMOUTH",2015,97.6607485604606,95.6806809685397,97.2650605574968,8336,17387,38063
"2055","POOLE",2015,93.9676577986437,100,93.5537167428729,8147.25,9259.94,22618.46
"2056","PORTSMOUTH",2015,100,58.238918704035,68.3052698986703,5460,10062,26547
"2057","READING",2015,99.058721204639,90.0982302801236,84.0979784096898,4851.91,7619.85,21289.18
"2058","REDBRIDGE",2015,81.3419863251825,100,84.3086753015181,8629,16443,40379
"2059","REDCAR AND CLEVELAND",2015,95.643534087435,100,92.9713360095781,6542,14276,28398
"2060","RICHMOND UPON THAMES",2015,99.9349522983521,93.5582022081196,88.9147791522462,4612,11503,29183
"2061","ROCHDALE",2015,97.333556934429,100,84.9142567866861,5963,14236,31606
"2062","ROTHERHAM",2015,100,83.5893473913834,79.2273349337043,7340,22004,44573
"2063","RUTLAND",2015,100,100,84.1150442477876,604,2749,4520
"2064","SALFORD",2015,100,100,88.676408683625,5020,13922,33258
"2065","SANDWELL",2015,100,94.1458936515783,85.3134207050696,7253,14161,49215
"2066","SEFTON",2015,100,100,96.0292306760603,7240,19081,49537
"2067","SHEFFIELD",2015,97.4229838445942,98.8168029857858,82.8918224506069,15289,25186,79009
"2068","SHROPSHIRE",2015,97.9919496883127,99.8163672168546,98.7753019152446,9055.55,19707.81,49656.32
"2069","SLOUGH",2015,56.9719042663892,100,79.7326701896177,11532,6288,25736
"2070","SOLIHULL",2015,75.9645220029676,100,84.7033460078379,9017.42,8816.93,32585.1
"2071","SOMERSET",2015,97.6128128615797,96.2912213391797,96.5615826663989,16421,32841,104583
"2072","SOUTH GLOUCESTERSHIRE",2015,97.3463342384596,83.8023472926114,89.8450777074456,8102,14996,40601
"2073","SOUTH TYNESIDE",2015,100,93.6134453781513,85.1383490921747,7499,14280,34478
"2074","SOUTHAMPTON",2015,100,65.3097874887758,77.9360800924143,7872,10023,33761
"2075","SOUTHEND ON SEA",2015,99.9996263379437,84.4953686057654,84.2454327551553,5352.43,17814.29,29145.58
"2076","SOUTHWARK",2015,100,100,93.1048411270041,17637.44,12370.45,47706.66
"2077","ST HELENS",2015,100,85.5015530787502,85.4818372861003,6036,10946,33310
"2078","STAFFORDSHIRE",2015,99.1706979958535,84.022753355621,84.8976935001756,27493,40082,116757
"2079","STOCKPORT",2015,100,100,88.2549417923275,8533,16472,51196
"2080","STOCKTON ON TEES",2015,98.1653267367553,100,90.5125481343779,4851,14128,30124
"2081","STOKE ON TRENT",2015,100,92.1415770609319,95.6016383159293,6637,22320,54202
"2082","SUFFOLK",2015,94.9790896538144,100,93.4895935365934,29251.07,57204.79,118936.66
"2083","SUNDERLAND",2015,99.1703892788768,100,99.2924528301887,7835,20526,45792
"2084","SURREY",2015,100,84.6960590273997,89.4351911452044,34691.08,62909.09,169182.9
"2085","SUTTON",2015,94.9548715575098,100,92.1370291717894,4321,4793,17894
"2086","SWINDON",2015,100,100,100,5898,11076,26404
"2087","TAMESIDE",2015,100,100,85.0493396083194,165,16079,32935
"2088","TELFORD AND WREKIN",2015,97.9658258746949,96.2006688963211,94.5175248810039,4916,7475,23110
"2089","THURROCK",2015,100,81.5208333333333,67.0265113476602,3185,9600,19916
"2090","TORBAY",2015,100,99.9116473776473,96.05794012276,4368.23,12789.66,22838.06
"2091","TOWER HAMLETS",2015,71.0099670784974,98.9028529353916,77.3609404486182,10151.42,7931.48,32870.27
"2092","TRAFFORD",2015,99.7394930952555,100,94.15369241463,7243.57,10704.01,29420.45
"2093","WAKEFIELD",2015,68.0530440024111,89.4991278345377,73.976806280636,11613,20065,50186
"2094","WALSALL",2015,100,100,87.0331435590938,6117,10766,42331
"2095","WALTHAM FOREST",2015,100,54.0626700878625,64.6685859208993,5419,12861,29178
"2096","WANDSWORTH",2015,100,100,95.8154627539503,6618,10122,35440
"2097","WARRINGTON",2015,100,89.7538080056677,82.0099580712788,3948,11292,30528
"2098","WARWICKSHIRE",2015,100,100,94.1456527942568,15480,31042,66583
"2099","WEST BERKSHIRE",2015,100,52.926898261338,71.6679932194457,4324.39,8519.77,22464.24
"2100","WEST SUSSEX",2015,99.1885842193621,97.1326164874552,94.8124538495331,14296,50220,106987
"2101","WESTMINSTER",2015,100,57.8819635962493,89.4954052715567,8818,9065,36346
"2102","WIGAN",2015,100,93.7458379578246,85.4378410854654,5394,18020,39946
"2103","WILTSHIRE",2015,100,100,100,16321,34136,88219
"2104","WINDSOR AND MAIDENHEAD",2015,99.9758162031439,94.945567651633,85.7459339709299,4135,5144,18507
"2105","WIRRAL",2015,100,99.4226146160847,93.775061425643,6469.23,20644.79,46470.82
"2106","WOKINGHAM",2015,100,99.990739069355,98.4158072397817,5649.07,6370.85,23062.85
"2107","WOLVERHAMPTON",2015,91.9408131015659,89.3864619508926,77.1128164241579,6961,16413,40136
"2108","WORCESTERSHIRE",2015,79.889035667107,98.3922304741696,84.2191230054027,18925,24506,87549
"2109","YORK",2015,80.078431372549,42.8328713225431,72.0099030615803,6375,11183,28678
"2110","BARKING AND DAGENHAM",2016,100,78.4163331523633,84.9101339029055,2402,6560.938,22678.074
"2111","BARNET",2016,100,100,99.9486508551109,6849.58033,16615.6751,42944.96052
"2112","BARNSLEY",2016,100,100,96.0598405564122,5325,15406,30481
"2113","BATH AND NORTH EAST SOMERSET",2016,100,100,99.1227399076837,4326,11488,39213
"2114","BEDFORD",2016,99.620253164557,62.9021113243762,70.020938539229,4740,13025,24357
"2115","BEXLEY",2016,100,100,100,6439,10176,26863
"2116","BIRMINGHAM",2016,90.655993962915,83.9017069289744,81.4658254298022,37104,55304,147003.385
"2117","BLACKBURN WITH DARWEN",2016,100,96.3459578138477,91.514681743571,2648,12753,21932
"2118","BLACKPOOL",2016,79.5490381583097,100,87.3982372333984,6342,14873,29726
"2119","BOLTON",2016,83.6586942469295,100,72.5240550741587,7735,12804,37622
"2120","BOURNEMOUTH",2016,100,98.6673869980191,98.0164308249773,6251,16659,32013
"2121","BRACKNELL FOREST",2016,100,64.1042345276873,77.6137477654115,3822,4605,17341
"2122","BRADFORD",2016,98.265954229257,92.3336141533277,81.1430330679131,9919,32049,71459
"2123","BRENT",2016,100,100,99.1439135381115,10172,9806,35160
"2124","BRIGHTON AND HOVE",2016,91.3978494623656,86.2378345498783,77.3117602874602,6696,19728,49259
"2125","BRISTOL",2016,93.8603079233947,89.1757099976911,78.767052899314,15978,21655,77846
"2126","BROMLEY",2016,100,100,91.046741277156,7984,9277,36456
"2127","BUCKINGHAMSHIRE",2016,100,100,99.9404423509028,13103,21661,73878
"2128","BURY",2016,100,84.7479600396553,62.4060910285348,3405,13113,29683
"2129","CALDERDALE",2016,67.1320535194881,95.3378776403265,82.3796210003106,3438,11883,32190
"2130","CAMBRIDGESHIRE",2016,100,99.6696612012387,92.1742971892064,15120,24822.999995,77468.818284759
"2131","CAMDEN",2016,99.99157965645,78.2953074433657,90.8991497643925,11876,12360,39048
"2132","CENTRAL BEDFORDSHIRE",2016,100,58.7398498076806,68.166959302322,7805,16379,35941.166
"2133","CHESHIRE EAST",2016,100,100,81.8880553287487,9811.4,13164.9,60672.1155539
"2134","CHESHIRE WEST AND CHESTER",2016,96.6833333333333,100,89.8179682912507,6000,14210,42575
"2135","LONDON",2016,100,100,99.8013245033113,324,549,1510
"2136","CORNWALL",2016,97.7780576707572,100,93.0335205299991,12849.058677832,30735.736837,76333.345495574
"2137","COVENTRY",2016,63.373929536652,90.9681312504589,78.1025534853596,16636.132646,16358.32049724,43840.93655455
"2138","CROYDON",2016,100,99.9998518751361,97.7850000413455,10878.55297742,16325.6858924,46622.684605389
"2139","CUMBRIA",2016,100,50.8265900641504,63.2714760808996,12463.73358,55204.2158732,102890.7954459
"2140","DARLINGTON",2016,100,100,97.2386375846137,1781,10340,18614
"2141","DERBY",2016,90.1793622674934,60.4094705771525,78.4701387286202,9032,15923,38997
"2142","DERBYSHIRE",2016,62.4325046778936,63.7790582157759,69.8446084522223,37410,55363,133598
"2143","DEVON",2016,97.8056179332624,97.0989382024968,94.9077490774908,25383,67527,128725
"2144","DONCASTER",2016,96.9780911609166,74.746708029438,79.1443538998836,7942,30301,51540
"2145","DORSET",2016,89.8504995868079,62.464395451589,65.3875718346978,13311,44587,81959
"2146","DUDLEY",2016,100,90.8732750847705,77.0399439434505,9523.976,19013.688,54766.125
"2147","DURHAM",2016,75.1030729314469,100,91.4383542899138,19733.6,52433.47,110533.539
"2148","EALING",2016,87.2043284649309,100,93.2831251314672,13147.571,12212.908,44944.682
"2149","EAST RIDING OF YORKSHIRE",2016,88.5514355792815,93.7316517532117,91.6110685770535,13862,42579,73144
"2150","EAST SUSSEX",2016,99.9899091826438,99.8682436573109,83.7855442253268,9910,32636,89044
"2151","ENFIELD",2016,27.1196666722726,66.6204596610229,71.6536939242881,4756.88,22969.1,51023.65
"2152","ESSEX",2016,100,99.435242482674,99.6638259337824,51212,123947,241839
"2153","GATESHEAD",2016,54.7949398082024,99.551225273103,72.0164609053498,9802,16935,42525
"2154","GLOUCESTERSHIRE",2016,93.9153145143365,100,90.4241350562734,17996,31509,95960
"2155","GREENWICH",2016,97.7785659806262,96.0107776560274,90.7344396836466,10827.86867727,12326.19827378,38498.246980166
"2156","HACKNEY",2016,42.995243210066,100,60.8682471351482,13034,6506,32986
"2157","HALTON",2016,2.84738041002278,100,65.203375923104,2634,8281,17062
"2158","HAMMERSMITH AND FULHAM",2016,100,100,93.2527089230065,6906,5126,34977
"2159","HAMPSHIRE",2016,100,83.3307300408719,88.8434305369081,32606.42634,62180.52648115,192864.30199115
"2160","HARINGEY",2016,100,100,95.4117859767075,8275.381,13942.125,39402.216
"2161","HARROW",2016,100,97.595480458578,85.8998534756226,1995,7578.645,26285.046
"2162","HARTLEPOOL",2016,100,100,92.24298275279,2600,11715,23656
"2163","HAVERING",2016,100,100,99.967709722399,6599.30842,10862.54428,29725.75869
"2164","HEREFORDSHIRE",2016,100,100,100,6640,11488,31143
"2165","HERTFORDSHIRE",2016,100,100,94.8606233050282,32647,60600,157451
"2166","HILLINGDON",2016,100,91.3028486934329,83.5808923744441,7922.22038,7086.091598,29831.690021084
"2167","HOUNSLOW",2016,90.9861031791357,43.0690924842972,68.1419075041769,10506,9234,28131
"2168","ISLE OF WIGHT COUNCIL",2016,100,97.1217827371156,93.9283218603199,4308.339,15484.863,30738.8
"2169","ISLES OF SCILLY",2016,0,2.91944830623263,2.36251399041012,61.0365,692.23113,855.41631
"2170","ISLINGTON",2016,93.6756672923264,100,86.9383032779407,8188.69,9876.64,36172.1
"2171","KENSINGTON AND CHELSEA",2016,98.6038807382868,100,82.5300687285223,4226,6326,23280
"2172","KENT",2016,100,96.2464704604692,84.1682376994769,27260,73664,188305
"2173","KINGSTON UPON HULL",2016,72.9396164830681,95.2224364062441,84.327401516633,9804,26457,46023
"2174","KINGSTON UPON THAMES",2016,100,65.3148199065164,88.542754643295,2496,7274,22021
"2175","KIRKLEES",2016,99.2458521870287,89.3978611811185,80.6175237038367,7956,29362,61277
"2176","KNOWSLEY",2016,99.6597277822258,100,92.8984342100226,4996,10210,26121
"2177","LAMBETH",2016,100,100,100,12073.12,7606.03,36077.91
"2178","LANCASHIRE",2016,99.973109413195,84.546238277372,90.0369759349401,39845.69053,86545.18945,197930.41371
"2179","LEEDS",2016,90.5411665613813,78.1422883117798,78.1771307249014,23745,28379,92316
"2180","LEICESTER",2016,100,85.9710752385393,83.2903706935475,9242,21663.1,49279.25
"2181","LEICESTERSHIRE",2016,100,97.5513797562385,90.8267844855684,20270,36347,82839
"2182","LEWISHAM",2016,98.6353715279179,100,83.2690363898387,11421.497,10708.182,40663.934
"2183","LINCOLNSHIRE",2016,100,100,100,17884,50984,116565
"2184","LIVERPOOL",2016,96.7505831639905,99.8664262593762,83.6301639947904,15066.088,26202.755,79647.713
"2185","LUTON",2016,80.7309900574149,100,78.1379151997551,7141,7955,26132
"2186","MANCHESTER",2016,100,99.7977102522166,85.6683534591425,8511,23234,54739
"2187","MEDWAY",2016,100,100,100,6812.324,12352.083,29555.859
"2188","MERTON",2016,100,100,92.8904574139512,6703.13,6223.2,26963.76
"2189","MIDDLESBROUGH",2016,100,100,92.0721246851845,3612,13058,27397
"2190","MILTON KEYNES",2016,69.8656126482213,100,80.1362791658063,6325,15182,33901
"2191","NEWCASTLE UPON TYNE",2016,100,100,83.640093179525,7872.818,16033.907,44685.08293
"2192","NEWHAM",2016,100,100,90.0078111390174,7864.23,7148.113,28093.214
"2193","NORFOLK",2016,100,100,95.2726669826973,28174.86945361,85981.211496,162350.85220163
"2194","NORTH EAST LINCOLNSHIRE",2016,96.003717472119,99.9428057847863,88.977814638192,5380,12239,24115
"2195","NORTH LINCOLNSHIRE",2016,98.5992812019481,100,82.2119023176848,4363.117,11465.237,25060.094
"2196","NORTH SOMERSET",2016,100,100,93.964962490549,4720.587,14134.659,34857.215
"2197","NORTH TYNESIDE",2016,100,100,89.3989969087133,7742.959,12314.044,33404.537
"2198","NORTH YORKSHIRE",2016,99.5244827143041,77.9376747075267,79.7388518793576,15562,38636,90217
"2199","NORTHAMPTONSHIRE",2016,100,100,100,13585,33473,94630
"2200","NORTHUMBERLAND",2016,100,96.7746702626815,88.6709338703297,12156,27067,55618
"2201","NOTTINGHAM",2016,83.5482395976223,77.8103753376176,76.7995786352464,10935,21474,51262
"2202","NOTTINGHAMSHIRE",2016,100,89.4875745785791,86.4075524320103,10640.10511,50728.79114646,119919.30816387
"2203","OLDHAM",2016,100,100,100,6755,14060,35461
"2204","OXFORDSHIRE",2016,100,100,96.7882179675994,11106,29508,84875
"2205","PETERBOROUGH",2016,100,100,94.2327493476128,7654.969,5606.215,20340.68
"2206","PLYMOUTH",2016,100,100,99.6096723785794,8763.568,16332.858,36393.53
"2207","POOLE",2016,89.6155807609216,100,91.7130669204631,9027.5790809,10379.94393038,25630.550612588
"2208","PORTSMOUTH",2016,100,54.9475651541896,64.8110792148344,5816,9631,25778
"2209","READING",2016,93.6257598160013,93.5956790123457,81.2625474012938,6087,6480,22415
"2210","REDBRIDGE",2016,86.4962375012885,100,81.2987274281978,9701,14289,39762
"2211","REDCAR AND CLEVELAND",2016,95.4682300744731,100,91.110141620243,6311,15103,29798
"2212","RICHMOND UPON THAMES",2016,100,94.6185073383991,97.6185135337222,4858,9607,26748
"2213","ROCHDALE",2016,100,100,91.3080725056875,2177,12872,29217.57
"2214","ROTHERHAM",2016,100,84.032482195588,78.5819133320569,6116,23028,47007
"2215","RUTLAND",2016,100,100,83.1121094547682,692,2862,4897
"2216","SALFORD",2016,100,100,94.7743669543075,5949,14793,35345
"2217","SANDWELL",2016,90.2061241510783,94.4387624648428,85.7267003978216,8393,15644,51782
"2218","SEFTON",2016,100,100,98.636784714846,6708,20818,49107.44013
"2219","SHEFFIELD",2016,90.6272635086194,100,85.3370512041373,13806,27064,83919
"2220","SHROPSHIRE",2016,96.836086060699,99.6447038157569,97.5352364514524,11286.685,16956.557,49131.65
"2221","SLOUGH",2016,84.8434004474273,97.0352098292143,72.7129302420265,3576,3182.35,15719.35
"2222","SOLIHULL",2016,93.877355952616,89.5688247550757,85.5631442487852,6852.752426205,9234.687360494,31758.004535061
"2223","SOMERSET",2016,99.7115132441647,96.8577438864055,97.059352033207,15252,30424,111302
"2224","SOUTH GLOUCESTERSHIRE",2016,98.1240344294858,82.7117684523388,90.4753141595247,4531,14131,38038
"2225","SOUTH TYNESIDE",2016,100,94.1797346200241,84.9537092129376,7647,16580,42017
"2226","SOUTHAMPTON",2016,97.3739366292689,63.9263433286376,76.5743572318496,8111,9938,35316
"2227","SOUTHEND ON SEA",2016,100,82.3062031238204,82.8858126375525,5812.614,18253.674,30254.355
"2228","SOUTHWARK",2016,100,100,100,11401.73,9706.744,36306.396
"2229","ST HELENS",2016,100,99.5083478439004,89.1676204027344,6411,9763,32329
"2230","STAFFORDSHIRE",2016,99.841787478609,85.4622160900021,87.0271837375081,30971,37688,117276
"2231","STOCKPORT",2016,100,100,87.670374115268,8225,16618,49450
"2232","STOCKTON ON TEES",2016,99.6460803397629,100,90.705341575527,5651,14027,31545
"2233","STOKE ON TRENT",2016,100,97.6731453599781,89.9979678176209,6015,21918,54129
"2234","SUFFOLK",2016,100,100,95.1151474489339,28820.943,53870.34,116692.468
"2235","SUNDERLAND",2016,100,100,100,535,21061,38817
"2236","SURREY",2016,100,84.5462925333791,90.8463358369112,39027.3138933,66842.35500414,183397.904441222
"2237","SUTTON",2016,100,100,92.0090303615051,5063.027,4843.234,20126.769
"2238","SWINDON",2016,100,99.4923397697398,99.8127591279925,7775,11031,29908
"2239","TAMESIDE",2016,96.9506726457399,100,77.5932059870993,5575,15606,40153
"2240","TELFORD AND WREKIN",2016,98.1935168447711,95.7668229924281,96.0098300040177,5669.801,7511.238,22261.232
"2241","THURROCK",2016,97.723264389931,84.1678805535324,76.1443588240221,3118.5,10984,19102.4
"2242","TORBAY",2016,100,100,97.1285873673332,4063.9545,14667.907,24439.57556
"2243","TOWER HAMLETS",2016,84.4660194174757,100,80.3316828729941,11845,7733,33526
"2244","TRAFFORD",2016,100,100,89.3740340030912,6883,7406,25880
"2245","WAKEFIELD",2016,72.7892435011946,89.0135226582289,76.635631482307,11439.41,19964.27,52113.97
"2246","WALSALL",2016,100,100,89.0102983126239,7660,9375,41366
"2247","WALTHAM FOREST",2016,100,52.7984812262692,68.6029578330798,5906,14222,30901
"2248","WANDSWORTH",2016,100,100,94.9918802923095,7693,8761,34484
"2249","WARRINGTON",2016,100,100,89.5950555377394,4262,10235,34301
"2250","WARWICKSHIRE",2016,100,100,96.1871526431433,17192,31996,69633
"2251","WEST BERKSHIRE",2016,100,51.9396634365018,69.0313011643868,3804.28453,8967.44542,21836.14806
"2252","WEST SUSSEX",2016,100,97.1829651801614,95.4338664456631,15197,52786,113422
"2253","WESTMINSTER",2016,100,100,99.4970037328942,9846.41669,11203.78112,43995.07799
"2254","WIGAN",2016,100,94.2359747359482,88.1144465290807,8068,18841,42640
"2255","WILTSHIRE",2016,100,100,100,11940,33006,79973
"2256","WINDSOR AND MAIDENHEAD",2016,100,95.8766342608113,89.2726146810842,4461,5966,20993
"2257","WIRRAL",2016,100,99.4223750722418,97.1129429616547,7136.3246815,20772.8903539,49018.937928262
"2258","WOKINGHAM",2016,100,100,99.9995352404722,5740.861426487,6801.3436719,21048.308245157
"2259","WOLVERHAMPTON",2016,93.2119205298013,95.7328881469115,78.4129735082941,4832,14975,40390
"2260","WORCESTERSHIRE",2016,86.1560853889025,98.5912064199882,84.119417076486,19675.0243722,24461.836034,83797.2923828
"2261","YORK",2016,78.3704470913171,42.5078168844705,67.6812609457093,5793,12473,28550
"2262","CUMBRIA",2017,100,47.0994226989656,63.4326608850239,7515.92641,57495.4295807,102335.35483082
"2263","NORTHUMBERLAND",2017,100,97.5005910764346,90.282872343941,13184,29607,60522
"2264","GATESHEAD",2017,57.3642615210921,99.5419347802378,75.1348327179143,9743,18338,44685
"2265","NEWCASTLE UPON TYNE",2017,100,100,86.8698808419825,8775.626,17813.228,48216.059
"2266","NORTH TYNESIDE",2017,100,100,90.9903701926199,7869.18,13035.687,35288.764
"2267","SOUTH TYNESIDE",2017,100,100,90.7444271870146,9059,19315,45713
"2268","SUNDERLAND",2017,100,100,100,597,30011,73387
"2269","HARTLEPOOL",2017,100,100,94.2685453359224,3419,12330.78,25857.31
"2270","MIDDLESBROUGH",2017,100,100,93.6896062064905,3888,13791,28873
"2271","REDCAR AND CLEVELAND",2017,95.8836858006042,100,93.3300040575548,7944,15864,32039
"2272","STOCKTON ON TEES",2017,97.9613251386599,100,90.0872591284475,6671,18600,38506
"2273","COUNTY DURHAM",2017,76.7010508983486,100,90.059325712632,20649,56997,117487
"2274","DARLINGTON",2017,100,100,97.3692260630162,2000,11036,19614
"2275","BARNSLEY",2017,100,100,96.3881871767112,4849,17317,33252
"2276","DONCASTER",2017,98.2571732199787,99.1362299415466,90.4761006170626,9410,26859,52993
"2277","ROTHERHAM",2017,100,84.536778608085,78.4412701072386,7293,22214,47744
"2278","SHEFFIELD",2017,94.1765467769254,100,85.6975424859419,20074,22456,80203
"2279","BRADFORD",2017,92.3318385650224,88.097839281379,81.2948160741462,13380,32952,72937
"2280","CALDERDALE",2017,69.9294199551397,95.319968663216,83.4553823958126,4389.626,12627.971,33740.393
"2281","KIRKLEES",2017,99.4239490133595,90.9446087559791,80.6984434228567,8159,27387,61995
"2282","LEEDS",2017,95.9941352044824,78.5568972306077,82.1534053555484,19097,30476,101913
"2283","WAKEFIELD",2017,100,89.9348416647066,84.6167920417343,7848.73,22278.04,50665.31
"2284","EAST RIDING OF YORKSHIRE",2017,94.2564004219005,92.8481806775408,90.1254315669443,10429,39850,63142
"2285","KINGSTON UPON HULL",2017,71.7526942711288,94.1069193634901,85.4724624986313,10578,27965,45665
"2286","NORTH EAST LINCOLNSHIRE",2017,98.9791987673344,99.3719008264463,99.2076621680453,5192,12100,22970
"2287","NORTH LINCOLNSHIRE",2017,98.0192374153568,100,84.3552341664666,5529.537,11953.973,26633.553
"2288","NORTH YORKSHIRE",2017,99.527152887252,77.9368056572413,79.7399913322815,15564.22438794,38642.94283814,90233.027769078
"2289","YORK",2017,82.4078624078624,55.868700265252,76.0217895822589,6105,12064,31024
"2290","BOLTON",2017,88.4376701143168,100,78.8128468135194,9185,14436,41629
"2291","BURY",2017,100,100,82.9999042787403,3237,13749,31341
"2292","MANCHESTER",2017,100,99.9247920721996,86.6402335778535,11454.1761787,22604,56056.369275929
"2293","OLDHAM",2017,100,100,100,6473,14987,34954
"2294","ROCHDALE",2017,100,100,92.1963705575427,6196,15241,30473
"2295","SALFORD",2017,100,100,100,6733,15054,37659
"2296","STOCKPORT",2017,100,100,89.5487576861543,8853,16855,51879
"2297","TAMESIDE",2017,96.9210174029451,100,91.4047105189078,4482,15507,31971
"2298","TRAFFORD",2017,100,100,92.772599496967,6762,7355,27036
"2299","WIGAN",2017,100,93.7978399916116,89.263990955342,8252,19074,44225
"2300","KNOWSLEY",2017,100,100,90.2774862516267,2428,9993,23821
"2301","LIVERPOOL",2017,100,100,82.8066446574909,19428.6343006,29107.8401139,94006.491643424
"2302","SEFTON",2017,100,100,98.8175117179143,7879,21914,51417
"2303","ST HELENS",2017,100,100,92.2281608691843,6994,10002,34239
"2304","WIRRAL",2017,100,100,93.72525530047,8182.5255961,19711.5877542,50336.060201869
"2305","HALTON",2017,86.1101243339254,100,78.8743731038326,2815,6764,16151
"2306","WARRINGTON",2017,100,100,92.3969036665656,5868,10164,36301
"2307","LANCASHIRE",2017,99.8892036992101,82.5479702233909,89.0566745150909,42154.837,95276.396,222873.614
"2308","BLACKBURN WITH DARWEN",2017,100,98.563424795288,97.2720903756896,2969,13922,22838
"2309","BLACKPOOL",2017,77.6028158577251,100,87.8105714194353,5398,15980,31273
"2310","CHESHIRE EAST",2017,100,100,88.3125189731066,11780.6617,15355.36981,64176.92606765
"2311","CHESHIRE WEST AND CHESTER",2017,98.0353929214157,100,89.4931113932384,6668,13190,42534
"2312","WARWICKSHIRE",2017,100,100,94.9704890387858,16870,31872,71160
"2313","BIRMINGHAM",2017,93.4202993375317,85.8218363891791,85.685380658687,48908,55522,164084
"2314","COVENTRY",2017,66.9020157066727,90.0813189809398,79.4005162656946,14193.95943679,16707.05339637,43972.512163958
"2315","DUDLEY",2017,100,98.6348396231009,84.6580996299377,9313.25645503,19393.98364472,50393.366930192
"2316","SANDWELL",2017,50.6707550785742,95.1747088186356,87.6931862140107,10436,16828,54287
"2317","SOLIHULL",2017,95.2812270243223,87.3164952435749,86.6860112223637,7853.001450632,10132.1471169,31562.102768747
"2318","WALSALL",2017,100,100,89.659916985805,8909,9920,43607
"2319","WOLVERHAMPTON",2017,96.9905285670639,98.6323567539539,88.7036678602536,6546,15428,41332
"2320","STAFFORDSHIRE",2017,99.8695136417556,92.5545701725408,89.8085208610654,33720,39353,126959
"2321","STOKE ON TRENT",2017,81.9628647214854,99.8810993734852,85.33554421135,7163,21867,53674
"2322","HEREFORDSHIRE",2017,100,100,100,3028.531185,11669.983066,28845.714321
"2323","WORCESTERSHIRE",2017,86.7189904147733,96.9278251900246,88.6882350362915,21485.1478601,26437.222527858,85535.602824848
"2324","SHROPSHIRE",2017,98.1911768014444,100,98.4093518508048,11956.503,16915.59,51113.818
"2325","TELFORD AND WREKIN",2017,95.9751693618346,96.278352545949,95.7061753637075,6631.807,7255.389,23403.075
"2326","LINCOLNSHIRE",2017,100,100,100,16516,48046,108037
"2327","NORTHAMPTONSHIRE",2017,100,100,100,14643,39507,108899
"2328","DERBYSHIRE",2017,66.681007212451,58.9076346559017,68.459886379382,39515,62177,144340
"2329","DERBY",2017,100,62.5625164516978,78.9870689655172,10112,15196,43616
"2330","LEICESTERSHIRE",2017,100,99.5210479987573,92.3395445134576,15162,38626,87423
"2331","LEICESTER",2017,100,99.9817345918382,95.1219099871204,7566.712,21899.319,49097.085
"2332","RUTLAND",2017,100,100,79.8530312308634,838,2257,4899
"2333","NOTTINGHAMSHIRE",2017,100,93.2945496588423,87.1544317623963,13008.15911,47862.4248397,125554.834111618
"2334","NOTTINGHAM",2017,80.5334293142003,84.8277660026949,81.3304993807791,11259.24399,23799.37477,55443.21626366
"2335","HERTFORDSHIRE",2017,100,99.998407338982,95.1366630327639,27481,62788,153187
"2336","NORFOLK",2017,100,100,94.9038215239745,27421,89008,163966
"2337","OXFORDSHIRE",2017,100,100,97.8381126703274,15793,27265,98340
"2338","SUFFOLK",2017,100,99.8153073165923,94.4970672025916,32729.307,53503.473,119839.679
"2339","LUTON",2017,83.5216452964327,100,79.7984627266375,7877,7990,27191
"2340","BUCKINGHAMSHIRE",2017,100,100,99.9214953855844,10171.4,21848.564,70059.576
"2341","MILTON KEYNES",2017,67.1642587864121,99.9928433111939,75.2247167225874,8351.11296,8858.98517,33004.035657
"2342","BRACKNELL FOREST",2017,100,99.6064098959798,86.5461964441854,3389,3557,17155
"2343","WEST BERKSHIRE",2017,100,57.743808451427,73.001960645218,3903.36902,8837.66062,23018.85603
"2344","READING",2017,93.1307793923382,93.7211601845748,81.9327149383912,6056,6068,21669
"2345","SLOUGH",2017,100,97.2952086553323,81.0078163978048,5071,3882,18039
"2346","WINDSOR AND MAIDENHEAD",2017,100,94.9349278930707,85.1360946745562,4309,5686,21125
"2347","WOKINGHAM",2017,100,99.9900664253519,99.9966043558805,5125.722254088,7067.646047596,20675.60295762
"2348","ESSEX",2017,100,100,100,58403,122227,249028
"2349","SOUTHEND ON SEA",2017,100,80.8413989982377,83.2507037721205,6045.305,16719.535,29360.356
"2350","THURROCK",2017,72.6165027789654,84.1828478964401,72.0834090496093,4678,12360,22012
"2351","CAMBRIDGESHIRE",2017,100,99.7184860807007,94.0778372264703,20117,25576,79962.51
"2352","PETERBOROUGH",2017,100,100,95.8810778440283,7068.47714,6676.78398,19929.27273
"2353","BEDFORD",2017,99.2285830288266,65.6067196640168,70.4185089190425,4926,13334,26236
"2354","CENTRAL BEDFORDSHIRE",2017,100,61.0586912886288,70.915955692814,8860.4544,15598.107,35456.6954
"2355","CAMDEN",2017,100,100,97.4301255668641,9726.01886,10194.92571,36630.61774
"2356","GREENWICH",2017,97.5657837132856,94.5710239400286,91.5147813651032,11373.157320407,11650.88368622,38234.921119902
"2357","HACKNEY",2017,46.0603112840467,100,65.242156920021,14392,6298,34234
"2358","HAMMERSMITH AND FULHAM",2017,100,100,96.0558015621136,10455.2483806,5858.1676099,39353.69552861
"2359","ISLINGTON",2017,94.8599240265907,100,87.7574123989218,8424,9662,37100
"2360","KENSINGTON AND CHELSEA",2017,100,100,81.4639764874096,4401,6596,25178
"2361","LAMBETH",2017,100,100,100,13659.21,7775.43,36676.66
"2362","LEWISHAM",2017,100,100,89.1854459306518,9428.975,10337.146,38279.988
"2363","SOUTHWARK",2017,100,100,100,13208,9536,41367
"2364","TOWER HAMLETS",2017,100,100,90.7876385524481,9991,10596,40869
"2365","WANDSWORTH",2017,100,100,95.3253235226016,10212,10253,38869
"2366","WESTMINSTER",2017,100,100,99.2038593298335,9747.982,11472.265,39020.868
"2367","LONDON",2017,100,100,100,320,524,1573
"2368","BARKING AND DAGENHAM",2017,100,74.9891884099755,85.8097385784682,2708,6937,23946
"2369","BARNET",2017,100,100,99.932191078847,7826.844,18653.0259255,45032.422697131
"2370","BEXLEY",2017,100,100,97.6903235891824,7319,9622,25588
"2371","BRENT",2017,100,100,100,11983,8541,39472
"2372","BROMLEY",2017,100,100,93.2040792809403,8418,8240,34712
"2373","CROYDON",2017,100,100,97.6545935430283,11921,19589,45749
"2374","EALING",2017,84.0735791211383,100,92.8613847193496,12721,14476,48833
"2375","ENFIELD",2017,47.568578553616,91.6940696224062,90.8378568670649,1604,17638,44029
"2376","HARINGEY",2017,100,100,96.1885990733868,9223,12451,39067
"2377","HARROW",2017,100,99.7464334387777,85.74076729208,2541.38,7198.11,26977.784
"2378","HAVERING",2017,100,100,100,8297.65205404,10401.0683022,31566.109346911
"2379","HILLINGDON",2017,100,91.1631494369225,87.2240674376657,7751.73005,7273.814629,30271.4493782
"2380","HOUNSLOW",2017,98.3491632745364,58.1012032305917,70.6033202861385,8844,6067,29636
"2381","KINGSTON UPON THAMES",2017,100,79.8442062184864,88.9314954670456,3937.85027,6494.410561,21113.963436
"2382","MERTON",2017,100,100,83.7152893508655,6406.9,7803,29747.535
"2383","NEWHAM",2017,100,100,98.227742689824,9021.77061,7366.34676,29275.78332
"2384","REDBRIDGE",2017,96.3310092582009,100,86.7716848460755,8749,15912,40247
"2385","RICHMOND UPON THAMES",2017,100,100,100,3420.2,10108.7,25916.5
"2386","SUTTON",2017,100,100,92.862163760064,5701.008,4449.267,19229.609
"2387","WALTHAM FOREST",2017,100,46.9456272518834,70.6190089358245,5717,12212,30775
"2388","ISLE OF WIGHT",2017,100,97.4351388066779,90.9682754623825,4390.473,15936.301,31403.925
"2389","SURREY",2017,100,89.6125265522223,92.7750792543967,42483.8829567,66268.6828227,193306.976843408
"2390","WEST SUSSEX",2017,98.9949427053326,96.6851558372953,95.0297491864173,15621,53004,121684
"2391","DORSET",2017,100,100,100,14337,46015,84356
"2392","BOURNEMOUTH",2017,100,100,99.0103080673108,5299,16428,34051
"2393","POOLE",2017,96.3796721923779,100,95.458412812439,9392.67561584,9940.4300068,25224.54150033
"2394","HAMPSHIRE",2017,100,81.390236625999,89.9359248184537,32857,63687,187280
"2395","PORTSMOUTH",2017,100,53.217795625066,69.8287917154843,6502,9463,26459
"2396","SOUTHAMPTON",2017,99.8514382929781,68.753984063745,81.5934910268372,8346.7,10040,36442
"2397","EAST SUSSEX",2017,100,98.6390223711151,86.5269163583435,13228.9095676,34022.9105367,93357.912550549
"2398","BRIGHTON AND HOVE",2017,95.5183093459647,86.0255246435628,79.2744560561933,5489,18727,46696
"2399","WILTSHIRE",2017,96.7003836763167,96.0971379011275,96.3585777494515,14335,33437,81589
"2400","SWINDON",2017,99.698275862069,100,97.646309932305,9280,11717,32199.95203286
"2401","KENT",2017,100,97.1361953092854,84.1292901871166,30038,72910,188599
"2402","MEDWAY",2017,100,100,100,8077.137,14363.342,32373.522
"2403","CORNWALL",2017,100,100,99.945863826582,15711.42,37786.95,89533.48
"2404","GLOUCESTERSHIRE",2017,94.0747935891209,100,90.8323093991196,14413,30071,83827
"2405","SOMERSET",2017,99.7091870456048,95.6103596636765,96.2910142322683,15130,35561,102373
"2406","BATH AND NORTH EAST SOMERSET",2017,100,100,99.1227637869006,4483,11975,40582
"2407","BRISTOL",2017,100,91.252849234777,83.4348196938824,15295,24568,84412
"2408","NORTH SOMERSET",2017,100,100,97.1062503551142,4539.087,13559.606,34249.542
"2409","SOUTH GLOUCESTERSHIRE",2017,98.7577639751553,81.2052705504648,89.7680931558001,5957,14951,40706
"2410","DEVON",2017,99.7488808821924,97.4144163968439,95.5366151964531,27477,63622,130820
"2411","PLYMOUTH",2017,100,100,100,9425,16801,38892
"2412","TORBAY",2017,100,99.9574841246973,96.4126289326488,4552.709,13903.042,25117.55386
"2413","BARKING AND DAGENHAM",2018,99.4736842105263,73.8358208955224,87.7407214637467,2280,6700,24977
"2414","BARNET",2018,100,100,99.7518244146158,10088.30836,18506.20767,47397.857375
"2415","BARNSLEY",2018,100,100,93.0074971164937,2797,17279,34680
"2416","BATH AND NORTH EAST SOMERSET",2018,100,100,99.9810865761975,3223,11462,42298
"2417","BEDFORD",2018,98.6542923433875,66.9581382539245,72.5580558055806,6465,14524,27775
"2418","BEXLEY",2018,100,100,99.1797140912185,9651,9593,29380
"2419","BIRMINGHAM",2018,94.4520077434031,87.2092361977171,86.202255141233,48630.20486,56298.43621,167895.59273
"2420","BLACKBURN WITH DARWEN",2018,100,100,94.083148296647,4748.757064,10528.95808,27884.358688
"2421","BLACKPOOL",2018,64.2461094494845,100,85.3755332692487,7753.252433,16747.33189,35436.252976
"2422","BOLTON",2018,93.0382253911666,99.9876160990712,83.7927998888014,10098,16150,43166
"2423","BOURNEMOUTH",2018,100,95.0673295043197,94.354539183955,7039,20719,37694
"2424","BRACKNELL FOREST",2018,100,100,86.7966909549115,2276,3892,18253
"2425","BRADFORD",2018,92.5831309681218,90.3708295967036,83.2908738204653,16717.69145,31976.77641,76335.970616
"2426","BRENT",2018,100,100,100,17182,7447,43986
"2427","BRIGHTON AND HOVE",2018,100,86.9763013118917,82.1457031413832,6337,18904,47686
"2428","BRISTOL",2018,100,89.6580319064919,83.4322291775343,15249,25324,92016
"2429","BROMLEY",2018,100,100,94.5839447796076,8722,8102.5,36798
"2430","BUCKINGHAMSHIRE",2018,100,100,97.6027555531165,11950.969,22239.038,73071.355
"2431","BURY",2018,100,100,79.5919502756847,2480.69498,13725.31979,32978.47002
"2432","CALDERDALE",2018,66.4988759769568,94.6436966682734,83.5810786646786,3742.361,11435.032,35036.449
"2433","CAMBRIDGESHIRE",2018,100,99.7327741186389,93.1868441721631,16018.068,26943.498,75647.235
"2434","CAMDEN",2018,99.9963431552202,100.483245448982,98.1422604678835,9024.17302,10064.21687,35228.86867
"2435","CENTRAL BEDFORDSHIRE",2018,100,63.343588400864,71.5542478517576,10204,15277,37772.74
"2436","CHESHIRE EAST",2018,100,100,90.7051331472715,13322,16075,64853
"2437","CHESHIRE WEST AND CHESTER",2018,98.4004602991945,100,90.3484841818102,8690,13044,45454
"2438","LONDON",2018,100,100,91.6717325227964,396,446,1645
"2439","CORNWALL",2018,100,100,99.9831418398525,18353.86,40534.2,99002.5
"2440","COUNTY DURHAM",2018,75.6054199500288,100,93.7898957497995,20812,67242,124700
"2441","COVENTRY",2018,100,88.6792452830189,81.2879351970938,9042,15847,44319
"2442","CROYDON",2018,100,100,88.210114308903,7663.417,15508.568,52087.019
"2443","CUMBRIA",2018,70.0150740718183,50.7588051733594,66.5762678467941,13757.40427,55125.05577,105189.65491
"2444","DARLINGTON",2018,100,100,99.3802345058626,1777,10549,17910
"2445","DERBY",2018,100,66.3309813983323,78.3955824833193,8308,15590,39117
"2446","DERBYSHIRE",2018,70.1432514128006,61.391668987207,70.6037772776201,38045,61049,143066
"2447","DEVON",2018,100,97.7426865067314,89.9476899958889,26042,69153,141082
"2448","DONCASTER",2018,98.8798684616175,98.9600695702587,90.8543703487524,9731,27598,54824
"2449","DORSET",2018,100,100,100,15489,48017,87825
"2450","DUDLEY",2018,100,100,85.8089860856553,9952.401,19530.628,53843.355
"2451","EALING",2018,93.8770609892749,100,95.583156956667,12494,15365,53862
"2452","EAST RIDING OF YORKSHIRE",2018,99.5175958877027,93.4789530662931,92.0638814294567,12645,47109,77456
"2453","EAST SUSSEX",2018,100,98.0119222636193,85.4712309276878,16451.6791,34738.18842,103207.57975
"2454","ENFIELD",2018,53.3101045296167,97.5251563774817,95.8514378043189,861,18385,45799
"2455","ESSEX",2018,100,100,99.9983651248432,60009,118845,244667
"2456","GATESHEAD",2018,65.2147131291799,100,77.4306704613144,11364,17948,45327
"2457","GLOUCESTERSHIRE",2018,71.5627153687112,99.7090235757035,92.2271384560772,11608,30243,78877
"2458","GREENWICH",2018,97.9142956536155,94.0205439055083,91.5770868818845,11941.56403,11417.44348,39473.527987
"2459","HACKNEY",2018,54.3620098204076,100,67.4806782450263,14867,5656,34029
"2460","HALTON",2018,90.6884377758164,96.4277814642778,82.1869336325192,4532,9042,23174
"2461","HAMMERSMITH AND FULHAM",2018,100,99.8838664464134,94.7382066033354,11279.519,5893.215,37465.097
"2462","HAMPSHIRE",2018,95.1912422275599,78.3592670075871,87.474098655904,35040.2345,66897.2054,193222.6946
"2463","HARINGEY",2018,100,100,96.4888358615988,7516,11206,35202
"2464","HARROW",2018,100,100,89.5590707560509,3920.812,8021.287,28962.47
"2465","HARTLEPOOL",2018,100,100,96.2475778804591,3450,13312,26836
"2466","HAVERING",2018,100,100,100,8493.17234,9818.0097,31291.54854
"2467","HEREFORDSHIRE",2018,100,100,97.5810727987324,6950.191795,10843.74606,32217.03322
"2468","HERTFORDSHIRE",2018,100,100,96.0729584617472,28247,64934,154773
"2469","HILLINGDON",2018,100,93.0740982551636,93.3457098734929,9065.60517,7039.717411,30678.448778
"2470","HOUNSLOW",2018,100,65.9299259073214,75.8945797386335,8765,7963,27471
"2471","ISLE OF WIGHT",2018,94.6724026323664,97.8309176347355,88.6855301284795,5033.038,15146.81993,29928.8967
"2472","ISLES OF SCILLY",2018,0,7.67717837932529,13.1795266130755,92.6,778.6362,949.61347
"2473","ISLINGTON",2018,97.3526630948629,99.7791519434629,88.0805534699131,9519,9056,37292
"2474","KENSINGTON AND CHELSEA",2018,100,100,81.3904820957991,4104,7661,25804
"2475","KENT",2018,100,96.562257025436,84.3481793451711,33971,72024,194463
"2476","KINGSTON UPON HULL",2018,95.0126055025759,97.2402130109384,92.0446677833613,9123,27792,44775
"2477","KINGSTON UPON THAMES",2018,100,80.0324895085962,89.0104233689358,5652,7387,23313
"2478","KIRKLEES",2018,99.257662155273,91.3529880863528,81.078341379041,7536.326,26378.488,61802.933
"2479","KNOWSLEY",2018,100,100,88.8565030391355,5288,9360,28133
"2480","LAMBETH",2018,100,100,100,15850.47,7140.04,35815.48
"2481","LANCASHIRE",2018,99.9720354843598,85.7955294752843,89.6809520698332,43186.87352,100421.0755,230054.06323
"2482","LEEDS",2018,100,88.5682471930964,83.9428571428571,19144,43108,112000
"2483","LEICESTER",2018,100,100,91.7625594578745,9959.7,21277.5,53714.5
"2484","LEICESTERSHIRE",2018,100,99.7966223869838,93.4127228552852,12324,38844,87669
"2485","LEWISHAM",2018,100,99.9010478204309,91.0899275601029,11024.96,10739.531,41542.715
"2486","LINCOLNSHIRE",2018,100,100,100,17745,49601,109178
"2487","LIVERPOOL",2018,100,100,83.243401161354,20488.98123,31720.5036,91881.38588
"2488","LUTON",2018,82.4324324324324,100,79.3891565030235,8288,8759,29271
"2489","MANCHESTER",2018,97.6805356288857,100,82.8555226513767,12546,23877,63484
"2490","MEDWAY",2018,100,100,100,8345.187,16598.046,35890.024
"2491","MERTON",2018,100,100,90.3186879245782,6238.439,5879.901,25726.265
"2492","MIDDLESBROUGH",2018,100,100,94.1209231090536,4112,13986,28729
"2493","MILTON KEYNES",2018,68.4451118093938,100,70.3247135388685,8732.853,7950.03,33252.417
"2494","NEWCASTLE UPON TYNE",2018,100,100,86.5368880647929,10614.035,21473.645,56105.654
"2495","NEWHAM",2018,100,100,96.9707624623256,9408.84436,7550.4099,30929.75339
"2496","NORFOLK",2018,100,100,94.5002532652154,25583.20235,89614.80189,165823.932588
"2497","NORTH EAST LINCOLNSHIRE",2018,96.0842774796263,99.4867780097425,95.8750519079038,5031,11496,21673
"2498","NORTH LINCOLNSHIRE",2018,98.4665087474341,100,83.2116059765262,5947.344,12007.008,26910.549
"2499","NORTH SOMERSET",2018,100,100,99.0906085467927,4547.107,13592.024,34419.391
"2500","NORTH TYNESIDE",2018,100,100,92.5408576616846,7901,14494,35795
"2501","NORTH YORKSHIRE",2018,99.527152888319,80.1626140378716,79.7406649035506,15967.41698,38547.06938,92573.599982
"2502","NORTHAMPTONSHIRE",2018,100,100,100,15579,34875,111650
"2503","NORTHUMBERLAND",2018,100,96.402075653921,90.9260069378123,13754.8,32201.9,64919.6
"2504","NOTTINGHAM",2018,87.1995612917546,87.2578916928375,86.282288412888,11764.93958,25032.4682,55004.003562
"2505","NOTTINGHAMSHIRE",2018,100,94.9668853890404,87.0927869545381,15046.67978,49032.35771,132075.23979
"2506","OLDHAM",2018,100,100,100,6905,15362,36337
"2507","OXFORDSHIRE",2018,100,100,98.9368337491495,17379,29594,105816
"2508","PETERBOROUGH",2018,100,100,88.5364353858158,8145.34946,7586.33238,23272.77195
"2509","PLYMOUTH",2018,100,100,99.8737633965375,9196,17183,38816
"2510","POOLE",2018,97.5386433816642,100,96.8943017295176,9453.413994,9108.615194,24993.1365702
"2511","PORTSMOUTH",2018,100,55.9522335527866,70.783500050184,7624.12308,10580.64875,28651.86581
"2512","READING",2018,93.8498699368265,92.3733065730055,82.941922360175,5382,5979,20799.53014
"2513","REDBRIDGE",2018,99.702741385005,100,89.5876601995846,9083,15297,39482
"2514","REDCAR AND CLEVELAND",2018,96.5048337405716,100,93.0759508907077,9413,15394,33232
"2515","RICHMOND UPON THAMES",2018,100,100,100,2599.232787,11623.3,29479.51192
"2516","ROCHDALE",2018,100,100,93.9730560151264,5647,16642,33848
"2517","ROTHERHAM",2018,100,91.3019409972929,83.8137133224337,8844.85,19542.222,43631.848
"2518","RUTLAND",2018,95.99609375,100,77.6503237742831,1024,2336,5405
"2519","SALFORD",2018,100,100,100,6563,14295,36362
"2520","SANDWELL",2018,20.349541951646,89.1715714195304,85.4351379741502,5444.84,15801,46418.84
"2521","SEFTON",2018,100,99.146588509116,98.6990553306343,9291,23201,55575
"2522","SHEFFIELD",2018,89.8494366337621,99.9553118017469,87.4799201674536,20058,24615,82172
"2523","SHROPSHIRE",2018,99.3537196987758,99.9671327854762,97.5659935725987,13716.03,17102.149,57146.891
"2524","SLOUGH",2018,100,85.488022173827,74.1541629891145,4359,5051,20394
"2525","SOLIHULL",2018,98.1531873968296,91.42545647205,92.2460998523683,6976.688906,10572.47043,31307.93345
"2526","SOMERSET",2018,99.6849180787005,100,99.7813125171616,14282,34504,101972
"2527","SOUTH GLOUCESTERSHIRE",2018,96.3470028539531,84.3097296390576,91.4791762953353,7227.625685,15897.73938,44606.41778
"2528","SOUTH TYNESIDE",2018,98.3123796579454,100,93.9627335135264,8829,20457,41807
"2529","SOUTHAMPTON",2018,100,69.3960458607926,83.6465111061252,8319,11077,35656
"2530","SOUTHEND ON SEA",2018,100,100,99.0697922158497,6894.423,16467.862,30414.495
"2531","SOUTHWARK",2018,100,100,100,14656,7770,34054
"2532","ST HELENS",2018,100,99.5283446712018,91.5016261667416,7728,11025,37819
"2533","STAFFORDSHIRE",2018,100,92.6591539055755,92.6178246760224,37074,44014,139593
"2534","STOCKPORT",2018,100,100,90.9830122229128,9429,18778,57924
"2535","STOCKTON ON TEES",2018,100,100,89.7831394513859,6505,15110,34815
"2536","STOKE ON TRENT",2018,70.1181409880883,100,85.2222887774371,10242,21474.18,63038.72
"2537","SUFFOLK",2018,93.5806358247855,100,95.4321225155845,24458.279,58331.946,132173.291
"2538","SUNDERLAND",2018,100,100,100,9092,26322,49880
"2539","SURREY",2018,100,96.7909475061075,95.4937553912371,46155.1304,66477.82933,197994.81552
"2540","SUTTON",2018,100,100,86.2352381364364,5896,4824,23117
"2541","SWINDON",2018,100,76.981356942198,85.7533993724236,8899,11747,32506
"2542","TAMESIDE",2018,96.6494210396649,100,90.339450413616,4059,15040,31551
"2543","TELFORD AND WREKIN",2018,96.37471718028,95.6261335678238,95.6616174175493,6550.551,6977.968,23536.767
"2544","THURROCK",2018,66.7268134247564,85.8150829286172,71.6356789832902,5542,10913,21245
"2545","TORBAY",2018,100,100,96.2381936492234,5059.588,14536.028,26754.02044
"2546","TOWER HAMLETS",2018,100,100,88.5179844129881,8807,9597,38416.6
"2547","TRAFFORD",2018,100,100,95.2959983275427,8164.269,7506.009,28776.818
"2548","WAKEFIELD",2018,100,91.2556667228182,83.7635510369447,8000.51,24160.79,51783.86
"2549","WALSALL",2018,100,100,90.9085044618858,8233,11065,46505
"2550","WALTHAM FOREST",2018,100,53.086319218241,75.0766620995629,6883,12280,30654
"2551","WANDSWORTH",2018,100,100,96.9754102713899,11840,9520,37658
"2552","WARRINGTON",2018,100,100,91.8987341772152,4863,14929,43450
"2553","WARWICKSHIRE",2018,100,100,95.2865815149445,18483,35749,77587
"2554","WEST BERKSHIRE",2018,99.3902175313526,41.8632445867739,70.9829462454452,4349.04435,9173.50568,25421.90452
"2555","WEST SUSSEX",2018,99.3162014150085,96.5078365677842,94.8478689564729,18441.13936,54637.39762,127150.823274
"2556","WESTMINSTER",2018,100,100,99.7573854716712,8895,11099,35035
"2557","WIGAN",2018,93.270964833183,93.9460173842322,88.3230542043085,8872,19673,46048
"2558","WILTSHIRE",2018,97.9401593745301,98.2392848229075,98.1550833760397,19953,44073,101468
"2559","WINDSOR AND MAIDENHEAD",2018,100,96.1793173713704,85.3735352693252,4511,5889,21591
"2560","WIRRAL",2018,100,100,95.8796903314166,9061.27189,19270.18663,52328.680231
"2561","WOKINGHAM",2018,100,99.847632806127,99.9495050455517,5791.362645,7097.771328,21856.6985961
"2562","WOLVERHAMPTON",2018,96.702487855145,97.3861438954458,86.605671561032,6793,14997,40659
"2563","WORCESTERSHIRE",2018,88.7443731007731,95.8975801007415,89.4543293372252,23318.71555,28926.14796,93305.17155
"2564","YORK",2018,76.9263396013007,61.0711365494685,78.5671181440258,7073,12230,29828
"2565","BARKING AND DAGENHAM",2019,100,74.9499799919968,89.9695387293299,3126,7497,27576
"2566","BARNET",2019,99.2581051998442,99.299818663751,98.9233778421803,12300.99065,17378.4338,51339.413088
"2567","BARNSLEY",2019,100,100,97.0362440740174,2879,17542,32695
"2568","BATH AND NORTH EAST SOMERSET",2019,100,100,100,3731,8669,31835.429
"2569","BEDFORD",2019,99.0646543712482,67.7189396419058,73.2968115266552,6646.985466,15674.92915,29911.341726
"2570","BEXLEY",2019,100,100,98.1871890547264,10925,10327,32160
"2571","BIRMINGHAM",2019,95.2582938388626,86.2597688689966,89.3295039623934,42200,57197,159121
"2572","BLACKBURN WITH DARWEN",2019,100,100,90.8654590493884,4129,11596,32295
"2573","BLACKPOOL",2019,77.197966507177,100,86.4099147121535,6688,17011,37520
"2574","BOLTON",2019,92.8831307125743,100,84.207874904284,11269,17560,49626
"2575","BOURNEMOUTH",2019,100,100,97.2890381531572,5456,16565,33051
"2576","BRACKNELL FOREST",2019,100,100,86.0934182590234,1328,4298,17898
"2577","BRADFORD",2019,84.1696281894886,91.3331330574009,84.2931565856632,15378.56065,29337.857,66283.154472
"2578","BRENT",2019,100,87.5048252887084,97.4693121872572,18256.7506,9441.17083,46615.42147
"2579","BRIGHTON AND HOVE",2019,100,85.9934999144579,81.9865775944695,6865.988,17926.841,52098.262
"2580","BRISTOL",2019,100,91.3975118715906,84.6805510480432,15463,25481,89357
"2581","BROMLEY",2019,100,100,96.3084411425644,8699,8867,39035
"2582","BUCKINGHAMSHIRE",2019,99.6407417974048,100,97.54750632503,8314.076,24223.332,70990.968
"2583","BURY",2019,100,100,80.6757731782619,3101.04812,13988.62415,34581.0647
"2584","CALDERDALE",2019,76.763925622595,93.0666540699871,84.5581078711164,5958.046,13231,36961.034
"2585","CAMBRIDGESHIRE",2019,100,99.364985933355,93.9274334757409,13922.725,28473.385,80144.861
"2586","CAMDEN",2019,100,100,98.4534469184439,9715.66,10114.96,42207.41
"2587","CENTRAL BEDFORDSHIRE",2019,99.9745569732976,67.318332718554,74.5753698714399,11791.05,16266,41901.113
"2588","CHESHIRE EAST",2019,100,100,88.9199612790215,12742,16129,65081
"2589","CHESHIRE WEST AND CHESTER",2019,100,100,91.4466520104374,11003,14173,48671
"2590","LONDON",2019,100,100,92.0670391061453,533,397,1790
"2591","CORNWALL",2019,100,100,99.9756186360497,18399.81006,40478.83928,104333.62158
"2592","COUNTY DURHAM",2019,74.2483197736116,100,86.8236239453596,22616,65079,124450
"2593","COVENTRY",2019,78.3494741845404,89.2512849006806,84.1868648165014,16831,17997.5,49847.8
"2594","CROYDON",2019,100,100,90.0729998690585,16477,15125,61096
"2595","CUMBRIA",2019,74.4746891978859,53.7682831492753,69.1941470709448,12715.54092,57468.52384,105465.16149
"2596","DARLINGTON",2019,100,100,97.535270172308,1838,10225,17933
"2597","DERBY",2019,100,71.9002151694459,80.5142587674667,10406,14872,40291
"2598","DERBYSHIRE",2019,73.8812042310822,59.6869058935361,70.193533508011,39328,67328,156097
"2599","DEVON",2019,100,97.8663783906803,93.4274201713001,26705,70303,148161
"2600","DONCASTER",2019,98.7866896470101,98.9750506380364,90.8820805018252,10815.04,27525.80571,55367.73571
"2601","DORSET",2019,100,100,100,17755,45679,89445
"2602","DUDLEY",2019,100,100,83.5999648783914,9518,18160,56945
"2603","EALING",2019,100,100,94.8614859282921,14217,14635,54471
"2604","EAST RIDING OF YORKSHIRE",2019,99.2545710267229,93.6327077747989,92.3736574806427,14220,52220,84077
"2605","EAST SUSSEX",2019,100,99.6449169657217,85.5980032119415,17892.76521,36246.48535,107670.09903
"2606","ENFIELD",2019,11.791730474732,99.8474166052825,98.5235583616007,653,19006,51001
"2607","ESSEX",2019,100,100,100,58984,114654,248388
"2608","GATESHEAD",2019,71.2358792783679,99.9569730543753,76.3132285649212,11862,18593,48297
"2609","GLOUCESTERSHIRE",2019,79.7360248447205,100,93.0525607308896,1288,28917,80231
"2610","GREENWICH",2019,97.8887890995759,93.5788982712569,91.7140154000474,13503.6727,10961.2934,42108.003375
"2611","HACKNEY",2019,56.4862395797648,100,64.0624233204103,17514,6111,40754
"2612","HALTON",2019,95.5102040816327,100,87.7358981024175,2450,7755,19235
"2613","HAMMERSMITH AND FULHAM",2019,100,100,94.2924345744431,10164.263,6726.707,34734.477
"2614","HAMPSHIRE",2019,100,78.5072224036077,86.9225637198108,38620.1481,77546.98026,219348.0854
"2615","HARINGEY",2019,100,100,96.0628852476587,7809.64491,11420.84012,34482.025097
"2616","HARROW",2019,100,98.9767759016327,91.8505015670919,5082.201,8323.983,30305.816
"2617","HARTLEPOOL",2019,100,100,95.3816575058688,4948,14306,28484.20189
"2618","HAVERING",2019,100,100,98.9704894255276,7915.91568,9609.35288,31970.64296
"2619","HEREFORDSHIRE",2019,100,100,96.7827203682621,6633.76407,12084.58334,32325.44631
"2620","HERTFORDSHIRE",2019,100,100,95.8262152030971,28790,65309,162730
"2621","HILLINGDON",2019,100,93.4368028686033,95.977167322175,9538.85233,6764.86979,31761.56759
"2622","HOUNSLOW",2019,100,45.427264932838,75.5334047285608,7654,6998,24278
"2623","ISLE OF WIGHT",2019,98.1548513998337,96.70208164138,85.2465049534998,5426.609,13942.219,29981.933
"2624","ISLES OF SCILLY",2019,15.3608688983733,3.70380028363507,4.65814873589484,109.40566,938.3016723,1175.541682
"2625","ISLINGTON",2019,98.6514444605659,100,87.4967590899159,11168.41358,8989.00793,37792.220185
"2626","KENSINGTON AND CHELSEA",2019,90.9156976744186,100,81.0207156308851,5504,7272,26550
"2627","KENT",2019,100,97.0674799047231,85.5245665755598,37737.75359,74433.54893,202987.21032
"2628","KINGSTON UPON HULL",2019,95.4135409742665,96.8848526387937,91.7835204405846,10531,29180,47210
"2629","KINGSTON UPON THAMES",2019,100,84.0062173945927,94.0743917618229,5037.13585,8223.221357,22600.281628
"2630","KIRKLEES",2019,99.1114855807897,91.4923241709457,80.6544827023086,6397.195,28379.866,65092.935
"2631","KNOWSLEY",2019,100,100,92.6543953208326,6191,8872,29065
"2632","LAMBETH",2019,100,100,98.144194715247,13863.26,8203.46,37627.87
"2633","LANCASHIRE",2019,100,83.2215551581697,87.9828894664781,41930.20575,103100.0609,236702.21357
"2634","LEEDS",2019,100,88.0793169670747,80.936759918659,20474,43219,119497
"2635","LEICESTER",2019,100,100,93.2949865149317,11442.6,23571.3,58101.3
"2636","LEICESTERSHIRE",2019,94.79329450206,99.7305704558258,92.3387142971713,14078,40827,87283
"2637","LEWISHAM",2019,99.9987998800939,100,91.7107708904752,11332.201,10079.663,41649.639
"2638","LINCOLNSHIRE",2019,100,100,100,21812,55279,120094
"2639","LIVERPOOL",2019,100,100,81.6125372271748,19972.06719,31980.79704,91219.90565
"2640","LUTON",2019,84.1948081782679,100,78.8204521838833,8706,8479,27909
"2641","MANCHESTER",2019,100,100,85.764480727251,16395,23715,66882
"2642","MEDWAY",2019,100,100,100,8438.55,12461.95,34608.01
"2643","MERTON",2019,100,98.3087454222022,84.3676015743182,6802.247,5838.506,26262.72833
"2644","MIDDLESBROUGH",2019,100,99.5772082737089,95.176734071213,5512,15374,30809
"2645","MILTON KEYNES",2019,63.4268568957874,100,66.7836616523427,7295.201253,7899.043227,33542.219415
"2646","NEWCASTLE UPON TYNE",2019,100,100,86.5070192304616,9829.904,20143.605,55954.923
"2647","NEWHAM",2019,100,100,97.115403923713,10788.7352,7602.80082,33340.03703
"2648","NORFOLK",2019,100,100,93.1196004497971,26185.48979,93741.3512,175322.67308
"2649","NORTH EAST LINCOLNSHIRE",2019,96.4228794049938,99.2847411444142,97.7293004996431,5647,11744,22416
"2650","NORTH LINCOLNSHIRE",2019,97.9446429054573,100,81.733769498338,5504.752887,12185.42195,26945.9185
"2651","NORTH SOMERSET",2019,100,100,98.2346707890123,4505.142,15258.829,37297.859
"2652","NORTH TYNESIDE",2019,100,100,88.1420450276727,8386,16624,39931
"2653","NORTH YORKSHIRE",2019,71.2906157691434,81.3090418353576,79.6048239953718,17604,50388,112355
"2654","NORTHAMPTONSHIRE",2019,94.2594777612476,89.326190425373,86.1684204955412,19493,46853,113371
"2655","NORTHUMBERLAND",2019,100,96.2466113300355,91.1430069286028,14586,35781,70577
"2656","NOTTINGHAM",2019,94.3228901650069,87.4250520047314,84.8846765873363,13757,24517,57187
"2657","NOTTINGHAMSHIRE",2019,100,96.3115396468901,86.3857051968182,18167.27499,51015.95652,139692.16439
"2658","OLDHAM",2019,100,100,100,7594,16509,40711
"2659","OXFORDSHIRE",2019,100,100,97.904053011392,18071,29742,110165
"2660","PETERBOROUGH",2019,100,100,92.2792548224249,6760.867,8041.35,25231.2692
"2661","PLYMOUTH",2019,100,100,99.6655356277266,9768,18340,41260
"2662","POOLE",2019,96.007890802719,100,97.3687136989545,9118.448219,10128.06188,25479.4185807
"2663","PORTSMOUTH",2019,96.0549181774047,50.5582624341072,71.0014795886437,8671.81,11327.11,33874.28
"2664","READING",2019,92.73087725095,97.2067039106145,84.8303209147916,6053,5370,21688
"2665","REDBRIDGE",2019,78.9276595744681,100,90.5536249568931,11750,14646,37697
"2666","REDCAR AND CLEVELAND",2019,98.8575508746876,100,93.3787418147802,11204,14059,34208
"2667","RICHMOND UPON THAMES",2019,100,100,99.9931824379602,3606,11978,29336
"2668","ROCHDALE",2019,100,100,94.0461647754279,4036.212,17493.672,36292.086
"2669","ROTHERHAM",2019,100,85.4340477791298,81.1805309633325,10653.212,19469.17,44952.671
"2670","RUTLAND",2019,94.9361886631579,100,77.9738171736537,1402.105949,2893.49381,6346.991719
"2671","SALFORD",2019,100,100,100,8078.174011,15218.1955,40362.721991
"2672","SANDWELL",2019,84.6740405563935,94.7374377546401,88.1970437099537,11934,17672,63052
"2673","SEFTON",2019,100,100,98.9125080742773,9901.54,24602.025,56438.488
"2674","SHEFFIELD",2019,85.8112936423921,100,86.7517728472449,19558.048,26418.176,83396.215
"2675","SHROPSHIRE",2019,100,99.1121346464319,97.7069957161431,15841.34732,18988.22601,63870.178844
"2676","SLOUGH",2019,100,87.0959051724138,76.6449424158557,5318,11136,22402
"2677","SOLIHULL",2019,96.80268958781,91.8283780843908,91.8132388280961,6318.075631,11624.22662,33543.575638
"2678","SOMERSET",2019,99.868654871359,100,99.7963110810866,12943,34241,97698
"2679","SOUTH GLOUCESTERSHIRE",2019,98.8671023965142,90.8517160545772,94.5914472407324,6885,16637,46371
"2680","SOUTH TYNESIDE",2019,93.082212870779,100,96.9532046025001,9743,15882,40239
"2681","SOUTHAMPTON",2019,100,71.4190317195326,82.0638314314417,9202,11980,38821
"2682","SOUTHEND ON SEA",2019,100,100,98.6951239082243,6409.673,17219.446,30733.876
"2683","SOUTHWARK",2019,100,100,100,14720,7797,33235
"2684","ST HELENS",2019,100,99.5054213429713,94.8365647709553,8724,10514,33989
"2685","STAFFORDSHIRE",2019,99.0963403284398,93.2668689495738,92.9551570701553,33309,41526,150124
"2686","STOCKPORT",2019,100,100,90.4660665049995,10118,20045,60206
"2687","STOCKTON ON TEES",2019,100,99.6820710798229,91.2236918725564,7247,17614,36063
"2688","STOKE ON TRENT",2019,77.2543107509658,100,83.8515232903259,11143.65,19864.45,63779.7
"2689","SUFFOLK",2019,96.711586934104,99.9995343494544,95.5087439104626,28506.212,63352.229,141000.243
"2690","SUNDERLAND",2019,100,100,99.970651894787,10912,28398,54518
"2691","SURREY",2019,100,98.1081648814958,96.3690328043257,47486.34655,68832.73533,205858.270185
"2692","SUTTON",2019,100,100,86.1463015937883,6830,3880,24470
"2693","SWINDON",2019,100,80.6013745704467,85.7740078764011,8827,11640,33010
"2694","TAMESIDE",2019,97.1391917896087,100,88.8502415458937,7795,16359,36225
"2695","TELFORD AND WREKIN",2019,99.1968958942726,93.4500826255706,96.220363819465,8324.201,7380.887,27918.957
"2696","THURROCK",2019,61.335263253121,89.1262722966845,77.9514932852275,5527,9923,19956
"2697","TORBAY",2019,100,100,98.7034485406903,5280.058,15136.381,28233.26582
"2698","TOWER HAMLETS",2019,100,100,94.8216562969644,18692.50659,10684.25977,49708.581655
"2699","TRAFFORD",2019,100,100,96.676927431172,8591.64604,7836.56044,30484.67131
"2700","WAKEFIELD",2019,100,90.833459385872,86.9334717407826,7925,26444,53947
"2701","WALSALL",2019,100,100,100,7304.96281,10028.3897,42151.9107
"2702","WALTHAM FOREST",2019,100,55.6572653801748,75.4219573830843,7304,12126,32053
"2703","WANDSWORTH",2019,100,100,95.5122996306418,12780.52812,11131.66365,42025.97867
"2704","WARRINGTON",2019,100,100,91.7983834755276,3830,12946,44540
"2705","WARWICKSHIRE",2019,100,100,95.4868514570007,19262,36849,84420
"2706","WEST BERKSHIRE",2019,99.3002246940289,42.8533311003824,64.4393616560615,5623.11783,11264.73468,30579.50992
"2707","WEST SUSSEX",2019,99.8730133847134,96.7807796704154,95.436501446296,20537.74718,58305.6162,137965.326074
"2708","WESTMINSTER",2019,100,100,99.8368979033489,10758,11525,38013
"2709","WIGAN",2019,100,94.0156627099444,89.6231534519144,8825,20303,49755
"2710","WILTSHIRE",2019,100,99.88884068973,97.6910323032926,19758,36884,89867
"2711","WINDSOR AND MAIDENHEAD",2019,100,94.0890125173853,86.1690303650024,4203,5752,22493
"2712","WIRRAL",2019,100,100,97.92545738371,10492.24228,18178.02893,52880.675836
"2713","WOKINGHAM",2019,100,100,100,5665,7694,21910.27
"2714","WOLVERHAMPTON",2019,98.9661468849923,97.8527140676691,89.4768389208448,7351.140979,14361.36871,40552.865141
"2715","WORCESTERSHIRE",2019,90.6533082863703,94.7194178576111,89.472168807264,23955,30508,97247
"2716","YORK",2019,81.758345086977,82.9498333197821,88.6859109849629,8508,12299,33118
"2717","BARKING AND DAGENHAM",2020,100,73.0500668548507,89.9467519437232,2153,6731,26611.3
"2718","BARNET",2020,100,100,100,13253.5545,19952.17215,54254.89635
"2719","BARNSLEY",2020,100,100,96.7017825874788,4198,18596,34837
"2720","BATH AND NORTH EAST SOMERSET",2020,100,100,100,10581,12214,40674
"2721","BEDFORD",2020,98.7343717533366,65.4877276282162,72.3194554696568,7670.644224,16000.46091,31591.447518
"2722","BEXLEY",2020,100,100,96.5171936012092,10824,9867,31756
"2723","BIRMINGHAM",2020,96.4639779572652,87.589928057554,88.8548435381337,37019,61160,170361
"2724","BLACKBURN WITH DARWEN",2020,100,99.9987617469549,91.1818262668222,6017.678752,13133.01838,36391.447675
"2725","BLACKPOOL",2020,79.7073611588383,100,87.330224573739,7002.981668,17432.45852,37986.811487
"2726","BOLTON",2020,95.5814560320083,100,86.4159378036929,11497,19949,51450
"2727","BOURNEMOUTH CHRISTCHURCH AND POOLE",2020,98.2920950272782,100,98.8598125434311,18901.52,48952.98,90574.58
"2728","BRACKNELL FOREST",2020,100,100,86.2159454172432,1691,4712,20959
"2729","BRADFORD",2020,91.7183308653827,91.3925921870901,77.0054605313962,16436.73513,31265.82391,84200.90219
"2730","BRENT",2020,100,100,96.4132728026817,12154.66413,9022.95137,46002.9411
"2731","BRIGHTON AND HOVE",2020,100,85.7487416107383,84.5895427645071,6865,19072,51199
"2732","BRISTOL",2020,100,92.2070969715509,84.2286846172264,15659,26152,91882
"2733","BROMLEY",2020,100,100,97.6180494147603,9492.0287,11322.69757,42702.39552
"2734","BUCKINGHAMSHIRE",2020,100,100,97.377530396698,10145,26281,77338.17
"2735","BURY",2020,100,100,82.5552511287289,3402.70305,14663.8124,36866.967122
"2736","CALDERDALE",2020,86.8672472890942,94.7484298958702,85.3996445542051,10174.828,14712.4,39316.262
"2737","CAMBRIDGESHIRE",2020,100,99.7102139653051,90.2362423218092,15402,25191,79283
"2738","CAMDEN",2020,100,100,97.4901377699722,7924.14,9964.78,37676.57
"2739","CENTRAL BEDFORDSHIRE",2020,100,66.4386633774389,75.283925958613,12671,17836,43057
"2740","CHESHIRE EAST",2020,100,100,92.1219075762811,12466.04756,17315.77978,68406.40602
"2741","CHESHIRE WEST AND CHESTER",2020,98.9753950501479,100,93.678097140532,13859,16472,54066
"2742","LONDON",2020,100,100,90.6307409675444,550,340,1633
"2743","CORNWALL",2020,100,100,99.8514324748186,18383.79887,49534.4051,123005.54901
"2744","COUNTY DURHAM",2020,75.204256923786,100,89.4629493194773,23867,69832,128945
"2745","COVENTRY",2020,78.8331149222267,89.394891122278,83.4570934062866,17551,19104,53733
"2746","CROYDON",2020,100,100,98.6067415730337,18487,15873,57850
"2747","CUMBRIA",2020,84.5623579083833,56.6491036075202,68.120111218225,6844.94992,60374.2961,102136.41874
"2748","DARLINGTON",2020,100,100,97.3832179930796,1892,10713,18496
"2749","DERBY",2020,100,79.883855981417,82.5088836055935,11236,12915,39117
"2750","DERBYSHIRE",2020,81.6754054383612,63.5583684950774,72.3944164748458,41005,63990,162478
"2751","DEVON",2020,99.9961495543879,97.3454087135042,95.8615119456014,25971.02,76961,155854.02
"2752","DONCASTER",2020,100,99.0766810202054,90.9274776076278,10333,24152,51915
"2753","DORSET",2020,100,100,100,16543.736,42814.753,84325.093
"2754","DUDLEY",2020,100,100,82.6428838887565,10510,18098,58754
"2755","EALING",2020,100,100,95.7514817780922,13873.13367,11969.8759,48936.11964
"2756","EAST RIDING OF YORKSHIRE",2020,93.0455764075067,93.9295831647106,92.5575644515786,18650,56833,92201
"2757","EAST SUSSEX",2020,100,99.4214846351521,87.0517665294081,20069.92877,35894.53498,107806.65333
"2758","ENFIELD",2020,24.5637583892617,100,98.5830299635956,745,21224,53565
"2759","ESSEX",2020,100,100,100,64219,118714,266941
"2760","GATESHEAD",2020,85.6991783942081,99.9739867852869,80.2835880933226,12293,19221,49720
"2761","GLOUCESTERSHIRE",2020,94.2368469975832,100,94.0157131791524,5379,32507,90370
"2762","GREENWICH",2020,98.8351316999145,96.0034845579786,92.8779968533335,13512.33869,10593.65355,42963.251967
"2763","HACKNEY",2020,63.4267367192061,100,73.7301994093383,17130,6418,40971
"2764","HALTON",2020,100,75.2848977244131,76.8185545273515,3234,16690.2,25611
"2765","HAMMERSMITH AND FULHAM",2020,100,100,95.0110784672581,12601.017,6208.562,38726.025
"2766","HAMPSHIRE",2020,100,81.3266696250994,87.9338460729749,43649.2518,83045.30059,242360.08414
"2767","HARINGEY",2020,100,100,96.0503016876039,8105.02757,11385.2236,37504.194747
"2768","HARROW",2020,100,99.1692522771797,92.5313685231766,6331.091,9625.064,32549.25628
"2769","HARTLEPOOL",2020,99.4330400782014,100,94.8327822213142,5115,10434,23958.73472
"2770","HAVERING",2020,100,99.9900384311048,99.9970935220567,8841.78856,9972.22436,34178.4806
"2771","HEREFORDSHIRE",2020,100,100,96.1529389970704,7389.09801,12870.29674,34894.27381
"2772","HERTFORDSHIRE",2020,100,100,95.188593633656,35533,71729,171904
"2773","HILLINGDON",2020,100,91.8064560693225,96.4354650081995,10040.25457,7421.69695,34860.08702
"2774","HOUNSLOW",2020,100,48.4106043472798,77.94852093738,8055,7959,26030
"2775","ISLE OF WIGHT",2020,88.8656334607407,97.1619868278275,84.485643398169,6677.533,13128.586,31942.343
"2776","ISLES OF SCILLY",2020,0,5.13062075895444,11.3250219166329,94.62012015,845.8450164,1120.03068015
"2777","ISLINGTON",2020,98.6984815618221,98.2875531548098,87.043749307074,11525,8701,38559.40363
"2778","KENSINGTON AND CHELSEA",2020,100,100,86.7982608026473,5759,7248,25989
"2779","KENT",2020,87.1176987914545,96.6792485383616,85.9407123793228,46061.2682,77077.58619,216160.17937
"2780","KINGSTON UPON HULL",2020,95.7876076312679,97.0537920547424,90.3602726387536,11846,31566,52377
"2781","KINGSTON UPON THAMES",2020,100,100,100,4893.392403,5713.799613,20040.5417535
"2782","KIRKLEES",2020,98.8634933247807,91.0807011977728,80.011911740004,6045.719,29804.316,67362.115
"2783","KNOWSLEY",2020,100,100,93.5135135135135,6054,8995,31080
"2784","LAMBETH",2020,100,100,98.5603964677899,16267.22,8183.55,42777.75
"2785","LANCASHIRE",2020,100,83.2143108686766,86.7714785215998,40182.66653,106945.2592,248253.40877
"2786","LEEDS",2020,100,90.9683319995427,83.4026415800653,23917,43735,122881
"2787","LEICESTER",2020,100,100,93.1983258511792,11293.3,26029.6,61858.3
"2788","LEICESTERSHIRE",2020,95.7654512542022,99.8037402577796,93.4391990095279,15468,52991,92885
"2789","LEWISHAM",2020,99.7565326748431,100,90.7378194608382,11596.628,10849.879,42106.1
"2790","LINCOLNSHIRE",2020,100,100,100,18877,60385,121915
"2791","LIVERPOOL",2020,100,100,84.1191538196355,22351.66878,31605.71064,95080.16373
"2792","LUTON",2020,84.472190692395,100,79.0818162193279,8810,8353,27794
"2793","MANCHESTER",2020,100,100,80.7612110428424,14870,24384,71938
"2794","MEDWAY",2020,100,100,100,9272.84,16188.87,37262.78
"2795","MERTON",2020,100,97.4749373071267,81.5148450451493,5606.3,5187.99,26000.864
"2796","MIDDLESBROUGH",2020,100,99.6731234866828,96.1687696678989,6077,16520,32731
"2797","MILTON KEYNES",2020,67.2750621319447,100,69.0183727856534,7269.715318,8224.951445,33595.379364
"2798","NEWCASTLE UPON TYNE",2020,100,100,87.2390372984478,10664.071,21852.989,60193.899
"2799","NEWHAM",2020,100,100,97.4950535020653,12755.73789,7366.29688,34935.8091888
"2800","NORFOLK",2020,100,100,93.1902495476762,28744.35427,107069.3433,201885.08293
"2801","NORTH EAST LINCOLNSHIRE",2020,97.4799931891708,99.5688252521965,98.2104995335425,5873,12292,23582
"2802","NORTH LINCOLNSHIRE",2020,97.9813226268337,100,80.8586119800744,4794.681522,12651.07581,27900.24616
"2803","NORTH SOMERSET",2020,100,100,99.0908856904982,4516.708,17452.42,40994.734777
"2804","NORTH TYNESIDE",2020,100,100,89.1367022626104,9658,19058,43357
"2805","NORTH YORKSHIRE",2020,72.3485505988544,78.9927058006252,79.9019607843137,17283,57580,119952
"2806","NORTHAMPTONSHIRE",2020,98.4010886205137,88.7077332994988,86.3077631555642,17637,47289,112918
"2807","NORTHUMBERLAND",2020,100,97.171442687747,92.0328997408759,16239,40480,77569
"2808","NOTTINGHAM",2020,94.0053808643013,82.0324245256186,83.4156213471973,11894,24611,57319
"2809","NOTTINGHAMSHIRE",2020,100,99.4848246109135,90.3911844461032,18380.14178,52156.32301,138059.79593
"2810","OLDHAM",2020,100,100,100,7572,17475,44805
"2811","OXFORDSHIRE",2020,100,100,98.151023288638,18114,27398,106275
"2812","PETERBOROUGH",2020,100,100,90.1166436390937,5525.731,6687.033,21468.466
"2813","PLYMOUTH",2020,100,100,100,9834.64632,19345.14763,42015.688164
"2814","PORTSMOUTH",2020,99.9771692336209,52.6238650111656,72.5247267326759,8847.71,11257.82,37403.85
"2815","READING",2020,91.6300892992281,100,85.6160999056646,6607,5109,22261
"2816","REDBRIDGE",2020,86.6281539376434,100,94.7861546677023,11771,15155,41198
"2817","REDCAR AND CLEVELAND",2020,94.0321477428181,100,89.9447244350512,11696,15740,36906
"2818","RICHMOND UPON THAMES",2020,100,100,100,3360,12511,29076
"2819","ROCHDALE",2020,100,100,94.5448439927014,3831.17,18736.257,38391.441
"2820","ROTHERHAM",2020,100,82.9585798816568,81.6851855975417,12247,19435,44909
"2821","RUTLAND",2020,100,100,88.9214536928488,1459,3017,6824
"2822","SALFORD",2020,100,100,100,8180.781531,17060.94068,43981.17666
"2823","SANDWELL",2020,87.4805229997968,94.5629694133014,88.8524791926278,14761,18374,65001
"2824","SEFTON",2020,100,100,98.6978945039233,10995,25858,58751
"2825","SHEFFIELD",2020,86.444711823955,100,87.8491491184714,25908.243,29494.507,94733.341
"2826","SHROPSHIRE",2020,100,100,95.8545314130178,16344.3684,17537.36245,64617.538061
"2827","SLOUGH",2020,100,100,88.3092448473446,5718,7831,23386
"2828","SOLIHULL",2020,99.7503092863948,93.325966608463,91.9916101693605,8147.868099,13206.83683,38711.172365
"2829","SOMERSET",2020,100,100,99.8027555918304,13768,33843,102918
"2830","SOUTH GLOUCESTERSHIRE",2020,99.0162379992888,92.1345871609502,94.7971989456706,8437,18397,50838
"2831","SOUTH TYNESIDE",2020,92.5802457376893,100,96.9072402358143,10499,18654,43424
"2832","SOUTHAMPTON",2020,100,77.0006724949563,83.5885624678411,10917,11896,40813
"2833","SOUTHEND ON SEA",2020,100,100,99.1011691714648,7247.49072,18541.49137,33245.74553
"2834","SOUTHWARK",2020,100,100,100,14813,8398,35520
"2835","ST HELENS",2020,100,99.5367070563079,88.2633561922316,9332,11224,36893
"2836","STAFFORDSHIRE",2020,100,95.873791001836,97.486375264153,37309,52833,152847
"2837","STOCKPORT",2020,100,100,90.0653198805673,11812.7877,23330.37945,66065.647128
"2838","STOCKTON ON TEES",2020,100,99.6723473908543,90.5622264616766,6892,17701.675,35644
"2839","STOKE ON TRENT",2020,73.6253298153034,100,82.4959593613279,10138.25,20888.63,65695.06
"2840","SUFFOLK",2020,94.8413837921252,99.9987559286987,95.6131812864368,29280.236,67600.627,147914.364
"2841","SUNDERLAND",2020,100,100,99.9834762333156,11214,29811,54467
"2842","SURREY",2020,100,79.9584307978606,89.9467209794295,45748.07327,71813.31963,210931.019746
"2843","SUTTON",2020,100,100,87.9083820226749,7701.77469,4080.7,24567.03483
"2844","SWINDON",2020,100,76.9632925134487,85.1171455754738,10111.758,13153.72,35515.19708
"2845","TAMESIDE",2020,93.500426550149,97.4890488430868,85.3565994932933,6582.011532,21913.46329,40242.860716
"2846","TELFORD AND WREKIN",2020,99.884382905998,93.4658544577125,97.5739356745624,8171.802,7461.955,29591.466
"2847","THURROCK",2020,62.9215017064846,84.3156926678371,70.2082413834611,7325,11961,24923
"2848","TORBAY",2020,100,100,98.5819978911164,6079.745,16790.898,31631.49527
"2849","TOWER HAMLETS",2020,100,100,93.5630032632835,21138.806,9618.965,44515.18491
"2850","TRAFFORD",2020,100,100,97.2361117026781,9120.60468,8737.67743,33443.89753
"2851","WAKEFIELD",2020,100,91.8996249071999,88.3821817066249,8880.779113,30131.04223,57092.38088
"2852","WALSALL",2020,100,100,100,8673.32,10728.29,44552.24
"2853","WALTHAM FOREST",2020,100,58.2519203520024,80.7538184563564,8156,13409,34438
"2854","WANDSWORTH",2020,100,100,94.8279416462827,10127.44437,11259.25244,40564.12083
"2855","WARRINGTON",2020,100,100,92.5179453342131,9744,11771,50013
"2856","WARWICKSHIRE",2020,100,100,94.9364832271608,21496.74959,41434.27965,93978.22706
"2857","WEST BERKSHIRE",2020,92.4423803858531,43.913303550792,66.586920352622,6738.530503,11889.79352,32420.976831
"2858","WEST SUSSEX",2020,99.998606764623,96.2019619411791,95.7242604648584,24481.14695,64389.1781,146616.774817
"2859","WESTMINSTER",2020,99.9992792694388,100,98.9260078565903,11867.12547,10173.74409,36624.5081413
"2860","WIGAN",2020,100,94.1209250487601,88.4592089565936,9204,21534,54485
"2861","WILTSHIRE",2020,100,99.8926220011868,99.249987520591,17402,35389,80132
"2862","WINDSOR AND MAIDENHEAD",2020,100,92.9654232669051,86.5070504073109,4914,5871,24183
"2863","WIRRAL",2020,100,100,98.3584912393391,12198,19371,56046
"2864","WOKINGHAM",2020,95.6380192356071,100,98.99035470518,5714.745742,8956.039994,24692.27374
"2865","WOLVERHAMPTON",2020,100,97.9143438053388,90.3686006825939,10445,15247,43950
"2866","WORCESTERSHIRE",2020,91.7429725298892,93.1269578035747,91.9580998781973,25009,32562,102625
"2867","YORK",2020,75.2548878493463,86.4816472694718,88.4277091118137,8337,14521,34790
"2868","BARKING AND DAGENHAM",2021,100,73.7774193548387,90.1696007038547,5864,6200,25459.8
"2869","BARNET",2021,100,100,100,16851.29145,16673.52654,55328.994028
"2870","BARNSLEY",2021,100,100,97.3774799632111,5919,20553,38055
"2871","BATH AND NORTH EAST SOMERSET",2021,100,67.2495781561589,83.1179678671449,5235,13038,40706
"2872","BEDFORD",2021,98.5802866795546,63.0170213105875,71.6972119917431,7846.634697,15465.59994,31166.815193
"2873","BEXLEY",2021,100,100,96.4281725378069,13416,13076,44767
"2874","BIRMINGHAM",2021,96.3641157857729,89.2797978379896,90.5720871867727,34132,71230,180899
"2875","BLACKBURN WITH DARWEN",2021,100,100,90.8980500640982,4463,11066,29642
"2876","BLACKPOOL",2021,81.078010475772,100,88.5671991987833,8556.935955,19288.85446,48920.65634
"2877","BOLTON",2021,99.8141467147699,100,82.7954261629722,9147,20263,51248
"2878","BOURNEMOUTH CHRISTCHURCH AND POOLE",2021,98.8697974422237,100,98.8992306077157,20849.36,48820.99,90727.45
"2879","BRACKNELL FOREST",2021,100,100,89.8267870212247,2548,4511,20495
"2880","BRADFORD",2021,92.5391826880382,78.3985879004431,80.149580472035,19475.55957,35448.32215,82872.655577
"2881","BRENT",2021,100,100,100,15849.70276,10231.16035,43312.435359
"2882","BRIGHTON AND HOVE",2021,100,82.955471408714,84.4322409845449,9077,20863,55904
"2883","BRISTOL",2021,100,90.3504708970202,83.6789900811542,18061,25908,92047
"2884","BROMLEY",2021,100,100,96.1730967454439,10822.58574,10383.16485,42364.00275
"2885","BUCKINGHAMSHIRE",2021,100,100,97.4612628412144,10769.87038,31692.24403,85703.8785
"2886","BURY",2021,100,100,83.1132338820956,4115.65112,17226.57856,41925.499048
"2887","CALDERDALE",2021,87.1720440474736,94.7026423228838,86.195373772021,10703.724,15048.88,39515.13
"2888","CAMBRIDGESHIRE",2021,99.7972207311982,99.3353009747266,91.9656260123185,16767,40319,109576.810782
"2889","CAMDEN",2021,100,100,97.4606552994799,9902.98,12225.42,41374.06
"2890","CENTRAL BEDFORDSHIRE",2021,100,65.6519671914407,76.459650138141,14054.41887,16828.47196,42715.402596
"2891","CHESHIRE EAST",2021,100,99.9373504955006,95.0970102683384,18920,17558,70508
"2892","CHESHIRE WEST AND CHESTER",2021,99.7585139318885,100,93.6137390108358,16150,16325,53803
"2893","LONDON",2021,100,100,91.3477537437604,696,386,1803
"2894","CORNWALL",2021,100,100,99.8779661053643,26342.81949,53948.27399,142010.79177
"2895","COUNTY DURHAM",2021,73.815375328763,100,91.0077668304196,23193,82330,145748
"2896","COVENTRY",2021,76.3990682347594,90.0286905213014,87.9127110607053,17601,18473,51140.5
"2897","CROYDON",2021,84.0312631699935,54.0356698465367,74.7754401489914,26101,24110,78915.153
"2898","CUMBRIA",2021,60.7848583018067,61.3446026594264,68.5667977953065,27288.13233,68052.99332,127972.86461
"2899","DARLINGTON",2021,100,100,96.2802615303057,2328,11023,22636
"2900","DERBY",2021,100,100,82.8142185781422,12326,11113,40004
"2901","DERBYSHIRE",2021,88.9964607831944,65.8648467218617,75.8498538105548,43795,71504,171353
"2902","DEVON",2021,100,96.7234857788476,92.7920161401366,31112,81428,167037
"2903","DONCASTER",2021,100,98.796533297409,90.9660745626724,11478,22269,51849
"2904","DORSET",2021,100,100,100,18084,40240,83660
"2905","DUDLEY",2021,100,100,82.8456532091645,11352,16645,56697
"2906","EALING",2021,100,100,96.1139619336301,12857.08416,11017.02848,45225.38251
"2907","EAST RIDING OF YORKSHIRE",2021,88.5765899792785,94.6063990134283,92.868597505193,18821,58384,92913
"2908","EAST SUSSEX",2021,100,99.6796649424014,84.2932646156079,20325.70119,36166.25694,108024.24682
"2909","ENFIELD",2021,75.3263707571802,80.4136912090618,89.1717455009618,766,20305,55623
"2910","ESSEX",2021,100,100,99.9722259212053,72004,111344,262835
"2911","GATESHEAD",2021,87.9724630965777,100,84.4632266770837,15107,22529,56318
"2912","GLOUCESTERSHIRE",2021,84.5413212088794,100,93.4509530505891,7478,28993,84623
"2913","GREENWICH",2021,99.0842793146768,96.5356202564497,93.7225239629665,15329.56853,10842.749,43914.697097
"2914","HACKNEY",2021,NA,NA,NA,0,0,0
"2915","HALTON",2021,100,67.6362868009579,77.2672045858126,4374,14198,32099
"2916","HAMMERSMITH AND FULHAM",2021,100,100,96.4841637574029,12969.602,6750.419,37791.635
"2917","HAMPSHIRE",2021,100,84.1139051346516,89.2878899021431,58844.55035,95798.50806,281642.34239
"2918","HARINGEY",2021,100,100,96.2486926986974,10616.6748,11011.53486,41242.589709
"2919","HARROW",2021,100,99.1598576550639,94.0536601022273,10363.633,10363.839,34166.614
"2920","HARTLEPOOL",2021,100,100,94.279139246639,4330,9191,24769
"2921","HAVERING",2021,100,100,99.9908536230755,8666.00076,9944.23713,34870.74747
"2922","HEREFORDSHIRE",2021,100,100,94.1190948404194,8379.34,12906.4818,40881.2068
"2923","HERTFORDSHIRE",2021,99.997621030094,100,95.8177332752866,42035,65207,172275
"2924","HILLINGDON",2021,100,88.230354611273,94.1499618303611,10001.97888,6619.57072,32239.01341
"2925","HOUNSLOW",2021,100,49.4483450351053,77.6985562768259,9859,8973,28191
"2926","ISLE OF WIGHT",2021,91.6174503680032,98.8839364340364,85.6651764243804,6791.788,14478.566,33286.981
"2927","ISLES OF SCILLY",2021,0,4.81252751100466,5.69138692615193,103.800054,921.1675133,1144.82798034
"2928","ISLINGTON",2021,100,100,88.3614291120685,12277.75799,9007.242401,41537.8117
"2929","KENSINGTON AND CHELSEA",2021,100,100,88.2601763811062,6120.358,7245.6585,27895.845
"2930","KENT",2021,88.7042052204991,96.3561925424856,86.3246971259676,51090.56399,80550.21579,218404.93712
"2931","KINGSTON UPON HULL",2021,94.5746364252882,96.0720634486531,90.3709909483308,13271,29252,54907
"2932","KINGSTON UPON THAMES",2021,100,71.9056321648114,91.2473794549266,8594,6019,22896
"2933","KIRKLEES",2021,99.3442556474079,91.0904910624823,81.8647360405852,10603.98,29576.501,75821.069
"2934","KNOWSLEY",2021,100,100,95.0646341021834,1995,7969,27617
"2935","LAMBETH",2021,100,100,98.7743943128088,6538.76,10172.56,42020.04
"2936","LANCASHIRE",2021,100,80.3334122764937,87.6077533913079,43912.06183,106887.4529,256120.18137
"2937","LEEDS",2021,100,89.2296546727843,84.20147995126,27027,37269,123923
"2938","LEICESTER",2021,100,100,93.1919558363518,15374.595,27625.609,68818.59
"2939","LEICESTERSHIRE",2021,97.3293881112249,100,94.5779093804123,26361,57766,107394
"2940","LEWISHAM",2021,100,100,92.847552992555,14723.21811,11086.51793,46599.43648
"2941","LINCOLNSHIRE",2021,100,100,100,21235,61940,125110
"2942","LIVERPOOL",2021,100,100,84.0959737342974,25388.85443,38599.14147,112782.15586
"2943","LUTON",2021,82.952182952183,100,81.7209511612613,8177,8684,28891
"2944","MANCHESTER",2021,100,96.955758133311,82.5298168990425,18027,23914,71436
"2945","MEDWAY",2021,100,100,100,9379.15,15825.92,38465.66
"2946","MERTON",2021,100,100,79.7729549752701,6425.47146,5407.598511,24062.993349
"2947","MIDDLESBROUGH",2021,100,99.4438198923141,96.7504502388223,6990,16901,38313
"2948","MILTON KEYNES",2021,69.4066298410063,100,64.6432031635278,11347.25432,6662.918264,33755.159292
"2949","NEWCASTLE UPON TYNE",2021,100,100,88.0103627438161,14849.004,24423.12,69062.79
"2950","NEWHAM",2021,100,100,97.3905621716534,16037.64589,7577.804482,43389.309019
"2951","NORFOLK",2021,100,100,92.963399296,32725.86269,97258.47907,213850.77757
"2952","NORTH EAST LINCOLNSHIRE",2021,85.4925204628846,78.3653846153846,82.9633721130942,7086,16848,28967
"2953","NORTH LINCOLNSHIRE",2021,98.3926546650845,100,80.9157920571929,6035.091893,13196.36182,31713.01211
"2954","NORTH SOMERSET",2021,100,100,99.9822901944471,5815.075278,17381.83142,44709.69473
"2955","NORTH TYNESIDE",2021,100,100,90.46647290417,10464,18625,48513
"2956","NORTH YORKSHIRE",2021,84.738542100969,80.2913350390904,84.1826159857659,23482.48656,50958.57761,123959.85973
"2957","NORTHAMPTONSHIRE",2021,99.6549004141195,87.9920364050057,85.0108234049936,20284,52740,121034
"2958","NORTHUMBERLAND",2021,100,97.1797494953964,91.7637704207026,16148,36167,69170
"2959","NOTTINGHAM",2021,100,83.6741444693855,79.3586200866656,9684.28683,20157.25996,52393.08513
"2960","NOTTINGHAMSHIRE",2021,91.9002300426352,100,91.174248545232,26343.39063,50046.094,152828.32832
"2961","OLDHAM",2021,100,100,100,9257,16166,48703
"2962","OXFORDSHIRE",2021,100,100,98.4814029678165,17627,30429,103780
"2963","PETERBOROUGH",2021,100,100,92.815138721351,8759,7120,26528
"2964","PLYMOUTH",2021,100,100,96.222553166606,11182.09314,20726.56728,44998.018661
"2965","PORTSMOUTH",2021,100,59.5024390243902,66.7132632520689,10122,10250,35768
"2966","READING",2021,97.2718865598027,100,90.0818853604953,6488,5346,25035
"2967","REDBRIDGE",2021,86.637236353444,100,94.8277894339801,14271,15563,42419
"2968","REDCAR AND CLEVELAND",2021,95.1370333613253,100,89.3520740486802,13099,21561,43755
"2969","RICHMOND UPON THAMES",2021,99.7733967822343,100,97.0209009631455,4413,13167.39378,30781.11834
"2970","ROCHDALE",2021,NA,NA,NA,0,0,0
"2971","ROTHERHAM",2021,100,80.4978550462858,81.5978719087446,13054,17716,44359
"2972","RUTLAND",2021,100,100,85.2756250913876,1419,3636,6839
"2973","SALFORD",2021,100,100,100,11588,18583,50117
"2974","SANDWELL",2021,86.5002177384236,93.8416590284143,89.0232108317215,13778,17456,66176
"2975","SEFTON",2021,100,100,98.9533376539209,13034,26199,61720
"2976","SHEFFIELD",2021,93.5768225673403,100,90.0244506121064,33315.614,35797.967,109138.781
"2977","SHROPSHIRE",2021,100,100,95.0205121984118,19628.61608,16565.48459,74467.448556
"2978","SLOUGH",2021,100,100,89.0855179554761,5203,6587,21247
"2979","SOLIHULL",2021,100.126666662439,94.6410364862346,92.5958645033889,7892.052895,12559.27379,43036.190943
"2980","SOMERSET",2021,100,100,99.8610051237327,16001,33440,110076
"2981","SOUTH GLOUCESTERSHIRE",2021,98.8888888888889,93.3847794080317,94.3411055802987,10080,19697,53438
"2982","SOUTH TYNESIDE",2021,90.4413145539906,100,96.4777642231341,10650,16898,45085
"2983","SOUTHAMPTON",2021,94.1238688447526,80.8424148071268,82.6933477555435,8509,11562,44376
"2984","SOUTHEND ON SEA",2021,100,100,99.3096319890948,8108.6582,18184.02224,33395.50303
"2985","SOUTHWARK",2021,100,100,100,16104,7991,36252
"2986","ST HELENS",2021,100,100,90.376660134988,10471,11438,36744
"2987","STAFFORDSHIRE",2021,100,96.281276302701,98.0621660350069,40234,52276,149342
"2988","STOCKPORT",2021,100,100,92.8605639705442,14639,24165,66812
"2989","STOCKTON ON TEES",2021,100,99.7019374068554,92.1338413290828,7867,16775,38583
"2990","STOKE ON TRENT",2021,78.5571283610392,100,86.9590626485347,12762.05,26146.55,78369.75
"2991","SUFFOLK",2021,95.7171913879809,99.998627595488,94.9706159043307,29123.809,78111.081,165635.351
"2992","SUNDERLAND",2021,100,100,99.9953847573921,15058,35679,65002
"2993","SURREY",2021,100,78.7173551437386,89.2051485533823,44859.28069,70828.82542,200522.784274
"2994","SUTTON",2021,100,100,89.172492429479,11242.9179,4677.26107,27492.01495
"2995","SWINDON",2021,100,74.4707187846035,85.2594783588972,10776.325,12726.316,33964.475891
"2996","TAMESIDE",2021,87.5809068945576,99.4192506273085,87.0752887777379,4988.75284,14957.22666,35431.575942
"2997","TELFORD AND WREKIN",2021,99.757708068093,93.9132740862656,98.0701430240726,8453.026,7794.141,34622.773
"2998","THURROCK",2021,64.0090456632306,80.9812811982239,72.7762844176625,7648.428892,13294.65705,26394.50059
"2999","TORBAY",2021,100,100,98.7028576329625,7896.091,18089.309,35295.26686
"3000","TOWER HAMLETS",2021,100,100,94.2623524207241,14833.50928,9165.432508,42935.325601
"3001","TRAFFORD",2021,100,100,97.2084967472672,8416.76698,9159.35094,39198.86817
"3002","WAKEFIELD",2021,100,91.2464403213366,85.5569732843097,12594.20579,28719.85709,60862.472043
"3003","WALSALL",2021,100,100,93.4543717152413,11234,9100,43953
"3004","WALTHAM FOREST",2021,100,61.1400709975272,84.3533770422352,9531.606,14669.525,37861.09
"3005","WANDSWORTH",2021,100,100,94.7809227047134,9241.886962,10785.61499,38064.19962
"3006","WARRINGTON",2021,100,100,84.4782486216749,9024,11203,49698
"3007","WARWICKSHIRE",2021,100,100,94.4594295085899,28834.979,41392.0581,100121.751372
"3008","WEST BERKSHIRE",2021,95.540456206996,42.7191850761061,67.314082902552,6911.61606,12202.91818,36765.08895
"3009","WEST SUSSEX",2021,99.999649918462,96.1923918551858,95.7379789813077,28564.77396,63932.6264,146268.617744
"3010","WESTMINSTER",2021,100,100,98.6760738240691,13365.928,11870.24653,38545.80484
"3011","WIGAN",2021,100,93.9733549374381,89.2460843727442,10279,22218,59569
"3012","WILTSHIRE",2021,98.4975316627896,100,93.4608148558017,18303.21433,33091.19207,79260.64006
"3013","WINDSOR AND MAIDENHEAD",2021,100,100,99.2269506233658,5379,6101,26389
"3014","WIRRAL",2021,100,100,97.6373577126468,12895,19759,55785
"3015","WOKINGHAM",2021,94.3849884416032,100,98.2173626828455,9537.081775,8646.965259,30040.51889
"3016","WOLVERHAMPTON",2021,100,91.5161176477785,89.3456237532493,11487.944,15040.284,44394.903
"3017","WORCESTERSHIRE",2021,91.2157079924553,93.3300033711971,87.8459950207691,28721.7072,33059.29482,102101.010685
"3018","YORK",2021,82.1359694512978,88.5734202800265,89.9446199060793,11374.75753,16394.30876,38837.90452
"3019","BARKING AND DAGENHAM",2022,100,77.7953890489914,92.9263461192148,6629,6940,27765
"3020","BARNET",2022,100,100,100,16582,20741,63719
"3021","BARNSLEY",2022,100,100,97.836883902685,7727,20474,39665
"3022","BATH AND NORTH EAST SOMERSET",2022,64.1525187865294,61.6331973642924,80.3139222176252,7186,12748,38672
"3023","BEDFORD",2022,98.4774665042631,61.2393523636127,71.7547964436125,8210,15379,32055
"3024","BEXLEY",2022,100,100,95.3192264765506,11127,13369,43903
"3025","BIRMINGHAM",2022,96.3738410322723,89.006186652626,90.6103563905249,36347,75970,186088
"3026","BLACKBURN WITH DARWEN",2022,100,100,90.6946042921942,5454,9896,29542
"3027","BLACKPOOL",2022,80.5866921058908,100,87.8761645642675,8386,17719,48516
"3028","BOLTON",2022,99.9314061734444,100,85.0601586245346,10205,22522,55603
"3029","BOURNEMOUTH CHRISTCHURCH AND POOLE",2022,99.2370366881741,100,99.0615015974441,21233,51660,95152
"3030","BRACKNELL FOREST",2022,100,100,89.8143259415699,3338,4100,22728
"3031","BRADFORD",2022,91.6430383524847,96.0828710517378,77.5443713905976,20103,26499,85021
"3032","BRENT",2022,100,100,100,12760,10320,47971
"3033","BRIGHTON AND HOVE",2022,100,82.977674831206,85.0873440285205,9469,20291,56100
"3034","BRISTOL",2022,100,90.1715438950555,83.0557521095821,19717,24775,94687
"3035","BROMLEY",2022,100,100,97.7044106267733,9563,11039,46524
"3036","BUCKINGHAMSHIRE",2022,100,100,97.5448247758761,13998,32067,88344
"3037","BURY",2022,100,100,85.2603158674408,6089,15538,41853
"3038","CALDERDALE",2022,87.2313891020721,98.4305332619939,87.3636883026554,10424,16821,40257
"3039","CAMBRIDGESHIRE",2022,100,100,92.7881238491182,22107,35977,105354
"3040","CAMDEN",2022,100,100,96.0472865032635,11675,11168,43818
"3041","CENTRAL BEDFORDSHIRE",2022,100,66.513862807909,76.4883244932544,14050,18106,45437
"3042","CHESHIRE EAST",2022,100,100,94.9659622478861,16613,19574,78883
"3043","CHESHIRE WEST AND CHESTER",2022,100,100,94.299191156209,16502,19607,61693
"3044","LONDON",2022,100,100,92.122905027933,646,361,1790
"3045","CORNWALL",2022,100,100,99.8923589081914,25205,56835,140281
"3046","COUNTY DURHAM",2022,76.8987889273356,100,91.5116347743917,23120,73975,135456
"3047","COVENTRY",2022,80.3938973647711,89.948440185407,83.7155477031802,18025,19201,56600
"3048","CROYDON",2022,81.0679123970263,57.4158851504511,74.6678342795024,19908,22499,66232
"3049","CUMBRIA",2022,88.6156443444007,54.6811285556271,64.9173434121593,17770,60573,117474
"3050","DARLINGTON",2022,100,100,96.9168034213536,2130,9631,20109
"3051","DERBY",2022,100,100,88.282362690007,12404,11427,38617
"3052","DERBYSHIRE",2022,89.156765220595,68.4864026717557,77.4561654899304,43428,83840,191915
"3053","DEVON",2022,99.7923679491616,96.3887857408095,95.1885472552411,31787,86176,181546
"3054","DONCASTER",2022,100,98.5658826216031,90.3282485424487,9744,21895,50084
"3055","DORSET",2022,100,100,100,16683,37364,82088
"3056","DUDLEY",2022,100,100,86.4684014869888,13579,17835,63215
"3057","EALING",2022,100,100,98.4718826405868,14027,12042,49080
"3058","EAST RIDING OF YORKSHIRE",2022,87.0436406860248,94.6293935244211,92.8832838272118,17667,63531,98641
"3059","EAST SUSSEX",2022,100,99.8870274440648,89.2894133766117,22073,36292,122617
"3060","ENFIELD",2022,100,80.4482225656878,91.9524378142922,673,21998,59459
"3061","ESSEX",2022,100,100,100,77256,115302,275202
"3062","GATESHEAD",2022,87.1244955910925,100,84.7172368324665,13382,24716,54604
"3063","GLOUCESTERSHIRE",2022,80.6506849315068,100,92.6083749897566,10512,36377,97624
"3064","GREENWICH",2022,99.9567634342187,96.1813611755607,93.820854057445,16190,10344,44634
"3065","HACKNEY",2022,NA,NA,NA,0,0,0
"3066","HALTON",2022,100,77.8220703619337,87.3038677145835,5178,15804,35499
"3067","HAMMERSMITH AND FULHAM",2022,100,100,93.0374441132638,13421,7782,42944
"3068","HAMPSHIRE",2022,100,83.6400523056805,89.7708624952785,67269,104004,315051
"3069","HARINGEY",2022,100,100,96.6909680032402,10924,14561,49380
"3070","HARROW",2022,100,99.2949576082106,94.8727516978879,12625,11205,40197
"3071","HARTLEPOOL",2022,100,100,95.5912155175979,4493,10417,24179
"3072","HAVERING",2022,100,100,99.9805371739977,10235,10370,41104
"3073","HEREFORDSHIRE",2022,100,100,93.292176800166,8167,12463,38552
"3074","HERTFORDSHIRE",2022,100,100,95.0626388736898,50381,70055,210173
"3075","HILLINGDON",2022,100,91.3575100736418,94.152667915141,10843,7197,35777
"3076","HOUNSLOW",2022,100,43.5825762869788,77.3053468548903,10241,8586,29681
"3077","ISLE OF WIGHT",2022,88.9173317271495,98.1749571183533,84.1901123075142,6641,14575,34548
"3078","ISLES OF SCILLY",2022,0,4.82076637824475,5.64292321924144,91,809,1081
"3079","ISLINGTON",2022,100,100,90.842043069902,15278,11751,49083
"3080","KENSINGTON AND CHELSEA",2022,100,100,90.5129221785676,5972,6221,27743
"3081","KENT",2022,85.0027769317591,96.9134689092303,87.0404449351818,55817,88708,244530
"3082","KINGSTON UPON HULL",2022,95.505711665138,94.6771409447987,89.5886744080833,11993,28387,53048
"3083","KINGSTON UPON THAMES",2022,100,58.7457566553511,80.4875744117925,5401,5597,21166
"3084","KIRKLEES",2022,99.2375901218198,90.2933367868937,80.6861054893436,12067,30886,80046
"3085","KNOWSLEY",2022,100,100,96.1143803412485,6525,8853,33817
"3086","LAMBETH",2022,100,100,99.0103936311367,19378,11487,54264
"3087","LANCASHIRE",2022,100,79.8002660815177,87.7611188106337,47968,115754,277795
"3088","LEEDS",2022,99.8213488164359,89.8930565799178,82.9859489118748,29107,37964,134865
"3089","LEICESTER",2022,100,100,93.5032776843779,17890,30577,76731
"3090","LEICESTERSHIRE",2022,97.5164516488828,100,93.3176945578931,26897,56198,106999
"3091","LEWISHAM",2022,100,100,99.8224174591677,9071,13106,42797
"3092","LINCOLNSHIRE",2022,100,100,100,21919,61390,129755
"3093","LIVERPOOL",2022,100,100,84.7382243307353,22214,29110,94432
"3094","LUTON",2022,85.4827586206897,100,82.1758580228806,8700,8966,27272
"3095","MANCHESTER",2022,99.1229559214621,100,84.1326715556423,17673,22660,71726
"3096","MEDWAY",2022,100,100,100,8227,15424,37624
"3097","MERTON",2022,100,100,78.7519866797851,6384,5468,26426
"3098","MIDDLESBROUGH",2022,100,98.954952615864,96.6484347724892,6855,15406,34372
"3099","MILTON KEYNES",2022,83.843600147547,100,76.2291565369105,8133,10163,34963
"3100","NEWCASTLE UPON TYNE",2022,100,100,87.5892265235959,15519,21128,64863
"3101","NEWHAM",2022,100,100,97.5963751786969,17842,7720,41271
"3102","NORFOLK",2022,100,100,92.1233149479301,30099,98310,200884
"3103","NORTH EAST LINCOLNSHIRE",2022,98.5845951283739,98.8029544103914,97.8760597849838,6076,11779,22882
"3104","NORTH LINCOLNSHIRE",2022,99.0386327220936,100,79.3849931133601,5617,13823,33398
"3105","NORTH NORTHAMPTONSHIRE",2022,99.4068678459938,95.3698704103672,96.9103701437749,9610,29632,58842
"3106","NORTH SOMERSET",2022,100,100,100,6391,15650,39847
"3107","NORTH TYNESIDE",2022,100,100,91.7928129524812,9992,18442,45582
"3108","NORTH YORKSHIRE",2022,84.6127196238555,75.3434721916097,82.4423060141369,20205,54444,126053
"3109","NORTHUMBERLAND",2022,100,97.7363209473254,93.5197074757555,20642,39184,81771
"3110","NOTTINGHAM",2022,100,87.0703764320786,81.9802695356308,10250,20774,52609
"3111","NOTTINGHAMSHIRE",2022,98.2122861886559,100,89.7967788716468,25899,51759,156529
"3112","OLDHAM",2022,100,100,100,10022,16289,50909
"3113","OXFORDSHIRE",2022,100,100,98.1813191692027,24048,36811,123881
"3114","PETERBOROUGH",2022,100,100,93.2006996064714,7371,8297,27444
"3115","PLYMOUTH",2022,99.8560374302681,100,96.4275243958621,11114,21487,47754
"3116","PORTSMOUTH",2022,100,70.3432584825403,73.4258036107442,11416,10109,36336
"3117","READING",2022,100,100,88.7006253674702,1049,5259,18709
"3118","REDBRIDGE",2022,86.8069306930693,100,94.1390969966187,16160,15762,45249
"3119","REDCAR AND CLEVELAND",2022,95.1677414088646,100,86.2464867158085,12251,16742,37714
"3120","RICHMOND UPON THAMES",2022,100,100,96.6970565251368,7257,13816,38390
"3121","ROCHDALE",2022,100,100,95.6385007990926,4522,19285,38794
"3122","ROTHERHAM",2022,100,86.1683509286964,85.0553922676916,10030,17713,39807
"3123","RUTLAND",2022,87.963610916725,87.496251874063,75.155004428698,1429,3335,6774
"3124","SALFORD",2022,100,100,100,10507,21186,50030
"3125","SANDWELL",2022,86.1703431372549,93.0679392188873,88.4570130794068,16320,15926,73092
"3126","SEFTON",2022,100,100,98.6009361894653,11978,23470,57467
"3127","SHEFFIELD",2022,98.808983093616,100,92.8348934286256,39630,42376,126488
"3128","SHROPSHIRE",2022,100,100,94.9627009151734,21121,15898,78018
"3129","SLOUGH",2022,100,100,92.0039091999467,5050,4584,22511
"3130","SOLIHULL",2022,98.9695594630365,98.6894127983599,93.0966469428008,10578,13658,46137
"3131","SOMERSET",2022,99.9882780447779,100,99.8361596486997,17062,34461,120239
"3132","SOUTH GLOUCESTERSHIRE",2022,99.0292195309496,93.5674131416459,94.8377032033895,10404,21702,56409
"3133","SOUTH TYNESIDE",2022,89.6606469537607,100,97.14708994709,10078,18890,47250
"3134","SOUTHAMPTON",2022,97.5387288258289,84.3195475433015,86.5272326049173,13814,14145,51207
"3135","SOUTHEND ON SEA",2022,100,100,99.5057713156049,6955,14658,31362
"3136","SOUTHWARK",2022,100,100,100,17794,8246,39840
"3137","ST HELENS",2022,100,100,92.4282437973452,12594,14396,57556
"3138","STAFFORDSHIRE",2022,100,96.4192597849396,97.411808817556,50401,64819,192026
"3139","STOCKPORT",2022,100,100,93.5752635824964,14726,27709,71894
"3140","STOCKTON ON TEES",2022,100,99.6715369804055,91.3417829830472,7209,17658,37398
"3141","STOKE ON TRENT",2022,81.7851913159738,100,86.4144762099767,15707,22644,78142
"3142","SUFFOLK",2022,94.7474690023888,100,95.4530426060107,35164,79668,178449
"3143","SUNDERLAND",2022,100,100,99.9920200456453,13982,34914,62657
"3144","SURREY",2022,100,80.7503775734612,90.1857075693465,53492,75482,221208
"3145","SUTTON",2022,100,100,91.2780679197264,16804,6973,37721
"3146","SWINDON",2022,NA,NA,NA,0,0,0
"3147","TAMESIDE",2022,89.6257935182092,98.7637028014616,91.4668769716088,5986,16420,38040
"3148","TELFORD AND WREKIN",2022,99.8289428669175,94.372816001928,98.3920567080163,8769,8299,38372
"3149","THURROCK",2022,57.8375230515384,79.2620346990307,71.1207657800855,10303,12277,28311
"3150","TORBAY",2022,100,100,98.7906901914517,9100,18802,37294
"3151","TOWER HAMLETS",2022,100,100,93.4551019596931,16447,8561,50314
"3152","TRAFFORD",2022,100,100,97.4056876198397,10352,12750,43287
"3153","WAKEFIELD",2022,100,91.2660256410256,86.5000666992752,13220,31200,67467
"3154","WALSALL",2022,100,100,100,10808,12510,46283
"3155","WALTHAM FOREST",2022,100,63.0901848102919,84.9267129887914,10675,15313,39434
"3156","WANDSWORTH",2022,100,100,94.112530443859,8733,11823,40238
"3157","WARRINGTON",2022,100,100,91.0444857168126,10455,11599,56535
"3158","WARWICKSHIRE",2022,100,100,93.1669844012659,28250,41462,106483
"3159","WEST BERKSHIRE",2022,89.1911069063387,48.3849372384937,70.3925204356115,8456,11950,38291
"3160","WEST NORTHAMPTONSHIRE",2022,100,83.6298204719257,74.9266735679779,11540,24453,69552
"3161","WEST SUSSEX",2022,99.2745570167315,96.2266760935723,95.7546345966716,32394,65062,160316
"3162","WESTMINSTER",2022,100,100,97.872390061822,12423,9423,42865
"3163","WIGAN",2022,100,93.7976966837797,89.0301783486952,11135,21621,61733
"3164","WILTSHIRE",2022,98.6464646464647,100,95.5333340248747,19800,35265,96403
"3165","WINDSOR AND MAIDENHEAD",2022,100,100,99.2445855265801,5434,6218,24887
"3166","WIRRAL",2022,100,100,98.4358361119355,14347,20477,57283
"3167","WOKINGHAM",2022,100,100,100,7810,9307,29617
"3168","WOLVERHAMPTON",2022,99.4917109790429,93.4366082348145,91.3052496214714,12788,14718,48213
"3169","WORCESTERSHIRE",2022,95.08182298082,93.8659364849266,89.2023309132595,11366,37251,104680
"3170","YORK",2022,72.1598414795244,100,91.3235899547139,12112,15913,38864
"3171","BARKING AND DAGENHAM",2023,100,80.1393286890437,89.9426869151313,8028,7895,30883
"3172","BARNET",2023,100,100,100,18269,22728,72855
"3173","BARNSLEY",2023,100,100,97.0318051824248,10261,22890,46156
"3174","BATH AND NORTH EAST SOMERSET",2023,58.2325918762089,53.435451336359,76.1634680911869,8272,15864,45489
"3175","BEDFORD",2023,98.4918925048191,62.1548337114714,72.1734372862809,8819,18071,36555
"3176","BEXLEY",2023,100,100,100,12518,11993,43887
"3177","BIRMINGHAM",2023,97.721760457828,86.4639424106952,92.906829063508,36695,70013,188181
"3178","BLACKBURN WITH DARWEN",2023,100,99.4117050410792,89.8051210898083,5746,9859,31712
"3179","BLACKPOOL",2023,84.7393939393939,100,86.3272696648139,8250,19149,47496
"3180","BOLTON",2023,99.9201327025865,100,87.608913446067,16277,23579,65878
"3181","BOURNEMOUTH CHRISTCHURCH AND POOLE",2023,99.9905078310394,100,99.7570545759542,21070,60466,103727
"3182","BRACKNELL FOREST",2023,100,100,89.5238486504252,3614,4428,24341
"3183","BRADFORD",2023,89.9453159302279,100,77.6693386773547,25053,31570,99800
"3184","BRENT",2023,100,100,100,12885,10310,50660
"3185","BRIGHTON AND HOVE",2023,100,82.7210025695352,86.8948824343015,9524,22183,63624
"3186","BRISTOL",2023,100,89.3801169590643,83.7002230952992,20667,25650,101302
"3187","BROMLEY",2023,100,100,98.3133447553779,12624,16893,52530
"3188","BUCKINGHAMSHIRE",2023,100,100,97.4975497507138,15230,34714,93868
"3189","BURY",2023,100,100,84.3708385296667,7347,17283,47309
"3190","CALDERDALE",2023,91.2192715612924,99.9738466366775,88.3331537549833,12163,19118,46405
"3191","CAMBRIDGESHIRE",2023,100,99.4281517234143,91.8065347461035,27542,38122,121841
"3192","CAMDEN",2023,100,100,95.8224227530919,13473,13458,49646
"3193","CENTRAL BEDFORDSHIRE",2023,100,72.7566492667164,79.0006248614219,14212,20115,49611
"3194","CHESHIRE EAST",2023,99.9864828331982,100,95.0242893827051,14796,23642,89957
"3195","CHESHIRE WEST AND CHESTER",2023,88.3886126441178,100,91.123451516446,18301,23328,70230
"3196","LONDON",2023,100,100,89.9057127010538,774,421,1803
"3197","CORNWALL",2023,99.756910056721,100,99.6124246381241,22214,57520,143972
"3198","COUNTY DURHAM",2023,77.7739210922134,100,90.7574609804203,25929,80220,146529
"3199","COVENTRY",2023,83.9555894198324,89.5209444368476,84.0550178298523,18374,21939,62816
"3200","CROYDON",2023,77.8365496396187,66.6666666666667,76.9799182821873,17204,24642,69018
"3201","CUMBRIA",2023,84.4705882352941,54.3016558675306,62.6077908856818,17425,72228,133592
"3202","DARLINGTON",2023,100,100,96.8066769481992,2125,11170,22046
"3203","DERBY",2023,100,101.552055320784,88.5348037811515,12789,13015,41892
"3204","DERBYSHIRE",2023,85.2428513377676,73.1189211095101,74.8947011304426,46757,88832,234333
"3205","DEVON",2023,99.5695137462088,96.3156824880577,95.4188251211669,30663,98390,215818
"3206","DONCASTER",2023,100,98.6316768741763,88.8952520715142,9227,25798,55877
"3207","DORSET",2023,100,100,100,16173,46196,94088
"3208","DUDLEY",2023,100,100,88.104807866153,15162,19874,71903
"3209","EALING",2023,100,100,97.0739987563234,16581,10600,59501
"3210","EAST RIDING OF YORKSHIRE",2023,83.5183385339404,94.3748763320802,92.6160281930273,19549,70754,113787
"3211","EAST SUSSEX",2023,100,99.6484767325075,90.6074549670055,22983,41818,140175
"3212","ENFIELD",2023,100,80.2713040735045,83.4122799177764,8777,25359,67134
"3213","ESSEX",2023,100,100,100,91112,129384,311282
"3214","GATESHEAD",2023,52.8363659258327,100,77.328924191565,15883,25667,60178
"3215","GLOUCESTERSHIRE",2023,80.6576103735721,100,93.5703439035284,12956,34982,111950
"3216","GREENWICH",2023,100,96.1229229944613,93.8568177115663,17303,11194,48330
"3217","HACKNEY",2023,NA,NA,NA,0,0,0
"3218","HALTON",2023,100,72.6098496018873,80.8522631193281,5351,16955,35482
"3219","HAMMERSMITH AND FULHAM",2023,100,100,90.1880464726315,14349,8507,41745
"3220","HAMPSHIRE",2023,100,82.3237890318428,78.865556499086,77403,113401,347395
"3221","HARINGEY",2023,91.5292074910083,100,94.4218386692899,16126,12008,44728
"3222","HARROW",2023,100,99.2392223161454,94.4616533755135,12898,11830,45519
"3223","HARTLEPOOL",2023,100,100,95.1386680798445,4869,13260,28305
"3224","HAVERING",2023,100,100,99.9938350252764,12992,13895,48662
"3225","HEREFORDSHIRE",2023,100,100,99.6077891694764,6354,14377,43599
"3226","HERTFORDSHIRE",2023,100,100,94.3101323944052,48035,71845,216701
"3227","HILLINGDON",2023,NA,NA,NA,0,0,0
"3228","HOUNSLOW",2023,100,49.2938672857419,80.1968929607921,11666,10338,35146
"3229","ISLE OF WIGHT",2023,81.1155028546333,97.5007790588969,81.7241379310345,6831,16045,39440
"3230","ISLES OF SCILLY",2023,0,2.41448692152917,9.26064227035101,117,994,1339
"3231","ISLINGTON",2023,98.9949748743718,100,90.2675510659445,14925,12697,49299
"3232","KENSINGTON AND CHELSEA",2023,100,100,87.9194879194879,6379,6612,27027
"3233","KENT",2023,85.5075250397665,97.8226368351784,89.0608735330605,57209,103336,280516
"3234","KINGSTON UPON HULL",2023,92.9857496373411,95.3027782911353,90.0389690298763,11719,32466,58508
"3235","KINGSTON UPON THAMES",2023,100,100,100,6373,6337,22415
"3236","KIRKLEES",2023,99.3173835244218,92.5769265139555,81.4624892210405,15089,33571,86975
"3237","KNOWSLEY",2023,100,100,96.8083212532743,9196,10437,39321
"3238","LAMBETH",2023,100,100,98.9318775219558,19805,12239,54769
"3239","LANCASHIRE",2023,100,83.651141726653,89.8835597995626,55125,125862,304534
"3240","LEEDS",2023,99.8301840187724,90.6409542935953,83.1193098509905,32388,41329,146635
"3241","LEICESTER",2023,100,100,92.9091428163586,21524,33245,84066
"3242","LEICESTERSHIRE",2023,97.8719032523189,100,93.0744775619284,34068,63028,122359
"3243","LEWISHAM",2023,100,100,99.2845854866954,8659,12781,46826
"3244","LINCOLNSHIRE",2023,100,100,100,14896,69321,128654
"3245","LIVERPOOL",2023,100,100,88.1675679246529,23392,33086,105963
"3246","LUTON",2023,86.322741194487,100,85.7645597571074,10448,9080,28984
"3247","MANCHESTER",2023,100,100,80.5351890064539,15652,26003,91108
"3248","MEDWAY",2023,100,100,100,9331,19917,44894
"3249","MERTON",2023,100,100,80.5463917525773,7060,5837,29100
"3250","MIDDLESBROUGH",2023,100,98.5371689597042,96.030577001219,7334,18389,39376
"3251","MILTON KEYNES",2023,79.8700639528982,100,76.7992152359078,9851,12378,41796
"3252","NEWCASTLE UPON TYNE",2023,100,100,86.6945764283231,11805,24460,69032
"3253","NEWHAM",2023,100,100,98.2568566554394,14695,10002,45722
"3254","NORFOLK",2023,100,100,92.0015915431186,35318,104925,221169
"3255","NORTH EAST LINCOLNSHIRE",2023,91.8526130358191,99.1585155350978,96.7400847425278,6812,13904,26197
"3256","NORTH LINCOLNSHIRE",2023,98.500352858151,100,75.7459095283927,5668,15431,39482
"3257","NORTH NORTHAMPTONSHIRE",2023,100,98.5368598761958,97.6627436833957,12645,33763,66531
"3258","NORTH SOMERSET",2023,100,100,99.2169946210935,5850,16420,44061
"3259","NORTH TYNESIDE",2023,95.8654634946678,100,89.947778144474,12190,21272,51511
"3260","NORTH YORKSHIRE",2023,71.0183938986092,75.0185886170069,79.1358979447977,31206,59176,146117
"3261","NORTHUMBERLAND",2023,100,98.4264102619756,93.9641300900859,17709,46073,85141
"3262","NOTTINGHAM",2023,100,82.755744609867,81.3421611647776,14900,23979,64493
"3263","NOTTINGHAMSHIRE",2023,94.7302680440213,100,89.3813617665299,29622,58076,175757
"3264","OLDHAM",2023,100,100,100,8671,17040,51077
"3265","OXFORDSHIRE",2023,100,100,96.9203299646466,24807,43113,140015
"3266","PETERBOROUGH",2023,100,100,92.9039270085519,8769,10265,34963
"3267","PLYMOUTH",2023,100,99.9862744200942,94.7510394483318,9960,21857,49305
"3268","PORTSMOUTH",2023,100,72.0147378998493,73.5881500405316,11071,11942,40709
"3269","READING",2023,95.9079283887468,100,88.4634888438134,6647,5260,23664
"3270","REDBRIDGE",2023,84.8983095615425,100,92.5807300807301,15144,14682,45584
"3271","REDCAR AND CLEVELAND",2023,100,100,88.892787328956,8914,16366,39902
"3272","RICHMOND UPON THAMES",2023,100,100,96.8433933521464,5641,15104,40043
"3273","ROCHDALE",2023,100,100,96.0259919349784,5146,22707,47861
"3274","ROTHERHAM",2023,100,85.8278446513741,82.0884336747439,11951,22015,48036
"3275","RUTLAND",2023,87.9404466501241,87.9132231404959,61.7057031824388,2015,3872,9521
"3276","SALFORD",2023,100,100,100,11202,20828,52076
"3277","SANDWELL",2023,100,94.3716003435442,94.0065681444992,15473,17465,95004
"3278","SEFTON",2023,100,100,98.8211561495304,12979,27450,63452
"3279","SHEFFIELD",2023,98.4766977363515,100,91.8589359435344,37550,34468,120144
"3280","SHROPSHIRE",2023,100,100,96.0228538334744,19703,18552,89788
"3281","SLOUGH",2023,100,100,100,3215,4113,16984
"3282","SOLIHULL",2023,99.0740740740741,97.3481100336434,92.5109534333682,11556,15159,51582
"3283","SOMERSET",2023,99.5354172641239,100,99.8055188356046,17435,38672,144487
"3284","SOUTH GLOUCESTERSHIRE",2023,98.7301259549866,93.3442742523705,93.3696851066474,9686,21936,64371
"3285","SOUTH TYNESIDE",2023,88.5430038510911,100,96.6172221151994,9348,23766,51910
"3286","SOUTHAMPTON",2023,92.9325559407501,83.5753491280484,85.7413880935233,12692,14393,56927
"3287","SOUTHEND ON SEA",2023,100,100,99.5310382217403,9736,17409,36890
"3288","SOUTHWARK",2023,100,100,100,18995,7906,43149
"3289","ST HELENS",2023,100,100,88.274155575842,11061,12762,41626
"3290","STAFFORDSHIRE",2023,99.8962775152703,95.4932369402985,98.4276682409976,52062,68608,200085
"3291","STOCKPORT",2023,100,100,92.851044011488,14418,31614,77298
"3292","STOCKTON ON TEES",2023,100,99.0840544506857,91.3261849697479,7187,19761,42807
"3293","STOKE ON TRENT",2023,56.6284896206156,100,85.4980672795654,13970,22130,76576
"3294","SUFFOLK",2023,100,100,94.9495788288171,37336,82556,192677
"3295","SUNDERLAND",2023,100,100,99.9735493930282,14371,41547,71832
"3296","SURREY",2023,100,86.3432061772502,92.6236846598125,56136,78093,240147
"3297","SUTTON",2023,100,100,89.8452845419077,12997,7086,37165
"3298","SWINDON",2023,100,74.1239371296058,86.3462640932543,12158,15524,41864
"3299","TAMESIDE",2023,95.5920586149846,100,90.0657360218628,8462,19384,54156
"3300","TELFORD AND WREKIN",2023,100,94.6505431440869,98.621129907437,11107,9758,46995
"3301","THURROCK",2023,58.7765701644705,81.8162529174623,72.0793702853395,10397,14139,30490
"3302","TORBAY",2023,100,100,98.9730250913739,9698,21791,44597
"3303","TOWER HAMLETS",2023,NA,NA,NA,0,0,0
"3304","TRAFFORD",2023,100,100,96.8773656320969,12432,15063,47556
"3305","WAKEFIELD",2023,100,90.7865422036718,86.4639114504599,17051,35459,78058
"3306","WALSALL",2023,100,100,100,12195,12316,41199
"3307","WALTHAM FOREST",2023,100,67.4604574586935,87.0197066498695,12089,17007,44452
"3308","WANDSWORTH",2023,100,100,94.5207191816496,10358,14802,47999
"3309","WARRINGTON",2023,100,100,88.8747976704991,11134,11911,59927
"3310","WARWICKSHIRE",2023,100,100,93.8246059486909,30741,48695,121304
"3311","WEST BERKSHIRE",2023,96.9918529350324,53.9041644420715,72.1202495745888,9574,14984,44075
"3312","WEST NORTHAMPTONSHIRE",2023,100,70.609306996987,75.1769368091868,14346,29870,78983
"3313","WEST SUSSEX",2023,99.9938042131351,95.9552190035092,96.1309805779252,32280,70387,168880
"3314","WESTMINSTER",2023,100,100,97.8131297062255,14033,10481,47145
"3315","WIGAN",2023,100,93.2023557973295,88.8052781198218,12257,22243,65781
"3316","WILTSHIRE",2023,100,100,100,21119,40112,109917
"3317","WINDSOR AND MAIDENHEAD",2023,100,100,99.8931966250133,5849,6348,28089
"3318","WIRRAL",2023,100,100,98.3152788475721,12508,24542,61019
"3319","WOKINGHAM",2023,100,100,100,7239,9356,29409
"3320","WOLVERHAMPTON",2023,100,91.9772422169661,90.6244653550043,14161,15643,52605
"3321","WORCESTERSHIRE",2023,85.1553794725765,95.0742208009164,88.9846628395167,16154,41902,116710
"3322","YORK",2023,66.0311818402133,100,89.5487224327213,12379,16015,41172
"3323","CUMBRIA",2009,NA,54.012351268631,NA,NA,55217,NA
"3324","NORTHUMBERLAND",2009,NA,92.6497222893021,NA,NA,33128,NA
"3325","GATESHEAD",2009,NA,77.6636097373602,NA,NA,20827,NA
"3326","NEWCASTLE UPON TYNE",2009,NA,78.9926654513079,NA,NA,23587,NA
"3327","NORTH TYNESIDE",2009,NA,89.0690817186184,NA,NA,14244,NA
"3328","SOUTH TYNESIDE",2009,NA,66.9585418155826,NA,NA,16788,NA
"3329","SUNDERLAND",2009,NA,86.2509992006395,NA,NA,25020,NA
"3330","HARTLEPOOL",2009,NA,100,NA,NA,10348,NA
"3331","MIDDLESBROUGH",2009,NA,93.8364586535506,NA,NA,13012,NA
"3332","REDCAR AND CLEVELAND",2009,NA,57.2901810202962,NA,NA,18230,NA
"3333","STOCKTON ON TEES",2009,NA,85.9102402022756,NA,NA,15820,NA
"3334","DURHAM",2009,NA,81.2964484935387,NA,NA,57187,NA
"3335","DARLINGTON",2009,NA,100,NA,NA,9316,NA
"3336","BARNSLEY",2009,NA,92.3042770460263,NA,NA,20271,NA
"3337","DONCASTER",2009,NA,62.401306833651,NA,NA,25711,NA
"3338","ROTHERHAM",2009,NA,70.552424828267,NA,NA,24311,NA
"3339","SHEFFIELD",2009,NA,88.8864454767861,NA,NA,36379,NA
"3340","BRADFORD",2009,NA,59.9339968029701,NA,NA,38786,NA
"3341","CALDERDALE",2009,NA,82.892524078887,NA,NA,13082,NA
"3342","KIRKLEES",2009,NA,74.7254738520639,NA,NA,27593,NA
"3343","LEEDS",2009,NA,53.4807567917206,NA,NA,49472,NA
"3344","WAKEFIELD",2009,NA,82.6736002151791,NA,NA,22307,NA
"3345","EAST RIDING OF YORKSHIRE",2009,NA,91.8039997654097,NA,NA,34102,NA
"3346","KINGSTON UPON HULL",2009,NA,79.1240303057744,NA,NA,33129,NA
"3347","NORTH EAST LINCOLNSHIRE",2009,NA,86.3088481703692,NA,NA,18501,NA
"3348","NORTH LINCOLNSHIRE",2009,NA,75.8881230116649,NA,NA,15088,NA
"3349","NORTH YORKSHIRE",2009,NA,56.6841920785138,NA,NA,42795,NA
"3350","YORK",2009,NA,36.4080303852415,NA,NA,11058,NA
"3351","BOLTON",2009,NA,66.0513066410933,NA,NA,16684,NA
"3352","BURY",2009,NA,60.464963551586,NA,NA,15227,NA
"3353","MANCHESTER",2009,NA,99.2605184870378,NA,NA,23530,NA
"3354","OLDHAM",2009,NA,77.4457913607649,NA,NA,17571,NA
"3355","ROCHDALE",2009,NA,73.0824202000953,NA,NA,16792,NA
"3356","SALFORD",2009,NA,90.375651220181,NA,NA,18235,NA
"3357","STOCKPORT",2009,NA,100,NA,NA,17724,NA
"3358","TAMESIDE",2009,NA,100,NA,NA,17309,NA
"3359","TRAFFORD",2009,NA,61.2903225806452,NA,NA,12679,NA
"3360","WIGAN",2009,NA,91.6619139956656,NA,NA,17534,NA
"3361","KNOWSLEY",2009,NA,100,NA,NA,9692,NA
"3362","LIVERPOOL",2009,NA,79.7342076807702,NA,NA,28669,NA
"3363","SEFTON",2009,NA,100,NA,NA,19413,NA
"3364","ST HELENS",2009,NA,65.5601296312516,NA,NA,11417,NA
"3365","WIRRAL",2009,NA,80.1495920217588,NA,NA,22060,NA
"3366","CHESHIRE",2009,NA,75.2584634096899,NA,NA,39464,NA
"3367","HALTON",2009,NA,81.103648575059,NA,NA,5509,NA
"3368","WARRINGTON",2009,NA,83.3435535796413,NA,NA,13046,NA
"3369","LANCASHIRE",2009,NA,88.9220196843515,NA,NA,85855,NA
"3370","BLACKBURN WITH DARWEN",2009,NA,65.5611208880466,NA,NA,14774,NA
"3371","BLACKPOOL",2009,NA,91.4136277785849,NA,NA,13766,NA
"3372","WARWICKSHIRE",2009,NA,63.6591805469539,NA,NA,30679,NA
"3373","BIRMINGHAM",2009,NA,51.7847696299469,NA,NA,79394,NA
"3374","COVENTRY",2009,NA,77.5653923541248,NA,NA,19880,NA
"3375","DUDLEY",2009,NA,62.5189370675183,NA,NA,24423,NA
"3376","SANDWELL",2009,NA,72.1806425334759,NA,NA,19641,NA
"3377","SOLIHULL",2009,NA,85.5191929133858,NA,NA,8128,NA
"3378","WALSALL",2009,NA,100,NA,NA,18798,NA
"3379","WOLVERHAMPTON",2009,NA,62.3200329082682,NA,NA,24310,NA
"3380","STAFFORDSHIRE",2009,NA,68.2514366131113,NA,NA,42635,NA
"3381","STOKE ON TRENT",2009,NA,54.3292589372475,NA,NA,19553,NA
"3382","HEREFORDSHIRE",2009,NA,99.8107201238923,NA,NA,11623,NA
"3383","WORCESTERSHIRE",2009,NA,82.3860241133256,NA,NA,28449,NA
"3384","SHROPSHIRE",2009,NA,91.0024500860137,NA,NA,19183,NA
"3385","TELFORD AND WREKIN",2009,NA,99.2691315563199,NA,NA,6978,NA
"3386","LINCOLNSHIRE",2009,NA,86.3341672245516,NA,NA,56762,NA
"3387","NORTHAMPTONSHIRE",2009,NA,76.3257155535833,NA,NA,49577,NA
"3388","DERBYSHIRE",2009,NA,58.4088474040714,NA,NA,55067,NA
"3389","DERBY",2009,NA,57.5281772250292,NA,NA,12865,NA
"3390","LEICESTERSHIRE",2009,NA,75.8987764781976,NA,NA,37106,NA
"3391","LEICESTER",2009,NA,63.0073936248347,NA,NA,20423,NA
"3392","RUTLAND",2009,NA,100,NA,NA,2269,NA
"3393","NOTTINGHAMSHIRE",2009,NA,63.9374277270975,NA,NA,62264,NA
"3394","NOTTINGHAM",2009,NA,64.1108409491071,NA,NA,23854,NA
"3395","HERTFORDSHIRE",2009,NA,100,NA,NA,76381,NA
"3396","NORFOLK",2009,NA,65.95686346189,NA,NA,76594,NA
"3397","OXFORDSHIRE",2009,NA,100,NA,NA,28999,NA
"3398","SUFFOLK",2009,NA,58.0376376256582,NA,NA,66848,NA
"3399","BEDFORDSHIRE",2009,NA,100,NA,NA,23350,NA
"3400","LUTON",2009,NA,49.6425953079179,NA,NA,10912,NA
"3401","BUCKINGHAMSHIRE",2009,NA,100,NA,NA,21269,NA
"3402","MILTON KEYNES",2009,NA,85.7602057216329,NA,NA,9333,NA
"3403","BRACKNELL FOREST",2009,NA,58.5251798561151,NA,NA,5560,NA
"3404","WEST BERKSHIRE",2009,NA,32.9269809677821,NA,NA,8039,NA
"3405","READING",2009,NA,54.3954480796586,NA,NA,7030,NA
"3406","SLOUGH",2009,NA,33.1484562765761,NA,NA,5409,NA
"3407","WINDSOR AND MAIDENHEAD",2009,NA,98.1953028430161,NA,NA,4045,NA
"3408","WOKINGHAM",2009,NA,57.2663346029886,NA,NA,6826,NA
"3409","ESSEX",2009,NA,99.7455156396699,NA,NA,121422,NA
"3410","SOUTHEND ON SEA",2009,NA,84.503505284085,NA,NA,19114,NA
"3411","THURROCK",2009,NA,72.5476780980074,NA,NA,11693,NA
"3412","CAMBRIDGESHIRE",2009,NA,98.4684500714723,NA,NA,24485,NA
"3413","PETERBOROUGH",2009,NA,42.6609612896806,NA,NA,10049,NA
"3414","CAMDEN",2009,NA,42.2446944879647,NA,NA,14042,NA
"3415","GREENWICH",2009,NA,100,NA,NA,11008,NA
"3416","HACKNEY",2009,NA,97.9956302840315,NA,NA,10527,NA
"3417","HAMMERSMITH AND FULHAM",2009,NA,100,NA,NA,3336,NA
"3418","ISLINGTON",2009,NA,100,NA,NA,8425,NA
"3419","KENSINGTON AND CHELSEA",2009,NA,65.9528907922912,NA,NA,10274,NA
"3420","LAMBETH",2009,NA,100,NA,NA,13204,NA
"3421","LEWISHAM",2009,NA,100,NA,NA,11462,NA
"3422","SOUTHWARK",2009,NA,100,NA,NA,12471,NA
"3423","TOWER HAMLETS",2009,NA,100,NA,NA,7569,NA
"3424","WANDSWORTH",2009,NA,98.5488126649076,NA,NA,13644,NA
"3425","WESTMINSTER",2009,NA,78.3305948077555,NA,NA,15215,NA
"3426","LONDON",2009,NA,100,NA,NA,651,NA
"3427","BARKING AND DAGENHAM",2009,NA,87.0809484873263,NA,NA,8561,NA
"3428","BARNET",2009,NA,100,NA,NA,18362,NA
"3429","BEXLEY",2009,NA,100,NA,NA,11421,NA
"3430","BRENT",2009,NA,87.8462357954545,NA,NA,11264,NA
"3431","BROMLEY",2009,NA,100,NA,NA,12645,NA
"3432","CROYDON",2009,NA,47.0804710500491,NA,NA,16304,NA
"3433","EALING",2009,NA,100,NA,NA,11324,NA
"3434","ENFIELD",2009,NA,72.8533302390346,NA,NA,17236,NA
"3435","HARINGEY",2009,NA,69.1602931803697,NA,NA,12552,NA
"3436","HARROW",2009,NA,100,NA,NA,7551,NA
"3437","HAVERING",2009,NA,76.6273444793346,NA,NA,11783,NA
"3438","HILLINGDON",2009,NA,96.8892464467686,NA,NA,11187,NA
"3439","HOUNSLOW",2009,NA,42.8958177744585,NA,NA,10712,NA
"3440","KINGSTON UPON THAMES",2009,NA,39.6497130417574,NA,NA,10106,NA
"3441","MERTON",2009,NA,100,NA,NA,6037,NA
"3442","NEWHAM",2009,NA,71.2051517939283,NA,NA,9783,NA
"3443","REDBRIDGE",2009,NA,90.029884911299,NA,NA,15727,NA
"3444","RICHMOND UPON THAMES",2009,NA,96.1147638971907,NA,NA,10038,NA
"3445","SUTTON",2009,NA,62.1078806426932,NA,NA,10456,NA
"3446","WALTHAM FOREST",2009,NA,44.8316856463521,NA,NA,15982,NA
"3447","ISLE OF WIGHT COUNCIL",2009,NA,79.7979797979798,NA,NA,15444,NA
"3448","SURREY",2009,NA,85.0461661983139,NA,NA,64766,NA
"3449","WEST SUSSEX",2009,NA,94.5921569364325,NA,NA,53219,NA
"3450","DORSET",2009,NA,61.1575079338567,NA,NA,35922,NA
"3451","BOURNEMOUTH",2009,NA,91.6123510435183,NA,NA,15189,NA
"3452","POOLE",2009,NA,100,NA,NA,9528,NA
"3453","HAMPSHIRE",2009,NA,56.7924211682507,NA,NA,65551,NA
"3454","PORTSMOUTH",2009,NA,38.420703384207,NA,NA,13563,NA
"3455","SOUTHAMPTON",2009,NA,44.5281548353575,NA,NA,15397,NA
"3456","EAST SUSSEX",2009,NA,77.4117967579349,NA,NA,36705,NA
"3457","BRIGHTON AND HOVE",2009,NA,74.3418259023355,NA,NA,18840,NA
"3458","WILTSHIRE",2009,NA,99.4126081124832,NA,NA,21621,NA
"3459","SWINDON",2009,NA,53.906495136492,NA,NA,9561,NA
"3460","KENT",2009,NA,76.2224589336772,NA,NA,89185,NA
"3461","MEDWAY",2009,NA,64.2913200439491,NA,NA,12742,NA
"3462","CORNWALL",2009,NA,100,NA,NA,33312,NA
"3463","GLOUCESTERSHIRE",2009,NA,94.9365091884218,NA,NA,25358,NA
"3464","SOMERSET",2009,NA,98.1097219014944,NA,NA,30313,NA
"3465","ISLES OF SCILLY",2009,NA,6.37450199203187,NA,NA,251,NA
"3466","BATH AND NORTH EAST SOMERSET",2009,NA,61.3782231730661,NA,NA,8881,NA
"3467","BRISTOL",2009,NA,46.2594213869598,NA,NA,30383,NA
"3468","NORTH SOMERSET",2009,NA,93.8114118255473,NA,NA,11602,NA
"3469","SOUTH GLOUCESTERSHIRE",2009,NA,52.1037369371341,NA,NA,18277,NA
"3470","DEVON",2009,NA,65.8584130896834,NA,NA,79513,NA
"3471","PLYMOUTH",2009,NA,75.4834141293099,NA,NA,18359,NA
"3472","TORBAY",2009,NA,94.0412939673145,NA,NA,14869,NA
"3473","MEANS DATA NOT AVAILABLE",2009,NA,NA,NA,NA,NA,NA
"3474","UNIT COST  A REQUIRES AN ADDITIONAL MULTIPLIER OF  TO TRANSFORM SAMPLE WEEK INTO AN AVERAGE GROSS WEEKLY EXPENDITURE PER PERSON",2009,NA,NA,NA,NA,NA,NA
"3475","SOURCE PERSONAL SOCIAL SERVICES EXPENDITURE AND UNIT COSTS RETURN HEALTH AND SOCIAL CARE INFORMATION CENTRE",2009,NA,NA,NA,NA,NA,NA
"3476","CAMDEN",2010,NA,NA,NA,276,10206,25148
"3477","HOUNSLOW",2010,NA,NA,NA,2605,6182,15774
