la,total1864noservices,total1864,total65noservices,total65,year,la_clean,lacode_string_orig,total_requests,total_noservices,noservices_percent,noservices_1864_perc,noservices_65_perc,imd19_extent,idaopi19_avgscore,health19_avgscore,imd15_avgscore,imd15_extent,idaopi15_avgscore,health15_avgscore
Hartlepool,690,1315,585,2230,2014,Hartlepool,E06000001,3545,1275,35.966148,52.471481,26.233183,.4973,.228,.86900002,33.178001,.4589,.244,.92900002
Hartlepool,250,1380,315,1975,2015,Hartlepool,E06000001,3355,565,16.840536,18.115942,15.949368,.4973,.228,.86900002,33.178001,.4589,.244,.92900002
Hartlepool UA,300,1420,460,1985,2016,Hartlepool,E06000001,3405,760,22.320118,21.12676,23.173803,.4973,.228,.86900002,33.178001,.4589,.244,.92900002
Hartlepool,195,1110,525,2110,2017,Hartlepool,E06000001,3220,720,22.360249,17.567568,24.881517,.4973,.228,.86900002,33.178001,.4589,.244,.92900002
Hartlepool,400,1670,260,1815,2018,Hartlepool,E06000001,3485,660,18.938307,23.952095,14.325068,.4973,.228,.86900002,33.178001,.4589,.244,.92900002
Hartlepool,145,1225,220,2110,2019,Hartlepool,E06000001,3335,365,10.944528,11.836735,10.42654,.4973,.228,.86900002,33.178001,.4589,.244,.92900002
Hartlepool,100,1185,130,1835,2020,Hartlepool,E06000001,3020,230,7.6158938,8.4388189,7.0844688,.4973,.228,.86900002,33.178001,.4589,.244,.92900002
Hartlepool,55,1355,115,2590,2021,Hartlepool,E06000001,3945,170,4.3092523,4.0590405,4.4401546,.4973,.228,.86900002,33.178001,.4589,.244,.92900002
Hartlepool,45,1365,135,2700,2022,Hartlepool,E06000001,4065,180,4.4280443,3.2967033,5,.4973,.228,.86900002,33.178001,.4589,.244,.92900002
Hartlepool,100,1440,75,2625,2023,Hartlepool,E06000001,4065,175,4.3050432,6.9444447,2.8571429,.4973,.228,.86900002,33.178001,.4589,.244,.92900002
Middlesbrough,825,1485,1410,2905,2014,Middlesbrough,E06000002,4390,2235,50.911163,55.555557,48.537006,.57099998,.233,1.194,40.216,.56040001,.25299999,1.1950001
Middlesbrough,625,1325,1290,2840,2015,Middlesbrough,E06000002,4165,1915,45.97839,47.169811,45.422535,.57099998,.233,1.194,40.216,.56040001,.25299999,1.1950001
Middlesbrough UA,575,1835,550,3385,2016,Middlesbrough,E06000002,5220,1125,21.551723,31.33515,16.248154,.57099998,.233,1.194,40.216,.56040001,.25299999,1.1950001
Middlesbrough,560,1950,900,3750,2017,Middlesbrough,E06000002,5700,1460,25.614035,28.717949,24,.57099998,.233,1.194,40.216,.56040001,.25299999,1.1950001
Middlesbrough,790,1725,1060,3100,2018,Middlesbrough,E06000002,4825,1850,38.341969,45.7971,34.19355,.57099998,.233,1.194,40.216,.56040001,.25299999,1.1950001
Middlesbrough,915,1945,950,3060,2019,Middlesbrough,E06000002,5005,1865,37.262737,47.043701,31.045752,.57099998,.233,1.194,40.216,.56040001,.25299999,1.1950001
Middlesbrough,935,1760,810,2575,2020,Middlesbrough,E06000002,4335,1745,40.25375,53.125,31.45631,.57099998,.233,1.194,40.216,.56040001,.25299999,1.1950001
Middlesbrough,1010,2055,860,3115,2021,Middlesbrough,E06000002,5170,1870,36.170212,49.148418,27.608347,.57099998,.233,1.194,40.216,.56040001,.25299999,1.1950001
Middlesbrough,940,2050,800,3110,2022,Middlesbrough,E06000002,5160,1740,33.720932,45.853657,25.723473,.57099998,.233,1.194,40.216,.56040001,.25299999,1.1950001
Middlesbrough,835,2020,685,2795,2023,Middlesbrough,E06000002,4815,1520,31.568016,41.336632,24.508051,.57099998,.233,1.194,40.216,.56040001,.25299999,1.1950001
Redcar and Cleveland,510,945,1130,2735,2014,RedcarandCleveland,E06000003,3680,1640,44.565216,53.968254,41.316269,.36300001,.168,.79000002,28.566999,.33939999,.189,.75199997
Redcar and Cleveland,555,1110,1305,3355,2015,RedcarandCleveland,E06000003,4465,1860,41.657333,50,38.897167,.36300001,.168,.79000002,28.566999,.33939999,.189,.75199997
Redcar and Cleveland UA3,525,1395,1035,3675,2016,RedcarandCleveland,E06000003,5070,1560,30.76923,37.634407,28.163265,.36300001,.168,.79000002,28.566999,.33939999,.189,.75199997
Redcar and Cleveland,490,1455,940,3785,2017,RedcarandCleveland,E06000003,5240,1430,27.290077,33.676975,24.834875,.36300001,.168,.79000002,28.566999,.33939999,.189,.75199997
Redcar and Cleveland,475,1325,975,3705,2018,RedcarandCleveland,E06000003,5030,1450,28.827038,35.849056,26.31579,.36300001,.168,.79000002,28.566999,.33939999,.189,.75199997
Redcar and Cleveland,450,1230,930,3435,2019,RedcarandCleveland,E06000003,4665,1380,29.581993,36.585365,27.074236,.36300001,.168,.79000002,28.566999,.33939999,.189,.75199997
Redcar and Cleveland,605,1380,1210,3690,2020,RedcarandCleveland,E06000003,5070,1815,35.798817,43.84058,32.791328,.36300001,.168,.79000002,28.566999,.33939999,.189,.75199997
Redcar and Cleveland,675,1605,1795,4670,2021,RedcarandCleveland,E06000003,6275,2470,39.362549,42.056076,38.436832,.36300001,.168,.79000002,28.566999,.33939999,.189,.75199997
Redcar and Cleveland,755,1625,1670,4495,2022,RedcarandCleveland,E06000003,6120,2425,39.624184,46.46154,37.152393,.36300001,.168,.79000002,28.566999,.33939999,.189,.75199997
Redcar and Cleveland,610,2045,1245,4185,2023,RedcarandCleveland,E06000003,6230,1855,29.77528,29.828852,29.749104,.36300001,.168,.79000002,28.566999,.33939999,.189,.75199997
Stockton-on-Tees,225,1385,540,4390,2014,Stockton-on-Tees,E06000004,5775,765,13.246754,16.245487,12.300683,.30239999,.16,.68400002,24.625,.27990001,.17900001,.54799998
Stockton-on-Tees,165,1250,405,3800,2015,Stockton-on-Tees,E06000004,5050,570,11.287128,13.2,10.657895,.30239999,.16,.68400002,24.625,.27990001,.17900001,.54799998
Stockton-on-Tees UA,145,1240,290,3860,2016,Stockton-on-Tees,E06000004,5100,435,8.5294113,11.693548,7.5129533,.30239999,.16,.68400002,24.625,.27990001,.17900001,.54799998
Stockton-on-Tees,90,1125,235,3870,2017,Stockton-on-Tees,E06000004,4995,325,6.5065064,8,6.0723515,.30239999,.16,.68400002,24.625,.27990001,.17900001,.54799998
Stockton-on-Tees2,95,1095,150,3265,2018,Stockton-on-Tees,E06000004,4360,245,5.619266,8.6757994,4.5941806,.30239999,.16,.68400002,24.625,.27990001,.17900001,.54799998
Stockton-on-Tees,105,1320,255,4130,2019,Stockton-on-Tees,E06000004,5450,360,6.6055045,7.9545455,6.174334,.30239999,.16,.68400002,24.625,.27990001,.17900001,.54799998
Stockton-on-Tees,115,1130,225,3930,2020,Stockton-on-Tees,E06000004,5060,340,6.7193675,10.176991,5.7251906,.30239999,.16,.68400002,24.625,.27990001,.17900001,.54799998
Stockton-on-Tees,535,1965,550,3915,2021,Stockton-on-Tees,E06000004,5880,1085,18.452381,27.226463,14.048532,.30239999,.16,.68400002,24.625,.27990001,.17900001,.54799998
Stockton-on-Tees,715,2075,905,4600,2022,Stockton-on-Tees,E06000004,6675,1620,24.269663,34.457832,19.673914,.30239999,.16,.68400002,24.625,.27990001,.17900001,.54799998
Stockton-on-Tees,955,2405,1235,4980,2023,Stockton-on-Tees,E06000004,7385,2190,29.654705,39.708939,24.799196,.30239999,.16,.68400002,24.625,.27990001,.17900001,.54799998
Darlington,360,1350,1165,2700,2014,Darlington,E06000005,4050,1525,37.65432,26.666666,43.148148,.28909999,.152,.53200001,23.639,.2438,.176,.50199997
Darlington,385,1380,1260,3305,2015,Darlington,E06000005,4685,1645,35.112061,27.89855,38.124054,.28909999,.152,.53200001,23.639,.2438,.176,.50199997
Darlington UA,400,1240,1155,3325,2016,Darlington,E06000005,4565,1555,34.063526,32.258064,34.736843,.28909999,.152,.53200001,23.639,.2438,.176,.50199997
Darlington,885,2410,905,3535,2017,Darlington,E06000005,5945,1790,30.109335,36.721992,25.601131,.28909999,.152,.53200001,23.639,.2438,.176,.50199997
Darlington,1010,2660,825,3755,2018,Darlington,E06000005,6415,1835,28.604832,37.969925,21.970705,.28909999,.152,.53200001,23.639,.2438,.176,.50199997
Darlington,1215,2540,1000,3830,2019,Darlington,E06000005,6370,2215,34.772369,47.834644,26.109661,.28909999,.152,.53200001,23.639,.2438,.176,.50199997
Darlington,1045,2020,805,3705,2020,Darlington,E06000005,5725,1850,32.314411,51.732674,21.727396,.28909999,.152,.53200001,23.639,.2438,.176,.50199997
Darlington,1115,2140,715,3695,2021,Darlington,E06000005,5835,1830,31.362469,52.102802,19.350473,.28909999,.152,.53200001,23.639,.2438,.176,.50199997
Darlington,935,2015,685,3910,2022,Darlington,E06000005,5925,1620,27.341772,46.401985,17.519182,.28909999,.152,.53200001,23.639,.2438,.176,.50199997
Darlington,705,1915,565,3925,2023,Darlington,E06000005,5840,1270,21.746574,36.814621,14.394904,.28909999,.152,.53200001,23.639,.2438,.176,.50199997
Halton,85,300,145,1070,2014,Halton,E06000006,1370,230,16.788321,28.333334,13.551402,.46779999,.18099999,.93000001,31.943001,.44940001,.207,.96399999
Halton,120,500,325,1195,2015,Halton,E06000006,1695,445,26.253687,24,27.196653,.46779999,.18099999,.93000001,31.943001,.44940001,.207,.96399999
Halton UA,380,1015,850,2880,2016,Halton,E06000006,3895,1230,31.578947,37.438423,29.513889,.46779999,.18099999,.93000001,31.943001,.44940001,.207,.96399999
Halton,30,430,150,2155,2017,Halton,E06000006,2585,180,6.9632497,6.9767442,6.960557,.46779999,.18099999,.93000001,31.943001,.44940001,.207,.96399999
Halton,25,475,90,1955,2018,Halton,E06000006,2430,115,4.7325101,5.2631578,4.6035805,.46779999,.18099999,.93000001,31.943001,.44940001,.207,.96399999
Halton,15,325,55,1570,2019,Halton,E06000006,1895,70,3.6939313,4.6153846,3.5031848,.46779999,.18099999,.93000001,31.943001,.44940001,.207,.96399999
Halton,365,575,780,1585,2020,Halton,E06000006,2160,1145,53.009258,63.47826,49.211357,.46779999,.18099999,.93000001,31.943001,.44940001,.207,.96399999
Halton,315,695,710,1925,2021,Halton,E06000006,2620,1025,39.122139,45.323742,36.883118,.46779999,.18099999,.93000001,31.943001,.44940001,.207,.96399999
Halton,340,755,560,1665,2022,Halton,E06000006,2420,900,37.190083,45.033112,33.633633,.46779999,.18099999,.93000001,31.943001,.44940001,.207,.96399999
Halton,440,835,805,2120,2023,Halton,E06000006,2955,1245,42.131981,52.694611,37.971699,.46779999,.18099999,.93000001,31.943001,.44940001,.207,.96399999
Warrington,125,3155,420,6725,2014,Warrington,E06000007,9880,545,5.5161943,3.9619651,6.2453532,.1837,.121,.278,19.312,.1849,.141,.352
Warrington,420,2170,970,6095,2015,Warrington,E06000007,8265,1390,16.817907,19.354839,15.914684,.1837,.121,.278,19.312,.1849,.141,.352
Warrington UA,530,2915,1195,6160,2016,Warrington,E06000007,9075,1725,19.008265,18.181818,19.399351,.1837,.121,.278,19.312,.1849,.141,.352
Warrington,535,3100,1290,6480,2017,Warrington,E06000007,9580,1825,19.050104,17.258064,19.907408,.1837,.121,.278,19.312,.1849,.141,.352
Warrington,815,2775,1800,6315,2018,Warrington,E06000007,9090,2615,28.767878,29.36937,28.503563,.1837,.121,.278,19.312,.1849,.141,.352
Warrington,645,3235,840,5565,2019,Warrington,E06000007,8800,1485,16.875,19.938177,15.094339,.1837,.121,.278,19.312,.1849,.141,.352
Warrington,635,2905,1370,6220,2020,Warrington,E06000007,9125,2005,21.972603,21.858864,22.025724,.1837,.121,.278,19.312,.1849,.141,.352
Warrington,655,2835,1245,5970,2021,Warrington,E06000007,8805,1900,21.578648,23.104057,20.854271,.1837,.121,.278,19.312,.1849,.141,.352
Warrington,460,2985,360,6300,2022,Warrington,E06000007,9285,820,8.8314486,15.410385,5.7142859,.1837,.121,.278,19.312,.1849,.141,.352
Warrington,395,3100,325,6285,2023,Warrington,E06000007,9385,720,7.6718168,12.741936,5.171042,.1837,.121,.278,19.312,.1849,.141,.352
Blackburn with Darwen,710,1735,1160,3370,2014,BlackburnwithDarwen,E06000008,5105,1870,36.630753,40.922192,34.421364,.55190003,.23800001,1.049,34.188999,.50010002,.24699999,1.022
Blackburn with Darwen,1065,1890,1600,4045,2015,BlackburnwithDarwen,E06000008,5935,2665,44.903118,56.349205,39.555008,.55190003,.23800001,1.049,34.188999,.50010002,.24699999,1.022
Blackburn with Darwen UA,570,1685,1580,3690,2016,BlackburnwithDarwen,E06000008,5375,2150,40,33.827892,42.818428,.55190003,.23800001,1.049,34.188999,.50010002,.24699999,1.022
Blackburn with Darwen,545,1750,1450,3825,2017,BlackburnwithDarwen,E06000008,5575,1995,35.784752,31.142857,37.908497,.55190003,.23800001,1.049,34.188999,.50010002,.24699999,1.022
Blackburn with Darwen,720,2160,1395,3525,2018,BlackburnwithDarwen,E06000008,5685,2115,37.203167,33.333332,39.574467,.55190003,.23800001,1.049,34.188999,.50010002,.24699999,1.022
Blackburn with Darwen,625,2445,1330,4205,2019,BlackburnwithDarwen,E06000008,6650,1955,29.398497,25.562372,31.629013,.55190003,.23800001,1.049,34.188999,.50010002,.24699999,1.022
Blackburn with Darwen,655,2310,1355,3750,2020,BlackburnwithDarwen,E06000008,6060,2010,33.168316,28.354979,36.133335,.55190003,.23800001,1.049,34.188999,.50010002,.24699999,1.022
Blackburn with Darwen,1385,3155,1665,4155,2021,BlackburnwithDarwen,E06000008,7310,3050,41.723667,43.898575,40.072201,.55190003,.23800001,1.049,34.188999,.50010002,.24699999,1.022
Blackburn with Darwen,1415,2960,1850,4345,2022,BlackburnwithDarwen,E06000008,7305,3265,44.695415,47.804054,42.577675,.55190003,.23800001,1.049,34.188999,.50010002,.24699999,1.022
Blackburn with Darwen,1570,3090,1885,4250,2023,BlackburnwithDarwen,E06000008,7340,3455,47.070847,50.809063,44.35294,.55190003,.23800001,1.049,34.188999,.50010002,.24699999,1.022
Blackpool,165,1280,435,3120,2014,Blackpool,E06000009,4400,600,13.636364,12.890625,13.942307,.57660002,.23100001,1.643,41.997002,.50749999,.25299999,1.489
Blackpool,235,1495,465,3070,2015,Blackpool,E06000009,4565,700,15.334064,15.719064,15.14658,.57660002,.23100001,1.643,41.997002,.50749999,.25299999,1.489
Blackpool UA3,275,1320,485,3130,2016,Blackpool,E06000009,4450,760,17.078651,20.833334,15.495208,.57660002,.23100001,1.643,41.997002,.50749999,.25299999,1.489
Blackpool,260,1660,555,3350,2017,Blackpool,E06000009,5010,815,16.267466,15.662651,16.567163,.57660002,.23100001,1.643,41.997002,.50749999,.25299999,1.489
Blackpool,375,1765,635,3970,2018,Blackpool,E06000009,5735,1010,17.61116,21.246458,15.994963,.57660002,.23100001,1.643,41.997002,.50749999,.25299999,1.489
Blackpool,555,1930,890,4370,2019,Blackpool,E06000009,6300,1445,22.936508,28.756477,20.366133,.57660002,.23100001,1.643,41.997002,.50749999,.25299999,1.489
Blackpool,650,2065,875,3885,2020,Blackpool,E06000009,5950,1525,25.630253,31.476997,22.522522,.57660002,.23100001,1.643,41.997002,.50749999,.25299999,1.489
Blackpool,820,2155,1045,4375,2021,Blackpool,E06000009,6530,1865,28.56049,38.051044,23.885714,.57660002,.23100001,1.643,41.997002,.50749999,.25299999,1.489
Blackpool,1110,2495,1430,4635,2022,Blackpool,E06000009,7130,2540,35.624123,44.488979,30.852211,.57660002,.23100001,1.643,41.997002,.50749999,.25299999,1.489
Blackpool,770,2340,1220,4765,2023,Blackpool,E06000009,7105,1990,28.008444,32.905983,25.603357,.57660002,.23100001,1.643,41.997002,.50749999,.25299999,1.489
Kingston upon Hull,50,2590,160,5840,2014,KingstonuponHull,E06000010,8430,210,2.4911032,1.9305019,2.7397261,.55049998,.257,.85299999,41.235001,.54229999,.28400001,.69999999
Kingston upon Hull,35,2590,210,7095,2015,KingstonuponHull,E06000010,9685,245,2.529685,1.3513514,2.9598308,.55049998,.257,.85299999,41.235001,.54229999,.28400001,.69999999
Kingston upon Hull UA,50,3165,165,8590,2016,KingstonuponHull,E06000010,11755,215,1.8290089,1.5797788,1.9208382,.55049998,.257,.85299999,41.235001,.54229999,.28400001,.69999999
Kingston upon Hull City of,25,3290,75,8180,2017,KingstonuponHull,E06000010,11470,100,.87183958,.7598784,.91687042,.55049998,.257,.85299999,41.235001,.54229999,.28400001,.69999999
Kingston upon Hull City of,20,3360,50,7230,2018,KingstonuponHull,E06000010,10590,70,.66100097,.59523809,.69156295,.55049998,.257,.85299999,41.235001,.54229999,.28400001,.69999999
Kingston upon Hull City of,40,3055,100,7655,2019,KingstonuponHull,E06000010,10710,140,1.3071896,1.3093289,1.3063357,.55049998,.257,.85299999,41.235001,.54229999,.28400001,.69999999
Kingston upon Hull City of,60,3300,85,7065,2020,KingstonuponHull,E06000010,10365,145,1.3989388,1.8181819,1.2031139,.55049998,.257,.85299999,41.235001,.54229999,.28400001,.69999999
Kingston upon Hull City of,40,2935,75,6600,2021,KingstonuponHull,E06000010,9535,115,1.2060828,1.362862,1.1363636,.55049998,.257,.85299999,41.235001,.54229999,.28400001,.69999999
Kingston upon Hull City of,45,2920,90,6345,2022,KingstonuponHull,E06000010,9265,135,1.4570966,1.5410959,1.4184397,.55049998,.257,.85299999,41.235001,.54229999,.28400001,.69999999
Kingston upon Hull City of,20,2795,25,6050,2023,KingstonuponHull,E06000010,8845,45,.508762,.71556354,.41322315,.55049998,.257,.85299999,41.235001,.54229999,.28400001,.69999999
East Riding of Yorkshire,810,5950,2695,17595,2014,EastRidingofYorkshire,E06000011,23545,3505,14.886388,13.613445,15.316852,.089100003,.108,-.38999999,15.792,.091600001,.126,-.461
East Riding of Yorkshire,420,6320,1880,18505,2015,EastRidingofYorkshire,E06000011,24825,2300,9.2648544,6.6455698,10.159416,.089100003,.108,-.38999999,15.792,.091600001,.126,-.461
East Riding of Yorkshire UA,495,5595,1535,17095,2016,EastRidingofYorkshire,E06000011,22690,2030,8.9466724,8.8471851,8.9792337,.089100003,.108,-.38999999,15.792,.091600001,.126,-.461
East Riding of Yorkshire,480,5165,1355,15890,2017,EastRidingofYorkshire,E06000011,21055,1835,8.7152691,9.2933207,8.5273762,.089100003,.108,-.38999999,15.792,.091600001,.126,-.461
East Riding of Yorkshire,430,4990,1355,16385,2018,EastRidingofYorkshire,E06000011,21375,1785,8.3508768,8.6172342,8.2697592,.089100003,.108,-.38999999,15.792,.091600001,.126,-.461
East Riding of Yorkshire,465,3390,1390,13100,2019,EastRidingofYorkshire,E06000011,16490,1855,11.249242,13.716814,10.610687,.089100003,.108,-.38999999,15.792,.091600001,.126,-.461
East Riding of Yorkshire,455,3045,1360,12660,2020,EastRidingofYorkshire,E06000011,15705,1815,11.556829,14.942529,10.742496,.089100003,.108,-.38999999,15.792,.091600001,.126,-.461
East Riding of Yorkshire,470,3140,1370,12780,2021,EastRidingofYorkshire,E06000011,15920,1840,11.557789,14.968153,10.719874,.089100003,.108,-.38999999,15.792,.091600001,.126,-.461
East Riding of Yorkshire,590,3220,1420,12450,2022,EastRidingofYorkshire,E06000011,15670,2010,12.827058,18.322981,11.405622,.089100003,.108,-.38999999,15.792,.091600001,.126,-.461
East Riding of Yorkshire,590,3380,1755,12860,2023,EastRidingofYorkshire,E06000011,16240,2345,14.439655,17.455622,13.646967,.089100003,.108,-.38999999,15.792,.091600001,.126,-.461
North East Lincolnshire,1170,1390,3815,5350,2014,NorthEastLincolnshire,E06000012,6740,4985,73.961426,84.172661,71.308411,.3858,.17,.38,30.898001,.38049999,.193,.207
North East Lincolnshire,1205,1350,3660,4600,2015,NorthEastLincolnshire,E06000012,5950,4865,81.764709,89.259262,79.565216,.3858,.17,.38,30.898001,.38049999,.193,.207
North East Lincolnshire UA,1195,1500,3135,4950,2016,NorthEastLincolnshire,E06000012,6450,4330,67.131783,79.666664,63.333332,.3858,.17,.38,30.898001,.38049999,.193,.207
North East Lincolnshire,3080,3520,2500,4655,2017,NorthEastLincolnshire,E06000012,8175,5580,68.256882,87.5,53.705692,.3858,.17,.38,30.898001,.38049999,.193,.207
North East Lincolnshire,6815,7675,2825,5275,2018,NorthEastLincolnshire,E06000012,12950,9640,74.440155,88.794785,53.554501,.3858,.17,.38,30.898001,.38049999,.193,.207
North East Lincolnshire,6165,6945,2675,5295,2019,NorthEastLincolnshire,E06000012,12240,8840,72.222221,88.768898,50.51936,.3858,.17,.38,30.898001,.38049999,.193,.207
North East Lincolnshire,1985,2645,2550,5620,2020,NorthEastLincolnshire,E06000012,8265,4535,54.869934,75.047256,45.373665,.3858,.17,.38,30.898001,.38049999,.193,.207
North East Lincolnshire,1440,2090,2485,5270,2021,NorthEastLincolnshire,E06000012,7360,3925,53.328804,68.899521,47.153702,.3858,.17,.38,30.898001,.38049999,.193,.207
North East Lincolnshire,1315,1985,2570,5860,2022,NorthEastLincolnshire,E06000012,7845,3885,49.521988,66.246849,43.856655,.3858,.17,.38,30.898001,.38049999,.193,.207
North East Lincolnshire,1385,1945,2895,5675,2023,NorthEastLincolnshire,E06000012,7620,4280,56.16798,71.208229,51.013214,.3858,.17,.38,30.898001,.38049999,.193,.207
North Lincolnshire,5,3040,45,7815,2014,NorthLincolnshire,E06000013,10855,50,.46061721,.16447368,.57581574,.2043,.13500001,.233,21.363001,.1874,.156,.14300001
North Lincolnshire,295,3465,1425,8755,2015,NorthLincolnshire,E06000013,12220,1720,14.075287,8.5137081,16.276413,.2043,.13500001,.233,21.363001,.1874,.156,.14300001
North Lincolnshire UA,300,3280,1795,9075,2016,NorthLincolnshire,E06000013,12355,2095,16.956697,9.1463413,19.779613,.2043,.13500001,.233,21.363001,.1874,.156,.14300001
North Lincolnshire,155,2675,105,8745,2017,NorthLincolnshire,E06000013,11420,260,2.2767076,5.7943926,1.2006861,.2043,.13500001,.233,21.363001,.1874,.156,.14300001
North Lincolnshire,610,3420,580,8315,2018,NorthLincolnshire,E06000013,11735,1190,10.140605,17.836258,6.9753456,.2043,.13500001,.233,21.363001,.1874,.156,.14300001
North Lincolnshire,,3245,,8765,2019,NorthLincolnshire,E06000013,12010,,,,,.2043,.13500001,.233,21.363001,.1874,.156,.14300001
North Lincolnshire,235,1960,115,6155,2020,NorthLincolnshire,E06000013,8115,350,4.3130007,11.989796,1.8683996,.2043,.13500001,.233,21.363001,.1874,.156,.14300001
North Lincolnshire,40,3060,15,8150,2021,NorthLincolnshire,E06000013,11210,55,.49063337,1.3071896,.18404908,.2043,.13500001,.233,21.363001,.1874,.156,.14300001
North Lincolnshire,65,2625,50,7395,2022,NorthLincolnshire,E06000013,10020,115,1.1477046,2.4761906,.6761325,.2043,.13500001,.233,21.363001,.1874,.156,.14300001
North Lincolnshire,415,1605,915,4495,2023,NorthLincolnshire,E06000013,6100,1330,21.803278,25.856697,20.355951,.2043,.13500001,.233,21.363001,.1874,.156,.14300001
York,465,940,515,2745,2014,York,E06000014,3685,980,26.594301,49.468086,18.761385,.054000001,.093999997,-.31600001,12.219,.059099998,.111,-.49399999
York,485,985,970,3230,2015,York,E06000014,4215,1455,34.519573,49.238579,30.03096,.054000001,.093999997,-.31600001,12.219,.059099998,.111,-.49399999
York UA,490,1100,1180,3580,2016,York,E06000014,4680,1670,35.683762,44.545456,32.960896,.054000001,.093999997,-.31600001,12.219,.059099998,.111,-.49399999
York,700,1465,1640,4330,2017,York,E06000014,5795,2340,40.379639,47.78157,37.87529,.054000001,.093999997,-.31600001,12.219,.059099998,.111,-.49399999
York2,470,1130,1670,4425,2018,York,E06000014,5555,2140,38.523853,41.592922,37.740112,.054000001,.093999997,-.31600001,12.219,.059099998,.111,-.49399999
York,500,1085,1685,4225,2019,York,E06000014,5310,2185,41.148777,46.082951,39.881657,.054000001,.093999997,-.31600001,12.219,.059099998,.111,-.49399999
York,510,1040,2005,4335,2020,York,E06000014,5375,2515,46.790699,49.03846,46.251442,.054000001,.093999997,-.31600001,12.219,.059099998,.111,-.49399999
York,655,1230,2245,4640,2021,York,E06000014,5870,2900,49.403748,53.252033,48.383621,.054000001,.093999997,-.31600001,12.219,.059099998,.111,-.49399999
York,670,1295,2125,4650,2022,York,E06000014,5945,2795,47.014297,51.737453,45.698925,.054000001,.093999997,-.31600001,12.219,.059099998,.111,-.49399999
York,620,1180,1995,4605,2023,York,E06000014,5785,2615,45.20311,52.542374,43.322475,.054000001,.093999997,-.31600001,12.219,.059099998,.111,-.49399999
Derby,1970,2925,2720,5965,2014,Derby,E06000015,8890,4690,52.755905,67.350426,45.599331,.3427,.168,.52600002,27.790001,.33649999,.186,.41999999
Derby,1355,2660,2835,6260,2015,Derby,E06000015,8920,4190,46.973095,50.93985,45.28754,.3427,.168,.52600002,27.790001,.33649999,.186,.41999999
Derby UA5,1280,2710,2475,6345,2016,Derby,E06000015,9055,3755,41.468803,47.232471,39.007092,.3427,.168,.52600002,27.790001,.33649999,.186,.41999999
Derby,1045,2845,2030,6120,2017,Derby,E06000015,8965,3075,34.300056,36.731106,33.169933,.3427,.168,.52600002,27.790001,.33649999,.186,.41999999
Derby,1285,3390,1980,6510,2018,Derby,E06000015,9900,3265,32.979797,37.905605,30.414747,.3427,.168,.52600002,27.790001,.33649999,.186,.41999999
Derby,1330,3985,1930,6375,2019,Derby,E06000015,10360,3260,31.467182,33.375156,30.274509,.3427,.168,.52600002,27.790001,.33649999,.186,.41999999
Derby,1475,3020,2270,5885,2020,Derby,E06000015,8905,3745,42.055027,48.841061,38.572643,.3427,.168,.52600002,27.790001,.33649999,.186,.41999999
Derby,1890,3535,2110,5825,2021,Derby,E06000015,9360,4000,42.735043,53.465347,36.223175,.3427,.168,.52600002,27.790001,.33649999,.186,.41999999
Derby,1575,3380,1845,6290,2022,Derby,E06000015,9670,3420,35.367115,46.597633,29.332273,.3427,.168,.52600002,27.790001,.33649999,.186,.41999999
Derby,1885,4345,1660,5935,2023,Derby,E06000015,10280,3545,34.484436,43.383198,27.969671,.3427,.168,.52600002,27.790001,.33649999,.186,.41999999
Leicester,2180,6500,2040,8230,2014,Leicester,E06000016,14730,4220,28.649015,33.53846,24.787363,.37130001,.29800001,.59399998,33.064999,.41749999,.315,.55400002
Leicester,1920,6100,2130,8490,2015,Leicester,E06000016,14590,4050,27.758739,31.47541,25.088339,.37130001,.29800001,.59399998,33.064999,.41749999,.315,.55400002
Leicester UA,1985,5480,2295,7425,2016,Leicester,E06000016,12905,4280,33.16544,36.22263,30.90909,.37130001,.29800001,.59399998,33.064999,.41749999,.315,.55400002
Leicester,1750,5500,2355,7985,2017,Leicester,E06000016,13485,4105,30.441231,31.818182,29.4928,.37130001,.29800001,.59399998,33.064999,.41749999,.315,.55400002
Leicester,2115,5755,2500,8595,2018,Leicester,E06000016,14350,4615,32.160278,36.750652,29.086678,.37130001,.29800001,.59399998,33.064999,.41749999,.315,.55400002
Leicester,1795,5065,2550,8360,2019,Leicester,E06000016,13425,4345,32.36499,35.439289,30.502392,.37130001,.29800001,.59399998,33.064999,.41749999,.315,.55400002
Leicester,1465,4085,1875,6375,2020,Leicester,E06000016,10460,3340,31.931166,35.862911,29.411764,.37130001,.29800001,.59399998,33.064999,.41749999,.315,.55400002
Leicester,1485,4250,1990,7335,2021,Leicester,E06000016,11585,3475,29.995684,34.941177,27.130198,.37130001,.29800001,.59399998,33.064999,.41749999,.315,.55400002
Leicester,1390,3950,1815,7140,2022,Leicester,E06000016,11090,3205,28.89991,35.189873,25.420168,.37130001,.29800001,.59399998,33.064999,.41749999,.315,.55400002
Leicester,1695,4535,2385,8350,2023,Leicester,E06000016,12885,4080,31.664726,37.375965,28.562874,.37130001,.29800001,.59399998,33.064999,.41749999,.315,.55400002
Rutland,0,65,0,370,2014,Rutland,E06000017,435,0,0,0,0,0,.064000003,-1.048,9.6210003,0,.079000004,-.85000002
Rutland,0,55,0,400,2015,Rutland,E06000017,455,0,0,0,0,0,.064000003,-1.048,9.6210003,0,.079000004,-.85000002
Rutland UA5,155,310,560,1395,2016,Rutland,E06000017,1705,715,41.935482,50,40.143368,0,.064000003,-1.048,9.6210003,0,.079000004,-.85000002
Rutland,130,280,435,1210,2017,Rutland,E06000017,1490,565,37.919464,46.42857,35.950413,0,.064000003,-1.048,9.6210003,0,.079000004,-.85000002
Rutland,150,280,630,1440,2018,Rutland,E06000017,1720,780,45.348839,53.57143,43.75,0,.064000003,-1.048,9.6210003,0,.079000004,-.85000002
Rutland,115,235,590,1430,2019,Rutland,E06000017,1665,705,42.342342,48.936169,41.258739,0,.064000003,-1.048,9.6210003,0,.079000004,-.85000002
Rutland,100,275,540,1540,2020,Rutland,E06000017,1815,640,35.261707,36.363636,35.064934,0,.064000003,-1.048,9.6210003,0,.079000004,-.85000002
Rutland,135,330,660,1785,2021,Rutland,E06000017,2115,795,37.588654,40.909092,36.974789,0,.064000003,-1.048,9.6210003,0,.079000004,-.85000002
Rutland,135,350,660,1835,2022,Rutland,E06000017,2185,795,36.384438,38.57143,35.967304,0,.064000003,-1.048,9.6210003,0,.079000004,-.85000002
Rutland,155,320,850,1620,2023,Rutland,E06000017,1940,1005,51.804123,48.4375,52.469135,0,.064000003,-1.048,9.6210003,0,.079000004,-.85000002
Nottingham,325,980,1100,2690,2014,Nottingham,E06000018,3670,1425,38.828339,33.163265,40.892193,.52350003,.23800001,.861,36.926998,.55720001,.259,.85699999
Nottingham,1760,2375,3680,5290,2015,Nottingham,E06000018,7665,5440,70.971947,74.105263,69.565216,.52350003,.23800001,.861,36.926998,.55720001,.259,.85699999
Nottingham UA,1950,4405,1665,5825,2016,Nottingham,E06000018,10230,3615,35.337242,44.267876,28.583691,.52350003,.23800001,.861,36.926998,.55720001,.259,.85699999
Nottingham,2365,6525,1425,6790,2017,Nottingham,E06000018,13315,3790,28.464138,36.245213,20.986746,.52350003,.23800001,.861,36.926998,.55720001,.259,.85699999
Nottingham,2440,6565,1510,6870,2018,Nottingham,E06000018,13435,3950,29.400818,37.166794,21.979622,.52350003,.23800001,.861,36.926998,.55720001,.259,.85699999
Nottingham,2470,6915,1695,8000,2019,Nottingham,E06000018,14915,4165,27.924908,35.719452,21.1875,.52350003,.23800001,.861,36.926998,.55720001,.259,.85699999
Nottingham,2505,6860,1600,8100,2020,Nottingham,E06000018,14960,4105,27.43984,36.516033,19.753086,.52350003,.23800001,.861,36.926998,.55720001,.259,.85699999
Nottingham,2940,7355,1980,8050,2021,Nottingham,E06000018,15405,4920,31.937683,39.972809,24.596273,.52350003,.23800001,.861,36.926998,.55720001,.259,.85699999
Nottingham,2635,7220,1815,8670,2022,Nottingham,E06000018,15890,4450,28.005035,36.495846,20.934256,.52350003,.23800001,.861,36.926998,.55720001,.259,.85699999
Nottingham,2060,6580,1190,7885,2023,Nottingham,E06000018,14465,3250,22.468027,31.306992,15.091947,.52350003,.23800001,.861,36.926998,.55720001,.259,.85699999
Herefordshire,0,1645,770,5175,2014,Herefordshire,E06000019,6820,770,11.290322,0,14.879227,.068700001,.109,-.31200001,19.737,.070200004,.131,-.32800001
Herefordshire,170,1290,1245,4710,2015,Herefordshire,E06000019,6000,1415,23.583334,13.178294,26.433121,.068700001,.109,-.31200001,19.737,.070200004,.131,-.32800001
Herefordshire UA,370,1680,1745,4965,2016,Herefordshire,E06000019,6645,2115,31.828442,22.023809,35.146023,.068700001,.109,-.31200001,19.737,.070200004,.131,-.32800001
Herefordshire County of,200,1440,1240,5305,2017,Herefordshire,E06000019,6745,1440,21.349148,13.888889,23.374176,.068700001,.109,-.31200001,19.737,.070200004,.131,-.32800001
Herefordshire County of,180,980,1040,4945,2018,Herefordshire,E06000019,5925,1220,20.590717,18.367348,21.031345,.068700001,.109,-.31200001,19.737,.070200004,.131,-.32800001
Herefordshire County of,175,895,1470,4950,2019,Herefordshire,E06000019,5845,1645,28.143713,19.553072,29.69697,.068700001,.109,-.31200001,19.737,.070200004,.131,-.32800001
Herefordshire County of,120,700,725,3975,2020,Herefordshire,E06000019,4675,845,18.074867,17.142857,18.238995,.068700001,.109,-.31200001,19.737,.070200004,.131,-.32800001
Herefordshire County of,140,685,1255,4500,2021,Herefordshire,E06000019,5185,1395,26.904531,20.437956,27.888889,.068700001,.109,-.31200001,19.737,.070200004,.131,-.32800001
Herefordshire County of,145,705,1265,4635,2022,Herefordshire,E06000019,5340,1410,26.404495,20.567375,27.292341,.068700001,.109,-.31200001,19.737,.070200004,.131,-.32800001
Herefordshire County of,125,640,1130,5040,2023,Herefordshire,E06000019,5680,1255,22.09507,19.53125,22.420635,.068700001,.109,-.31200001,19.737,.070200004,.131,-.32800001
Telford and the Wrekin,380,1225,780,2510,2014,TelfordandWrekin,E06000020,3735,1160,31.057564,31.020409,31.075697,.26050001,.16599999,.44600001,24.851999,.25979999,.19400001,.41999999
Telford and the Wrekin,590,1840,665,2550,2015,TelfordandWrekin,E06000020,4390,1255,28.5877,32.065216,26.078432,.26050001,.16599999,.44600001,24.851999,.25979999,.19400001,.41999999
Telford and the Wrekin UA,145,770,445,2190,2016,TelfordandWrekin,E06000020,2960,590,19.932432,18.831169,20.319635,.26050001,.16599999,.44600001,24.851999,.25979999,.19400001,.41999999
Telford and Wrekin,100,660,300,1980,2017,TelfordandWrekin,E06000020,2640,400,15.151515,15.151515,15.151515,.26050001,.16599999,.44600001,24.851999,.25979999,.19400001,.41999999
Telford and Wrekin,605,1200,750,2535,2018,TelfordandWrekin,E06000020,3735,1355,36.278446,50.416668,29.585798,.26050001,.16599999,.44600001,24.851999,.25979999,.19400001,.41999999
Telford and Wrekin,2155,3155,1440,4180,2019,TelfordandWrekin,E06000020,7335,3595,49.011589,68.304276,34.44976,.26050001,.16599999,.44600001,24.851999,.25979999,.19400001,.41999999
Telford and Wrekin,1245,2390,1515,4665,2020,TelfordandWrekin,E06000020,7055,2760,39.121189,52.092049,32.475883,.26050001,.16599999,.44600001,24.851999,.25979999,.19400001,.41999999
Telford and Wrekin,1185,2095,1465,4270,2021,TelfordandWrekin,E06000020,6365,2650,41.633934,56.563248,34.309132,.26050001,.16599999,.44600001,24.851999,.25979999,.19400001,.41999999
Telford and Wrekin,1570,2500,1330,4055,2022,TelfordandWrekin,E06000020,6555,2900,44.241039,62.799999,32.799015,.26050001,.16599999,.44600001,24.851999,.25979999,.19400001,.41999999
Telford and Wrekin,1180,2120,785,3575,2023,TelfordandWrekin,E06000020,5695,1965,34.503952,55.660378,21.958042,.26050001,.16599999,.44600001,24.851999,.25979999,.19400001,.41999999
Stoke-on-Trent,3875,6135,4715,6640,2014,Stoke-on-Trent,E06000021,12775,8590,67.240707,63.162186,71.009033,.50730002,.184,1.0369999,34.360001,.48820001,.20999999,.94700003
Stoke-on-Trent,3060,4130,1140,3680,2015,Stoke-on-Trent,E06000021,7810,4200,53.77721,74.09201,30.97826,.50730002,.184,1.0369999,34.360001,.48820001,.20999999,.94700003
Stoke-on-Trent UA,,3550,,3925,2016,Stoke-on-Trent,E06000021,7475,,,,,.50730002,.184,1.0369999,34.360001,.48820001,.20999999,.94700003
Stoke-on-Trent,,2030,,3595,2017,Stoke-on-Trent,E06000021,5625,,,,,.50730002,.184,1.0369999,34.360001,.48820001,.20999999,.94700003
Stoke-on-Trent,,2255,,3745,2018,Stoke-on-Trent,E06000021,6000,,,,,.50730002,.184,1.0369999,34.360001,.48820001,.20999999,.94700003
Stoke-on-Trent,2465,4240,4025,8735,2019,Stoke-on-Trent,E06000021,12975,6490,50.019268,58.136791,46.078991,.50730002,.184,1.0369999,34.360001,.48820001,.20999999,.94700003
Stoke-on-Trent,60,1595,3140,6845,2020,Stoke-on-Trent,E06000021,8440,3200,37.914692,3.7617555,45.872898,.50730002,.184,1.0369999,34.360001,.48820001,.20999999,.94700003
Stoke-on-Trent,85,1635,130,3815,2021,Stoke-on-Trent,E06000021,5450,215,3.9449542,5.1987767,3.4076016,.50730002,.184,1.0369999,34.360001,.48820001,.20999999,.94700003
Stoke-on-Trent,3495,5325,3515,7445,2022,Stoke-on-Trent,E06000021,12770,7010,54.894283,65.633804,47.212894,.50730002,.184,1.0369999,34.360001,.48820001,.20999999,.94700003
Stoke-on-Trent,2875,5275,2485,6940,2023,Stoke-on-Trent,E06000021,12215,5360,43.880474,54.502369,35.806915,.50730002,.184,1.0369999,34.360001,.48820001,.20999999,.94700003
Bath and North East Somerset,1185,1795,1200,3130,2014,BathandNorthEastSomerset,E06000022,4925,2385,48.426395,66.016716,38.338657,.040199999,.096000001,-.66799998,12.094,.042100001,.115,-.537
Bath and North East Somerset,1445,1995,1665,3780,2015,BathandNorthEastSomerset,E06000022,5775,3110,53.852814,72.431076,44.047619,.040199999,.096000001,-.66799998,12.094,.042100001,.115,-.537
Bath and North East Somerset UA,2010,2390,1650,3310,2016,BathandNorthEastSomerset,E06000022,5700,3660,64.210526,84.100418,49.848942,.040199999,.096000001,-.66799998,12.094,.042100001,.115,-.537
Bath and North East Somerset,165,1980,730,3165,2017,BathandNorthEastSomerset,E06000022,5145,895,17.395529,8.333333,23.064772,.040199999,.096000001,-.66799998,12.094,.042100001,.115,-.537
Bath and North East Somerset,295,790,1160,2685,2018,BathandNorthEastSomerset,E06000022,3475,1455,41.870502,37.341774,43.20298,.040199999,.096000001,-.66799998,12.094,.042100001,.115,-.537
Bath and North East Somerset,135,660,665,2890,2019,BathandNorthEastSomerset,E06000022,3550,800,22.535212,20.454546,23.01038,.040199999,.096000001,-.66799998,12.094,.042100001,.115,-.537
Bath and North East Somerset,245,655,990,2955,2020,BathandNorthEastSomerset,E06000022,3610,1235,34.210526,37.404579,33.502537,.040199999,.096000001,-.66799998,12.094,.042100001,.115,-.537
Bath and North East Somerset,285,675,950,2455,2021,BathandNorthEastSomerset,E06000022,3130,1235,39.456867,42.222221,38.696537,.040199999,.096000001,-.66799998,12.094,.042100001,.115,-.537
Bath and North East Somerset,400,925,1190,2945,2022,BathandNorthEastSomerset,E06000022,3870,1590,41.08527,43.243244,40.407471,.040199999,.096000001,-.66799998,12.094,.042100001,.115,-.537
Bath and North East Somerset,545,1920,1360,3475,2023,BathandNorthEastSomerset,E06000022,5395,1905,35.310474,28.385416,39.136692,.040199999,.096000001,-.66799998,12.094,.042100001,.115,-.537
Bristol,1890,4095,1985,5880,2014,Bristol,E06000023,9975,3875,38.847118,46.153847,33.758503,.28799999,.175,.322,27.160999,.29010001,.198,.315
Bristol,2075,3555,2510,6085,2015,Bristol,E06000023,9640,4585,47.562241,58.368496,41.248974,.28799999,.175,.322,27.160999,.29010001,.198,.315
Bristol UA5,4080,5635,4540,8150,2016,Bristol,E06000023,13785,8620,62.531738,72.404617,55.705521,.28799999,.175,.322,27.160999,.29010001,.198,.315
Bristol City of,4525,6025,4080,7230,2017,BristolCityof,E06000023,13255,8605,64.9189,75.103737,56.431534,.28799999,.175,.322,27.160999,.29010001,.198,.315
Bristol City of,3965,5475,3300,6100,2018,BristolCityof,E06000023,11575,7265,62.76458,72.42009,54.098362,.28799999,.175,.322,27.160999,.29010001,.198,.315
Bristol City of,5070,7105,3830,7725,2019,BristolCityof,E06000023,14830,8900,60.013485,71.3582,49.579288,.28799999,.175,.322,27.160999,.29010001,.198,.315
Bristol City of,2900,5670,1675,6675,2020,BristolCityof,E06000023,12345,4575,37.05954,51.146385,25.093634,.28799999,.175,.322,27.160999,.29010001,.198,.315
Bristol City of,3230,6145,1910,6845,2021,BristolCityof,E06000023,12990,5140,39.568897,52.563061,27.90358,.28799999,.175,.322,27.160999,.29010001,.198,.315
Bristol City of,3230,5975,2250,7200,2022,BristolCityof,E06000023,13175,5480,41.593929,54.058578,31.25,.28799999,.175,.322,27.160999,.29010001,.198,.315
Bristol City of,3675,6275,2330,6880,2023,BristolCityof,E06000023,13155,6005,45.648041,58.565739,33.86628,.28799999,.175,.322,27.160999,.29010001,.198,.315
North Somerset,190,1750,1010,5870,2014,NorthSomerset,E06000024,7620,1200,15.748032,10.857142,17.206133,.1151,.104,-.26300001,15.783,.1103,.124,-.223
North Somerset,160,1370,1100,5540,2015,NorthSomerset,E06000024,6910,1260,18.234444,11.678832,19.855597,.1151,.104,-.26300001,15.783,.1103,.124,-.223
North Somerset UA,205,1635,895,5885,2016,NorthSomerset,E06000024,7520,1100,14.62766,12.538226,15.208157,.1151,.104,-.26300001,15.783,.1103,.124,-.223
North Somerset,675,1940,2620,6820,2017,NorthSomerset,E06000024,8760,3295,37.614155,34.793816,38.416424,.1151,.104,-.26300001,15.783,.1103,.124,-.223
North Somerset,675,2240,2950,8535,2018,NorthSomerset,E06000024,10775,3625,33.642693,30.133928,34.56356,.1151,.104,-.26300001,15.783,.1103,.124,-.223
North Somerset,1000,2810,2240,8530,2019,NorthSomerset,E06000024,11340,3240,28.571428,35.587189,26.260258,.1151,.104,-.26300001,15.783,.1103,.124,-.223
North Somerset,1075,2940,2115,8015,2020,NorthSomerset,E06000024,10955,3190,29.119123,36.564625,26.388023,.1151,.104,-.26300001,15.783,.1103,.124,-.223
North Somerset,485,1850,1645,7705,2021,NorthSomerset,E06000024,9555,2130,22.291994,26.216217,21.349773,.1151,.104,-.26300001,15.783,.1103,.124,-.223
North Somerset,400,1650,1230,5910,2022,NorthSomerset,E06000024,7560,1630,21.560846,24.242424,20.812183,.1151,.104,-.26300001,15.783,.1103,.124,-.223
North Somerset,930,2415,2535,7020,2023,NorthSomerset,E06000024,9435,3465,36.72496,38.509315,36.111111,.1151,.104,-.26300001,15.783,.1103,.124,-.223
South Gloucestershire,430,585,2260,3615,2014,SouthGloucestershire,E06000025,4200,2690,64.047623,73.504272,62.517288,.0126,.086999997,-.81300002,11.358,.0104,.106,-.85699999
South Gloucestershire,260,485,1530,3120,2015,SouthGloucestershire,E06000025,3605,1790,49.653259,53.608246,49.03846,.0126,.086999997,-.81300002,11.358,.0104,.106,-.85699999
South Gloucestershire UA,275,735,785,3550,2016,SouthGloucestershire,E06000025,4285,1060,24.737455,37.414967,22.112677,.0126,.086999997,-.81300002,11.358,.0104,.106,-.85699999
South Gloucestershire,240,735,965,3975,2017,SouthGloucestershire,E06000025,4710,1205,25.583864,32.653061,24.27673,.0126,.086999997,-.81300002,11.358,.0104,.106,-.85699999
South Gloucestershire,200,1175,855,4795,2018,SouthGloucestershire,E06000025,5970,1055,17.671692,17.021276,17.831074,.0126,.086999997,-.81300002,11.358,.0104,.106,-.85699999
South Gloucestershire,285,1260,830,4910,2019,SouthGloucestershire,E06000025,6170,1115,18.071312,22.619047,16.904278,.0126,.086999997,-.81300002,11.358,.0104,.106,-.85699999
South Gloucestershire,205,1210,580,4580,2020,SouthGloucestershire,E06000025,5790,785,13.557858,16.942148,12.663755,.0126,.086999997,-.81300002,11.358,.0104,.106,-.85699999
South Gloucestershire,555,1610,1075,5575,2021,SouthGloucestershire,E06000025,7185,1630,22.686152,34.47205,19.282511,.0126,.086999997,-.81300002,11.358,.0104,.106,-.85699999
South Gloucestershire,830,2460,2035,8270,2022,SouthGloucestershire,E06000025,10730,2865,26.700838,33.739838,24.607014,.0126,.086999997,-.81300002,11.358,.0104,.106,-.85699999
South Gloucestershire,1035,2845,2350,8420,2023,SouthGloucestershire,E06000025,11265,3385,30.048824,36.379612,27.909739,.0126,.086999997,-.81300002,11.358,.0104,.106,-.85699999
Plymouth,920,2825,2550,7225,2014,Plymouth,E06000026,10050,3470,34.527363,32.566372,35.294117,.30599999,.153,.66600001,26.643,.30000001,.17299999,.66600001
Plymouth,1010,3285,2535,8155,2015,Plymouth,E06000026,11440,3545,30.987762,30.745813,31.085224,.30599999,.153,.66600001,26.643,.30000001,.17299999,.66600001
Plymouth UA,915,3000,1825,7550,2016,Plymouth,E06000026,10550,2740,25.971563,30.5,24.172186,.30599999,.153,.66600001,26.643,.30000001,.17299999,.66600001
Plymouth,1010,3020,1495,7360,2017,Plymouth,E06000026,10380,2505,24.132948,33.44371,20.3125,.30599999,.153,.66600001,26.643,.30000001,.17299999,.66600001
Plymouth,970,3345,1540,8020,2018,Plymouth,E06000026,11365,2510,22.08535,28.998505,19.201996,.30599999,.153,.66600001,26.643,.30000001,.17299999,.66600001
Plymouth,1080,3925,1990,9205,2019,Plymouth,E06000026,13130,3070,23.381569,27.515924,21.618685,.30599999,.153,.66600001,26.643,.30000001,.17299999,.66600001
Plymouth,1540,4540,2730,10065,2020,Plymouth,E06000026,14605,4270,29.236563,33.920704,27.123695,.30599999,.153,.66600001,26.643,.30000001,.17299999,.66600001
Plymouth,1430,4025,2815,8235,2021,Plymouth,E06000026,12260,4245,34.624798,35.52795,34.183365,.30599999,.153,.66600001,26.643,.30000001,.17299999,.66600001
Plymouth,1425,3805,2930,8225,2022,Plymouth,E06000026,12030,4355,36.201164,37.450722,35.6231,.30599999,.153,.66600001,26.643,.30000001,.17299999,.66600001
Plymouth,2380,4140,3610,7895,2023,Plymouth,E06000026,12035,5990,49.7715,57.487923,45.725143,.30599999,.153,.66600001,26.643,.30000001,.17299999,.66600001
Torbay,60,810,180,3480,2014,Torbay,E06000027,4290,240,5.5944057,7.4074073,5.1724138,.29120001,.17399999,.50400001,28.788,.31040001,.198,.56800002
Torbay,40,1365,105,4385,2015,Torbay,E06000027,5750,145,2.5217392,2.930403,2.3945267,.29120001,.17399999,.50400001,28.788,.31040001,.198,.56800002
Torbay UA,55,1735,110,4680,2016,Torbay,E06000027,6415,165,2.5720966,3.1700289,2.3504274,.29120001,.17399999,.50400001,28.788,.31040001,.198,.56800002
Torbay,30,1635,85,4560,2017,Torbay,E06000027,6195,115,1.8563358,1.8348624,1.8640351,.29120001,.17399999,.50400001,28.788,.31040001,.198,.56800002
Torbay,75,1600,115,4650,2018,Torbay,E06000027,6250,190,3.04,4.6875,2.4731183,.29120001,.17399999,.50400001,28.788,.31040001,.198,.56800002
Torbay,175,1705,195,4505,2019,Torbay,E06000027,6210,370,5.9581323,10.263929,4.3285236,.29120001,.17399999,.50400001,28.788,.31040001,.198,.56800002
Torbay,100,1505,115,3905,2020,Torbay,E06000027,5410,215,3.974122,6.6445184,2.9449425,.29120001,.17399999,.50400001,28.788,.31040001,.198,.56800002
Torbay,80,1955,175,6465,2021,Torbay,E06000027,8420,255,3.0285037,4.0920715,2.7068832,.29120001,.17399999,.50400001,28.788,.31040001,.198,.56800002
Torbay,55,1870,160,6700,2022,Torbay,E06000027,8570,215,2.5087514,2.9411764,2.3880596,.29120001,.17399999,.50400001,28.788,.31040001,.198,.56800002
Torbay,65,1970,250,6720,2023,Torbay,E06000027,8690,315,3.6248562,3.2994924,3.7202382,.29120001,.17399999,.50400001,28.788,.31040001,.198,.56800002
Bournemouth,205,1835,260,5580,2014,Bournemouth,E06000028,7415,465,6.2710724,11.171662,4.6594982,,,,21.847,.1742,.184,.067000002
Bournemouth,230,1730,665,5300,2015,Bournemouth,E06000028,7030,895,12.731153,13.294798,12.54717,,,,21.847,.1742,.184,.067000002
Bournemouth UA,345,2170,375,4655,2016,Bournemouth,E06000028,6825,720,10.549451,15.898618,8.0558538,,,,21.847,.1742,.184,.067000002
Bournemouth,445,2190,315,4555,2017,Bournemouth,E06000028,6745,760,11.267606,20.319635,6.9154773,,,,21.847,.1742,.184,.067000002
Bournemouth,455,2215,270,4405,2018,Bournemouth,E06000028,6620,725,10.951662,20.541761,6.1293983,,,,21.847,.1742,.184,.067000002
Poole,230,1450,1290,5605,2014,Poole,E06000029,7055,1520,21.545004,15.862069,23.015165,,,,15.219,.061500002,.132,-.21600001
Poole,125,1690,975,5810,2015,Poole,E06000029,7500,1100,14.666667,7.3964496,16.781412,,,,15.219,.061500002,.132,-.21600001
Poole UA3,70,825,310,2135,2016,Poole,E06000029,2960,380,12.837838,8.484848,14.519906,,,,15.219,.061500002,.132,-.21600001
Poole,45,1155,135,3505,2017,Poole,E06000029,4660,180,3.8626609,3.8961039,3.8516405,,,,15.219,.061500002,.132,-.21600001
Poole,60,1070,220,2990,2018,Poole,E06000029,4060,280,6.8965516,5.6074767,7.3578596,,,,15.219,.061500002,.132,-.21600001
Swindon,675,1490,2030,5540,2014,Swindon,E06000030,7030,2705,38.477951,45.302013,36.642601,.1566,.131,.0070000002,17.857,.1459,.153,-.13500001
Swindon,920,2030,2065,5220,2015,Swindon,E06000030,7250,2985,41.172413,45.320198,39.559387,.1566,.131,.0070000002,17.857,.1459,.153,-.13500001
Swindon UA,910,2360,1570,6220,2016,Swindon,E06000030,8580,2480,28.904428,38.559322,25.241158,.1566,.131,.0070000002,17.857,.1459,.153,-.13500001
Swindon,1145,2600,1690,5580,2017,Swindon,E06000030,8180,2835,34.657703,44.03846,30.286737,.1566,.131,.0070000002,17.857,.1459,.153,-.13500001
Swindon,810,1775,2410,5620,2018,Swindon,E06000030,7395,3220,43.542934,45.633804,42.882561,.1566,.131,.0070000002,17.857,.1459,.153,-.13500001
Swindon,45,910,190,3365,2019,Swindon,E06000030,4275,235,5.497076,4.945055,5.6463594,.1566,.131,.0070000002,17.857,.1459,.153,-.13500001
Swindon,25,995,75,3270,2020,Swindon,E06000030,4265,100,2.344666,2.5125628,2.2935779,.1566,.131,.0070000002,17.857,.1459,.153,-.13500001
Swindon,40,1355,130,4325,2021,Swindon,E06000030,5680,170,2.9929578,2.9520295,3.0057805,.1566,.131,.0070000002,17.857,.1459,.153,-.13500001
Swindon,25,1290,140,3860,2022,Swindon,E06000030,5150,165,3.2038834,1.9379845,3.6269431,.1566,.131,.0070000002,17.857,.1459,.153,-.13500001
Swindon,700,1850,1805,4575,2023,Swindon,E06000030,6425,2505,38.988327,37.837837,39.453552,.1566,.131,.0070000002,17.857,.1459,.153,-.13500001
Peterborough,375,1525,1140,3845,2014,Peterborough,E06000031,5370,1515,28.21229,24.590164,29.648895,.36750001,.169,.41299999,27.659,.35960001,.185,.43599999
Peterborough,200,1360,720,3260,2015,Peterborough,E06000031,4620,920,19.91342,14.705882,22.08589,.36750001,.169,.41299999,27.659,.35960001,.185,.43599999
Peterborough UA,210,1120,680,2930,2016,Peterborough,E06000031,4050,890,21.975309,18.75,23.208191,.36750001,.169,.41299999,27.659,.35960001,.185,.43599999
Peterborough,180,1095,620,2720,2017,Peterborough,E06000031,3815,800,20.969856,16.438356,22.794117,.36750001,.169,.41299999,27.659,.35960001,.185,.43599999
Peterborough,160,935,705,2545,2018,Peterborough,E06000031,3480,865,24.856321,17.112299,27.701376,.36750001,.169,.41299999,27.659,.35960001,.185,.43599999
Peterborough,170,880,730,2540,2019,Peterborough,E06000031,3420,900,26.31579,19.318182,28.740158,.36750001,.169,.41299999,27.659,.35960001,.185,.43599999
Peterborough,345,950,475,2115,2020,Peterborough,E06000031,3065,820,26.75367,36.315788,22.45863,.36750001,.169,.41299999,27.659,.35960001,.185,.43599999
Peterborough,105,900,130,2315,2021,Peterborough,E06000031,3215,235,7.3094869,11.666667,5.6155505,.36750001,.169,.41299999,27.659,.35960001,.185,.43599999
Peterborough,205,930,505,2280,2022,Peterborough,E06000031,3210,710,22.11838,22.043011,22.149122,.36750001,.169,.41299999,27.659,.35960001,.185,.43599999
Peterborough,340,1195,560,2675,2023,Peterborough,E06000031,3870,900,23.255814,28.451883,20.93458,.36750001,.169,.41299999,27.659,.35960001,.185,.43599999
Luton,245,670,580,1765,2014,Luton,E06000032,2435,825,33.880905,36.567165,32.861191,.271,.198,.294,27.577,.31380001,.213,.317
Luton,245,655,650,1725,2015,Luton,E06000032,2380,895,37.605042,37.404579,37.68116,.271,.198,.294,27.577,.31380001,.213,.317
Luton UA,435,1040,825,2380,2016,Luton,E06000032,3420,1260,36.842106,41.826923,34.663864,.271,.198,.294,27.577,.31380001,.213,.317
Luton,930,1740,1165,3235,2017,Luton,E06000032,4975,2095,42.110554,53.448277,36.012363,.271,.198,.294,27.577,.31380001,.213,.317
Luton,585,1345,1195,3185,2018,Luton,E06000032,4530,1780,39.293598,43.494423,37.519623,.271,.198,.294,27.577,.31380001,.213,.317
Luton,525,1110,1305,3090,2019,Luton,E06000032,4200,1830,43.57143,47.297298,42.233009,.271,.198,.294,27.577,.31380001,.213,.317
Luton,470,1025,820,2510,2020,Luton,E06000032,3535,1290,36.492222,45.853657,32.669323,.271,.198,.294,27.577,.31380001,.213,.317
Luton,600,910,900,1795,2021,Luton,E06000032,2705,1500,55.452866,65.934067,50.139275,.271,.198,.294,27.577,.31380001,.213,.317
Luton,1175,1785,1715,3460,2022,Luton,E06000032,5245,2890,55.100094,65.826332,49.566475,.271,.198,.294,27.577,.31380001,.213,.317
Luton,560,1225,740,2140,2023,Luton,E06000032,3365,1300,38.632988,45.714287,34.579441,.271,.198,.294,27.577,.31380001,.213,.317
Southend-on-Sea,5,290,25,1645,2014,Southend-on-Sea,E06000033,1935,30,1.5503876,1.7241379,1.5197568,.2216,.153,.061999999,24.516001,.25440001,.17399999,.093000002
Southend-on-Sea,10,915,50,6095,2015,Southend-on-Sea,E06000033,7010,60,.85592014,1.0928962,.82034457,.2216,.153,.061999999,24.516001,.25440001,.17399999,.093000002
Southend-on-Sea UA,305,1185,50,1895,2016,Southend-on-Sea,E06000033,3080,355,11.525974,25.738396,2.6385224,.2216,.153,.061999999,24.516001,.25440001,.17399999,.093000002
Southend-on-Sea,445,1610,170,2325,2017,Southend-on-Sea,E06000033,3935,615,15.628971,27.639751,7.3118281,.2216,.153,.061999999,24.516001,.25440001,.17399999,.093000002
Southend-on-Sea,1150,2920,1910,5990,2018,Southend-on-Sea,E06000033,8910,3060,34.343433,39.38356,31.886477,.2216,.153,.061999999,24.516001,.25440001,.17399999,.093000002
Southend-on-Sea,1000,2430,2165,6170,2019,Southend-on-Sea,E06000033,8600,3165,36.802326,41.152264,35.089142,.2216,.153,.061999999,24.516001,.25440001,.17399999,.093000002
Southend-on-Sea,735,1680,1430,4895,2020,Southend-on-Sea,E06000033,6575,2165,32.927757,43.75,29.213484,.2216,.153,.061999999,24.516001,.25440001,.17399999,.093000002
Southend-on-Sea,820,1870,1290,4855,2021,Southend-on-Sea,E06000033,6725,2110,31.375465,43.850266,26.570545,.2216,.153,.061999999,24.516001,.25440001,.17399999,.093000002
Southend-on-Sea,715,1750,1220,4470,2022,Southend-on-Sea,E06000033,6220,1935,31.109325,40.857143,27.293064,.2216,.153,.061999999,24.516001,.25440001,.17399999,.093000002
Southend-on-Sea,850,1895,1475,4400,2023,Southend-on-Sea,E06000033,6295,2325,36.934074,44.854881,33.522728,.2216,.153,.061999999,24.516001,.25440001,.17399999,.093000002
Thurrock,465,1695,1290,4245,2014,Thurrock,E06000034,5940,1755,29.545454,27.433628,30.388693,.1214,.148,-.234,21.603001,.1323,.17399999,-.33000001
Thurrock,690,2040,2005,4705,2015,Thurrock,E06000034,6745,2695,39.955524,33.823528,42.614239,.1214,.148,-.234,21.603001,.1323,.17399999,-.33000001
Thurrock UA,585,2425,2285,9985,2016,Thurrock,E06000034,12410,2870,23.126511,24.123711,22.884327,.1214,.148,-.234,21.603001,.1323,.17399999,-.33000001
Thurrock2,295,2155,685,5475,2017,Thurrock,E06000034,7630,980,12.844037,13.689095,12.511415,.1214,.148,-.234,21.603001,.1323,.17399999,-.33000001
Thurrock,460,1785,1175,4180,2018,Thurrock,E06000034,5965,1635,27.409891,25.770308,28.110048,.1214,.148,-.234,21.603001,.1323,.17399999,-.33000001
Thurrock,310,845,560,2375,2019,Thurrock,E06000034,3220,870,27.018633,36.68639,23.578947,.1214,.148,-.234,21.603001,.1323,.17399999,-.33000001
Thurrock,285,725,855,2560,2020,Thurrock,E06000034,3285,1140,34.703197,39.310345,33.398438,.1214,.148,-.234,21.603001,.1323,.17399999,-.33000001
Thurrock,360,860,755,2500,2021,Thurrock,E06000034,3360,1115,33.184525,41.860466,30.200001,.1214,.148,-.234,21.603001,.1323,.17399999,-.33000001
Thurrock,400,935,755,2510,2022,Thurrock,E06000034,3445,1155,33.526852,42.78075,30.079681,.1214,.148,-.234,21.603001,.1323,.17399999,-.33000001
Thurrock,370,860,965,3030,2023,Thurrock,E06000034,3890,1335,34.318768,43.023254,31.848185,.1214,.148,-.234,21.603001,.1323,.17399999,-.33000001
Medway Towns,315,2435,730,7735,2014,Medway,E06000035,10170,1045,10.275319,12.936345,9.4376211,.23890001,.133,.075000003,22.332001,.1964,.15099999,-.034000002
Medway Towns,305,2460,645,6495,2015,Medway,E06000035,8955,950,10.608599,12.398374,9.9307156,.23890001,.133,.075000003,22.332001,.1964,.15099999,-.034000002
Medway Towns UA,190,2085,360,6755,2016,Medway,E06000035,8840,550,6.2217193,9.11271,5.3293858,.23890001,.133,.075000003,22.332001,.1964,.15099999,-.034000002
Medway,275,2010,665,4995,2017,Medway,E06000035,7005,940,13.418986,13.681592,13.313313,.23890001,.133,.075000003,22.332001,.1964,.15099999,-.034000002
Medway,530,2320,805,5330,2018,Medway,E06000035,7650,1335,17.450981,22.844828,15.103189,.23890001,.133,.075000003,22.332001,.1964,.15099999,-.034000002
Medway,840,2615,1355,5920,2019,Medway,E06000035,8535,2195,25.717634,32.122372,22.888514,.23890001,.133,.075000003,22.332001,.1964,.15099999,-.034000002
Medway,815,2645,1555,5860,2020,Medway,E06000035,8505,2370,27.865961,30.812855,26.535835,.23890001,.133,.075000003,22.332001,.1964,.15099999,-.034000002
Medway,905,3035,1660,6655,2021,Medway,E06000035,9690,2565,26.470589,29.818781,24.943651,.23890001,.133,.075000003,22.332001,.1964,.15099999,-.034000002
Medway,1040,3565,1760,7595,2022,Medway,E06000035,11160,2800,25.089605,29.17251,23.17314,.23890001,.133,.075000003,22.332001,.1964,.15099999,-.034000002
Medway,895,3590,1290,7335,2023,Medway,E06000035,10925,2185,20,24.930363,17.586912,.23890001,.133,.075000003,22.332001,.1964,.15099999,-.034000002
Bracknell Forest,130,695,885,2700,2014,BracknellForest,E06000036,3395,1015,29.896908,18.705036,32.777779,.0024999999,.098999999,-.90700001,10.462,.0031000001,.118,-.82300001
Bracknell Forest,320,1040,1080,2685,2015,BracknellForest,E06000036,3725,1400,37.583893,30.76923,40.223465,.0024999999,.098999999,-.90700001,10.462,.0031000001,.118,-.82300001
Bracknell Forest UA,135,460,805,1885,2016,BracknellForest,E06000036,2345,940,40.085289,29.347826,42.70557,.0024999999,.098999999,-.90700001,10.462,.0031000001,.118,-.82300001
Bracknell Forest,165,370,600,1565,2017,BracknellForest,E06000036,1935,765,39.534885,44.594593,38.338657,.0024999999,.098999999,-.90700001,10.462,.0031000001,.118,-.82300001
Bracknell Forest,150,375,660,1760,2018,BracknellForest,E06000036,2135,810,37.93911,40,37.5,.0024999999,.098999999,-.90700001,10.462,.0031000001,.118,-.82300001
Bracknell Forest,120,340,630,1905,2019,BracknellForest,E06000036,2245,750,33.407574,35.294117,33.070866,.0024999999,.098999999,-.90700001,10.462,.0031000001,.118,-.82300001
Bracknell Forest,140,360,590,1900,2020,BracknellForest,E06000036,2260,730,32.300884,38.888889,31.052631,.0024999999,.098999999,-.90700001,10.462,.0031000001,.118,-.82300001
Bracknell Forest,130,360,465,1895,2021,BracknellForest,E06000036,2255,595,26.385809,36.111111,24.53826,.0024999999,.098999999,-.90700001,10.462,.0031000001,.118,-.82300001
Bracknell Forest,165,415,575,2595,2022,BracknellForest,E06000036,3010,740,24.584717,39.759037,22.157995,.0024999999,.098999999,-.90700001,10.462,.0031000001,.118,-.82300001
Bracknell Forest,445,810,1030,3010,2023,BracknellForest,E06000036,3820,1475,38.612564,54.938271,34.219269,.0024999999,.098999999,-.90700001,10.462,.0031000001,.118,-.82300001
West Berkshire,15,1110,50,2610,2014,WestBerkshire,E06000037,3720,65,1.7473118,1.3513514,1.9157088,.0077,.075999998,-.88800001,10.242,.0106,.092,-1.265
West Berkshire,15,1355,75,3030,2015,WestBerkshire,E06000037,4385,90,2.0524516,1.1070111,2.4752476,.0077,.075999998,-.88800001,10.242,.0106,.092,-1.265
West Berkshire UA,15,925,40,2800,2016,WestBerkshire,E06000037,3725,55,1.47651,1.6216216,1.4285715,.0077,.075999998,-.88800001,10.242,.0106,.092,-1.265
West Berkshire2,35,1080,100,2930,2017,WestBerkshire,E06000037,4010,135,3.3665836,3.2407408,3.4129694,.0077,.075999998,-.88800001,10.242,.0106,.092,-1.265
West Berkshire,45,1065,125,2965,2018,WestBerkshire,E06000037,4030,170,4.2183623,4.2253523,4.2158518,.0077,.075999998,-.88800001,10.242,.0106,.092,-1.265
West Berkshire,30,1125,85,2840,2019,WestBerkshire,E06000037,3965,115,2.9003782,2.6666667,2.9929578,.0077,.075999998,-.88800001,10.242,.0106,.092,-1.265
West Berkshire,15,1115,50,2980,2020,WestBerkshire,E06000037,4095,65,1.5873016,1.3452915,1.6778524,.0077,.075999998,-.88800001,10.242,.0106,.092,-1.265
West Berkshire,5,1435,50,3695,2021,WestBerkshire,E06000037,5130,55,1.0721247,.34843206,1.3531799,.0077,.075999998,-.88800001,10.242,.0106,.092,-1.265
West Berkshire,10,1425,30,3885,2022,WestBerkshire,E06000037,5310,40,.75329566,.70175439,.77220076,.0077,.075999998,-.88800001,10.242,.0106,.092,-1.265
West Berkshire,0,1680,20,4055,2023,WestBerkshire,E06000037,5735,20,.34873584,0,.49321824,.0077,.075999998,-.88800001,10.242,.0106,.092,-1.265
Reading,550,1060,790,2250,2014,Reading,E06000038,3310,1340,40.483383,51.886791,35.111111,.1243,.17299999,-.034000002,19.319,.1137,.185,-.31799999
Reading,530,1075,825,2720,2015,Reading,E06000038,3795,1355,35.704876,49.302326,30.330883,.1243,.17299999,-.034000002,19.319,.1137,.185,-.31799999
Reading UA,325,1000,665,2360,2016,Reading,E06000038,3360,990,29.464285,32.5,28.177965,.1243,.17299999,-.034000002,19.319,.1137,.185,-.31799999
Reading,335,1245,100,2260,2017,Reading,E06000038,3505,435,12.410842,26.907631,4.4247789,.1243,.17299999,-.034000002,19.319,.1137,.185,-.31799999
Reading,,1210,15,2420,2018,Reading,E06000038,3630,,,,.61983472,.1243,.17299999,-.034000002,19.319,.1137,.185,-.31799999
Reading,10,1235,125,2450,2019,Reading,E06000038,3685,135,3.6635008,.80971658,5.1020408,.1243,.17299999,-.034000002,19.319,.1137,.185,-.31799999
Reading,235,1155,355,2440,2020,Reading,E06000038,3595,590,16.411682,20.346321,14.54918,.1243,.17299999,-.034000002,19.319,.1137,.185,-.31799999
Reading,140,1260,220,2630,2021,Reading,E06000038,3890,360,9.2544985,11.111111,8.3650188,.1243,.17299999,-.034000002,19.319,.1137,.185,-.31799999
Reading,130,1430,145,2640,2022,Reading,E06000038,4070,275,6.7567568,9.090909,5.492424,.1243,.17299999,-.034000002,19.319,.1137,.185,-.31799999
Reading,430,1445,630,2610,2023,Reading,E06000038,4055,1060,26.140568,29.757786,24.137932,.1243,.17299999,-.034000002,19.319,.1137,.185,-.31799999
Slough,335,610,775,1845,2014,Slough,E06000039,2455,1110,45.213848,54.918034,42.005421,.1122,.214,.147,22.872999,.1118,.23199999,-.059
Slough,330,810,740,2120,2015,Slough,E06000039,2930,1070,36.518772,40.740742,34.905659,.1122,.214,.147,22.872999,.1118,.23199999,-.059
Slough UA,105,735,270,1720,2016,Slough,E06000039,2455,375,15.274949,14.285714,15.697675,.1122,.214,.147,22.872999,.1118,.23199999,-.059
Slough,330,1030,345,1315,2017,Slough,E06000039,2345,675,28.784649,32.038834,26.235741,.1122,.214,.147,22.872999,.1118,.23199999,-.059
Slough,310,670,600,1565,2018,Slough,E06000039,2235,910,40.715885,46.268658,38.338657,.1122,.214,.147,22.872999,.1118,.23199999,-.059
Slough,530,1085,860,2220,2019,Slough,E06000039,3305,1390,42.057487,48.847927,38.738739,.1122,.214,.147,22.872999,.1118,.23199999,-.059
Slough,1230,1775,870,2470,2020,Slough,E06000039,4245,2100,49.469963,69.295776,35.222672,.1122,.214,.147,22.872999,.1118,.23199999,-.059
Slough,2850,3905,1360,2915,2021,Slough,E06000039,6820,4210,61.730206,72.983353,46.655231,.1122,.214,.147,22.872999,.1118,.23199999,-.059
Slough,970,1755,1170,3000,2022,Slough,E06000039,4755,2140,45.005257,55.270657,39,.1122,.214,.147,22.872999,.1118,.23199999,-.059
Slough,440,1375,610,2440,2023,Slough,E06000039,3815,1050,27.522936,32,25,.1122,.214,.147,22.872999,.1118,.23199999,-.059
Windsor and Maidenhead,30,235,170,2170,2014,WindsorandMaidenhead,E06000040,2405,200,8.3160086,12.765958,7.8341012,.00050000002,.079000004,-1.033,8.8570004,.0014,.092,-1.314
Windsor and Maidenhead,5,305,35,1755,2015,WindsorandMaidenhead,E06000040,2060,40,1.9417475,1.6393442,1.994302,.00050000002,.079000004,-1.033,8.8570004,.0014,.092,-1.314
Windsor and Maidenhead UA,,360,15,1890,2016,WindsorandMaidenhead,E06000040,2250,,,,.79365081,.00050000002,.079000004,-1.033,8.8570004,.0014,.092,-1.314
Windsor and Maidenhead,60,525,265,2885,2017,WindsorandMaidenhead,E06000040,3410,325,9.5307922,11.428572,9.185442,.00050000002,.079000004,-1.033,8.8570004,.0014,.092,-1.314
Windsor and Maidenhead,110,595,405,2905,2018,WindsorandMaidenhead,E06000040,3500,515,14.714286,18.487394,13.941481,.00050000002,.079000004,-1.033,8.8570004,.0014,.092,-1.314
Windsor and Maidenhead,250,810,555,3155,2019,WindsorandMaidenhead,E06000040,3965,805,20.302649,30.864197,17.591125,.00050000002,.079000004,-1.033,8.8570004,.0014,.092,-1.314
Windsor and Maidenhead,355,690,925,2740,2020,WindsorandMaidenhead,E06000040,3430,1280,37.317783,51.449276,33.759125,.00050000002,.079000004,-1.033,8.8570004,.0014,.092,-1.314
Windsor and Maidenhead,310,665,915,2930,2021,WindsorandMaidenhead,E06000040,3595,1225,34.075104,46.616543,31.228668,.00050000002,.079000004,-1.033,8.8570004,.0014,.092,-1.314
Windsor and Maidenhead,255,630,1040,2795,2022,WindsorandMaidenhead,E06000040,3425,1295,37.810219,40.476189,37.209301,.00050000002,.079000004,-1.033,8.8570004,.0014,.092,-1.314
Windsor and Maidenhead,310,665,1160,2735,2023,WindsorandMaidenhead,E06000040,3400,1470,43.235294,46.616543,42.413162,.00050000002,.079000004,-1.033,8.8570004,.0014,.092,-1.314
Wokingham,295,850,1545,3790,2014,Wokingham,E06000041,4640,1840,39.655174,34.705883,40.765171,0,.056000002,-1.545,5.652,0,.066,-1.812
Wokingham,265,915,1325,4045,2015,Wokingham,E06000041,4960,1590,32.05645,28.961748,32.756489,0,.056000002,-1.545,5.652,0,.066,-1.812
Wokingham UA,310,945,1575,4045,2016,Wokingham,E06000041,4990,1885,37.775551,32.804234,38.936958,0,.056000002,-1.545,5.652,0,.066,-1.812
Wokingham,255,1145,1085,3490,2017,Wokingham,E06000041,4635,1340,28.910463,22.270742,31.088825,0,.056000002,-1.545,5.652,0,.066,-1.812
Wokingham,220,1105,975,3235,2018,Wokingham,E06000041,4340,1195,27.534563,19.909502,30.139103,0,.056000002,-1.545,5.652,0,.066,-1.812
Wokingham,65,1280,225,4395,2019,Wokingham,E06000041,5675,290,5.1101322,5.078125,5.1194539,0,.056000002,-1.545,5.652,0,.066,-1.812
Wokingham,50,910,195,3500,2020,Wokingham,E06000041,4410,245,5.5555553,5.4945054,5.5714288,0,.056000002,-1.545,5.652,0,.066,-1.812
Wokingham,60,885,255,3930,2021,Wokingham,E06000041,4815,315,6.5420561,6.7796612,6.4885497,0,.056000002,-1.545,5.652,0,.066,-1.812
Wokingham,140,980,515,4780,2022,Wokingham,E06000041,5760,655,11.371528,14.285714,10.774058,0,.056000002,-1.545,5.652,0,.066,-1.812
Wokingham,370,1000,805,4070,2023,Wokingham,E06000041,5070,1175,23.175543,37,19.77887,0,.056000002,-1.545,5.652,0,.066,-1.812
Milton Keynes,400,1540,840,4075,2014,MiltonKeynes,E06000042,5615,1240,22.083704,25.974026,20.613497,.1183,.131,-.15800001,18.028999,.1285,.152,-.067000002
Milton Keynes,215,2930,550,3985,2015,MiltonKeynes,E06000042,6915,765,11.062906,7.3378839,13.801757,.1183,.131,-.15800001,18.028999,.1285,.152,-.067000002
Milton Keynes UA,285,1555,470,3845,2016,MiltonKeynes,E06000042,5400,755,13.981482,18.327974,12.223667,.1183,.131,-.15800001,18.028999,.1285,.152,-.067000002
Milton Keynes,290,1620,530,4500,2017,MiltonKeynes,E06000042,6120,820,13.398693,17.901234,11.777778,.1183,.131,-.15800001,18.028999,.1285,.152,-.067000002
Milton Keynes,385,1860,655,3895,2018,MiltonKeynes,E06000042,5755,1040,18.071243,20.698925,16.816431,.1183,.131,-.15800001,18.028999,.1285,.152,-.067000002
Milton Keynes,360,2145,590,4250,2019,MiltonKeynes,E06000042,6395,950,14.855356,16.783216,13.882353,.1183,.131,-.15800001,18.028999,.1285,.152,-.067000002
Milton Keynes,360,1790,470,3190,2020,MiltonKeynes,E06000042,4980,830,16.666666,20.111732,14.733542,.1183,.131,-.15800001,18.028999,.1285,.152,-.067000002
Milton Keynes,655,2000,815,3700,2021,MiltonKeynes,E06000042,5700,1470,25.789474,32.75,22.027027,.1183,.131,-.15800001,18.028999,.1285,.152,-.067000002
Milton Keynes,1470,2875,1180,4010,2022,MiltonKeynes,E06000042,6885,2650,38.489471,51.130436,29.426434,.1183,.131,-.15800001,18.028999,.1285,.152,-.067000002
Milton Keynes,1700,3455,1230,4935,2023,MiltonKeynes,E06000042,8390,2930,34.922527,49.204052,24.924011,.1183,.131,-.15800001,18.028999,.1285,.152,-.067000002
Brighton and Hove,100,1035,230,3225,2014,BrightonandHove,E06000043,4260,330,7.746479,9.6618357,7.131783,.1682,.18700001,.097000003,23.441,.2018,.205,.278
Brighton and Hove,80,1720,125,4060,2015,BrightonandHove,E06000043,5780,205,3.5467129,4.6511626,3.0788178,.1682,.18700001,.097000003,23.441,.2018,.205,.278
Brighton and Hove UA,55,1485,45,3545,2016,BrightonandHove,E06000043,5030,100,1.9880716,3.7037036,1.2693936,.1682,.18700001,.097000003,23.441,.2018,.205,.278
Brighton and Hove,320,1350,515,3175,2017,BrightonandHove,E06000043,4525,835,18.453039,23.703703,16.220472,.1682,.18700001,.097000003,23.441,.2018,.205,.278
Brighton and Hove,45,1375,65,3165,2018,BrightonandHove,E06000043,4540,110,2.4229076,3.2727273,2.0537124,.1682,.18700001,.097000003,23.441,.2018,.205,.278
Brighton and Hove,60,1740,75,3640,2019,BrightonandHove,E06000043,5380,135,2.5092938,3.4482758,2.0604396,.1682,.18700001,.097000003,23.441,.2018,.205,.278
Brighton and Hove,50,1330,50,3200,2020,BrightonandHove,E06000043,4530,100,2.2075055,3.7593985,1.5625,.1682,.18700001,.097000003,23.441,.2018,.205,.278
Brighton and Hove,30,1085,60,2195,2021,BrightonandHove,E06000043,3280,90,2.7439024,2.764977,2.7334852,.1682,.18700001,.097000003,23.441,.2018,.205,.278
Brighton and Hove,85,905,200,1820,2022,BrightonandHove,E06000043,2725,285,10.458715,9.3922653,10.989011,.1682,.18700001,.097000003,23.441,.2018,.205,.278
Brighton and Hove,115,1000,210,2125,2023,BrightonandHove,E06000043,3125,325,10.4,11.5,9.8823528,.1682,.18700001,.097000003,23.441,.2018,.205,.278
Portsmouth,1170,2670,2505,7720,2014,Portsmouth,E06000044,10390,3675,35.370548,43.820225,32.448185,.2473,.171,.27000001,27.054001,.2436,.19,.31099999
Portsmouth,960,2565,3265,8555,2015,Portsmouth,E06000044,11120,4225,37.994606,37.426899,38.164814,.2473,.171,.27000001,27.054001,.2436,.19,.31099999
Portsmouth UA5,30,1245,145,3720,2016,Portsmouth,E06000044,4965,175,3.5246727,2.4096386,3.8978496,.2473,.171,.27000001,27.054001,.2436,.19,.31099999
Portsmouth,835,2130,925,4230,2017,Portsmouth,E06000044,6360,1760,27.672956,39.201878,21.867613,.2473,.171,.27000001,27.054001,.2436,.19,.31099999
Portsmouth,205,1350,300,3375,2018,Portsmouth,E06000044,4725,505,10.687831,15.185185,8.8888893,.2473,.171,.27000001,27.054001,.2436,.19,.31099999
Portsmouth,70,945,105,2695,2019,Portsmouth,E06000044,3640,175,4.8076925,7.4074073,3.8961039,.2473,.171,.27000001,27.054001,.2436,.19,.31099999
Portsmouth,60,810,155,2750,2020,Portsmouth,E06000044,3560,215,6.0393257,7.4074073,5.6363635,.2473,.171,.27000001,27.054001,.2436,.19,.31099999
Portsmouth,1390,2240,1725,4845,2021,Portsmouth,E06000044,7085,3115,43.966125,62.05357,35.603714,.2473,.171,.27000001,27.054001,.2436,.19,.31099999
Portsmouth,1880,2705,2170,5370,2022,Portsmouth,E06000044,8075,4050,50.1548,69.500923,40.409683,.2473,.171,.27000001,27.054001,.2436,.19,.31099999
Portsmouth,2490,3290,2910,5965,2023,Portsmouth,E06000044,9255,5400,58.34684,75.683891,48.784576,.2473,.171,.27000001,27.054001,.2436,.19,.31099999
Southampton,3225,4440,2155,5385,2014,Southampton,E06000045,9825,5380,54.75827,72.635132,40.01857,.2836,.17299999,.54100001,26.878,.26750001,.192,.498
Southampton,3105,3800,2675,5020,2015,Southampton,E06000045,8820,5780,65.532883,81.710526,53.286854,.2836,.17299999,.54100001,26.878,.26750001,.192,.498
Southampton UA,3570,4030,3235,5025,2016,Southampton,E06000045,9055,6805,75.151848,88.585609,64.378113,.2836,.17299999,.54100001,26.878,.26750001,.192,.498
Southampton,3545,3785,2035,3490,2017,Southampton,E06000045,7275,5580,76.701035,93.65918,58.309456,.2836,.17299999,.54100001,26.878,.26750001,.192,.498
Southampton2,4390,4930,2150,4640,2018,Southampton,E06000045,9570,6540,68.338554,89.046654,46.336208,.2836,.17299999,.54100001,26.878,.26750001,.192,.498
Southampton,4655,5260,2020,4420,2019,Southampton,E06000045,9680,6675,68.956612,88.4981,45.701359,.2836,.17299999,.54100001,26.878,.26750001,.192,.498
Southampton,5215,6570,2215,5270,2020,Southampton,E06000045,11840,7430,62.75338,79.375954,42.030361,.2836,.17299999,.54100001,26.878,.26750001,.192,.498
Southampton,5925,7165,2610,5495,2021,Southampton,E06000045,12660,8535,67.417061,82.693649,47.497726,.2836,.17299999,.54100001,26.878,.26750001,.192,.498
Southampton,3435,5065,4795,8200,2022,Southampton,E06000045,13265,8230,62.042969,67.818359,58.475609,.2836,.17299999,.54100001,26.878,.26750001,.192,.498
Southampton,2280,3215,3800,6275,2023,Southampton,E06000045,9490,6080,64.067436,70.917572,60.55777,.2836,.17299999,.54100001,26.878,.26750001,.192,.498
Isle of Wight,515,835,2255,4020,2014,IsleofWight,E06000046,4855,2770,57.054585,61.676647,56.094528,.1654,.132,.083999999,23.087,.156,.15099999,.096000001
Isle of Wight,475,910,2270,4195,2015,IsleofWight,E06000046,5105,2745,53.770813,52.197803,54.112038,.1654,.132,.083999999,23.087,.156,.15099999,.096000001
Isle of Wight UA3,610,1225,1630,3225,2016,IsleofWight,E06000046,4450,2240,50.337078,49.795918,50.542637,.1654,.132,.083999999,23.087,.156,.15099999,.096000001
Isle of Wight,1065,1670,1625,3425,2017,IsleofWight,E06000046,5095,2690,52.79686,63.772453,47.445255,.1654,.132,.083999999,23.087,.156,.15099999,.096000001
Isle of Wight,1335,1700,2425,4525,2018,IsleofWight,E06000046,6225,3760,60.401608,78.529411,53.59116,.1654,.132,.083999999,23.087,.156,.15099999,.096000001
Isle of Wight,1355,1815,2515,4400,2019,IsleofWight,E06000046,6215,3870,62.268703,74.655647,57.159092,.1654,.132,.083999999,23.087,.156,.15099999,.096000001
Isle of Wight,1845,2235,2035,4165,2020,IsleofWight,E06000046,6400,3880,60.625,82.550339,48.859543,.1654,.132,.083999999,23.087,.156,.15099999,.096000001
Isle of Wight,705,1910,1085,4355,2021,IsleofWight,E06000046,6265,1790,28.571428,36.910995,24.913893,.1654,.132,.083999999,23.087,.156,.15099999,.096000001
Isle of Wight,345,1180,950,3930,2022,IsleofWight,E06000046,5110,1295,25.342466,29.237288,24.173027,.1654,.132,.083999999,23.087,.156,.15099999,.096000001
Isle of Wight,615,1180,1545,3720,2023,IsleofWight,E06000046,4900,2160,44.081635,52.118645,41.532257,.1654,.132,.083999999,23.087,.156,.15099999,.096000001
Durham,5095,8820,3810,14805,2014,Durham,E06000047,23625,8905,37.693123,57.766441,25.734549,.30430001,.17,.70999998,25.740999,.26460001,.19400001,.76599997
Durham,6120,9905,3815,14075,2015,Durham,E06000047,23980,9935,41.430359,61.786976,27.104795,.30430001,.17,.70999998,25.740999,.26460001,.19400001,.76599997
Durham UA,6740,10505,2910,12095,2016,Durham,E06000047,22600,9650,42.699116,64.159927,24.059528,.30430001,.17,.70999998,25.740999,.26460001,.19400001,.76599997
County Durham,6615,10470,2875,12245,2017,Durham,E06000047,22715,9490,41.778561,63.180515,23.478971,.30430001,.17,.70999998,25.740999,.26460001,.19400001,.76599997
County Durham,8255,12030,3190,11445,2018,Durham,E06000047,23475,11445,48.753994,68.620117,27.872433,.30430001,.17,.70999998,25.740999,.26460001,.19400001,.76599997
County Durham,10395,13845,4425,12680,2019,Durham,E06000047,26525,14820,55.871819,75.081253,34.897476,.30430001,.17,.70999998,25.740999,.26460001,.19400001,.76599997
County Durham,9960,13280,4035,12050,2020,Durham,E06000047,25330,13995,55.25069,75,33.485477,.30430001,.17,.70999998,25.740999,.26460001,.19400001,.76599997
County Durham,3260,12165,2460,10640,2021,Durham,E06000047,22805,5720,25.082218,26.798191,23.1203,.30430001,.17,.70999998,25.740999,.26460001,.19400001,.76599997
County Durham,2120,10170,3710,8510,2022,Durham,E06000047,18680,5830,31.20985,20.845625,43.595768,.30430001,.17,.70999998,25.740999,.26460001,.19400001,.76599997
County Durham,1635,10500,1430,11990,2023,Durham,E06000047,22490,3065,13.62828,15.571428,11.926605,.30430001,.17,.70999998,25.740999,.26460001,.19400001,.76599997
Cheshire East,285,2685,1635,7080,2014,CheshireEast,E06000049,9765,1920,19.662058,10.614525,23.09322,.085199997,.086000003,-.186,14.132,.085100003,.102,-.266
Cheshire East,530,1955,2350,7390,2015,CheshireEast,E06000049,9345,2880,30.818619,27.109974,31.79973,.085199997,.086000003,-.186,14.132,.085100003,.102,-.266
Cheshire East UA5,1030,2990,3130,9055,2016,CheshireEast,E06000049,12045,4160,34.537151,34.448162,34.566536,.085199997,.086000003,-.186,14.132,.085100003,.102,-.266
Cheshire East,1410,4180,2530,8975,2017,CheshireEast,E06000049,13155,3940,29.950588,33.732056,28.189415,.085199997,.086000003,-.186,14.132,.085100003,.102,-.266
Cheshire East,1130,5295,1810,10925,2018,CheshireEast,E06000049,16220,2940,18.125771,21.340887,16.567505,.085199997,.086000003,-.186,14.132,.085100003,.102,-.266
Cheshire East,1595,4590,2390,16260,2019,CheshireEast,E06000049,20850,3985,19.112709,34.749454,14.698647,.085199997,.086000003,-.186,14.132,.085100003,.102,-.266
Cheshire East,1955,6470,3335,12715,2020,CheshireEast,E06000049,19185,5290,27.573626,30.216383,26.228863,.085199997,.086000003,-.186,14.132,.085100003,.102,-.266
Cheshire East,1940,6645,2975,10680,2021,CheshireEast,E06000049,17325,4915,28.369408,29.194883,27.855804,.085199997,.086000003,-.186,14.132,.085100003,.102,-.266
Cheshire East,1935,6595,2880,11330,2022,CheshireEast,E06000049,17925,4815,26.861925,29.34041,25.419241,.085199997,.086000003,-.186,14.132,.085100003,.102,-.266
Cheshire East,2210,7215,3420,12005,2023,CheshireEast,E06000049,19220,5630,29.292404,30.63063,28.488131,.085199997,.086000003,-.186,14.132,.085100003,.102,-.266
Cheshire West and Chester,350,855,1430,4175,2014,CheshireWestandChester,E06000050,5030,1780,35.387672,40.935673,34.251495,.1578,.113,.089000002,18.086,.15710001,.131,.063000001
Cheshire West and Chester,410,1155,1990,4870,2015,CheshireWestandChester,E06000050,6025,2400,39.834026,35.497837,40.862423,.1578,.113,.089000002,18.086,.15710001,.131,.063000001
Cheshire West and Chester UA3,515,1370,2295,5805,2016,CheshireWestandChester,E06000050,7175,2810,39.163765,37.59124,39.534885,.1578,.113,.089000002,18.086,.15710001,.131,.063000001
Cheshire West and Chester,420,1145,1875,5145,2017,CheshireWestandChester,E06000050,6290,2295,36.486488,36.681221,36.44315,.1578,.113,.089000002,18.086,.15710001,.131,.063000001
Cheshire West and Chester,525,1645,1935,6210,2018,CheshireWestandChester,E06000050,7855,2460,31.317633,31.914894,31.15942,.1578,.113,.089000002,18.086,.15710001,.131,.063000001
Cheshire West and Chester,630,2095,2085,6575,2019,CheshireWestandChester,E06000050,8670,2715,31.314878,30.0716,31.711027,.1578,.113,.089000002,18.086,.15710001,.131,.063000001
Cheshire West and Chester,705,2270,1900,5950,2020,CheshireWestandChester,E06000050,8220,2605,31.690998,31.057268,31.932774,.1578,.113,.089000002,18.086,.15710001,.131,.063000001
Cheshire West and Chester,870,2120,2235,6215,2021,CheshireWestandChester,E06000050,8335,3105,37.252548,41.037735,35.961384,.1578,.113,.089000002,18.086,.15710001,.131,.063000001
Cheshire West and Chester,910,2535,2750,7575,2022,CheshireWestandChester,E06000050,10110,3660,36.201782,35.897434,36.303631,.1578,.113,.089000002,18.086,.15710001,.131,.063000001
Cheshire West and Chester,725,2640,2335,6800,2023,CheshireWestandChester,E06000050,9440,3060,32.415253,27.462122,34.338234,.1578,.113,.089000002,18.086,.15710001,.131,.063000001
Shropshire,400,2160,1175,4075,2014,Shropshire,E06000051,6235,1575,25.260626,18.518518,28.834356,.042599998,.113,-.34799999,16.688999,.041000001,.134,-.296
Shropshire,305,2840,780,4845,2015,Shropshire,E06000051,7685,1085,14.118412,10.739436,16.099072,.042599998,.113,-.34799999,16.688999,.041000001,.134,-.296
Shropshire UA,160,1525,520,4385,2016,Shropshire,E06000051,5910,680,11.505922,10.491803,11.858609,.042599998,.113,-.34799999,16.688999,.041000001,.134,-.296
Shropshire,235,1275,540,4865,2017,Shropshire,E06000051,6140,775,12.622149,18.431372,11.099691,.042599998,.113,-.34799999,16.688999,.041000001,.134,-.296
Shropshire,220,1055,445,3490,2018,Shropshire,E06000051,4545,665,14.631463,20.853081,12.750716,.042599998,.113,-.34799999,16.688999,.041000001,.134,-.296
Shropshire,50,2060,120,6950,2019,Shropshire,E06000051,9010,170,1.8867924,2.4271846,1.7266186,.042599998,.113,-.34799999,16.688999,.041000001,.134,-.296
Shropshire,,1885,,8060,2020,Shropshire,E06000051,9945,,,,,.042599998,.113,-.34799999,16.688999,.041000001,.134,-.296
Shropshire,645,2325,900,8400,2021,Shropshire,E06000051,10725,1545,14.405595,27.741936,10.714286,.042599998,.113,-.34799999,16.688999,.041000001,.134,-.296
Shropshire,605,2040,1050,7980,2022,Shropshire,E06000051,10020,1655,16.516966,29.656862,13.157895,.042599998,.113,-.34799999,16.688999,.041000001,.134,-.296
Shropshire,370,1975,1205,8240,2023,Shropshire,E06000051,10215,1575,15.418502,18.734177,14.623786,.042599998,.113,-.34799999,16.688999,.041000001,.134,-.296
Cornwall,0,410,0,560,2014,Cornwall,E06000052,970,0,0,0,0,.1323,.138,.054000001,23.833,.1399,.162,.103
Cornwall,1835,4875,4410,18895,2015,Cornwall,E06000052,23770,6245,26.272612,37.641026,23.339508,.1323,.138,.054000001,23.833,.1399,.162,.103
Cornwall UA3,765,3590,2240,13985,2016,Cornwall,E06000052,17575,3005,17.09815,21.309193,16.01716,.1323,.138,.054000001,23.833,.1399,.162,.103
Cornwall,845,4150,2000,15085,2017,Cornwall,E06000052,19235,2845,14.790746,20.361446,13.258204,.1323,.138,.054000001,23.833,.1399,.162,.103
Cornwall,1185,3820,4595,15420,2018,Cornwall,E06000052,19240,5780,30.04158,31.020943,29.798962,.1323,.138,.054000001,23.833,.1399,.162,.103
Cornwall,2480,4520,7905,17210,2019,Cornwall,E06000052,21730,10385,47.791073,54.867256,45.932598,.1323,.138,.054000001,23.833,.1399,.162,.103
Cornwall,3675,5895,10975,21530,2020,Cornwall,E06000052,27425,14650,53.418415,62.340965,50.975384,.1323,.138,.054000001,23.833,.1399,.162,.103
Cornwall,2020,4935,6040,17730,2021,Cornwall,E06000052,22665,8060,35.56144,40.932117,34.066555,.1323,.138,.054000001,23.833,.1399,.162,.103
Cornwall,2215,5540,5740,19725,2022,Cornwall,E06000052,25265,7955,31.486246,39.981949,29.100126,.1323,.138,.054000001,23.833,.1399,.162,.103
Cornwall,2215,6965,5090,20235,2023,Cornwall,E06000052,27200,7305,26.856617,31.801867,25.154436,.1323,.138,.054000001,23.833,.1399,.162,.103
Isles of Scilly,0,10,5,30,2014,IslesofScilly,E06000053,40,5,12.5,0,16.666666,0,.050000001,-2.625,12.013,0,.063000001,-2.191
Isles of Scilly,5,10,10,55,2015,IslesofScilly,E06000053,65,15,23.076923,50,18.181818,0,.050000001,-2.625,12.013,0,.063000001,-2.191
Isles of Scilly UA,,10,5,40,2016,IslesofScilly,E06000053,50,,,,12.5,0,.050000001,-2.625,12.013,0,.063000001,-2.191
Isles of Scilly,,5,5,45,2017,IslesofScilly,E06000053,50,,,,11.111111,0,.050000001,-2.625,12.013,0,.063000001,-2.191
Isles of Scilly,,5,,40,2018,IslesofScilly,E06000053,45,,,,,0,.050000001,-2.625,12.013,0,.063000001,-2.191
Isles of Scilly,,,,45,2019,IslesofScilly,E06000053,,,,,,0,.050000001,-2.625,12.013,0,.063000001,-2.191
Isles of Scilly,,,,55,2020,IslesofScilly,E06000053,,,,,,0,.050000001,-2.625,12.013,0,.063000001,-2.191
Isles of Scilly,,10,5,60,2021,IslesofScilly,E06000053,70,,,,8.333333,0,.050000001,-2.625,12.013,0,.063000001,-2.191
Isles of Scilly,,,,30,2022,IslesofScilly,E06000053,,,,,,0,.050000001,-2.625,12.013,0,.063000001,-2.191
Isles of Scilly,0,0,0,5,2023,IslesofScilly,E06000053,5,0,0,,0,0,.050000001,-2.625,12.013,0,.063000001,-2.191
Wiltshire,1615,2645,4850,10980,2014,Wiltshire,E06000054,13625,6465,47.449543,61.058601,44.171219,.0288,.086999997,-.58700001,13.466,.035999998,.105,-.546
Wiltshire,790,3085,2400,12200,2015,Wiltshire,E06000054,15285,3190,20.870134,25.60778,19.672131,.0288,.086999997,-.58700001,13.466,.035999998,.105,-.546
Wiltshire UA3,1355,2320,3400,7680,2016,Wiltshire,E06000054,10000,4755,47.549999,58.405174,44.270832,.0288,.086999997,-.58700001,13.466,.035999998,.105,-.546
Wiltshire,1470,2285,3650,7155,2017,Wiltshire,E06000054,9440,5120,54.237289,64.332603,51.013279,.0288,.086999997,-.58700001,13.466,.035999998,.105,-.546
Wiltshire,1225,2185,2670,7175,2018,Wiltshire,E06000054,9360,3895,41.613247,56.064072,37.212543,.0288,.086999997,-.58700001,13.466,.035999998,.105,-.546
Wiltshire,1470,2540,3245,7830,2019,Wiltshire,E06000054,10370,4715,45.467697,57.874016,41.443169,.0288,.086999997,-.58700001,13.466,.035999998,.105,-.546
Wiltshire,2090,3015,4615,8270,2020,Wiltshire,E06000054,11285,6705,59.415154,69.320068,55.804111,.0288,.086999997,-.58700001,13.466,.035999998,.105,-.546
Wiltshire,2450,3665,5460,9590,2021,Wiltshire,E06000054,13255,7910,59.675594,66.848564,56.934307,.0288,.086999997,-.58700001,13.466,.035999998,.105,-.546
Wiltshire,2535,3965,5550,10385,2022,Wiltshire,E06000054,14350,8085,56.341465,63.934425,53.442467,.0288,.086999997,-.58700001,13.466,.035999998,.105,-.546
Wiltshire,2850,4520,5455,10515,2023,Wiltshire,E06000054,15035,8305,55.237778,63.053097,51.878269,.0288,.086999997,-.58700001,13.466,.035999998,.105,-.546
Bedford,365,785,855,2230,2014,Bedford,E06000055,3015,1220,40.464344,46.496815,38.340809,.1328,.115,-.119,19.238001,.1453,.13500001,-.21799999
Bedford,155,535,490,1610,2015,Bedford,E06000055,2145,645,30.069929,28.971962,30.434782,.1328,.115,-.119,19.238001,.1453,.13500001,-.21799999
Bedford UA,180,575,430,1585,2016,Bedford,E06000055,2160,610,28.24074,31.304348,27.129337,.1328,.115,-.119,19.238001,.1453,.13500001,-.21799999
Bedford,130,485,260,1305,2017,Bedford,E06000055,1790,390,21.78771,26.804123,19.923372,.1328,.115,-.119,19.238001,.1453,.13500001,-.21799999
Bedford,165,470,300,1295,2018,Bedford,E06000055,1765,465,26.34561,35.106384,23.166023,.1328,.115,-.119,19.238001,.1453,.13500001,-.21799999
Bedford,120,360,220,1180,2019,Bedford,E06000055,1540,340,22.077923,33.333332,18.644068,.1328,.115,-.119,19.238001,.1453,.13500001,-.21799999
Bedford,295,680,655,2020,2020,Bedford,E06000055,2700,950,35.185184,43.382355,32.425743,.1328,.115,-.119,19.238001,.1453,.13500001,-.21799999
Bedford,280,675,435,1760,2021,Bedford,E06000055,2435,715,29.363449,41.48148,24.71591,.1328,.115,-.119,19.238001,.1453,.13500001,-.21799999
Bedford,270,615,475,1770,2022,Bedford,E06000055,2385,745,31.236897,43.902439,26.836159,.1328,.115,-.119,19.238001,.1453,.13500001,-.21799999
Bedford,210,530,395,1820,2023,Bedford,E06000055,2350,605,25.74468,39.622643,21.703297,.1328,.115,-.119,19.238001,.1453,.13500001,-.21799999
Central Bedfordshire,905,1300,2825,4225,2014,CentralBedfordshire,E06000056,5525,3730,67.511314,69.615387,66.863907,.0297,.086999997,-.71200001,12.201,.040199999,.108,-.75
Central Bedfordshire,520,800,1850,3225,2015,CentralBedfordshire,E06000056,4025,2370,58.881989,65,57.364342,.0297,.086999997,-.71200001,12.201,.040199999,.108,-.75
Central Bedfordshire UA,55,705,535,4505,2016,CentralBedfordshire,E06000056,5210,590,11.324376,7.8014183,11.875693,.0297,.086999997,-.71200001,12.201,.040199999,.108,-.75
Central Bedfordshire,65,1015,425,4280,2017,CentralBedfordshire,E06000056,5295,490,9.2540131,6.4039407,9.9299068,.0297,.086999997,-.71200001,12.201,.040199999,.108,-.75
Central Bedfordshire,130,1375,515,5370,2018,CentralBedfordshire,E06000056,6745,645,9.5626392,9.454545,9.5903168,.0297,.086999997,-.71200001,12.201,.040199999,.108,-.75
Central Bedfordshire,105,1230,475,4925,2019,CentralBedfordshire,E06000056,6155,580,9.423233,8.5365858,9.6446705,.0297,.086999997,-.71200001,12.201,.040199999,.108,-.75
Central Bedfordshire,55,1100,225,4585,2020,CentralBedfordshire,E06000056,5685,280,4.9252419,5,4.9073067,.0297,.086999997,-.71200001,12.201,.040199999,.108,-.75
Central Bedfordshire,45,1125,245,5185,2021,CentralBedfordshire,E06000056,6310,290,4.5958796,4,4.7251687,.0297,.086999997,-.71200001,12.201,.040199999,.108,-.75
Central Bedfordshire,70,1330,230,5450,2022,CentralBedfordshire,E06000056,6780,300,4.4247789,5.2631578,4.2201834,.0297,.086999997,-.71200001,12.201,.040199999,.108,-.75
Central Bedfordshire,45,2650,135,5620,2023,CentralBedfordshire,E06000056,8270,180,2.1765418,1.6981132,2.4021351,.0297,.086999997,-.71200001,12.201,.040199999,.108,-.75
Northumberland,40,2400,280,10115,2014,Northumberland,E06000057,12515,320,2.5569317,1.6666666,2.7681661,.205,.115,.189,20.525,.17820001,.134,.16
Northumberland,35,2680,210,10810,2015,Northumberland,E06000057,13490,245,1.8161601,1.3059702,1.9426457,.205,.115,.189,20.525,.17820001,.134,.16
Northumberland UA,30,3505,80,12680,2016,Northumberland,E06000057,16185,110,.67964166,.85592014,.63091481,.205,.115,.189,20.525,.17820001,.134,.16
Northumberland,55,3375,120,11920,2017,Northumberland,E06000057,15295,175,1.1441648,1.6296296,1.0067114,.205,.115,.189,20.525,.17820001,.134,.16
Northumberland,,2925,,13000,2018,Northumberland,E06000057,15925,,,,,.205,.115,.189,20.525,.17820001,.134,.16
Northumberland,,2710,,12755,2019,Northumberland,E06000057,15465,,,,,.205,.115,.189,20.525,.17820001,.134,.16
Northumberland,,2470,,12585,2020,Northumberland,E06000057,15055,,,,,.205,.115,.189,20.525,.17820001,.134,.16
Northumberland,,2430,,12395,2021,Northumberland,E06000057,14825,,,,,.205,.115,.189,20.525,.17820001,.134,.16
Northumberland,,1480,,6900,2022,Northumberland,E06000057,8380,,,,,.205,.115,.189,20.525,.17820001,.134,.16
Northumberland,720,1870,1385,7190,2023,Northumberland,E06000057,9060,2105,23.233995,38.502674,19.262865,.205,.115,.189,20.525,.17820001,.134,.16
Bournemouth Christchurch and Poole,1055,2650,3640,9990,2019,BournemouthChristchurchandPoole,E06000058,12640,4695,37.143986,39.811321,36.436436,.1126,.13,-.039000001,,,,
Bournemouth Christchurch and Poole,955,2290,3495,8755,2020,BournemouthChristchurchandPoole,E06000058,11045,4450,40.289722,41.703056,39.920044,.1126,.13,-.039000001,,,,
Bournemouth Christchurch and Poole,645,2250,2480,8475,2021,BournemouthChristchurchandPoole,E06000058,10725,3125,29.137529,28.666666,29.262537,.1126,.13,-.039000001,,,,
Bournemouth Christchurch and Poole,755,2130,2370,7360,2022,BournemouthChristchurchandPoole,E06000058,9490,3125,32.929398,35.446011,32.201088,.1126,.13,-.039000001,,,,
Bournemouth Christchurch and Poole,1455,2725,3565,7905,2023,BournemouthChristchurchandPoole,E06000058,10630,5020,47.224834,53.394497,45.098038,.1126,.13,-.039000001,,,,
Dorset,130,6915,950,11170,2014,Dorset,E06000059,18085,1080,5.9717999,1.879971,8.5049238,.050000001,.086999997,-.34599999,,,,
Dorset,275,6500,870,10980,2015,Dorset,E06000059,17480,1145,6.550343,4.2307692,7.9234972,.050000001,.086999997,-.34599999,,,,
Dorset,565,6430,2940,13205,2016,Dorset,E06000059,19635,3505,17.850777,8.7869358,22.264294,.050000001,.086999997,-.34599999,,,,
Dorset,595,7175,2370,13035,2017,Dorset,E06000059,20210,2965,14.670955,8.2926826,18.181818,.050000001,.086999997,-.34599999,,,,
Dorset,440,5305,2975,14670,2018,Dorset,E06000059,19975,3415,17.096371,8.2940626,20.279482,.050000001,.086999997,-.34599999,,,,
Dorset,440,5000,2735,13415,2019,Dorset,E06000059,18415,3175,17.241379,8.8000002,20.387627,.050000001,.086999997,-.34599999,,,,
Dorset,375,4855,1650,14505,2020,Dorset,E06000059,19360,2025,10.459711,7.7239957,11.375388,.050000001,.086999997,-.34599999,,,,
Dorset,575,5990,2660,15500,2021,Dorset,E06000059,21490,3235,15.053514,9.5993319,17.161291,.050000001,.086999997,-.34599999,,,,
Dorset,35,5005,160,13440,2022,Dorset,E06000059,18445,195,1.0571971,.69930071,1.1904762,.050000001,.086999997,-.34599999,,,,
Dorset,1595,4770,4830,14155,2023,Dorset,E06000059,18925,6425,33.949802,33.438156,34.122219,.050000001,.086999997,-.34599999,,,,
North Northamptonshire,230,2565,580,5760,2021,NorthNorthamptonshire,E06000061,8325,810,9.7297297,8.9668617,10.069445,,,,,,,
North Northamptonshire,220,2955,640,7180,2022,NorthNorthamptonshire,E06000061,10135,860,8.4854469,7.4450083,8.9136486,,,,,,,
North Northamptonshire,190,2985,550,7675,2023,NorthNorthamptonshire,E06000061,10660,740,6.9418387,6.365159,7.1661239,,,,,,,
West Northamptonshire,240,2800,670,6490,2021,WestNorthamptonshire,E06000062,9290,910,9.7954788,8.5714283,10.323575,,,,,,,
West Northamptonshire,295,2915,870,7880,2022,WestNorthamptonshire,E06000062,10795,1165,10.792033,10.120069,11.040609,,,,,,,
West Northamptonshire,140,2900,700,8205,2023,WestNorthamptonshire,E06000062,11105,840,7.5641603,4.8275862,8.5313835,,,,,,,
Bolton,280,1465,1360,6005,2014,Bolton,E08000001,7470,1640,21.954485,19.112629,22.647793,.43149999,.191,.58899999,28.42,.3775,.211,.67199999
Bolton,385,2375,1440,7855,2015,Bolton,E08000001,10230,1825,17.839687,16.210526,18.332272,.43149999,.191,.58899999,28.42,.3775,.211,.67199999
Bolton2,855,2740,2325,7950,2016,Bolton,E08000001,10690,3180,29.747427,31.20438,29.245283,.43149999,.191,.58899999,28.42,.3775,.211,.67199999
Bolton,1170,3310,2110,8250,2017,Bolton,E08000001,11560,3280,28.373703,35.347431,25.575758,.43149999,.191,.58899999,28.42,.3775,.211,.67199999
Bolton,1140,3275,2135,8170,2018,Bolton,E08000001,11445,3275,28.615116,34.809162,26.132191,.43149999,.191,.58899999,28.42,.3775,.211,.67199999
Bolton,975,3070,2205,8050,2019,Bolton,E08000001,11120,3180,28.597122,31.758957,27.391304,.43149999,.191,.58899999,28.42,.3775,.211,.67199999
Bolton,965,3210,1960,7285,2020,Bolton,E08000001,10495,2925,27.870415,30.062305,26.904598,.43149999,.191,.58899999,28.42,.3775,.211,.67199999
Bolton,1245,3920,2305,7790,2021,Bolton,E08000001,11710,3550,30.315969,31.760204,29.589216,.43149999,.191,.58899999,28.42,.3775,.211,.67199999
Bolton,1195,3480,1970,8065,2022,Bolton,E08000001,11545,3165,27.414465,34.339081,24.426535,.43149999,.191,.58899999,28.42,.3775,.211,.67199999
Bolton,870,3100,1170,7915,2023,Bolton,E08000001,11015,2040,18.520199,28.064516,14.78206,.43149999,.191,.58899999,28.42,.3775,.211,.67199999
Bury,135,1340,215,3730,2014,Bury,E08000002,5070,350,6.9033532,10.074627,5.7640753,.24160001,.145,.308,21.768999,.19760001,.16500001,.37799999
Bury,270,1155,515,3640,2015,Bury,E08000002,4795,785,16.37122,23.376623,14.148352,.24160001,.145,.308,21.768999,.19760001,.16500001,.37799999
Bury,770,1610,1395,3865,2016,Bury,E08000002,5475,2165,39.543381,47.826088,36.093143,.24160001,.145,.308,21.768999,.19760001,.16500001,.37799999
Bury,205,1185,465,3565,2017,Bury,E08000002,4750,670,14.105263,17.299578,13.043478,.24160001,.145,.308,21.768999,.19760001,.16500001,.37799999
Bury,310,1315,520,3580,2018,Bury,E08000002,4895,830,16.956078,23.574144,14.52514,.24160001,.145,.308,21.768999,.19760001,.16500001,.37799999
Bury,265,1325,485,4695,2019,Bury,E08000002,6020,750,12.458471,20,10.330138,.24160001,.145,.308,21.768999,.19760001,.16500001,.37799999
Bury,245,1615,905,5795,2020,Bury,E08000002,7410,1150,15.519568,15.170279,15.616911,.24160001,.145,.308,21.768999,.19760001,.16500001,.37799999
Bury,625,1750,1315,6770,2021,Bury,E08000002,8520,1940,22.769953,35.714287,19.423929,.24160001,.145,.308,21.768999,.19760001,.16500001,.37799999
Bury,60,1620,170,7565,2022,Bury,E08000002,9185,230,2.5040827,3.7037036,2.247191,.24160001,.145,.308,21.768999,.19760001,.16500001,.37799999
Bury,5,1785,5,6030,2023,Bury,E08000002,7815,10,.12795906,.28011206,.082918741,.24160001,.145,.308,21.768999,.19760001,.16500001,.37799999
Manchester,3200,15805,3505,12095,2014,Manchester,E08000003,27900,6705,24.032259,20.246758,28.978916,.59990001,.336,1.198,40.512001,.59380001,.36300001,1.4220001
Manchester,3320,12130,3235,11080,2015,Manchester,E08000003,23210,6555,28.242138,27.370157,29.196751,.59990001,.336,1.198,40.512001,.59380001,.36300001,1.4220001
Manchester,3340,10755,3560,11995,2016,Manchester,E08000003,22750,6900,30.32967,31.055323,29.679033,.59990001,.336,1.198,40.512001,.59380001,.36300001,1.4220001
Manchester,3280,10485,2905,10965,2017,Manchester,E08000003,21450,6185,28.834499,31.282785,26.493387,.59990001,.336,1.198,40.512001,.59380001,.36300001,1.4220001
Manchester,4180,10720,2795,11270,2018,Manchester,E08000003,21990,6975,31.718964,38.992538,24.800354,.59990001,.336,1.198,40.512001,.59380001,.36300001,1.4220001
Manchester,4885,11555,3115,10470,2019,Manchester,E08000003,22025,8000,36.322361,42.27607,29.751671,.59990001,.336,1.198,40.512001,.59380001,.36300001,1.4220001
Manchester,8415,20985,2730,9085,2020,Manchester,E08000003,30070,11145,37.063519,40.100071,30.049532,.59990001,.336,1.198,40.512001,.59380001,.36300001,1.4220001
Manchester,11270,27450,3100,10065,2021,Manchester,E08000003,37515,14370,38.30468,41.056465,30.799801,.59990001,.336,1.198,40.512001,.59380001,.36300001,1.4220001
Manchester,10145,23660,3185,10100,2022,Manchester,E08000003,33760,13330,39.484596,42.878277,31.534653,.59990001,.336,1.198,40.512001,.59380001,.36300001,1.4220001
Manchester,10645,23935,2930,10415,2023,Manchester,E08000003,34350,13575,39.51965,44.474617,28.132502,.59990001,.336,1.198,40.512001,.59380001,.36300001,1.4220001
Oldham,2065,3110,2935,4905,2014,Oldham,E08000004,8015,5000,62.38303,66.398712,59.836903,.479,.18700001,.66299999,30.291,.40619999,.208,.72000003
Oldham,1025,2625,2530,4680,2015,Oldham,E08000004,7305,3555,48.665298,39.047619,54.05983,.479,.18700001,.66299999,30.291,.40619999,.208,.72000003
Oldham3,2300,2650,2800,4135,2016,Oldham,E08000004,6785,5100,75.16581,86.79245,67.71463,.479,.18700001,.66299999,30.291,.40619999,.208,.72000003
Oldham,2235,2630,2500,3800,2017,Oldham,E08000004,6430,4735,73.639191,84.980988,65.789474,.479,.18700001,.66299999,30.291,.40619999,.208,.72000003
Oldham,2265,2630,2930,4485,2018,Oldham,E08000004,7115,5195,73.014755,86.121674,65.328873,.479,.18700001,.66299999,30.291,.40619999,.208,.72000003
Oldham,1655,2480,3610,5570,2019,Oldham,E08000004,8050,5265,65.403725,66.733871,64.811493,.479,.18700001,.66299999,30.291,.40619999,.208,.72000003
Oldham,955,3725,1805,6210,2020,Oldham,E08000004,9935,2760,27.780573,25.637585,29.066023,.479,.18700001,.66299999,30.291,.40619999,.208,.72000003
Oldham,975,3490,1880,5215,2021,Oldham,E08000004,8705,2855,32.797241,27.936962,36.049854,.479,.18700001,.66299999,30.291,.40619999,.208,.72000003
Oldham,1170,3590,1840,5480,2022,Oldham,E08000004,9070,3010,33.186329,32.59053,33.576641,.479,.18700001,.66299999,30.291,.40619999,.208,.72000003
Oldham,935,3485,1355,5315,2023,Oldham,E08000004,8800,2290,26.022728,26.829268,25.493885,.479,.18700001,.66299999,30.291,.40619999,.208,.72000003
Rochdale,895,1875,1560,4265,2014,Rochdale,E08000005,6140,2455,39.983715,47.733334,36.576786,.47580001,.20299999,.84200001,33.683998,.44729999,.228,.94
Rochdale,1065,2385,1345,4595,2015,Rochdale,E08000005,6980,2410,34.527222,44.654087,29.270947,.47580001,.20299999,.84200001,33.683998,.44729999,.228,.94
Rochdale,830,2265,1090,3935,2016,Rochdale,E08000005,6200,1920,30.967741,36.644592,27.700127,.47580001,.20299999,.84200001,33.683998,.44729999,.228,.94
Rochdale,840,2685,855,4705,2017,Rochdale,E08000005,7390,1695,22.936401,31.284916,18.172157,.47580001,.20299999,.84200001,33.683998,.44729999,.228,.94
Rochdale,965,2895,1150,4670,2018,Rochdale,E08000005,7565,2115,27.957701,33.333332,24.625267,.47580001,.20299999,.84200001,33.683998,.44729999,.228,.94
Rochdale,2045,3890,2375,6585,2019,Rochdale,E08000005,10475,4420,42.195705,52.570694,36.066818,.47580001,.20299999,.84200001,33.683998,.44729999,.228,.94
Rochdale,2475,4900,2460,6575,2020,Rochdale,E08000005,11475,4935,43.006535,50.510204,37.414448,.47580001,.20299999,.84200001,33.683998,.44729999,.228,.94
Rochdale,2465,6395,2300,6905,2021,Rochdale,E08000005,13300,4765,35.827068,38.545738,33.309196,.47580001,.20299999,.84200001,33.683998,.44729999,.228,.94
Rochdale,1290,5220,1560,6445,2022,Rochdale,E08000005,11665,2850,24.432062,24.712645,24.204809,.47580001,.20299999,.84200001,33.683998,.44729999,.228,.94
Rochdale,1290,3840,1540,6040,2023,Rochdale,E08000005,9880,2830,28.643724,33.59375,25.496689,.47580001,.20299999,.84200001,33.683998,.44729999,.228,.94
Salford,175,2450,370,5060,2014,Salford,E08000006,7510,545,7.2569909,7.1428571,7.312253,.472,.21799999,.995,32.959,.4339,.249,1.124
Salford,95,2500,410,5305,2015,Salford,E08000006,7805,505,6.4702115,3.8,7.7285581,.472,.21799999,.995,32.959,.4339,.249,1.124
Salford,235,2800,570,5545,2016,Salford,E08000006,8345,805,9.6464949,8.3928576,10.279531,.472,.21799999,.995,32.959,.4339,.249,1.124
Salford,200,3320,490,5860,2017,Salford,E08000006,9180,690,7.5163398,6.0240965,8.3617744,.472,.21799999,.995,32.959,.4339,.249,1.124
Salford,205,3985,510,5745,2018,Salford,E08000006,9730,715,7.3484068,5.1442909,8.877285,.472,.21799999,.995,32.959,.4339,.249,1.124
Salford,200,3420,420,4815,2019,Salford,E08000006,8235,620,7.5288405,5.8479533,8.7227411,.472,.21799999,.995,32.959,.4339,.249,1.124
Salford,150,2635,390,4850,2020,Salford,E08000006,7485,540,7.2144289,5.6925998,8.0412369,.472,.21799999,.995,32.959,.4339,.249,1.124
Salford,1295,2200,1385,3135,2021,Salford,E08000006,5335,2680,50.234303,58.863636,44.178627,.472,.21799999,.995,32.959,.4339,.249,1.124
Salford,1985,3830,1820,4045,2022,Salford,E08000006,7875,3805,48.317459,51.827675,44.99382,.472,.21799999,.995,32.959,.4339,.249,1.124
Salford,1760,4575,2105,5770,2023,Salford,E08000006,10345,3865,37.361046,38.469944,36.481804,.472,.21799999,.995,32.959,.4339,.249,1.124
Stockport,1220,2180,5620,10955,2014,Stockport,E08000007,13135,6840,52.074612,55.963303,51.300777,.1745,.12899999,.35499999,19.108,.1486,.147,.36500001
Stockport,2925,4730,2500,6980,2015,Stockport,E08000007,11710,5425,46.327927,61.839325,35.81662,.1745,.12899999,.35499999,19.108,.1486,.147,.36500001
Stockport3,305,1065,1440,5095,2016,Stockport,E08000007,6160,1745,28.327923,28.638498,28.263002,.1745,.12899999,.35499999,19.108,.1486,.147,.36500001
Stockport,260,1020,1470,4900,2017,Stockport,E08000007,5920,1730,29.222973,25.490196,30,.1745,.12899999,.35499999,19.108,.1486,.147,.36500001
Stockport,255,800,,4615,2018,Stockport,E08000007,5415,,,31.875,,.1745,.12899999,.35499999,19.108,.1486,.147,.36500001
Stockport,305,865,1610,5535,2019,Stockport,E08000007,6400,1915,29.921875,35.260117,29.087624,.1745,.12899999,.35499999,19.108,.1486,.147,.36500001
Stockport,1505,3395,2095,6675,2020,Stockport,E08000007,10070,3600,35.749752,44.329895,31.385767,.1745,.12899999,.35499999,19.108,.1486,.147,.36500001
Stockport,1455,3945,2465,6970,2021,Stockport,E08000007,10915,3920,35.913879,36.88213,35.365852,.1745,.12899999,.35499999,19.108,.1486,.147,.36500001
Stockport,1740,3625,3065,7065,2022,Stockport,E08000007,10690,4805,44.948551,48,43.382874,.1745,.12899999,.35499999,19.108,.1486,.147,.36500001
Stockport,1535,4060,2690,7590,2023,Stockport,E08000007,11650,4225,36.266094,37.80788,35.441372,.1745,.12899999,.35499999,19.108,.1486,.147,.36500001
Tameside,0,1395,0,5305,2014,Tameside,E08000008,6700,0,0,0,0,.41549999,.177,.85500002,29.379999,.36309999,.20299999,.94199997
Tameside,0,1650,0,6070,2015,Tameside,E08000008,7720,0,0,0,0,.41549999,.177,.85500002,29.379999,.36309999,.20299999,.94199997
Tameside,,1690,,6170,2016,Tameside,E08000008,7860,,,,,.41549999,.177,.85500002,29.379999,.36309999,.20299999,.94199997
Tameside2,,1585,,5785,2017,Tameside,E08000008,7370,,,,,.41549999,.177,.85500002,29.379999,.36309999,.20299999,.94199997
Tameside,,1495,,5680,2018,Tameside,E08000008,7175,,,,,.41549999,.177,.85500002,29.379999,.36309999,.20299999,.94199997
Tameside,,1685,,5575,2019,Tameside,E08000008,7260,,,,,.41549999,.177,.85500002,29.379999,.36309999,.20299999,.94199997
Tameside,,2370,,5365,2020,Tameside,E08000008,7735,,,,,.41549999,.177,.85500002,29.379999,.36309999,.20299999,.94199997
Tameside,,2445,,6010,2021,Tameside,E08000008,8455,,,,,.41549999,.177,.85500002,29.379999,.36309999,.20299999,.94199997
Tameside,25,2070,40,5510,2022,Tameside,E08000008,7580,65,.85751981,1.2077295,.7259528,.41549999,.177,.85500002,29.379999,.36309999,.20299999,.94199997
Tameside,5,2430,95,6410,2023,Tameside,E08000008,8840,100,1.1312218,.20576131,1.4820592,.41549999,.177,.85500002,29.379999,.36309999,.20299999,.94199997
Trafford,2655,4755,7320,13355,2014,Trafford,E08000009,18110,9975,55.080067,55.83596,54.810932,.1127,.13,-.071999997,15.388,.1021,.148,.0040000002
Trafford,965,3895,2475,8150,2015,Trafford,E08000009,12045,3440,28.559568,24.775352,30.368097,.1127,.13,-.071999997,15.388,.1021,.148,.0040000002
Trafford,1065,4125,2470,8825,2016,Trafford,E08000009,12950,3535,27.297297,25.818182,27.988668,.1127,.13,-.071999997,15.388,.1021,.148,.0040000002
Trafford,1360,3920,2450,9230,2017,Trafford,E08000009,13150,3810,28.973385,34.693878,26.543879,.1127,.13,-.071999997,15.388,.1021,.148,.0040000002
Trafford,980,3440,1985,8880,2018,Trafford,E08000009,12320,2965,24.066559,28.488373,22.353603,.1127,.13,-.071999997,15.388,.1021,.148,.0040000002
Trafford,915,3375,2025,9465,2019,Trafford,E08000009,12840,2940,22.897196,27.111111,21.394611,.1127,.13,-.071999997,15.388,.1021,.148,.0040000002
Trafford,1205,3250,1805,8270,2020,Trafford,E08000009,11520,3010,26.128471,37.076923,21.825876,.1127,.13,-.071999997,15.388,.1021,.148,.0040000002
Trafford,1855,3530,2245,7010,2021,Trafford,E08000009,10540,4100,38.899429,52.549576,32.025677,.1127,.13,-.071999997,15.388,.1021,.148,.0040000002
Trafford,2100,3615,2845,7345,2022,Trafford,E08000009,10960,4945,45.118614,58.091286,38.733833,.1127,.13,-.071999997,15.388,.1021,.148,.0040000002
Trafford,2040,3815,2705,7670,2023,Trafford,E08000009,11485,4745,41.314758,53.473133,35.267277,.1127,.13,-.071999997,15.388,.1021,.148,.0040000002
Wigan,700,1685,2330,7015,2014,Wigan,E08000010,8700,3030,34.827587,41.543026,33.214539,.31349999,.16,.61799997,24.857,.2814,.185,.653
Wigan,280,1605,910,6875,2015,Wigan,E08000010,8480,1190,14.033019,17.445482,13.236363,.31349999,.16,.61799997,24.857,.2814,.185,.653
Wigan5,1550,2365,2615,5300,2016,Wigan,E08000010,7665,4165,54.337898,65.539108,49.339622,.31349999,.16,.61799997,24.857,.2814,.185,.653
Wigan,1035,2785,1275,6965,2017,Wigan,E08000010,9750,2310,23.692308,37.163376,18.305815,.31349999,.16,.61799997,24.857,.2814,.185,.653
Wigan,1200,3120,1465,7520,2018,Wigan,E08000010,10640,2665,25.046993,38.46154,19.481382,.31349999,.16,.61799997,24.857,.2814,.185,.653
Wigan,1110,2785,1445,6180,2019,Wigan,E08000010,8965,2555,28.499722,39.856373,23.381878,.31349999,.16,.61799997,24.857,.2814,.185,.653
Wigan,1390,2675,1880,5675,2020,Wigan,E08000010,8350,3270,39.161678,51.962616,33.127754,.31349999,.16,.61799997,24.857,.2814,.185,.653
Wigan,1580,2960,2190,6915,2021,Wigan,E08000010,9875,3770,38.177216,53.37838,31.670282,.31349999,.16,.61799997,24.857,.2814,.185,.653
Wigan,1545,3160,2205,7210,2022,Wigan,E08000010,10370,3750,36.162006,48.892406,30.582523,.31349999,.16,.61799997,24.857,.2814,.185,.653
Wigan,1675,3130,2400,7380,2023,Wigan,E08000010,10510,4075,38.772598,53.514378,32.520325,.31349999,.16,.61799997,24.857,.2814,.185,.653
Knowsley,600,760,1680,2350,2014,Knowsley,E08000011,3110,2280,73.311897,78.947365,71.489365,.59920001,.294,1.381,41.387001,.57370001,.32600001,1.4
Knowsley,975,1390,1635,2855,2015,Knowsley,E08000011,4245,2610,61.4841,70.143883,57.267952,.59920001,.294,1.381,41.387001,.57370001,.32600001,1.4
Knowsley5,65,520,555,2895,2016,Knowsley,E08000011,3415,620,18.155197,12.5,19.170984,.59920001,.294,1.381,41.387001,.57370001,.32600001,1.4
Knowsley2,200,1110,475,2900,2017,Knowsley,E08000011,4010,675,16.832918,18.018019,16.379311,.59920001,.294,1.381,41.387001,.57370001,.32600001,1.4
Knowsley,305,1255,305,2425,2018,Knowsley,E08000011,3680,610,16.576086,24.30279,12.577319,.59920001,.294,1.381,41.387001,.57370001,.32600001,1.4
Knowsley,535,1235,565,2655,2019,Knowsley,E08000011,3890,1100,28.277636,43.319839,21.280603,.59920001,.294,1.381,41.387001,.57370001,.32600001,1.4
Knowsley,395,885,325,2125,2020,Knowsley,E08000011,3010,720,23.920265,44.632767,15.294118,.59920001,.294,1.381,41.387001,.57370001,.32600001,1.4
Knowsley,355,980,355,2060,2021,Knowsley,E08000011,3040,710,23.355263,36.224491,17.233009,.59920001,.294,1.381,41.387001,.57370001,.32600001,1.4
Knowsley,435,1150,380,2760,2022,Knowsley,E08000011,3910,815,20.84399,37.826088,13.768116,.59920001,.294,1.381,41.387001,.57370001,.32600001,1.4
Knowsley,485,1240,1065,3555,2023,Knowsley,E08000011,4795,1550,32.32534,39.112904,29.957806,.59920001,.294,1.381,41.387001,.57370001,.32600001,1.4
Liverpool,695,1510,1165,3670,2014,Liverpool,E08000012,5180,1860,35.907337,46.026489,31.74387,.62129998,.30000001,1.347,41.125999,.59369999,.32699999,1.413
Liverpool,210,1165,740,4550,2015,Liverpool,E08000012,5715,950,16.622923,18.025751,16.263737,.62129998,.30000001,1.347,41.125999,.59369999,.32699999,1.413
Liverpool,965,2390,355,4145,2016,Liverpool,E08000012,6535,1320,20.198929,40.376568,8.5645351,.62129998,.30000001,1.347,41.125999,.59369999,.32699999,1.413
Liverpool,2100,4095,2225,7285,2017,Liverpool,E08000012,11380,4325,38.005272,51.282051,30.54221,.62129998,.30000001,1.347,41.125999,.59369999,.32699999,1.413
Liverpool,2445,4530,2570,6525,2018,Liverpool,E08000012,11055,5015,45.36409,53.973511,39.386974,.62129998,.30000001,1.347,41.125999,.59369999,.32699999,1.413
Liverpool,3005,5030,2650,6615,2019,Liverpool,E08000012,11645,5655,48.561615,59.74155,40.060467,.62129998,.30000001,1.347,41.125999,.59369999,.32699999,1.413
Liverpool,3040,5385,3220,9680,2020,Liverpool,E08000012,15065,6260,41.553268,56.45311,33.264462,.62129998,.30000001,1.347,41.125999,.59369999,.32699999,1.413
Liverpool,3535,5930,4120,10280,2021,Liverpool,E08000012,16210,7655,47.223934,59.612141,40.07782,.62129998,.30000001,1.347,41.125999,.59369999,.32699999,1.413
Liverpool,3190,5720,3960,9490,2022,Liverpool,E08000012,15210,7150,47.008549,55.76923,41.728134,.62129998,.30000001,1.347,41.125999,.59369999,.32699999,1.413
Liverpool,3200,5415,3520,8755,2023,Liverpool,E08000012,14170,6720,47.424137,59.095108,40.205597,.62129998,.30000001,1.347,41.125999,.59369999,.32699999,1.413
St. Helens,1345,2220,685,3290,2014,St.Helens,E08000013,5510,2030,36.842106,60.585587,20.820669,.40110001,.168,1.069,29.809,.37290001,.192,.99800003
St. Helens,2375,4385,1265,8615,2015,St.Helens,E08000013,13000,3640,28,54.161915,14.683691,.40110001,.168,1.069,29.809,.37290001,.192,.99800003
St. Helens,2040,3685,915,8080,2016,St.Helens,E08000013,11765,2955,25.116873,55.359566,11.324258,.40110001,.168,1.069,29.809,.37290001,.192,.99800003
St. Helens,1430,3135,1165,7615,2017,St.Helens,E08000013,10750,2595,24.139534,45.614037,15.298753,.40110001,.168,1.069,29.809,.37290001,.192,.99800003
St. Helens,2250,3920,1945,6670,2018,St.Helens,E08000013,10590,4195,39.612843,57.397961,29.160419,.40110001,.168,1.069,29.809,.37290001,.192,.99800003
St. Helens,5265,7460,8875,15000,2019,St.Helens,E08000013,22460,14140,62.956367,70.576408,59.166668,.40110001,.168,1.069,29.809,.37290001,.192,.99800003
St. Helens,7935,11760,11685,19000,2020,St.Helens,E08000013,30760,19620,63.784134,67.474487,61.5,.40110001,.168,1.069,29.809,.37290001,.192,.99800003
St. Helens,6510,9535,10410,17165,2021,St.Helens,E08000013,26700,16920,63.370785,68.27478,60.646664,.40110001,.168,1.069,29.809,.37290001,.192,.99800003
St. Helens,5910,9295,10435,17470,2022,St.Helens,E08000013,26765,16345,61.068562,63.582573,59.730968,.40110001,.168,1.069,29.809,.37290001,.192,.99800003
St. Helens,5090,7800,9295,15430,2023,St.Helens,E08000013,23230,14385,61.924236,65.256409,60.239792,.40110001,.168,1.069,29.809,.37290001,.192,.99800003
Sefton,2165,3140,3165,5650,2014,Sefton,E08000014,8790,5330,60.637089,68.949043,56.0177,.29769999,.169,.75,25.732,.2735,.192,.69099998
Sefton,2135,3480,2290,7480,2015,Sefton,E08000014,10960,4425,40.374088,61.350574,30.614973,.29769999,.169,.75,25.732,.2735,.192,.69099998
Sefton,2105,3470,2185,7750,2016,Sefton,E08000014,11220,4290,38.235294,60.662823,28.193548,.29769999,.169,.75,25.732,.2735,.192,.69099998
Sefton,2430,3570,2810,7765,2017,Sefton,E08000014,11335,5240,46.228497,68.06723,36.188023,.29769999,.169,.75,25.732,.2735,.192,.69099998
Sefton,2370,3670,2675,7260,2018,Sefton,E08000014,10930,5045,46.157364,64.57766,36.84573,.29769999,.169,.75,25.732,.2735,.192,.69099998
Sefton,1730,3130,3835,8635,2019,Sefton,E08000014,11765,5565,47.301319,55.271564,44.412277,.29769999,.169,.75,25.732,.2735,.192,.69099998
Sefton,1905,2625,3330,6455,2020,Sefton,E08000014,9080,5235,57.654186,72.571426,51.587917,.29769999,.169,.75,25.732,.2735,.192,.69099998
Sefton,1985,2730,3600,7125,2021,Sefton,E08000014,9855,5585,56.671741,72.710625,50.526318,.29769999,.169,.75,25.732,.2735,.192,.69099998
Sefton,2260,2920,4175,8060,2022,Sefton,E08000014,10980,6435,58.606556,77.397263,51.799007,.29769999,.169,.75,25.732,.2735,.192,.69099998
Sefton,1765,2355,5210,8785,2023,Sefton,E08000014,11140,6975,62.612209,74.946922,59.305634,.29769999,.169,.75,25.732,.2735,.192,.69099998
Wirral,1605,2405,3665,8285,2014,Wirral,E08000015,10690,5270,49.298409,66.73597,44.236572,.35260001,.16599999,.96200001,26.892,.30739999,.18700001,.81800002
Wirral,1160,2090,3290,8940,2015,Wirral,E08000015,11030,4450,40.344517,55.502392,36.800896,.35260001,.16599999,.96200001,26.892,.30739999,.18700001,.81800002
Wirral,1320,2370,3550,9145,2016,Wirral,E08000015,11515,4870,42.292664,55.696201,38.819027,.35260001,.16599999,.96200001,26.892,.30739999,.18700001,.81800002
Wirral,2100,3000,3875,8140,2017,Wirral,E08000015,11140,5975,53.635548,70,47.604424,.35260001,.16599999,.96200001,26.892,.30739999,.18700001,.81800002
Wirral,2045,2895,3925,8240,2018,Wirral,E08000015,11135,5970,53.614727,70.63903,47.633495,.35260001,.16599999,.96200001,26.892,.30739999,.18700001,.81800002
Wirral,2150,3670,5130,12065,2019,Wirral,E08000015,15735,7280,46.266285,58.583107,42.519684,.35260001,.16599999,.96200001,26.892,.30739999,.18700001,.81800002
Wirral,1930,2940,2495,8105,2020,Wirral,E08000015,11045,4425,40.063377,65.646255,30.783466,.35260001,.16599999,.96200001,26.892,.30739999,.18700001,.81800002
Wirral,660,1455,2860,8000,2021,Wirral,E08000015,9455,3520,37.228981,45.360825,35.75,.35260001,.16599999,.96200001,26.892,.30739999,.18700001,.81800002
Wirral,4870,6580,5005,9205,2022,Wirral,E08000015,15785,9875,62.559391,74.012161,54.372623,.35260001,.16599999,.96200001,26.892,.30739999,.18700001,.81800002
Wirral,4875,6765,6570,11230,2023,Wirral,E08000015,17995,11445,63.601002,72.062088,58.504005,.35260001,.16599999,.96200001,26.892,.30739999,.18700001,.81800002
Barnsley,465,3555,1095,6275,2014,Barnsley,E08000016,9830,1560,15.869786,13.080169,17.450199,.3838,.163,.83899999,29.568001,.3662,.186,.83200002
Barnsley,480,2200,1375,6850,2015,Barnsley,E08000016,9050,1855,20.497238,21.818182,20.072992,.3838,.163,.83899999,29.568001,.3662,.186,.83200002
Barnsley,535,2500,1275,6965,2016,Barnsley,E08000016,9465,1810,19.123085,21.4,18.305815,.3838,.163,.83899999,29.568001,.3662,.186,.83200002
Barnsley,625,2660,1280,6755,2017,Barnsley,E08000016,9415,1905,20.233669,23.496241,18.948927,.3838,.163,.83899999,29.568001,.3662,.186,.83200002
Barnsley,730,2900,1685,7455,2018,Barnsley,E08000016,10355,2415,23.322067,25.172413,22.60228,.3838,.163,.83899999,29.568001,.3662,.186,.83200002
Barnsley,1020,3115,1965,7250,2019,Barnsley,E08000016,10365,2985,28.798841,32.744781,27.103449,.3838,.163,.83899999,29.568001,.3662,.186,.83200002
Barnsley,1540,3635,2250,7440,2020,Barnsley,E08000016,11075,3790,34.221218,42.365887,30.241936,.3838,.163,.83899999,29.568001,.3662,.186,.83200002
Barnsley,1670,4270,2430,8285,2021,Barnsley,E08000016,12555,4100,32.656311,39.110069,29.330114,.3838,.163,.83899999,29.568001,.3662,.186,.83200002
Barnsley,1880,3485,2595,6755,2022,Barnsley,E08000016,10240,4475,43.701172,53.94548,38.415989,.3838,.163,.83899999,29.568001,.3662,.186,.83200002
Barnsley,1655,3255,2310,6605,2023,Barnsley,E08000016,9860,3965,40.212982,50.844852,34.973503,.3838,.163,.83899999,29.568001,.3662,.186,.83200002
Doncaster,285,3115,1605,7670,2014,Doncaster,E08000017,10785,1890,17.52434,9.1492777,20.925684,.39840001,.15899999,.66500002,29.051001,.35690001,.183,.59299999
Doncaster,95,2405,640,8755,2015,Doncaster,E08000017,11160,735,6.5860214,3.950104,7.3101087,.39840001,.15899999,.66500002,29.051001,.35690001,.183,.59299999
Doncaster,45,3640,120,9540,2016,Doncaster,E08000017,13180,165,1.2518969,1.2362638,1.2578616,.39840001,.15899999,.66500002,29.051001,.35690001,.183,.59299999
Doncaster,240,4060,370,10260,2017,Doncaster,E08000017,14320,610,4.2597766,5.9113302,3.6062379,.39840001,.15899999,.66500002,29.051001,.35690001,.183,.59299999
Doncaster,95,4530,325,11125,2018,Doncaster,E08000017,15655,420,2.6828489,2.0971303,2.9213483,.39840001,.15899999,.66500002,29.051001,.35690001,.183,.59299999
Doncaster,80,4320,290,9195,2019,Doncaster,E08000017,13515,370,2.7376988,1.8518518,3.153888,.39840001,.15899999,.66500002,29.051001,.35690001,.183,.59299999
Doncaster,95,3685,280,7495,2020,Doncaster,E08000017,11180,375,3.3542039,2.5780189,3.7358239,.39840001,.15899999,.66500002,29.051001,.35690001,.183,.59299999
Doncaster,465,3345,815,7215,2021,Doncaster,E08000017,10560,1280,12.121212,13.901345,11.295911,.39840001,.15899999,.66500002,29.051001,.35690001,.183,.59299999
Doncaster,1325,4735,1635,9195,2022,Doncaster,E08000017,13930,2960,21.249104,27.983105,17.781403,.39840001,.15899999,.66500002,29.051001,.35690001,.183,.59299999
Doncaster,1785,5135,2905,9455,2023,Doncaster,E08000017,14590,4690,32.145306,34.76144,30.724483,.39840001,.15899999,.66500002,29.051001,.35690001,.183,.59299999
Rotherham,80,4960,430,8500,2014,Rotherham,E08000018,13460,510,3.7890046,1.6129032,5.0588236,.35710001,.164,.81699997,28.278999,.3231,.19,.64200002
Rotherham,75,5655,365,9000,2015,Rotherham,E08000018,14655,440,3.0023882,1.32626,4.0555553,.35710001,.164,.81699997,28.278999,.3231,.19,.64200002
Rotherham3,70,5645,250,6840,2016,Rotherham,E08000018,12485,320,2.5630758,1.2400354,3.6549706,.35710001,.164,.81699997,28.278999,.3231,.19,.64200002
Rotherham,885,5090,2130,8670,2017,Rotherham,E08000018,13760,3015,21.911337,17.387033,24.567474,.35710001,.164,.81699997,28.278999,.3231,.19,.64200002
Rotherham,800,4460,1885,10410,2018,Rotherham,E08000018,14870,2685,18.05649,17.93722,18.10759,.35710001,.164,.81699997,28.278999,.3231,.19,.64200002
Rotherham,630,2895,1775,7935,2019,Rotherham,E08000018,10830,2405,22.206833,21.761658,22.369249,.35710001,.164,.81699997,28.278999,.3231,.19,.64200002
Rotherham,795,3385,1835,9005,2020,Rotherham,E08000018,12390,2630,21.226795,23.485968,20.377567,.35710001,.164,.81699997,28.278999,.3231,.19,.64200002
Rotherham,825,3615,1815,9440,2021,Rotherham,E08000018,13055,2640,20.222137,22.821577,19.226694,.35710001,.164,.81699997,28.278999,.3231,.19,.64200002
Rotherham,1075,4705,2305,10865,2022,Rotherham,E08000018,15570,3380,21.708414,22.848034,21.214911,.35710001,.164,.81699997,28.278999,.3231,.19,.64200002
Rotherham,1065,5900,2250,10855,2023,Rotherham,E08000018,16755,3315,19.785139,18.050848,20.727776,.35710001,.164,.81699997,28.278999,.3231,.19,.64200002
Sheffield,7735,13035,1965,10725,2014,Sheffield,E08000019,23760,9700,40.824917,59.340237,18.321678,.34009999,.18099999,.456,27.568001,.34299999,.208,.39700001
Sheffield,8395,13355,2155,12060,2015,Sheffield,E08000019,25415,10550,41.510918,62.860352,17.868988,.34009999,.18099999,.456,27.568001,.34299999,.208,.39700001
Sheffield,8505,14685,280,11245,2016,Sheffield,E08000019,25930,8785,33.879677,57.916241,2.4899955,.34009999,.18099999,.456,27.568001,.34299999,.208,.39700001
Sheffield,10925,16980,360,8750,2017,Sheffield,E08000019,25730,11285,43.859306,64.340401,4.1142859,.34009999,.18099999,.456,27.568001,.34299999,.208,.39700001
Sheffield,16360,21315,1330,10135,2018,Sheffield,E08000019,31450,17690,56.248013,76.753464,13.122842,.34009999,.18099999,.456,27.568001,.34299999,.208,.39700001
Sheffield,16560,21580,2680,11235,2019,Sheffield,E08000019,32815,19240,58.631721,76.737717,23.854027,.34009999,.18099999,.456,27.568001,.34299999,.208,.39700001
Sheffield,7270,9995,2475,9745,2020,Sheffield,E08000019,19740,9745,49.366768,72.736366,25.39764,.34009999,.18099999,.456,27.568001,.34299999,.208,.39700001
Sheffield,2305,5340,2950,10285,2021,Sheffield,E08000019,15625,5255,33.632,43.164795,28.682547,.34009999,.18099999,.456,27.568001,.34299999,.208,.39700001
Sheffield,1840,4665,1355,9335,2022,Sheffield,E08000019,14000,3195,22.821428,39.442657,14.515265,.34009999,.18099999,.456,27.568001,.34299999,.208,.39700001
Sheffield,2895,8445,2980,13115,2023,Sheffield,E08000019,21560,5875,27.249537,34.28064,22.722075,.34009999,.18099999,.456,27.568001,.34299999,.208,.39700001
Newcastle upon Tyne,1590,2950,2090,6755,2014,NewcastleuponTyne,E08000021,9705,3680,37.918598,53.898304,30.940044,.37059999,.21799999,.815,28.264,.34959999,.245,.77700001
Newcastle upon Tyne,1125,2815,2185,7435,2015,NewcastleuponTyne,E08000021,10250,3310,32.292683,39.964478,29.388029,.37059999,.21799999,.815,28.264,.34959999,.245,.77700001
Newcastle upon Tyne,1090,2790,2270,7235,2016,NewcastleuponTyne,E08000021,10025,3360,33.516209,39.0681,31.375259,.37059999,.21799999,.815,28.264,.34959999,.245,.77700001
Newcastle upon Tyne,985,2890,1945,7525,2017,NewcastleuponTyne,E08000021,10415,2930,28.132502,34.083046,25.847176,.37059999,.21799999,.815,28.264,.34959999,.245,.77700001
Newcastle upon Tyne,1140,3075,1655,6890,2018,NewcastleuponTyne,E08000021,9965,2795,28.048168,37.07317,24.020319,.37059999,.21799999,.815,28.264,.34959999,.245,.77700001
Newcastle upon Tyne,1000,2910,1220,6640,2019,NewcastleuponTyne,E08000021,9550,2220,23.246073,34.364262,18.373493,.37059999,.21799999,.815,28.264,.34959999,.245,.77700001
Newcastle upon Tyne,480,2465,675,6100,2020,NewcastleuponTyne,E08000021,8565,1155,13.485114,19.472616,11.065574,.37059999,.21799999,.815,28.264,.34959999,.245,.77700001
Newcastle upon Tyne,215,2570,555,6965,2021,NewcastleuponTyne,E08000021,9535,770,8.075511,8.3657589,7.9684134,.37059999,.21799999,.815,28.264,.34959999,.245,.77700001
Newcastle upon Tyne,165,2825,435,7270,2022,NewcastleuponTyne,E08000021,10095,600,5.9435363,5.8407078,5.9834938,.37059999,.21799999,.815,28.264,.34959999,.245,.77700001
Newcastle upon Tyne,160,3015,390,7620,2023,NewcastleuponTyne,E08000021,10635,550,5.1716032,5.3067994,5.1181102,.37059999,.21799999,.815,28.264,.34959999,.245,.77700001
North Tyneside,130,4370,820,7785,2014,NorthTyneside,E08000022,12155,950,7.8157139,2.9748285,10.533076,.23199999,.16,.43000001,21.278999,.2001,.193,.53799999
North Tyneside,70,4995,150,7420,2015,NorthTyneside,E08000022,12415,220,1.7720499,1.4014014,2.0215633,.23199999,.16,.43000001,21.278999,.2001,.193,.53799999
North Tyneside,50,5480,200,8970,2016,NorthTyneside,E08000022,14450,250,1.7301039,.91240877,2.2296543,.23199999,.16,.43000001,21.278999,.2001,.193,.53799999
North Tyneside,150,3265,520,7525,2017,NorthTyneside,E08000022,10790,670,6.2094531,4.5941806,6.9102988,.23199999,.16,.43000001,21.278999,.2001,.193,.53799999
North Tyneside,1745,4555,1925,6735,2018,NorthTyneside,E08000022,11290,3670,32.506641,38.309551,28.582035,.23199999,.16,.43000001,21.278999,.2001,.193,.53799999
North Tyneside,1945,4845,1970,5995,2019,NorthTyneside,E08000022,10840,3915,36.116238,40.144478,32.860718,.23199999,.16,.43000001,21.278999,.2001,.193,.53799999
North Tyneside,1850,5170,1605,5515,2020,NorthTyneside,E08000022,10685,3455,32.335049,35.783367,29.102448,.23199999,.16,.43000001,21.278999,.2001,.193,.53799999
North Tyneside,2805,9575,2495,7080,2021,NorthTyneside,E08000022,16655,5300,31.822275,29.295038,35.240112,.23199999,.16,.43000001,21.278999,.2001,.193,.53799999
North Tyneside,785,2020,2020,6235,2022,NorthTyneside,E08000022,8255,2805,33.979408,38.861385,32.397755,.23199999,.16,.43000001,21.278999,.2001,.193,.53799999
North Tyneside,685,2030,1660,5755,2023,NorthTyneside,E08000022,7785,2345,30.12203,33.743843,28.844482,.23199999,.16,.43000001,21.278999,.2001,.193,.53799999
South Tyneside,215,1280,240,4710,2014,SouthTyneside,E08000023,5990,455,7.5959935,16.796875,5.0955415,.4508,.214,.86299998,30.608,.43189999,.245,.94400001
South Tyneside,1925,2945,2680,6100,2015,SouthTyneside,E08000023,9045,4605,50.912106,65.365028,43.934425,.4508,.214,.86299998,30.608,.43189999,.245,.94400001
South Tyneside,2145,3540,2800,6850,2016,SouthTyneside,E08000023,10390,4945,47.593842,60.59322,40.875912,.4508,.214,.86299998,30.608,.43189999,.245,.94400001
South Tyneside,2990,4360,2930,6995,2017,SouthTyneside,E08000023,11355,5920,52.135624,68.57798,41.887062,.4508,.214,.86299998,30.608,.43189999,.245,.94400001
South Tyneside,3220,5220,3430,8695,2018,SouthTyneside,E08000023,13915,6650,47.790154,61.685825,39.44796,.4508,.214,.86299998,30.608,.43189999,.245,.94400001
South Tyneside,2885,5220,2470,7945,2019,SouthTyneside,E08000023,13165,5355,40.676037,55.2682,31.088736,.4508,.214,.86299998,30.608,.43189999,.245,.94400001
South Tyneside,2865,5035,2480,7920,2020,SouthTyneside,E08000023,12955,5345,41.258202,56.901688,31.313131,.4508,.214,.86299998,30.608,.43189999,.245,.94400001
South Tyneside,3220,5815,2805,8655,2021,SouthTyneside,E08000023,14470,6025,41.637871,55.374031,32.409012,.4508,.214,.86299998,30.608,.43189999,.245,.94400001
South Tyneside,4355,7580,2915,9740,2022,SouthTyneside,E08000023,17320,7270,41.974594,57.453827,29.928131,.4508,.214,.86299998,30.608,.43189999,.245,.94400001
South Tyneside,4570,8555,2935,10345,2023,SouthTyneside,E08000023,18900,7505,39.708996,53.419052,28.371193,.4508,.214,.86299998,30.608,.43189999,.245,.94400001
Sunderland,2155,4055,4540,10215,2014,Sunderland,E08000024,14270,6695,46.916607,53.144268,44.444443,.396,.21699999,.82800001,29.725,.3725,.24699999,1.007
Sunderland,1825,3615,4100,9785,2015,Sunderland,E08000024,13400,5925,44.216419,50.484093,41.900867,.396,.21699999,.82800001,29.725,.3725,.24699999,1.007
Sunderland,1780,3825,4015,10550,2016,Sunderland,E08000024,14375,5795,40.313042,46.535946,38.056873,.396,.21699999,.82800001,29.725,.3725,.24699999,1.007
Sunderland,1975,4200,3880,10470,2017,Sunderland,E08000024,14670,5855,39.911385,47.023811,37.058262,.396,.21699999,.82800001,29.725,.3725,.24699999,1.007
Sunderland,1985,4040,2950,9685,2018,Sunderland,E08000024,13725,4935,35.956284,49.133663,30.459473,.396,.21699999,.82800001,29.725,.3725,.24699999,1.007
Sunderland,1600,3645,3405,10615,2019,Sunderland,E08000024,14260,5005,35.098175,43.895748,32.077248,.396,.21699999,.82800001,29.725,.3725,.24699999,1.007
Sunderland,1580,3390,2825,9000,2020,Sunderland,E08000024,12390,4405,35.552864,46.60767,31.388889,.396,.21699999,.82800001,29.725,.3725,.24699999,1.007
Sunderland,1720,3690,3425,10495,2021,Sunderland,E08000024,14185,5145,36.27071,46.612465,32.634586,.396,.21699999,.82800001,29.725,.3725,.24699999,1.007
Sunderland,1665,3810,3830,11430,2022,Sunderland,E08000024,15240,5495,36.056431,43.700787,33.508312,.396,.21699999,.82800001,29.725,.3725,.24699999,1.007
Sunderland,1595,3960,3140,10880,2023,Sunderland,E08000024,14840,4735,31.907007,40.277779,28.860294,.396,.21699999,.82800001,29.725,.3725,.24699999,1.007
Birmingham,3480,11530,7350,24195,2014,Birmingham,E08000025,35725,10830,30.314905,30.182133,30.378178,.57920003,.25799999,.67000002,37.768002,.55769998,.28200001,.57099998
Birmingham,4500,12220,5840,22965,2015,Birmingham,E08000025,35185,10340,29.387524,36.824879,25.430002,.57920003,.25799999,.67000002,37.768002,.55769998,.28200001,.57099998
Birmingham,3865,11440,4175,21025,2016,Birmingham,E08000025,32465,8040,24.765131,33.784966,19.857313,.57920003,.25799999,.67000002,37.768002,.55769998,.28200001,.57099998
Birmingham,3765,12335,4080,21980,2017,Birmingham,E08000025,34315,7845,22.861723,30.522902,18.56233,.57920003,.25799999,.67000002,37.768002,.55769998,.28200001,.57099998
Birmingham,3935,12565,4335,22280,2018,Birmingham,E08000025,34845,8270,23.733677,31.31715,19.456911,.57920003,.25799999,.67000002,37.768002,.55769998,.28200001,.57099998
Birmingham,3175,13590,3905,23115,2019,Birmingham,E08000025,36705,7080,19.288925,23.362766,16.893791,.57920003,.25799999,.67000002,37.768002,.55769998,.28200001,.57099998
Birmingham,4470,15100,5450,22505,2020,Birmingham,E08000025,37605,9920,26.379471,29.60265,24.216841,.57920003,.25799999,.67000002,37.768002,.55769998,.28200001,.57099998
Birmingham,4970,14580,5555,21600,2021,Birmingham,E08000025,36180,10525,29.090658,34.087791,25.717592,.57920003,.25799999,.67000002,37.768002,.55769998,.28200001,.57099998
Birmingham,815,14410,730,22555,2022,Birmingham,E08000025,36965,1545,4.1796293,5.6557946,3.2365329,.57920003,.25799999,.67000002,37.768002,.55769998,.28200001,.57099998
Birmingham,720,15630,680,22155,2023,Birmingham,E08000025,37785,1400,3.705174,4.6065259,3.0692847,.57920003,.25799999,.67000002,37.768002,.55769998,.28200001,.57099998
Coventry,1110,3555,2465,6195,2014,Coventry,E08000026,9750,3575,36.666668,31.223629,39.790154,.2669,.19,.36700001,28.107,.31889999,.22,.55000001
Coventry,1000,2725,2730,6570,2015,Coventry,E08000026,9295,3730,40.129101,36.697247,41.552513,.2669,.19,.36700001,28.107,.31889999,.22,.55000001
Coventry,650,2950,1615,6740,2016,Coventry,E08000026,9690,2265,23.374613,22.033897,23.961424,.2669,.19,.36700001,28.107,.31889999,.22,.55000001
Coventry,555,2950,2760,7340,2017,Coventry,E08000026,10290,3315,32.215744,18.813559,37.60218,.2669,.19,.36700001,28.107,.31889999,.22,.55000001
Coventry,1475,3705,2945,6660,2018,Coventry,E08000026,10365,4420,42.643513,39.811066,44.219219,.2669,.19,.36700001,28.107,.31889999,.22,.55000001
Coventry,865,3030,2415,7400,2019,Coventry,E08000026,10430,3280,31.447746,28.547855,32.635136,.2669,.19,.36700001,28.107,.31889999,.22,.55000001
Coventry,680,2990,1410,6875,2020,Coventry,E08000026,9865,2090,21.18601,22.742476,20.50909,.2669,.19,.36700001,28.107,.31889999,.22,.55000001
Coventry,870,3390,1665,7040,2021,Coventry,E08000026,10430,2535,24.30489,25.663717,23.650568,.2669,.19,.36700001,28.107,.31889999,.22,.55000001
Coventry,395,2825,1045,7945,2022,Coventry,E08000026,10770,1440,13.370474,13.982301,13.152926,.2669,.19,.36700001,28.107,.31889999,.22,.55000001
Coventry,395,2770,1070,8010,2023,Coventry,E08000026,10780,1465,13.589981,14.259928,13.358302,.2669,.19,.36700001,28.107,.31889999,.22,.55000001
Dudley,3200,6510,3820,15840,2014,Dudley,E08000027,22350,7020,31.409395,49.155148,24.116161,.27079999,.162,.287,22.958,.23289999,.186,.145
Dudley,2825,5840,2945,14030,2015,Dudley,E08000027,19870,5770,29.038752,48.373287,20.990734,.27079999,.162,.287,22.958,.23289999,.186,.145
Dudley,1825,4895,3050,14555,2016,Dudley,E08000027,19450,4875,25.064268,37.28294,20.954998,.27079999,.162,.287,22.958,.23289999,.186,.145
Dudley,1845,4975,3005,14640,2017,Dudley,E08000027,19615,4850,24.725975,37.085426,20.525957,.27079999,.162,.287,22.958,.23289999,.186,.145
Dudley,1730,4450,3675,14035,2018,Dudley,E08000027,18485,5405,29.239923,38.876404,26.184538,.27079999,.162,.287,22.958,.23289999,.186,.145
Dudley,1485,4525,2500,14645,2019,Dudley,E08000027,19170,3985,20.787689,32.81768,17.070673,.27079999,.162,.287,22.958,.23289999,.186,.145
Dudley,2005,4770,4480,15590,2020,Dudley,E08000027,20360,6485,31.851669,42.033543,28.73637,.27079999,.162,.287,22.958,.23289999,.186,.145
Dudley,1230,4945,3025,15805,2021,Dudley,E08000027,20750,4255,20.506023,24.87361,19.139513,.27079999,.162,.287,22.958,.23289999,.186,.145
Dudley,740,5105,1610,15910,2022,Dudley,E08000027,21015,2350,11.182488,14.495592,10.119422,.27079999,.162,.287,22.958,.23289999,.186,.145
Dudley,155,6065,380,14375,2023,Dudley,E08000027,20440,535,2.6174169,2.5556471,2.6434782,.27079999,.162,.287,22.958,.23289999,.186,.145
Sandwell,1165,4655,1635,8765,2014,Sandwell,E08000028,13420,2800,20.864382,25.026854,18.653736,.53490001,.25999999,.70499998,34.613998,.51609999,.292,.68800002
Sandwell,665,3585,1520,9635,2015,Sandwell,E08000028,13220,2185,16.527988,18.549511,15.775817,.53490001,.25999999,.70499998,34.613998,.51609999,.292,.68800002
Sandwell,805,3415,1720,9735,2016,Sandwell,E08000028,13150,2525,19.201521,23.572474,17.668207,.53490001,.25999999,.70499998,34.613998,.51609999,.292,.68800002
Sandwell,695,3600,2015,9865,2017,Sandwell,E08000028,13465,2710,20.126253,19.305555,20.425747,.53490001,.25999999,.70499998,34.613998,.51609999,.292,.68800002
Sandwell,305,1550,1315,5175,2018,Sandwell,E08000028,6725,1620,24.08922,19.67742,25.410627,.53490001,.25999999,.70499998,34.613998,.51609999,.292,.68800002
Sandwell,230,2185,665,5425,2019,Sandwell,E08000028,7610,895,11.760841,10.526316,12.258064,.53490001,.25999999,.70499998,34.613998,.51609999,.292,.68800002
Sandwell,405,2065,590,4705,2020,Sandwell,E08000028,6770,995,14.697193,19.612591,12.539851,.53490001,.25999999,.70499998,34.613998,.51609999,.292,.68800002
Sandwell,340,2210,415,4990,2021,Sandwell,E08000028,7200,755,10.486111,15.384615,8.3166332,.53490001,.25999999,.70499998,34.613998,.51609999,.292,.68800002
Sandwell,175,2400,590,5865,2022,Sandwell,E08000028,8265,765,9.2558985,7.2916665,10.059676,.53490001,.25999999,.70499998,34.613998,.51609999,.292,.68800002
Sandwell,1395,5145,1565,8505,2023,Sandwell,E08000028,13650,2960,21.684982,27.113703,18.40094,.53490001,.25999999,.70499998,34.613998,.51609999,.292,.68800002
Solihull,360,1105,1475,4420,2014,Solihull,E08000029,5525,1835,33.212669,32.579185,33.37104,.1708,.111,-.25600001,17.238001,.17110001,.13,-.484
Solihull,360,955,1725,4415,2015,Solihull,E08000029,5370,2085,38.826817,37.696335,39.071346,.1708,.111,-.25600001,17.238001,.17110001,.13,-.484
Solihull3,260,1035,1250,4250,2016,Solihull,E08000029,5285,1510,28.571428,25.120773,29.411764,.1708,.111,-.25600001,17.238001,.17110001,.13,-.484
Solihull,240,980,1135,3865,2017,Solihull,E08000029,4845,1375,28.379772,24.489796,29.366106,.1708,.111,-.25600001,17.238001,.17110001,.13,-.484
Solihull,310,1075,1140,4000,2018,Solihull,E08000029,5075,1450,28.571428,28.83721,28.5,.1708,.111,-.25600001,17.238001,.17110001,.13,-.484
Solihull,610,995,2455,4265,2019,Solihull,E08000029,5260,3065,58.269962,61.306534,57.561546,.1708,.111,-.25600001,17.238001,.17110001,.13,-.484
Solihull,485,835,1660,3620,2020,Solihull,E08000029,4455,2145,48.148148,58.083832,45.856354,.1708,.111,-.25600001,17.238001,.17110001,.13,-.484
Solihull,590,945,2130,4110,2021,Solihull,E08000029,5055,2720,53.808109,62.433861,51.824818,.1708,.111,-.25600001,17.238001,.17110001,.13,-.484
Solihull,715,1230,2250,4655,2022,Solihull,E08000029,5885,2965,50.382328,58.130081,48.335125,.1708,.111,-.25600001,17.238001,.17110001,.13,-.484
Solihull,710,1285,2150,5070,2023,Solihull,E08000029,6355,2860,45.003933,55.252918,42.406311,.1708,.111,-.25600001,17.238001,.17110001,.13,-.484
Walsall,740,3695,2255,11220,2014,Walsall,E08000030,14915,2995,20.080456,20.027063,20.09804,.4844,.212,.56199998,30.370001,.44769999,.237,.41999999
Walsall,140,2175,480,6960,2015,Walsall,E08000030,9135,620,6.7870827,6.4367814,6.8965516,.4844,.212,.56199998,30.370001,.44769999,.237,.41999999
Walsall,365,2030,1220,7255,2016,Walsall,E08000030,9285,1585,17.070543,17.980295,16.815989,.4844,.212,.56199998,30.370001,.44769999,.237,.41999999
Walsall,635,2030,2095,7770,2017,Walsall,E08000030,9800,2730,27.857143,31.280788,26.962677,.4844,.212,.56199998,30.370001,.44769999,.237,.41999999
Walsall,735,2070,2545,7735,2018,Walsall,E08000030,9805,3280,33.45232,35.507248,32.902393,.4844,.212,.56199998,30.370001,.44769999,.237,.41999999
Walsall,825,2820,2350,8385,2019,Walsall,E08000030,11205,3175,28.335564,29.25532,28.026237,.4844,.212,.56199998,30.370001,.44769999,.237,.41999999
Walsall,860,2655,2435,8130,2020,Walsall,E08000030,10785,3295,30.551693,32.391712,29.9508,.4844,.212,.56199998,30.370001,.44769999,.237,.41999999
Walsall,770,2935,2450,8840,2021,Walsall,E08000030,11775,3220,27.346071,26.235094,27.714931,.4844,.212,.56199998,30.370001,.44769999,.237,.41999999
Walsall,935,3145,3125,10195,2022,Walsall,E08000030,13340,4060,30.434782,29.729731,30.652281,.4844,.212,.56199998,30.370001,.44769999,.237,.41999999
Walsall,1055,2850,3765,9320,2023,Walsall,E08000030,12170,4820,39.605587,37.017544,40.396996,.4844,.212,.56199998,30.370001,.44769999,.237,.41999999
Wolverhampton,1900,3240,3905,8015,2014,Wolverhampton,E08000031,11255,5805,51.577076,58.641975,48.721149,.48280001,.22499999,.60699999,33.182999,.4921,.25,.53799999
Wolverhampton,1780,2730,3640,6840,2015,Wolverhampton,E08000031,9570,5420,56.635319,65.201462,53.216373,.48280001,.22499999,.60699999,33.182999,.4921,.25,.53799999
Wolverhampton,1830,2645,3830,6795,2016,Wolverhampton,E08000031,9440,5660,59.957626,69.187149,56.364975,.48280001,.22499999,.60699999,33.182999,.4921,.25,.53799999
Wolverhampton,240,1950,190,4220,2017,Wolverhampton,E08000031,6170,430,6.9692059,12.307693,4.5023699,.48280001,.22499999,.60699999,33.182999,.4921,.25,.53799999
Wolverhampton,620,1915,630,3770,2018,Wolverhampton,E08000031,5685,1250,21.987686,32.37598,16.710875,.48280001,.22499999,.60699999,33.182999,.4921,.25,.53799999
Wolverhampton,10,1640,105,4240,2019,Wolverhampton,E08000031,5880,115,1.9557823,.60975611,2.4764152,.48280001,.22499999,.60699999,33.182999,.4921,.25,.53799999
Wolverhampton,,1905,10,4365,2020,Wolverhampton,E08000031,6270,,,,.22909507,.48280001,.22499999,.60699999,33.182999,.4921,.25,.53799999
Wolverhampton,,2110,15,4325,2021,Wolverhampton,E08000031,6435,,,,.3468208,.48280001,.22499999,.60699999,33.182999,.4921,.25,.53799999
Wolverhampton,20,2455,15,4755,2022,Wolverhampton,E08000031,7210,35,.48543689,.81466395,.3154574,.48280001,.22499999,.60699999,33.182999,.4921,.25,.53799999
Wolverhampton,810,2425,995,4990,2023,Wolverhampton,E08000031,7415,1805,24.342548,33.402061,19.93988,.48280001,.22499999,.60699999,33.182999,.4921,.25,.53799999
Bradford,0,8275,0,21040,2014,Bradford,E08000032,29315,0,0,0,0,.49810001,.208,.63200003,33.167999,.44980001,.227,.63599998
Bradford,0,6805,0,24700,2015,Bradford,E08000032,31505,0,0,0,0,.49810001,.208,.63200003,33.167999,.44980001,.227,.63599998
Bradford,,3260,10,8440,2016,Bradford,E08000032,11700,,,,.11848341,.49810001,.208,.63200003,33.167999,.44980001,.227,.63599998
Bradford,,9765,,29295,2017,Bradford,E08000032,39060,,,,,.49810001,.208,.63200003,33.167999,.44980001,.227,.63599998
Bradford,,14185,,51660,2018,Bradford,E08000032,65845,,,,,.49810001,.208,.63200003,33.167999,.44980001,.227,.63599998
Bradford,495,6980,1125,26440,2019,Bradford,E08000032,33420,1620,4.8473969,7.0916905,4.2549167,.49810001,.208,.63200003,33.167999,.44980001,.227,.63599998
Bradford,595,5935,1630,25115,2020,Bradford,E08000032,31050,2225,7.1658616,10.025273,6.4901452,.49810001,.208,.63200003,33.167999,.44980001,.227,.63599998
Bradford,800,6875,1535,29105,2021,Bradford,E08000032,35980,2335,6.4897165,11.636364,5.2740078,.49810001,.208,.63200003,33.167999,.44980001,.227,.63599998
Bradford,1130,6810,1760,26045,2022,Bradford,E08000032,32855,2890,8.7962255,16.593245,6.757535,.49810001,.208,.63200003,33.167999,.44980001,.227,.63599998
Bradford,1170,9835,1200,24180,2023,Bradford,E08000032,34015,2370,6.9675145,11.896289,4.962779,.49810001,.208,.63200003,33.167999,.44980001,.227,.63599998
Calderdale,0,6450,0,24515,2014,Calderdale,E08000033,30965,0,0,0,0,.2929,.14,.264,24.607,.25049999,.164,.29300001
Calderdale,0,7320,0,29235,2015,Calderdale,E08000033,36555,0,0,0,0,.2929,.14,.264,24.607,.25049999,.164,.29300001
Calderdale,,7590,,30175,2016,Calderdale,E08000033,37765,,,,,.2929,.14,.264,24.607,.25049999,.164,.29300001
Calderdale,,7065,,29610,2017,Calderdale,E08000033,36675,,,,,.2929,.14,.264,24.607,.25049999,.164,.29300001
Calderdale,,7305,,28260,2018,Calderdale,E08000033,35565,,,,,.2929,.14,.264,24.607,.25049999,.164,.29300001
Calderdale,,3655,,12705,2019,Calderdale,E08000033,16360,,,,,.2929,.14,.264,24.607,.25049999,.164,.29300001
Calderdale,,2665,,9890,2020,Calderdale,E08000033,12555,,,,,.2929,.14,.264,24.607,.25049999,.164,.29300001
Calderdale,,3535,,12985,2021,Calderdale,E08000033,16520,,,,,.2929,.14,.264,24.607,.25049999,.164,.29300001
Calderdale,,2990,,11230,2022,Calderdale,E08000033,14220,,,,,.2929,.14,.264,24.607,.25049999,.164,.29300001
Calderdale,2095,3835,5415,12215,2023,Calderdale,E08000033,16050,7510,46.791279,54.628422,44.330742,.2929,.14,.264,24.607,.25049999,.164,.29300001
Kirklees,220,5825,700,10430,2014,Kirklees,E08000034,16255,920,5.6597972,3.776824,6.7114096,.2938,.149,.16599999,23.964001,.25139999,.17,.204
Kirklees,1665,4775,1350,9925,2015,Kirklees,E08000034,14700,3015,20.510204,34.86911,13.602015,.2938,.149,.16599999,23.964001,.25139999,.17,.204
Kirklees,1665,4645,1350,9625,2016,Kirklees,E08000034,14270,3015,21.128241,35.844994,14.025974,.2938,.149,.16599999,23.964001,.25139999,.17,.204
Kirklees,1705,4680,1350,9585,2017,Kirklees,E08000034,14265,3055,21.416054,36.431625,14.084507,.2938,.149,.16599999,23.964001,.25139999,.17,.204
Kirklees,500,4345,835,8930,2018,Kirklees,E08000034,13275,1335,10.056498,11.50748,9.3505039,.2938,.149,.16599999,23.964001,.25139999,.17,.204
Kirklees,500,4345,835,8930,2019,Kirklees,E08000034,13275,1335,10.056498,11.50748,9.3505039,.2938,.149,.16599999,23.964001,.25139999,.17,.204
Kirklees,35,5365,155,10810,2020,Kirklees,E08000034,16175,190,1.1746522,.65237653,1.4338576,.2938,.149,.16599999,23.964001,.25139999,.17,.204
Kirklees,340,4615,280,8845,2021,Kirklees,E08000034,13460,620,4.6062407,7.3672805,3.1656303,.2938,.149,.16599999,23.964001,.25139999,.17,.204
Kirklees,20,4190,195,9065,2022,Kirklees,E08000034,13255,215,1.6220294,.47732696,2.1511307,.2938,.149,.16599999,23.964001,.25139999,.17,.204
Kirklees,25,4080,165,8965,2023,Kirklees,E08000034,13045,190,1.4564967,.61274511,1.8404908,.2938,.149,.16599999,23.964001,.25139999,.17,.204
Leeds,1645,9755,3580,22495,2014,Leeds,E08000035,32250,5225,16.20155,16.863148,15.914648,.32839999,.156,.41499999,26.622999,.31349999,.18000001,.435
Leeds,3840,8855,7390,18870,2015,Leeds,E08000035,27725,11230,40.504959,43.36533,39.162693,.32839999,.156,.41499999,26.622999,.31349999,.18000001,.435
Leeds,4285,9100,7515,19055,2016,Leeds,E08000035,28155,11800,41.910851,47.087914,39.438469,.32839999,.156,.41499999,26.622999,.31349999,.18000001,.435
Leeds,4385,10235,7240,21485,2017,Leeds,E08000035,31720,11625,36.648804,42.843185,33.697929,.32839999,.156,.41499999,26.622999,.31349999,.18000001,.435
Leeds,2110,7845,5660,21025,2018,Leeds,E08000035,28870,7770,26.913752,26.896112,26.920334,.32839999,.156,.41499999,26.622999,.31349999,.18000001,.435
Leeds,2910,10280,7450,27555,2019,Leeds,E08000035,37835,10360,27.382053,28.307392,27.036835,.32839999,.156,.41499999,26.622999,.31349999,.18000001,.435
Leeds,3010,8980,7175,22470,2020,Leeds,E08000035,31450,10185,32.384739,33.518932,31.931463,.32839999,.156,.41499999,26.622999,.31349999,.18000001,.435
Leeds,2340,8350,5940,22290,2021,Leeds,E08000035,30640,8280,27.023499,28.023952,26.648722,.32839999,.156,.41499999,26.622999,.31349999,.18000001,.435
Leeds,2330,8930,5830,22895,2022,Leeds,E08000035,31825,8160,25.640221,26.091825,25.464075,.32839999,.156,.41499999,26.622999,.31349999,.18000001,.435
Leeds,2230,10580,4255,23405,2023,Leeds,E08000035,33985,6485,19.081947,21.077505,18.179876,.32839999,.156,.41499999,26.622999,.31349999,.18000001,.435
Wakefield,450,5600,1870,14160,2014,Wakefield,E08000036,19760,2320,11.740891,8.0357141,13.206215,.32480001,.145,.53899997,26.892,.30809999,.169,.65499997
Wakefield,420,5490,1245,13565,2015,Wakefield,E08000036,19055,1665,8.7378645,7.6502733,9.1780319,.32480001,.145,.53899997,26.892,.30809999,.169,.65499997
Wakefield,415,6120,1270,18685,2016,Wakefield,E08000036,24805,1685,6.7929854,6.7810459,6.796896,.32480001,.145,.53899997,26.892,.30809999,.169,.65499997
Wakefield,180,5885,785,16400,2017,Wakefield,E08000036,22285,965,4.330267,3.0586236,4.7865853,.32480001,.145,.53899997,26.892,.30809999,.169,.65499997
Wakefield,390,6170,745,16620,2018,Wakefield,E08000036,22790,1135,4.9802547,6.3209076,4.4825511,.32480001,.145,.53899997,26.892,.30809999,.169,.65499997
Wakefield,410,5640,625,13870,2019,Wakefield,E08000036,19510,1035,5.3049717,7.2695036,4.5061283,.32480001,.145,.53899997,26.892,.30809999,.169,.65499997
Wakefield,585,4785,660,13990,2020,Wakefield,E08000036,18775,1245,6.6311584,12.225705,4.7176557,.32480001,.145,.53899997,26.892,.30809999,.169,.65499997
Wakefield,555,5735,825,13555,2021,Wakefield,E08000036,19290,1380,7.153966,9.6774197,6.0863152,.32480001,.145,.53899997,26.892,.30809999,.169,.65499997
Wakefield,675,2900,1055,9485,2022,Wakefield,E08000036,12385,1730,13.968511,23.275862,11.122826,.32480001,.145,.53899997,26.892,.30809999,.169,.65499997
Wakefield,955,3455,1955,11060,2023,Wakefield,E08000036,14515,2910,20.048225,27.6411,17.676311,.32480001,.145,.53899997,26.892,.30809999,.169,.65499997
Gateshead,405,1425,1170,5130,2014,Gateshead,E08000037,6555,1575,24.02746,28.421053,22.807018,.33970001,.19400001,.824,25.931999,.2735,.221,.77899998
Gateshead,295,1515,875,5050,2015,Gateshead,E08000037,6565,1170,17.821783,19.471947,17.326733,.33970001,.19400001,.824,25.931999,.2735,.221,.77899998
Gateshead3,205,1370,715,4175,2016,Gateshead,E08000037,5545,920,16.591524,14.963504,17.125748,.33970001,.19400001,.824,25.931999,.2735,.221,.77899998
Gateshead,220,1285,790,4790,2017,Gateshead,E08000037,6075,1010,16.625515,17.120623,16.492693,.33970001,.19400001,.824,25.931999,.2735,.221,.77899998
Gateshead,285,1590,665,5020,2018,Gateshead,E08000037,6610,950,14.372164,17.924528,13.247012,.33970001,.19400001,.824,25.931999,.2735,.221,.77899998
Gateshead,305,1650,920,5455,2019,Gateshead,E08000037,7105,1225,17.241379,18.484848,16.865261,.33970001,.19400001,.824,25.931999,.2735,.221,.77899998
Gateshead,415,1555,1910,6470,2020,Gateshead,E08000037,8025,2325,28.971962,26.688103,29.520866,.33970001,.19400001,.824,25.931999,.2735,.221,.77899998
Gateshead,590,1715,1745,5730,2021,Gateshead,E08000037,7445,2335,31.363331,34.402332,30.453753,.33970001,.19400001,.824,25.931999,.2735,.221,.77899998
Gateshead,540,1710,1905,6335,2022,Gateshead,E08000037,8045,2445,30.391548,31.578947,30.071033,.33970001,.19400001,.824,25.931999,.2735,.221,.77899998
Gateshead,650,1500,1735,5030,2023,Gateshead,E08000037,6530,2385,36.523735,43.333332,34.493042,.33970001,.19400001,.824,25.931999,.2735,.221,.77899998
City of London,15,30,35,100,2014,CityofLondon,E09000001,130,50,38.46154,50,35,.032200001,.082999997,-.68599999,13.602,0,.092,-.85500002
City of London,10,35,30,100,2015,CityofLondon,E09000001,135,40,29.629629,28.571428,30,.032200001,.082999997,-.68599999,13.602,0,.092,-.85500002
City of London,10,40,25,100,2016,CityofLondon,E09000001,140,35,25,25,25,.032200001,.082999997,-.68599999,13.602,0,.092,-.85500002
City of London,,30,10,105,2017,CityofLondon,E09000001,135,,,,9.5238094,.032200001,.082999997,-.68599999,13.602,0,.092,-.85500002
City of London,10,45,5,110,2018,CityofLondon,E09000001,155,15,9.6774197,22.222221,4.5454545,.032200001,.082999997,-.68599999,13.602,0,.092,-.85500002
City of London,,35,,95,2019,CityofLondon,E09000001,130,,,,,.032200001,.082999997,-.68599999,13.602,0,.092,-.85500002
City of London,,45,15,125,2020,CityofLondon,E09000001,170,,,,12,.032200001,.082999997,-.68599999,13.602,0,.092,-.85500002
City of London,,45,,120,2021,CityofLondon,E09000001,165,,,,,.032200001,.082999997,-.68599999,13.602,0,.092,-.85500002
City of London,5,50,15,105,2022,CityofLondon,E09000001,155,20,12.903226,10,14.285714,.032200001,.082999997,-.68599999,13.602,0,.092,-.85500002
City of London,0,25,0,55,2023,CityofLondon,E09000001,80,0,0,0,0,.032200001,.082999997,-.68599999,13.602,0,.092,-.85500002
Barking and Dagenham,125,1890,210,3400,2014,BarkingandDagenham,E09000002,5290,335,6.3327031,6.6137567,6.1764708,.47240001,.26100001,.204,34.634998,.52710003,.27900001,.373
Barking and Dagenham,140,2210,150,3810,2015,BarkingandDagenham,E09000002,6020,290,4.8172755,6.3348417,3.9370079,.47240001,.26100001,.204,34.634998,.52710003,.27900001,.373
Barking and Dagenham,125,2325,125,3985,2016,BarkingandDagenham,E09000002,6310,250,3.9619651,5.3763442,3.1367629,.47240001,.26100001,.204,34.634998,.52710003,.27900001,.373
Barking and Dagenham2,85,2240,60,3810,2017,BarkingandDagenham,E09000002,6050,145,2.3966942,3.7946429,1.5748031,.47240001,.26100001,.204,34.634998,.52710003,.27900001,.373
Barking and Dagenham2,3780,6205,2845,6320,2018,BarkingandDagenham,E09000002,12525,6625,52.894211,60.918613,45.015823,.47240001,.26100001,.204,34.634998,.52710003,.27900001,.373
Barking and Dagenham,3485,6155,2060,5920,2019,BarkingandDagenham,E09000002,12075,5545,45.921326,56.620632,34.797298,.47240001,.26100001,.204,34.634998,.52710003,.27900001,.373
Barking and Dagenham,3950,6405,2110,5010,2020,BarkingandDagenham,E09000002,11415,6060,53.088043,61.67057,42.115768,.47240001,.26100001,.204,34.634998,.52710003,.27900001,.373
Barking and Dagenham,2565,5770,1455,5055,2021,BarkingandDagenham,E09000002,10825,4020,37.136257,44.454071,28.783382,.47240001,.26100001,.204,34.634998,.52710003,.27900001,.373
Barking and Dagenham,2265,4240,1165,3705,2022,BarkingandDagenham,E09000002,7945,3430,43.171806,53.419811,31.443995,.47240001,.26100001,.204,34.634998,.52710003,.27900001,.373
Barking and Dagenham,1315,2575,865,3240,2023,BarkingandDagenham,E09000002,5815,2180,37.48925,51.067963,26.697531,.47240001,.26100001,.204,34.634998,.52710003,.27900001,.373
Barnet,970,2055,3300,5965,2014,Barnet,E09000003,8020,4270,53.241894,47.201946,55.322716,.052299999,.163,-1.074,17.813,.086099997,.177,-.727
Barnet,1285,2445,3520,6010,2015,Barnet,E09000003,8455,4805,56.830276,52.556236,58.56905,.052299999,.163,-1.074,17.813,.086099997,.177,-.727
Barnet5,1125,2145,2755,5070,2016,Barnet,E09000003,7215,3880,53.776855,52.447552,54.339249,.052299999,.163,-1.074,17.813,.086099997,.177,-.727
Barnet,215,1625,625,5515,2017,Barnet,E09000003,7140,840,11.764706,13.230769,11.332729,.052299999,.163,-1.074,17.813,.086099997,.177,-.727
Barnet,1345,2360,2265,6260,2018,Barnet,E09000003,8620,3610,41.879349,56.991524,36.18211,.052299999,.163,-1.074,17.813,.086099997,.177,-.727
Barnet,590,1400,1695,4815,2019,Barnet,E09000003,6215,2285,36.765888,42.142857,35.202492,.052299999,.163,-1.074,17.813,.086099997,.177,-.727
Barnet,625,1440,1345,4425,2020,Barnet,E09000003,5865,1970,33.589088,43.402779,30.395481,.052299999,.163,-1.074,17.813,.086099997,.177,-.727
Barnet,640,1530,1020,4305,2021,Barnet,E09000003,5835,1660,28.449015,41.830067,23.69338,.052299999,.163,-1.074,17.813,.086099997,.177,-.727
Barnet,750,1810,875,4540,2022,Barnet,E09000003,6350,1625,25.590551,41.436462,19.273129,.052299999,.163,-1.074,17.813,.086099997,.177,-.727
Barnet,615,1495,1010,4455,2023,Barnet,E09000003,5950,1625,27.310925,41.137123,22.671156,.052299999,.163,-1.074,17.813,.086099997,.177,-.727
Bexley,535,2360,2815,6455,2014,Bexley,E09000004,8815,3350,38.003403,22.669491,43.609604,.075499997,.109,-.56099999,16.17,.070900001,.122,-.639
Bexley,745,2470,2755,6975,2015,Bexley,E09000004,9445,3500,37.056644,30.161943,39.498207,.075499997,.109,-.56099999,16.17,.070900001,.122,-.639
Bexley,495,2745,2160,6435,2016,Bexley,E09000004,9180,2655,28.921568,18.032787,33.566433,.075499997,.109,-.56099999,16.17,.070900001,.122,-.639
Bexley,355,2400,1285,6075,2017,Bexley,E09000004,8475,1640,19.351032,14.791667,21.152264,.075499997,.109,-.56099999,16.17,.070900001,.122,-.639
Bexley,750,2565,2060,5675,2018,Bexley,E09000004,8240,2810,34.10194,29.239765,36.299561,.075499997,.109,-.56099999,16.17,.070900001,.122,-.639
Bexley,985,2125,2765,6655,2019,Bexley,E09000004,8780,3750,42.710705,46.35294,41.547707,.075499997,.109,-.56099999,16.17,.070900001,.122,-.639
Bexley,700,2710,2560,6285,2020,Bexley,E09000004,8995,3260,36.242355,25.830257,40.731903,.075499997,.109,-.56099999,16.17,.070900001,.122,-.639
Bexley,710,2860,3515,8115,2021,Bexley,E09000004,10975,4225,38.496582,24.825174,43.31485,.075499997,.109,-.56099999,16.17,.070900001,.122,-.639
Bexley,645,3130,1470,7285,2022,Bexley,E09000004,10415,2115,20.307249,20.607029,20.17845,.075499997,.109,-.56099999,16.17,.070900001,.122,-.639
Bexley,1080,3635,1065,8525,2023,Bexley,E09000004,12160,2145,17.639803,29.711142,12.492668,.075499997,.109,-.56099999,16.17,.070900001,.122,-.639
Brent,1520,2060,2905,4365,2014,Brent,E09000005,6425,4425,68.871597,73.786407,66.552116,.20739999,.25799999,-.45300001,26.655001,.2296,.28,-.227
Brent,635,1940,1520,4805,2015,Brent,E09000005,6745,2155,31.949593,32.73196,31.633715,.20739999,.25799999,-.45300001,26.655001,.2296,.28,-.227
Brent,200,2070,675,4725,2016,Brent,E09000005,6795,875,12.877115,9.6618357,14.285714,.20739999,.25799999,-.45300001,26.655001,.2296,.28,-.227
Brent,595,1350,2195,4665,2017,Brent,E09000005,6015,2790,46.384041,44.074074,47.052517,.20739999,.25799999,-.45300001,26.655001,.2296,.28,-.227
Brent,490,1265,2410,5295,2018,Brent,E09000005,6560,2900,44.207317,38.735176,45.514637,.20739999,.25799999,-.45300001,26.655001,.2296,.28,-.227
Brent,535,1305,1960,4860,2019,Brent,E09000005,6165,2495,40.470398,40.99617,40.32922,.20739999,.25799999,-.45300001,26.655001,.2296,.28,-.227
Brent,270,1780,690,5440,2020,Brent,E09000005,7220,960,13.296399,15.168539,12.683824,.20739999,.25799999,-.45300001,26.655001,.2296,.28,-.227
Brent,525,1575,1085,4065,2021,Brent,E09000005,5640,1610,28.546099,33.333332,26.691267,.20739999,.25799999,-.45300001,26.655001,.2296,.28,-.227
Brent,325,1525,745,4060,2022,Brent,E09000005,5585,1070,19.158461,21.311476,18.349754,.20739999,.25799999,-.45300001,26.655001,.2296,.28,-.227
Brent,560,1900,1145,4465,2023,Brent,E09000005,6365,1705,26.787117,29.473684,25.643896,.20739999,.25799999,-.45300001,26.655001,.2296,.28,-.227
Bromley,230,420,1900,3205,2014,Bromley,E09000006,3625,2130,58.758621,54.761906,59.282372,.073399998,.101,-.90799999,15.164,.0986,.113,-.77899998
Bromley,220,450,1805,3440,2015,Bromley,E09000006,3890,2025,52.056557,48.888889,52.470932,.073399998,.101,-.90799999,15.164,.0986,.113,-.77899998
Bromley,300,1450,2215,4005,2016,Bromley,E09000006,5455,2515,46.104492,20.689655,55.305866,.073399998,.101,-.90799999,15.164,.0986,.113,-.77899998
Bromley,395,1395,2335,3640,2017,Bromley,E09000006,5035,2730,54.220455,28.315413,64.148354,.073399998,.101,-.90799999,15.164,.0986,.113,-.77899998
Bromley,485,1470,2215,5035,2018,Bromley,E09000006,6505,2700,41.506535,32.993198,43.992054,.073399998,.101,-.90799999,15.164,.0986,.113,-.77899998
Bromley,385,1305,1325,4435,2019,Bromley,E09000006,5740,1710,29.790941,29.501915,29.875986,.073399998,.101,-.90799999,15.164,.0986,.113,-.77899998
Bromley,425,2410,1080,4710,2020,Bromley,E09000006,7120,1505,21.13764,17.634855,22.929935,.073399998,.101,-.90799999,15.164,.0986,.113,-.77899998
Bromley,725,2565,1700,4325,2021,Bromley,E09000006,6890,2425,35.195934,28.265108,39.306358,.073399998,.101,-.90799999,15.164,.0986,.113,-.77899998
Bromley,920,3435,1755,4235,2022,Bromley,E09000006,7670,2675,34.876141,26.783115,41.440376,.073399998,.101,-.90799999,15.164,.0986,.113,-.77899998
Bromley,560,3880,1510,4445,2023,Bromley,E09000006,8325,2070,24.864864,14.43299,33.970753,.073399998,.101,-.90799999,15.164,.0986,.113,-.77899998
Camden,455,1430,255,1690,2014,Camden,E09000007,3120,710,22.756411,31.818182,15.088758,.13789999,.23199999,-.55599999,24.959,.25299999,.25400001,-.023
Camden,460,1505,285,1985,2015,Camden,E09000007,3490,745,21.346704,30.564785,14.357682,.13789999,.23199999,-.55599999,24.959,.25299999,.25400001,-.023
Camden,225,930,145,1605,2016,Camden,E09000007,2535,370,14.595661,24.193548,9.0342684,.13789999,.23199999,-.55599999,24.959,.25299999,.25400001,-.023
Camden,130,500,105,995,2017,Camden,E09000007,1495,235,15.719064,26,10.552764,.13789999,.23199999,-.55599999,24.959,.25299999,.25400001,-.023
Camden,75,740,180,1630,2018,Camden,E09000007,2370,255,10.759494,10.135135,11.042945,.13789999,.23199999,-.55599999,24.959,.25299999,.25400001,-.023
Camden,,570,,1650,2019,Camden,E09000007,2220,,,,,.13789999,.23199999,-.55599999,24.959,.25299999,.25400001,-.023
Camden,80,890,120,1890,2020,Camden,E09000007,2780,200,7.1942444,8.9887638,6.3492064,.13789999,.23199999,-.55599999,24.959,.25299999,.25400001,-.023
Camden,80,870,155,2125,2021,Camden,E09000007,2995,235,7.8464108,9.1954021,7.2941175,.13789999,.23199999,-.55599999,24.959,.25299999,.25400001,-.023
Camden,110,1040,250,2670,2022,Camden,E09000007,3710,360,9.7035036,10.576923,9.3632956,.13789999,.23199999,-.55599999,24.959,.25299999,.25400001,-.023
Camden,430,1205,760,2820,2023,Camden,E09000007,4025,1190,29.565218,35.684647,26.950356,.13789999,.23199999,-.55599999,24.959,.25299999,.25400001,-.023
Croydon,305,700,825,2070,2014,Croydon,E09000008,2770,1130,40.794224,43.57143,39.855072,.18970001,.156,-.17399999,23.643,.2138,.17,-.134
Croydon,910,1545,1900,4365,2015,Croydon,E09000008,5910,2810,47.546532,58.899677,43.528065,.18970001,.156,-.17399999,23.643,.2138,.17,-.134
Croydon,95,1505,275,3840,2016,Croydon,E09000008,5345,370,6.9223576,6.3122926,7.1614585,.18970001,.156,-.17399999,23.643,.2138,.17,-.134
Croydon,80,2185,270,4760,2017,Croydon,E09000008,6945,350,5.039597,3.6613271,5.6722689,.18970001,.156,-.17399999,23.643,.2138,.17,-.134
Croydon,55,2885,155,4460,2018,Croydon,E09000008,7345,210,2.8590877,1.9064125,3.4753363,.18970001,.156,-.17399999,23.643,.2138,.17,-.134
Croydon,275,2290,265,5055,2019,Croydon,E09000008,7345,540,7.3519402,12.008734,5.2423344,.18970001,.156,-.17399999,23.643,.2138,.17,-.134
Croydon,2090,6375,1225,3920,2020,Croydon,E09000008,10295,3315,32.200096,32.784313,31.25,.18970001,.156,-.17399999,23.643,.2138,.17,-.134
Croydon,4530,7925,1885,4350,2021,Croydon,E09000008,12275,6415,52.260693,57.160885,43.333332,.18970001,.156,-.17399999,23.643,.2138,.17,-.134
Croydon,5715,8085,2190,5175,2022,Croydon,E09000008,13260,7905,59.615383,70.686455,42.31884,.18970001,.156,-.17399999,23.643,.2138,.17,-.134
Croydon,6070,8130,2225,5360,2023,Croydon,E09000008,13490,8295,61.489994,74.661743,41.511192,.18970001,.156,-.17399999,23.643,.2138,.17,-.134
Ealing,665,1680,965,2875,2014,Ealing,E09000009,4555,1630,35.784851,39.583332,33.565216,.163,.223,-.32600001,23.584999,.19490001,.23800001,-.067000002
Ealing,330,1460,895,3875,2015,Ealing,E09000009,5335,1225,22.961575,22.602739,23.096775,.163,.223,-.32600001,23.584999,.19490001,.23800001,-.067000002
Ealing,425,1450,1145,4000,2016,Ealing,E09000009,5450,1570,28.807339,29.310345,28.625,.163,.223,-.32600001,23.584999,.19490001,.23800001,-.067000002
Ealing,220,1010,745,3190,2017,Ealing,E09000009,4200,965,22.976191,21.782179,23.354233,.163,.223,-.32600001,23.584999,.19490001,.23800001,-.067000002
Ealing,310,885,1465,3755,2018,Ealing,E09000009,4640,1775,38.254311,35.028248,39.014648,.163,.223,-.32600001,23.584999,.19490001,.23800001,-.067000002
Ealing,365,1220,1000,3510,2019,Ealing,E09000009,4730,1365,28.858351,29.918034,28.490028,.163,.223,-.32600001,23.584999,.19490001,.23800001,-.067000002
Ealing,225,1810,430,4265,2020,Ealing,E09000009,6075,655,10.781893,12.43094,10.082064,.163,.223,-.32600001,23.584999,.19490001,.23800001,-.067000002
Ealing,475,1920,1000,5100,2021,Ealing,E09000009,7020,1475,21.011396,24.739584,19.607843,.163,.223,-.32600001,23.584999,.19490001,.23800001,-.067000002
Ealing,620,1670,1080,4040,2022,Ealing,E09000009,5710,1700,29.772329,37.125748,26.732674,.163,.223,-.32600001,23.584999,.19490001,.23800001,-.067000002
Ealing,0,6285,0,6680,2023,Ealing,E09000009,12965,0,0,0,0,.163,.223,-.32600001,23.584999,.19490001,.23800001,-.067000002
Enfield,180,620,410,2340,2014,Enfield,E09000010,2960,590,19.932432,29.032259,17.521368,.2942,.20999999,-.53500003,26.993999,.31959999,.219,-.31900001
Enfield,30,825,290,3215,2015,Enfield,E09000010,4040,320,7.9207921,3.6363637,9.0202179,.2942,.20999999,-.53500003,26.993999,.31959999,.219,-.31900001
Enfield,695,1120,1720,3305,2016,Enfield,E09000010,4425,2415,54.576271,62.05357,52.042358,.2942,.20999999,-.53500003,26.993999,.31959999,.219,-.31900001
Enfield,425,845,805,2500,2017,Enfield,E09000010,3345,1230,36.771301,50.295856,32.200001,.2942,.20999999,-.53500003,26.993999,.31959999,.219,-.31900001
Enfield,170,770,425,2180,2018,Enfield,E09000010,2950,595,20.169491,22.077923,19.495413,.2942,.20999999,-.53500003,26.993999,.31959999,.219,-.31900001
Enfield,265,940,745,3005,2019,Enfield,E09000010,3945,1010,25.602028,28.19149,24.792013,.2942,.20999999,-.53500003,26.993999,.31959999,.219,-.31900001
Enfield,310,920,640,2355,2020,Enfield,E09000010,3275,950,29.007633,33.695652,27.17622,.2942,.20999999,-.53500003,26.993999,.31959999,.219,-.31900001
Enfield,355,1280,790,3380,2021,Enfield,E09000010,4660,1145,24.570816,27.734375,23.372782,.2942,.20999999,-.53500003,26.993999,.31959999,.219,-.31900001
Enfield,380,1335,895,4175,2022,Enfield,E09000010,5510,1275,23.139746,28.46442,21.437126,.2942,.20999999,-.53500003,26.993999,.31959999,.219,-.31900001
Enfield,325,1405,775,4245,2023,Enfield,E09000010,5650,1100,19.469027,23.131672,18.256773,.2942,.20999999,-.53500003,26.993999,.31959999,.219,-.31900001
Greenwich,1230,3380,720,3170,2014,Greenwich,E09000011,6550,1950,29.770992,36.390533,22.712934,.2017,.234,-.021,25.544001,.2287,.245,.15000001
Greenwich,1065,3745,705,3280,2015,Greenwich,E09000011,7025,1770,25.19573,28.437918,21.493902,.2017,.234,-.021,25.544001,.2287,.245,.15000001
Greenwich,995,3120,575,2885,2016,Greenwich,E09000011,6005,1570,26.144878,31.891026,19.930676,.2017,.234,-.021,25.544001,.2287,.245,.15000001
Greenwich,635,2225,730,3050,2017,Greenwich,E09000011,5275,1365,25.876778,28.539326,23.934425,.2017,.234,-.021,25.544001,.2287,.245,.15000001
Greenwich,495,2455,1020,3510,2018,Greenwich,E09000011,5965,1515,25.398155,20.162933,29.05983,.2017,.234,-.021,25.544001,.2287,.245,.15000001
Greenwich,245,3615,500,3355,2019,Greenwich,E09000011,6970,745,10.688665,6.7773166,14.90313,.2017,.234,-.021,25.544001,.2287,.245,.15000001
Greenwich,325,4955,380,3450,2020,Greenwich,E09000011,8405,705,8.3878641,6.5590315,11.014493,.2017,.234,-.021,25.544001,.2287,.245,.15000001
Greenwich,270,5655,355,4085,2021,Greenwich,E09000011,9740,625,6.4168377,4.7745357,8.6903305,.2017,.234,-.021,25.544001,.2287,.245,.15000001
Greenwich,265,6070,345,4380,2022,Greenwich,E09000011,10450,610,5.8373208,4.3657331,7.8767123,.2017,.234,-.021,25.544001,.2287,.245,.15000001
Greenwich,220,7330,360,4660,2023,Greenwich,E09000011,11990,580,4.8373647,3.0013642,7.7253218,.2017,.234,-.021,25.544001,.2287,.245,.15000001
Hackney,655,2350,650,2340,2014,Hackney,E09000012,4690,1305,27.825159,27.872341,27.777779,.43189999,.40700001,.37099999,35.279999,.51550001,.43099999,.50199997
Hackney,370,2790,685,2930,2015,Hackney,E09000012,5720,1055,18.444056,13.261649,23.378839,.43189999,.40700001,.37099999,35.279999,.51550001,.43099999,.50199997
Hackney,380,4370,585,3190,2016,Hackney,E09000012,7560,965,12.76455,8.695652,18.338558,.43189999,.40700001,.37099999,35.279999,.51550001,.43099999,.50199997
Hackney,495,4180,675,3370,2017,Hackney,E09000012,7550,1170,15.496689,11.842105,20.029675,.43189999,.40700001,.37099999,35.279999,.51550001,.43099999,.50199997
Hackney,525,4065,505,2910,2018,Hackney,E09000012,6975,1030,14.767025,12.915129,17.353952,.43189999,.40700001,.37099999,35.279999,.51550001,.43099999,.50199997
Hackney,465,3880,540,2675,2019,Hackney,E09000012,6555,1005,15.331808,11.984536,20.186916,.43189999,.40700001,.37099999,35.279999,.51550001,.43099999,.50199997
Hackney,,,,,2020,Hackney,E09000012,,,,,,.43189999,.40700001,.37099999,35.279999,.51550001,.43099999,.50199997
Hackney,,,,,2021,Hackney,E09000012,,,,,,.43189999,.40700001,.37099999,35.279999,.51550001,.43099999,.50199997
Hackney,,,,,2022,Hackney,E09000012,,,,,,.43189999,.40700001,.37099999,35.279999,.51550001,.43099999,.50199997
Hammersmith and Fulham,55,335,145,1290,2014,HammersmithandFulham,E09000013,1625,200,12.307693,16.41791,11.24031,.1644,.25600001,-.050000001,24.362,.2133,.27500001,.223
Hammersmith and Fulham,290,860,745,2400,2015,HammersmithandFulham,E09000013,3260,1035,31.748466,33.720932,31.041666,.1644,.25600001,-.050000001,24.362,.2133,.27500001,.223
Hammersmith and Fulham,250,1005,380,2180,2016,HammersmithandFulham,E09000013,3185,630,19.78022,24.875622,17.431192,.1644,.25600001,-.050000001,24.362,.2133,.27500001,.223
Hammersmith and Fulham,440,1085,470,2040,2017,HammersmithandFulham,E09000013,3125,910,29.120001,40.552994,23.039215,.1644,.25600001,-.050000001,24.362,.2133,.27500001,.223
Hammersmith and Fulham,205,945,400,2045,2018,HammersmithandFulham,E09000013,2990,605,20.234114,21.693121,19.559902,.1644,.25600001,-.050000001,24.362,.2133,.27500001,.223
Hammersmith and Fulham,,875,,2030,2019,HammersmithandFulham,E09000013,2905,,,,,.1644,.25600001,-.050000001,24.362,.2133,.27500001,.223
Hammersmith and Fulham,,800,,2260,2020,HammersmithandFulham,E09000013,3060,,,,,.1644,.25600001,-.050000001,24.362,.2133,.27500001,.223
Hammersmith and Fulham,,935,,2300,2021,HammersmithandFulham,E09000013,3235,,,,,.1644,.25600001,-.050000001,24.362,.2133,.27500001,.223
Hammersmith and Fulham,235,620,270,1320,2022,HammersmithandFulham,E09000013,1940,505,26.030928,37.903225,20.454546,.1644,.25600001,-.050000001,24.362,.2133,.27500001,.223
Hammersmith and Fulham,205,600,375,1800,2023,HammersmithandFulham,E09000013,2400,580,24.166666,34.166668,20.833334,.1644,.25600001,-.050000001,24.362,.2133,.27500001,.223
Haringey,810,1150,1455,2610,2014,Haringey,E09000014,3760,2265,60.239361,70.434784,55.747128,.32100001,.29899999,-.12800001,31.042999,.41339999,.31799999,.097999997
Haringey,335,805,1160,2630,2015,Haringey,E09000014,3435,1495,43.52256,41.614906,44.106464,.32100001,.29899999,-.12800001,31.042999,.41339999,.31799999,.097999997
Haringey3,460,1090,875,2255,2016,Haringey,E09000014,3345,1335,39.910313,42.201836,38.802662,.32100001,.29899999,-.12800001,31.042999,.41339999,.31799999,.097999997
Haringey,355,1285,780,2755,2017,Haringey,E09000014,4040,1135,28.094059,27.626459,28.31216,.32100001,.29899999,-.12800001,31.042999,.41339999,.31799999,.097999997
Haringey,360,1050,735,2600,2018,Haringey,E09000014,3650,1095,30,34.285713,28.26923,.32100001,.29899999,-.12800001,31.042999,.41339999,.31799999,.097999997
Haringey,265,780,490,2290,2019,Haringey,E09000014,3070,755,24.592834,33.974358,21.397381,.32100001,.29899999,-.12800001,31.042999,.41339999,.31799999,.097999997
Haringey,205,1040,350,2995,2020,Haringey,E09000014,4035,555,13.754647,19.711538,11.686144,.32100001,.29899999,-.12800001,31.042999,.41339999,.31799999,.097999997
Haringey,310,1160,500,2765,2021,Haringey,E09000014,3925,810,20.636942,26.724138,18.083183,.32100001,.29899999,-.12800001,31.042999,.41339999,.31799999,.097999997
Haringey,250,930,450,3145,2022,Haringey,E09000014,4075,700,17.177914,26.88172,14.308426,.32100001,.29899999,-.12800001,31.042999,.41339999,.31799999,.097999997
Haringey,55,1300,90,2080,2023,Haringey,E09000014,3380,145,4.2899408,4.2307692,4.3269229,.32100001,.29899999,-.12800001,31.042999,.41339999,.31799999,.097999997
Harrow,1275,4150,1705,6475,2014,Harrow,E09000015,10625,2980,28.047058,30.722891,26.332047,.026799999,.17299999,-1.04,14.302,.024499999,.18799999,-.796
Harrow,1375,3765,2065,6010,2015,Harrow,E09000015,9775,3440,35.191814,36.520584,34.359402,.026799999,.17299999,-1.04,14.302,.024499999,.18799999,-.796
Harrow,1050,3285,2080,6240,2016,Harrow,E09000015,9525,3130,32.860893,31.96347,33.333332,.026799999,.17299999,-1.04,14.302,.024499999,.18799999,-.796
Harrow,1065,2745,1645,4360,2017,Harrow,E09000015,7105,2710,38.142155,38.797813,37.729359,.026799999,.17299999,-1.04,14.302,.024499999,.18799999,-.796
Harrow,1375,3245,2045,4980,2018,Harrow,E09000015,8225,3420,41.580547,42.372883,41.064259,.026799999,.17299999,-1.04,14.302,.024499999,.18799999,-.796
Harrow,1300,2725,2290,4980,2019,Harrow,E09000015,7705,3590,46.593121,47.706421,45.983936,.026799999,.17299999,-1.04,14.302,.024499999,.18799999,-.796
Harrow,1410,3515,1835,4470,2020,Harrow,E09000015,7985,3245,40.638699,40.113796,41.051453,.026799999,.17299999,-1.04,14.302,.024499999,.18799999,-.796
Harrow,1950,3845,2400,5375,2021,Harrow,E09000015,9220,4350,47.180042,50.715214,44.651161,.026799999,.17299999,-1.04,14.302,.024499999,.18799999,-.796
Harrow,2405,4220,2680,5375,2022,Harrow,E09000015,9595,5085,52.996353,56.99052,49.860466,.026799999,.17299999,-1.04,14.302,.024499999,.18799999,-.796
Harrow,880,1690,1975,4840,2023,Harrow,E09000015,6530,2855,43.721287,52.071007,40.805786,.026799999,.17299999,-1.04,14.302,.024499999,.18799999,-.796
Havering,395,930,1395,5120,2014,Havering,E09000016,6050,1790,29.586777,42.473118,27.246094,.0814,.117,-.53799999,17.875999,.1003,.13500001,-.35699999
Havering,485,1055,1605,5265,2015,Havering,E09000016,6320,2090,33.069622,45.971565,30.484331,.0814,.117,-.53799999,17.875999,.1003,.13500001,-.35699999
Havering,695,1160,2255,5545,2016,Havering,E09000016,6705,2950,43.997017,59.913792,40.667267,.0814,.117,-.53799999,17.875999,.1003,.13500001,-.35699999
Havering,470,1050,2200,5720,2017,Havering,E09000016,6770,2670,39.438702,44.761906,38.46154,.0814,.117,-.53799999,17.875999,.1003,.13500001,-.35699999
Havering,560,1160,1615,5630,2018,Havering,E09000016,6790,2175,32.032402,48.275864,28.685614,.0814,.117,-.53799999,17.875999,.1003,.13500001,-.35699999
Havering,610,1210,1505,5610,2019,Havering,E09000016,6820,2115,31.01173,50.413223,26.827095,.0814,.117,-.53799999,17.875999,.1003,.13500001,-.35699999
Havering,520,1275,1435,4835,2020,Havering,E09000016,6110,1955,31.996727,40.784313,29.67942,.0814,.117,-.53799999,17.875999,.1003,.13500001,-.35699999
Havering,420,1290,1295,5055,2021,Havering,E09000016,6345,1715,27.029158,32.55814,25.6182,.0814,.117,-.53799999,17.875999,.1003,.13500001,-.35699999
Havering,585,1520,1380,4825,2022,Havering,E09000016,6345,1965,30.969267,38.486843,28.601036,.0814,.117,-.53799999,17.875999,.1003,.13500001,-.35699999
Havering,555,1415,1575,4930,2023,Havering,E09000016,6345,2130,33.56974,39.222614,31.947262,.0814,.117,-.53799999,17.875999,.1003,.13500001,-.35699999
Hillingdon,1570,3000,3730,7400,2014,Hillingdon,E09000017,10400,5300,50.96154,52.333332,50.405407,.069200002,.145,-.37900001,18.108,.074100003,.15700001,-.248
Hillingdon,225,375,640,1190,2015,Hillingdon,E09000017,1565,865,55.271564,60,53.781513,.069200002,.145,-.37900001,18.108,.074100003,.15700001,-.248
Hillingdon,460,965,1000,2390,2016,Hillingdon,E09000017,3355,1460,43.517139,47.668392,41.841003,.069200002,.145,-.37900001,18.108,.074100003,.15700001,-.248
Hillingdon,755,1535,2150,4950,2017,Hillingdon,E09000017,6485,2905,44.795681,49.185669,43.434345,.069200002,.145,-.37900001,18.108,.074100003,.15700001,-.248
Hillingdon,825,1720,1935,4900,2018,Hillingdon,E09000017,6620,2760,41.691841,47.965115,39.489796,.069200002,.145,-.37900001,18.108,.074100003,.15700001,-.248
Hillingdon,1155,2115,1945,4890,2019,Hillingdon,E09000017,7005,3100,44.254105,54.609928,39.775051,.069200002,.145,-.37900001,18.108,.074100003,.15700001,-.248
Hillingdon,1805,3135,2045,4765,2020,Hillingdon,E09000017,7900,3850,48.734177,57.575756,42.917103,.069200002,.145,-.37900001,18.108,.074100003,.15700001,-.248
Hillingdon,2020,3220,2760,5860,2021,Hillingdon,E09000017,9080,4780,52.643173,62.732918,47.098976,.069200002,.145,-.37900001,18.108,.074100003,.15700001,-.248
Hillingdon,1720,2950,2855,6070,2022,Hillingdon,E09000017,9020,4575,50.720619,58.305084,47.034595,.069200002,.145,-.37900001,18.108,.074100003,.15700001,-.248
Hillingdon,1315,2365,2055,5225,2023,Hillingdon,E09000017,7590,3370,44.400528,55.602535,39.330143,.069200002,.145,-.37900001,18.108,.074100003,.15700001,-.248
Hounslow,305,585,925,2225,2014,Hounslow,E09000018,2810,1230,43.772243,52.136753,41.573032,.089000002,.197,-.27000001,22.469,.114,.20900001,-.183
Hounslow,425,1195,845,2510,2015,Hounslow,E09000018,3705,1270,34.278004,35.564854,33.66534,.089000002,.197,-.27000001,22.469,.114,.20900001,-.183
Hounslow,495,1580,930,3060,2016,Hounslow,E09000018,4640,1425,30.711206,31.329113,30.392157,.089000002,.197,-.27000001,22.469,.114,.20900001,-.183
Hounslow,620,1670,1285,4520,2017,Hounslow,E09000018,6190,1905,30.775444,37.125748,28.429203,.089000002,.197,-.27000001,22.469,.114,.20900001,-.183
Hounslow2,835,1925,1475,4845,2018,Hounslow,E09000018,6770,2310,34.121124,43.376625,30.443756,.089000002,.197,-.27000001,22.469,.114,.20900001,-.183
Hounslow,805,2190,1555,5475,2019,Hounslow,E09000018,7665,2360,30.789303,36.757992,28.401827,.089000002,.197,-.27000001,22.469,.114,.20900001,-.183
Hounslow,1445,2255,1210,3350,2020,Hounslow,E09000018,5605,2655,47.36842,64.079826,36.119404,.089000002,.197,-.27000001,22.469,.114,.20900001,-.183
Hounslow,810,1460,1230,3195,2021,Hounslow,E09000018,4655,2040,43.823845,55.47945,38.497654,.089000002,.197,-.27000001,22.469,.114,.20900001,-.183
Hounslow,530,1290,1185,3720,2022,Hounslow,E09000018,5010,1715,34.231537,41.08527,31.854839,.089000002,.197,-.27000001,22.469,.114,.20900001,-.183
Hounslow,680,1550,1475,4100,2023,Hounslow,E09000018,5650,2155,38.141594,43.870968,35.975609,.089000002,.197,-.27000001,22.469,.114,.20900001,-.183
Islington,1670,2435,1155,2670,2014,Islington,E09000019,5105,2825,55.337906,68.58316,43.258427,.2705,.336,.27399999,32.534,.41859999,.361,.51899999
Islington,1195,2095,1075,3160,2015,Islington,E09000019,5255,2270,43.196957,57.040573,34.018986,.2705,.336,.27399999,32.534,.41859999,.361,.51899999
Islington,3460,5550,3640,7490,2016,Islington,E09000019,13040,7100,54.447853,62.342342,48.598129,.2705,.336,.27399999,32.534,.41859999,.361,.51899999
Islington,2135,5065,2705,6725,2017,Islington,E09000019,11790,4840,41.051739,42.152023,40.223049,.2705,.336,.27399999,32.534,.41859999,.361,.51899999
Islington2,1155,3330,1670,3820,2018,Islington,E09000019,7150,2825,39.51049,34.684685,43.717278,.2705,.336,.27399999,32.534,.41859999,.361,.51899999
Islington,1160,2630,1240,3590,2019,Islington,E09000019,6220,2400,38.585209,44.106464,34.54039,.2705,.336,.27399999,32.534,.41859999,.361,.51899999
Islington,2555,4165,1235,3215,2020,Islington,E09000019,7380,3790,51.355015,61.34454,38.413685,.2705,.336,.27399999,32.534,.41859999,.361,.51899999
Islington,1005,1605,1645,3125,2021,Islington,E09000019,4730,2650,56.025372,62.616821,52.639999,.2705,.336,.27399999,32.534,.41859999,.361,.51899999
Islington,1245,1880,1765,2990,2022,Islington,E09000019,4870,3010,61.80698,66.223404,59.030102,.2705,.336,.27399999,32.534,.41859999,.361,.51899999
Islington,1700,2245,2265,3565,2023,Islington,E09000019,5810,3965,68.244408,75.723831,63.534363,.2705,.336,.27399999,32.534,.41859999,.361,.51899999
Kensington and Chelsea,740,1075,625,1425,2014,KensingtonandChelsea,E09000020,2500,1365,54.599998,68.837212,43.85965,.19850001,.199,-1.243,23.375999,.22059999,.21600001,-.87300003
Kensington and Chelsea,1030,2115,560,2055,2015,KensingtonandChelsea,E09000020,4170,1590,38.129498,48.699764,27.250608,.19850001,.199,-1.243,23.375999,.22059999,.21600001,-.87300003
Kensington and Chelsea,255,1260,360,1910,2016,KensingtonandChelsea,E09000020,3170,615,19.400631,20.238094,18.848167,.19850001,.199,-1.243,23.375999,.22059999,.21600001,-.87300003
Kensington and Chelsea,425,1285,685,2290,2017,KensingtonandChelsea,E09000020,3575,1110,31.04895,33.073929,29.912664,.19850001,.199,-1.243,23.375999,.22059999,.21600001,-.87300003
Kensington and Chelsea,230,965,550,2425,2018,KensingtonandChelsea,E09000020,3390,780,23.00885,23.834196,22.680412,.19850001,.199,-1.243,23.375999,.22059999,.21600001,-.87300003
Kensington and Chelsea,195,820,475,2290,2019,KensingtonandChelsea,E09000020,3110,670,21.543407,23.780487,20.742357,.19850001,.199,-1.243,23.375999,.22059999,.21600001,-.87300003
Kensington and Chelsea,150,750,300,1980,2020,KensingtonandChelsea,E09000020,2730,450,16.483517,20,15.151515,.19850001,.199,-1.243,23.375999,.22059999,.21600001,-.87300003
Kensington and Chelsea,125,760,190,1895,2021,KensingtonandChelsea,E09000020,2655,315,11.864407,16.447369,10.026385,.19850001,.199,-1.243,23.375999,.22059999,.21600001,-.87300003
Kensington and Chelsea,200,1005,330,2295,2022,KensingtonandChelsea,E09000020,3300,530,16.060606,19.900497,14.379085,.19850001,.199,-1.243,23.375999,.22059999,.21600001,-.87300003
Kensington and Chelsea,185,1110,285,2395,2023,KensingtonandChelsea,E09000020,3505,470,13.409415,16.666666,11.899791,.19850001,.199,-1.243,23.375999,.22059999,.21600001,-.87300003
Kingston upon Thames,265,885,1145,3740,2014,KingstonuponThames,E09000021,4625,1410,30.486486,29.943502,30.614973,.0122,.117,-.963,11.125,.0132,.127,-1.104
Kingston upon Thames,65,895,350,3685,2015,KingstonuponThames,E09000021,4580,415,9.0611353,7.2625699,9.4979649,.0122,.117,-.963,11.125,.0132,.127,-1.104
Kingston upon Thames,245,690,950,2965,2016,KingstonuponThames,E09000021,3655,1195,32.694939,35.507248,32.040474,.0122,.117,-.963,11.125,.0132,.127,-1.104
Kingston upon Thames,240,715,780,2765,2017,KingstonuponThames,E09000021,3480,1020,29.310345,33.566433,28.209764,.0122,.117,-.963,11.125,.0132,.127,-1.104
Kingston upon Thames,325,845,825,2820,2018,KingstonuponThames,E09000021,3665,1150,31.377899,38.46154,29.25532,.0122,.117,-.963,11.125,.0132,.127,-1.104
Kingston upon Thames,430,930,1125,2905,2019,KingstonuponThames,E09000021,3835,1555,40.547588,46.236561,38.726334,.0122,.117,-.963,11.125,.0132,.127,-1.104
Kingston upon Thames,495,1145,900,2895,2020,KingstonuponThames,E09000021,4040,1395,34.529701,43.231441,31.088083,.0122,.117,-.963,11.125,.0132,.127,-1.104
Kingston upon Thames,430,1320,655,3010,2021,KingstonuponThames,E09000021,4330,1085,25.057737,32.575756,21.760798,.0122,.117,-.963,11.125,.0132,.127,-1.104
Kingston upon Thames,865,1545,2235,3755,2022,KingstonuponThames,E09000021,5300,3100,58.490566,55.987057,59.520638,.0122,.117,-.963,11.125,.0132,.127,-1.104
Kingston upon Thames,850,1415,1640,3640,2023,KingstonuponThames,E09000021,5055,2490,49.25816,60.070671,45.054947,.0122,.117,-.963,11.125,.0132,.127,-1.104
Lambeth,1715,2485,2955,4395,2014,Lambeth,E09000022,6880,4670,67.877907,69.014084,67.235497,.19490001,.30199999,.148,28.913,.30689999,.33199999,.199
Lambeth,3165,3450,3445,4670,2015,Lambeth,E09000022,8120,6610,81.403938,91.739128,73.768738,.19490001,.30199999,.148,28.913,.30689999,.33199999,.199
Lambeth,2380,3130,3115,5005,2016,Lambeth,E09000022,8135,5495,67.54763,76.038338,62.237762,.19490001,.30199999,.148,28.913,.30689999,.33199999,.199
Lambeth,1665,2210,2795,4200,2017,Lambeth,E09000022,6410,4460,69.578781,75.339363,66.547623,.19490001,.30199999,.148,28.913,.30689999,.33199999,.199
Lambeth,1485,3255,1745,3865,2018,Lambeth,E09000022,7120,3230,45.36517,45.62212,45.148769,.19490001,.30199999,.148,28.913,.30689999,.33199999,.199
Lambeth,2905,4440,830,3125,2019,Lambeth,E09000022,7565,3735,49.372108,65.427925,26.559999,.19490001,.30199999,.148,28.913,.30689999,.33199999,.199
Lambeth,2320,4505,535,3170,2020,Lambeth,E09000022,7675,2855,37.198696,51.498337,16.876972,.19490001,.30199999,.148,28.913,.30689999,.33199999,.199
Lambeth,590,4120,465,3200,2021,Lambeth,E09000022,7320,1055,14.412568,14.320389,14.53125,.19490001,.30199999,.148,28.913,.30689999,.33199999,.199
Lambeth,860,3085,1180,3905,2022,Lambeth,E09000022,6990,2040,29.184549,27.876823,30.21767,.19490001,.30199999,.148,28.913,.30689999,.33199999,.199
Lambeth,830,2930,440,3770,2023,Lambeth,E09000022,6700,1270,18.955223,28.327644,11.671087,.19490001,.30199999,.148,28.913,.30689999,.33199999,.199
Lewisham,1255,2970,2135,6490,2014,Lewisham,E09000023,9460,3390,35.835094,42.255894,32.896763,.2464,.23999999,.067000002,28.591,.3141,.257,.207
Lewisham,655,3295,910,5685,2015,Lewisham,E09000023,8980,1565,17.427616,19.878605,16.007036,.2464,.23999999,.067000002,28.591,.3141,.257,.207
Lewisham,1640,4290,2145,6275,2016,Lewisham,E09000023,10565,3785,35.82584,38.228439,34.183266,.2464,.23999999,.067000002,28.591,.3141,.257,.207
Lewisham,1155,2865,1505,5160,2017,Lewisham,E09000023,8025,2660,33.146416,40.314137,29.166666,.2464,.23999999,.067000002,28.591,.3141,.257,.207
Lewisham,970,2695,1215,4460,2018,Lewisham,E09000023,7155,2185,30.538086,35.99258,27.242153,.2464,.23999999,.067000002,28.591,.3141,.257,.207
Lewisham,2545,4955,2605,6420,2019,Lewisham,E09000023,11375,5150,45.274727,51.362259,40.576324,.2464,.23999999,.067000002,28.591,.3141,.257,.207
Lewisham,2685,5900,2495,6695,2020,Lewisham,E09000023,12595,5180,41.12743,45.508476,37.266617,.2464,.23999999,.067000002,28.591,.3141,.257,.207
Lewisham,3035,6090,2810,6140,2021,Lewisham,E09000023,12230,5845,47.792313,49.835796,45.765472,.2464,.23999999,.067000002,28.591,.3141,.257,.207
Lewisham,3270,6945,3265,7275,2022,Lewisham,E09000023,14220,6535,45.956398,47.084232,44.879726,.2464,.23999999,.067000002,28.591,.3141,.257,.207
Lewisham,2275,6750,1880,6825,2023,Lewisham,E09000023,13575,4155,30.607735,33.703705,27.545788,.2464,.23999999,.067000002,28.591,.3141,.257,.207
Merton,20,630,45,1940,2014,Merton,E09000024,2570,65,2.5291829,3.1746032,2.3195877,.038899999,.15099999,-.61500001,14.93,.044599999,.161,-.64200002
Merton,45,555,220,2565,2015,Merton,E09000024,3120,265,8.4935894,8.1081085,8.5769978,.038899999,.15099999,-.61500001,14.93,.044599999,.161,-.64200002
Merton5,30,530,230,2160,2016,Merton,E09000024,2690,260,9.6654272,5.6603775,10.648149,.038899999,.15099999,-.61500001,14.93,.044599999,.161,-.64200002
Merton,,430,15,1890,2017,Merton,E09000024,2320,,,,.79365081,.038899999,.15099999,-.61500001,14.93,.044599999,.161,-.64200002
Merton,,465,,1955,2018,Merton,E09000024,2420,,,,,.038899999,.15099999,-.61500001,14.93,.044599999,.161,-.64200002
Merton,5,530,50,1840,2019,Merton,E09000024,2370,55,2.3206751,.94339621,2.7173913,.038899999,.15099999,-.61500001,14.93,.044599999,.161,-.64200002
Merton,25,450,85,1885,2020,Merton,E09000024,2335,110,4.7109208,5.5555553,4.509284,.038899999,.15099999,-.61500001,14.93,.044599999,.161,-.64200002
Merton,10,475,40,2170,2021,Merton,E09000024,2645,50,1.8903592,2.1052632,1.843318,.038899999,.15099999,-.61500001,14.93,.044599999,.161,-.64200002
Merton,20,405,105,2005,2022,Merton,E09000024,2410,125,5.1867218,4.9382715,5.236908,.038899999,.15099999,-.61500001,14.93,.044599999,.161,-.64200002
Merton,290,2840,160,3785,2023,Merton,E09000024,6625,450,6.7924528,10.211267,4.2272129,.038899999,.15099999,-.61500001,14.93,.044599999,.161,-.64200002
Newham,170,7315,125,5250,2014,Newham,E09000025,12565,295,2.3477914,2.3239918,2.3809524,.28839999,.373,-.029999999,32.938999,.4197,.41,.26100001
Newham,20,3675,160,4445,2015,Newham,E09000025,8120,180,2.2167487,.54421771,3.59955,.28839999,.373,-.029999999,32.938999,.4197,.41,.26100001
Newham,30,3455,115,4185,2016,Newham,E09000025,7640,145,1.8979057,.86830682,2.7479093,.28839999,.373,-.029999999,32.938999,.4197,.41,.26100001
Newham,,3785,5,4015,2017,Newham,E09000025,7800,,,,.124533,.28839999,.373,-.029999999,32.938999,.4197,.41,.26100001
Newham,,3860,,4050,2018,Newham,E09000025,7910,,,,,.28839999,.373,-.029999999,32.938999,.4197,.41,.26100001
Newham,,3085,,3715,2019,Newham,E09000025,6800,,,,,.28839999,.373,-.029999999,32.938999,.4197,.41,.26100001
Newham,,3255,,3440,2020,Newham,E09000025,6695,,,,,.28839999,.373,-.029999999,32.938999,.4197,.41,.26100001
Newham,,3555,,3845,2021,Newham,E09000025,7400,,,,,.28839999,.373,-.029999999,32.938999,.4197,.41,.26100001
Newham,,3580,,4100,2022,Newham,E09000025,7680,,,,,.28839999,.373,-.029999999,32.938999,.4197,.41,.26100001
Newham,0,4510,0,4090,2023,Newham,E09000025,8600,0,0,0,0,.28839999,.373,-.029999999,32.938999,.4197,.41,.26100001
Redbridge,605,2285,2915,11005,2014,Redbridge,E09000026,13290,3520,26.48608,26.477024,26.487961,.0405,.19499999,-.74000001,20.242001,.084100001,.20999999,-.373
Redbridge,690,2660,2925,11225,2015,Redbridge,E09000026,13885,3615,26.03529,25.93985,26.057907,.0405,.19499999,-.74000001,20.242001,.084100001,.20999999,-.373
Redbridge,735,2990,2925,11640,2016,Redbridge,E09000026,14630,3660,25.017088,24.58194,25.128866,.0405,.19499999,-.74000001,20.242001,.084100001,.20999999,-.373
Redbridge,825,3550,3300,13570,2017,Redbridge,E09000026,17120,4125,24.094625,23.239437,24.31835,.0405,.19499999,-.74000001,20.242001,.084100001,.20999999,-.373
Redbridge2,845,3615,3375,13815,2018,Redbridge,E09000026,17430,4220,24.21113,23.374826,24.429968,.0405,.19499999,-.74000001,20.242001,.084100001,.20999999,-.373
Redbridge,995,4305,3270,13505,2019,Redbridge,E09000026,17810,4265,23.94722,23.112659,24.213255,.0405,.19499999,-.74000001,20.242001,.084100001,.20999999,-.373
Redbridge,1030,4240,3500,13850,2020,Redbridge,E09000026,18090,4530,25.04146,24.292454,25.270758,.0405,.19499999,-.74000001,20.242001,.084100001,.20999999,-.373
Redbridge,540,2945,795,6500,2021,Redbridge,E09000026,9445,1335,14.134462,18.336163,12.230769,.0405,.19499999,-.74000001,20.242001,.084100001,.20999999,-.373
Redbridge,625,2455,815,4290,2022,Redbridge,E09000026,6745,1440,21.349148,25.458248,18.997669,.0405,.19499999,-.74000001,20.242001,.084100001,.20999999,-.373
Redbridge,805,2330,1085,4105,2023,Redbridge,E09000026,6435,1890,29.37063,34.549355,26.431181,.0405,.19499999,-.74000001,20.242001,.084100001,.20999999,-.373
Richmond upon Thames,40,460,615,3620,2014,RichmonduponThames,E09000027,4080,655,16.053921,8.695652,16.988951,.0076000001,.093999997,-1.373,10.037,.0083999997,.108,-1.41
Richmond upon Thames,110,470,1030,3510,2015,RichmonduponThames,E09000027,3980,1140,28.643215,23.404255,29.344728,.0076000001,.093999997,-1.373,10.037,.0083999997,.108,-1.41
Richmond upon Thames,90,430,1070,3475,2016,RichmonduponThames,E09000027,3905,1160,29.705505,20.930233,30.791367,.0076000001,.093999997,-1.373,10.037,.0083999997,.108,-1.41
Richmond upon Thames,90,435,1110,3565,2017,RichmonduponThames,E09000027,4000,1200,30,20.689655,31.136045,.0076000001,.093999997,-1.373,10.037,.0083999997,.108,-1.41
Richmond upon Thames,130,425,1235,3805,2018,RichmonduponThames,E09000027,4230,1365,32.269505,30.588236,32.457294,.0076000001,.093999997,-1.373,10.037,.0083999997,.108,-1.41
Richmond upon Thames,70,655,150,3300,2019,RichmonduponThames,E09000027,3955,220,5.5625792,10.687023,4.5454545,.0076000001,.093999997,-1.373,10.037,.0083999997,.108,-1.41
Richmond upon Thames,160,1060,420,3795,2020,RichmonduponThames,E09000027,4855,580,11.946447,15.094339,11.067194,.0076000001,.093999997,-1.373,10.037,.0083999997,.108,-1.41
Richmond upon Thames,220,1570,470,4670,2021,RichmonduponThames,E09000027,6240,690,11.057693,14.012739,10.06424,.0076000001,.093999997,-1.373,10.037,.0083999997,.108,-1.41
Richmond upon Thames,235,1510,1040,5050,2022,RichmonduponThames,E09000027,6560,1275,19.435976,15.562914,20.594059,.0076000001,.093999997,-1.373,10.037,.0083999997,.108,-1.41
Richmond upon Thames,295,1390,1385,4760,2023,RichmonduponThames,E09000027,6150,1680,27.317074,21.223022,29.096638,.0076000001,.093999997,-1.373,10.037,.0083999997,.108,-1.41
Southwark,1545,2105,2275,4065,2014,Southwark,E09000028,6170,3820,61.912479,73.396675,55.965561,.2305,.31200001,.112,29.489,.37099999,.34299999,.25799999
Southwark,1130,1975,2625,5215,2015,Southwark,E09000028,7190,3755,52.225311,57.215191,50.335571,.2305,.31200001,.112,29.489,.37099999,.34299999,.25799999
Southwark5,,870,,3235,2016,Southwark,E09000028,4105,,,,,.2305,.31200001,.112,29.489,.37099999,.34299999,.25799999
Southwark,10,970,130,3505,2017,Southwark,E09000028,4475,140,3.1284916,1.0309278,3.7089872,.2305,.31200001,.112,29.489,.37099999,.34299999,.25799999
Southwark,,1455,,2630,2018,Southwark,E09000028,4085,,,,,.2305,.31200001,.112,29.489,.37099999,.34299999,.25799999
Southwark,690,1880,1070,2880,2019,Southwark,E09000028,4760,1760,36.974789,36.702129,37.152779,.2305,.31200001,.112,29.489,.37099999,.34299999,.25799999
Southwark,695,2220,795,2925,2020,Southwark,E09000028,5145,1490,28.960155,31.306307,27.179487,.2305,.31200001,.112,29.489,.37099999,.34299999,.25799999
Southwark,295,2165,215,2515,2021,Southwark,E09000028,4680,510,10.897436,13.625866,8.548708,.2305,.31200001,.112,29.489,.37099999,.34299999,.25799999
Southwark,,1025,,2180,2022,Southwark,E09000028,3205,,,,,.2305,.31200001,.112,29.489,.37099999,.34299999,.25799999
Southwark,0,700,0,1350,2023,Southwark,E09000028,2050,0,0,0,0,.2305,.31200001,.112,29.489,.37099999,.34299999,.25799999
Sutton,850,1735,1220,3675,2014,Sutton,E09000029,5410,2070,38.262478,48.991356,33.197277,.058200002,.114,-.56999999,14.579,.060600001,.12899999,-.461
Sutton,765,1465,885,3435,2015,Sutton,E09000029,4900,1650,33.67347,52.21843,25.764193,.058200002,.114,-.56999999,14.579,.060600001,.12899999,-.461
Sutton,450,1190,305,3005,2016,Sutton,E09000029,4195,755,17.997616,37.815125,10.149751,.058200002,.114,-.56999999,14.579,.060600001,.12899999,-.461
Sutton,350,860,570,2545,2017,Sutton,E09000029,3405,920,27.019089,40.697674,22.396856,.058200002,.114,-.56999999,14.579,.060600001,.12899999,-.461
Sutton,265,815,455,2475,2018,Sutton,E09000029,3290,720,21.884499,32.515339,18.383839,.058200002,.114,-.56999999,14.579,.060600001,.12899999,-.461
Sutton,265,930,475,2980,2019,Sutton,E09000029,3910,740,18.925831,28.494623,15.939597,.058200002,.114,-.56999999,14.579,.060600001,.12899999,-.461
Sutton,290,780,525,2830,2020,Sutton,E09000029,3610,815,22.576178,37.179485,18.551237,.058200002,.114,-.56999999,14.579,.060600001,.12899999,-.461
Sutton,355,985,575,2840,2021,Sutton,E09000029,3825,930,24.313726,36.040607,20.246479,.058200002,.114,-.56999999,14.579,.060600001,.12899999,-.461
Sutton,395,1160,780,3690,2022,Sutton,E09000029,4850,1175,24.226805,34.051723,21.138212,.058200002,.114,-.56999999,14.579,.060600001,.12899999,-.461
Sutton,300,1315,540,3375,2023,Sutton,E09000029,4690,840,17.910448,22.813688,16,.058200002,.114,-.56999999,14.579,.060600001,.12899999,-.461
Tower Hamlets,480,1255,670,2255,2014,TowerHamlets,E09000030,3510,1150,32.763535,38.247013,29.711752,.3057,.43900001,.19499999,35.657001,.57380003,.49700001,.54299998
Tower Hamlets,360,1275,575,2000,2015,TowerHamlets,E09000030,3275,935,28.549618,28.235294,28.75,.3057,.43900001,.19499999,35.657001,.57380003,.49700001,.54299998
Tower Hamlets5,425,1390,690,2220,2016,TowerHamlets,E09000030,3610,1115,30.886427,30.575539,31.081081,.3057,.43900001,.19499999,35.657001,.57380003,.49700001,.54299998
Tower Hamlets,290,1590,430,2335,2017,TowerHamlets,E09000030,3925,720,18.343948,18.238995,18.415417,.3057,.43900001,.19499999,35.657001,.57380003,.49700001,.54299998
Tower Hamlets,410,1650,625,2310,2018,TowerHamlets,E09000030,3960,1035,26.136364,24.848484,27.056276,.3057,.43900001,.19499999,35.657001,.57380003,.49700001,.54299998
Tower Hamlets,225,1645,220,1930,2019,TowerHamlets,E09000030,3575,445,12.447553,13.677812,11.398964,.3057,.43900001,.19499999,35.657001,.57380003,.49700001,.54299998
Tower Hamlets,195,2960,340,2525,2020,TowerHamlets,E09000030,5485,535,9.7538738,6.5878377,13.465346,.3057,.43900001,.19499999,35.657001,.57380003,.49700001,.54299998
Tower Hamlets,120,2965,195,2170,2021,TowerHamlets,E09000030,5135,315,6.1343718,4.0472174,8.9861755,.3057,.43900001,.19499999,35.657001,.57380003,.49700001,.54299998
Tower Hamlets,175,3500,265,2950,2022,TowerHamlets,E09000030,6450,440,6.8217053,5,8.9830513,.3057,.43900001,.19499999,35.657001,.57380003,.49700001,.54299998
Tower Hamlets,205,3835,270,2825,2023,TowerHamlets,E09000030,6660,475,7.1321321,5.3455019,9.5575218,.3057,.43900001,.19499999,35.657001,.57380003,.49700001,.54299998
Waltham Forest,720,2445,1290,2945,2014,WalthamForest,E09000031,5390,2010,37.291279,29.447853,43.803055,.17829999,.228,-.161,30.190001,.32519999,.25099999,.124
Waltham Forest,1345,3140,1360,3240,2015,WalthamForest,E09000031,6380,2705,42.398121,42.834396,41.975307,.17829999,.228,-.161,30.190001,.32519999,.25099999,.124
Waltham Forest3,1155,2860,1630,3645,2016,WalthamForest,E09000031,6505,2785,42.813221,40.384617,44.718792,.17829999,.228,-.161,30.190001,.32519999,.25099999,.124
Waltham Forest,810,2235,1820,4310,2017,WalthamForest,E09000031,6545,2630,40.183346,36.241611,42.227379,.17829999,.228,-.161,30.190001,.32519999,.25099999,.124
Waltham Forest,785,2410,1425,3590,2018,WalthamForest,E09000031,6000,2210,36.833332,32.572613,39.693592,.17829999,.228,-.161,30.190001,.32519999,.25099999,.124
Waltham Forest,620,2415,1195,3705,2019,WalthamForest,E09000031,6120,1815,29.656862,25.672878,32.253712,.17829999,.228,-.161,30.190001,.32519999,.25099999,.124
Waltham Forest,955,2855,1240,4135,2020,WalthamForest,E09000031,6990,2195,31.402002,33.450089,29.987907,.17829999,.228,-.161,30.190001,.32519999,.25099999,.124
Waltham Forest,875,2545,1325,5460,2021,WalthamForest,E09000031,8005,2200,27.482822,34.381138,24.267399,.17829999,.228,-.161,30.190001,.32519999,.25099999,.124
Waltham Forest,940,2375,1355,4745,2022,WalthamForest,E09000031,7120,2295,32.233147,39.578949,28.556376,.17829999,.228,-.161,30.190001,.32519999,.25099999,.124
Waltham Forest,1085,2080,1400,4145,2023,WalthamForest,E09000031,6225,2485,39.919678,52.16346,33.775635,.17829999,.228,-.161,30.190001,.32519999,.25099999,.124
Wandsworth,205,895,695,2380,2014,Wandsworth,E09000032,3275,900,27.480917,22.905027,29.201681,.0495,.20999999,-.38800001,18.295,.071599998,.234,-.33500001
Wandsworth,305,1125,780,2620,2015,Wandsworth,E09000032,3745,1085,28.971962,27.111111,29.770992,.0495,.20999999,-.38800001,18.295,.071599998,.234,-.33500001
Wandsworth,270,1260,600,2615,2016,Wandsworth,E09000032,3875,870,22.451612,21.428572,22.944551,.0495,.20999999,-.38800001,18.295,.071599998,.234,-.33500001
Wandsworth,275,1265,645,2710,2017,Wandsworth,E09000032,3975,920,23.144653,21.73913,23.800737,.0495,.20999999,-.38800001,18.295,.071599998,.234,-.33500001
Wandsworth2,180,860,545,2370,2018,Wandsworth,E09000032,3230,725,22.44582,20.930233,22.995781,.0495,.20999999,-.38800001,18.295,.071599998,.234,-.33500001
Wandsworth,145,975,605,2580,2019,Wandsworth,E09000032,3555,750,21.097046,14.871795,23.449612,.0495,.20999999,-.38800001,18.295,.071599998,.234,-.33500001
Wandsworth,410,1565,635,3205,2020,Wandsworth,E09000032,4770,1045,21.907757,26.198084,19.812792,.0495,.20999999,-.38800001,18.295,.071599998,.234,-.33500001
Wandsworth,570,2570,495,3725,2021,Wandsworth,E09000032,6295,1065,16.918188,22.178988,13.28859,.0495,.20999999,-.38800001,18.295,.071599998,.234,-.33500001
Wandsworth,590,2550,1425,4505,2022,Wandsworth,E09000032,7055,2015,28.561304,23.137255,31.631521,.0495,.20999999,-.38800001,18.295,.071599998,.234,-.33500001
Wandsworth,845,2885,1155,4490,2023,Wandsworth,E09000032,7375,2000,27.118645,29.289429,25.723831,.0495,.20999999,-.38800001,18.295,.071599998,.234,-.33500001
Westminster,1215,1755,380,1430,2014,Westminster,E09000033,3185,1595,50.078491,69.230766,26.573427,.1587,.226,-.85500002,27.686001,.29429999,.249,-.301
Westminster,1270,2665,575,2695,2015,Westminster,E09000033,5360,1845,34.421642,47.654785,21.335808,.1587,.226,-.85500002,27.686001,.29429999,.249,-.301
Westminster,350,1245,315,2090,2016,Westminster,E09000033,3335,665,19.940029,28.11245,15.071771,.1587,.226,-.85500002,27.686001,.29429999,.249,-.301
Westminster,465,1625,595,2705,2017,Westminster,E09000033,4330,1060,24.48037,28.615385,21.996304,.1587,.226,-.85500002,27.686001,.29429999,.249,-.301
Westminster,375,1435,535,2615,2018,Westminster,E09000033,4050,910,22.469135,26.132404,20.458891,.1587,.226,-.85500002,27.686001,.29429999,.249,-.301
Westminster,375,1570,390,2645,2019,Westminster,E09000033,4215,765,18.149466,23.885351,14.744802,.1587,.226,-.85500002,27.686001,.29429999,.249,-.301
Westminster,500,1520,425,2705,2020,Westminster,E09000033,4225,925,21.893492,32.894737,15.711645,.1587,.226,-.85500002,27.686001,.29429999,.249,-.301
Westminster,205,1345,155,2755,2021,Westminster,E09000033,4100,360,8.780488,15.241635,5.6261344,.1587,.226,-.85500002,27.686001,.29429999,.249,-.301
Westminster,285,1595,505,3325,2022,Westminster,E09000033,4920,790,16.056911,17.868338,15.18797,.1587,.226,-.85500002,27.686001,.29429999,.249,-.301
Westminster,230,1610,345,3220,2023,Westminster,E09000033,4830,575,11.904762,14.285714,10.714286,.1587,.226,-.85500002,27.686001,.29429999,.249,-.301
Buckinghamshire,655,2780,4225,10960,2014,Buckinghamshire,E10000002,13740,4880,35.516739,23.561152,38.549271,.0074,.077,-1.096,9.757,.0109,.090999998,-1.3049999
Buckinghamshire,985,3505,4225,10645,2015,Buckinghamshire,E10000002,14150,5210,36.81979,28.102711,39.689995,.0074,.077,-1.096,9.757,.0109,.090999998,-1.3049999
Buckinghamshire,1530,3805,4430,9545,2016,Buckinghamshire,E10000002,13350,5960,44.644196,40.210251,46.411736,.0074,.077,-1.096,9.757,.0109,.090999998,-1.3049999
Buckinghamshire,1880,3685,5375,9405,2017,Buckinghamshire,E10000002,13090,7255,55.423988,51.017639,57.150452,.0074,.077,-1.096,9.757,.0109,.090999998,-1.3049999
Buckinghamshire,1165,2300,3300,8380,2018,Buckinghamshire,E10000002,10680,4465,41.807117,50.652172,39.379475,.0074,.077,-1.096,9.757,.0109,.090999998,-1.3049999
Buckinghamshire,465,2265,2035,9045,2019,Buckinghamshire,E10000002,11310,2500,22.104332,20.5298,22.498617,.0074,.077,-1.096,9.757,.0109,.090999998,-1.3049999
Buckinghamshire,370,2000,975,7020,2020,Buckinghamshire,E10000002,9020,1345,14.911308,18.5,13.888889,.0074,.077,-1.096,9.757,.0109,.090999998,-1.3049999
Buckinghamshire,2125,3315,3805,8385,2021,Buckinghamshire,E10000002,11700,5930,50.683762,64.102562,45.378651,.0074,.077,-1.096,9.757,.0109,.090999998,-1.3049999
Buckinghamshire,1630,3020,4595,9435,2022,Buckinghamshire,E10000002,12455,6225,49.979927,53.973511,48.701641,.0074,.077,-1.096,9.757,.0109,.090999998,-1.3049999
Buckinghamshire,1430,2875,3755,8730,2023,Buckinghamshire,E10000002,11605,5185,44.679016,49.739132,43.0126,.0074,.077,-1.096,9.757,.0109,.090999998,-1.3049999
Cambridgeshire,1990,3560,5275,13985,2014,Cambridgeshire,E10000003,17545,7265,41.40781,55.898876,37.718987,.0471,.096000001,-.59500003,13.393,.043299999,.113,-.63599998
Cambridgeshire,1065,2420,4160,11740,2015,Cambridgeshire,E10000003,14160,5225,36.899719,44.008263,35.434414,.0471,.096000001,-.59500003,13.393,.043299999,.113,-.63599998
Cambridgeshire,590,1945,2955,10350,2016,Cambridgeshire,E10000003,12295,3545,28.832859,30.33419,28.550724,.0471,.096000001,-.59500003,13.393,.043299999,.113,-.63599998
Cambridgeshire,525,1965,3575,11230,2017,Cambridgeshire,E10000003,13195,4100,31.072376,26.717558,31.834372,.0471,.096000001,-.59500003,13.393,.043299999,.113,-.63599998
Cambridgeshire2,1185,3145,2860,13030,2018,Cambridgeshire,E10000003,16175,4045,25.007729,37.678856,21.949348,.0471,.096000001,-.59500003,13.393,.043299999,.113,-.63599998
Cambridgeshire,1765,4905,2920,17370,2019,Cambridgeshire,E10000003,22275,4685,21.032547,35.983688,16.810593,.0471,.096000001,-.59500003,13.393,.043299999,.113,-.63599998
Cambridgeshire,1570,3990,3120,14605,2020,Cambridgeshire,E10000003,18595,4690,25.221834,39.34837,21.362547,.0471,.096000001,-.59500003,13.393,.043299999,.113,-.63599998
Cambridgeshire,870,4110,3640,17340,2021,Cambridgeshire,E10000003,21450,4510,21.02564,21.167883,20.991926,.0471,.096000001,-.59500003,13.393,.043299999,.113,-.63599998
Cambridgeshire,1195,4380,3895,18220,2022,Cambridgeshire,E10000003,22600,5090,22.522123,27.283106,21.377607,.0471,.096000001,-.59500003,13.393,.043299999,.113,-.63599998
Cambridgeshire,1565,5155,4455,17005,2023,Cambridgeshire,E10000003,22160,6020,27.166065,30.358875,26.198177,.0471,.096000001,-.59500003,13.393,.043299999,.113,-.63599998
Cumbria,4050,9150,5495,14170,2014,Cumbria,E10000006,23320,9545,40.930531,44.262295,38.77911,.1636,.105,.223,21.330999,.16150001,.125,.26499999
Cumbria,5440,7815,8120,13980,2015,Cumbria,E10000006,21795,13560,62.216106,69.609726,58.082977,.1636,.105,.223,21.330999,.16150001,.125,.26499999
Cumbria,3845,7550,5790,15390,2016,Cumbria,E10000006,22940,9635,42.000874,50.927151,37.621834,.1636,.105,.223,21.330999,.16150001,.125,.26499999
Cumbria,3290,6635,5015,15370,2017,Cumbria,E10000006,22005,8305,37.741421,49.585533,32.628498,.1636,.105,.223,21.330999,.16150001,.125,.26499999
Cumbria,2170,5210,3840,12220,2018,Cumbria,E10000006,17430,6010,34.480782,41.650673,31.423895,.1636,.105,.223,21.330999,.16150001,.125,.26499999
Cumbria,1185,7215,1995,13145,2019,Cumbria,E10000006,20360,3180,15.61886,16.424116,15.176873,.1636,.105,.223,21.330999,.16150001,.125,.26499999
Cumbria,775,6355,1490,13875,2020,Cumbria,E10000006,20230,2265,11.196243,12.195122,10.738739,.1636,.105,.223,21.330999,.16150001,.125,.26499999
Cumbria,705,7060,1365,13250,2021,Cumbria,E10000006,20310,2070,10.192023,9.985836,10.301887,.1636,.105,.223,21.330999,.16150001,.125,.26499999
Cumbria,705,5345,1755,13285,2022,Cumbria,E10000006,18630,2460,13.204509,13.189898,13.210387,.1636,.105,.223,21.330999,.16150001,.125,.26499999
Derbyshire,3495,11965,8225,35390,2014,Derbyshire,E10000007,47355,11720,24.749235,29.210196,23.241028,.1303,.117,.148,18.514999,.1251,.138,.033
Derbyshire,1910,10285,6970,34220,2015,Derbyshire,E10000007,44505,8880,19.952814,18.570734,20.368206,.1303,.117,.148,18.514999,.1251,.138,.033
Derbyshire5,1705,10730,5130,33340,2016,Derbyshire,E10000007,44070,6835,15.509417,15.890028,15.386923,.1303,.117,.148,18.514999,.1251,.138,.033
Derbyshire,790,11965,2465,35470,2017,Derbyshire,E10000007,47435,3255,6.8620219,6.602591,6.9495349,.1303,.117,.148,18.514999,.1251,.138,.033
Derbyshire,2525,12640,4465,39805,2018,Derbyshire,E10000007,52445,6990,13.328249,19.976265,11.217184,.1303,.117,.148,18.514999,.1251,.138,.033
Derbyshire,3490,15135,5230,38320,2019,Derbyshire,E10000007,53455,8720,16.312786,23.059134,13.648226,.1303,.117,.148,18.514999,.1251,.138,.033
Derbyshire,2810,13440,3330,32560,2020,Derbyshire,E10000007,46000,6140,13.347826,20.907738,10.227273,.1303,.117,.148,18.514999,.1251,.138,.033
Derbyshire,1960,9580,2785,22765,2021,Derbyshire,E10000007,32345,4745,14.669965,20.45929,12.233692,.1303,.117,.148,18.514999,.1251,.138,.033
Derbyshire,1420,9700,2425,23210,2022,Derbyshire,E10000007,32910,3845,11.683379,14.639175,10.448083,.1303,.117,.148,18.514999,.1251,.138,.033
Derbyshire,1290,9105,2295,21720,2023,Derbyshire,E10000007,30825,3585,11.63017,14.168039,10.566298,.1303,.117,.148,18.514999,.1251,.138,.033
Devon,625,8490,5000,33730,2014,Devon,E10000008,42220,5625,13.32307,7.3616018,14.823599,.046700001,.106,-.315,17.086,.056299999,.127,-.31900001
Devon,730,8565,4615,30545,2015,Devon,E10000008,39110,5345,13.666581,8.5230589,15.108856,.046700001,.106,-.315,17.086,.056299999,.127,-.31900001
Devon3,315,8650,1955,31405,2016,Devon,E10000008,40055,2270,5.6672077,3.6416185,6.2251234,.046700001,.106,-.315,17.086,.056299999,.127,-.31900001
Devon,380,8420,2670,30845,2017,Devon,E10000008,39265,3050,7.7677321,4.5130639,8.6561842,.046700001,.106,-.315,17.086,.056299999,.127,-.31900001
Devon2,455,7495,1875,26200,2018,Devon,E10000008,33695,2330,6.9149728,6.070714,7.1564884,.046700001,.106,-.315,17.086,.056299999,.127,-.31900001
Devon,425,6370,1665,23270,2019,Devon,E10000008,29640,2090,7.0512819,6.6718993,7.1551352,.046700001,.106,-.315,17.086,.056299999,.127,-.31900001
Devon,445,6080,1755,28665,2020,Devon,E10000008,34745,2200,6.3318462,7.3190789,6.1224489,.046700001,.106,-.315,17.086,.056299999,.127,-.31900001
Devon,415,5540,1615,21695,2021,Devon,E10000008,27235,2030,7.4536443,7.4909749,7.4441113,.046700001,.106,-.315,17.086,.056299999,.127,-.31900001
Devon,370,6055,1225,22465,2022,Devon,E10000008,28520,1595,5.5925665,6.1106524,5.4529266,.046700001,.106,-.315,17.086,.056299999,.127,-.31900001
Devon,345,7840,1055,27050,2023,Devon,E10000008,34890,1400,4.0126109,4.4005103,3.9001849,.046700001,.106,-.315,17.086,.056299999,.127,-.31900001
,,,,,,,E10000009,,,,,,,,,14.336,.040100001,.103,-.51599997
East Sussex,1165,2740,3950,9175,2014,EastSussex,E10000011,11915,5115,42.929081,42.51825,43.051769,.1445,.114,-.25400001,18.825001,.1232,.131,-.241
East Sussex,1450,3285,4260,9625,2015,EastSussex,E10000011,12910,5710,44.229279,44.14003,44.259739,.1445,.114,-.25400001,18.825001,.1232,.131,-.241
East Sussex3,1035,5120,4305,18900,2016,EastSussex,E10000011,24020,5340,22.231474,20.214844,22.777779,.1445,.114,-.25400001,18.825001,.1232,.131,-.241
East Sussex,1420,5770,4585,22375,2017,EastSussex,E10000011,28145,6005,21.335939,24.610052,20.491621,.1445,.114,-.25400001,18.825001,.1232,.131,-.241
East Sussex,1300,5785,4320,22985,2018,EastSussex,E10000011,28770,5620,19.534237,22.47191,18.794867,.1445,.114,-.25400001,18.825001,.1232,.131,-.241
East Sussex,1080,5340,3940,21275,2019,EastSussex,E10000011,26615,5020,18.861544,20.22472,18.519388,.1445,.114,-.25400001,18.825001,.1232,.131,-.241
East Sussex,1170,5440,3635,19645,2020,EastSussex,E10000011,25085,4805,19.154873,21.507353,18.503435,.1445,.114,-.25400001,18.825001,.1232,.131,-.241
East Sussex,1830,6595,4295,22075,2021,EastSussex,E10000011,28670,6125,21.363794,27.748295,19.456398,.1445,.114,-.25400001,18.825001,.1232,.131,-.241
East Sussex,2190,7520,4340,23260,2022,EastSussex,E10000011,30780,6530,21.215075,29.122341,18.658642,.1445,.114,-.25400001,18.825001,.1232,.131,-.241
East Sussex,1990,7980,3625,23725,2023,EastSussex,E10000011,31705,5615,17.71014,24.937344,15.279242,.1445,.114,-.25400001,18.825001,.1232,.131,-.241
Essex,170,3080,875,16210,2014,Essex,E10000012,19290,1045,5.4173145,5.5194807,5.3979025,.092600003,.113,-.39199999,17.163,.093900003,.133,-.442
Essex,1960,5300,6020,21500,2015,Essex,E10000012,26800,7980,29.776119,36.981133,28,.092600003,.113,-.39199999,17.163,.093900003,.133,-.442
Essex3,1605,5445,4515,19870,2016,Essex,E10000012,25315,6120,24.17539,29.476583,22.722698,.092600003,.113,-.39199999,17.163,.093900003,.133,-.442
Essex,1075,5845,1090,18780,2017,Essex,E10000012,24625,2165,8.7918777,18.391788,5.8040466,.092600003,.113,-.39199999,17.163,.093900003,.133,-.442
Essex,1145,9425,1890,24165,2018,Essex,E10000012,33590,3035,9.0354271,12.148541,7.821229,.092600003,.113,-.39199999,17.163,.093900003,.133,-.442
Essex,1505,6625,4100,26350,2019,Essex,E10000012,32975,5605,16.997726,22.716982,15.559772,.092600003,.113,-.39199999,17.163,.093900003,.133,-.442
Essex,10090,14330,30305,58105,2020,Essex,E10000012,72435,40395,55.767239,70.41172,52.155579,.092600003,.113,-.39199999,17.163,.093900003,.133,-.442
Essex,5600,7485,20060,34570,2021,Essex,E10000012,42055,25660,61.015339,74.816299,58.027191,.092600003,.113,-.39199999,17.163,.093900003,.133,-.442
Essex,4655,6255,17050,30830,2022,Essex,E10000012,37085,21705,58.527706,74.420464,55.303276,.092600003,.113,-.39199999,17.163,.093900003,.133,-.442
Essex,5555,9755,10540,31090,2023,Essex,E10000012,40845,16095,39.405067,56.945156,33.901577,.092600003,.113,-.39199999,17.163,.093900003,.133,-.442
Gloucestershire,5875,7450,20250,28560,2014,Gloucestershire,E10000013,36010,26125,72.549294,78.859062,70.903358,.077200003,.097999997,-.331,15.014,.078599997,.118,-.419
Gloucestershire,7135,8210,21500,27955,2015,Gloucestershire,E10000013,36165,28635,79.178764,86.906212,76.909317,.077200003,.097999997,-.331,15.014,.078599997,.118,-.419
Gloucestershire3,7375,8105,22380,27560,2016,Gloucestershire,E10000013,35665,29755,83.429131,90.993217,81.204643,.077200003,.097999997,-.331,15.014,.078599997,.118,-.419
Gloucestershire2,4250,6080,14925,25745,2017,Gloucestershire,E10000013,31825,19175,60.251373,69.901314,57.972424,.077200003,.097999997,-.331,15.014,.078599997,.118,-.419
Gloucestershire,4545,5055,16815,22275,2018,Gloucestershire,E10000013,27330,21360,78.155876,89.91098,75.488213,.077200003,.097999997,-.331,15.014,.078599997,.118,-.419
Gloucestershire,2325,2895,9085,15660,2019,Gloucestershire,E10000013,18555,11410,61.492859,80.310883,58.01405,.077200003,.097999997,-.331,15.014,.078599997,.118,-.419
Gloucestershire,2435,2990,9390,15835,2020,Gloucestershire,E10000013,18825,11825,62.815407,81.438126,59.299023,.077200003,.097999997,-.331,15.014,.078599997,.118,-.419
Gloucestershire,5445,6775,29990,38005,2021,Gloucestershire,E10000013,44780,35435,79.13131,80.369003,78.910667,.077200003,.097999997,-.331,15.014,.078599997,.118,-.419
Gloucestershire,6125,7380,15955,22515,2022,Gloucestershire,E10000013,29895,22080,73.858505,82.994583,70.863869,.077200003,.097999997,-.331,15.014,.078599997,.118,-.419
Gloucestershire,12515,15860,32325,48520,2023,Gloucestershire,E10000013,64380,44840,69.648956,78.909203,66.622009,.077200003,.097999997,-.331,15.014,.078599997,.118,-.419
Hampshire,725,17290,2120,43860,2014,Hampshire,E10000014,61150,2845,4.652494,4.1931753,4.8335614,.0493,.086000003,-.64200002,11.917,.0414,.097999997,-.66600001
Hampshire,795,14445,2665,47985,2015,Hampshire,E10000014,62430,3460,5.5422072,5.5036345,5.5538187,.0493,.086000003,-.64200002,11.917,.0414,.097999997,-.66600001
Hampshire,1110,14520,3470,49095,2016,Hampshire,E10000014,63615,4580,7.1995597,7.644628,7.0679297,.0493,.086000003,-.64200002,11.917,.0414,.097999997,-.66600001
Hampshire,,16575,,52345,2017,Hampshire,E10000014,68920,,,,,.0493,.086000003,-.64200002,11.917,.0414,.097999997,-.66600001
Hampshire,2175,17650,7590,60230,2018,Hampshire,E10000014,77880,9765,12.538521,12.322947,12.601693,.0493,.086000003,-.64200002,11.917,.0414,.097999997,-.66600001
Hampshire,1655,17830,3710,55410,2019,Hampshire,E10000014,73240,5365,7.325232,9.2821093,6.6955423,.0493,.086000003,-.64200002,11.917,.0414,.097999997,-.66600001
Hampshire,1470,16485,3275,50330,2020,Hampshire,E10000014,66815,4745,7.1016989,8.9171972,6.5070534,.0493,.086000003,-.64200002,11.917,.0414,.097999997,-.66600001
Hampshire,1770,20885,3950,53850,2021,Hampshire,E10000014,74735,5720,7.6537099,8.4749823,7.3351903,.0493,.086000003,-.64200002,11.917,.0414,.097999997,-.66600001
Hampshire,2485,22030,5570,50270,2022,Hampshire,E10000014,72300,8055,11.141079,11.280072,11.080167,.0493,.086000003,-.64200002,11.917,.0414,.097999997,-.66600001
Hampshire,2465,20755,4940,57360,2023,Hampshire,E10000014,78115,7405,9.4796133,11.876657,8.6122732,.0493,.086000003,-.64200002,11.917,.0414,.097999997,-.66600001
Hertfordshire,2920,7750,9695,34480,2014,Hertfordshire,E10000015,42230,12615,29.872129,37.677418,28.11775,.023800001,.098999999,-.80699998,12.192,.0207,.116,-.73400003
Hertfordshire,2170,4140,8465,16680,2015,Hertfordshire,E10000015,20820,10635,51.080692,52.415459,50.749401,.023800001,.098999999,-.80699998,12.192,.0207,.116,-.73400003
Hertfordshire,2180,4295,9485,19550,2016,Hertfordshire,E10000015,23845,11665,48.920109,50.756695,48.516624,.023800001,.098999999,-.80699998,12.192,.0207,.116,-.73400003
Hertfordshire,2755,5035,9575,19805,2017,Hertfordshire,E10000015,24840,12330,49.63768,54.71698,48.346378,.023800001,.098999999,-.80699998,12.192,.0207,.116,-.73400003
Hertfordshire,2515,6055,9780,20335,2018,Hertfordshire,E10000015,26390,12295,46.589619,41.535919,48.094418,.023800001,.098999999,-.80699998,12.192,.0207,.116,-.73400003
Hertfordshire,2485,6105,9880,20260,2019,Hertfordshire,E10000015,26365,12365,46.8993,40.704342,48.766041,.023800001,.098999999,-.80699998,12.192,.0207,.116,-.73400003
Hertfordshire,2905,6400,7920,18200,2020,Hertfordshire,E10000015,24600,10825,44.004066,45.390625,43.516483,.023800001,.098999999,-.80699998,12.192,.0207,.116,-.73400003
Hertfordshire,3835,7770,8810,19670,2021,Hertfordshire,E10000015,27440,12645,46.082363,49.356499,44.789021,.023800001,.098999999,-.80699998,12.192,.0207,.116,-.73400003
Hertfordshire,3875,8095,10695,22000,2022,Hertfordshire,E10000015,30095,14570,48.413357,47.869057,48.613636,.023800001,.098999999,-.80699998,12.192,.0207,.116,-.73400003
Hertfordshire,4075,9210,10795,23580,2023,Hertfordshire,E10000015,32790,14870,45.349194,44.245384,45.780323,.023800001,.098999999,-.80699998,12.192,.0207,.116,-.73400003
Kent,6565,11690,16610,35600,2014,Kent,E10000016,47290,23175,49.006134,56.159111,46.657303,.1401,.116,-.28299999,18.805,.127,.13500001,-.35499999
Kent,7360,11705,16040,36545,2015,Kent,E10000016,48250,23400,48.49741,62.879112,43.891094,.1401,.116,-.28299999,18.805,.127,.13500001,-.35499999
Kent3,7505,11905,15625,36900,2016,Kent,E10000016,48805,23130,47.392685,63.040741,42.344173,.1401,.116,-.28299999,18.805,.127,.13500001,-.35499999
Kent,7170,11830,13935,37305,2017,Kent,E10000016,49135,21105,42.953087,60.608624,37.35424,.1401,.116,-.28299999,18.805,.127,.13500001,-.35499999
Kent,8060,13105,14985,36640,2018,Kent,E10000016,49745,23045,46.326263,61.503242,40.897926,.1401,.116,-.28299999,18.805,.127,.13500001,-.35499999
Kent,7600,14285,14040,36485,2019,Kent,E10000016,50770,21640,42.623596,53.20266,38.481567,.1401,.116,-.28299999,18.805,.127,.13500001,-.35499999
Kent,5045,12560,11710,31555,2020,Kent,E10000016,44115,16755,37.980278,40.167198,37.10981,.1401,.116,-.28299999,18.805,.127,.13500001,-.35499999
Kent,8270,16430,13795,33120,2021,Kent,E10000016,49550,22065,44.530777,50.334755,41.651569,.1401,.116,-.28299999,18.805,.127,.13500001,-.35499999
Kent,6015,15140,10385,32155,2022,Kent,E10000016,47295,16400,34.675968,39.729195,32.296688,.1401,.116,-.28299999,18.805,.127,.13500001,-.35499999
Kent,5910,13955,8225,28855,2023,Kent,E10000016,42810,14135,33.017986,42.35041,28.504591,.1401,.116,-.28299999,18.805,.127,.13500001,-.35499999
Lancashire,5260,8885,12640,26000,2014,Lancashire,E10000017,34885,17900,51.311451,59.200901,48.615383,.2447,.141,.42899999,22.495001,.2219,.162,.493
Lancashire,4350,9090,9850,26740,2015,Lancashire,E10000017,35830,14200,39.631592,47.854786,36.836201,.2447,.141,.42899999,22.495001,.2219,.162,.493
Lancashire5,6130,11080,10820,27620,2016,Lancashire,E10000017,38700,16950,43.79845,55.324909,39.174511,.2447,.141,.42899999,22.495001,.2219,.162,.493
Lancashire,4320,9405,8605,27115,2017,Lancashire,E10000017,36520,12925,35.391567,45.933014,31.735203,.2447,.141,.42899999,22.495001,.2219,.162,.493
Lancashire,3990,9375,8090,26350,2018,Lancashire,E10000017,35725,12080,33.813854,42.560001,30.702087,.2447,.141,.42899999,22.495001,.2219,.162,.493
Lancashire,4835,10170,8230,25430,2019,Lancashire,E10000017,35600,13065,36.69944,47.54179,32.36335,.2447,.141,.42899999,22.495001,.2219,.162,.493
Lancashire,4960,9865,8185,23910,2020,Lancashire,E10000017,33775,13145,38.919319,50.278763,34.23254,.2447,.141,.42899999,22.495001,.2219,.162,.493
Lancashire,4785,9685,8850,25070,2021,Lancashire,E10000017,34755,13635,39.231766,49.4063,35.301155,.2447,.141,.42899999,22.495001,.2219,.162,.493
Lancashire,5440,9810,9745,25730,2022,Lancashire,E10000017,35540,15185,42.726505,55.453617,37.874077,.2447,.141,.42899999,22.495001,.2219,.162,.493
Lancashire,3605,8420,6340,22140,2023,Lancashire,E10000017,30560,9945,32.542538,42.814728,28.635954,.2447,.141,.42899999,22.495001,.2219,.162,.493
Leicestershire,4445,8320,14190,29895,2014,Leicestershire,E10000018,38215,18635,48.763573,53.42548,47.466133,.024700001,.092,-.486,12.457,.0286,.113,-.56699997
Leicestershire,4325,7265,13745,28195,2015,Leicestershire,E10000018,35460,18070,50.958828,59.532001,48.749779,.024700001,.092,-.486,12.457,.0286,.113,-.56699997
Leicestershire,3605,6435,12720,26820,2016,Leicestershire,E10000018,33255,16325,49.090363,56.021755,47.427292,.024700001,.092,-.486,12.457,.0286,.113,-.56699997
Leicestershire,3275,5890,9135,22255,2017,Leicestershire,E10000018,28145,12410,44.09309,55.602718,41.046955,.024700001,.092,-.486,12.457,.0286,.113,-.56699997
Leicestershire2,3255,5790,8115,20080,2018,Leicestershire,E10000018,25870,11370,43.950523,56.217617,40.413345,.024700001,.092,-.486,12.457,.0286,.113,-.56699997
Leicestershire,3430,6115,8970,22035,2019,Leicestershire,E10000018,28150,12400,44.049732,56.091579,40.707966,.024700001,.092,-.486,12.457,.0286,.113,-.56699997
Leicestershire,3270,5870,7320,19870,2020,Leicestershire,E10000018,25740,10590,41.142193,55.706985,36.839455,.024700001,.092,-.486,12.457,.0286,.113,-.56699997
Leicestershire,3695,6710,8125,21850,2021,Leicestershire,E10000018,28560,11820,41.386555,55.067062,37.185356,.024700001,.092,-.486,12.457,.0286,.113,-.56699997
Leicestershire,3305,6725,8630,22950,2022,Leicestershire,E10000018,29675,11935,40.21904,49.144981,37.603485,.024700001,.092,-.486,12.457,.0286,.113,-.56699997
Leicestershire,2020,6425,3980,20845,2023,Leicestershire,E10000018,27270,6000,22.002201,31.43969,19.093307,.024700001,.092,-.486,12.457,.0286,.113,-.56699997
Lincolnshire,1100,8550,1295,23770,2014,Lincolnshire,E10000019,32320,2395,7.4102721,12.865497,5.4480438,.1463,.124,-.024,20.608999,.1442,.145,.102
Lincolnshire,405,9130,990,24935,2015,Lincolnshire,E10000019,34065,1395,4.0951123,4.4359255,3.9703228,.1463,.124,-.024,20.608999,.1442,.145,.102
Lincolnshire34,450,9715,1025,23285,2016,Lincolnshire,E10000019,33000,1475,4.469697,4.6320124,4.4019756,.1463,.124,-.024,20.608999,.1442,.145,.102
Lincolnshire,1500,9690,1120,24640,2017,Lincolnshire,E10000019,34330,2620,7.6318088,15.479877,4.5454545,.1463,.124,-.024,20.608999,.1442,.145,.102
Lincolnshire,585,8045,750,24145,2018,Lincolnshire,E10000019,32190,1335,4.1472507,7.2715974,3.1062331,.1463,.124,-.024,20.608999,.1442,.145,.102
Lincolnshire,825,8025,1260,21770,2019,Lincolnshire,E10000019,29795,2085,6.9978185,10.280374,5.7877812,.1463,.124,-.024,20.608999,.1442,.145,.102
Lincolnshire,1170,8910,2270,21535,2020,Lincolnshire,E10000019,30445,3440,11.299064,13.131313,10.540979,.1463,.124,-.024,20.608999,.1442,.145,.102
Lincolnshire,2665,10440,6110,25610,2021,Lincolnshire,E10000019,36050,8775,24.341192,25.526819,23.857868,.1463,.124,-.024,20.608999,.1442,.145,.102
Lincolnshire,2135,11075,6780,29635,2022,Lincolnshire,E10000019,40710,8915,21.898796,19.277653,22.878353,.1463,.124,-.024,20.608999,.1442,.145,.102
Lincolnshire,205,12940,1280,31640,2023,Lincolnshire,E10000019,44580,1485,3.3310902,1.584235,4.0455122,.1463,.124,-.024,20.608999,.1442,.145,.102
Norfolk,15,6920,405,22565,2014,Norfolk,E10000020,29485,420,1.4244531,.216763,1.7948149,.1504,.121,.068000004,21.158001,.1453,.141,-.039000001
Norfolk,35,6800,665,24025,2015,Norfolk,E10000020,30825,700,2.270884,.5147059,2.7679501,.1504,.121,.068000004,21.158001,.1453,.141,-.039000001
Norfolk,45,7515,620,25905,2016,Norfolk,E10000020,33420,665,1.9898264,.59880239,2.3933604,.1504,.121,.068000004,21.158001,.1453,.141,-.039000001
Norfolk,1695,6870,3545,18290,2017,Norfolk,E10000020,25160,5240,20.82671,24.672489,19.382175,.1504,.121,.068000004,21.158001,.1453,.141,-.039000001
Norfolk,485,9770,3325,28485,2018,Norfolk,E10000020,38255,3810,9.9594822,4.9641762,11.672811,.1504,.121,.068000004,21.158001,.1453,.141,-.039000001
Norfolk,280,10285,280,30800,2019,Norfolk,E10000020,41085,560,1.3630278,2.7224114,.90909094,.1504,.121,.068000004,21.158001,.1453,.141,-.039000001
Norfolk,5,12005,55,29405,2020,Norfolk,E10000020,41410,60,.14489254,.041649312,.18704303,.1504,.121,.068000004,21.158001,.1453,.141,-.039000001
Norfolk,5,12835,45,28820,2021,Norfolk,E10000020,41655,50,.12003361,.038955979,.15614156,.1504,.121,.068000004,21.158001,.1453,.141,-.039000001
Norfolk,3595,13840,4865,30420,2022,Norfolk,E10000020,44260,8460,19.114325,25.975433,15.992768,.1504,.121,.068000004,21.158001,.1453,.141,-.039000001
Norfolk,3225,15870,4385,33780,2023,Norfolk,E10000020,49650,7610,15.327291,20.321362,12.981054,.1504,.121,.068000004,21.158001,.1453,.141,-.039000001
Northamptonshire,1300,2040,3095,7235,2014,Northamptonshire,E10000021,9275,4395,47.385445,63.725491,42.77816,.15109999,.114,-.067000002,18.936001,.16249999,.13500001,-.15800001
Northamptonshire,1550,2915,4335,7850,2015,Northamptonshire,E10000021,10765,5885,54.667904,53.173241,55.222931,.15109999,.114,-.067000002,18.936001,.16249999,.13500001,-.15800001
Northamptonshire,1590,2820,3800,7940,2016,Northamptonshire,E10000021,10760,5390,50.092937,56.38298,47.858944,.15109999,.114,-.067000002,18.936001,.16249999,.13500001,-.15800001
Northamptonshire,1090,2185,2750,8245,2017,Northamptonshire,E10000021,10430,3840,36.816875,49.885582,33.353546,.15109999,.114,-.067000002,18.936001,.16249999,.13500001,-.15800001
Northamptonshire,1370,2460,3715,9615,2018,Northamptonshire,E10000021,12075,5085,42.111801,55.691055,38.637547,.15109999,.114,-.067000002,18.936001,.16249999,.13500001,-.15800001
Northamptonshire,1235,2530,2740,9770,2019,Northamptonshire,E10000021,12300,3975,32.317074,48.814228,28.045036,.15109999,.114,-.067000002,18.936001,.16249999,.13500001,-.15800001
Northamptonshire,1020,3250,2450,8680,2020,Northamptonshire,E10000021,11930,3470,29.086336,31.384615,28.225807,.15109999,.114,-.067000002,18.936001,.16249999,.13500001,-.15800001
North Yorkshire,340,3405,2480,14225,2014,NorthYorkshire,E10000023,17630,2820,15.995462,9.9853153,17.434095,.0581,.093999997,-.419,14.646,.056299999,.111,-.505
North Yorkshire,770,3285,3310,13545,2015,NorthYorkshire,E10000023,16830,4080,24.242424,23.439878,24.437061,.0581,.093999997,-.419,14.646,.056299999,.111,-.505
North Yorkshire,820,3230,3895,14720,2016,NorthYorkshire,E10000023,17950,4715,26.26741,25.386997,26.460598,.0581,.093999997,-.419,14.646,.056299999,.111,-.505
North Yorkshire,865,4285,4350,13725,2017,NorthYorkshire,E10000023,18010,5215,28.956135,20.186697,31.693989,.0581,.093999997,-.419,14.646,.056299999,.111,-.505
North Yorkshire,2645,6990,5430,19055,2018,NorthYorkshire,E10000023,26045,8075,31.004032,37.839771,28.496458,.0581,.093999997,-.419,14.646,.056299999,.111,-.505
North Yorkshire,2425,8490,5285,20115,2019,NorthYorkshire,E10000023,28605,7710,26.953329,28.563015,26.273926,.0581,.093999997,-.419,14.646,.056299999,.111,-.505
North Yorkshire,1790,6400,3590,16260,2020,NorthYorkshire,E10000023,22660,5380,23.742277,27.96875,22.07872,.0581,.093999997,-.419,14.646,.056299999,.111,-.505
North Yorkshire,2055,5255,4945,17005,2021,NorthYorkshire,E10000023,22260,7000,31.446541,39.105614,29.079683,.0581,.093999997,-.419,14.646,.056299999,.111,-.505
North Yorkshire,2230,7125,5380,16715,2022,NorthYorkshire,E10000023,23840,7610,31.921141,31.298246,32.186657,.0581,.093999997,-.419,14.646,.056299999,.111,-.505
North Yorkshire,1935,8820,5535,17860,2023,NorthYorkshire,E10000023,26680,7470,27.998501,21.938776,30.991041,.0581,.093999997,-.419,14.646,.056299999,.111,-.505
Nottinghamshire,3185,5695,9810,22800,2014,Nottinghamshire,E10000024,28495,12995,45.604492,55.92625,43.026318,.153,.114,-.0070000002,18.85,.1426,.134,-.018999999
Nottinghamshire,1460,5320,5655,20920,2015,Nottinghamshire,E10000024,26240,7115,27.115091,27.443609,27.031549,.153,.114,-.0070000002,18.85,.1426,.134,-.018999999
Nottinghamshire3,1860,5590,7115,22375,2016,Nottinghamshire,E10000024,27965,8975,32.093689,33.273705,31.798883,.153,.114,-.0070000002,18.85,.1426,.134,-.018999999
Nottinghamshire,2265,5980,6665,22940,2017,Nottinghamshire,E10000024,28920,8930,30.878284,37.876255,29.054054,.153,.114,-.0070000002,18.85,.1426,.134,-.018999999
Nottinghamshire2,1735,5825,5865,23035,2018,Nottinghamshire,E10000024,28860,7600,26.334026,29.785408,25.461254,.153,.114,-.0070000002,18.85,.1426,.134,-.018999999
Nottinghamshire,1730,5875,6205,25350,2019,Nottinghamshire,E10000024,31225,7935,25.412331,29.446808,24.477318,.153,.114,-.0070000002,18.85,.1426,.134,-.018999999
Nottinghamshire,1745,4725,8430,22145,2020,Nottinghamshire,E10000024,26870,10175,37.867512,36.931217,38.067284,.153,.114,-.0070000002,18.85,.1426,.134,-.018999999
Nottinghamshire,2375,6200,7140,25115,2021,Nottinghamshire,E10000024,31315,9515,30.3848,38.30645,28.429226,.153,.114,-.0070000002,18.85,.1426,.134,-.018999999
Nottinghamshire,2510,5775,8255,24300,2022,Nottinghamshire,E10000024,30075,10765,35.79385,43.463203,33.971195,.153,.114,-.0070000002,18.85,.1426,.134,-.018999999
Nottinghamshire,3890,7900,9110,24015,2023,Nottinghamshire,E10000024,31915,13000,40.733196,49.240505,37.934624,.153,.114,-.0070000002,18.85,.1426,.134,-.018999999
Oxfordshire,665,12110,1970,40840,2014,Oxfordshire,E10000025,52950,2635,4.9763927,5.4913297,4.8237023,.0392,.081,-.75999999,11.513,.035,.096000001,-.75800002
Oxfordshire,1095,3005,3540,10240,2015,Oxfordshire,E10000025,13245,4635,34.994339,36.439266,34.570313,.0392,.081,-.75999999,11.513,.035,.096000001,-.75800002
Oxfordshire,1040,2400,3885,10145,2016,Oxfordshire,E10000025,12545,4925,39.258667,43.333332,38.294727,.0392,.081,-.75999999,11.513,.035,.096000001,-.75800002
Oxfordshire,920,2500,3525,11245,2017,Oxfordshire,E10000025,13745,4445,32.339031,36.799999,31.347265,.0392,.081,-.75999999,11.513,.035,.096000001,-.75800002
Oxfordshire,970,2635,3225,11480,2018,Oxfordshire,E10000025,14115,4195,29.720156,36.812145,28.092335,.0392,.081,-.75999999,11.513,.035,.096000001,-.75800002
Oxfordshire,1670,3605,3740,12010,2019,Oxfordshire,E10000025,15615,5410,34.646175,46.324551,31.140717,.0392,.081,-.75999999,11.513,.035,.096000001,-.75800002
Oxfordshire,3975,6780,4865,14170,2020,Oxfordshire,E10000025,20950,8840,42.195705,58.628319,34.333099,.0392,.081,-.75999999,11.513,.035,.096000001,-.75800002
Oxfordshire,4095,6305,5455,13255,2021,Oxfordshire,E10000025,19560,9550,48.824131,64.948456,41.154282,.0392,.081,-.75999999,11.513,.035,.096000001,-.75800002
Oxfordshire,4645,6905,6250,13605,2022,Oxfordshire,E10000025,20510,10895,53.12043,67.270096,45.938992,.0392,.081,-.75999999,11.513,.035,.096000001,-.75800002
Oxfordshire,3680,6510,4960,12535,2023,Oxfordshire,E10000025,19045,8640,45.366238,56.528419,39.569206,.0392,.081,-.75999999,11.513,.035,.096000001,-.75800002
Somerset,1185,3475,2550,16805,2014,Somerset,E10000027,20280,3735,18.41716,34.100719,15.174055,.084700003,.104,-.161,17.783001,.079599999,.123,-.26300001
Somerset,580,1405,2670,8280,2015,Somerset,E10000027,9685,3250,33.557049,41.281139,32.246376,.084700003,.104,-.161,17.783001,.079599999,.123,-.26300001
Somerset,125,1620,1030,7405,2016,Somerset,E10000027,9025,1155,12.797784,7.7160492,13.90952,.084700003,.104,-.161,17.783001,.079599999,.123,-.26300001
Somerset,105,1765,280,7440,2017,Somerset,E10000027,9205,385,4.1825094,5.9490085,3.7634408,.084700003,.104,-.161,17.783001,.079599999,.123,-.26300001
Somerset,95,2370,565,8100,2018,Somerset,E10000027,10470,660,6.3037248,4.0084386,6.9753084,.084700003,.104,-.161,17.783001,.079599999,.123,-.26300001
Somerset,95,2275,505,9490,2019,Somerset,E10000027,11765,600,5.0998726,4.1758242,5.3213911,.084700003,.104,-.161,17.783001,.079599999,.123,-.26300001
Somerset,165,5470,695,16020,2020,Somerset,E10000027,21490,860,4.0018611,3.0164533,4.3383269,.084700003,.104,-.161,17.783001,.079599999,.123,-.26300001
Somerset,40,3900,170,10960,2021,Somerset,E10000027,14860,210,1.4131898,1.0256411,1.5510949,.084700003,.104,-.161,17.783001,.079599999,.123,-.26300001
Somerset,745,3055,2250,11615,2022,Somerset,E10000027,14670,2995,20.415815,24.386251,19.371502,.084700003,.104,-.161,17.783001,.079599999,.123,-.26300001
Somerset,825,3375,3545,16100,2023,Somerset,E10000027,19475,4370,22.439024,24.444445,22.018633,.084700003,.104,-.161,17.783001,.079599999,.123,-.26300001
Staffordshire,1600,5730,3590,15945,2014,Staffordshire,E10000028,21675,5190,23.944637,27.923212,22.514894,.090700001,.11,-.082999997,16.379999,.091200002,.131,-.106
Staffordshire,995,5735,3740,15630,2015,Staffordshire,E10000028,21365,4735,22.162415,17.349607,23.928343,.090700001,.11,-.082999997,16.379999,.091200002,.131,-.106
Staffordshire,500,5805,2055,17085,2016,Staffordshire,E10000028,22890,2555,11.16208,8.6132641,12.028095,.090700001,.11,-.082999997,16.379999,.091200002,.131,-.106
Staffordshire,1055,5525,4400,17750,2017,Staffordshire,E10000028,23275,5455,23.437164,19.095022,24.788733,.090700001,.11,-.082999997,16.379999,.091200002,.131,-.106
Staffordshire,1270,5255,4385,16675,2018,Staffordshire,E10000028,21930,5655,25.786594,24.167459,26.296852,.090700001,.11,-.082999997,16.379999,.091200002,.131,-.106
Staffordshire,2055,6370,7265,22785,2019,Staffordshire,E10000028,29155,9320,31.967073,32.260597,31.885012,.090700001,.11,-.082999997,16.379999,.091200002,.131,-.106
Staffordshire,2305,6820,9220,24300,2020,Staffordshire,E10000028,31120,11525,37.034061,33.797653,37.942387,.090700001,.11,-.082999997,16.379999,.091200002,.131,-.106
Staffordshire,2700,8280,10915,28455,2021,Staffordshire,E10000028,36735,13615,37.062748,32.608696,38.35881,.090700001,.11,-.082999997,16.379999,.091200002,.131,-.106
Staffordshire,3530,9805,13595,32600,2022,Staffordshire,E10000028,42405,17125,40.384388,36.002041,41.702454,.090700001,.11,-.082999997,16.379999,.091200002,.131,-.106
Staffordshire,2610,8685,13780,32405,2023,Staffordshire,E10000028,41090,16390,39.88805,30.051813,42.524303,.090700001,.11,-.082999997,16.379999,.091200002,.131,-.106
Suffolk,3530,8080,4950,17825,2014,Suffolk,E10000029,25905,8480,32.734993,43.688118,27.769985,.1107,.104,-.25,18.313999,.1052,.124,-.29699999
Suffolk,5390,11840,8400,27675,2015,Suffolk,E10000029,39515,13790,34.89814,45.523647,30.352304,.1107,.104,-.25,18.313999,.1052,.124,-.29699999
Suffolk,7045,15000,10495,33280,2016,Suffolk,E10000029,48280,17540,36.329742,46.966667,31.535458,.1107,.104,-.25,18.313999,.1052,.124,-.29699999
Suffolk,7200,16570,9885,35390,2017,Suffolk,E10000029,51960,17085,32.881062,43.452023,27.93162,.1107,.104,-.25,18.313999,.1052,.124,-.29699999
Suffolk2,5200,11460,9190,28450,2018,Suffolk,E10000029,39910,14390,36.056126,45.375217,32.302284,.1107,.104,-.25,18.313999,.1052,.124,-.29699999
Suffolk,3235,7510,6355,19560,2019,Suffolk,E10000029,27070,9590,35.42667,43.075897,32.489777,.1107,.104,-.25,18.313999,.1052,.124,-.29699999
Suffolk,1830,4360,3820,14630,2020,Suffolk,E10000029,18990,5650,29.752501,41.972477,26.110731,.1107,.104,-.25,18.313999,.1052,.124,-.29699999
Suffolk,2150,4940,4165,15565,2021,Suffolk,E10000029,20505,6315,30.797367,43.522266,26.758753,.1107,.104,-.25,18.313999,.1052,.124,-.29699999
Suffolk,1365,4615,2840,15130,2022,Suffolk,E10000029,19745,4205,21.296532,29.577465,18.770655,.1107,.104,-.25,18.313999,.1052,.124,-.29699999
Suffolk,2145,5070,4165,15560,2023,Suffolk,E10000029,20630,6310,30.586525,42.307693,26.767353,.1107,.104,-.25,18.313999,.1052,.124,-.29699999
Surrey,520,10195,2645,26245,2014,Surrey,E10000030,36440,3165,8.6855106,5.1005397,10.07811,.0082,.072999999,-.88999999,9.3859997,.0070000002,.083999999,-1.03
Surrey,730,6250,3860,29315,2015,Surrey,E10000030,35565,4590,12.905947,11.68,13.16732,.0082,.072999999,-.88999999,9.3859997,.0070000002,.083999999,-1.03
Surrey,3285,8730,9400,29915,2016,Surrey,E10000030,38645,12685,32.824429,37.628864,31.422363,.0082,.072999999,-.88999999,9.3859997,.0070000002,.083999999,-1.03
Surrey,2935,7065,9320,22660,2017,Surrey,E10000030,29725,12255,41.227924,41.542816,41.129745,.0082,.072999999,-.88999999,9.3859997,.0070000002,.083999999,-1.03
Surrey,2685,6570,8785,22880,2018,Surrey,E10000030,29450,11470,38.947369,40.86758,38.395981,.0082,.072999999,-.88999999,9.3859997,.0070000002,.083999999,-1.03
Surrey,2495,6820,8730,24130,2019,Surrey,E10000030,30950,11225,36.268173,36.583576,36.179031,.0082,.072999999,-.88999999,9.3859997,.0070000002,.083999999,-1.03
Surrey,6000,13080,8910,26790,2020,Surrey,E10000030,39870,14910,37.396538,45.871559,33.258678,.0082,.072999999,-.88999999,9.3859997,.0070000002,.083999999,-1.03
Surrey,4105,15345,9390,29780,2021,Surrey,E10000030,45125,13495,29.905817,26.751385,31.531229,.0082,.072999999,-.88999999,9.3859997,.0070000002,.083999999,-1.03
Surrey,4160,13970,10200,29540,2022,Surrey,E10000030,43510,14360,33.003906,29.778095,34.529453,.0082,.072999999,-.88999999,9.3859997,.0070000002,.083999999,-1.03
Surrey,5315,14260,7975,26620,2023,Surrey,E10000030,40880,13290,32.509785,37.272091,29.958677,.0082,.072999999,-.88999999,9.3859997,.0070000002,.083999999,-1.03
Warwickshire,1140,3940,2635,9740,2014,Warwickshire,E10000031,13680,3775,27.59503,28.93401,27.053389,.066399999,.104,-.249,15.006,.059799999,.125,-.26300001
Warwickshire,1255,4530,4280,9845,2015,Warwickshire,E10000031,14375,5535,38.504349,27.704195,43.473846,.066399999,.104,-.249,15.006,.059799999,.125,-.26300001
Warwickshire3,1125,2605,2805,7530,2016,Warwickshire,E10000031,10135,3930,38.776516,43.18618,37.250996,.066399999,.104,-.249,15.006,.059799999,.125,-.26300001
Warwickshire,480,1880,2145,7155,2017,Warwickshire,E10000031,9035,2625,29.05368,25.531916,29.979036,.066399999,.104,-.249,15.006,.059799999,.125,-.26300001
Warwickshire,815,1555,2640,6385,2018,Warwickshire,E10000031,7940,3455,43.513855,52.411575,41.346909,.066399999,.104,-.249,15.006,.059799999,.125,-.26300001
Warwickshire,1800,2670,7315,12350,2019,Warwickshire,E10000031,15020,9115,60.685753,67.415733,59.23077,.066399999,.104,-.249,15.006,.059799999,.125,-.26300001
Warwickshire,1600,3390,5215,12080,2020,Warwickshire,E10000031,15470,6815,44.053005,47.197639,43.170528,.066399999,.104,-.249,15.006,.059799999,.125,-.26300001
Warwickshire,1410,3375,4540,12450,2021,Warwickshire,E10000031,15825,5950,37.598736,41.777779,36.465862,.066399999,.104,-.249,15.006,.059799999,.125,-.26300001
Warwickshire,1840,2730,5000,10685,2022,Warwickshire,E10000031,13415,6840,50.987701,67.399269,46.794571,.066399999,.104,-.249,15.006,.059799999,.125,-.26300001
Warwickshire,1165,2345,3005,11470,2023,Warwickshire,E10000031,13815,4170,30.184582,49.680172,26.19878,.066399999,.104,-.249,15.006,.059799999,.125,-.26300001
West Sussex,1235,5060,2810,10865,2014,WestSussex,E10000032,15925,4045,25.400314,24.407114,25.862862,.0425,.094999999,-.42500001,14.027,.0418,.111,-.51700002
West Sussex,310,3730,1380,10325,2015,WestSussex,E10000032,14055,1690,12.024191,8.3109922,13.365618,.0425,.094999999,-.42500001,14.027,.0418,.111,-.51700002
West Sussex,245,3825,885,10805,2016,WestSussex,E10000032,14630,1130,7.723855,6.4052286,8.1906528,.0425,.094999999,-.42500001,14.027,.0418,.111,-.51700002
West Sussex,720,5630,2465,16580,2017,WestSussex,E10000032,22210,3185,14.340387,12.788632,14.86731,.0425,.094999999,-.42500001,14.027,.0418,.111,-.51700002
West Sussex2,1650,7990,4385,18270,2018,WestSussex,E10000032,26260,6035,22.981722,20.650814,24.001095,.0425,.094999999,-.42500001,14.027,.0418,.111,-.51700002
West Sussex,1685,9125,5185,25050,2019,WestSussex,E10000032,34175,6870,20.102413,18.465754,20.698603,.0425,.094999999,-.42500001,14.027,.0418,.111,-.51700002
West Sussex,1085,5965,3230,17075,2020,WestSussex,E10000032,23040,4315,18.728298,18.189438,18.916544,.0425,.094999999,-.42500001,14.027,.0418,.111,-.51700002
West Sussex,1430,6190,3875,17720,2021,WestSussex,E10000032,23910,5305,22.187368,23.101776,21.867947,.0425,.094999999,-.42500001,14.027,.0418,.111,-.51700002
West Sussex,5290,11365,11970,30155,2022,WestSussex,E10000032,41520,17260,41.570328,46.546413,39.694908,.0425,.094999999,-.42500001,14.027,.0418,.111,-.51700002
West Sussex,5060,11370,6295,23575,2023,WestSussex,E10000032,34945,11355,32.493919,44.503078,26.702015,.0425,.094999999,-.42500001,14.027,.0418,.111,-.51700002
Worcestershire,1880,5880,11205,22500,2014,Worcestershire,E10000034,28380,13085,46.106415,31.97279,49.799999,.1265,.107,-.226,17.704,.1143,.127,-.26199999
Worcestershire,2285,7470,10265,24260,2015,Worcestershire,E10000034,31730,12550,39.552475,30.589024,42.312447,.1265,.107,-.226,17.704,.1143,.127,-.26199999
Worcestershire,1400,6185,7820,22195,2016,Worcestershire,E10000034,28380,9220,32.487667,22.635408,35.233162,.1265,.107,-.226,17.704,.1143,.127,-.26199999
Worcestershire,1670,5785,7190,21620,2017,Worcestershire,E10000034,27405,8860,32.329868,28.867762,33.256245,.1265,.107,-.226,17.704,.1143,.127,-.26199999
Worcestershire,1975,5855,8075,23455,2018,Worcestershire,E10000034,29310,10050,34.288639,33.731853,34.427628,.1265,.107,-.226,17.704,.1143,.127,-.26199999
Worcestershire,2870,6160,10605,22345,2019,Worcestershire,E10000034,28505,13475,47.272408,46.590908,47.460281,.1265,.107,-.226,17.704,.1143,.127,-.26199999
Worcestershire,1775,5360,6070,18735,2020,Worcestershire,E10000034,24095,7845,32.55862,33.115673,32.399254,.1265,.107,-.226,17.704,.1143,.127,-.26199999
Worcestershire,2355,6725,5415,20730,2021,Worcestershire,E10000034,27455,7770,28.300856,35.018589,26.121563,.1265,.107,-.226,17.704,.1143,.127,-.26199999
Worcestershire,2605,7610,6880,23080,2022,Worcestershire,E10000034,30690,9485,30.905832,34.231274,29.809359,.1265,.107,-.226,17.704,.1143,.127,-.26199999
Worcestershire,1685,6920,3010,19520,2023,Worcestershire,E10000034,26440,4695,17.757187,24.34971,15.420082,.1265,.107,-.226,17.704,.1143,.127,-.26199999
