"Year","LTLA18CD","LTLA18NM","Pop_Est_Total","Grants_Inside_AEF","Grants_Outside_AEF","Grants_LSSG_ABG","Grants_RSG","Income_Rates","Police_Grant","Central_Gov_Funding_Total","Central_Gov_Funding_Total_PerCap"
2002,"E07000223","Adur",60050,6323.43919909533,8593.36695573401,NA,13191.2738966846,20090.6135762998,3646.00394432465,51844.6975721383,0.863358827179656
2003,"E07000223","Adur",59993,8447.16900024112,9635.9110769987,NA,17503.92777655,18869.7310999249,3763.91467163003,58220.6536253448,0.970457447124578
2004,"E07000223","Adur",59961,9211.6502157596,16664.0401207853,NA,19368.971107561,17944.2867667773,3798.91267726212,66987.8608881454,1.11719052197504
2005,"E07000223","Adur",59821,9983.06518896595,17458.2319033432,NA,17737.2452007199,21272.6266894792,3878.14743045856,70329.3164129669,1.17566266717318
2006,"E07000223","Adur",60337,38255.058978495,18611.9812735239,NA,2165.00355642982,11214.8807944432,3595.31702288974,73842.2416257817,1.22383018091356
2007,"E07000223","Adur",60564,40577.4581854825,20284.7527600739,NA,1985.72333036179,11833.1864772745,3667.22076832003,78348.3415215127,1.29364542502993
2008,"E07000223","Adur",60721,40440.1501124535,21425.4780256097,2205.05501290807,1832.91333523006,13166.4993108804,3723.18245776285,82793.2782548445,1.36350320737215
2009,"E07000223","Adur",61023,40338.5648933456,25792.3079240037,2302.97129035135,2845.72762606776,12329.7588800002,3826.41361497807,87435.7442287467,1.43283260784863
2010,"E07000223","Adur",61216,40837.8327471922,27929.385991487,3133.51188688595,1940.81929506166,13367.9270519092,3914.40329762576,91123.8802701617,1.488563125166
2011,"E07000223","Adur",61334,42604.4325885645,27126.7176553406,173.38704246037,3578.68580740508,11579.0156142953,4153.96167499441,89216.2003830603,1.45459615193955
2012,"E07000223","Adur",61970,40618.8819878022,28572.8809657617,174.642445708123,279.318690007133,14398.2500724334,3862.1173830951,87906.0915448076,1.41852657003078
2013,"E07000223","Adur",62605,41745.2136283661,22883.8417281297,73.4121867936909,10237.4092521934,6669.80098792136,6415.21041547589,88024.8881988801,1.4060360705835
2014,"E07000223","Adur",63266,39325.3025808603,22679.4523115193,65.6646646887703,8890.29495299285,7225.05474935943,6665.30645984507,84851.0757192657,1.34117971294638
2015,"E07000223","Adur",63526,39357.880617319,21937.4682725448,51.2889919799648,7137.44383769118,7756.60788169703,6315.65279119511,82556.342392427,1.29956777370568
2016,"E07000223","Adur",63621,39146.822142297,21213.3628151339,40.2660753251906,4761.54342959163,7555.53750318814,6232.11593247399,78949.6478980099,1.24093692173983
2017,"E07000223","Adur",63721,40106.9531387546,20391.9561120122,41.4912072814902,2341.2991049483,8074.78093348648,6128.2969245029,77084.7774209859,1.20972328464691
2018,"E07000223","Adur",63869,42068.3155362664,19046.7126551535,33.9850556324023,901.459178065604,8516.24285384817,6102.62202311606,76669.3373020821,1.20041549581302
2002,"E07000026","Allerdale",93816,13978.2371608473,23490.1937889953,NA,33559.7970516554,31380.6614028374,6284.01580581197,108692.905210147,1.15857535186053
2003,"E07000026","Allerdale",94559,18269.1148497239,25870.843949777,NA,40380.5568366614,29766.0934953972,6713.23499732359,120999.844128883,1.2796227131091
2004,"E07000026","Allerdale",94846,20203.3264338739,27943.4843388198,NA,44444.000662736,28334.7972714672,6665.23319014463,127590.841897042,1.34524220206484
2005,"E07000026","Allerdale",95035,18830.3352345888,29025.7211793819,NA,43453.7115020924,33838.742827539,6992.6364477708,132141.147191373,1.3904471741082
2006,"E07000026","Allerdale",95279,67573.2797561411,31319.4799273475,NA,5877.06121532518,30446.6552996814,5627.3886586757,140843.864857171,1.47822568306942
2007,"E07000026","Allerdale",95880,71301.0598747152,32897.9544549592,NA,5483.55088572005,32672.0738649185,5756.87047579871,148111.509556112,1.54475917350972
2008,"E07000026","Allerdale",96186,67606.2817717941,36163.1164985746,5287.00679155787,5155.6313513643,37030.7421483842,5907.69405648851,157150.472618164,1.63381856630033
2009,"E07000026","Allerdale",96377,72561.6801687747,35187.2864197482,5528.18922853275,8230.20479007001,35657.5629330692,6077.03995119672,163241.963491392,1.69378548296161
2010,"E07000026","Allerdale",96301,73251.7365949237,39504.2006457869,6553.42694910679,5766.18009456879,39712.0457369068,6239.20887107255,171026.798892366,1.77596077810579
2011,"E07000026","Allerdale",96444,57534.5217109462,39206.3820498302,80,10804.7642237059,34953.9824255678,6378.24727850393,148957.897688554,1.5445014483903
2012,"E07000026","Allerdale",96269,63071.6343285825,37722.9720555684,396.495555933935,829.419527048006,42777.005715087,5890.43900802276,150687.966190242,1.56528026872869
2013,"E07000026","Allerdale",96269,62276.2958902626,32352.90859761,179.660609148664,27331.0466620796,18531.0813602435,12713.1339059858,153384.12702533,1.59328680079081
2014,"E07000026","Allerdale",96532,62066.8640544488,30542.5259402539,124.760927492496,23192.7164710981,20773.5652278601,13163.1904184792,149863.623039633,1.55247610159981
2015,"E07000026","Allerdale",96756,61990.9259598741,30178.3698536446,83.7301040352521,17779.2430979119,20566.8508487086,12562.4580639856,143161.57792816,1.47961447277854
2016,"E07000026","Allerdale",97099,62776.2844887559,30116.6702920851,46.1362990258484,13099.3645500238,21530.4726028633,12535.2519121158,140104.18014487,1.44290034032142
2017,"E07000026","Allerdale",97213,64609.9120842739,27889.7651828442,55.5920842738901,8974.97208126411,21830.3535791322,12398.0100928016,135758.60510459,1.39650669256776
2018,"E07000026","Allerdale",97527,68920.9253078847,21203.4289459759,57.8646750372829,6310.03138379757,22168.1542791168,12425.2660316544,131085.670623467,1.34409620539406
2002,"E07000032","Amber Valley",117265,14236.308655029,18443.7641332451,NA,32693.6695839817,39220.7113043457,6824.14850039366,111418.602176995,0.950143710203345
2003,"E07000032","Amber Valley",117898,18332.9474308068,27670.0824661981,NA,43455.1400733719,37005.3635050786,7228.87285720293,133692.406332658,1.13396670285042
2004,"E07000032","Amber Valley",118421,20068.88552833,29392.3805164353,NA,49614.4588889348,35504.7155938881,7434.40036694963,142014.840894538,1.19923696721475
2005,"E07000032","Amber Valley",119152,23445.6339249481,31047.7647835741,NA,48090.6198335756,42657.9227808497,7639.6739778321,152881.61530078,1.28308056348848
2006,"E07000032","Amber Valley",120038,86224.3846863478,31842.6741676602,NA,5955.81272811393,30854.3271827979,7349.17876496706,162226.377529887,1.35145851755183
2007,"E07000032","Amber Valley",120436,89430.2452967577,33212.3900736008,NA,5543.62318617456,33034.6239253049,7500.06457731024,168720.947059148,1.40091789049078
2008,"E07000032","Amber Valley",121170,80777.9576520995,35718.0624955664,5247.65298369235,5323.34493556903,38240.060480953,7661.07143533615,172968.149983216,1.42748328780405
2009,"E07000032","Amber Valley",121532,89145.1514728923,42691.6225963834,5567.56513724018,8553.1958110456,37055.1764629614,7860.37035516321,190873.081835686,1.57055822199656
2010,"E07000032","Amber Valley",122081,92768.9483025757,45853.996142968,7618.65637386906,6033.97973321513,41550.1259458759,8065.53963662446,201891.246135128,1.65374829936786
2011,"E07000032","Amber Valley",122521,88811.2178816751,44169.1889039404,341.003810880668,11244.6281751471,36380.4018358693,8429.97197515572,189376.412582668,1.5456649275036
2012,"E07000032","Amber Valley",122798,86060.2874024836,43703.6085823664,362.969611981503,860.037299598749,44373.5911653307,7797.00668548913,183157.50074725,1.49153488450341
2013,"E07000032","Amber Valley",123592,88445.6085253773,35185.223768057,241.888238937267,29236.2174960645,19762.1365886551,13240.4842254154,186111.558842506,1.50585441486914
2014,"E07000032","Amber Valley",124050,87574.9080940635,36037.7636977788,187.255600462338,24586.597663914,21101.9389194999,13755.4782389767,183243.942214695,1.47717809121076
2015,"E07000032","Amber Valley",124188,87514.4062009732,36206.3392472829,158.430166955696,18131.1246240062,20437.1337555611,13066.7481178101,175514.182112589,1.41329421612868
2016,"E07000032","Amber Valley",124802,85638.7683515654,36575.4017571377,0,13163.1770145062,21516.240032456,12987.4915416751,169881.07869734,1.36120477794699
2017,"E07000032","Amber Valley",125898,87268.3050624478,34660.6408153885,0,8558.2320462758,21789.5960958756,12858.2783851287,165135.052405116,1.31165747196235
2018,"E07000032","Amber Valley",126678,87770.9835145406,30813.7698350294,0,0,32228.6605131709,12884.9280614744,163698.341924215,1.29223970953295
2002,"E07000224","Arun",142385,15081.414244183,25179.5571855485,NA,31582.8786641038,47813.2030651364,8645.06697106853,128302.12013004,0.901092953120344
2003,"E07000224","Arun",143458,20260.3255119196,27112.4631921071,NA,41445.3112357827,45062.197641942,9000.44456791128,142880.742149663,0.995976119489068
2004,"E07000224","Arun",145149,24234.489887882,38281.2019394585,NA,45971.4961273389,43310.3831308845,9196.1170793002,160993.688164864,1.10916153859044
2005,"E07000224","Arun",145985,25936.0645360525,42863.20948178,NA,42204.9063477223,51855.8425179055,9464.09041365897,172324.113297119,1.18042342224968
2006,"E07000224","Arun",146750,92988.132142701,44468.6682282783,NA,5013.66857659605,25975.2137259814,8744.43166065714,177190.114334214,1.20742837706449
2007,"E07000224","Arun",147725,99364.2061530018,50542.7789855676,NA,4556.2005313007,27150.5535360177,8944.92087708997,190558.660082978,1.28995539064463
2008,"E07000224","Arun",148458,97331.3898386822,52219.6938575774,5463.18356262753,4230.26028757076,30391.1881341658,9102.88403212326,198738.599712747,1.33868568694679
2009,"E07000224","Arun",148891,98369.1884950776,61006.6814989895,5675.93865250321,6562.57517612793,28432.2774757405,9336.12817376562,209382.789472204,1.40628237752587
2010,"E07000224","Arun",149467,100586.747961719,67993.3182009538,7703.66205235858,4490.44809486051,30922.2437543732,9557.53590051995,221253.955964785,1.48028632383593
2011,"E07000224","Arun",149811,102906.825015904,67044.4894294231,284.280484201756,8537.65429440706,27618.0718882381,10146.2345924379,216537.555704612,1.44540491489017
2012,"E07000224","Arun",151556,98920.4921178529,70110.9542624976,287.710480905927,663.482191104101,34236.0710340118,9445.32938699953,213664.039473372,1.40980257774929
2013,"E07000224","Arun",153013,102372.646352802,59374.0590742962,179.426865871145,24167.9550659829,16736.9337363599,15679.4280217748,218510.449117087,1.42805153233442
2014,"E07000224","Arun",154653,97569.8698833147,59460.2056449499,160.516507889109,21014.5863238581,17891.1552042595,16293.2639954228,212389.597559694,1.37332995518803
2015,"E07000224","Arun",155798,98371.9342697015,56014.2491881423,125.786644405355,16914.6552124266,17944.3041078084,15489.1866883263,204860.11611081,1.31490851044821
2016,"E07000224","Arun",157287,99266.2729805484,54717.9445010919,99.547793805084,11524.2031626378,16844.7063118145,15407.3469243023,197860.0216742,1.25795534070966
2017,"E07000224","Arun",158657,103111.790714762,52842.5204856093,103.307708191324,5904.77542872495,20156.324423097,15258.6620604017,197377.380820787,1.24405088222257
2018,"E07000224","Arun",159827,108141.217385819,49848.0546045063,85.0448494036225,2449.82858746326,21098.8024957646,15271.3173854072,196894.265308364,1.23192117294552
2002,"E07000170","Ashfield",112488,15875.9248343008,17482.133494888,NA,34991.2192793683,37095.5118578434,7432.65269878459,112877.442165185,1.00346207742324
2003,"E07000170","Ashfield",113048,21318.3407209058,18220.9087413226,NA,44512.721376306,35476.1003123359,7932.95659479463,127461.027745665,1.12749476103659
2004,"E07000170","Ashfield",114105,24183.8149583222,28782.6846534323,NA,50289.2203868332,34197.3373383373,8131.29298763202,145584.350324557,1.27588055146187
2005,"E07000170","Ashfield",115020,25546.3037464634,30707.8615577887,NA,48735.3200536407,40979.7424707427,8495.16706072051,154464.394889356,1.34293509728183
2006,"E07000170","Ashfield",115704,84612.2879467964,33236.9130418795,NA,6133.1519711566,31770.7200488788,7845.76382499625,163598.836833708,1.4139427922432
2007,"E07000170","Ashfield",116301,91055.7507792705,35526.320485573,NA,5701.536332558,33979.179381581,8014.88023056289,174277.667209545,1.49850531989876
2008,"E07000170","Ashfield",116971,86848.6309214046,37767.5661200501,6343.8289331775,5388.53711580175,38710.4139876642,8363.63909400912,183422.616172107,1.56810334332533
2009,"E07000170","Ashfield",117875,94296.3437023318,44465.4949163551,6545.56982713865,8653.77146873047,37497.3868620056,8603.26859010915,200061.835366671,1.69723720353485
2010,"E07000170","Ashfield",118566,88461.2096689117,50422.6292042452,9073.72879045997,6086.12442796041,41909.4651738582,8830.08618254787,204783.243447983,1.72716667044501
2011,"E07000170","Ashfield",119522,86760.9302499218,47278.1674905836,219.813438299127,11248.2151981242,36390.7666067986,9517.31299767579,191415.205981403,1.60150604893997
2012,"E07000170","Ashfield",120120,73188.4284005759,45403.9265282422,202.944693969756,857.252119804717,44233.064650618,8821.89847355342,172707.514866764,1.43779149905731
2013,"E07000170","Ashfield",121546,69448.8759502981,35304.4996219512,89.279704378201,28489.2048328201,20429.2652761374,15096.1958900892,168857.321275674,1.38924622180635
2014,"E07000170","Ashfield",122490,67394.4149895671,35994.6574068933,50.578069799006,23941.7508754109,20638.6363163013,15731.6092906727,163751.646948644,1.33685726956196
2015,"E07000170","Ashfield",123577,69661.6923752643,35029.2705893697,37.5536176984608,17656.817356588,20522.008982777,14992.4097504962,157899.752672194,1.27774385745077
2016,"E07000170","Ashfield",124513,68140.6664895939,34878.290202932,0,12533.2076772269,21435.1205482921,14878.9408956737,151866.225813719,1.21968168635981
2017,"E07000170","Ashfield",126164,70759.9840975003,32566.6032865685,0,7856.16447230203,21190.2209595635,14740.5078653253,147113.48068126,1.16604959165261
2018,"E07000170","Ashfield",127151,70304.0758579826,31840.4512187946,0,4837.52557884938,22961.179031675,14763.9893761453,144707.221063447,1.13807379464925
2002,"E07000105","Ashford",104377,17648.4083342517,14023.8198458534,NA,34737.1310956877,34990.6065549137,6728.48519031229,108128.451021019,1.0359413570137
2003,"E07000105","Ashford",105636,20018.7613101118,15919.2133411121,NA,42409.8312540574,33022.1444587492,7004.5519492815,118374.502313312,1.12058864698883
2004,"E07000105","Ashford",107264,21654.9469138993,28970.8637790589,NA,47891.6276620311,31900.5449738465,7036.75111836676,137454.734447202,1.28146194853075
2005,"E07000105","Ashford",109409,21055.4297932194,30996.3611670609,NA,46135.2938504517,38708.9809214303,7488.12417018217,144384.189902344,1.31967379193983
2006,"E07000105","Ashford",111459,78100.1713555031,35275.7910580776,NA,5280.12482064711,27352.8149800516,6991.72703321502,153000.629247495,1.37270771537063
2007,"E07000105","Ashford",113286,84468.4581572766,35654.8036170151,NA,4797.12989502023,28586.2370457057,7202.0673160557,160708.696031073,1.41861038461128
2008,"E07000105","Ashford",114556,83659.0165842745,38828.4128909317,5008.53140149567,4413.14396148745,31703.5127586589,7455.84250076716,171068.460097615,1.49331733036781
2009,"E07000105","Ashford",115694,87453.3180998087,46613.535393663,5314.13994798188,6953.45472124275,30125.3437799213,7695.65143948773,184155.443382105,1.59174584146201
2010,"E07000105","Ashford",116975,86409.5764133484,48412.8414126138,7229.75242181823,4832.84209752759,33282.430773751,7928.39477372258,188095.837892782,1.60800032393915
2011,"E07000105","Ashford",118405,82451.8353532193,47850.8906231076,257.566114727515,9314.08631362966,30133.0263399857,8061.53379066405,178068.938535334,1.50389712035247
2012,"E07000105","Ashford",120128,77751.5611579571,50823.6383400125,278.944469854765,720.248215717411,37155.4352699755,7523.558988515,174253.386442032,1.45056428511281
2013,"E07000105","Ashford",121684,78924.3657482687,41166.4555487188,197.14073808162,25237.0735683827,17058.9241096535,13183.215789972,175767.175503077,1.44445593096116
2014,"E07000105","Ashford",123159,76223.2975284863,41887.2564073952,175.113654599049,21462.1399086322,18199.1083848287,13579.1048401891,171526.020724131,1.39272014813477
2015,"E07000105","Ashford",124047,77160.9155664465,39466.7943353941,143.829690762261,16140.4906706252,19283.8028480872,12911.324559745,165107.15767106,1.33100484228607
2016,"E07000105","Ashford",125871,78191.4962330935,41630.8441366131,113.823667684126,11211.3859899649,19424.992200941,12894.6446864881,163467.186914785,1.29868823569198
2017,"E07000105","Ashford",127527,79437.3244965498,38230.5372463453,121.650689293185,6797.70152896872,20388.8339080218,12790.0619423529,157766.109811532,1.23711927522432
2018,"E07000105","Ashford",129281,80658.8191766868,37226.635434247,157.910725521684,0,30502.0785873279,12866.0807883982,161411.524712182,1.24853245807336
2002,"E07000004","Aylesbury Vale",165631,23037.9990349644,20328.4558109947,NA,36268.8738979203,55334.0394241751,9631.60995010551,144600.97811816,0.87303088261352
2003,"E07000004","Aylesbury Vale",165693,27055.0758666908,24926.2513227759,NA,49559.8641596776,52444.1639985152,10356.1551648832,164341.510512543,0.991843412289854
2004,"E07000004","Aylesbury Vale",165886,31345.4646265082,35135.0035544221,NA,58160.8395562742,49820.8252042733,10485.994797478,184948.127738956,1.11491100960271
2005,"E07000004","Aylesbury Vale",166731,34047.2198036247,37936.7820678569,NA,55985.226291791,59315.4234954913,10823.348173728,198107.999832492,1.1881893579028
2006,"E07000004","Aylesbury Vale",168108,118270.868434051,41228.9465148556,NA,5987.87622962479,31019.5573636804,10489.4062255194,206996.654767731,1.23133137487645
2007,"E07000004","Aylesbury Vale",169540,127022.338506435,46934.4267750535,NA,5449.32033909177,32470.575085547,10719.0052430612,222595.665949188,1.31293892856664
2008,"E07000004","Aylesbury Vale",170659,127070.623921349,50600.9137627432,6242.37746363103,5033.73426503743,36158.7368657835,10860.268296267,235966.654574811,1.38267922919278
2009,"E07000004","Aylesbury Vale",171418,132445.028000831,59254.9583299466,6650.02271793237,7831.54592995012,33930.5668190987,11113.9394503424,251226.061248101,1.46557573445088
2010,"E07000004","Aylesbury Vale",172892,136664.124151041,62034.8615727298,7664.43942563939,5378.36666880548,37041.094494701,11396.6199559287,260179.506268845,1.50486723659189
2011,"E07000004","Aylesbury Vale",174880,120852.046436663,48380.8511829072,0,9826.0688765097,31788.660644196,12156.5025604646,223004.129700741,1.27518372427231
2012,"E07000004","Aylesbury Vale",177600,111268.848034909,55743.4511138216,472.438734752428,759.421073653974,39197.6727202213,11376.2551899634,218818.086867321,1.23208382245113
2013,"E07000004","Aylesbury Vale",180875,114063.949605123,48668.1640721915,241.034279085917,27318.066017244,27550.5155399346,18471.062234537,236312.791748116,1.30649781201446
2014,"E07000004","Aylesbury Vale",184245,117957.301148147,49204.8101344954,142.18946054905,24019.0044522069,18688.6586669689,19182.3344431938,229194.298305561,1.2439648202424
2015,"E07000004","Aylesbury Vale",188312,125233.049299388,50212.4984274709,122.537090648323,18878.2192055933,20484.6359459679,18499.5367173842,233430.476686452,1.23959427273064
2016,"E07000004","Aylesbury Vale",192680,130892.776942075,47598.236803478,0,11205.3836990275,21039.4018942601,18657.4050592212,229393.204398062,1.19053977785998
2017,"E07000004","Aylesbury Vale",196020,147961.492929484,45938.2568534488,0,4327.15596424448,11903.4409784244,18635.9050815823,228766.251807184,1.16705566680535
2018,"E07000004","Aylesbury Vale",199448,136936.485359233,47628.9382912769,0,649.398619454756,26963.0990816218,18836.6078220031,231014.529173589,1.15826946960405
2002,"E07000200","Babergh",84112,9571.33359176612,11236.5336572885,NA,20785.566204996,28009.4011805882,4701.11689809496,74303.9515327337,0.883392994254491
2003,"E07000200","Babergh",85066,12768.4579048089,12064.1114457124,NA,27519.6889352635,26504.8706178971,5033.99047853856,83891.1193822203,0.986188599231424
2004,"E07000200","Babergh",85622,15458.2937611651,18573.7123411122,NA,31567.1888382744,25300.3703741327,5017.76005932487,95917.3253740094,1.12024158947478
2005,"E07000200","Babergh",85957,15327.4935909102,19829.9224761656,NA,30284.3785267906,30180.6350838376,5278.84476174236,100901.274439446,1.17385756179772
2006,"E07000200","Babergh",86698,54976.9496515454,22950.1458786476,NA,3986.53798717141,20650.1398982305,4706.98825397142,107270.761669566,1.23729222899682
2007,"E07000200","Babergh",86916,58580.5094818542,23893.4000823528,NA,3686.79009622869,21966.7108006272,4798.89707027064,112926.307531334,1.29925799083406
2008,"E07000200","Babergh",87260,55133.2130110254,24834.6320392862,3756.73715332023,3475.24328758532,24963.3412678414,4915.57288604434,117078.739645103,1.34172289302204
2009,"E07000200","Babergh",87411,59160.0260908431,27783.3837629128,3916.54508530556,5516.58436220295,23900.7186148934,5050.77630353267,125328.034219691,1.43377874889534
2010,"E07000200","Babergh",87467,59091.6152344829,28900.4949804966,5394.82682851365,3837.70708145021,26429.9360448413,5169.90599688387,128824.486166669,1.47283531122216
2011,"E07000200","Babergh",87901,56975.2917235627,28573.1820818947,365.727664685749,7149.55117355331,23129.5009580446,5526.64145573478,121719.895057476,1.3847384564166
2012,"E07000200","Babergh",88088,52204.7576944386,28944.4519993122,269.963452610664,545.201459603003,28120.1777123971,5140.17561087442,115224.727929236,1.30806384444233
2013,"E07000200","Babergh",88704,51320.8309641717,23172.9945477574,237.659580019678,19065.4897070575,12347.7703534988,8462.29920472274,114607.044357228,1.29201664363758
2014,"E07000200","Babergh",89413,49668.4391844299,23197.3672988112,604.688637964496,16178.965645745,13690.8872227437,8881.22160837927,112221.569598074,1.25509231988719
2015,"E07000200","Babergh",89900,48799.580546023,21503.4588797621,707.899568563152,12449.3954588129,12849.5412325774,8505.18486520608,104815.060550945,1.16590723638426
2016,"E07000200","Babergh",90250,46380.5567277931,19944.611774886,807.090691250374,9189.50058242087,13698.2775651479,8455.33197989816,98475.3693213965,1.09113982627586
2017,"E07000200","Babergh",90794,42650.6472080615,19024.1937967999,1145.28310133187,5924.33144160068,14912.6640325082,8334.45975708673,91991.5793373889,1.0131900713416
2018,"E07000200","Babergh",91401,42065.3677052189,16961.2973874045,2468.30266321801,0,20016.9809532849,8372.72566165188,89884.6743707782,0.983410185564471
2002,"E09000002","Barking and Dagenham",166357,65985.38724911,32199.5630680831,NA,116916.073209311,52236.0718917788,22910.2546219019,290247.350040185,1.74472580077896
2003,"E09000002","Barking and Dagenham",166210,124899.312490997,54943.8114870185,NA,130869.076676813,52059.646172718,24328.5540899795,387100.400917526,2.32898382117518
2004,"E09000002","Barking and Dagenham",165610,103363.422816505,101123.820343266,NA,148121.708407274,50552.8776546437,25023.6375113855,428185.466733074,2.58550490147379
2005,"E09000002","Barking and Dagenham",166275,99210.783059965,109159.955368187,NA,150359.823270194,59810.9769915158,26033.3839805219,444574.922670384,2.67373280812139
2006,"E09000002","Barking and Dagenham",167157,268040.302924987,120719.617229273,NA,17233.3139745914,89274.3497125822,22028.6451531853,517296.228994619,3.09467284645345
2007,"E09000002","Barking and Dagenham",169031,259914.25390472,130429.131635089,NA,15898.2483516872,94736.7690982993,22557.5830411051,523535.9860309,3.09727793144985
2008,"E09000002","Barking and Dagenham",172452,249027.632746662,141742.390812734,10920,14718.2447135946,105726.920988188,23251.0703274036,545386.259588582,3.16253948686349
2009,"E09000002","Barking and Dagenham",177580,273895.60358037,155783.361879759,15900.3335066604,23436.9644000436,101542.258975594,24227.7066938081,594786.229036235,3.349398744432
2010,"E09000002","Barking and Dagenham",182838,296298.504633983,164785.535326264,19695.9793723125,16405.0550997055,112974.039370861,25283.0761356299,635442.189938756,3.47543831117577
2011,"E09000002","Barking and Dagenham",187029,346577.555186126,176601.275105562,977.115016965882,31227.2889926109,101025.946067644,25708.0537745141,682117.234143423,3.6471201479098
2012,"E09000002","Barking and Dagenham",190663,327837.107511589,168594.782924028,904.789531694764,2394.94915206504,123527.523543078,24131.2752469571,647390.427909411,3.3954696396753
2013,"E09000002","Barking and Dagenham",194576,327445.822986478,164410.336418429,70,80655.9094049534,55498.8882147081,45303.1590639359,673384.116088505,3.4607768485759
2014,"E09000002","Barking and Dagenham",198650,327796.895952803,160487.493897345,46,66815.9508527416,73379.077191624,46610.6463652356,675136.064259749,3.39862101313742
2015,"E09000002","Barking and Dagenham",203101,290768.94949196,162679.392315041,40,49471.3718842774,76115.7822472317,44849.1498890611,623924.645827572,3.07199199328202
2016,"E09000002","Barking and Dagenham",208182,289332.138074672,147527.779599477,0,40679.9827554298,75257.1327408512,45213.1912914744,598010.224461905,2.87253568734043
2017,"E09000002","Barking and Dagenham",210711,293503.239613513,139254.857796304,0,28760,109131.129879419,44937.4046596709,615586.631948907,2.92147363900749
2018,"E09000002","Barking and Dagenham",211998,305036.655232327,127545.677240406,0,0,143549.116921065,40657.6243707259,616789.073764524,2.9094098706805
2002,"E09000003","Barnet",320552,78891.4804744579,107634.18980025,NA,128864.588922564,113974.859639531,44145.5901438467,473510.70898065,1.47717284241137
2003,"E09000003","Barnet",321802,173658.759926175,124989.739186244,NA,156745.8294853,99936.3602410986,47102.9261973623,602433.61503618,1.87206299226288
2004,"E09000003","Barnet",323723,167279.35313512,180248.367658855,NA,169738.538933205,96959.9690537663,48914.4798387672,663140.708619713,2.04848190774123
2005,"E09000003","Barnet",327541,170111.936060856,183105.017707121,NA,166199.772249242,117035.218239531,51282.5176506638,687734.461907414,2.09968969352665
2006,"E09000003","Barnet",330801,359610.563683817,197922.105296582,NA,20546.9700647225,106444.039569219,43594.332545564,728118.011159904,2.20107560484976
2007,"E09000003","Barnet",334837,390415.479256897,211819.152364348,NA,18775.5425592577,111876.574513357,44684.7822750532,777571.530968913,2.32223897289999
2008,"E09000003","Barnet",339212,366311.7904663,228002.747966792,14200,17020.5481281044,122265.729491366,45734.7091822608,793535.525234823,2.33934980258606
2009,"E09000003","Barnet",345829,430540.10752493,253885.395171275,14700.7036731325,26656.9265373504,115492.047461824,47182.360503508,888457.540872021,2.56906604383097
2010,"E09000003","Barnet",351438,446987.078865645,270256.940165565,20595.7552513523,18470.5208005463,127202.72710496,48597.3031369492,932110.325325017,2.65227529557139
2011,"E09000003","Barnet",357538,463673.871561833,290329.189974242,635.93269458719,35323.0637325769,114275.824354155,49145.3524877544,953383.234805148,2.66652281661012
2012,"E09000003","Barnet",363777,367570.563335068,282595.535981046,234.277271790154,2724.17058207813,140553.690547878,46041.460144403,839719.697862263,2.30833642001078
2013,"E09000003","Barnet",368301,371724.397662216,264456.992276766,0,86376.8101911527,74890.6023731868,85751.5766919181,883200.379195239,2.39803959043076
2014,"E09000003","Barnet",373745,356779.137709122,259452.794873714,0,73724.606853551,96765.583186426,87694.4174466397,874416.540069452,2.33960732603634
2015,"E09000003","Barnet",378778,369459.847754542,274559.017800536,0,58035.1360435587,95166.8261605897,83642.4798335743,880863.307592801,2.32553978212251
2016,"E09000003","Barnet",384774,307529.49872897,283954.920936791,0,44225.3649054085,92320.3536195649,83565.6323120431,811595.770502777,2.10927913659129
2017,"E09000003","Barnet",387803,310166.413078826,287794.764832797,0,23413,155215.753323881,82705.0336206194,859294.964856123,2.21580277835943
2018,"E09000003","Barnet",392140,322293.862207513,275020.271745823,0,0,188712.705730367,75205.8076997728,861232.647383476,2.19623768904849
2002,"E08000016","Barnsley",218851,46935.9272395617,44504.2667321635,NA,98755.957045848,75702.4576086538,15849.8439576846,281748.452583912,1.28739851581172
2003,"E08000016","Barnsley",220165,61124.5452843359,45506.5163740569,NA,121392.870004019,69194.0085742197,16979.8565923568,314197.796828988,1.42710147765988
2004,"E08000016","Barnsley",221227,64080.6307109259,66726.0982539879,NA,134683.305480821,65969.6174668216,17191.5424667631,348651.19437932,1.57598843893069
2005,"E08000016","Barnsley",222618,56829.3905108925,71052.654133815,NA,133159.018343814,79455.3768222409,17879.6689530061,358376.108763768,1.60982539041663
2006,"E08000016","Barnsley",224419,176548.165953668,72054.8447790065,NA,18013.1514008107,93312.5886428618,16763.6162989853,376692.367075333,1.67852261651345
2007,"E08000016","Barnsley",225989,185607.332395052,76280.7342004717,NA,16549.4092930431,98610.8991654986,17135.8990537316,394184.274107797,1.74426310177839
2008,"E08000016","Barnsley",227754,178247.635400259,77248.5601939415,0,15373.9338157039,110435.141592826,17601.7257253802,398906.996728111,1.75148184764312
2009,"E08000016","Barnsley",228973,189460.708478648,88478.4610255655,20495.9755290421,24399.5966967681,105709.562554812,18042.5926109733,446586.896895808,1.95039108058945
2010,"E08000016","Barnsley",230066,182135.187889901,102947.508721399,23418,16975.376787401,116903.79968204,18476.6228974897,460856.49597823,2.00314907886533
2011,"E08000016","Barnsley",231865,202751.870044389,97960.8900956612,0,31077.5041988979,100543.054777293,19112.6584958383,451445.977612079,1.94702079922403
2012,"E08000016","Barnsley",233762,208191.585284335,100990.194705342,0,2366.43668283074,122094.127953492,17760.2023511109,451402.546977111,1.93103475747603
2013,"E08000016","Barnsley",235811,207997.72812546,82113.7390410152,0,78334.6099004799,54857.7874672438,33844.6725782469,457148.537112446,1.93862261350169
2014,"E08000016","Barnsley",237971,208847.406734412,82358.3755585292,0,65077.8041590293,55343.6290217029,34767.8319237121,446395.047397386,1.87583801134334
2015,"E08000016","Barnsley",239855,194053.540873324,83180.9173285679,127,47288.8389328056,56207.5441035234,33122.6481562128,413980.489394434,1.7259614742008
2016,"E08000016","Barnsley",241847,186041.300711773,82359.2384660747,0,36788.6932842409,57269.7432029294,32979.4934319225,395438.469096941,1.63507700776499
2017,"E08000016","Barnsley",243341,185936.309128096,75456.3715525191,0,27081.0215308103,57473.6575221842,32557.1151441212,378504.474877731,1.55544883467123
2018,"E08000016","Barnsley",245199,185547.266677739,64058.6365019196,0,20615.1001562458,60879.9430344468,32584.185225366,363685.131595717,1.48322436712922
2002,"E07000027","Barrow-in-Furness",71340,11861.7843337474,14565.7102936271,NA,25298.6695410708,23772.7322895713,4778.52058909595,80277.4170471125,1.12527918484879
2003,"E07000027","Barrow-in-Furness",70914,14776.6801410053,15588.3579760201,NA,30265.2569561333,22386.0987016846,5034.55352319932,88050.9472980427,1.24165816761207
2004,"E07000027","Barrow-in-Furness",70845,15867.7905046897,22723.3343523574,NA,33823.8047777612,21211.1476466809,4978.58049212193,98604.657773611,1.39183651314293
2005,"E07000027","Barrow-in-Furness",70545,15150.6807399807,23211.6927510864,NA,33182.2595666345,25130.1898539353,5190.67225977788,101865.495171415,1.4439789520365
2006,"E07000027","Barrow-in-Furness",70267,51366.2604102138,25114.7888627602,NA,4515.11356560475,23387.6901724694,4150.12456972853,108533.977580777,1.544593871672
2007,"E07000027","Barrow-in-Furness",70034,53956.3371846663,25570.2918053672,NA,4162.29441729785,24803.0758558166,4205.0132134135,112697.012476562,1.6091757214576
2008,"E07000027","Barrow-in-Furness",69844,49121.7730238204,28042.6167501138,6332.48475193446,3895.14777727204,27980.0983158853,4289.78212714307,119661.902746169,1.7132739067947
2009,"E07000027","Barrow-in-Furness",69776,52573.0223648425,28239.1024749094,7283.91338815382,6211.19082801836,26908.305375949,4399.71714864233,125615.251580515,1.80026444021605
2010,"E07000027","Barrow-in-Furness",69429,52867.6851958854,31282.0788219887,7639.79269840952,4337.32336928813,29868.6295102616,4498.20908100327,130493.718676837,1.87952755587487
2011,"E07000027","Barrow-in-Furness",69056,41537.2909384835,30624.6060598179,2658,8007.22792742144,25904.0829743686,4566.96366870275,113298.171568794,1.64067092749065
2012,"E07000027","Barrow-in-Furness",68471,45456.1363067277,29315.4555943951,2404.19148646348,610.347302210515,31485.2223074689,4189.55478210354,113460.907779369,1.6570651484478
2013,"E07000027","Barrow-in-Furness",67936,45766.9488163467,23190.0306379752,117.610603030297,20008.9177932152,13200.1819722808,8971.52214146869,111255.211964317,1.63764737347381
2014,"E07000027","Barrow-in-Furness",67769,45473.1325063807,22692.2530398735,78.4602649405268,16819.6620864568,14043.9099876399,9241.04184591553,108348.459731207,1.59879088862469
2015,"E07000027","Barrow-in-Furness",67676,44510.0386256195,22630.38800917,56.4666844504704,13962.9817261388,14756.3334784117,8786.81334427104,104703.021868062,1.54712190241831
2016,"E07000027","Barrow-in-Furness",67532,44461.9470241162,19870.491139611,32.0876275328643,10632.2164264535,13788.7932709561,8718.22193976259,97503.7574284322,1.44381563449079
2017,"E07000027","Barrow-in-Furness",67099,44502.7311361926,20443.2208758465,38.371136192626,7541.43416704289,14251.7458138952,8557.43654878355,95334.9396779534,1.42081014140231
2018,"E07000027","Barrow-in-Furness",67137,46844.865282388,18718.8051426372,39.8336941357579,5582.95476138933,14726.4430653774,8553.47837590802,94466.3803218358,1.40706883420224
2002,"E07000066","Basildon",166743,20379.9293935896,33395.9701978886,NA,52696.340568247,55372.7905907003,9475.53591436969,171320.566664795,1.02745282659419
2003,"E07000066","Basildon",167089,25853.2113134491,35992.1476459963,NA,63601.2607861058,52479.9603578108,9683.83869352363,187610.418796886,1.12281729375893
2004,"E07000066","Basildon",167825,29583.8913483609,58825.5565308965,NA,71450.8690935349,50189.5277516997,9823.80927240904,219873.653996901,1.31013647547684
2005,"E07000066","Basildon",168927,33434.4691072859,62212.4950455188,NA,68857.0676081987,60034.139259757,10251.2458452847,234789.416866045,1.38988685565981
2006,"E07000066","Basildon",169951,115811.252670811,68834.2857892541,NA,8019.20862542185,41544.2473257032,10067.7867172416,244276.781128432,1.4373365330503
2007,"E07000066","Basildon",170908,124834.912227466,70373.1753355032,NA,7310.52043537868,43560.3415321428,10296.1394213771,256375.088951868,1.50007658478168
2008,"E07000066","Basildon",172423,125169.927662086,75016.1834138599,6716.04080042413,6685.81938974292,48030.5847573945,10702.8188081689,272321.374831677,1.57937963515121
2009,"E07000066","Basildon",173084,128721.390859426,84249.0958687938,6907.73985921016,10478.9564057143,45399.7100966835,11004.7499711062,286761.643060934,1.65677730501337
2010,"E07000066","Basildon",173788,128580.612646532,94204.5105153116,9570.56328582136,7259.4625558163,49992.2272754398,11294.2672348948,300901.643513816,1.73142934790559
2011,"E07000066","Basildon",174971,120027.84179931,88317.420472336,858.142317157609,13518.3781203537,43733.5262862181,11900.9029974999,278356.211992875,1.59087055565136
2012,"E07000066","Basildon",176538,104921.422630723,90582.9389871916,803.687289458199,1049.16850025907,54138.4422849408,11100.3330011504,262595.992693723,1.48747574286399
2013,"E07000066","Basildon",178498,98908.4555509246,70999.1847479818,259.764681898087,38898.6670942112,24879.2411245434,17837.3213703546,251782.634569914,1.41056277700542
2014,"E07000066","Basildon",180676,96446.8257758288,68970.013659559,174.715747494213,33299.0953804083,26634.6646853406,18454.1847746316,243979.500023263,1.35037027620305
2015,"E07000066","Basildon",181951,95168.3520163209,66614.8443524389,137.219562685988,26140.3842704056,31516.5899998869,17554.0432609906,237131.433462729,1.30327084469296
2016,"E07000066","Basildon",183768,94474.7700283809,63494.9899870362,0,18908.5710089201,25820.0619181543,17476.298723148,220174.69166564,1.19811224840908
2017,"E07000066","Basildon",184479,95581.7774800444,60694.7824465306,0,11556.7432938827,29720.0029351546,17189.4577887352,214742.763944348,1.16404991323862
2018,"E07000066","Basildon",185862,90088.9234739382,51621.0262369363,0,6982.59875795376,37988.6655009556,17201.4066496722,203882.620619456,1.09695699292731
2002,"E07000084","Basingstoke and Deane",153641,16144.28401002,27051.5683692471,NA,34698.5982842242,51186.3333397597,9312.13041608219,138392.914419333,0.900755100652386
2003,"E07000084","Basingstoke and Deane",154833,20850.4217043307,6311.5136555739,NA,44595.6426338652,48688.9615336371,9822.10242494034,130268.641952347,0.841349337365725
2004,"E07000084","Basingstoke and Deane",155737,23241.2843574939,30656.5464287198,NA,50577.1464927949,46699.81972767,10094.4140773354,161269.211084014,1.03552277932677
2005,"E07000084","Basingstoke and Deane",157499,25124.3128533096,32363.1229341092,NA,47043.0029027881,56254.5378654567,10456.4414935716,171241.418049235,1.08725400192531
2006,"E07000084","Basingstoke and Deane",158765,99676.7163322352,35487.4576524082,NA,5419.3969550826,28075.8684050112,9789.81262892912,178449.251973666,1.12398357303981
2007,"E07000084","Basingstoke and Deane",160183,105870.293735191,37646.6339505612,NA,4944.55157121309,29463.0060390029,10051.4645721476,187975.949868116,1.17350748748691
2008,"E07000084","Basingstoke and Deane",162036,104250.727328613,40716.1418259689,8132.78552450012,4589.35201189563,32965.3325184009,10339.0376442797,200993.376853658,1.2404242072975
2009,"E07000084","Basingstoke and Deane",164135,113871.490757414,49743.1142504219,5751.87394695884,7205.28341419448,31216.0667299246,10700.5334131949,218488.362512109,1.33115034887202
2010,"E07000084","Basingstoke and Deane",166364,113926.672429021,52811.3076556734,8805.81694247025,4977.88471842651,34278.4747983753,11051.8313168965,225851.987860863,1.35757728751931
2011,"E07000084","Basingstoke and Deane",168550,115593.651107544,54838.4257123797,383.001222281218,9372.00913057733,30319.3294783251,12227.4576154438,222733.874266552,1.32147062750846
2012,"E07000084","Basingstoke and Deane",170691,111240.829480865,58130.4070342814,329.614723365135,729.685938789178,37648.2004074214,11419.8850482651,219498.622632987,1.28594139487722
2013,"E07000084","Basingstoke and Deane",172050,111146.238673162,49190.8168380367,148.020154009163,26121.8766031528,18815.1342638308,18085.0339408174,223507.120473009,1.29908236252839
2014,"E07000084","Basingstoke and Deane",173374,112125.517779872,49496.3864408462,129.745285178794,22852.4889607459,16906.0064678865,18513.6525484477,220023.797482977,1.2690703189808
2015,"E07000084","Basingstoke and Deane",174340,118927.188340371,49700.1208715735,108.818447244424,18601.5384948671,19533.2341739837,17595.7332663032,224466.633594343,1.28752227597994
2016,"E07000084","Basingstoke and Deane",175226,121401.976545091,47601.082132264,0,12991.1142347116,18453.7578059196,17450.3499839265,217898.280701912,1.24352710614813
2017,"E07000084","Basingstoke and Deane",175337,120924.794995175,46178.0102018781,0,7267.50052517795,18904.9998618605,17148.7060813457,210424.011665437,1.20011185126606
2018,"E07000084","Basingstoke and Deane",175729,122002.663941613,41707.6098635778,0,3730.70778375625,22216.9905757727,17132.3525279449,206790.324692664,1.17675696494411
2002,"E07000171","Bassetlaw",108451,13916.1882085623,17265.597865142,NA,34329.7733719754,35860.1556476689,7165.90763313321,108537.622726482,1.00079872685804
2003,"E07000171","Bassetlaw",109276,19028.5628106442,17966.5124514964,NA,43778.7516198183,34291.2872915117,7668.26272780393,122733.376901275,1.12315034317942
2004,"E07000171","Bassetlaw",110017,22013.0576773125,29324.9836862246,NA,49242.6159615988,32927.6179830144,7839.97599246581,141348.251300616,1.28478554496683
2005,"E07000171","Bassetlaw",110488,23768.668895316,30111.2195426618,NA,47492.9657632295,39400.199879216,8160.44182059544,148933.495901019,1.34796082742939
2006,"E07000171","Bassetlaw",110876,80156.5997233371,32272.9604026778,NA,5977.33310822408,30959.9118452213,7518.38233648175,156885.187415942,1.4149607436771
2007,"E07000171","Bassetlaw",111314,86998.2808079356,34162.6848138113,NA,5535.91766470074,32988.8444096036,7671.20126211191,167356.928958163,1.503467029827
2008,"E07000171","Bassetlaw",112106,82918.0247418162,36347.1018752882,5065.28541589623,5217.56827678716,37482.7856007137,8015.7827519042,175046.548662406,1.56143782368835
2009,"E07000171","Bassetlaw",112563,90011.1237596232,40780.0711199972,5572.05324667833,8338.14884271227,36126.9121641394,8215.56498246835,189043.874115619,1.6794495004186
2010,"E07000171","Bassetlaw",112924,84034.7499338106,45981.4477696826,8028.39159568427,5844.75093115228,40251.8522957067,8409.90378420488,192551.096310241,1.70513882177607
2011,"E07000171","Bassetlaw",113003,81925.4782218497,42125.8295538764,682.824316595407,10876.0146335707,35189.2924889816,8998.21723763289,179797.656452507,1.59108746185948
2012,"E07000171","Bassetlaw",113235,68500.0849145789,38866.3865336788,320.312374472738,825.656749800925,42610.1886922472,8316.24769940744,159438.876964186,1.40803529795722
2013,"E07000171","Bassetlaw",113704,64349.8360213639,30153.4007290601,83.5194865040311,27204.2908389497,21735.9771358821,14122.207703147,157649.231914907,1.38648800319168
2014,"E07000171","Bassetlaw",114256,62368.2273250713,30412.3938173076,47.1781201972017,22768.9196834105,15913.0284672653,14674.1019766111,146183.849389863,1.2794413369089
2015,"E07000171","Bassetlaw",114689,63575.2447447882,29201.2314963482,34.8526575351301,16705.2835706461,20624.2203826416,13914.1141302561,144054.946982215,1.2560485049326
2016,"E07000171","Bassetlaw",115212,62238.1680756154,28590.7885671392,0,11783.8547453572,24070.0184848958,13767.4984818642,140450.328354872,1.219059892675
2017,"E07000171","Bassetlaw",116304,64452.7955872965,26756.8356158735,0,7374.90635035839,19943.5138270908,13588.5040643035,132116.555444923,1.13595882725377
2018,"E07000171","Bassetlaw",116839,63858.2905771156,23248.8472363783,0,4538.7271992134,21993.6630768289,13566.6235792046,127206.151668741,1.0887302327882
2002,"E06000022","Bath and North East Somerset",169819,19163.389147417,37820.0004199555,NA,37739.1390012659,56633.4579301261,10304.0907497139,161660.077248478,0.951955183156645
2003,"E06000022","Bath and North East Somerset",170361,25927.0471736872,39424.3937455603,NA,52216.7376774563,53633.308298169,11006.3232335213,182207.810128394,1.06953944933637
2004,"E06000022","Bath and North East Somerset",170585,26291.6511487962,43334.6056342591,NA,60222.4888476324,51256.2829594474,11117.3773840573,192222.405974192,1.1268423716868
2005,"E06000022","Bath and North East Somerset",171274,27581.9772299702,47157.0370931793,NA,58431.1060087002,61622.7381945807,11730.5409482619,206523.399474692,1.20580706630716
2006,"E06000022","Bath and North East Somerset",171204,113015.890594494,49853.3885541293,NA,6955.99926851627,36037.0394138346,10925.3519239335,216787.669754907,1.26625353236436
2007,"E06000022","Bath and North East Somerset",172635,123187.226687745,51262.9975563913,NA,6508.025485002,38780.1343401713,11199.4518320681,230937.835901378,1.33772314942728
2008,"E06000022","Bath and North East Somerset",173565,119348.809418785,55794.6115822041,7179,6134.55929928109,44064.7821445323,11547.8782747295,244069.640719532,1.40621462114788
2009,"E06000022","Bath and North East Somerset",173360,123928.334147477,62833.0730329294,7493,9740.04317273316,42198.0072909329,11843.7614173273,258036.219061399,1.48844150358444
2010,"E06000022","Bath and North East Somerset",174267,127432.876192512,72127,10302,6825.42314492175,47000.0244294102,12205.2580582485,275892.581825092,1.58316021865925
2011,"E06000022","Bath and North East Somerset",175538,108059.851918994,65601.0488424494,669,12818.0714165469,41470.333114044,13253.0723674394,241871.377659473,1.37788614237073
2012,"E06000022","Bath and North East Somerset",177196,96706.583469988,65311.3676531465,676,990.844375981775,51109.4302000741,12356.0451016439,227150.270800834,1.2819153412088
2013,"E06000022","Bath and North East Somerset",179460,97413.2734643984,54538,208,33457.7428788659,22523.285900278,19509.5421519246,227649.844395467,1.2685269385683
2014,"E06000022","Bath and North East Somerset",181241,97361.5733381954,58586,163,28494.7690079161,24433.7653980987,20463.7446565688,229502.852400779,1.26628551156073
2015,"E06000022","Bath and North East Somerset",184287,100697.800774522,54889.9781601851,159,22177.8389499651,26039.7795972543,19603.9946069324,223568.392088859,1.21315335367583
2016,"E06000022","Bath and North East Somerset",186946,101761.416612899,48859.0660395441,100,15851.8611535388,25029.4502641125,19577.1038744175,211178.897944512,1.12962512139608
2017,"E06000022","Bath and North East Somerset",188678,98634.7064691986,41012.1848239242,94,1110.59018890305,40945.1629933188,19364.7563543298,201161.400829675,1.06616246106952
2018,"E06000022","Bath and North East Somerset",192106,89977.8166167529,35892.4294981661,0,945.460986013051,39346.2746963632,19526.6510649014,185688.632862197,0.966594655357962
2002,"E06000055","Bedford UA",149589,18002.0780377352,42140.3204742486,NA,46917.8983637888,49110.7569687846,8947.89016101819,165118.944005575,1.10381741976733
2003,"E06000055","Bedford UA",150684,24425.2631180497,43625.8296232428,NA,59177.6328985973,46979.9146795554,9703.96071219299,183912.601031638,1.22051844277852
2004,"E06000055","Bedford UA",151308,28346.0061813423,47623.4017537975,NA,65517.9599599013,45136.4804497041,9956.87432737311,196580.722672118,1.29920904824674
2005,"E06000055","Bedford UA",151747,38167.6324706245,51016.9715430193,NA,63567.2078336282,54338.5838489818,10441.5621873699,217531.957883624,1.43351735377717
2006,"E06000055","Bedford UA",152346,127438.975386601,45840.9687686737,NA,7474.12643406895,38719.06218216,9966.39816201546,229439.530933519,1.50604237021989
2007,"E06000055","Bedford UA",153107,115261.597131373,58212.9572199965,NA,6852.00288555848,40829.9606962166,10180.3147516077,231336.832684752,1.51094876579616
2008,"E06000055","Bedford UA",154164,123556.931599503,60428.7069980151,13432.4388529557,6266.20526661971,45012.265909673,10342.9613810367,259039.510007803,1.68028534552686
2009,"E06000055","Bedford UA",154808,131086.299244405,68066.8072049632,8394,11864.2458165858,51402.6045562168,10662.0502509216,281476.007073092,1.81822649393502
2010,"E06000055","Bedford UA",156535,131685.613518727,79722.9384532468,11527,8224.26495864129,56632.9828091058,10969.9351849722,298762.734924693,1.90860021672273
2011,"E06000055","Bedford UA",157840,117328.94462224,71909.0135953008,575,15387.4121693336,49781.851926271,11231.7371035042,266213.95941665,1.68660643320229
2012,"E06000055","Bedford UA",159369,116643.613315868,73297.8434754619,576,1165.17442486124,60100.7617886231,10421.8257817179,262205.218786532,1.64527115553547
2013,"E06000055","Bedford UA",161553,96556.5296515211,58510.7656578427,181,44195.2529577242,29025.9771600158,17849.340545239,246318.865972343,1.52469385262015
2014,"E06000055","Bedford UA",163999,100128.77056095,56527.9754290378,199,37888.8976773237,32158.9190038286,18420.7606126308,245324.323283771,1.49588914129824
2015,"E06000055","Bedford UA",166376,105478.355536208,58182,143,29876.1819190715,33151.3227607307,17511.6390190963,244342.499235106,1.46861626217186
2016,"E06000055","Bedford UA",168814,106281.24823912,54747,107,22636.3736845368,31903.3171337906,17431.1577890693,233106.096846517,1.38084576425247
2017,"E06000055","Bedford UA",169912,99983.6489918748,49070,98,15492.1128618718,33244.5113331327,17233.8218597653,215122.095046645,1.26607947082398
2018,"E06000055","Bedford UA",171623,106399.305474962,41831,96,10933.2986114639,34406.5186019619,17284.1446429158,210950.267331303,1.22914916608673
2002,"E09000004","Bexley",219123,53605.5821114972,62103.376149892,NA,110889.545404424,73265.6253487515,30177.05130241,330041.180316975,1.5061914099249
2003,"E09000004","Bexley",220016,117602.973163366,69992.6202161595,NA,123917.69148743,69265.2951467224,32204.2666305332,412982.84664421,1.87705824414684
2004,"E09000004","Bexley",220917,110656.30092873,88476.7392897361,NA,134594.713206991,66202.5594519107,33380.5140275511,433310.826904919,1.96141911625144
2005,"E09000004","Bexley",222391,115313.205398743,91329.4000137518,NA,133895.6778763,79076.8322485051,34819.3672940144,454434.482831315,2.04340320800444
2006,"E09000004","Bexley",223280,264082.486169397,101660.752998391,NA,14393.9127362107,74566.9227542093,29424.7676723273,484128.842330535,2.16825887822705
2007,"E09000004","Bexley",224625,283629.465782099,100449.027045523,NA,13102.4339913846,78075.2844490388,29976.7326147762,505232.943882821,2.24922846469815
2008,"E09000004","Bexley",226652,265480.100859544,105317.483627258,9213,11792.4215249788,84712.5409262559,30558.6574342234,507074.20437226,2.23723684049671
2009,"E09000004","Bexley",228146,305182.028698433,117446.119075456,9888.55398248985,18334.4383489827,79432.863172913,31126.5591359699,561410.562414244,2.46075128388946
2010,"E09000004","Bexley",230711,308372.848229764,118310.068463108,12454.1129467921,12571.9699958879,86576.3328043992,31903.0167597946,570188.349199745,2.47143980651007
2011,"E09000004","Bexley",232774,296641.725654152,119663.302286929,961.088793498421,23435.6240099985,75817.8456226026,31995.9284886769,548515.514855857,2.35642947604053
2012,"E09000004","Bexley",234308,222201.260139902,113691.80534956,891.897497638958,1793.18862035138,92509.0030070408,29655.2075681386,460742.362182631,1.96639620577458
2013,"E09000004","Bexley",236816,203178.649655514,98585.9473175868,97,54079.44717562,60088.5403721646,55137.9045559835,471167.489076869,1.98959314014623
2014,"E09000004","Bexley",240016,188797.567302285,101861.344984974,82,46037.250188128,62755.7706379302,56316.6418222924,455850.57493561,1.89925077884645
2015,"E09000004","Bexley",242387,145030.259718569,101891.709105646,55,35875.7073963906,64566.4309558286,53524.3592801603,400943.466456595,1.6541459173
2016,"E09000004","Bexley",245095,139830.140729303,99029.5967809011,5,26616.6286924041,63257.1624833987,53229.9964434193,381968.525129426,1.55845090731931
2017,"E09000004","Bexley",246124,129104.650377603,97018.8292440987,0,13751,103712.830238773,52489.7788177021,396077.088678177,1.6092582953234
2018,"E09000004","Bexley",247258,121769.327230184,90971.8632303532,0,0,124003.398884076,47419.8949360698,384164.484280684,1.55369890673177
2002,"E08000025","Birmingham",990384,199584.05622808,274576.445972696,NA,661452.42973586,335877.037485386,79242.5906277219,1550732.56004974,1.56578918889011
2003,"E08000025","Birmingham",996356,296012.346829215,284552.28301592,NA,787286.85296502,309915.826574563,89121.2749601621,1766888.58434488,1.77335067420167
2004,"E08000025","Birmingham",1002376,290853.799576868,431568.659931102,NA,878952.307600023,299738.376769088,91173.9908773813,1992287.13475446,1.98756468107224
2005,"E08000025","Birmingham",1014650,296217.093285904,419161.28822109,NA,909686.334587228,358438.066964462,94816.0911004903,2078318.87415917,2.0483111163053
2006,"E08000025","Birmingham",1020843,1006919.79680415,475069.338222974,NA,108013.971139302,559554.309113993,94028.5118208945,2243585.92710131,2.19777764759254
2007,"E08000025","Birmingham",1029021,1058392.37318558,485693.101241673,NA,100124.184295458,596613.110900014,96136.1929919395,2336958.96261467,2.27105079742267
2008,"E08000025","Birmingham",1038980,1029438.24138073,484435.014656073,92183,92045.2861748902,661204.510468999,99508.6648922643,2458814.71757296,2.36656597583491
2009,"E08000025","Birmingham",1050072,1096637.94647496,587052.745221271,73762,146075.062285365,632873.133016959,102303.547407704,2638704.43440626,2.51287953055243
2010,"E08000025","Birmingham",1061074,1131608.78053259,672363.815863785,141187,101682.062151863,700242.417632704,105022.904368758,2852106.9805497,2.68794351812381
2011,"E08000025","Birmingham",1074283,1158230.28752765,646570.680073569,0,190799.334457409,617268.67766421,107002.740523985,2719871.72024683,2.53180188111217
2012,"E08000025","Birmingham",1085198,1123085.27565755,687785.414224043,2409,14424.407057204,744125.242477697,99367.6545810889,2671196.99399758,2.46148352097735
2013,"E08000025","Birmingham",1092190,1067921.43157247,589321.072683304,361,487767.999078639,324678.82330818,185637.744939971,2655688.07158256,2.43152571583933
2014,"E08000025","Birmingham",1101521,1072806.8894982,594231.855047113,377,403015.188436044,338615.464047249,186844.219488925,2595890.61651753,2.35664196735018
2015,"E08000025","Birmingham",1112950,1038987.57643174,589649.256405914,296,292383.801061214,347911.359796648,177711.001644035,2446938.99533955,2.19860640220994
2016,"E08000025","Birmingham",1128077,1011188.55791531,600339.519296221,115,237509.955284543,338523.742224054,176891.749250231,2364568.52397036,2.09610560623997
2017,"E08000025","Birmingham",1137123,1017363.94527004,594353.302932072,138,9106.23702319019,561822.369571978,174297.191494297,2357081.04629158,2.07284616201728
2018,"E08000025","Birmingham",1141374,1052713.08677519,547363.923363889,163,8054.89387057863,582599.069440397,173799.735125279,2364693.70857534,2.07179566783135
2002,"E07000129","Blaby",91225,11443.5831648153,8941.60549434793,NA,19326.9430535668,30106.2025651692,5432.57512130144,75250.9093992006,0.824893498483975
2003,"E07000129","Blaby",91592,12526.9451445656,9803.73259191636,NA,26342.8325622204,28679.6640782796,5835.91258948709,83189.086966469,0.908257129077529
2004,"E07000129","Blaby",91664,13804.9385979667,13480.6592207431,NA,30685.5953003261,27453.0224315962,5921.33007803472,91345.5456286668,0.996525851246584
2005,"E07000129","Blaby",91721,14903.4495860537,14684.7065634042,NA,29506.9301954774,32795.7089791047,6250.87605946951,98141.6713835096,1.07000219560962
2006,"E07000129","Blaby",92266,57082.9767828107,15749.9417144933,NA,3736.41770106115,19357.38400741,5821.23105774747,101747.951263523,1.10276755536734
2007,"E07000129","Blaby",92741,61562.8598515038,17535.6335564734,NA,3429.27763298889,20435.0190697003,5926.27677910166,108889.066889768,1.17412004280489
2008,"E07000129","Blaby",93341,61346.7269224515,19114.4596204505,3242.58667690806,3194.35323644859,22943.1224799776,6050.78119144879,115892.030127685,1.24159833436202
2009,"E07000129","Blaby",93511,64392.2190504962,22169.006868416,3418.343780897,5051.99358032939,21888.5850645991,6187.90595369129,123108.054298429,1.31650879894803
2010,"E07000129","Blaby",93935,64684.113122474,23807.0771793817,4010.88191096285,3522.86740231454,24258.4021004263,6331.02276399233,126614.364479552,1.34789337818227
2011,"E07000129","Blaby",94132,63635.9413085787,23393.5031444459,261.113437319078,6368.61820025023,20602.33429498,6695.15926263788,120956.669648212,1.28496865729201
2012,"E07000129","Blaby",94608,66656.7241625488,23239.6570005739,260.725649286326,487.846873387367,25162.706660543,6211.30130443899,122018.961650778,1.28973196400704
2013,"E07000129","Blaby",95105,39397.638945372,16113.1157964773,119.004103389684,15709.2223493174,10911.8678267889,10602.7074416044,92853.5564629497,0.976326759507383
2014,"E07000129","Blaby",95836,35377.5822718941,16342.3506714547,92.8629481521925,13377.4467280818,11611.9896758238,11041.2415366156,87843.4738320222,0.916602047581517
2015,"E07000129","Blaby",96458,36350.8526394411,15509.7461297735,68.8975482989561,10379.9493337305,10794.2929102922,10463.3100498391,83567.0486113753,0.866356845584351
2016,"E07000129","Blaby",97562,36645.7404777435,15564.4941064799,51.1849732389274,6910.05912339788,10659.3065084104,10398.0350874895,80228.8202767602,0.822336773300672
2017,"E07000129","Blaby",98977,39122.6610932946,14252.7819476268,58.2207524644602,3782.70817240602,14282.7227663012,10275.4702056635,81774.5649377565,0.826197651350885
2018,"E07000129","Blaby",100421,39652.435666191,13336.2884439293,75.0711216896664,1834.46314152874,14009.3691038497,10330.4244550089,79238.0519321973,0.789058582688853
2002,"E06000008","Blackburn with Darwen",139538,28238.3169351499,51672.3924226591,NA,80682.0250606306,45975.4824417848,9569.92754894808,216138.144409172,1.54895544159421
2003,"E06000008","Blackburn with Darwen",140429,43187.4984429153,52878.7902831751,NA,95658.4889673229,43655.5127648725,10349.8994430078,245730.189901294,1.74985359079174
2004,"E06000008","Blackburn with Darwen",141418,46143.9715165158,57144.0146608425,NA,106236.3156572,42223.8450751173,10611.8922305345,262360.03914021,1.85520965605658
2005,"E06000008","Blackburn with Darwen",142145,53282.2185515168,61324.8693030752,NA,107669.205025064,50509.6334650565,11017.132975174,283803.059319886,1.99657433831571
2006,"E06000008","Blackburn with Darwen",143110,149213.217636722,60500.6596121808,NA,11824.9491072855,61258.7203030741,9968.33240778073,292765.879067043,2.04574019332711
2007,"E06000008","Blackburn with Darwen",143942,165682.898684851,63798.6724533571,NA,10991.9313420973,65497.5881533139,10221.4036309746,316192.494264595,2.1966659784121
2008,"E06000008","Blackburn with Darwen",144902,147259.521349251,64158.3945347735,21769,10497.7413096284,75411.6749999139,10645.4679318483,329741.800125416,2.275619385001
2009,"E06000008","Blackburn with Darwen",146197,152045.522930438,73579.484039683,23058,16986.1330916584,73590.562190106,11034.2351677592,350293.937419644,2.39604053037781
2010,"E06000008","Blackburn with Darwen",146966,157410.309685459,84161.7795289639,24630,12006.7270976835,82684.1084857044,11374.5769046551,372267.501702466,2.53301785244523
2011,"E06000008","Blackburn with Darwen",147657,154449.982726965,73615.4669159889,3572,22450.5055057329,72630.2134469768,11553.4192089893,338271.587804653,2.29092821745432
2012,"E06000008","Blackburn with Darwen",147854,158252.606392991,77840.9303229936,584,1702.79073011566,87857.257023834,10663.8739268977,336901.458396832,2.27860902239257
2013,"E06000008","Blackburn with Darwen",147763,167223.616099894,63285.3288011935,161,60593.7647183847,41441.3464392763,19951.467660563,352656.523719311,2.38663619254692
2014,"E06000008","Blackburn with Darwen",147416,157405.154640738,61547.201845241,64,50149.9749054843,42111.0164332638,20374.8950254909,331652.242850218,2.24977100755833
2015,"E06000008","Blackburn with Darwen",147856,147499.893603667,57153.8425667939,38,37076.6166716208,43835.960687064,19378.6484247674,304982.961953913,2.06270264280051
2016,"E06000008","Blackburn with Darwen",148462,142057.389248199,56091.4649330834,27,30176.4743227643,44923.1414591509,19263.5223696527,292538.99233285,1.97046377074841
2017,"E06000008","Blackburn with Darwen",148772,146428.262469498,53657.3790514171,32,23364.9140823497,45878.0224354695,18966.995926862,288327.573965597,1.93804999573573
2018,"E06000008","Blackburn with Darwen",148942,151315.337017954,47228.6831956217,0,18757.7106747647,49250.413804979,18889.7781539078,285441.922847227,1.91646360897011
2002,"E06000009","Blackpool",142164,23442.4638934818,47236.0994594655,NA,68078.1375447511,49924.3212447784,9750.02637323636,198431.048515713,1.39578971128917
2003,"E06000009","Blackpool",142658,70466.9505221102,12797.6599293393,NA,82106.1622464046,45117.0601372308,10514.1812214044,221002.014056489,1.54917364645859
2004,"E06000009","Blackpool",143143,38714.5119488935,66511.4790380077,NA,90299.3157032239,42952.705861966,10741.3348340056,249219.347386097,1.74105158747614
2005,"E06000009","Blackpool",143688,40060.2091753516,73318.4257020667,NA,91884.2867469227,51427.2032384329,11136.7251956579,267826.850058432,1.86394723330015
2006,"E06000009","Blackpool",143733,115844.131036119,75420.6811546194,NA,12367.1330797112,64065.1158222469,10011.7274961047,277708.788588801,1.93211571865056
2007,"E06000009","Blackpool",143644,124266.890891378,84193.7104520573,NA,11368.3043566452,67738.9753004309,10200.242480775,297768.123481287,2.07295900616306
2008,"E06000009","Blackpool",142921,120671.705074853,85686.5865226454,17383,10680.9781280686,76727.5254631592,10499.9304515307,321649.725640257,2.25054208716884
2009,"E06000009","Blackpool",142578,124466.475785248,101968.951855441,18771,17082.8433206049,74010.6979687745,10761.0907320175,347061.059662086,2.43418381280483
2010,"E06000009","Blackpool",142753,125227.613839448,120440.32923328,22941,11980.26320629,82500.2500078913,11048.507660753,374137.963947662,2.62087636650482
2011,"E06000009","Blackpool",142080,123937.533451493,113137.650686549,997,23251.7628507591,75221.7090320572,11117.0469480837,347662.702968942,2.44695033058095
2012,"E06000009","Blackpool",142037,114851.745493806,113790.474348256,866,1792.63207578718,92461.7784428849,10244.3265718531,334006.956932587,2.35154894099838
2013,"E06000009","Blackpool",141603,115031.87858661,95010.2270273032,97,65419.3545164718,43450.7186565029,19119.7233078558,338128.902094744,2.38786538487704
2014,"E06000009","Blackpool",140898,94371.9113567776,90915.0647663128,60,54267.0352759057,44904.352712148,19474.0188263256,303992.38293747,2.15753511715901
2015,"E06000009","Blackpool",140162,90325.2650097197,85437.0314755368,31,40111.3840894364,43513.3120591675,18370.239425605,277788.232059465,1.9819083065272
2016,"E06000009","Blackpool",139983,78089.7903647439,80166.9911204741,19,32882.9448284646,45269.0921574296,18163.3391162122,254591.157587324,1.81872911415904
2017,"E06000009","Blackpool",139870,74536.2088269886,76652.8569618054,24,25534.2531571684,47721.984338781,17832.07673682,242301.380021563,1.73233273769617
2018,"E06000009","Blackpool",139305,82922.6928085163,78689.3236868451,27,20552.1378962825,49722.2093439231,17667.5521057198,249580.915841287,1.79161491576962
2002,"E07000033","Bolsover",72527,9191.41672130038,13235.3969410469,NA,21245.0506196857,24181.4821708974,4220.65423006055,72074.0006829909,0.993754059632839
2003,"E07000033","Bolsover",73343,12622.1328471871,14065.0012919504,NA,28036.5216237876,22998.5799466741,4496.99928722993,82219.2349968291,1.12102361502569
2004,"E07000033","Bolsover",73601,13132.3654400032,21642.1779531515,NA,31837.0387657974,22059.4796398085,4620.62726550071,93291.6890642613,1.2675329012413
2005,"E07000033","Bolsover",73844,13786.3209644309,22537.8865875373,NA,30994.7029591661,26443.0894809073,4734.65896685774,98496.6589588994,1.33384782729673
2006,"E07000033","Bolsover",74347,52746.3274486071,23804.485065921,NA,3961.87200634038,20525.4453677958,4551.80354253658,105589.933431201,1.42023125924652
2007,"E07000033","Bolsover",74822,55475.531166711,25419.9609924521,NA,3706.67674147226,22089.51100451,4659.48579995605,111351.165705101,1.4882142378592
2008,"E07000033","Bolsover",75058,49185.8204625839,26978.9398926486,5324.27313402641,3523.52470226905,25309.4697332621,4745.60287029348,115067.630795083,1.53304951897311
2009,"E07000033","Bolsover",75224,54569.7933910151,31232.8760671292,3402.17898071088,5638.27678051949,24425.355250056,4865.29061972812,124133.771089159,1.65018838521162
2010,"E07000033","Bolsover",75691,56900.6235120146,33265.8377884961,4723.61562892279,3969.23798123202,27335.1684452887,5000.68610705795,131195.169463012,1.73329946047763
2011,"E07000033","Bolsover",76029,54566.7841784337,32556.9162851893,2522.60600009342,7394.6040558619,23922.3805403099,5231.12233249087,126194.413392379,1.65981945563376
2012,"E07000033","Bolsover",76480,53111.2684452674,32398.5132850647,2156.06162905215,565.035266643694,29195.2821896488,4856.0650116957,122282.225827372,1.59887847577631
2013,"E07000033","Bolsover",76774,54975.7412528911,25200.7162079164,1480.25833109076,19375.9678947088,12967.2167653036,8224.84413167554,122224.744583586,1.59200698913156
2014,"E07000033","Bolsover",77231,54495.5088513714,25537.2156238868,1180.5815177695,16211.4112146856,14188.811976557,8563.88020858046,120177.409392851,1.55607734449704
2015,"E07000033","Bolsover",77917,55103.9989206785,25245.9624853492,99.4009350234075,13027.4759262464,15272.2225563827,8198.23020819571,116947.291031876,1.50092137828556
2016,"E07000033","Bolsover",78225,54175.4396027404,25042.8370414905,0,9737.30978637958,14586.3599104091,8140.46670604265,111682.413047062,1.42770742150287
2017,"E07000033","Bolsover",79098,54545.0601743435,23480.9389443486,0,6728.75018186407,17590.0655450569,8078.47705052431,110423.291896137,1.39603140276793
2018,"E07000033","Bolsover",79530,54529.4661812739,20385.2041947291,0,0,24604.7747881438,8089.31565646017,107608.760820607,1.35305873029809
2002,"E08000001","Bolton",262367,65179.0592450739,56718.851597209,NA,128353.273084249,89031.0160874187,21183.2725936048,360465.472607555,1.37389790868347
2003,"E08000001","Bolton",263814,79021.0316585617,61344.2517570035,NA,156856.961919675,82809.8847178808,22795.8001075415,402827.930160662,1.52693916987219
2004,"E08000001","Bolton",264511,83564.6019244225,91981.6900373056,NA,174627.767833107,79139.5642403653,23211.5936091039,452525.217644304,1.7107992395186
2005,"E08000001","Bolton",265016,71590.9757524702,98156.1413803526,NA,176829.404134077,95188.3833053503,24099.6081035703,465864.51267582,1.7578731573785
2006,"E08000001","Bolton",266816,228102.894895169,102616.000405846,NA,21492.540348377,111338.788902744,22810.8843571135,486361.10890925,1.82283337172152
2007,"E08000001","Bolton",268319,243622.97975617,103372.179308317,NA,19765.6339998284,117773.504850846,23270.8705300777,507805.16844524,1.89254271387878
2008,"E08000001","Bolton",270497,247720.091512733,104064.304396133,23765.140956112,18234.2934018879,130989.389149724,24026.4704811857,548799.689897775,2.02885684461482
2009,"E08000001","Bolton",273049,244070.096327684,118758.849564726,26023.0298499943,28931.8778396209,125346.045998743,24719.1175411475,567849.017121916,2.07965975748645
2010,"E08000001","Bolton",275168,242619.143223806,124435.166197004,30767.8373986275,20142.020438486,138710.668264558,25371.5502075443,582046.385730027,2.11524009234368
2011,"E08000001","Bolton",277296,253909.071064644,130017.29369558,984,37260.0233389166,120543.764445037,25657.5001552849,568371.652699463,2.04969293714826
2012,"E08000001","Bolton",279084,250296.003972419,133965.12888649,861,2820.93639243986,145537.129727172,23785.9820158386,557266.18099436,1.99676864669547
2013,"E08000001","Bolton",280271,267159.534817576,117211.519893336,35,93844.988976891,61987.2496543302,46195.9252811423,586434.218623276,2.09238279601984
2014,"E08000001","Bolton",280788,263105.638507496,116995.780505494,86,77144.0273394276,62987.2899056196,46991.8172697714,567310.553527808,2.02042307195396
2015,"E08000001","Bolton",281828,269579.6874471,108299.150408295,26,56314.4838593952,65990.9834369214,44624.2308874637,544834.536039175,1.93321648679044
2016,"E08000001","Bolton",283536,251681.8023449,104697.917358903,0,45009.8164902454,65652.6111453933,44222.8816632648,511265.029002706,1.8031750077687
2017,"E08000001","Bolton",284813,234389.851993301,99276.2377962833,0,20238.8466906698,127532.317594082,25321.7856716399,506759.039745977,1.77926934425738
2018,"E08000001","Bolton",285372,221944.588445297,103639.793098409,0,2022.9715025658,126088.490909556,43428.1392093847,497123.983165213,1.742020882095
2002,"E07000136","Boston",56391,7669.64039934104,14189.8292992465,NA,18440.6282208121,18141.3778059123,2950.81188413313,61392.2876094451,1.08868946479837
2003,"E07000136","Boston",56975,10777.957388227,15380.9823129477,NA,22729.42742051,17654.0270221367,3171.43940639056,69713.8335502121,1.22358637209675
2004,"E07000136","Boston",58090,12572.4588832789,16358.479599652,NA,25611.1134715912,17196.072172691,3276.60376404453,75014.7278912576,1.29135355295675
2005,"E07000136","Boston",58551,12851.7971827368,17008.7279071759,NA,25306.0032539818,20753.0947508135,3461.32809556431,79380.9511902723,1.35575739424215
2006,"E07000136","Boston",59770,43657.5866235589,18824.9607682364,NA,3302.47476707508,17108.0988862206,3107.38353754081,86000.5045826318,1.43885736293511
2007,"E07000136","Boston",61036,46381.8887261636,20352.3838215813,NA,3108.79741660769,18523.2753975198,3228.29471602433,91594.6400778967,1.50066583783172
2008,"E07000136","Boston",62176,45428.8997802449,20493.4266046405,3159.25345472188,2970.91560261423,21341.1737207112,3378.343491538,96772.0126544707,1.55642068731457
2009,"E07000136","Boston",63399,47797.8637512241,24556.7817272984,5243.70676687467,4819.92667081444,20883.2263041756,3540.32162460548,106841.826844993,1.68522889706451
2010,"E07000136","Boston",64475,44753.5545409206,26462.0498802341,4860.99719726611,3420.27185113901,23552.5700226888,3692.2049578185,106741.648450067,1.65555096471605
2011,"E07000136","Boston",64615,37955.6372669174,26728.3209223133,347.820739037002,6430.45307988046,20805.6891410919,3874.81356887829,96142.7347181183,1.48793213213833
2012,"E07000136","Boston",64855,32942.9704289862,26334.1253476162,279.357182584707,488.046513826782,25169.8026124052,3590.82132667023,88805.1234120893,1.36928723170286
2013,"E07000136","Boston",65831,33022.5997435554,22374.7697671433,125.206678048868,16847.9844987668,11659.4481307012,5885.25903525492,89915.2678534705,1.36584994688628
2014,"E07000136","Boston",66454,32572.7568555759,22088.1090798294,112.862279098111,14043.197440585,11214.0262035344,6272.25533211456,86303.2071907374,1.29869093193393
2015,"E07000136","Boston",66876,32187.6592391673,20564.3239655523,96.1396351800366,10494.3577948057,11862.3563246762,5976.80158405099,81181.6385434326,1.21391289167164
2016,"E07000136","Boston",67709,31951.2409685142,19867.4373633042,71.8170247217079,7826.44241290744,11772.9375425444,5960.08579089192,77449.9611028838,1.14386508592482
2017,"E07000136","Boston",68488,34814.3502038817,17967.1687738211,68,5372.02207619836,13441.6365101954,5902.66812749694,77565.8456915935,1.13254651459516
2018,"E07000136","Boston",69366,34500.9076250971,18059.6636373379,0,0,20033.9856317467,5941.46437109785,78536.0212652795,1.13219763667041
2002,"E06000028","Bournemouth",164600,28240.0191818125,42619.6441210291,NA,47007.8460191875,54360.495740871,8851.67218723005,181079.67725013,1.10011954586956
2003,"E06000028","Bournemouth",164207,42094.2155517561,46807.4769409418,NA,56450.2401667023,51860.7667393318,9285.76137778728,206498.460776519,1.25754968287904
2004,"E06000028","Bournemouth",163949,40652.0493896799,64824.9049702264,NA,62052.5554502558,49540.2256173888,9349.93195900604,226419.667386557,1.3810371968512
2005,"E06000028","Bournemouth",165998,40147.0112393292,73693.5461578046,NA,58747.3798927104,59100.7597121085,9774.59656137432,241463.293563327,1.45461567948606
2006,"E06000028","Bournemouth",166716,110883.946206216,76367.7415802283,NA,8990.7133025177,46573.9090775346,8941.18781516785,251757.497981665,1.51009799888232
2007,"E06000028","Bournemouth",170098,118189.028928863,79108.0860655114,NA,8168.54991550536,48676.450981342,9227.03802605009,263369.153917271,1.5483377459892
2008,"E06000028","Bournemouth",171973,115327.223205999,85740.6212311428,8164,7527.44716690295,54072.051695238,9363.60319865574,280194.946497938,1.62929614822058
2009,"E06000028","Bournemouth",174251,118651.661786548,100235.20182474,8228,11758.5753872268,50943.4107786972,9702.51627413537,299519.366051347,1.71889610992963
2010,"E06000028","Bournemouth",179308,110811.058239181,109698,16577,8090.8772512895,55718.8122594255,10152.438458318,311048.186208214,1.73471449242763
2011,"E06000028","Bournemouth",183450,101788.61435483,110952,1035,16227.5891260073,52498.9096383117,11288.9959991306,293791.109118279,1.60147783656734
2012,"E06000028","Bournemouth",186290,92714.0816027657,113436,1075,1236.29260264033,63775.1044235843,10537.037908434,282773.516537424,1.51792107218543
2013,"E06000028","Bournemouth",187914,86037.9927693228,97115,138,43377.3235721403,28865.3419898028,16112.2281736371,271645.886504903,1.44558620701439
2014,"E06000028","Bournemouth",189636,75835.5099908556,95028,82,36072.9998772833,31155.1941668657,17370.0523406563,255543.756375661,1.34754875854617
2015,"E06000028","Bournemouth",191673,68150.3475361463,93958.02747,49,26819.5577220419,29005.2681026852,16651.5015402774,234633.702371151,1.22413538876707
2016,"E06000028","Bournemouth",193653,53991.1044112205,92474,0,19793.1463943653,33288.1873417328,0,199546.438147319,1.03043298140136
2017,"E06000028","Bournemouth",194752,58888.6744273776,87838,0,12591.0036601562,34410.1882670576,16594.2089948085,210322.0753494,1.07994821798698
2018,"E06000028","Bournemouth",194355,64934.6970111006,76079.7460298756,0,8007.15086160683,32292.5782153789,16526.5220622893,197840.694180251,1.01793467716422
2002,"E06000036","Bracknell Forest",109490,11842.75727927,12573.283238329,NA,24054.6648069671,36937.0695097169,6366.95409335844,91774.7289276413,0.838201926455762
2003,"E06000036","Bracknell Forest",109475,14860.9755665096,14249.6493133059,NA,32471.522860811,34757.9509533925,6842.41390206939,103182.512596088,0.942521238603229
2004,"E06000036","Bracknell Forest",109189,19534.0341297529,20564.0099515874,NA,38563.4593791521,33149.7533707751,6902.0609692308,118713.317800498,1.08722781416167
2005,"E06000036","Bracknell Forest",109487,16251.7894933562,25862.2195529403,NA,37160.5549517392,39700.332831859,7107.35209107458,126082.248920969,1.15157277960826
2006,"E06000036","Bracknell Forest",109896,71071.790447191,28368.2437308826,NA,4705.12522952438,24374.2534066076,6857.16198253311,135376.574796739,1.23186080291129
2007,"E06000036","Bracknell Forest",110702,76154.1096421732,30601.5739302685,NA,4275.87946313011,25480.9774844486,6999.0286564667,143511.569176487,1.2963773841167
2008,"E06000036","Bracknell Forest",111455,76937.3702039516,31618.5021607735,4541,3904.34337223188,28042.533723883,7092.68894673257,152136.438407572,1.36500326057667
2009,"E06000036","Bracknell Forest",111916,79393.9400053716,39086.6333829142,4706,6086.55079208682,26370.9281600611,7256.1087372652,162900.161077699,1.45555739195199
2010,"E06000036","Bracknell Forest",112893,84222.4121917868,41898,5682,4178.69400180869,28779.086310613,7441.63186662574,172201.824370834,1.52535431223224
2011,"E06000036","Bracknell Forest",113696,94383.8806049293,42744.1405550259,367,7675.11040051689,24830.621482503,7903.39498578789,177904.148028763,1.56473532955217
2012,"E06000036","Bracknell Forest",115089,95156.2744432592,43784.1035521642,347,585.034745224372,30170.986810755,7372.08239615824,177415.481947561,1.54155029540235
2013,"E06000036","Bracknell Forest",116543,91019.1078198078,37775,78,23343.9876077476,16177.3275628836,11901.4402543173,180294.863244756,1.54702438794914
2014,"E06000036","Bracknell Forest",117997,93519.4791704136,38789.7256964089,42,20371.8693010491,27722.2150253688,12285.0439213739,192730.333114614,1.63334943358403
2015,"E06000036","Bracknell Forest",119205,97131.7301980351,38605.3362623772,26,16584.693449128,21880.4305875167,11710.550970707,185938.741467764,1.55982334187126
2016,"E06000036","Bracknell Forest",119730,96401.1267833209,35786.8255629074,5,12040.8091864952,7405.86783639613,11593.5805882321,163233.209957352,1.36334427426169
2017,"E06000036","Bracknell Forest",120377,93216.8720069371,33689.8079651427,14,7644.73581964489,29951.909470277,11444.4156004777,175961.740862479,1.46175549201658
2018,"E06000036","Bracknell Forest",121676,88772.248650564,31074.6089675456,18,464.460621700828,43093.0321350709,11491.5320953334,174913.882470215,1.43753807217705
2002,"E08000032","Bradford",475184,100268.658093942,119501.038116959,NA,268908.573258315,161478.944322276,35397.2169737181,685554.43076521,1.44271362412289
2003,"E08000032","Bradford",479166,143348.083995147,139389.222475972,NA,319591.156222936,148562.84171541,38781.6450579046,789672.949467371,1.6480154048229
2004,"E08000032","Bradford",484650,140409.052254255,149311.104199762,NA,349143.082627598,143375.743532245,39544.3964302423,821783.379044102,1.695622364684
2005,"E08000032","Bradford",491361,143725.829459232,148969.156088161,NA,357282.865410093,172578.529989161,41164.3121161026,863720.693062748,1.75781287701455
2006,"E08000032","Bradford",495658,462870.890056527,165636.123485812,NA,43623.6336104191,225988.370950424,38465.0250184871,936584.043121668,1.88957717442605
2007,"E08000032","Bradford",501357,499805.135076466,175270.502820894,NA,40067.8028647889,238756.116382395,39517.6344111257,993417.191555669,1.98145670960148
2008,"E08000032","Bradford",507323,477703.41329896,191406.086105857,46758.4691376783,36913.5721795864,265168.586638341,41324.7663675269,1059274.89372795,2.08796938780215
2009,"E08000032","Bradford",512392,507070.815680875,223157.330391194,51600.3039515255,58722.394088661,254414.369256195,42721.9691928539,1137687.1825613,2.22034532654941
2010,"E08000032","Bradford",518002,503088.194273953,245478.64576535,62663.1736398988,40997.0275509411,282327.546553398,44162.6206369466,1178717.20842049,2.27550706063005
2011,"E08000032","Bradford",523115,539518.316277351,244377.989969341,1460,75927.5960493335,245640.277265889,45246.2554329746,1152170.43499489,2.20251844239773
2012,"E08000032","Bradford",524386,540289.573558687,248917.520106339,1023,5746.4066840208,296455.057043691,41970.5317070079,1134402.08909975,2.16329591007339
2013,"E08000032","Bradford",525936,546300.754568026,205685.862171005,350,190452.239600754,122816.254138815,77002.1056088835,1142607.21608748,2.17252140200991
2014,"E08000032","Bradford",527567,538865.561303447,204146.923249491,289,155896.520333086,131065.080305709,78268.6112093386,1108531.69640107,2.10121500473129
2015,"E08000032","Bradford",529879,541261.201425679,197643.048617611,165,112833.261258251,137925.66317967,74268.0994711555,1064096.27395237,2.00818729172579
2016,"E08000032","Bradford",532539,481057.102239409,188117.955536432,104,88703.1363745493,131196.796720733,73680.0868003616,962859.077671485,1.80805364052489
2017,"E08000032","Bradford",534800,433911.63517892,177956.34906926,652,66732.0944480686,137531.563760411,72632.248925569,889415.891382229,1.66308132270424
2018,"E08000032","Bradford",537173,445108.023720331,169996.064366477,667.034,3396.3797778998,203086.372987248,72540.1432277368,894794.018079692,1.66574645054702
2002,"E07000067","Braintree",134272,16240.3332405922,17336.6499068081,NA,39529.233591693,44605.5276335109,7630.30027224079,125342.044644845,0.933493540312537
2003,"E07000067","Braintree",135767,20996.77127395,18121.4345016966,NA,48785.1645838279,42561.2262919695,7868.53549846862,138333.132149913,1.0189010006107
2004,"E07000067","Braintree",137426,23761.3941214947,32588.8998588708,NA,55905.4593061113,41051.3463953825,8044.37248961767,161351.472171477,1.17409712988428
2005,"E07000067","Braintree",139160,25764.862017143,36812.250744608,NA,54006.0539544118,49393.0905739626,8444.85115955302,174421.108449678,1.25338537259039
2006,"E07000067","Braintree",140921,95773.534122326,40444.0014045665,NA,6127.63643463747,31742.8045282782,8348.06839606949,182436.044885878,1.29459800090744
2007,"E07000067","Braintree",142344,102971.377712608,41771.1633975991,NA,5619.21651914213,33482.9131875122,8575.3368467041,192420.007663565,1.35179570381305
2008,"E07000067","Braintree",143894,103564.788508541,46813.5796509396,5457.25233255557,5186.64432394557,37255.6145762487,8931.93721013242,207209.816602363,1.44001707230575
2009,"E07000067","Braintree",144589,106122.792048794,53794.4100816541,5786.11472755043,8167.6577080829,35387.475030444,9193.02647022415,218451.47606675,1.51084436621562
2010,"E07000067","Braintree",145972,106975.849640019,60459.2724523043,8141.65468247471,5702.88913042107,39275.4489599426,9486.53978877749,230041.654653939,1.57593000475392
2011,"E07000067","Braintree",147514,100201.738437703,56034.7848018025,403.292264279152,10874.9057217816,35180.9735646774,10033.3758438439,212729.070634088,1.4420941106206
2012,"E07000067","Braintree",148375,88420.1717071314,56446.1906854307,426.256242697664,840.498811734245,43363.9833635144,9329.50361421161,198826.60442472,1.34002766250864
2013,"E07000067","Braintree",149150,82043.468450181,44931.8124077664,217.055105968132,30826.0736204417,20818.2003816606,14904.573061818,193741.183027836,1.29896870953963
2014,"E07000067","Braintree",150076,79662.2320238066,44615.7764947861,145.125199367605,26355.2568703655,21624.8464285084,15328.7112523944,187731.948269229,1.25091252611496
2015,"E07000067","Braintree",150530,78283.7410182785,43508.640542633,113.523205539523,20671.1118939943,22448.6038531417,14522.6469328386,179548.267446426,1.19277398157461
2016,"E07000067","Braintree",151233,77119.0644655333,41943.6262608803,0,15027.3530777503,22545.9837625061,14382.2269644217,171018.254531092,1.13082630464972
2017,"E07000067","Braintree",151677,77056.1893973877,39959.1565172319,0,9328.39902420465,24622.2338704971,14133.0199590305,165098.998768352,1.08849066614155
2018,"E07000067","Braintree",151561,72226.9933210314,34838.18593632,0,5735.99720413118,26702.1217139078,14026.8715134399,153530.16968883,1.01299258838903
2002,"E07000143","Breckland",122222,14837.4509504482,22615.6400033356,NA,33231.0543945396,40665.7649810881,7040.67648167993,118390.586811091,0.968652016912597
2003,"E07000143","Breckland",123247,17817.1097975996,24715.5241770735,NA,43069.6069147183,38510.9441001226,7603.90846620345,131717.093455717,1.06872454060316
2004,"E07000143","Breckland",123944,19865.4452157069,28142.3317902635,NA,48589.3102747367,36921.9035148157,7742.3023844843,141261.293180007,1.13971868892409
2005,"E07000143","Breckland",125493,21626.0958366246,30252.5944257434,NA,47048.3510408439,44659.7919612585,8142.58011277327,151729.413377244,1.20906674776476
2006,"E07000143","Breckland",126551,82333.7224369227,32285.315569885,NA,6627.45364641004,34330.27644374,7003.5931956838,162580.361292642,1.28470230415122
2007,"E07000143","Breckland",127797,88889.7177478756,34948.6699638898,NA,6292.90213247579,37500.658782315,7213.73576702657,174845.684393583,1.3681517124313
2008,"E07000143","Breckland",128938,85086.598351743,39509.5031996625,5782.40184909001,6004.98885436039,43138.4331041777,7482.89195776564,187004.817316799,1.45034681255176
2009,"E07000143","Breckland",129431,89616.8640877646,45518.1838153021,6329.11410341996,9630.45630025226,41722.2719863414,7706.63115832009,200523.5214514,1.54926966067944
2010,"E07000143","Breckland",129932,89057.3085988702,52105.2024724302,8038.31596175987,6765.78728283579,46592.1246180794,7921.36019771938,210480.099131695,1.61992503102927
2011,"E07000143","Breckland",131009,92000.139846828,48371.8595667341,578.199371440938,12639.3117906603,40888.6411023171,8789.71540190778,203267.867079888,1.55155651199451
2012,"E07000143","Breckland",131857,88029.8873488605,48726.7827638877,564.038206757958,972.151381689478,50136.7945682878,8184.50832806265,196614.162597546,1.49111660812506
2013,"E07000143","Breckland",132995,83453.0733313723,42377.1057502275,156.024955877081,36305.8834166766,24065.1096971605,13332.263712576,199689.46086389,1.50148096442641
2014,"E07000143","Breckland",134287,81123.8620473496,43332.5134968794,151.2165153843,30948.0171429288,24515.3224628101,14238.3817911802,194309.313456532,1.44697039517252
2015,"E07000143","Breckland",135698,80109.9628888678,38138.2876728741,133.58940398848,24016.5188776917,26174.0427941063,13612.1621049158,182184.563742444,1.34257368378638
2016,"E07000143","Breckland",137123,78236.9498666633,33102.3953479244,130.39840938579,18713.9219349781,26214.7092721908,13577.7343772954,169976.109208438,1.23958861174593
2017,"E07000143","Breckland",138602,78223.1040550318,31658.2433330736,126.508131212502,13473.2836986164,25921.9336078986,13451.9798595265,162855.052685359,1.17498342509747
2018,"E07000143","Breckland",139329,72575.1196839589,30881.8347955028,148.166573344547,10018.8117419883,31695.4832662004,13443.3798435287,158762.795904524,1.13948134203593
2002,"E09000005","Brent",269871,86160.6604236518,153573.852977312,NA,172377.562820139,85311.9580030071,37165.9342562519,534589.968480362,1.98090928065765
2003,"E09000005","Brent",268323,173988.930673741,174979.87244228,NA,201751.008694738,83600.4699597029,39275.0774266625,673595.359197124,2.51038993748998
2004,"E09000005","Brent",268335,172398.682594417,233539.03759924,NA,217867.859582549,82292.4204182043,40545.3642389808,746643.364433391,2.78250457239418
2005,"E09000005","Brent",270939,177730.262575959,245300.417738694,NA,222487.759945892,96627.0961485749,42420.4421728981,784565.978582018,2.89572921794949
2006,"E09000005","Brent",276504,350911.510765778,256167.930486685,NA,30108.7761698907,155974.960378135,36438.8479060784,829602.025706567,3.00032558554873
2007,"E09000005","Brent",283273,387611.481408981,266116.361434686,NA,27516.0236484875,163963.609129583,37803.4456448993,883010.921266637,3.11717290834862
2008,"E09000005","Brent",290901,354811.817593237,285774.369701802,16209,24636.8061920383,176983.318166126,39221.1143350732,897636.425988276,3.08571103567288
2009,"E09000005","Brent",298118,406870.474343269,334581.290544374,16435.7779498738,38512.1694955074,166856.153504258,40673.0232241507,1003928.88906143,3.36755542792261
2010,"E09000005","Brent",304785,411412.811784911,372547.237004427,26547.9818582037,26478.1061899809,182342.384436758,42146.0656974916,1061474.58697177,3.4826995651747
2011,"E09000005","Brent",312245,462435.229080054,391547.107273932,2225.54162976069,49504.681768591,160154.30050362,42919.6073914909,1108786.46764745,3.55101432416035
2012,"E09000005","Brent",314593,372093.275719105,396909.241606493,2111.60211548361,3756.8136796106,193827.938939319,39816.4839206661,1008515.35598068,3.20577811960431
2013,"E09000005","Brent",317112,358121.385571749,362599.226596913,97,123945.374183988,113963.863043451,73833.2341968323,1032560.08359293,3.25613689672082
2014,"E09000005","Brent",320101,345721.243333898,363066.800730098,92,102628.80731897,119990.882049414,75107.5485132559,1006607.28194564,3.14465522427495
2015,"E09000005","Brent",323443,305947.383809875,378613.122148763,58,76336.1605672366,119552.368178351,71423.299676356,951930.334380582,2.94311620403157
2016,"E09000005","Brent",326427,311038.872126499,353627.458517714,2,62257.8154110667,119142.430086164,70893.7679227893,916962.344064233,2.8090885376033
2017,"E09000005","Brent",329102,314116.235273968,348102.719287397,0,42700,172905.499948159,70186.1305214583,948010.585030982,2.88059806695487
2018,"E09000005","Brent",330795,312983.405811342,351701.829076479,0,0,225316.593160801,63440.876110691,953442.704159313,2.8822766491613
2002,"E07000068","Brentwood",68779,8399.85112275596,8199.85819039229,NA,20493.2302282162,22958.2172687176,3908.51720704577,63959.6740171278,0.929930269662656
2003,"E07000068","Brentwood",69234,10421.7487930105,9632.81782237555,NA,25252.6895622408,21735.0017979201,4012.53755847132,71054.7955340183,1.02629915264203
2004,"E07000068","Brentwood",69895,11695.1476585353,15286.1502382065,NA,28845.187607881,20884.2414849102,4091.37583253407,80802.102822067,1.15604982934498
2005,"E07000068","Brentwood",70542,12913.2915091499,16692.5086664712,NA,27775.8569276525,25071.0623977326,4280.8040420896,86733.5235430959,1.22953025918029
2006,"E07000068","Brentwood",71040,48179.7886904722,17488.0417736207,NA,3157.5331875068,16355.4421746148,4208.36340117354,89389.1692273881,1.25829348574589
2007,"E07000068","Brentwood",71346,51773.8512637254,18717.2790828212,NA,2874.83668981281,17129.6115626668,4298.15083645922,94793.7294354855,1.32864812933431
2008,"E07000068","Brentwood",71941,51792.1520153236,20063.4172353833,2690.40370033761,2635.65513717715,18930.1074626455,4465.59616685989,100577.331717727,1.39805301174194
2009,"E07000068","Brentwood",72663,53168.6668670613,22566.1423881709,2852.52352840117,4143.89437676744,17950.8410815287,4619.94261254935,105302.010854479,1.44918336504795
2010,"E07000068","Brentwood",73301,53394.8068428399,24892.1946813523,4017.92617680157,2875.45224528673,19801.1997520946,4763.74135489806,109745.321053273,1.49718722873185
2011,"E07000068","Brentwood",73841,49943.2451223506,22589.5179206712,216.335351808214,5459.10621637321,17660.6587577406,5022.40130214945,100891.264671093,1.36633123428845
2012,"E07000068","Brentwood",74142,43967.7011673809,22293.9551393375,227.519180091594,420.531834201182,21713.2690179456,4661.89086412723,93284.867203084,1.25819194522786
2013,"E07000068","Brentwood",74734,41401.2834941725,17161.7502546565,108.75894260424,15330.5172641642,10388.7049502046,7468.17541536644,91859.1903211685,1.22914858459561
2014,"E07000068","Brentwood",75914,40117.9235977455,16751.4985662277,73.40970164978,13244.6269493918,10023.1525212145,7753.82996624558,87964.4413024749,1.15873806284052
2015,"E07000068","Brentwood",76403,40011.3383114298,16220.7513344768,57.6198330753748,10453.5053745888,10930.8416208834,7371.11402118958,85045.1704956438,1.11311297325555
2016,"E07000068","Brentwood",76769,39091.8135655216,17052.1028705476,0,7524.98700961967,11188.1527871816,7300.71599341208,82157.7722262825,1.0701946388032
2017,"E07000068","Brentwood",76575,38626.4769352306,14990.8774323532,0,4550.2226526004,11878.134111522,7135.13587005783,77180.8470017639,1.00791181197211
2018,"E07000068","Brentwood",76550,36032.2205826364,12560.1944261736,0,2759.74021005564,12861.9124194195,7084.65247889513,71298.7201171803,0.931400654698632
2002,"E06000043","Brighton and Hove",249743,39146.3819505257,85009,NA,94907.118956762,86254.8262661967,15163.4298595749,320480.757033059,1.28324220111498
2003,"E06000043","Brighton and Hove",249846,62715.0401937459,87880,NA,114254.796816805,78673.5440502104,15675.1458511506,359198.526911911,1.43767971835415
2004,"E06000043","Brighton and Hove",249847,67166.0744901063,126876,NA,122917.380301313,75546.5442860132,15829.4047076585,408335.403785091,1.63434183234176
2005,"E06000043","Brighton and Hove",252863,66388.1746054641,139844.035185814,NA,118258.095088449,90702.6730425518,16392.9053962328,431585.883318512,1.70679729070094
2006,"E06000043","Brighton and Hove",255564,168567,147741,NA,18150.2013620974,94022.8657413018,15228.3607013573,443709.427804756,1.73619691272932
2007,"E06000043","Brighton and Hove",258161,183905.054162295,159900.280312641,NA,16506.669319303,98359.4036984121,15631.9493555622,474303.356848214,1.83723861020144
2008,"E06000043","Brighton and Hove",262019,180607.106728559,165032.773400102,13909,14916.8226180238,107157.562464034,16066.0157836756,497689.280994394,1.89943966275115
2009,"E06000043","Brighton and Hove",265584,187465.268658584,185435.774650077,13954,23309.382346069,100986.796421096,16653.2984861501,527804.520561977,1.98733553437698
2010,"E06000043","Brighton and Hove",269495,187469.960566595,199460.560070162,22654,16016.8542413429,110304.740663274,17232.620829418,553138.736370792,2.05250092347091
2011,"E06000043","Brighton and Hove",272952,186251.392382726,194373.620493698,1936,30295.0566483455,98008.9858421805,18486.1927660527,529351.248133003,1.9393565466932
2012,"E06000043","Brighton and Hove",275724,189472.387225091,194265.539787475,1956,2286.61093627646,117941.224994632,17183.7736539699,523105.536597444,1.89720712233046
2013,"E06000043","Brighton and Hove",277991,195957.383024804,178795.529317443,297,81138.4505809483,46116.1599763807,28486.0755308451,530790.598430421,1.90938051386707
2014,"E06000043","Brighton and Hove",280650,207375.4122246,169149.29799021,202,66535.4103023432,60733.770203604,29567.5126917383,533563.403412496,1.90117015290396
2015,"E06000043","Brighton and Hove",284073,212453.999092626,167705.871589374,131,48671.5265579054,64287.2673146833,28242.0809645369,521491.745519125,1.83576667095826
2016,"E06000043","Brighton and Hove",287173,215167.345496991,162297.80460532,0,35252.5209900446,59594.6900087244,28130.5768327495,500442.937933829,1.74265316702416
2017,"E06000043","Brighton and Hove",288155,226303.603336994,151051.733531549,0,23169.1560016849,61624.7410716623,27712.989442729,489862.22338462,1.69999556969207
2018,"E06000043","Brighton and Hove",290395,249899.116340583,132680.929564733,0,15401.8278904359,64439.1646636686,27746.9652320028,490168.003691424,1.68793541104848
2002,"E06000023","Bristol",389735,56910.3098084936,84846.1323919665,NA,129833.925241924,134751.350864142,23647.9122379694,429989.630544496,1.10328718371328
2003,"E06000023","Bristol",391454,93157.2939307033,90704.9412909912,NA,170445.917503366,120830.429279891,25290.2322424432,500428.814247395,1.27838472527396
2004,"E06000023","Bristol",395743,97101.9811682038,144941.266251538,NA,187848.681167914,115629.132627257,25791.3900876338,571312.451302546,1.44364512146152
2005,"E06000023","Bristol",405407,110431.873085644,152011.877581154,NA,186262.120477534,141501.639538111,27766.2891869869,617973.799869429,1.52432937731571
2006,"E06000023","Bristol",408428,296012.780774561,163819.181867164,NA,26445.8495434777,136999.978211453,26063.7580639956,649341.548460651,1.58985561337776
2007,"E06000023","Bristol",411901,322828.118938274,174148.292382629,NA,24581.8848686408,146477.019311559,26721.495693693,694756.811194796,1.68670824104529
2008,"E06000023","Bristol",414822,303429.007183011,180392.483759704,25743,22741.6603154229,163362.486945866,27599.5388567963,723268.1770608,1.74356272584579
2009,"E06000023","Bristol",418990,369452.168634352,213024.991232505,24263,35952.9114498354,155767.820286271,28624.9284508882,827085.820053852,1.97399894998413
2010,"E06000023","Bristol",423044,338961.022505609,230002,45180,24938.886593103,171740.679140144,29629.0243706134,840451.612609469,1.98667659300089
2011,"E06000023","Bristol",428074,318975.717510575,228716.476479068,661,49928.4426481269,161527.4859316,32319.4732799692,792128.59584934,1.85044781007335
2012,"E06000023","Bristol",433043,295363.663991253,236097.663511713,8,3836.28028910515,197897.787027533,30196.4990121176,763399.893831722,1.76287318772436
2013,"E06000023","Bristol",438386,271458.404808669,199073,0,139681.852076755,92869.8044838922,47658.0304570022,750741.091826319,1.71251155791088
2014,"E06000023","Bristol",443791,264124.737351543,217366,0,115432.34591396,97155.5967953589,50108.0092522294,744186.689313092,1.67688549184885
2015,"E06000023","Bristol",450640,244986.380151672,216067.777706652,0,85247.0656227096,95406.912640103,47937.9670278859,689646.103149023,1.5303703691395
2016,"E06000023","Bristol",455966,280218.781129424,187095.483587298,0,63853.0283222668,95504.6117227773,47749.0491650137,674420.95392678,1.47910360405552
2017,"E06000023","Bristol",459252,307882.872863264,179208.000648992,0,2703.23389814448,169424.45286153,47134.81744156,706353.37771349,1.53805182713083
2018,"E06000023","Bristol",463405,303948.76421437,165505.1841969,0,2280.6749826834,165586.428688683,47102.8897417605,684423.941824397,1.47694552675175
2002,"E07000144","Broadland",119391,14630.2289066205,13612.3758704508,NA,29916.9112616262,39780.8203912315,6877.59491600733,104817.931345936,0.877938298078886
2003,"E07000144","Broadland",120333,17417.5516505437,18016.964119206,NA,39302.7249739856,37602.7273069531,7424.12486684187,119764.09291753,0.995272227215562
2004,"E07000144","Broadland",121039,19507.3706469369,20793.9230504236,NA,45026.4684966102,36050.5060231215,7560.83826821464,128939.106485307,1.06526909909456
2005,"E07000144","Broadland",121637,20808.7854962389,22298.3106162428,NA,43415.4286259403,43267.9710325803,7892.38457266463,137682.880343667,1.13191611387708
2006,"E07000144","Broadland",122412,78976.3637580784,22870.5839032545,NA,6051.95942161141,31351.1405443742,6774.53240409041,146024.580031409,1.19289432434246
2007,"E07000144","Broadland",123242,85176.4347651642,24552.9479462719,NA,5754.85743492086,34292.4390373019,6956.62044805347,156733.299631712,1.27175232170617
2008,"E07000144","Broadland",123387,80978.9839987166,27652.0559361612,5556.45962364601,5475.11991633937,39332.3040719196,7160.7407435576,166155.66429034,1.34662212623972
2009,"E07000144","Broadland",123819,85502.4632157901,31681.26093306,5889.96881095994,8781.81583732594,38044.772929799,7372.47926224811,177272.760989183,1.43170887334886
2010,"E07000144","Broadland",124483,84056.0333968011,34792.565614133,7505.11422796351,6183.18640773057,42579.3067745619,7589.15957187376,182705.365993064,1.46771339052773
2011,"E07000144","Broadland",124740,86487.3741078348,31112.5395228909,490.27964944044,11466.7253911332,37097.4201245948,8369.11280319655,175023.451599091,1.40310607342545
2012,"E07000144","Broadland",125173,82406.9177299569,31514.8811963272,382.639946718899,883.881006698295,45583.9233297913,7769.62513138162,168541.868340874,1.3464714302675
2013,"E07000144","Broadland",125499,76129.7269296883,26328.9100007354,147.230917986524,33129.6054882477,22534.8962433471,12580.8170507505,170851.186630756,1.36137488450709
2014,"E07000144","Broadland",125956,73171.9286381852,24526.3180576894,141.835229111864,28207.5749793706,23477.0658226463,13355.050130615,162879.772857618,1.29314818553795
2015,"E07000144","Broadland",126626,72488.6056888515,22802.0953062341,124.658372779594,21876.2334404825,24659.9186638455,12702.1300144222,154653.641486615,1.22134191624639
2016,"E07000144","Broadland",127402,69726.5550849429,21437.9101836765,121.154132804624,16892.0142744841,23852.2062068045,12615.1740782815,144645.013960994,1.13534335380131
2017,"E07000144","Broadland",128535,69729.296725253,20801.0314340097,117.319538285155,11953.076024889,24905.6983325727,12474.9298801189,139981.351935128,1.08905241323475
2018,"E07000144","Broadland",129464,65845.9969192634,21689.7627124646,137.675841005666,8752.27412358357,25595.8150318697,12491.539651204,134513.064279391,1.0389997549851
2002,"E09000006","Bromley",296668,69849.595190161,87306.8037250136,NA,103612.819868475,100353.256244043,40856.3476028686,401978.822630561,1.35497870559198
2003,"E09000006","Bromley",297253,152720.134366273,100142.50739998,NA,125132.797686136,93757.888850123,43509.6305210798,515262.958823592,1.733415504044
2004,"E09000006","Bromley",297307,144638.493797299,119017.800191989,NA,136163.564394913,89771.14929575,44923.0275804449,534514.035260396,1.79785217051867
2005,"E09000006","Bromley",299421,148990.184313651,120262.989561257,NA,130601.063511561,107592.598134275,46879.8187630843,554326.654283829,1.85132857843581
2006,"E09000006","Bromley",300963,316484.298015945,130486.283225792,NA,15927.3882382129,82512.0737901965,39662.1567223515,585072.199992498,1.94400042527652
2007,"E09000006","Bromley",302625,340909.310327468,135826.081512082,NA,14510.7900351376,86463.6386483712,40386.0153925282,618095.835915587,2.04244803276526
2008,"E09000006","Bromley",304968,320485.967981459,146238.426004789,11196,13131.2688157605,94327.3345622293,41117.7163245868,626496.713688824,2.05430311930702
2009,"E09000006","Bromley",306924,373400.156278163,163240.971987741,11811.6870886262,20397.8805581653,88373.7070493595,41874.4489767449,699098.8519388,2.27775883260612
2010,"E09000006","Bromley",308560,382248.693962472,174574.538773515,15741.096353716,13951.7279753941,96077.8427475301,42668.0776009909,725261.977413619,2.35047309247349
2011,"E09000006","Bromley",310554,351481.505051249,156744.385775108,1098.36161760381,26168.7401462409,84662.3197156114,42687.1711439961,662842.483449809,2.1343872030301
2012,"E09000006","Bromley",314039,265090.508531824,151072.114388627,1025.24533204603,1997.40168131915,103033.09857678,39746.366873904,561964.7353845,1.78947434995176
2013,"E09000006","Bromley",318167,246980.238172023,133162.716405119,165,58515.8874971518,70506.1172580843,74078.8700039846,583408.829336363,1.83365600246525
2014,"E09000006","Bromley",321602,225892.798353233,130342.940470043,144,49325.8542972233,71033.990661871,75459.7386979738,552199.322480344,1.71702701625097
2015,"E09000006","Bromley",325303,330160.611630284,127670.473780335,89,39490.4370538357,73200.9970180906,71834.0284211364,642445.547903682,1.97491430421386
2016,"E09000006","Bromley",327580,156635.007120117,123374.519792275,0,27571.9191621932,71517.6545678686,71144.1777063396,450243.278348793,1.37445289196164
2017,"E09000006","Bromley",329391,149172.117532338,118808.011463908,15,10855,125705.727954932,70247.7642754941,474803.621226672,1.44145899926431
2018,"E09000006","Bromley",331096,141767.434358464,115022.302340539,18,0,147297.329975268,63498.602810639,467603.66948491,1.41229030095474
2002,"E07000234","Bromsgrove",89021,12530.4095187047,7448.08374032011,NA,17334.4598674426,29266.7226972186,4730.65706104933,71310.3328847354,0.801050683375107
2003,"E07000234","Bromsgrove",89984,15335.5963443963,9006.61380140609,NA,23450.8254946425,28241.1753748072,5148.18318609877,81182.3942013509,0.902186991035638
2004,"E07000234","Bromsgrove",90516,16589.8297431768,14426.2245236652,NA,28233.9330381927,27245.2705240613,5312.9692443702,91808.2270734662,1.01427622821895
2005,"E07000234","Bromsgrove",91046,16734.1089737902,15632.0731140286,NA,26691.8198597249,32737.1577336624,5468.61271145897,97263.7723926651,1.06829264759204
2006,"E07000234","Bromsgrove",91734,59296.9268542701,16531.7704137313,NA,3421.79779446888,17724.1766243268,4960.7148638399,101935.386550637,1.11120616729497
2007,"E07000234","Bromsgrove",92563,64754.893366486,18585.4548127447,NA,3132.56426156303,18664.3020230795,5096.21398709673,110233.42845097,1.19090163943444
2008,"E07000234","Bromsgrove",93097,63793.038977155,18211.1576082877,4064.26782574582,2942.57374109578,21142.6154234865,5171.1644536296,115324.8180294,1.23875976701076
2009,"E07000234","Bromsgrove",93444,65169.6726156334,21105.2175550233,4285.09375133382,4645.27579992738,20127.6043883887,5239.05112572331,120571.91523603,1.29031200757705
2010,"E07000234","Bromsgrove",93507,67117.6846252043,23844.5808444369,6178.89792405333,3240.77846280739,22317.2243525161,5363.84023041486,128063.006439433,1.36955528933056
2011,"E07000234","Bromsgrove",93732,59931.3057827479,22963.096299926,304.912058274807,6416.46048473439,20760.0755452866,5677.22123820066,116053.07140917,1.23813715069742
2012,"E07000234","Bromsgrove",94281,55613.5251190289,22243.1455020665,298.812570151818,497.878450677798,25692.6671145138,5254.86967112881,109600.898427568,1.16249189579626
2013,"E07000234","Bromsgrove",94806,53388.022204318,17964.3079996277,105.13524841385,17028.9599034868,11589.2762682969,9286.27793801229,109361.979562155,1.15353437084315
2014,"E07000234","Bromsgrove",95519,51547.5228059198,18453.6782408814,86.730979369541,14552.1078334282,11511.8276271733,9847.9748768758,105999.842363648,1.10972521031049
2015,"E07000234","Bromsgrove",95800,51151.1235404406,17711.4991796909,68.9898972454883,10915.4870288737,11840.645174842,9365.15586395584,101052.900685049,1.05483194869571
2016,"E07000234","Bromsgrove",96770,53120.0974534,17025.2689021767,54.0659924488981,7150.84719851203,12204.5052415559,9339.21020789094,98893.9949959845,1.02194889941081
2017,"E07000234","Bromsgrove",97594,53105.3099612377,16651.6727909309,50.0932882369937,3690.14601133653,12782.0069245153,9215.93896929056,95495.167945548,0.978494251137856
2018,"E07000234","Bromsgrove",98662,55065.2504331192,15283.0716012141,69.1567365979965,1877.67551781751,14838.7970025946,9247.04494878872,96380.9962401321,0.976880625166042
2002,"E07000095","Broxbourne",87700,9080.43745067941,13916.2497003519,NA,25574.4597616079,29300.0727892601,5195.97803509656,83067.1977369959,0.947174432576921
2003,"E07000095","Broxbourne",87817,11896.2342766017,16181.3354018848,NA,31538.0288854216,27586.2812585798,5445.0829464565,92646.9627689444,1.05500031621377
2004,"E07000095","Broxbourne",87805,14081.5350049553,26301.1523841713,NA,35806.7459436338,26306.6571026747,5533.30298577575,108029.393421211,1.23033304961233
2005,"E07000095","Broxbourne",88800,14051.5682232684,22667.0926258405,NA,34100.9061822881,31596.8414119413,5796.95400115397,108213.362444492,1.21861894644698
2006,"E07000095","Broxbourne",89684,61921.2548490315,32023.5927735275,NA,3625.1802799468,18779.0945182571,5866.14247527751,122215.26489604,1.36273209152179
2007,"E07000095","Broxbourne",90833,66272.9018205813,33811.9962039379,NA,3320.66395017867,19789.1361642717,6029.60573519461,129224.303874164,1.42265810745174
2008,"E07000095","Broxbourne",91630,66000.5587571423,36412.8060130786,3576.57311269041,3057.21537191575,21963.2457984548,6168.07431865963,137178.473371942,1.49709127329413
2009,"E07000095","Broxbourne",92395,70157.0848140478,42497.189972816,3634.12613179476,4758.04844250268,20614.0680522233,6336.30085838123,147996.818271766,1.60178384405829
2010,"E07000095","Broxbourne",93085,71291.6260954587,47569.6648796857,5032.09299583529,3263.40360098624,22472.0601386189,6504.53162622185,156133.379336807,1.67732050638456
2011,"E07000095","Broxbourne",93702,69904.2719766678,45987.6228228722,109.375944791324,6079.23845711469,19668.0430085442,6650.54058494906,148399.092794939,1.58373452855797
2012,"E07000095","Broxbourne",94595,60801.4264250756,45214.2246205805,242.670630510648,463.335186413422,23919.8099612943,6186.37634586657,136827.843169741,1.4464595715391
2013,"E07000095","Broxbourne",95107,59058.4628499638,38622.2172944842,90.0525504594878,16674.6767988932,11350.8883508765,9930.46161992885,135726.759464606,1.42709537115676
2014,"E07000095","Broxbourne",95837,59442.7713921824,37510.7051460109,54.3039936925736,14393.5833884222,12032.1791491039,10220.6094550747,133654.152524487,1.39459866778475
2015,"E07000095","Broxbourne",96311,59936.5970461637,38091.2699651258,32.8107929757357,11513.411157507,13029.4379713249,9746.62374413472,132350.150677232,1.37419558178434
2016,"E07000095","Broxbourne",96881,61120.1703122954,38113.5500507487,0,7730.7228664741,12170.8696235759,9717.20417618027,128852.517029274,1.33000812367001
2017,"E07000095","Broxbourne",96762,62260.1120858575,38431.6647873632,0,4324.05716153485,11869.4539627109,9544.41278682805,126429.700784294,1.30660487365179
2018,"E07000095","Broxbourne",96876,62708.1076889304,34269.9593545909,0,2230.5017068218,13864.5550518632,9527.97563251194,122601.099434718,1.26554667239273
2002,"E07000172","Broxtowe",107832,13563.7160828917,13913.3827165632,NA,31851.5202095587,35792.1629565373,7125.00716356714,102245.789129118,0.948195240087526
2003,"E07000172","Broxtowe",107822,18793.946405151,15058.8798413673,NA,40856.6275408328,33873.0719860296,7566.23068045385,116148.756453835,1.07722687813094
2004,"E07000172","Broxtowe",108085,21195.0148527256,22481.0428181607,NA,46119.022089399,32379.2711644029,7702.29878242151,129876.64970711,1.20161585517981
2005,"E07000172","Broxtowe",108290,23189.3499626545,22937.4492096413,NA,44323.8464493892,38646.2332825311,7998.10155629824,137094.980460514,1.26599852673852
2006,"E07000172","Broxtowe",108254,77890.3763343748,24943.6646653151,NA,5439.87514248069,28180.312609515,7340.58733588419,143794.81608757,1.32830949514632
2007,"E07000172","Broxtowe",108272,83233.0771478593,26160.0313721633,NA,5037.96278448784,30022.6150162298,7461.5619154049,151915.248236145,1.40308896331595
2008,"E07000172","Broxtowe",108730,80082.7029612837,27990.3139430547,4526.73312106753,4782.00860556142,34351.4623870765,7774.39261604681,159507.613634091,1.46700647138868
2009,"E07000172","Broxtowe",109217,86928.18250806,32152.380227186,4883.44284038687,7681.56764793498,33282.8676725995,7971.35258202292,172899.79347819,1.58308499114781
2010,"E07000172","Broxtowe",109252,81423.9069442163,38114.6423411618,7381.50641680863,5391.32457874543,37125.139695818,8136.43519740668,177572.955174157,1.62535198599712
2011,"E07000172","Broxtowe",109749,79342.1622379032,33432.9004779376,201.839870817849,10001.8372080365,32356.9234478132,8739.10731231004,164074.770554818,1.49500014173084
2012,"E07000172","Broxtowe",110568,66873.0568714192,30408.3311719504,186.806434589144,764.93157161645,39435.0968722072,8120.37687665547,145788.599798438,1.31854243360138
2013,"E07000172","Broxtowe",111077,62630.6910464455,23371.9480649916,81.5898649335843,25177.8181200135,18155.725421466,13795.9303546266,143213.702872477,1.28931914683037
2014,"E07000172","Broxtowe",111534,60591.1069919698,23573.5792082655,46.0541630905571,21179.0141084014,16655.1476602363,14324.5106590406,136369.412791004,1.22267122842366
2015,"E07000172","Broxtowe",111837,60775.9332413995,23424.6230925119,33.9859677977517,15649.5222792974,17810.5132395739,13568.108379927,131262.686200508,1.17369641711158
2016,"E07000172","Broxtowe",112116,59006.567162845,23333.6872807813,0,11024.4419212449,18611.2358821354,13397.5354979749,125373.467744981,1.11824777681135
2017,"E07000172","Broxtowe",112718,60888.3456889607,21360.3694021704,0,6801.23803136347,17782.6414359095,13169.5298624309,120002.124420835,1.06462254849123
2018,"E07000172","Broxtowe",113272,60199.5452224945,20634.89665402,0,4111.57196064071,19373.6038825954,13152.4455538276,117472.063273578,1.03707944835068
2002,"E07000117","Burnley",88842,11698.9473157527,29369.4326839934,NA,35077.4154415093,29619.4683986795,6093.04636230737,111858.310202242,1.25907014927897
2003,"E07000117","Burnley",88282,15644.6074349213,31013.4125573802,NA,41885.4287171897,27852.2759682858,6506.56077183211,122902.285449609,1.39215565403603
2004,"E07000117","Burnley",87923,16352.7830058652,34512.0943723426,NA,45666.2562604429,26449.8534889412,6597.67073912292,129578.657866715,1.47377430099877
2005,"E07000117","Burnley",87624,20029.6582617992,36099.6759846327,NA,44560.9167093804,31474.174290305,6791.41200757426,138955.837253692,1.58581937886528
2006,"E07000117","Burnley",87646,64090.6436135585,37485.6704118166,NA,5712.74557226779,29595.964314026,6104.98541130843,142990.009322977,1.63144934535492
2007,"E07000117","Burnley",87256,67990.1306701283,39526.6199219897,NA,5234.08621028731,31190.1557706106,6196.09839535593,150137.090968372,1.72065062538246
2008,"E07000117","Burnley",87328,65797.8706795843,40750.5390408215,6349.29835165969,4851.41512882154,34849.0928334337,6415.69766844109,159013.913702762,1.82088120308219
2009,"E07000117","Burnley",87027,66155.3576918689,45027.1580919794,8023.21500746044,7674.02347204502,33246.1811482914,6568.37270220715,166694.308113852,1.91543208560392
2010,"E07000117","Burnley",86902,68963.0405273121,49334.758217083,9207.83205590371,5337.1286359245,36754.3509023283,6725.86504476092,176322.975383312,2.02898639137549
2011,"E07000117","Burnley",87032,68693.3556067702,47794.3198602339,4157.79589401464,9748.83264541558,31539.8783677844,6809.81721555196,168743.999589771,1.93887305347195
2012,"E07000117","Burnley",87091,70403.6881976118,48171.8852886973,3556.95992240741,739.702217523942,38181.7342131992,6281.38193195615,167335.351771396,1.9213851232779
2013,"E07000117","Burnley",86829,70993.656190228,38395.2523345337,2314.79744509135,25148.1821262934,17214.8392540592,11723.9497404561,165790.677090662,1.90939291124695
2014,"E07000117","Burnley",87194,71191.4173459546,39778.2846902154,2354.4164814118,20987.9634791362,18215.453433509,12051.3960279254,164578.931458152,1.88750294123624
2015,"E07000117","Burnley",87262,71638.2279348785,39004.9712293707,223.140299022185,17309.3151345504,16974.9864490534,11436.9360651042,156587.577111979,1.79445322261671
2016,"E07000117","Burnley",87496,73711.8534860492,35579.6900909455,233.546483322152,13218.8768363402,18996.3365579937,11352.9465671696,153093.25002182,1.74971713017533
2017,"E07000117","Burnley",87705,75694.4171259774,33192.5009925992,292.565413465019,9436.36640631196,18739.5148798019,11181.5420762336,148536.906894389,1.6935967948736
2018,"E07000117","Burnley",88527,76759.3525536089,29832.6934578203,131.205793465245,6943.87924293474,21722.2748759741,11227.5610011346,146616.966924938,1.65618361544995
2002,"E08000002","Bury",181084,28694.6529759267,29675.2672044464,NA,69273.9906016691,60934.6689071953,14620.5572131417,203199.136902379,1.12212639936372
2003,"E08000002","Bury",181405,36031.6497988029,25735.4634211195,NA,87388.0461955719,57224.331048569,15674.9532568725,222054.443720936,1.22408116491241
2004,"E08000002","Bury",180999,41698.3924703265,48236.3375136092,NA,99628.8841863836,54816.0578915126,15883.1777568956,260262.849818727,1.43792424167386
2005,"E08000002","Bury",181028,44082.5331999509,73050.3278209711,NA,97806.9376323831,65577.6434819066,16462.0394835524,296979.481618764,1.64051683506841
2006,"E08000002","Bury",181809,143554.930465174,58990.4849926034,NA,12205.0590451775,63227.2019579748,15543.3859816595,293521.062442589,1.61444737302658
2007,"E08000002","Bury",182713,151716.7906007,58225.0460867869,NA,11146.3067021368,66419.1933065217,15846.401362416,303353.738058561,1.66027451828037
2008,"E08000002","Bury",183000,151697.318165562,56082.0959585223,7981.42093246316,10155.5102627588,72952.3397242832,16254.6871057978,315123.372149387,1.72198564016059
2009,"E08000002","Bury",183885,157644.446872965,62986.8561401422,8936.91742129142,15976.3203876912,69217.8507538166,16647.1033735846,331409.494949491,1.80226497511755
2010,"E08000002","Bury",184755,163855.807624122,68059.2827644476,14153.3907415958,11047.5471134452,76082.0406414207,17035.1231196754,350233.192004707,1.89566286165304
2011,"E08000002","Bury",185422,158718.5423697,72726.0340993809,897,20710.8226355541,67002.5898928497,17156.6304374865,337211.619434971,1.81861709740468
2012,"E08000002","Bury",186150,161237.043992009,72805.7812637777,773,1564.80746819122,80729.8702495061,15865.3328469147,332975.835820398,1.78875012527745
2013,"E08000002","Bury",186468,167789.589441518,58934.8975151571,83,50174.7785840951,36446.9456509722,30734.759555302,344163.970747045,1.84569990962012
2014,"E08000002","Bury",187287,170372.853769226,61117.4512818653,39,41373.9448563307,33788.1900991274,31343.7770880653,338035.217094614,1.80490486309575
2015,"E08000002","Bury",187788,180358.758059228,56344.0722457414,20,31228.5868366099,35443.2865494294,29734.0756415084,333128.779332517,1.77396201744796
2016,"E08000002","Bury",188503,180920.286910377,53212.466561231,21,24243.6951281697,34395.8419803484,29400.6611582671,322193.951738393,1.70922453084775
2017,"E08000002","Bury",189628,178468.21716279,50009.424790419,23,13474.9889234632,63446.360611105,16859.2008557956,322281.192343573,1.6995443307084
2018,"E08000002","Bury",190108,173814.038475052,52138.7077525209,28,1347.65522339185,63200.8404252482,28930.7874942801,319460.029370493,1.68041339328431
2002,"E08000033","Calderdale",193201,31111.0227815071,55745.297792507,NA,86390.1288765611,64497.1464927439,14391.8518227451,252135.447766064,1.30504214660413
2003,"E08000033","Calderdale",193968,43689.1764490191,57897.6803847089,NA,106174.979130929,61027.7490636954,15698.9396755856,284488.524703938,1.46667762055565
2004,"E08000033","Calderdale",194980,54699.4047220356,61654.5503288345,NA,118765.730342988,58514.64075914,15909.1435385714,309543.469691569,1.58756523587839
2005,"E08000033","Calderdale",196270,62563.5758962624,63485.9870327994,NA,119339.363400919,69725.3485888635,16442.7366824544,331557.011601299,1.68929032252152
2006,"E08000033","Calderdale",197761,170898.822515664,68530.6224991377,NA,13928.4428808374,72155.1954241166,15347.0372972514,340860.120617007,1.72359626325214
2007,"E08000033","Calderdale",199275,188489.419165111,71438.2147983047,NA,12744.7080720541,75945.460227147,15707.1240598557,364324.926322473,1.82825204527649
2008,"E08000033","Calderdale",200960,190017.175824,75065.8422717539,10791.7999201846,11715.2010912371,84159.48467513,16369.5023667726,388119.006149078,1.93132467231826
2009,"E08000033","Calderdale",202078,191132.840909225,86962.9077596677,14990.447863972,18540.5946163258,80327.7529285263,16848.7605008539,408803.304578571,2.02299757805684
2010,"E08000033","Calderdale",203049,197875.031110173,94280.8348462141,19452.9040069494,12887.6169439327,88752.7803562938,17311.0836593514,430560.250922914,2.1204746190472
2011,"E08000033","Calderdale",204170,175772.644933422,91298.5152347768,1007,23845.7528180083,77143.954721957,17659.4591471291,386727.326855293,1.89414373735266
2012,"E08000033","Calderdale",205200,166885.1629682,91621.7265598637,649,1805.99432776823,93182.3181270387,16423.6900036958,370567.891986567,1.8058864131899
2013,"E08000033","Calderdale",206136,158644.334169242,76786.2902795822,245,58425.9278055525,39109.5645157564,30180.2995835859,363391.416353719,1.76287216378371
2014,"E08000033","Calderdale",207042,150821.284241411,78580.9879682035,217,47703.7424683554,41905.5629344797,30716.268837899,349944.846450348,1.6902118722305
2015,"E08000033","Calderdale",207832,159910.28691211,72752.9190726474,163,35266.9852963127,43203.1783179881,29129.8346401521,340426.20423921,1.63798743330772
2016,"E08000033","Calderdale",209069,147548.747500354,70710.8206686202,128,27170.2072387011,42162.3609324517,28925.9980344441,316646.134374571,1.51455325454549
2017,"E08000033","Calderdale",209454,152415.312955807,62493.6076812879,94,19012.8108910355,41521.7687282594,28446.3632506659,303983.863507056,1.45131562780876
2018,"E08000033","Calderdale",210082,148575.165859443,51001.460436839,165,1328.28391691456,61157.7736251915,28369.5911178883,290597.274956276,1.38325641871401
2002,"E07000008","Cambridge",109543,12330.8689054803,12439.3702073429,NA,26577.0986426217,37872.4898228001,6233.6531551741,95453.480733419,0.871379099836767
2003,"E07000008","Cambridge",111317,15333.9716861949,13135.912187961,NA,37100.9516633106,34384.1297060857,6973.32482546767,106928.29006902,0.960574665765515
2004,"E07000008","Cambridge",112167,15107.6098844552,30658.3304914587,NA,42592.6204952458,33036.0364455799,7079.80751426287,128474.404831003,1.145385049355
2005,"E07000008","Cambridge",117217,20907.6862684473,32580.1856475396,NA,44065.333404793,41384.6653756978,7718.29370690838,146656.164403386,1.25115097983557
2006,"E07000008","Cambridge",116654,74358.8863723538,35541.0963272069,NA,5954.63628124631,30845.6926241684,6847.09631156453,153547.40791654,1.3162635478984
2007,"E07000008","Cambridge",115454,77089.8875026648,37309.0542231162,NA,5354.48417568654,31906.1721025001,6900.30909999074,158559.907103958,1.37336001441231
2008,"E07000008","Cambridge",116183,76887.4579854258,38239.3265818697,4343.64281600778,4853.49733184166,34864.6433500162,7026.75071154106,166215.318776702,1.43063373106825
2009,"E07000008","Cambridge",116746,79501.5849620314,41187.8810698109,4526.62229355468,7543.1839352791,32680.4059378781,7214.39403668615,172654.07223524,1.47888640497525
2010,"E07000008","Cambridge",120219,81859.4991155189,42371.8283929556,6631.8959943015,5245.35965958075,36124.851885698,7560.26955003446,179793.704598089,1.49555149018116
2011,"E07000008","Cambridge",122725,70531.9633883994,44018.0344087853,1178.08429855121,9377.80411244526,30337.5300125523,8174.73003424772,163618.146254981,1.33320958447734
2012,"E07000008","Cambridge",122601,62532.752745583,44457.771305048,802.217354627198,705.437481753032,36411.1064376883,7547.65763614702,152456.942960847,1.24352120260721
2013,"E07000008","Cambridge",123024,60797.2883836383,40359.1016507716,150.816965009747,23614.9462341301,18636.6495391579,12073.9151805542,155632.717953262,1.26505980908816
2014,"E07000008","Cambridge",123735,62810.4799725052,39486.9396727888,131.49081528875,19378.068276399,16924.0853970969,12478.4159219261,151209.480056005,1.22204291474526
2015,"E07000008","Cambridge",125105,65215.8009476507,39653.1972634803,114.089151426915,14361.4437030182,14718.6778953448,11881.6503248996,145944.859285821,1.16657894797027
2016,"E07000008","Cambridge",124635,67708.4044900714,38513.7865849309,90.5085129038514,9154.39798493292,17387.6031222796,11767.2233599981,144621.924055117,1.16036365431152
2017,"E07000008","Cambridge",124919,65463.3888902077,39312.8682150571,100.681048351143,4615.49242002773,18067.6319417266,11562.3114521496,139122.37396752,1.11370066977417
2018,"E07000008","Cambridge",125758,64850.3143372613,39046.9274238281,96.5589459785535,1789.91704020035,20017.1181734272,11566.6211210724,137367.457041768,1.09231585300154
2002,"E09000007","Camden",203972,75948.1057280445,105383.582002098,NA,156101.703797553,67483.8887868254,28090.4948739072,433007.775188428,2.1228785087582
2003,"E09000007","Camden",204254,139155.9000005,111038.801958182,NA,167381.757713409,62941.3119268536,29897.1451001424,510414.916699088,2.49892250188044
2004,"E09000007","Camden",207341,136713.551898966,177047.4149435,NA,184969.815632345,62605.668134723,31329.1831728046,592665.633782338,2.85841022172334
2005,"E09000007","Camden",211088,140793.046828379,189396.186815576,NA,190536.378592445,75963.2828157274,33049.6764858241,629738.571537951,2.9832987736771
2006,"E09000007","Camden",211032,256165.540331871,202532.438743983,NA,27963.1872113401,144862.19291771,27810.6752571953,659334.034462099,3.12433201818729
2007,"E09000007","Camden",211520,270384.099464572,204348.98257393,NA,26204.3614150592,156144.069233882,28227.8396557705,685309.352343214,3.2399269683397
2008,"E09000007","Camden",210273,249455.417543366,207576.020117865,17867,23335.958148712,167636.995354934,28350.3369688618,694221.728133739,3.30152576951743
2009,"E09000007","Camden",212924,285495.457300106,227656.435572056,50036.9824505697,36433.0752106931,157847.625600402,29049.7816199594,786519.357753786,3.69389715463633
2010,"E09000007","Camden",214725,283490.536576652,243956.197978167,44353.3933904319,25167.1424828769,173318.969743205,29692.4519149364,799978.692086269,3.72559642373394
2011,"E09000007","Camden",220087,317359.150992144,238285.311952467,2646.73290098846,50907.9129734788,164695.008096015,30252.0380853851,804146.155000477,3.65376489751997
2012,"E09000007","Camden",224809,275145.010118268,238956.624045398,144.780014112692,3864.97820199299,199364.066899166,28452.9660028069,745928.425281745,3.31805410495908
2013,"E09000007","Camden",230486,274043.534053868,213995.008468352,0,125925.367296635,99129.015084364,53664.0897130701,766757.014616289,3.3266966957485
2014,"E09000007","Camden",236022,292394.055145574,213772.973151972,0,102901.654830938,111310.147188127,55379.5015173201,775758.33183393,3.28680517847459
2015,"E09000007","Camden",243837,262796.346532598,206300.754245044,0,75213.7670230404,101976.087847023,53844.5510435644,700131.50669127,2.87130954978641
2016,"E09000007","Camden",249162,258763.715779577,204648.98423592,0,59590.5956965944,102792.869306549,54113.2718898192,679909.43690846,2.72878463372609
2017,"E09000007","Camden",253361,258683.864577692,193327.145788765,0,41114,160521.69558485,54033.1818556168,707679.887806925,2.79316819797414
2018,"E09000007","Camden",262226,280413.421334243,193085.044849682,0,0,208380.797044043,50290.5037228557,732169.766950824,2.79213261442734
2002,"E07000192","Cannock Chase",93000,10477.9641619735,12153.3411217387,NA,25322.3767059406,30911.2652247511,5399.05385305393,84264.0010674578,0.906064527607073
2003,"E07000192","Cannock Chase",93751,13129.6199255787,13427.2116004375,NA,33302.5259581423,29423.1465091155,5725.13661764553,95007.6406109195,1.01340402354022
2004,"E07000192","Cannock Chase",94179,14846.133400884,23684.7425690252,NA,38013.8475324693,28175.3961050712,5765.08537797235,110485.204985422,1.17314056196628
2005,"E07000192","Cannock Chase",94772,16483.9807869033,26012.8060169698,NA,36221.7052410078,33712.3669185486,6057.53409622682,118488.393059656,1.25024683513755
2006,"E07000192","Cannock Chase",94991,61706.4823537344,27730.0244221868,NA,4379.30869735208,22685.2802941762,5641.20824839544,122142.304015845,1.28583027882478
2007,"E07000192","Cannock Chase",95391,66385.6948474866,28854.219778343,NA,4008.17499467652,23883.1145540816,5740.72185204756,128871.926026635,1.35098621491163
2008,"E07000192","Cannock Chase",95999,66935.9283713565,30880.874447093,3808.46760692102,3755.84838707957,26979.9684789853,5941.09813583894,138302.185427274,1.44066277177131
2009,"E07000192","Cannock Chase",96514,67449.2944255326,36873.3850197947,3864.882905607,5978.04667948071,25899.6051962754,6105.61651821892,146170.830744909,1.5145039138872
2010,"E07000192","Cannock Chase",96898,69990.8688922055,41218.0070840975,5038.67177665887,4173.57464612332,28741.9949755427,6253.90115434635,155417.018528974,1.60392390481717
2011,"E07000192","Cannock Chase",97582,66970.0562827474,38543.97968718,277.883074018358,7736.48546942396,25029.27441848,6590.2601867491,145147.939118599,1.48744583138897
2012,"E07000192","Cannock Chase",97932,63269.0209627896,39060.9746975866,277.670846052822,594.076547635014,30645.843523399,6099.29075874612,139946.877336209,1.42902092611413
2013,"E07000192","Cannock Chase",98106,63094.1674473301,31508.4301782716,105.452525976353,20332.501332963,14480.0238083077,10406.8320453537,139927.407338203,1.42628796748621
2014,"E07000192","Cannock Chase",98508,64156.5900174846,30510.854758862,198.925318943561,17166.040833522,16061.8564518262,10948.3385984844,139042.605979123,1.41148542229182
2015,"E07000192","Cannock Chase",98490,61220.1775379831,29357.5808617914,46.7223365337998,13223.3910888701,15478.8088272265,10463.5766380109,129790.257290416,1.31780137364622
2016,"E07000192","Cannock Chase",98513,55995.254535439,27620.808330629,33.7688688064818,9420.54141910932,11139.0129883555,10412.4364733517,114621.822615691,1.1635197650634
2017,"E07000192","Cannock Chase",99126,54115.2175405517,25800.321398409,32.8968667642753,5954.87196524225,15390.9432032234,10289.2901190993,111583.54109329,1.12567379994441
2018,"E07000192","Cannock Chase",100109,52034.8282339052,24725.3630935782,183.975804618044,3767.56612754296,17114.2730267247,10346.7763639514,108172.782650321,1.0805500269738
2002,"E07000106","Canterbury",136483,23277.8737047786,24077.7842917655,NA,46871.412632407,46073.781555652,8798.14369285755,149098.995877461,1.09243639044761
2003,"E07000106","Canterbury",138608,26366.4993721078,26433.8799536604,NA,57378.4019317504,43336.1931835578,9190.87182954684,162705.846270623,1.17385609972457
2004,"E07000106","Canterbury",140578,29757.495779219,40578.9701888102,NA,64245.4266060654,41767.117106703,9222.22179592186,185571.231476719,1.32005883905532
2005,"E07000106","Canterbury",141918,29080.381544426,43159.9130520062,NA,61348.4581951064,50271.7587530052,9713.09129947183,193573.602844016,1.36398203782477
2006,"E07000106","Canterbury",143490,102109.876428114,47867.9384520187,NA,7095.59796440533,36758.4476218843,9001.00406423908,202832.864530661,1.41356794571511
2007,"E07000106","Canterbury",145197,108616.761038982,49240.7449886106,NA,6449.23319180881,38428.1695825197,9230.78375164927,211965.69255357,1.4598489814085
2008,"E07000106","Canterbury",146073,106852.734064691,53719.6157094964,6396.01297540659,5916.50648491878,42498.5169104681,9507.11688269982,224890.503027681,1.53957612308695
2009,"E07000106","Canterbury",146396,109854.866289865,61864.6999108916,7290.52483123373,9286.48629463112,40235.3412623417,9737.86530101168,238269.783889974,1.62757031537729
2010,"E07000106","Canterbury",148653,110660.956713601,64719.2346185876,9154.10231041287,6475.10709402667,44588.2534371482,10075.483379339,245673.137553115,1.65266182016586
2011,"E07000106","Canterbury",150600,105415.820144376,62073.860798446,327.599821611957,12400.2465168922,40117.3907504061,10253.5111597822,230588.429191514,1.53113166793834
2012,"E07000106","Canterbury",153223,99138.6697964309,61799.3466833023,355.793058275811,957.370258032007,49376.7769992962,9596.28295565759,221224.239750995,1.44380569334235
2013,"E07000106","Canterbury",154941,99451.3223382079,52116.3986323103,251.020537614676,33477.6995887609,22680.2148554767,16786.271306943,224762.927259313,1.45063557908697
2014,"E07000106","Canterbury",157044,96615.6609753539,51883.1306704582,223.293050226562,28396.5093400501,23167.6495196213,17315.1530990237,217601.396654734,1.38560783382195
2015,"E07000106","Canterbury",159663,98777.1146185361,51529.1415832066,185.125637187315,21390.84231738,24222.9404188263,16618.3850732591,212723.549648395,1.33232840199918
2016,"E07000106","Canterbury",162502,99797.8296102372,50433.0755447077,146.948650968101,14828.5298451691,24339.5331938041,16647.246393877,206193.163238763,1.26886538774146
2017,"E07000106","Canterbury",164100,99477.4492216066,48771.422578162,156.538443725734,8831.57109399395,25206.8569189769,16458.0768365923,198901.915093058,1.212077483809
2018,"E07000106","Canterbury",164553,98871.8170727435,46067.8794224337,200.993832169999,0,32543.347604491,16376.3599598804,194060.397891718,1.17931850462598
2002,"E07000028","Carlisle",101721,14385.3200758777,17621.1351945339,NA,35041.2236387337,33978.1958680612,6813.51125376268,107839.386030969,1.06014870116268
2003,"E07000028","Carlisle",102777,18508.3010386116,26390.289191153,NA,42579.3944098557,32321.3560547006,7296.67354054004,127096.014234861,1.23661922643063
2004,"E07000028","Carlisle",104412,21621.6702403226,28583.8693965465,NA,48444.3452248655,31139.3055132365,7337.47683454633,137126.667209518,1.31332286719455
2005,"E07000028","Carlisle",105562,19997.4235916626,29078.7667189763,NA,47597.4670972155,37496.6494487365,7767.20880412039,141937.515660711,1.34458911029264
2006,"E07000028","Carlisle",106707,76717.6530603653,32023.9065020358,NA,6363.22296732443,32963.8616595798,6302.35163678573,154370.995826091,1.44668105959395
2007,"E07000028","Carlisle",107293,80634.1820623469,32990.6792796823,NA,5920.8010240046,35279.9064996735,6442.1350016674,161267.703867375,1.50305894948761
2008,"E07000028","Carlisle",107178,75431.9013966413,36939.0699278921,5454.37298469204,5565.73306901756,39979.5145653163,6582.81697530125,169953.408918861,1.5857117031374
2009,"E07000028","Carlisle",106966,79676.7277040492,37485.092171107,5894.70112183647,8867.47913480009,38419.8334218608,6744.72805150304,177088.561605157,1.65555935161787
2010,"E07000028","Carlisle",106985,81296.5644137435,40568.727200024,7333.49513660492,6223.3498345546,42859.7381664051,6931.4104845401,185213.285235872,1.73120797528506
2011,"E07000028","Carlisle",107475,64320.6739546674,43923.8292875192,78,11542.1491325825,37342.6926214995,7107.77369517243,164315.118691441,1.52886828277684
2012,"E07000028","Carlisle",107925,71434.9854668924,41506.11587424,385.425847096884,896.892649312407,46262.3975921716,6603.63803447481,167089.455464188,1.54819972633021
2013,"E07000028","Carlisle",107992,70088.4291182129,34903.3674731544,186.955432207487,29653.7280134965,19934.5402077035,14261.2549914844,169028.275236259,1.56519256274779
2014,"E07000028","Carlisle",108059,70094.6429563221,33673.1985308281,125.10643169013,25265.9470761032,21570.210499703,14735.0225151291,165464.128009776,1.53123874929229
2015,"E07000028","Carlisle",108109,69922.9180474186,33066.3021053751,90.2026832149641,19479.3556272702,22030.7060999115,14036.4915750901,158625.97613828,1.46727817423416
2016,"E07000028","Carlisle",108388,70943.6768058092,28988.2073926458,51.5002335638231,14314.6864009719,22822.6766133446,13992.6351893471,151113.382635683,1.39418923345465
2017,"E07000028","Carlisle",108274,72068.2774115877,30533.0168126411,61.9174115876599,9700.43236117381,22402.172450464,13808.6690544269,148574.485501881,1.37220833719897
2018,"E07000028","Carlisle",108387,77152.6594927118,26423.758478857,64.3081252706018,6737.07455982104,23820.377832299,13808.8663587819,148007.044847741,1.36554240681762
2002,"E07000069","Castle Point",86866,10534.0395561046,12926.8120293493,NA,24669.8347025143,28765.2650992952,4936.35056786574,81832.3019551291,0.942052148770856
2003,"E07000069","Castle Point",87237,13108.3951448112,14242.664982098,NA,30715.5671540168,27401.8258636675,5055.92250900371,90524.3756535972,1.03768327262053
2004,"E07000069","Castle Point",87207,14784.8487997409,20470.633948398,NA,34902.5261137488,26100.0470587962,5104.75158777879,101362.807508463,1.16232421145622
2005,"E07000069","Castle Point",87462,15769.8878394895,23452.8156699117,NA,33611.8494032823,31108.9018092837,5307.58531271074,109251.040034678,1.24912579216892
2006,"E07000069","Castle Point",87576,59183.8942336261,24796.4018351155,NA,3823.83128419335,19805.8079375572,5187.94528746022,112797.880577952,1.28799991525021
2007,"E07000069","Castle Point",87776,63240.709619667,26036.1699993513,NA,3509.53271781192,20911.4284546386,5287.95570629109,118985.79649776,1.35556184489792
2008,"E07000069","Castle Point",88020,63505.6453536757,28627.8965688333,3392.57534234604,3220.25375202364,23132.439775122,5463.66848677399,127342.479278775,1.44674482252641
2009,"E07000069","Castle Point",88122,64659.0846601321,32400.4638334557,3588.39581863903,5057.86158388039,21913.7909635781,5602.83201771291,133222.428877398,1.51179533915933
2010,"E07000069","Castle Point",88115,64476.7442593803,36525.2008887649,4910.05998647863,3502.58485687017,24122.4082639502,5726.48489770729,139263.483153151,1.58047418887989
2011,"E07000069","Castle Point",87964,59608.7139928015,33580.0145362864,283.14903490551,6510.54478158547,21064.7338601305,5982.99736111746,127030.153566827,1.44411524676944
2012,"E07000069","Castle Point",88219,52292.717154719,33975.7165228509,296.223929061804,503.845160386746,25979.3885448753,5547.02260719214,118594.913919086,1.34432394290443
2013,"E07000069","Castle Point",88594,48166.4273273573,26482.4958126293,128.929132136377,18562.5681550748,12261.4783145346,8853.20647561985,114455.105217352,1.29190583129052
2014,"E07000069","Castle Point",88912,46770.4475712352,25947.6765619048,85.9789155239513,15768.0455426447,13482.5344069108,9081.44123559326,111136.124233813,1.24995640896406
2015,"E07000069","Castle Point",89184,45978.4766955036,25026.2881694957,67.2587096448337,12372.599077619,13165.4113335454,8604.18351197952,105214.217497788,1.17974319942801
2016,"E07000069","Castle Point",89752,45167.4253166343,23996.3850361133,0,8885.52223016301,12454.9736476328,8535.39660332584,99039.7028338692,1.10348184813563
2017,"E07000069","Castle Point",89814,45372.5494803891,23527.0597284932,0,5350.62435939474,14124.1699522329,8368.72468865,96743.12820916,1.07714975626472
2018,"E07000069","Castle Point",90070,42955.0216574534,22027.7509074521,0,3247.15611652137,14938.3537768402,8335.91964433813,91504.2021026052,1.01592319421123
2002,"E06000056","Central Bedfordshire",236297,28185.3517343217,37568.6795257514,NA,67271.0504464256,78083.6199950185,14135.34465262,225244.046354137,0.953224316661392
2003,"E06000056","Central Bedfordshire",238547,38216.8503047549,41325.1703767572,NA,86956.0635227883,74215.9758228908,15329.7399380149,256043.799965206,1.0733473905151
2004,"E06000056","Central Bedfordshire",240444,44587.3290447541,54768.5982462026,NA,98689.817824168,71296.8616083882,15729.2778238828,285071.884547396,1.18560614757447
2005,"E06000056","Central Bedfordshire",242062,58451.6921778541,59447.3899825802,NA,95397.4332511673,85895.5862358914,16494.9588756958,315687.060523189,1.30415786254426
2006,"E06000056","Central Bedfordshire",244351,200904.452419419,52132.4108447449,NA,10907.2016328129,56503.4991484452,15744.3230113696,336191.887056791,1.37585639942866
2007,"E06000056","Central Bedfordshire",246803,181683.23191185,72155.5215499969,NA,10004.5865976329,59613.6415225282,16082.255715771,339539.237297779,1.37575004071174
2008,"E06000056","Central Bedfordshire",249035,193437.609491325,76584.8495166905,21017.5611470443,9183.21478999959,65967.6788725659,16339.1951866624,382530.109004288,1.53604958742461
2009,"E06000056","Central Bedfordshire",250329,212555.10405504,105484.34802343,10212,12434.1569816812,53872.3183424189,17240.8427036261,411798.770106196,1.6450302206544
2010,"E06000056","Central Bedfordshire",252460,195115.910588289,95843.2145328947,11657,8630.28959311707,59434.6365987597,17692.3361343985,388373.387447459,1.53835612551477
2011,"E06000056","Central Bedfordshire",255644,175102.764666802,97615.3179647559,536,15869.675270002,51342.2174470326,18191.3722762811,358657.347624873,1.40295625019509
2012,"E06000056","Central Bedfordshire",259591,139399.949847708,94322.6837881811,0,1225.02669354865,63222.0919405308,16975.7743130843,315145.526583053,1.2140079069885
2013,"E06000056","Central Bedfordshire",263793,126448.989485579,34356.7302568155,0,45500.0648423548,39582.7015219281,29145.4265191624,275033.91262584,1.042612626665
2014,"E06000056","Central Bedfordshire",267846,143925.737063447,79065.250469613,0,39703.9665990673,32083.7421661075,30085.1044643608,324863.800762595,1.21287531179333
2015,"E06000056","Central Bedfordshire",272421,153745.259265334,62427,0,32294.8302073338,32561.5224900288,28673.2354018682,309701.847364565,1.13685012302489
2016,"E06000056","Central Bedfordshire",276731,162553.357964742,61973,0,22147.5989260105,32847.2085238843,28574.2990873206,308095.464501957,1.11333917957134
2017,"E06000056","Central Bedfordshire",280030,156267.6365483,60223,0,12077.5213210954,37066.2015197111,28402.862278062,294037.221667168,1.05002043233642
2018,"E06000056","Central Bedfordshire",283606,152613.364470566,56874,0,5893.11915653975,39159.5000881468,28561.9475571385,283101.931272392,0.998222644345999
2002,"E07000130","Charnwood",153431,19431.3223191096,17169.3677457199,NA,35468.9161375917,51056.7240205697,9137.02859343822,132263.358816429,0.862038041963027
2003,"E07000130","Charnwood",153664,21556.8040297682,19020.0812844379,NA,47374.9718626194,48184.1126400204,9790.91702496882,145926.886841815,0.949649149064288
2004,"E07000130","Charnwood",154740,23719.9910831883,27788.6231434127,NA,54579.8998164216,46310.1826569339,9995.92660450223,162394.623304459,1.04946764446464
2005,"E07000130","Charnwood",155768,25983.4187167652,30810.9587441082,NA,52356.2289845197,55696.7623691106,10615.7418915128,175463.110706016,1.12643874676452
2006,"E07000130","Charnwood",157153,98050.4869979087,32628.8454604921,NA,6664.70611032085,34526.5095800891,9915.07082151809,181785.618970329,1.15674291276863
2007,"E07000130","Charnwood",158667,105124.610151482,35487.151394798,NA,6073.36490002748,36188.7316260568,10139.0383725615,193012.896444925,1.2164652791376
2008,"E07000130","Charnwood",160509,106622.93101205,38624.0358708273,5536.39491674436,5668.58541936691,40717.5952918731,10404.911435042,207574.453945904,1.29322626111871
2009,"E07000130","Charnwood",162330,112287.183801553,45085.1994412419,5917.13177009132,9025.56984627337,39105.5014654572,10741.8675178611,222162.453842478,1.36858531289643
2010,"E07000130","Charnwood",164346,113224.117679524,48929.5233525594,7214.34015584287,6324.60766594757,43553.7130632529,11076.5770710713,230322.878988198,1.4014510787497
2011,"E07000130","Charnwood",165876,112653.41928889,49345.4316447978,464.681304218963,11389.3300958729,36846.3402404507,11797.9670871682,222497.169661399,1.34134636512454
2012,"E07000130","Charnwood",168370,119482.35748825,49022.8214864138,467.562231210244,880.370836210795,45389.1527823824,11053.9996684043,226296.264492871,1.34404148300096
2013,"E07000130","Charnwood",169993,69397.4987775681,36212.7054055052,398.710841149494,28480.681592214,18958.2665315108,18951.5382589837,172399.401406931,1.01415588528311
2014,"E07000130","Charnwood",172548,63125.1007747692,35594.727948351,167.19516651117,24345.8123673469,19540.3991254231,19879.211827079,162652.44720948,0.942650434716603
2015,"E07000130","Charnwood",175167,65071.217475927,33160.354188497,125.117427718626,19061.7774154717,20686.886947865,19001.2920804927,157106.645535972,0.896896364817414
2016,"E07000130","Charnwood",177378,67154.9260005042,32326.9031346138,93.0596767509325,12922.3795247132,21094.3106111891,18904.723844824,152496.302792595,0.85972500982419
2017,"E07000130","Charnwood",180387,71001.7902607287,29673.6502539636,106.108155175511,7307.92563015453,22095.4982838919,18727.1916100611,148912.164193975,0.825514943948152
2018,"E07000130","Charnwood",182643,71290.7890618508,28630.712343679,136.537326642493,3777.73688330363,23652.8386317047,18788.6967241532,146277.310971334,0.800891963947886
2002,"E07000070","Chelmsford",158686,19116.2288237057,29778.4426322074,NA,45777.7992264313,52550.3417395385,9017.67925554697,156240.49167743,0.984589010230454
2003,"E07000070","Chelmsford",160360,23860.2863397632,31571.6731951952,NA,56744.539333289,50298.5840239545,9293.8516173623,171768.934509564,1.07114576271866
2004,"E07000070","Chelmsford",162505,27261.7008405505,37803.1084406575,NA,65206.9314288389,48501.1984048262,9512.39759161526,188285.336706488,1.1586433445524
2005,"E07000070","Chelmsford",163570,29222.5042407594,40817.8715456707,NA,62568.8451086745,58056.7170536294,9926.15912739356,200592.097076128,1.22633794140813
2006,"E07000070","Chelmsford",163879,110284.518705038,42249.6035025224,NA,6957.87420094914,36044.268315508,9708.08538599266,205244.35011001,1.25241397683663
2007,"E07000070","Chelmsford",164381,118710.150542181,44594.6562233795,NA,6331.39420441397,37727.6720949,9902.92844235139,217266.801507226,1.32172697274762
2008,"E07000070","Chelmsford",165047,119454.801916475,48402.1460008661,6142.55600463744,5818.49024097075,41797.5993020287,10244.9681065279,231860.561571506,1.40481536514754
2009,"E07000070","Chelmsford",166208,122089.588107297,55110.087184029,6547.8094712371,9169.18290703333,39725.9472149337,10567.5711400108,243210.186024541,1.46328808495705
2010,"E07000070","Chelmsford",167441,123260.119951596,61931.3787211677,9110.03531970685,6382.89034805877,43955.952506657,10881.7835528231,255522.16040001,1.52604296677641
2011,"E07000070","Chelmsford",168491,113897.41495795,56866.3089472219,443.545371291258,12073.8335545691,39058.4024695017,11460.1565228053,233799.661823339,1.38760920062994
2012,"E07000070","Chelmsford",169379,100081.038709905,57175.5386359397,469.546400214913,940.935630886165,48550.6609612718,10650.1903465648,217867.910684783,1.28627463076758
2013,"E07000070","Chelmsford",170311,92545.9658278161,45802.2335298632,247.850299380077,34445.9376826755,24215.2715333624,17019.1937159321,214276.452589029,1.25814805026704
2014,"E07000070","Chelmsford",171590,90057.1000624016,46103.5201014176,165.929482125639,29458.615357459,28510.2109375767,17526.1438457739,211821.519786754,1.23446307935634
2015,"E07000070","Chelmsford",172719,88808.6132195313,47539.2788207203,130.257188185617,23121.3850476238,22547.6335342508,16663.3697973357,198810.537607648,1.15106350550691
2016,"E07000070","Chelmsford",174197,87858.8827088169,45666.6905487993,0,16822.9280453662,19139.6310889639,16566.0986062656,186054.230998212,1.06806794031018
2017,"E07000070","Chelmsford",176194,90085.2831423574,45276.8237847344,0,10320.6432001603,28450.638637225,16417.4747566304,190550.863521107,1.08148327140032
2018,"E07000070","Chelmsford",177079,86458.196570675,43703.8845162952,0,6383.95867611289,29419.0246664715,16388.545738867,182353.610168422,1.02978676279187
2002,"E07000078","Cheltenham",109775,14687.1027725551,18558.7720696625,NA,27935.0053403243,36278.0507551483,6522.02393877605,103980.954876466,0.947218901174825
2003,"E07000078","Cheltenham",109282,21320.9374034967,21004.7165266362,NA,36944.5914969936,34458.6018539175,6910.73828214889,120639.585563193,1.10392915176509
2004,"E07000078","Cheltenham",109763,23970.5796476326,30735.6785560238,NA,41989.4322638442,32929.3732373337,6943.55569196058,136568.619396795,1.24421361840324
2005,"E07000078","Cheltenham",110948,23779.1265643742,33353.8253655696,NA,40352.6912713986,39488.3210563903,7281.42645967815,144255.390717411,1.30020722065662
2006,"E07000078","Cheltenham",111637,76583.5699532635,36289.6145027914,NA,4911.99275704234,25448.1005386584,6336.776511877,149570.054263633,1.33978926577777
2007,"E07000078","Cheltenham",112511,88170.0135134904,40159.4745300342,NA,4488.74028680509,26744.4851823066,6490.45374819572,166053.167260832,1.47588384478702
2008,"E07000078","Cheltenham",112971,86680.0108745597,40832.8560729055,4975.87503956706,4183.83914841477,30054.4096288355,6502.64313575331,173229.633900036,1.53339913694697
2009,"E07000078","Cheltenham",113967,90152.8798231947,44382.0474901775,5168.38384534616,6610.14991193605,28636.1987942013,6707.77861739602,181657.438482252,1.59394770839148
2010,"E07000078","Cheltenham",114901,86241.7189768674,48665.2952497656,8597.95324500881,4600.82722855022,31685.0851073141,6906.47269721948,186697.352504726,1.62485402655091
2011,"E07000078","Cheltenham",115645,71436.692775565,41924.6408157262,418.491722227886,8751.30294055214,28310.6690529159,7548.47329635009,158390.270603337,1.36962489172327
2012,"E07000078","Cheltenham",116058,61897.0104513995,42388.0559068507,332.831253238041,671.159069171194,34606.8898235849,6979.0978851442,146875.044389389,1.26553141006556
2013,"E07000078","Cheltenham",115788,60271.7503098394,35785.2886119358,169.107777918968,22742.5358827908,14802.096516431,11374.5521990762,145145.331297992,1.25354381540395
2014,"E07000078","Cheltenham",116379,61339.6277677245,35245.1027055656,173.501522708214,19278.6550734872,14527.6952670992,11937.1711023819,142501.753438967,1.22446277626519
2015,"E07000078","Cheltenham",116592,67436.9354686419,32631.7771708767,122.156640924203,14847.0098457233,17799.1763809518,11295.618789138,144132.674296256,1.23621409956306
2016,"E07000078","Cheltenham",117217,68594.6356111903,30626.0253348612,0,10661.173188957,15781.0865118265,11288.0060921787,136950.926739014,1.1683537945777
2017,"E07000078","Cheltenham",117128,66232.0600328908,29475.9266499931,22.7491303676416,6363.8615402005,16878.2505942156,11048.2456908423,130021.09363851,1.1100769554548
2018,"E07000078","Cheltenham",117090,68838.3501652572,25878.3181650299,22.547233244628,0,22432.4398776434,10950.1931946246,128121.8486358,1.0942168300948
2002,"E07000177","Cherwell",132586,15267.2297602664,19034.1103741943,NA,28480.7987147762,45723.4872679843,7710.00982210268,116215.635939324,0.876530221436078
2003,"E07000177","Cherwell",133977,21131.9517275019,10350.7683710766,NA,39372.8765996326,41815.5176036391,8373.83957394429,121044.953875795,0.903475625486424
2004,"E07000177","Cherwell",134947,23378.7418134425,29782.11151156,NA,45958.1378812139,39970.8501655473,8530.27705734816,147620.118429112,1.0939118204118
2005,"E07000177","Cherwell",135876,21580.4472990707,32226.2112652576,NA,42773.7984041174,48084.8153518275,8820.39486630239,153485.667186576,1.12960101258924
2006,"E07000177","Cherwell",137159,85961.1683329736,34144.1817692398,NA,5601.48737182442,29019.1469267804,8558.28674712691,163284.271147945,1.19047434836901
2007,"E07000177","Cherwell",138120,91147.0712140376,35487.1350026053,NA,5105.82136911522,30421.9206891189,8732.50562800293,170894.45390288,1.23728970390153
2008,"E07000177","Cherwell",139440,89645.2817980803,39346.8930558999,5725.40667267809,4714.74647117667,33866.743937595,8873.57719916011,182172.64913459,1.30645904428134
2009,"E07000177","Cherwell",140301,93569.2836765992,49216.5608255435,5952.11611503744,7381.66300947145,31980.231936889,9096.45905810648,197196.314621647,1.40552322949692
2010,"E07000177","Cherwell",141337,99197.9967881754,52371.8176365217,8899.88328749722,5084.20192009765,35012.1333778158,9316.59113614912,209882.624146257,1.48498004164696
2011,"E07000177","Cherwell",142252,102219.431475699,49791.2212382499,294.370967224656,9625.04785055292,31138.3832789333,9888.41950040722,202956.874311067,1.42674179843564
2012,"E07000177","Cherwell",142936,89233.2595736478,48499.1533446575,301.894040838837,726.399660921504,37464.7067890881,9155.83565221067,185381.249061364,1.29695282546989
2013,"E07000177","Cherwell",143822,88626.8872768972,40690.2736454025,168.298238850117,25480.8889243642,9877.65096280411,14687.1879070937,179531.186955412,1.24828737575205
2014,"E07000177","Cherwell",144520,77552.0738386459,40636.8719600069,117.882628175154,21271.6870537828,20251.8963618409,15046.4380239918,174876.849866444,1.21005293292585
2015,"E07000177","Cherwell",145554,75896.4116903558,39909.1768020498,90.9726005433572,16196.2966196054,21222.3904333497,14299.0439661951,167614.292112099,1.15156087851999
2016,"E07000177","Cherwell",146635,73629.2882742313,37435.0076176549,64.8364589290241,10351.2758871248,20739.2044071784,14198.8197574159,156418.432402534,1.06671962630023
2017,"E07000177","Cherwell",147602,71520.0152813302,36410.464724832,78.5112419480573,5141.94857013909,22189.5772781356,14032.7357506974,149373.252847082,1.01200019543829
2018,"E07000177","Cherwell",149161,71377.3108146354,34927.0157293856,85.2628751869026,1910.08537301971,24238.2751045782,14087.3172924161,146625.267189222,0.983000028085236
2002,"E06000049","Cheshire East",353348,33218.9595979158,53958.8217592369,NA,84601.5308496725,117020.593129097,21337.2777540132,310137.183089936,0.877710311335951
2003,"E06000049","Cheshire East",355529,54766.2180606849,61304.0640107997,NA,112673.6400094,111661.810920449,23492.1384807194,363897.871482053,1.02353920912796
2004,"E06000049","Cheshire East",357354,62706.4373452152,73440.7396942461,NA,130549.839613047,106766.996396042,23761.9304666772,397225.943515228,1.1115754784198
2005,"E06000049","Cheshire East",359807,71575.2184334389,82973.0079439585,NA,124748.817880646,127909.539703629,24509.111756161,431715.695717833,1.19985352068702
2006,"E06000049","Cheshire East",362049,254016.159551418,88551.8072931493,NA,14577.0552974607,75514.0993204539,22059.6161917253,454718.737654207,1.25595910402793
2007,"E06000049","Cheshire East",365003,258018.931124605,95759.3656669457,NA,13337.0048354658,79468.6326254545,22477.3734954206,469061.307747891,1.28508891090728
2008,"E06000049","Cheshire East",367160,259866.198413477,102283.537909287,14525.0288221221,12354.1883901078,88742.59124772,22499.8627395008,500271.407522215,1.36254332585852
2009,"E06000049","Cheshire East",368023,265115.009215032,110116.334354722,14926,16532.3642979452,71625.1981119322,23545.0907984859,501859.996778118,1.36366476219725
2010,"E06000049","Cheshire East",369051,292622.674353357,106846,16817,11480.7879029779,79063.1932839863,24141.9279341085,530971.583474429,1.43874852926677
2011,"E06000049","Cheshire East",370736,246990.905374101,117582,0,22725.4289890181,73522.3449250651,25052.5106168701,485873.189905054,1.31056382413646
2012,"E06000049","Cheshire East",372383,240102.818744351,115772,963,1775.8464206444,91606.8990876618,23194.4097635787,473414.974016236,1.27131199334082
2013,"E06000049","Cheshire East",373006,223490.517361882,95987,335,60334.7584153213,43127.494661523,42320.9990360412,465595.769474768,1.24822595206181
2014,"E06000049","Cheshire East",374606,217880.318968136,92519,0,52463.9015152972,36175.5203257504,43323.2058708151,442361.946679999,1.18087256125102
2015,"E06000049","Cheshire East",375722,204413.871561634,89496,163,42363.9593208392,46026.4652197772,41421.2445164633,423884.540618714,1.12818663963972
2016,"E06000049","Cheshire East",377303,196476.325674303,87429,119,28990.0592868048,42153.7242968209,41173.0038854252,396341.113143354,1.05045841974051
2017,"E06000049","Cheshire East",378846,198969.78848644,81774,138,15390.217137149,44318.5779348108,40618.0978208591,381208.681379259,1.00623652190932
2018,"E06000049","Cheshire East",380790,200877.3762852,73981,180,7038.34713307548,46538.8238675466,40628.4180441077,369243.96532993,0.969678734551668
2002,"E06000050","Cheshire West and Chester",322657,30573.4610683979,61978.4972631887,NA,80294.289125312,106695.330527998,19527.1537638527,299068.731748749,0.926893672688797
2003,"E06000050","Cheshire West and Chester",324378,51244.9192626189,65805.4068979645,NA,106705.673729429,102185.375629569,21499.2093013575,347440.584820938,1.07109786983377
2004,"E06000050","Cheshire West and Chester",325496,57898.0598762319,78955.3566089647,NA,123424.865759904,97728.1130719385,21746.1137872431,379752.509104283,1.16668871231684
2005,"E06000050","Cheshire West and Chester",327169,67812.7816030287,88050.676444641,NA,118394.792701459,117050.176480719,22429.9087913401,413738.336021188,1.26460127952584
2006,"E06000050","Cheshire West and Chester",328358,235061.224266961,93557.5273167089,NA,14128.3817671651,73194.6727824576,20188.2134316022,436130.019564895,1.32821499572081
2007,"E06000050","Cheshire West and Chester",329364,237665.386786654,102651.634333054,NA,12936.8249285275,77087.0473713613,20570.5307637041,450911.424183301,1.36903676231556
2008,"E06000050","Cheshire West and Chester",329353,240355.215360217,106551.475455112,14025.9711778779,11929.4998824713,85692.8651219801,20591.1121580248,479146.139155683,1.45481030734708
2009,"E06000050","Cheshire West and Chester",329116,251129.249894204,122832.321557318,15109,21605.8056134604,93605.9773949092,21055.9288501928,525338.283310084,1.59621010011693
2010,"E06000050","Cheshire West and Chester",329553,246407.109191336,138524,0,14916.604883309,102726.579671421,21558.1173780027,524132.411124069,1.59043434932793
2011,"E06000050","Cheshire West and Chester",329526,247695.877757504,127835,1658,28246.3211531526,91383.0596698918,22267.7420416004,519086.000622149,1.57525051322854
2012,"E06000050","Cheshire West and Chester",330224,239872.313220621,132420,1716,2165.50212123238,111733.990972531,20568.4759233586,508476.282237743,1.53979202673865
2013,"E06000050","Cheshire West and Chester",331069,236577.244951773,107176,681,73510.099952285,50891.5636801975,37562.8564416206,506398.765025876,1.529586778061
2014,"E06000050","Cheshire West and Chester",332272,234515.500328827,110021,407,61016.3573255389,50054.4884910486,38427.2762879065,494441.622433321,1.48806285944443
2015,"E06000050","Cheshire West and Chester",333949,242676.47443891,102302,334,47041.1871522959,54552.4125674818,36816.0054109911,483722.079569679,1.44849087606095
2016,"E06000050","Cheshire West and Chester",335724,251230.316764644,98340.71846,295.931,34105.0212826382,55147.7823018262,36635.7160065796,475755.485815688,1.41710299476859
2017,"E06000050","Cheshire West and Chester",337986,262576.78355157,89666,278,20998.1823625337,58677.7444710382,36237.2795544387,468433.989939581,1.38595678501352
2018,"E06000050","Cheshire West and Chester",340502,269332.517161331,78847,338,12721.7010255166,60347.9209815052,36329.8868164993,457917.025984852,1.34482918157559
2002,"E07000034","Chesterfield",99256,12278.5866103574,18263.8128666642,NA,29296.6041378731,33160.4110793854,5776.1282868296,98775.5429811098,0.995159415865134
2003,"E07000034","Chesterfield",99929,16066.530143116,18665.3339392077,NA,38411.8540466503,31367.1811964495,6127.11017784382,110638.009503267,1.10716618302262
2004,"E07000034","Chesterfield",100545,17206.1707336194,32537.9674637521,NA,43597.8420633836,30136.4118474551,6312.15565562654,129790.547763837,1.29087023485839
2005,"E07000034","Chesterfield",101277,18059.8669264215,34213.0947528034,NA,42275.5692215409,36239.95956825,6493.58182366139,137282.072292677,1.35551084938019
2006,"E07000034","Chesterfield",101674,71515.7293906907,34968.0646238914,NA,5343.95042668368,27684.7516285159,6224.86547384379,145737.361543625,1.43337885342984
2007,"E07000034","Chesterfield",102027,74596.0246096873,36656.9735796545,NA,4973.54546660327,29637.6187786632,6353.6574498425,152217.819884451,1.49193664308909
2008,"E07000034","Chesterfield",102609,67312.1739434206,39157.5123430517,5835.31562270932,4739.43577200464,34049.0262844772,6487.53717016099,157581.001135825,1.53574248979938
2009,"E07000034","Chesterfield",103037,74753.2020316658,44977.7458567584,6309.08608470046,7594.58892952231,32902.4098279808,6664.16236287522,173201.195093503,1.68096116049092
2010,"E07000034","Chesterfield",103417,79606.7248515942,48724.0002057431,7974.90016641752,5337.05349784086,36753.616336241,6832.46297622719,185228.758034064,1.79108616604682
2011,"E07000034","Chesterfield",103788,74513.6723133446,48462.4218049327,1449.86561098655,9863.81939457043,31912.1030332857,7141.06097205754,173342.943129178,1.67016363287834
2012,"E07000034","Chesterfield",103788,72702.0862630415,48946.8200422372,306.779345659833,751.938706255435,38803.5796011933,6589.97483569395,168101.178794081,1.61965910118782
2013,"E07000034","Chesterfield",104066,74270.9368956074,40422.0828261264,203.672903369519,25484.7038962509,16994.097661944,11148.6522703903,168524.146453689,1.61939679101425
2014,"E07000034","Chesterfield",104331,73898.1090879625,41323.5211152999,157.489432098639,21280.5861174834,17857.2020992369,11568.9060874702,166085.813939552,1.59191241279727
2015,"E07000034","Chesterfield",104463,74434.0856199654,41165.4569748198,133.266422928889,15668.7038731404,17492.1042251037,10991.3333706219,159884.95048658,1.53054144038157
2016,"E07000034","Chesterfield",104527,71730.596885339,40277.141980644,0,11564.2063412068,17248.1902122765,10877.5783110581,151697.713730524,1.45127779167607
2017,"E07000034","Chesterfield",104579,71501.6739989971,37635.0582045189,0,7615.37350210072,19611.7308861982,10680.915465205,147044.75205702,1.40606385657751
2018,"E07000034","Chesterfield",104628,71171.2284623956,31944.4906637258,0,0,28696.6776880914,10642.1340186611,142454.530832874,1.36153353627016
2002,"E07000225","Chichester",106990,11336.6194822849,21468.5695352869,NA,23243.3549409872,35936.1318322783,6496.01935059607,98480.6951414335,0.920466353317445
2003,"E07000225","Chichester",107512,15543.8691773027,22762.6264182535,NA,30605.9853168277,33798.0935945048,6745.22017862564,109455.794685514,1.01807979281861
2004,"E07000225","Chichester",108157,17396.251953535,26762.9537590064,NA,34035.3238785289,32299.2611336425,6852.43739154849,117346.228116261,1.08496193603984
2005,"E07000225","Chichester",108773,18814.1245181357,29452.0916872395,NA,31217.3064846443,38662.1515169376,7051.66631205211,125197.340519009,1.1509964836771
2006,"E07000225","Chichester",109686,69794.9358787346,30417.8853103028,NA,3677.68435770027,19049.7345877206,6535.88913888135,129476.12927334,1.18042529833652
2007,"E07000225","Chichester",110603,74524.8549747197,34483.1308454272,NA,3348.35723380235,19951.0735741693,6697.14052305826,139004.557151177,1.25678830728983
2008,"E07000225","Chichester",111796,72764.054873468,35659.9415087212,4098.82000005057,3126.08086535761,22459.0181643778,6854.90861560342,144962.824027579,1.29667272556781
2009,"E07000225","Chichester",112474,74082.2717141759,41374.9310496762,4242.30881652783,4860.89749789989,21058.7051319854,7052.62024041826,152671.734450684,1.35739579325607
2010,"E07000225","Chichester",113411,75951.8279157706,46131.620126773,5769.00587434041,3326.50330097095,22908.6885762557,7251.96668170143,161339.612475812,1.42260990976018
2011,"E07000225","Chichester",113995,78417.45123314,44711.8170528672,216.316250452765,6267.13528573291,20275.5556127367,7720.5279476471,157608.803382577,1.38259400309291
2012,"E07000225","Chichester",114899,76244.7865663463,46470.7746826699,218.121661601059,485.932066534285,25082.7093928114,7160.77820235991,155663.102572323,1.35478204834091
2013,"E07000225","Chichester",115800,77820.5893006116,39499.8101128891,135.789972537488,17601.7726444212,11507.8642185336,11866.1666977415,158431.992946734,1.36815192527405
2014,"E07000225","Chichester",116261,73534.2704668131,41884.1687034039,120.668915078891,15248.1889882386,13027.4034270426,12248.5251845865,156063.225685163,1.34235234244642
2015,"E07000225","Chichester",117784,74616.7870577448,39748.7438373802,95.0952780179482,12332.248228735,13350.2054393131,11709.89592227,151852.975763461,1.28924960744635
2016,"E07000225","Chichester",119125,75839.915573492,38905.2147773978,75.3948574073549,8295.34147608657,13582.9242556277,11669.1157079575,148367.906647969,1.2454808532883
2017,"E07000225","Chichester",120192,78290.6933295646,37380.0531852131,78.2616591951926,4095.04527584229,13177.3080296544,11559.333091914,144580.694571384,1.20291445829492
2018,"E07000225","Chichester",120750,81982.2707260825,37310.7748846824,64.2517569965489,1704.28839893253,13987.4327389213,11537.5473123309,146586.565817946,1.21396741878216
2002,"E07000005","Chiltern",88951,12400.0470875568,16627.7366184095,NA,18120.8434718978,30015.4494316873,5172.59049738174,82336.6671069331,0.925640713504437
2003,"E07000005","Chiltern",89479,14965.1999751083,19011.3738969701,NA,25135.4067591497,28309.1344922426,5592.62254892229,93013.737672393,1.03950354465733
2004,"E07000005","Chiltern",90067,16746.7416148181,19561.8064040132,NA,29523.3894741868,26995.0046638853,5693.32007176282,98520.2622286662,1.09385526584283
2005,"E07000005","Chiltern",90605,18531.5767692116,21108.2297248752,NA,28270.1897737537,32184.2634651564,5881.62645987024,105975.886192867,1.16964721806597
2006,"E07000005","Chiltern",91471,63814.0456107445,22552.5365102217,NA,2885.62084255365,14946.4669118258,5707.50039768769,109906.170273033,1.20154114717269
2007,"E07000005","Chiltern",92226,67883.5466267219,24607.3456161147,NA,2621.72976048766,15623.7853122547,5830.90112980161,116567.308445381,1.26393108717044
2008,"E07000005","Chiltern",92471,68200.6909019217,25946.2816233227,3336.05467885916,2436.08964790768,17499.1953235157,5884.59952082282,123302.91169635,1.3334224967433
2009,"E07000005","Chiltern",92526,71251.5756735282,29733.5140209117,3522.86982696922,3775.11058765453,16356.5555980348,5998.95204460667,130638.577751705,1.41191208689131
2010,"E07000005","Chiltern",92915,73925.0039648679,31029.7880354799,4063.63481961736,2578.84894056441,17758.3004301827,6124.73071747168,135480.306908184,1.45811017497911
2011,"E07000005","Chiltern",92652,63449.5424431023,22492.0881507246,71,4801.36935925421,15531.6965119284,6440.55509624982,112786.251561259,1.21731049045093
2012,"E07000005","Chiltern",92980,57539.8318146723,24361.568719387,311.009197957662,370.865604889338,19127.53417526,5955.87954708785,107666.689059254,1.15795535662781
2013,"E07000005","Chiltern",93368,57802.3457566338,22394.2292361707,124.422327959607,13362.8993664024,13576.2292297587,9534.79551466067,116794.921431586,1.25090953465412
2014,"E07000005","Chiltern",94074,58567.2122837024,22432.1677309698,72.6007832597427,11743.8587741155,8737.13188111717,9794.34410925136,111347.315562416,1.18361412890295
2015,"E07000005","Chiltern",94662,61005.4275180478,21959.4781646483,61.5978061671669,9255.06752856894,9076.13934277803,9299.4771694901,110657.1875297,1.16897157813801
2016,"E07000005","Chiltern",95204,61706.7347726454,20580.9191853764,0,5168.37779573495,8288.68799014498,9218.70246656683,104963.422210469,1.10251063201618
2017,"E07000005","Chiltern",95355,69011.2276211148,21048.492945927,0,1821.36512585722,5527.29968624454,9065.53784845566,106473.923227599,1.1166055605642
2018,"E07000005","Chiltern",95927,63101.6105654363,19491.9764122344,0,312.336355182486,10494.9014861153,9059.70116792996,102460.525986898,1.06810935385135
2002,"E07000118","Chorley",101142,13078.5297428003,15066.9733743551,NA,35370.6916389223,33624.3222662619,6936.61663601103,104077.133658351,1.02901992899439
2003,"E07000118","Chorley",102003,17107.9407374581,15801.4055763401,NA,43198.0837819658,32080.7593007981,7517.82603938731,115706.015435949,1.13433933743075
2004,"E07000118","Chorley",102778,18757.9352248765,20970.159098309,NA,48776.0685137655,30845.1332402943,7712.37791278249,127061.673990028,1.23627307390714
2005,"E07000118","Chorley",103279,23105.9044967173,21134.2068270894,NA,47512.198836256,37029.5483831874,8004.77312985326,136786.631673103,1.32443799487895
2006,"E07000118","Chorley",103807,74238.1099490298,22786.3075832262,NA,5836.57665632662,30238.0515773235,7230.68047134717,140329.726237253,1.35183298079372
2007,"E07000118","Chorley",104362,79311.6326097452,24382.5211366404,NA,5422.17561059416,32307.8028620664,7410.80522526973,148834.937444316,1.42614109967532
2008,"E07000118","Chorley",105396,78775.9107061363,25343.5523628895,4698.88344026571,5124.64433992849,36809.2542171191,7743.09352628043,158495.33859262,1.50380791104615
2009,"E07000118","Chorley",105682,80115.2094245704,29936.0281346774,5225.57403355779,8192.56991017341,35495.2324004474,7976.36094447305,166940.974847899,1.57965381851119
2010,"E07000118","Chorley",106443,83013.2553088385,35408.5879139831,7218.38792578489,5767.38089334781,39718.4028111727,8238.2597979274,179364.274651054,1.68507346327193
2011,"E07000118","Chorley",107591,84460.1920108467,34248.3181942553,158.519544913696,10983.3827230548,35531.5135636121,8418.45578681923,173800.381823502,1.61538029968586
2012,"E07000118","Chorley",109075,88454.5889489672,34890.6197754609,362.764976135174,846.04361388001,43639.4550792241,7866.9636842856,176060.436077953,1.61412272361176
2013,"E07000118","Chorley",110531,91596.7564104399,28594.5382393941,176.685443842409,28746.3142107054,19458.2025658526,14924.2751703044,183496.772040539,1.66013853163853
2014,"E07000118","Chorley",111623,92405.4074294961,30827.8634421625,119.588823825369,24434.092270473,19691.4828957105,15427.8158912897,182906.250752957,1.63860719343645
2015,"E07000118","Chorley",112963,94470.9053563714,30586.6554512091,261.676039953738,18399.4320614267,21133.6586056292,14805.4205578874,179657.748072478,1.59041233034248
2016,"E07000118","Chorley",114266,98225.1122738971,27616.5766023844,254.069311320392,13853.4806228998,22458.1480392213,14826.4582660259,177233.845115749,1.55106370325161
2017,"E07000118","Chorley",115772,102054.22911121,26688.0130247619,333.390377374975,9497.46995714667,23049.3669992524,14759.8140271332,176382.283496879,1.52353145403793
2018,"E07000118","Chorley",116821,103064.824473344,25857.532114469,119.036350473905,6522.11530989279,24269.5699875312,14815.9872548889,174649.0654906,1.49501429957456
2002,"E07000048","Christchurch",45119,5826.99747372498,10711.1023209278,NA,7797.66990118305,14935.0386107736,2426.35842901356,41697.166735623,0.924159815945013
2003,"E07000048","Christchurch",45315,7216.56865422647,11620.5849032584,NA,10489.6079756186,14133.5298132156,2562.52338106433,46022.8147273834,1.0156198770249
2004,"E07000048","Christchurch",45468,8279.24706020513,13682.7435004622,NA,11960.4919898045,13568.224866402,2593.01798920449,50083.7254060783,1.1015159102243
2005,"E07000048","Christchurch",45765,8088.11222044045,14881.7537609193,NA,10904.6748649133,16305.0477659316,2694.81807992443,52874.406692129,1.15534593449424
2006,"E07000048","Christchurch",46049,29972.3537272058,16074.4586507439,NA,1333.21736511939,6905.31245876315,2469.66552520852,56755.0077270407,1.23249164427112
2007,"E07000048","Christchurch",46481,34381.6323917324,14321.1339658431,NA,1255.96683602774,7482.75458603945,2521.38152411454,59962.8693037573,1.29005118873857
2008,"E07000048","Christchurch",46959,34591.4872990126,15326.75394766,1860.71682350308,1245.94077358767,8951.29519867173,2556.82835448399,64533.022396919,1.37424183643006
2009,"E07000048","Christchurch",47277,34004.1815715343,20515.8673199136,1955.31828139148,1999.73461129959,8662.60823585153,2632.44321061169,69770.1532306022,1.47577370033213
2010,"E07000048","Christchurch",47698,36643.1143458416,22381.8533524265,2770.33556545271,1411.26891817859,9719.88298442452,2700.66594677791,75627.1211131019,1.58554071686657
2011,"E07000048","Christchurch",47916,32487.5610862776,21583.6345644047,128.065324192328,2726.69003627282,8819.5422392577,2948.61560258567,68694.1088529908,1.43363613099989
2012,"E07000048","Christchurch",47999,30365.4143987901,21087.1036087381,181.349176436567,220.599786028947,11358.9772104369,2714.94595827431,65928.390138705,1.37353674323851
2013,"E07000048","Christchurch",48470,30948.3514580517,17172.0917570889,108.44076494215,7909.95492175706,5642.82554057362,4155.94207763226,65937.6065200458,1.36037975077462
2014,"E07000048","Christchurch",49013,29914.9363108473,18439.9743128999,116.062401731908,6808.84351499998,4518.75631659739,4489.43436569316,64288.0072227697,1.31165215805541
2015,"E07000048","Christchurch",49211,27944.3873278378,16469.6913985368,13.1126587999914,5060.46120999221,6670.76384808368,4275.18243205141,60433.5988753018,1.22805061623015
2016,"E07000048","Christchurch",49645,27782.3957894141,16043.0838265163,35.801710909293,2866.63386937208,6253.42906446174,0,52981.3442606735,1.06720403385383
2017,"E07000048","Christchurch",49616,27816.5643364958,15155.4143387643,42.2942964722948,915.444092114339,6335.10591148065,4227.62422715259,54492.4472024799,1.09828376335214
2018,"E07000048","Christchurch",50032,27931.7335683986,13528.386699698,55.3674516313573,150.632954685565,7522.33532107797,4254.35389786965,53442.8098933611,1.06817256742407
2002,"E09000001","City of London",7280,6419.31556145042,3705.86914368283,NA,57790.9964291481,8810.146404252,30845.5827205795,107571.910259113,14.7763612993287
2003,"E09000001","City of London",7115,12084.1391037804,3567.80496799312,NA,62285.3041366676,13042.8168131814,33508.4395183816,124488.504540004,17.4966274827834
2004,"E09000001","City of London",7118,12899.3049199957,6655.63337481652,NA,72389.2895504075,6609.05129609175,33796.5283606427,132349.807501954,18.5936790533793
2005,"E09000001","City of London",7131,11460.2160280697,6510.69878051749,NA,74765.974360185,7173.66212555405,36847.4881140587,136758.039408385,19.1779609323215
2006,"E09000001","City of London",7254,26757.2296787568,7156.11982376535,NA,12274.4857084758,69186.1020765811,22735.9623105297,138109.899598109,19.039136972444
2007,"E09000001","City of London",7607,24810.8127109824,7172.83245291171,NA,11134.9287362158,71952.0594537733,23792.1719755174,138862.805329401,18.2546082988564
2008,"E09000001","City of London",7429,25565.9256582142,6741.94080293532,847,10052.7450651619,77814.3915409577,21165.6248084237,142187.627875693,19.1395380099196
2009,"E09000001","City of London",7472,32188.8770630854,7166.46374572337,871.771415484664,15609.3978037906,83027.2255381554,21991.424622233,160855.160188472,21.5277248646243
2010,"E09000001","City of London",7338,27367.1232897868,6897.41996862865,1476.16640213757,10642.3336851291,89790.9907508471,22817.7081716233,158991.742268153,21.6669040975951
2011,"E09000001","City of London",7412,23856.6963344212,7129.27542831554,311.555440630871,16456.2036102061,69940.2759318254,32667.8157696223,150361.822515022,20.286268553025
2012,"E09000001","City of London",6612,26073.2249861082,6772.51834752245,551.258216767626,1218.85222509587,73140.3510417167,31044.8482187571,138801.053035968,20.9922947725299
2013,"E09000001","City of London",6031,25900.4815471607,8567.80003155347,0,22046.5656793298,31551.0105862126,59202.1986283745,147268.056472631,24.4185137576904
2014,"E09000001","City of London",6139,31697.0661317109,7970.57152799296,0,17485.2500995972,32813.003845353,56664.4367381635,146630.328342818,23.8850510413451
2015,"E09000001","City of London",6687,29745.7341554542,7356.81989458782,10,12208.0149816602,1299.41078028783,53883.6360840574,104503.615896047,15.6278773584638
2016,"E09000001","City of London",7246,28628.3991012649,6466.66955374206,0,10776.910477591,44044.9701599572,53681.6940950612,143598.643387616,19.8176433049429
2017,"E09000001","City of London",7654,33043.4456940005,6098.738128075,0,8833,44088.8552382034,53013.3347868176,145077.373847096,18.9544517699368
2018,"E09000001","City of London",8706,34922.810881209,5175.15681305946,0,0,53646.6634775554,58479.6632881987,152224.294460023,17.4849867286954
2002,"E06000018","City of Nottingham",271769,48526.09077659,72262.1845999902,NA,145290.779927759,93845.454790843,17957.156241519,377881.666336701,1.39045169366889
2003,"E06000018","City of Nottingham",275547,87507.7832588643,68222.5689480248,NA,173927.8496763,84739.3764342672,19336.0553997052,433733.633717161,1.57408222088123
2004,"E06000018","City of Nottingham",279624,120529.227715046,125255.066973544,NA,191158.535945954,81832.2830375076,19926.4245245486,538701.5381966,1.92652110761809
2005,"E06000018","City of Nottingham",284834,125291.230753543,126197.236055878,NA,191370.684613032,99030.2203528092,21037.3188538799,562926.690629142,1.97633249762719
2006,"E06000018","City of Nottingham",286459,274857.416828071,134245.165472177,NA,25924.0291903715,134298.415577936,19424.4767643694,588749.503832926,2.05526621203357
2007,"E06000018","City of Nottingham",288164,282990.756368606,137115.563725703,NA,24136.3833811234,143824.292573625,19858.8141697829,607925.81021884,2.10965217799184
2008,"E06000018","City of Nottingham",290783,270932.724070023,138488.858602958,35049,22473.3967393851,161439.101975528,20791.5129961551,649174.594384049,2.23250531971968
2009,"E06000018","City of Nottingham",294808,269922.382830052,160532.628829496,34897,35864.5708452684,155384.607270542,21516.9663330893,678118.156108448,2.30020269500301
2010,"E06000018","City of Nottingham",299753,232207.647445352,209514.979566143,52725,25053.2462059188,172529.317990249,22323.8097218197,714354.000929483,2.38314212344658
2011,"E06000018","City of Nottingham",303899,253347.266470462,181390.474114212,0,48875.7284263703,158121.838932057,24198.908173229,665934.21611633,2.19130111029102
2012,"E06000018","City of Nottingham",308463,232441.534016002,183761.566175145,212,3704.01354687201,191068.292026433,22654.2563174135,633841.662081866,2.05483854492067
2013,"E06000018","City of Nottingham",310657,252762.595980417,150429.906328359,663,130815.718982368,88666.7711646855,38584.0663339596,661922.058789789,2.13071670295467
2014,"E06000018","City of Nottingham",314385,250766.411117015,156883.254356403,181,106788.432984379,92465.3163088564,40377.0265886859,647461.441355339,2.05945398589417
2015,"E06000018","City of Nottingham",318936,259520.812297528,150011.524363353,209,76723.5445206119,85346.8296764973,38693.4396868692,610505.150544859,1.91419328813574
2016,"E06000018","City of Nottingham",324779,253391.209390622,138595.427274695,0,60913.4642283206,92966.2920426803,38810.1446849406,584676.537621259,1.80022888678535
2017,"E06000018","City of Nottingham",329209,259587.032123864,140245.367723572,0,46487.7029117919,91884,38463.4908043171,576667.593563545,1.75167627119412
2018,"E06000018","City of Nottingham",331069,270736.092019113,139492.708142905,0,36690.8517226292,98013.7195647183,38441.6890057573,583375.060455122,1.76209509333439
2002,"E07000071","Colchester",156055,18895.4729344957,24678.8970165555,NA,47299.0116789177,51977.3782385572,8868.16692225138,151718.926790778,0.972214455100942
2003,"E07000071","Colchester",157164,23529.1366569128,26899.8098656127,NA,57906.7130941446,49362.4821123771,9108.62369413276,166806.76542318,1.06135479768382
2004,"E07000071","Colchester",158652,27291.3639934465,42370.1703783095,NA,65767.8590938627,47395.9728458969,9286.85826716067,192112.224578676,1.21090326361266
2005,"E07000071","Colchester",162038,30304.9800340171,46093.4690439407,NA,63999.698035822,57567.843650645,9833.19051589288,207799.181280318,1.2824101832923
2006,"E07000071","Colchester",163847,111640.202584006,50648.7237539757,NA,7320.81314996377,37924.7717199339,9706.18972680295,217240.700934683,1.32587536503374
2007,"E07000071","Colchester",165674,120130.09015595,53147.4333356786,NA,6695.24684983107,39896.1857431848,9980.82361561327,229849.779700258,1.3873618051128
2008,"E07000071","Colchester",167927,121157.076611074,58537.9892423821,6398.33965592074,6187.66214287745,44451.5155318895,10423.7384455635,247156.321629707,1.47180811679901
2009,"E07000071","Colchester",169027,122452.892057014,65769.0814368434,6776.47464920337,9747.08306596026,42229.4097750926,10746.8042878959,257721.745272009,1.52473714419595
2010,"E07000071","Colchester",171679,125561.583484153,73739.6953343049,9378.08251056762,6818.80637397281,46958.8547392238,11157.2059326277,273614.22837485,1.59375478873275
2011,"E07000071","Colchester",173614,117626.179882068,69516.9284446231,588.085518463066,12847.126889525,41563.1944931187,11808.6047002529,253950.119928051,1.46272835098581
2012,"E07000071","Colchester",176185,105080.723856586,70764.0930137328,618.842096847097,1007.48052667497,51962.3741459193,11078.137113866,240511.650753626,1.36510855494864
2013,"E07000071","Colchester",177993,98448.9185642177,58071.327857161,259.029765179924,37004.798356844,24648.1505365935,17786.8566744362,236219.081754432,1.32712568333829
2014,"E07000071","Colchester",180973,97001.6509504808,57228.1024320406,175.002949873088,31914.1873424176,26166.3417448922,18484.5202529357,230969.80567264,1.27626665675344
2015,"E07000071","Colchester",184916,98064.7681268583,55985.7192226236,139.455637252019,25448.1989038056,28994.8507148578,17840.0968593156,226473.089464713,1.22473495784417
2016,"E07000071","Colchester",187633,97920.7178384441,56713.820655596,0,18634.6772730655,27328.1329822877,17843.8594223175,218441.208171711,1.16419397532263
2017,"E07000071","Colchester",190098,98707.2517327256,55259.0995642896,0,11637.5369482733,29548.6614734849,17713.0272102678,212865.576929041,1.1197675774024
2018,"E07000071","Colchester",192523,93936.4940330622,52577.8265122171,0,7215.73761542183,31369.9608324482,17817.8778470846,202917.896840234,1.05399301299187
2002,"E07000029","Copeland",69095,9813.49955901703,13757.8717793407,NA,24169.8545267772,23077.3983396121,4628.14522152488,75446.7694262719,1.09192806174502
2003,"E07000029","Copeland",69273,12477.4915871035,14573.4051114426,NA,29103.0356787407,21831.1748929943,4918.05040207274,82903.157672354,1.19676003164803
2004,"E07000029","Copeland",69750,14307.823384884,21550.652495969,NA,32478.9064612724,20846.472910664,4901.6301690381,94085.4854218274,1.34889584834161
2005,"E07000029","Copeland",69899,14264.6572690327,22338.6067419121,NA,31638.8260039433,24885.7283095928,5143.13984387574,98270.9581683567,1.40589934288554
2006,"E07000029","Copeland",70329,52742.0298488612,23968.2127731234,NA,4250.89218204016,22021.0845366901,4153.78642697764,107136.005767693,1.52335460148292
2007,"E07000029","Copeland",70677,54166.7204814898,23904.9391428155,NA,3953.06965947055,23555.6192172595,4243.62051124348,109823.969012279,1.55388554992825
2008,"E07000029","Copeland",70789,50299.1065887295,27448.1454974487,5005.14450925904,3721.15597625151,26729.1246017296,4347.82353528336,117550.500708702,1.66057580568594
2009,"E07000029","Copeland",70662,53399.9680741874,27346.5362170668,5213.15113841042,5927.6125930038,25680.0840758328,4455.58377031307,122022.935868814,1.72685369602918
2010,"E07000029","Copeland",70629,54265.8470624694,29561.9339198065,5716.00589805364,4156.37800125958,28622.778790999,4575.95542470985,126898.899097298,1.79669681146976
2011,"E07000029","Copeland",70627,42949.7494803098,29876.9250345626,662,7830.69340578652,25334.4537220623,4670.86050494481,111324.682147666,1.57623404856027
2012,"E07000029","Copeland",70309,47047.4672429162,28573.1877785679,473.699540269028,600.509930789956,30973.1267575445,4302.01701705712,111970.008267145,1.59254161298191
2013,"E07000029","Copeland",70052,46178.310917374,23448.6414014873,121.273815995619,19706.1519260821,12616.5110622088,9250.95779931354,111321.846922461,1.58913160113146
2014,"E07000029","Copeland",69866,45514.6524471483,23226.6894433119,80.8880885114853,16643.7612084049,14059.5851967189,9526.99065364303,109052.567037739,1.56088178853432
2015,"E07000029","Copeland",69688,45240.012684647,22101.7080735126,58.1454327381108,12700.2288334293,3982.71274075827,9048.04433381938,93130.8520989047,1.33639725776181
2016,"E07000029","Copeland",69306,45726.6377564621,19921.1966893076,32.9305383195033,9295.48296587963,17178.1706218812,8947.24115615095,101101.659728001,1.45877210815804
2018,"E07000029","Copeland",68424,49947.1572617501,15614.1756867273,40.5972963871651,4346.6200991004,14758.1466301054,8717.44648097369,93424.143455044,1.36537097297796
2002,"E07000150","Corby",53427,6496.45634599077,8597.40788655423,NA,16994.5106897202,17410.5320550269,2978.93406671064,52477.8410440026,0.982234470286609
2003,"E07000150","Corby",53525,8870.13133727317,9082.24451581381,NA,21593.0873439703,16677.8868494677,3325.52169400591,59548.8717405308,1.11254314321403
2004,"E07000150","Corby",53751,9617.1150311777,15975.0281233375,NA,24557.4783240749,16075.9134524973,3412.763224232,69638.2981553194,1.29557214108239
2005,"E07000150","Corby",54497,10095.995075254,16915.4054732982,NA,24000.6927144931,19309.8722698449,3549.86188402475,73871.827416915,1.35552099045663
2006,"E07000150","Corby",55410,38721.9082327838,17596.8673649757,NA,2974.7363167436,15408.1812740449,3311.30867401142,78013.0018625594,1.40792279123912
2007,"E07000150","Corby",56789,41188.3160333422,18821.441145311,NA,2730.47887546089,16271.0210888281,3438.71302796468,82449.9701709068,1.45186515295052
2008,"E07000150","Corby",57921,44786.5054784643,20611.9592244777,2441.2218590064,2521.41176730792,18111.6904457528,3593.36844829188,92066.1572233011,1.58951256406659
2009,"E07000150","Corby",59035,45476.9636454883,24911.6810702539,2739.35955953788,3998.62042624045,17322.5457302799,3753.0444178479,98202.2148496483,1.66345752265009
2010,"E07000150","Corby",60124,44509.7046195482,28266.6435769196,3692.54941999474,2795.26371235344,19251.4710011904,3920.14446862041,102435.776798627,1.70374188009159
2011,"E07000150","Corby",61607,44858.925386942,25631.5729955459,154.916826016223,5250.29891767188,16984.9607848788,4310.91956822154,97191.5944792764,1.57760635121458
2012,"E07000150","Corby",63103,41650.4817650511,27415.1182926359,136.378056947358,404.20497164912,20843.0334984457,4075.78859425043,94525.0051789797,1.49794788170102
2013,"E07000150","Corby",64214,35352.9104576599,21291.2545181427,59.2404418589821,13772.4264052547,10632.0010174944,6737.57652110451,87845.4093615152,1.36801023704356
2014,"E07000150","Corby",65467,33657.879070752,21501.0082147498,49.099033995887,11648.3261984633,9371.21588951302,7161.02527787863,83388.5536853527,1.27374942620485
2015,"E07000150","Corby",66887,32838.269814337,20243.2665044193,42.2872601711239,8721.42071432231,9722.92609327206,6889.15714370776,78457.3275302295,1.17298320346599
2016,"E07000150","Corby",68295,35324.2958937924,18771.1984662476,0,6250.94225833229,11275.4233547045,6899.41255536199,78521.2725284387,1.14973676738325
2017,"E07000150","Corby",69540,32295.3193714593,15742.23401092,35.3700238394299,3974.10017687319,13564.3192689241,6853.80995103945,72465.1528030555,1.04206431985987
2018,"E07000150","Corby",70827,33770.7109297602,13348.1034627124,35.1471960429201,2520.90533852669,12276.3641626383,6920.77658362113,68872.0076733017,0.972397640353279
2002,"E06000052","Cornwall",504644,85187.6266806093,114189.967626068,NA,161263.540154488,163967.811136932,29841.0815586744,554450.027156771,1.09869537170118
2003,"E06000052","Cornwall",508579,95921.1705674464,121610.142311648,NA,195956.580297391,156020.398925326,31776.0004930966,601284.292594907,1.18228297392324
2004,"E06000052","Cornwall",511810,124009.013427006,151534.984354658,NA,218208.154700747,149809.786083843,32228.1689604511,675790.107526706,1.32039254318342
2005,"E06000052","Cornwall",515098,121611.546718158,164247.931131653,NA,210865.49247473,179395.510180736,33287.8734612277,709408.353966505,1.37722987463843
2006,"E06000052","Cornwall",517984,344618.567712891,166689.00885807,NA,29687.1343391131,153794.101129716,30749.290211879,725538.102251669,1.40069597178999
2007,"E06000052","Cornwall",521957,370821.286954408,177744.06243522,NA,27434.3485642683,163470.038533224,31385.0860442824,770854.822531402,1.4768550331376
2008,"E06000052","Cornwall",524973,359253.438124547,198227.417070294,26320.5853882009,25863.699963955,185789.024729432,32066.6177636621,827520.783040092,1.57631113036307
2009,"E06000052","Cornwall",526365,400595.691771022,212681.846990469,22512,43027.4805517055,186420.218877258,34303.3004737176,899540.538664173,1.70896723502545
2010,"E06000052","Cornwall",529794,388626.64619403,255386,38883,30320.2256945113,208803.950779971,35474.1338781897,957493.956546702,1.80729482883291
2011,"E06000052","Cornwall",533760,346532.298128898,237471,2619,56697.7663201663,183428.747193347,37981.6715176715,864730.483160083,1.62007359704752
2012,"E06000052","Cornwall",538249,297267.075900227,242985.935382986,0,4353.94987681641,224620.443422899,35327.9340014048,804555.338584334,1.49476420501354
2013,"E06000052","Cornwall",541734,319170.256765139,200428.897072289,0,147248,97124,58557.8455576285,822528.999395057,1.51832633616324
2014,"E06000052","Cornwall",545961,286373.923488236,197112.882585481,1370,123252,84204,61176.1428854342,753488.948959151,1.38011496967577
2015,"E06000052","Cornwall",550283,333755.972053847,193363.828194496,0,89971,94736,58304.3085447573,770131.1087931,1.39951826386259
2016,"E06000052","Cornwall",555057,274215.590823322,188521,840,65297,98922,58071.8673441125,685867.458167434,1.23567031524228
2017,"E06000052","Cornwall",561349,245340.544118219,179837,933,0,188372,57444.4498815388,671926.993999758,1.19698617793878
2018,"E06000052","Cornwall",565968,233311.782670667,164074.046850388,1107,0,186829,57480.703504814,642802.53302587,1.13575773369849
2002,"E07000079","Cotswold",80475,10753.7656171385,17425.7167597913,NA,19992.904165453,26846.3123162884,4781.23321769986,79799.932076371,0.991611457923219
2003,"E07000079","Cotswold",81212,15833.3113084751,19359.7729961126,NA,26673.1348314804,25558.9566786877,5135.65708323306,92560.8328979889,1.13974330022643
2004,"E07000079","Cotswold",81795,17892.7201632436,20088.838183085,NA,30234.7093466936,24488.7536414612,5174.31318225555,97879.3345167391,1.19664202600084
2005,"E07000079","Cotswold",82205,17705.7114253919,21637.6999330916,NA,28812.0009100238,29264.9856909594,5395.046887892,102815.444847359,1.25072008816202
2006,"E07000079","Cotswold",82597,56921.221337278,23239.0387513733,NA,3435.23672038326,17796.5422144232,4688.39837644782,106080.437399906,1.2843134423757
2007,"E07000079","Cotswold",83202,64472.4147092234,26604.6187559253,NA,3142.88378329903,18728.2417020404,4799.69720967177,117747.85616016,1.41520463642893
2008,"E07000079","Cotswold",83016,63226.5524582631,25495.8190840864,3639.58780824016,2928.38884974728,21034.4459794762,4778.42475111043,121103.218930924,1.4587937136326
2009,"E07000079","Cotswold",82765,64733.8799790001,28512.3336099445,3736.67547588403,4592.05995122612,19893.93625525,4871.3162342501,126340.201505555,1.52649310101558
2010,"E07000079","Cotswold",82614,61540.1919265709,31079.2570018027,6153.18186424102,3184.15826371788,21925.5949735481,4965.76474885414,128848.148778735,1.55964060303017
2011,"E07000079","Cotswold",83180,51411.4291588179,26000.3927800779,188.802468372308,6269.80218422869,20283.6595341048,5429.39174880367,109583.477874405,1.31742579796111
2012,"E07000079","Cotswold",83624,44923.7392164937,26956.403549557,190.099990701011,477.056006482724,24603.7523014998,5028.69325291922,102179.744317653,1.22189496218374
2013,"E07000079","Cotswold",84266,45000.2110720362,22692.9773912096,123.070059195424,16301.8558978413,10808.0109083288,8277.95639969041,103204.081728302,1.22474167194719
2014,"E07000079","Cotswold",84920,45475.3237442766,22678.0467503298,126.601442772163,13939.9340503058,10692.5172761586,8710.37360704483,101622.796870888,1.19668861129166
2015,"E07000079","Cotswold",85548,49575.7943552849,21061.8687166715,89.630989414228,10854.8964790203,12528.4810024501,8288.02658993048,102398.698132772,1.19697360701327
2016,"E07000079","Cotswold",86121,52748.5764135861,19555.3757378501,0,7753.62460399233,11187.7403489682,8293.45890668182,99538.7760110786,1.1558014422856
2017,"E07000079","Cotswold",87509,51874.4571615518,19504.9292672482,16.9963941102208,4734.15128339428,13077.0573837956,8254.39631992282,97461.987810023,1.1137367334791
2018,"E07000079","Cotswold",89022,53946.4614605135,16819.5201954675,17.1423673917779,0,15548.9523169149,8325.28908166261,94657.3654219503,1.06330306465762
2002,"E06000047","County Durham",493538,70844.2084951411,96655.381868878,NA,200854.808062962,168264.66057378,36645.2810738854,573264.340074646,1.16154042864915
2003,"E06000047","County Durham",493931,101716.901393593,111031.583658695,NA,249394.781002962,156453.592814118,38956.5576039745,657553.416473342,1.33126573645578
2004,"E06000047","County Durham",495147,126196.386089543,174433.487783742,NA,280262.821447795,148555.750144874,39382.6707072888,768831.116173242,1.55273305942123
2005,"E06000047","County Durham",497218,138448.839632261,176810.007831665,NA,275787.293258351,177226.800906324,40919.9199672593,809192.86159586,1.6274408038242
2006,"E06000047","County Durham",499348,390691.350585047,185571.530908324,NA,37194.193218537,192734.494739425,35094.8345739934,841286.404025326,1.68476974780179
2007,"E06000047","County Durham",502960,393868.878290398,195048.18508532,NA,34340.6736303494,204629.073442335,35700.9156486642,863587.726097066,1.71701074856264
2008,"E06000047","County Durham",505617,381368.49271758,208356.836759027,40269.6099300459,31902.7544274335,229174.564729645,36337.3483833587,927409.606947091,1.83421365766398
2009,"E06000047","County Durham",507311,403246.828231013,228051,48087.9887309565,51453.0894720321,222919.825208529,37358.3121720024,991117.043814533,1.95366756055858
2010,"E06000047","County Durham",510628,398822.613469733,258037,55603.346784568,35859.5858401445,246957.58947854,38265.416739218,1033545.5523122,2.02406752530649
2011,"E06000047","County Durham",512994,394965.393973989,246011,115,66860.5414191905,216301.787344522,39628.6616885825,963882.384426284,1.87893500591875
2012,"E06000047","County Durham",514261,366171.15106302,260847,0,5123.72544871919,264356.369167941,36730.5578026475,933228.803482328,1.81469876868424
2013,"E06000047","County Durham",515923,389359.41110475,206908,0,174924.302873486,116294.837229691,72948.882494784,960435.433702711,1.86158677496974
2014,"E06000047","County Durham",517573,396912.915764132,212050.929159513,1170,145548.986885877,121354.087557944,75175.7245039698,952212.643871435,1.83976491020868
2015,"E06000047","County Durham",519347,406849.51388629,197523.144619927,1060,105902.326949124,126486.176537751,71622.0410813231,909443.203074415,1.75112824965662
2016,"E06000047","County Durham",521776,403632.804734501,195103.642548446,996,81971.9594031552,122464.288820464,71260.5875660521,875429.283072619,1.67778756223479
2017,"E06000047","County Durham",523662,422124.015413286,200392.225688687,971,59764.4941548454,130078.126764856,70375.8425927249,883705.7046144,1.68754980238092
2018,"E06000047","County Durham",526980,424682.77982526,166828.504389691,1146,45056.5857885615,139445.333787918,70426.3662622761,847585.570053706,1.60838280400339
2002,"E08000026","Coventry",301295,48755.6148052061,113531.181976227,NA,149955.755351728,100539.715425693,24107.2112869144,436889.478845769,1.45003892811287
2003,"E08000026","Coventry",300665,73555.1373980847,117208.520087179,NA,180645.903141776,95299.9729083188,26893.6485913641,493603.182126723,1.64170482805356
2004,"E08000026","Coventry",298174,81345.8196794747,128781.923809326,NA,200514.341391184,92029.8641954177,27121.2734102495,529793.222485651,1.77679214983752
2005,"E08000026","Coventry",298386,98714.3702116076,130615.948684904,NA,203711.467524905,109826.909020113,27883.303759041,570751.999200571,1.91279751463061
2006,"E08000026","Coventry",300129,267333.54050528,146761.461917771,NA,26007.446565307,134726.895567755,27644.4891372065,602473.833693319,2.00738293764788
2007,"E08000026","Coventry",301429,280551.578452682,163226.209536226,NA,23876.0023915892,142271.491475374,28160.9768093822,638086.258665252,2.1168708341442
2008,"E08000026","Coventry",305186,281435.870794453,154696.55682576,23522,21848.0793822499,156943.850682392,29229.2935415605,667675.651226416,2.18776631702115
2009,"E08000026","Coventry",307393,285364.221382702,173911.799510702,22661,34550.6705274354,149693.986628043,29947.8458127598,696129.523861642,2.26462386541542
2010,"E08000026","Coventry",311674,277767.399468572,191766.995193105,30774,24017.8803807462,165404.016469403,30848.8462597596,720579.137771586,2.31196422470782
2011,"E08000026","Coventry",316915,264225.66980286,182336.457158417,127,45514.0725782403,147244.385801463,31565.9593544334,671013.544695414,2.11732970889801
2012,"E08000026","Coventry",322504,264054.378637504,178232.789325921,10,3468.12390695202,178899.646075672,29530.5244508555,654195.462396905,2.02848790215596
2013,"E08000026","Coventry",328423,266043.654007383,149329.490879672,154,111412.496782065,72533.4322447032,55821.519247036,655294.593160859,1.99527619308288
2014,"E08000026","Coventry",335018,273228.118514226,146216.295373555,625,91791.6190489937,78872.043484583,56827.0389077837,647560.115329141,1.93291141171263
2015,"E08000026","Coventry",344288,259078.232230137,142214.344167734,82,65656.2187391735,81928.5065687302,54974.4061584271,603933.707864201,1.75415265087427
2016,"E08000026","Coventry",353215,248777.982628009,142746.998830944,49,51046.1137429713,80875.1833320502,55387.0163219535,578882.294855928,1.63889499272661
2017,"E08000026","Coventry",360149,250085.865446219,143708.627047982,65,2884.12261265045,120874.774275939,55203.315049893,572821.704432684,1.5905131054999
2018,"E08000026","Coventry",366785,246124.136016625,137329.519698209,77,2588.47165637222,122295.253736896,55851.224793911,564265.605902014,1.53840971114417
2002,"E07000163","Craven",53770,6534.49717791155,7827.44506897212,NA,13762.3277040429,17852.4311885861,2991.94467173503,48968.6458112477,0.910705705993076
2003,"E07000163","Craven",54060,8761.36158350678,9752.45571649839,NA,17779.9483800432,16974.4765849019,3173.23074899025,56441.4730139406,1.04405240499335
2004,"E07000163","Craven",54412,9961.91365564786,10930.4174692768,NA,19871.2890556279,16268.8118317174,3225.81545052061,60258.2474627905,1.10744408334173
2005,"E07000163","Craven",54888,10105.3680334565,11901.8165539668,NA,18914.4909511555,19529.4229601757,3355.90739884618,63807.0058976007,1.16249464177235
2006,"E07000163","Craven",55086,36916.3160261943,12671.3300555359,NA,2275.90703274535,11792.6070395058,2886.30327873076,66542.4634327121,1.20797413921345
2007,"E07000163","Craven",55395,38552.0524331451,12955.8067131115,NA,2105.86075043541,12550.6201021811,2953.60278329409,69117.9427821672,1.24772890661914
2008,"E07000163","Craven",55586,38072.7590905947,13778.2363468156,2600.99076269919,1967.55103552125,14135.247360284,3041.51906911512,73596.3036650298,1.32400790963606
2009,"E07000163","Craven",55326,39082.1249633639,15735.9711027748,2921.08735471063,3102.02005280495,13438.3823757982,3109.02501286774,77388.6108623203,1.39877473271735
2010,"E07000163","Craven",55398,39481.9725967302,17783.3704407672,3879.58711112001,2164.359963514,14901.8737928638,3187.36380396374,81398.5277089589,1.46934054855697
2011,"E07000163","Craven",55459,37981.5939254957,16620.3584771704,165.289112217776,4147.4384095277,13418.916180331,3279.34484079255,75612.9409455351,1.36340253061785
2012,"E07000163","Craven",55492,37631.5074707557,15774.1914317699,108.364349768354,318.193282823578,16405.878243169,3031.11424462223,73269.2490229088,1.32035697078694
2013,"E07000163","Craven",55594,39044.4193340166,12425.66824563,76.3961972734669,10682.5480633158,7733.9834318855,5226.54722329293,75189.5624954142,1.35247621137918
2014,"E07000163","Craven",55750,39000.8075095219,12111.331077034,70.5188431200701,9231.19938203319,7954.42308413635,5568.0069744082,73936.2868702537,1.32621142368168
2015,"E07000163","Craven",55826,38700.7235777561,11855.4191315696,30.8600418800133,7017.28713697906,6923.09114042654,5296.17405004428,69823.5550786556,1.25073541143294
2016,"E07000163","Craven",56343,39008.1183517107,11156.6492938083,29.1172084431159,4489.50896514652,7708.51671853139,5287.54326983139,67679.4538074715,1.20120429880325
2017,"E07000163","Craven",56604,37522.3228599706,9719.71913540567,59.6919721466958,2369.49833842429,7892.59813270906,5224.05408174717,62787.8845204035,1.10924818953437
2018,"E07000163","Craven",56832,38091.9263324653,9060.98786946696,34.2191520003906,1039.61521700707,8523.20412606491,5215.81702041975,61965.7697174244,1.09033237819229
2002,"E07000226","Crawley",99195,10358.3171749253,12328.6647822487,NA,23929.1319597274,33166.6823264122,6022.73707339356,85805.5333167071,0.865018733975574
2003,"E07000226","Crawley",98712,13571.6407306153,13048.821666406,NA,31091.7047268649,31100.7524267129,6193.11494784298,95006.0344984421,0.962456788419261
2004,"E07000226","Crawley",98887,15041.4891493774,28311.3785364504,NA,34403.239137329,29592.0018096148,6265.12362896582,113613.232261737,1.14891979999128
2005,"E07000226","Crawley",99703,16723.3185425766,30408.7739833675,NA,32029.4201910262,35461.147018959,6463.66548969442,121086.325225624,1.21447022883588
2006,"E07000226","Crawley",100746,63493.3428882354,34135.512676839,NA,3969.32274219929,20563.1640207,6003.17895798681,128164.521285961,1.27215493702937
2007,"E07000226","Crawley",101610,68959.1162444171,39029.7278573263,NA,3618.74030113701,21563.2646119124,6152.60389454129,139323.452909334,1.37115887126596
2008,"E07000226","Crawley",102827,67212.5845689836,42090.861430796,3734.11491596479,3342.00320353257,24009.2244963011,6304.96339955502,146693.752015133,1.4266073309066
2009,"E07000226","Crawley",103843,68469.7268934613,50292.4875170398,4136.8331564157,5202.78853667887,22541.4773016054,6511.41813775409,157154.731542955,1.51338782145118
2010,"E07000226","Crawley",105478,70776.1379134268,58260.6601805095,5616.9871406978,3575.54096322062,24624.1066972895,6744.69797155923,169598.130866703,1.60790051827588
2011,"E07000226","Crawley",107053,73999.4900202757,57927.1872885705,346.143151539277,6609.7842426735,21384.0510900505,7250.3678089343,167517.023602044,1.56480456971821
2012,"E07000226","Crawley",108234,71863.4178645761,60649.829763567,348.468976420413,514.558997809135,26565.8090098395,6745.399594028,166687.48420624,1.5400658222577
2013,"E07000226","Crawley",108953,74263.167038597,52518.434259323,127.761009308091,18562.8593603422,11510.4995613289,11164.5462885927,168147.267517492,1.543300941851
2014,"E07000226","Crawley",109874,69075.0842438189,53158.2491903372,114.039758606739,15958.9238084459,10880.3012286397,11575.6311758135,160762.229405662,1.46315078549668
2015,"E07000226","Crawley",110887,69260.5739699123,52131.324533855,89.5268465460183,12730.6899353031,15747.7662717271,11024.2072703657,160984.088827709,1.45178504989502
2016,"E07000226","Crawley",111546,69353.7625734374,51228.3195262088,70.5980672769008,8767.31606540652,16501.5055615382,10926.7003631465,156848.202157014,1.4061302257097
2017,"E07000226","Crawley",111664,71478.3134647273,48667.7842358363,72.7087486053314,4663.97004527467,13154.958964185,10739.162093779,148776.897552408,1.33236224344827
2018,"E07000226","Crawley",112448,75967.7802286255,44688.0359273935,59.8342159068151,2162.11239654795,16855.6502909004,10744.2991319005,150477.712191275,1.33819820887232
2002,"E09000008","Croydon",335415,98180.4586598752,92814.0836302717,NA,160782.676824546,112850.146453597,46192.4839592277,510819.849527517,1.52294873374034
2003,"E09000008","Croydon",335919,201854.567618103,105662.604644172,NA,183654.759702776,105032.312729037,49169.2651546347,645373.509848722,1.92121764427949
2004,"E09000008","Croydon",337134,196054.136962327,169472.706404242,NA,201152.766126309,101794.057552205,50940.879226879,719414.546271962,2.13391276546406
2005,"E09000008","Croydon",339052,205493.142581556,176815.289150472,NA,198324.822152494,121453.445658863,53084.7746526171,755171.474196001,2.22730281548553
2006,"E09000008","Croydon",340449,413260.387772685,200984.770868637,NA,24661.7401385265,127758.356475044,44865.7861397176,811531.04139461,2.38370810721902
2007,"E09000008","Croydon",344029,455991.339706398,211193.288936869,NA,22520.3774407215,134194.713792848,45911.4762147082,869811.196091544,2.52830777664541
2008,"E09000008","Croydon",349308,417294.778546167,227632.135144936,23559,20237.5894765866,145372.874194221,47095.915813819,881192.293175729,2.52267996488981
2009,"E09000008","Croydon",352763,467643.899545665,281451.849080917,25235.4195450504,31510.6792637267,136518.82287424,48128.3843700182,990489.054679617,2.8078031275378
2010,"E09000008","Croydon",357951,465784.664990799,288851.188224393,30393.6780882454,21631.6391285984,148967.935575969,49497.9292369467,1005127.03524495,2.80800175232071
2011,"E09000008","Croydon",364815,512451.234517254,297728.092604011,1771.31409521736,41192.8012759484,133265.65179019,50145.6118449511,1036554.70612757,2.84131602628064
2012,"E09000008","Croydon",369189,374835.079612263,302115.778766404,45826.7626724475,3146.96432712031,162341.264631026,46726.4302835308,934992.280292792,2.53255725466575
2013,"E09000008","Croydon",373628,410620.770933933,268406.46546,17854,106618.683574305,106772.702090108,86991.8628954252,997264.484953771,2.6691374440721
2014,"E09000008","Croydon",377073,367266.809330939,319646.104703517,0,89058.0954235884,107857.39761831,88475.2894884393,972303.696564793,2.5785556021375
2015,"E09000008","Croydon",380070,323834.093384697,286564.949055779,0,68984.0291729597,110536.996300882,83927.7817358626,873847.84965018,2.29917607190828
2016,"E09000008","Croydon",383301,310516.675844079,231315.891099421,0,54149.1265485921,107591.374728367,83245.7245833618,786818.792803821,2.05274390832223
2017,"E09000008","Croydon",384837,307671.04105652,193242.594982344,0,32577,166644.583516722,82072.4878958087,782207.707451395,2.03256887318889
2018,"E09000008","Croydon",385346,311880.310945332,184430.374267028,0,0,210324.026109554,73902.8336152309,780537.544937145,2.0255498822802
2002,"E07000096","Dacorum",138118,14331.1763718693,20024.2542544265,NA,40203.8948843075,46306.8021380506,8183.10255702926,129049.230205683,0.934340420551145
2003,"E07000096","Dacorum",138413,19054.1250888469,21254.3213384774,NA,49098.7797820224,43493.9585597755,8582.28208510748,141483.46685423,1.02218337045097
2004,"E07000096","Dacorum",138403,22620.1368747888,38438.9556907518,NA,55808.7740770657,41469.7649790045,8721.892069248,167059.523690859,1.20705131890825
2005,"E07000096","Dacorum",138633,22939.9090596438,40350.6106531323,NA,52461.609986139,49398.9881921357,9050.10274822048,174201.220639271,1.25656388189876
2006,"E07000096","Dacorum",138973,96791.2247127075,43383.1596328826,NA,5484.36210522554,28409.1173173113,9090.087621167,183157.951389294,1.31793910608027
2007,"E07000096","Dacorum",139527,101834.956803367,46007.0783453904,NA,4976.49464375919,29654.2020366204,9261.9730650149,191734.704894152,1.37417635937239
2008,"E07000096","Dacorum",140802,102278.484034957,51266.1614782658,5432.49631575941,4590.73719083795,32976.7057177129,9478.08796481407,206022.672702348,1.46320842532313
2009,"E07000096","Dacorum",142205,107303.575799358,58952.0485966155,5674.87858186994,7150.12883560901,30975.9023471661,9752.19074155639,219808.724902175,1.54571727366953
2010,"E07000096","Dacorum",143651,110412.203418797,64790.1321655663,7638.68145184225,4905.4958122713,33785.1627756647,10037.9488922855,231569.624516427,1.61202932465787
2011,"E07000096","Dacorum",145298,107603.908258798,62025.7806548172,268.843546843075,9089.21697873952,29403.3371011873,10312.589335467,218703.675875852,1.50520775148902
2012,"E07000096","Dacorum",146728,93985.6348062634,60618.3555381208,277.139217438198,693.535781299948,35780.1294254537,9595.79923332427,200950.5940019,1.36954496757197
2013,"E07000096","Dacorum",148075,92936.1518027946,50411.1029564675,140.205572768447,25110.8422723471,17573.8823909495,15461.0397170657,201633.224712393,1.36169660450713
2014,"E07000096","Dacorum",149515,95316.2183989707,50149.9667863749,84.7194884746512,21746.8725995174,13171.1222020542,15945.1404225456,196414.039897938,1.3136744801387
2015,"E07000096","Dacorum",151069,94572.537603876,51379.918818843,51.4654991024017,17492.6674123769,19264.6678457298,15288.1052258069,198049.362405735,1.31098612161155
2016,"E07000096","Dacorum",152445,97930.6170483158,51469.4663503306,0,11336.9686871486,16134.2847696249,15290.2962463001,192161.63310172,1.26053090033599
2017,"E07000096","Dacorum",153316,101172.798046292,50783.5270099768,0,5886.80326758312,16588.1441655503,15122.7877764549,189554.060265857,1.23636189481761
2018,"E07000096","Dacorum",154280,102528.937675463,49679.3436271757,0,2943.83380123526,21093.5575519371,15173.7900056148,191419.462661426,1.24072765531129
2002,"E06000005","Darlington",98474,15981.3999364805,18175.9888502966,NA,38785.3815191978,33463.8199120187,7312.71892611463,113719.309144108,1.15481557714837
2003,"E06000005","Darlington",98911,17055.5016079179,18199.0293054639,NA,49035.8700515378,31059.910993094,7808.44239602553,123158.754354039,1.24514719651039
2004,"E06000005","Darlington",99343,19295.5800176447,30047.8433688195,NA,54498.8244876546,29649.8813403215,7928.32929271119,141420.458507151,1.42355735690639
2005,"E06000005","Darlington",100287,22611.9243175238,30796.520121868,NA,53557.417958862,35509.485213648,8316.08003274067,150791.427644643,1.50359894746719
2006,"E06000005","Darlington",101509,80321.6845703798,34537.7534064228,NA,6643.43855329348,34414.4380289052,7219.16542600663,163136.479985008,1.60711345777229
2007,"E06000005","Darlington",102632,83892.6483152212,37413.9529375845,NA,6166.05463830016,36744.9945948848,7425.08435133584,171642.734837326,1.67240952955537
2008,"E06000005","Darlington",103694,79823.8467456176,38389.3349163714,6110,5725.10567616266,41128.5127301713,7635.65161664132,178812.451684964,1.72442428380585
2009,"E06000005","Darlington",104355,83658.5258670582,43273,6318.18917513807,9022.91052796788,39089.1747914712,7684.68782799763,189046.488189633,1.81157096631338
2010,"E06000005","Darlington",105028,86479.8987421547,53522,8859.65321543199,6266.4141598555,43153.41052146,7870.58326078199,206151.959899684,1.96282857809045
2011,"E06000005","Darlington",105584,68261.1557637032,47379,454,12063.4585808095,39027.2126554776,8156.33831141748,175341.165311408,1.66067931989135
2012,"E06000005","Darlington",105503,41139.0149895767,47796,420,923.27455128081,47630.6308320587,7535.44219735254,145444.362570269,1.37858034909215
2013,"E06000005","Darlington",105726,44715.4622302939,39971,107,31669.6971265135,21100.1627703093,14949.117505216,152512.439632333,1.44252539235697
2014,"E06000005","Darlington",105877,44539.8110786751,39769,59,26129.013114123,22125.9124420563,15378.2754960302,148001.012130885,1.39785800627978
2015,"E06000005","Darlington",105998,44627.1810584557,40158,38,19093.6730508759,22570.8234622488,14617.9589186769,141105.636490257,1.33121036708483
2016,"E06000005","Darlington",106327,45486.0965870241,43676.493716391,29,14270.0405968448,22265.7111795358,14521.4124339479,140248.754513744,1.31903236726084
2017,"E06000005","Darlington",106347,43464.278812318,40480.8096972923,28,9858.50584515459,23159.8732351443,14292.1574072751,131283.624997184,1.23448357731938
2018,"E06000005","Darlington",106566,47749.1011521293,38472.0753658696,31,6980.41421143847,27217.6662120825,14241.6337377239,134691.890679244,1.26392930840271
2002,"E07000107","Dartford",86403,14466.2376318954,12720.7177169421,NA,29350.4170752244,28967.761558238,5569.82195214034,91074.9559344404,1.05407168656691
2003,"E07000107","Dartford",87011,16479.204734694,13624.9906473504,NA,35530.1615381763,27237.7563567366,5769.5583859568,98641.6716629141,1.13366898050722
2004,"E07000107","Dartford",88277,18075.2957070246,23344.3014508501,NA,40046.2246617795,26260.7850504945,5791.16272445613,113517.769594605,1.28592690728734
2005,"E07000107","Dartford",89990,17310.0820416219,24404.1396267566,NA,38628.3554515821,31810.4669188048,6159.0572446023,118312.101283368,1.31472498370227
2006,"E07000107","Dartford",91174,63701.7210917615,28270.4092440195,NA,4436.20559486161,22982.6916264386,5719.26646144633,125110.294018528,1.37221460085691
2007,"E07000107","Dartford",92242,68714.6014983626,30045.2539876128,NA,4016.18104422838,23930.6944332926,5864.21175933134,132570.942722828,1.43720802587572
2008,"E07000107","Dartford",93946,67305.7381544943,32953.5066469802,4116.2521478134,3710.94040125266,26654.6524112658,6114.44690437054,140855.536666177,1.49932447008044
2009,"E07000107","Dartford",95266,71289.5121449373,38421.4932218844,4388.36278704549,5855.30981272937,25367.1405823809,6336.83622343629,151658.654772414,1.5919494339262
2010,"E07000107","Dartford",96337,71313.4414099829,40793.1797235903,5970.49119949308,4057.84345500761,27948.0345325997,6529.58125510675,156612.57157578,1.62567416024768
2011,"E07000107","Dartford",97604,67587.8489068503,39023.2413105679,212.317748928376,7815.61719146581,25284.2930863389,6645.3101144713,146568.628358623,1.50166620587909
2012,"E07000107","Dartford",98851,63969.3188101459,38431.8318006508,229.537991056318,605.161414257141,31222.2850365639,6190.99068971178,140649.125742386,1.42283968540921
2013,"E07000107","Dartford",100399,65112.7898389306,32404.7138542111,162.656823926371,21270.6212171859,16261.9566885137,10877.2039224335,146089.942345201,1.45509359998806
2014,"E07000107","Dartford",102010,63747.7264339666,31598.1562217814,145.042943720305,18163.6790821586,11771.4050807199,11247.2859047872,136673.295667134,1.33980291801915
2015,"E07000107","Dartford",103531,65038.3845760863,30393.6023953638,120.04185280021,13743.9295075294,18787.4955030377,10775.9344683463,138859.388303164,1.34123487943866
2016,"E07000107","Dartford",105117,66109.1101964241,30151.1067927351,95.0560691180041,9585.21950335773,15595.3590277849,10768.5357668531,132304.387356273,1.25863930055341
2017,"E07000107","Dartford",107516,68553.1425625244,29180.1255936238,102.561775232273,5816.44503194304,17620.393324197,10783.0992636384,132055.767551159,1.22824293641094
2018,"E07000107","Dartford",109709,70928.6563613766,27553.4304178944,134.004438287594,0,24962.076633918,10918.2699485182,134496.437799995,1.22593805248425
2002,"E07000151","Daventry",73330,8869.38817173906,8079.01469895411,NA,21164.2367693709,23872.6296366092,4088.6674361632,66073.9367128365,0.901049184683437
2003,"E07000151","Daventry",74652,11860.7019633838,8938.8001792533,NA,27695.9868174137,23187.6692963374,4638.14751052646,76321.3057669147,1.02236116603594
2004,"E07000151","Daventry",75100,13816.7119093867,13162.0144939191,NA,31910.6249025697,22418.5215769483,4768.25581179556,86076.1286946194,1.1461535112466
2005,"E07000151","Daventry",75747,14620.1428329131,14632.3855328902,NA,31062.017414623,26869.6031125372,4934.05853770341,92118.207430667,1.21613010984814
2006,"E07000151","Daventry",76532,53914.225859437,15463.3782201105,NA,3734.00115129076,19341.787534113,4573.56209058729,97026.9548555386,1.26779588741361
2007,"E07000151","Daventry",76951,55819.3150096271,17003.7601396895,NA,3419.86363460514,20377.9794468368,4659.57150530755,101280.489736066,1.31616859736801
2008,"E07000151","Daventry",77118,58366.5276754237,17455.6490819093,3215.70897123419,3142.40994926283,22576.975998266,4784.33362675667,109541.605302853,1.42044147025147
2009,"E07000151","Daventry",77700,58734.6624079688,20678.1119532265,3367.85708098744,4976.87375487224,21561.5272845388,4939.63837158943,114258.670853183,1.47051056439103
2010,"E07000151","Daventry",77725,57052.297328095,23339.2981507563,4495.80225316165,3456.03030474803,23799.225044367,5067.74713631032,117210.400217438,1.50801415525813
2011,"E07000151","Daventry",78070,56156.6602489744,21148.9999149815,203.160056602115,6424.62605714681,20783.9703357652,5462.90990781982,110180.32652129,1.41130173589458
2012,"E07000151","Daventry",78231,50307.8742209041,20977.6525228785,191.839544443984,485.688527282099,25057.143790579,5052.89792112587,102073.096527214,1.30476532994866
2013,"E07000151","Daventry",78457,40770.0336807647,16631.9356640285,72.3802807320858,16215.2693100736,12826.081724072,8232.00612197178,94747.7067816426,1.20763866553198
2014,"E07000151","Daventry",78894,37534.5162816061,16004.8622221038,59.1690345986758,13590.4429880942,12972.542920666,8629.72074897211,88791.2541960409,1.12545002403276
2015,"E07000151","Daventry",79795,37300.15620128,15356.5634236868,50.4479484108246,10084.4473798997,12643.9097674084,8218.64180307325,83654.1665237589,1.04836351304917
2016,"E07000151","Daventry",81098,40210.4007525408,14480.9801188337,0,7066.44255459743,15335.47221934,8192.8187922212,85286.1144375331,1.05164263529968
2017,"E07000151","Daventry",82638,37875.9328475504,12277.3413315273,42.0320395462009,4393.70800138692,18116.3332433902,8144.73895217138,80850.0864155724,0.978364510462165
2018,"E07000151","Daventry",84484,40844.8603666661,10631.8890669349,41.9243467955732,2698.79065356557,18639.1802408169,8255.2541953019,81111.8988700809,0.960085920056826
2002,"E06000015","Derby City",231979,40814.6280590856,50270.2390579851,NA,97288.9062138031,78503.0181679905,13499.8434739506,280376.634972815,1.20862938012844
2003,"E06000015","Derby City",232827,67337.3865295687,46706.4326801488,NA,121882.155487458,70405.3024585952,14275.7025625879,320606.979718358,1.37701804223032
2004,"E06000015","Derby City",234501,59841.2291333111,82105.2392938158,NA,136874.024337455,67731.5995830489,14721.834137949,361273.92648558,1.54060718924687
2005,"E06000015","Derby City",236470,63149.1019412895,84376.1997718876,NA,135652.008846459,84230.1218514042,15161.7572977202,382569.189708761,1.61783393119111
2006,"E06000015","Derby City",238110,208125.474318174,94204.9861409283,NA,16618.9613205633,86091.8415184722,14577.9916003791,419619.254898517,1.76229160849405
2007,"E06000015","Derby City",239917,211470.447307656,96632.6038448146,NA,15371.1602932632,91591.4930241613,14940.6572220477,430006.361691943,1.79231301530089
2008,"E06000015","Derby City",241865,205507.267828927,92901,12986,14383.6045550656,103321.270047044,15292.1106107748,444391.253041811,1.83735246125653
2009,"E06000015","Derby City",243980,218954.476719657,108366,14625,22925.8299072595,99324.6012355486,15779.9851829372,479975.893045402,1.96727556785557
2010,"E06000015","Derby City",247035,205172.790466441,121347,22207,16025.3460885552,110361.468190108,16320.8900986519,491434.494843756,1.98933145037649
2011,"E06000015","Derby City",248943,204961.033685716,119421,0,30389.7833510358,98316.3504208876,17128.3495352731,470216.516992912,1.88885213479757
2012,"E06000015","Derby City",250582,199685.282229564,126185,0,2301.0732123541,118725.446424318,15910.5973164322,462807.399182668,1.84692994382145
2013,"E06000015","Derby City",251312,211671.417603563,107858,314,78677.8693206194,39671.5559253311,26923.2035379118,465116.046387425,1.85075144198218
2014,"E06000015","Derby City",252313,211028.732847549,116010,168,64635.0006274844,53832.2363572981,27978.1215712287,473652.091403561,1.87724013984044
2015,"E06000015","Derby City",253875,223318.310634867,104035,0,47037.9598768319,58206.9977810073,26712.0871453686,459310.355438075,1.80919883973639
2016,"E06000015","Derby City",256203,222011.889454492,104959,0,36406.5814704052,60573.4326397472,26661.7065067209,450612.610071366,1.75881082606904
2017,"E06000015","Derby City",257034,222933.384080076,101193,0,26576.3799523356,62066.1963203051,26251.5268427073,439020.487195424,1.70802495854799
2018,"E06000015","Derby City",257174,200107.974116789,93066,0,0,95017.5425703208,26158.2002343077,414349.716921418,1.61116488028112
2002,"E07000035","Derbyshire Dales",69392,8401.71614880632,11358.5343600746,NA,19547.1280157904,23255.6414687345,4038.21526234867,66601.2352557545,0.959782615514101
2003,"E07000035","Derbyshire Dales",69368,10813.7618906191,12223.7609672363,NA,25452.6602538606,21802.0437634251,4253.27361243153,74545.5004875727,1.07463816871717
2004,"E07000035","Derbyshire Dales",69536,11856.4226876817,13432.2489388778,NA,28869.3902204928,20868.154022822,4365.42896881642,79391.6448386907,1.14173442301384
2005,"E07000035","Derbyshire Dales",69509,12402.4896391938,13936.3716458092,NA,27710.2909645831,24912.9129479495,4456.71158289522,83418.7767804309,1.20011475895828
2006,"E07000035","Derbyshire Dales",69526,48849.468965686,14279.9788248783,NA,3362.0287720126,17409.6068387611,4256.64375292074,88157.7271542588,1.2679821527811
2007,"E07000035","Derbyshire Dales",69850,51439.2141882703,15318.9973981286,NA,3110.26099799307,18533.1633164714,4349.85810492809,92751.4940057914,1.32786677173646
2008,"E07000035","Derbyshire Dales",70450,46150.2536650195,16917.9956491925,3044.57244120761,2997.65231254302,21530.3982081632,4454.25833638221,95095.130612508,1.34982442317258
2009,"E07000035","Derbyshire Dales",70705,51130.8237492253,19974.9242971176,3237.79677803843,4813.17245515567,20852.7807475701,4573.01357635697,104582.511603464,1.47913883888642
2010,"E07000035","Derbyshire Dales",71030,53343.2571647672,21519.2245724971,4467.73860990588,3393.70223417461,23368.1394970189,4692.74727754061,110784.809355904,1.55969040343382
2011,"E07000035","Derbyshire Dales",71104,50926.1958624124,20531.6967281183,338.89860488291,6377.33878898848,20630.4418437464,4892.26114153061,103696.832969679,1.4583825518913
2012,"E07000035","Derbyshire Dales",71386,49489.293347723,20349.1192385935,352.004647640121,489.460925008195,25231.041636902,4532.62365226084,100443.543448128,1.40704820900636
2013,"E07000035","Derbyshire Dales",71372,51293.8101792448,16268.3143146301,139.685799966265,16640.0315807586,10805.4286734213,7646.12466936654,102793.395217388,1.44024820962545
2014,"E07000035","Derbyshire Dales",71420,51271.7981142928,16830.000671466,107.809713704314,14064.9967364509,10703.9838583691,7919.51838635802,100898.107480641,1.41274303389304
2015,"E07000035","Derbyshire Dales",71301,49910.0599617965,17293.3931512748,90.9607154806265,10452.7800738901,12472.1278859895,7502.11137588154,97721.4331643131,1.37054786278331
2016,"E07000035","Derbyshire Dales",71477,49346.6355063608,17221.3886828331,0,7388.2812732637,12072.8019727237,7438.23763180326,93467.3450669845,1.30765624000706
2017,"E07000035","Derbyshire Dales",71849,49278.68414456,16395.7808062467,0,4632.7653520538,12391.354071491,7338.11850619638,90036.7028805479,1.25313787082002
2018,"E07000035","Derbyshire Dales",71977,48767.6808792852,14377.1149166857,0,0,18194.6949569499,7321.06969703299,88660.5604499538,1.23179016143982
2002,"E08000017","Doncaster",288647,49207.04027817,53701.3804252153,NA,141345.950438485,96675.2514101607,20904.6790229598,361834.301574991,1.25355296114282
2003,"E08000017","Doncaster",290111,58152.637076665,61244.4912397248,NA,171637.147079399,91028.93060875,22374.3246013908,404437.53060593,1.39407857890921
2004,"E08000017","Doncaster",290850,56793.6973257007,93884.7468987618,NA,188249.394658414,87046.7006659452,22601.9433724548,448576.482921276,1.54229493870131
2005,"E08000017","Doncaster",292174,63659.2834143218,92252.814942607,NA,183408.682773116,104103.287863791,23466.0916757656,466890.160669601,1.59798668146242
2006,"E08000017","Doncaster",293990,232157.773395831,101511.402397213,NA,23612.9554196584,122320.689625722,21960.4202662818,501563.241104706,1.70605544782035
2007,"E08000017","Doncaster",296215,248131.263519022,110946.850179401,NA,21643.1503158949,128965.842639722,22460.8734858825,532147.980139923,1.79649234555955
2008,"E08000017","Doncaster",298388,245159.896132724,111705.731750704,28939,20068.0068995506,144155.559198083,23060.5993121735,573088.793293235,1.92061608809079
2009,"E08000017","Doncaster",300184,254956.125617232,124197.33943521,30673.1639809496,31824.9889149491,137880.1146334,23653.8701957541,603185.602777494,2.00938625235687
2010,"E08000017","Doncaster",301299,232826.589778756,142899.923166608,36975,22143.0474066883,152489.035000386,24197.3520745819,611530.94742702,2.02964811508508
2011,"E08000017","Doncaster",302468,228200.521146297,132330.137189548,4092,41014.8871413635,132690.077266419,24932.4718690584,563260.094612686,1.86221383621635
2012,"E08000017","Doncaster",302920,193467.122852863,127337.008385205,1339,3104.79258375222,160183.127675464,23014.5211633991,508445.572660683,1.6784813569942
2013,"E08000017","Doncaster",303693,186069.438196714,107724.813713453,576,104880.043286812,73597.4903939581,43587.4074971292,516435.193088066,1.70051727595982
2014,"E08000017","Doncaster",304398,184785.400318281,99306.6608505455,345,87398.4517542062,74943.1585359069,44472.891662909,491251.563121849,1.61384622475131
2015,"E08000017","Doncaster",305496,180480.567678961,95950.2913518925,200,64181.7364141518,78422.834289258,42187.3070026907,461422.736736954,1.51040516647339
2016,"E08000017","Doncaster",307374,179000.076122427,92982.5364270438,130,50843.5444167191,81377.3201745617,41915.0901774417,446248.567318193,1.45180974096115
2017,"E08000017","Doncaster",308940,172667.687845591,87650.0558041401,0,38460.6564521743,84687.8233873601,41333.7462763152,424799.969765581,1.37502417869354
2018,"E08000017","Doncaster",310542,183268.849227111,74656.9168005543,143,30148.6448872992,89795.0086533924,41267.5339143129,419279.95348267,1.35015538472306
2002,"E07000108","Dover",104883,17676.4180357868,22061.0601750638,NA,36910.2956274755,35415.1028032902,6761.10361684589,118823.980258462,1.13291935069041
2003,"E07000108","Dover",105784,19898.8626455836,24699.0275670813,NA,44650.2767369004,33117.3729923921,7014.36558940886,129379.905531366,1.22305741446122
2004,"E07000108","Dover",106878,22118.5956543084,35742.846816996,NA,49472.25111186,31795.0145408969,7011.42868090694,146140.136804968,1.36735471102536
2005,"E07000108","Dover",107475,20962.7601113825,37984.0793575471,NA,47195.550307354,38064.8036681692,7355.75816605881,151562.951610512,1.41021587913944
2006,"E07000108","Dover",107904,75435.1841389588,41827.7845336025,NA,5490.32827898246,28440.6065244394,6768.72494632137,157962.628422305,1.46391819044989
2007,"E07000108","Dover",109041,81397.0858175555,42005.6909874384,NA,4964.5670328452,29580.5383957488,6932.1948185127,164880.077052101,1.51209248862447
2008,"E07000108","Dover",109848,79168.7381346188,46068.9660885773,4884.70555354147,4530.92599149301,32546.0745968187,7149.42374929529,174348.834114345,1.5871825988124
2009,"E07000108","Dover",110061,82279.5424514931,51895.6704752359,5201.85784755332,7068.2472476939,30623.6537656397,7320.95954052465,184389.931328141,1.67534304911041
2010,"E07000108","Dover",111072,82337.0070304205,55312.2031748822,6962.85727716345,4879.34931785924,33602.6032220737,7528.29804921491,190622.318071614,1.71620496679284
2011,"E07000108","Dover",111718,77805.717841231,53203.9171625551,243.019899540801,9275.51484976208,30007.6922566658,7606.25338478448,178142.115394539,1.59456949994217
2012,"E07000108","Dover",111798,71559.7796212147,54250.7199082372,259.601706852882,705.931956086634,36403.3581705574,7001.8550862247,170181.246449174,1.52222084875555
2013,"E07000108","Dover",112490,71999.2461377235,44977.0621665575,182.24550168306,24701.7796563835,16094.3183088568,12187.1400037306,170141.791774935,1.51250592741519
2014,"E07000108","Dover",113292,69603.8008151842,44644.6919584165,161.084258209595,20794.1738121352,19309.0188060476,12491.2019873067,167003.9716373,1.4741020693191
2015,"E07000108","Dover",113446,70301.6066841688,42854.9497381889,131.538071039328,15495.2127953094,20338.7439591776,11807.9286561129,160929.979903997,1.41856019519416
2016,"E07000108","Dover",114572,70811.6996720293,41870.7309898232,103.606114624542,10806.9824951121,18022.9190476457,11737.137474242,153353.075793477,1.33848650449915
2017,"E07000108","Dover",115803,70729.6388739166,37935.0136734851,110.46691894437,6555.03798536125,18714.446250995,11614.2271292377,145658.83083194,1.25781569416975
2018,"E07000108","Dover",116969,71965.0208636836,32550.4917513667,142.87219044984,568,26352.0704207745,11640.7871515393,143219.242377814,1.22442050780817
2002,"E08000027","Dudley",305645,50391.9382237914,34191.5850582449,NA,124713.465140407,103720.764371416,24455.2634255097,337473.01621937,1.10413393387548
2003,"E08000027","Dudley",305585,58798.3365100484,36503.0176969073,NA,154252.245128564,96692.6913049028,27333.7289168742,373580.019557297,1.22250771326242
2004,"E08000027","Dudley",306171,65957.1020916795,79469.362377756,NA,175392.46139194,92238.9179357531,27848.6635363563,440906.507333484,1.44006619612401
2005,"E08000027","Dudley",307004,86201.1107171395,83155.8751619055,NA,179741.857292285,109987.421517132,28688.630791125,487774.895479587,1.58882260647935
2006,"E08000027","Dudley",307846,245507.750861758,102609.662117083,NA,21567.3995593345,111726.561505056,28355.2919009241,509766.665944156,1.65591453500827
2007,"E08000027","Dudley",308686,253099.141825254,104071.302140469,NA,19992.845228064,119130.985670148,28838.9613719349,525133.23623587,1.70118902780129
2008,"E08000027","Dudley",310377,241548.870058161,106640.417495917,21070,18550.4786734142,133261.373694235,29726.4633421878,550797.603263915,1.77460830945565
2009,"E08000027","Dudley",311088,253770.695225662,118872.461032572,21615,29466.1119773021,127662.840449017,30307.8321829054,581694.940867458,1.86987264332748
2010,"E08000027","Dudley",312206,272755.494871195,142639.623328409,19418,20545.7575741038,141490.26385854,30901.5025166505,627750.642148899,2.01069371552404
2011,"E08000027","Dudley",313261,270890.237480441,127080.750787759,675,38296.2183106894,123895.752821899,31202.0068262126,592039.966227001,1.88992554523864
2012,"E08000027","Dudley",313570,255087.616095807,130825.207547593,580,2930.58511988362,151173.881446272,28712.4703943355,569309.760603891,1.81557470613863
2013,"E08000027","Dudley",314357,255132.613643986,103968.386174114,77,95448.5231208522,63315.127077422,53430.7442716877,571372.394288062,1.81759081009191
2014,"E08000027","Dudley",315653,258289.809268072,101994.885282429,63,79859.5802335158,67489.1934733031,53542.273287879,561238.741545199,1.77802441777901
2015,"E08000027","Dudley",316331,244206.728147921,97679.9824359938,37,59945.2259764543,64718.9220170119,50510.354338523,517098.212915904,1.63467447994633
2016,"E08000027","Dudley",317558,236629.116762837,102025.395727126,9,47989.8537859108,65549.4164646439,49795.7055310984,501998.488271616,1.5808088231807
2017,"E08000027","Dudley",319419,230002.906935646,91220.9052004571,0,2557.95118356623,106687.681610795,48960.257254419,479429.702184883,1.50094296890568
2018,"E08000027","Dudley",320626,214166.342158121,80395.4312683399,22,2262.71879519609,103809.506069348,48822.4840186281,449478.482309634,1.40187783370542
2002,"E09000009","Ealing",309242,84533.436655776,96860.7502377427,NA,166646.219470138,103494.489332925,42588.006274375,494122.901970957,1.59785185056026
2003,"E09000009","Ealing",308108,168601.934783917,116448.147305471,NA,193101.614468079,95596.444227085,45098.5027588918,618846.643543444,2.00853805660172
2004,"E09000009","Ealing",310073,154670.504559967,180961.013406783,NA,209484.71646017,93302.3722299882,46851.9675989845,685270.574255893,2.21002981315978
2005,"E09000009","Ealing",312774,169853.863548375,188361.911425828,NA,212812.587650048,110183.108492223,48970.4744617276,730181.945578201,2.33453530529456
2006,"E09000009","Ealing",315329,333306.626877955,209521.626676055,NA,27934.1397805293,144708.597698684,41555.3679924189,757026.359025642,2.40075083175237
2007,"E09000009","Ealing",318671,405920.408757917,219662.477665548,NA,25486.9206387024,151868.684000711,42527.3916931924,845465.882756071,2.65309953762994
2008,"E09000009","Ealing",324022,383896.54255295,235724.607194603,13412,22853.1703464637,164167.652427542,43686.6972237259,863740.669745286,2.66568526132573
2009,"E09000009","Ealing",329966,440844.964266334,265704.828201467,14095.06596384,35676.1145242977,154568.212248794,45018.1296707348,955907.314875468,2.89698731043643
2010,"E09000009","Ealing",334073,458566.620848862,288936.352027757,23343.6285719956,24476.2605876453,168560.218875407,46196.0483808524,1010079.12929252,3.02352817884869
2011,"E09000009","Ealing",339314,499963.453051512,301962.879746824,378.56141632174,45545.1777918867,147346.384448382,46640.3742651967,1041836.83072012,3.07042099860343
2012,"E09000009","Ealing",340332,432365.516934689,304880.152185271,1849.17837703562,3443.41552802903,177666.123219831,43074.1421636468,963278.528408502,2.83040833188916
2013,"E09000009","Ealing",342108,441503.468601566,289570.831569341,126,109845.551222709,102924.647260491,79653.056600223,1023623.55525433,2.99210645543024
2014,"E09000009","Ealing",342997,434707.734155148,304100.93229956,0,91576.1541637947,103810.451530307,80479.7979931372,1014675.07014195,2.95826223011264
2015,"E09000009","Ealing",344285,403257.316391587,294778.15573623,0,69003.8576283644,110850.981230955,76025.669836955,953915.980824091,2.7707160661199
2016,"E09000009","Ealing",344802,398997.666148821,291813.371718102,0,54981.0759721672,121227.09344377,74884.4702408611,941903.677523721,2.73172335869201
2017,"E09000009","Ealing",342736,390301.621815907,281047.503143966,0,35007,168544.668267686,73093.7935059724,947994.586733531,2.76596151770906
2018,"E09000009","Ealing",341982,397970.519501221,262733.252842143,0,0,213000.429517729,65586.3531615844,939290.555022677,2.74660816950213
2002,"E07000009","East Cambridgeshire",74328,8365.20740719659,10414.5520277095,NA,15720.5966963547,25283.1669805381,4229.70862326009,64013.231735059,0.861226344514301
2003,"E07000009","East Cambridgeshire",77447,9560.66840806649,11143.839083168,NA,23341.0414444192,23841.5001423612,4851.57781612867,72738.6268941436,0.939205222851028
2004,"E07000009","East Cambridgeshire",75996,9406.82121995827,14741.1945494566,NA,26426.1865090152,22367.694515484,4796.74995189246,77738.6467458065,1.02293076932742
2005,"E07000009","East Cambridgeshire",77224,12597.3041657317,15978.2593774418,NA,26985.6815807582,27332.10454945,5084.9067389738,87978.2564123556,1.13926054610426
2006,"E07000009","East Cambridgeshire",78429,48477.5672869969,17650.2636073046,NA,3698.26227049108,19157.105155596,4603.45051708209,93586.6488374707,1.19326586897029
2007,"E07000009","East Cambridgeshire",79923,51800.8963385892,18593.1402088634,NA,3437.74118500351,20486.4867648424,4776.73709181631,99095.0015891149,1.23988090523522
2008,"E07000009","East Cambridgeshire",81035,52669.4103427264,19583.2546720417,3035.55009420647,3145.50072976071,22597.56663082,4900.99880283458,105932.28127239,1.30724108437576
2009,"E07000009","East Cambridgeshire",82357,55749.5374892332,23363.0270867217,3198.61293089513,4936.92409468231,21391.8085658252,5089.30369930757,113729.213866665,1.38092953685376
2010,"E07000009","East Cambridgeshire",83303,55001.5473329513,25098.5911263476,4509.85098040491,3398.90572806341,23404.0069842063,5238.71546366648,116651.61761564,1.40032913119143
2011,"E07000009","East Cambridgeshire",84245,48071.3088258766,26425.4919027755,151.077626656725,6214.96510452598,20107.1585325522,5611.57165805825,106581.573650445,1.2651382711193
2012,"E07000009","East Cambridgeshire",85220,42979.5035927814,26032.4393489139,157.938866414872,473.048492222685,24388.2018304891,5246.37958705434,99277.5117178763,1.16495554702976
2013,"E07000009","East Cambridgeshire",85942,45496.8811798238,22060.0956404492,105.357585567594,15816.5784176552,10669.0624162302,8434.58527155021,102582.560511276,1.1936254742882
2014,"E07000009","East Cambridgeshire",87045,43208.2844321067,21322.3898558847,92.5010548091425,13073.369282088,10953.1326899447,8778.30616983113,97427.9834846643,1.11928293968251
2015,"E07000009","East Cambridgeshire",87783,44718.8866838865,20457.3015337524,80.0534589321678,9707.61629496862,12437.012379098,8337.05215995096,95737.9225105886,1.09062030815293
2016,"E07000009","East Cambridgeshire",88189,45201.1171787613,19669.6413378142,64.0418441407129,6243.84412799975,12374.8600774318,8326.22987840392,91879.7344445517,1.04185028115243
2017,"E07000009","East Cambridgeshire",88858,43894.5612517398,18263.5524448126,71.6169405325521,3157.81212993079,14544.0201256649,8224.56048331407,88156.1233759947,0.992101143127177
2018,"E07000009","East Cambridgeshire",89362,42877.3373129848,18590.5579640908,68.6135317875245,1220.14660336824,13564.7836337553,8219.09060752613,84540.5296535129,0.946045630732446
2002,"E07000040","East Devon",126562,21660.4065099775,13710.2795784522,NA,30699.695657964,42013.3374410351,7566.90247965183,115650.621667081,0.913786299735154
2003,"E07000040","East Devon",127170,19369.4795906201,18664.1293618752,NA,38449.5049314468,39868.9025520274,8096.25452843859,124448.270964408,0.978597711444586
2004,"E07000040","East Devon",128444,21594.5130348294,26781.3173980264,NA,43333.0979105221,38434.8980272122,8293.72635100634,138437.552721596,1.07780474542677
2005,"E07000040","East Devon",129797,22592.1886420076,30340.3248176562,NA,41718.9587146081,46160.861461268,8656.67184580472,149469.005481345,1.15155978552158
2006,"E07000040","East Devon",130641,82635.0998109683,31278.8312637811,NA,6002.94654095855,31096.0093451143,8048.49798356705,159061.384944389,1.21754567818977
2007,"E07000040","East Devon",132023,89360.8542898677,32845.2441577599,NA,5490.5370784519,32714.0025341573,8301.81724981525,168712.455310052,1.27790199669794
2008,"E07000040","East Devon",132594,86139.7734120942,34351.4437032491,6474.99963104169,5200.23170341852,37359.4613967046,8518.77750524932,178044.687351757,1.34278087509056
2009,"E07000040","East Devon",132378,91020.9957091114,40487.6657341083,6590.01984647525,8253.8862692873,35762.6402408222,8627.09775556846,190742.305555373,1.4408912776698
2010,"E07000040","East Devon",132666,82975.8923613474,45785.0644703377,9214.63308366088,5803.28502351349,39967.1831466684,8883.09691141069,192629.154996939,1.45198585166462
2011,"E07000040","East Devon",133272,73059.2391188525,42926.0568937916,414.663863882874,11175.0682465881,36153.493016459,9483.46321662005,173211.984356194,1.29968773903141
2012,"E07000040","East Devon",134430,72817.4525032665,43676.6655429849,461.358485304779,869.436002731673,44789.138110053,8823.30328121156,171437.353925552,1.27529088689692
2013,"E07000040","East Devon",135046,75570.0734747134,35483.8697282382,0,29194.4809035494,19959.8019075977,14597.5752143589,174805.801228458,1.2944167263633
2014,"E07000040","East Devon",136518,75103.7574313198,35043.1836266652,163.349867007017,24963.0451682372,19928.4936129282,15297.1451705043,170498.974876662,1.24891204732461
2015,"E07000040","East Devon",138380,77572.3260874451,34475.2307174558,120.570969153528,18742.6265780464,21454.3057139874,14661.8198570981,167026.879923186,1.20701604222566
2016,"E07000040","East Devon",140271,76233.0867947056,33327.3896146918,92.5737342247548,12593.5576435247,22044.7108766594,14675.6079181525,158966.926581959,1.1332843323421
2017,"E07000040","East Devon",142265,79883.9731242719,32597.8311953857,98.4975627913122,7132.90457573968,23614.8597324087,14558.384645554,157886.450836151,1.10980529881665
2018,"E07000040","East Devon",144317,74869.198934359,31572.0529510487,130.836651217298,600.372677944644,33065.7056134799,14657.0878348321,154895.254662882,1.07329874278762
2002,"E07000049","East Dorset",84827,10698.562860517,15149.1360752087,NA,13327.2147367551,28102.1817911766,4561.73023466685,71838.8256983243,0.846886318015777
2003,"E07000049","East Dorset",85335,12733.2333908952,16065.4821299692,NA,18415.8592430633,26593.676632699,4825.61917076298,78633.8705673897,0.92147267319845
2004,"E07000049","East Dorset",85925,15125.7559964838,18194.0797984783,NA,21478.6184838558,25614.1024818683,4900.26107861343,85312.8178392996,0.992875389459407
2005,"E07000049","East Dorset",85988,14957.1751908933,20095.0310366859,NA,19256.045324684,30648.2728350688,5063.30202243072,90019.8264097627,1.04688824498491
2006,"E07000049","East Dorset",86142,55367.3830651905,21634.4466349407,NA,2240.90556290288,11609.1260792368,4619.90331326441,95471.7646555353,1.10830680336578
2007,"E07000049","East Dorset",86946,63975.8647604735,19183.1805854907,NA,2099.18197812586,12508.5350409369,4716.42258117645,102483.184946203,1.17869924949053
2008,"E07000049","East Dorset",87244,63481.3271985147,19123.3572991257,3437.25001702981,2104.97325008801,15121.9652316471,4750.27008578976,108019.143082195,1.23812689792072
2009,"E07000049","East Dorset",87010,61944.9332559004,26554.6317978231,3621.62604784298,3365.33694035529,14580.5080610327,4844.82695084974,114911.863053804,1.3206742104793
2010,"E07000049","East Dorset",87165,66435.4924935068,28752.2291178719,5042.7854325692,2377.85138272122,16372.3233539637,4935.29177850008,123915.973559133,1.42162534915543
2011,"E07000049","East Dorset",87301,58971.510902269,27068.6775838362,304.329803558612,4756.74866133762,15388.0324323699,5372.25750733224,111861.556890704,1.28133190788999
2012,"E07000049","East Dorset",87729,55286.8705971262,26177.3847890786,272.688012241996,385.397750547584,19867.044473727,4962.17616978369,106951.561792505,1.21911297054002
2013,"E07000049","East Dorset",87949,55810.821691442,20879.6878676338,196.76618188358,13795.0869076462,8711.35519843016,7540.97276223809,106934.690609274,1.21587159159597
2014,"E07000049","East Dorset",88204,53413.1747365388,22817.3952276952,208.866384068741,11843.4206924093,8683.37555646779,8079.20488016647,105045.437477346,1.19093734385455
2015,"E07000049","East Dorset",88711,49876.1834394712,19738.7336704313,23.6377451140201,8839.45547539409,10742.1981412154,7706.7263158585,96926.9347874845,1.09261461135016
2016,"E07000049","East Dorset",89080,48730.5755246451,19292.7619552033,64.2404352462447,4845.08691879676,10057.2726571105,0,82989.937491002,0.931633784137876
2017,"E07000049","East Dorset",89384,49557.4463611202,18428.8257670127,76.1938365825459,1634.77472447493,11092.7325619112,7616.13116574909,88406.1044168507,0.989059612647126
2018,"E07000049","East Dorset",89889,49727.908593096,17271.3464792364,99.4748333005092,270.631708980867,11355.8747137108,7643.50051018558,86368.7368385101,0.960837664658747
2002,"E07000085","East Hampshire",109606,11540.8970795702,15278.2276780266,NA,23778.7319891219,36762.6277818922,6643.18356678949,94003.6680954005,0.85765074991698
2003,"E07000085","East Hampshire",109561,14857.8930805976,15974.4557466324,NA,30842.1334380197,34501.6666381638,6950.19384613673,103126.34274955,0.941268724724585
2004,"E07000085","East Hampshire",109960,16533.1624209406,18220.6099469107,NA,35118.8901888936,33016.1077923332,7127.28363808089,110016.053987159,1.00050976707129
2005,"E07000085","East Hampshire",110482,17981.5269472146,19569.3554816618,NA,32339.9066388093,39513.9998885795,7334.95812095806,116739.747077223,1.05664042176303
2006,"E07000085","East Hampshire",111131,69994.8032294122,20783.1648749395,NA,3700.16674969473,19169.6322534393,6852.59135996927,120500.358467455,1.08430913487195
2007,"E07000085","East Hampshire",112296,91231.0250106878,5527.199903312,NA,3383.85067854233,20167.1362513867,7046.56090592561,127355.772749854,1.13410782886171
2008,"E07000085","East Hampshire",113172,91499.1257821335,5841.63945498872,5664.17738884401,3128.3298396051,22469.0419152069,7221.17040829461,135823.484789073,1.20015096303921
2009,"E07000085","East Hampshire",114261,78143.1369874363,27160.9532663201,4010.1004420353,4880.0675857634,21143.2651940653,7449.07331358373,142786.596789204,1.249652959358
2010,"E07000085","East Hampshire",115350,78719.8656962295,28053.8319232642,6132.93937579009,3349.18873236095,23062.9990141653,7662.88825950333,146981.713001313,1.27422377981199
2011,"E07000085","East Hampshire",116010,78424.5000592479,27933.8110168684,181.019114784006,6355.05048494973,20558.3575958499,8415.94398082251,141868.682252522,1.2229004590339
2012,"E07000085","East Hampshire",116574,75045.1304983996,29369.5734140307,143.157089486658,489.752995930715,25265.9998142535,7799.24940164657,138112.863213748,1.18476558421044
2013,"E07000085","East Hampshire",117401,74652.8136150414,24054.7926509872,101.003859929263,17578.7484864094,11804.8757030398,12340.6048804761,140532.839195883,1.19703272711377
2014,"E07000085","East Hampshire",117985,75824.8272304857,24704.1410085898,88.2946547453482,15337.1352915293,10977.5280498436,12598.9669496499,139530.893184844,1.18261552896422
2015,"E07000085","East Hampshire",118694,79988.2128190431,24534.9688237384,74.0856761341612,12541.5024785462,13604.5795287761,11979.5110950475,142722.860421285,1.20244376650282
2016,"E07000085","East Hampshire",118705,81614.7002487359,24077.654163825,0,8570.01917085047,12284.0574649406,11821.5549909374,138367.986039289,1.16564581137517
2017,"E07000085","East Hampshire",119392,81665.5470103452,22914.3363680263,0,4704.12447288391,15177.0756085019,11677.0465815203,136138.130041278,1.14026174317607
2018,"E07000085","East Hampshire",120681,84095.9234226437,21867.2724817556,0,2352.5874559776,14423.9702705576,11765.5562566504,134505.309887585,1.1145524969762
2002,"E07000242","East Hertfordshire",130029,13410.5367762189,22580.5766623381,NA,36711.7397074358,43545.3149568382,7703.85208581038,123952.020188641,0.953264427078893
2003,"E07000242","East Hertfordshire",130264,17725.9580355426,25371.6160970099,NA,45243.3679894618,40912.4587707122,8077.00428091611,137330.405173643,1.05424680014158
2004,"E07000242","East Hertfordshire",130456,20919.7533011383,28579.4428270538,NA,51687.5414477842,39088.4975911,8221.08734482502,148496.322511901,1.13828664463038
2005,"E07000242","East Hertfordshire",131065,21019.058830886,31322.8937500651,NA,48717.300324117,46710.8851312622,8556.05603785186,156326.194074182,1.19273790923726
2006,"E07000242","East Hertfordshire",132078,91696.8526375985,33553.9472630789,NA,5038.53330599453,26100.285667258,8639.09243398715,165028.711307917,1.24947918130133
2007,"E07000242","East Hertfordshire",133421,98234.7278280336,36455.9788350666,NA,4602.14157736492,27423.5939490416,8856.64931022206,175573.091499729,1.31593296032655
2008,"E07000242","East Hertfordshire",134843,97132.5829585217,39608.4156632278,5108.7040077978,4260.21922290991,30602.5633875482,9076.95782332228,185789.443063328,1.37782045091942
2009,"E07000242","East Hertfordshire",135980,103300.193820166,45266.8053737054,5337.58338006874,6629.54069172049,28720.8762783844,9325.29022915396,198580.289773199,1.46036394891307
2010,"E07000242","East Hertfordshire",136922,105193.065029193,49761.0398630964,7235.89349708073,4538.41936782766,31257.128649084,9567.74431246225,207553.290718744,1.51585056250087
2011,"E07000242","East Hertfordshire",138155,103018.474834438,46845.7006797497,305.626919944563,8578.85945916501,27755.412422845,9805.61177470745,196309.68609085,1.42093797611994
2012,"E07000242","East Hertfordshire",139405,89222.3635581971,45939.8631876106,313.307566428848,653.711735947599,33740.0940076561,9116.88561230011,178986.22566814,1.28392974188975
2013,"E07000242","East Hertfordshire",140932,87652.1177975449,40245.5329654626,133.442186604104,23700.6418310074,16598.1122952645,14715.2135701874,183045.060646071,1.29881829993238
2014,"E07000242","East Hertfordshire",142781,90154.7191601073,38829.4460537431,80.9038108811769,20702.2986297809,16445.5726190115,15226.987891994,181439.928165518,1.27075681053864
2015,"E07000242","East Hertfordshire",144488,90665.3399923799,39007.8657652926,49.2235139857139,16807.8116759859,16087.7996656747,14622.1114051618,177240.152018481,1.22667731589115
2016,"E07000242","East Hertfordshire",146130,93465.7624997237,37999.9117568553,0,11081.5607547183,14798.9667643104,14656.8991470487,172003.100922656,1.17705536797821
2017,"E07000242","East Hertfordshire",147080,96450.1092948463,37497.8462301873,0,5897.63325808216,15992.9456277828,14507.6810389065,170346.215449805,1.15818748606068
2018,"E07000242","East Hertfordshire",148105,97325.0565492901,36445.4604154969,0,2826.00794096415,17431.1195957327,14566.4646667201,168594.109168204,1.13834177892849
2002,"E07000137","East Lindsey",132144,15900.0016657006,31586.3157936484,NA,44260.6973916227,42542.3683882974,6914.79288568901,141204.176124958,1.06856290202323
2003,"E07000137","East Lindsey",133218,28738.3332750299,28695.2200748797,NA,53547.4264871524,41284.9100629225,7415.40701782427,159681.296917809,1.19864655615464
2004,"E07000137","East Lindsey",134889,34398.2322999933,28574.4234587271,NA,59816.9073518586,39956.1947547274,7608.50069079363,170354.2585561,1.26292179907998
2005,"E07000137","East Lindsey",135473,35048.3255236785,30288.1051180823,NA,58634.2156722632,48077.6752263319,8008.68475500647,180057.006295362,1.32909883368171
2006,"E07000137","East Lindsey",135960,104337.074909471,34676.051297464,NA,7594.61685346375,39343.368656024,7068.426731873,193019.538448295,1.41967886472709
2007,"E07000137","East Lindsey",136939,101983.790046401,46249.7784281985,NA,7091.75008901042,42256.9234986068,7242.92958446909,204825.171646686,1.49574023212296
2008,"E07000137","East Lindsey",137466,99134.5785382003,48021.5904791803,6677.53090270841,6703.22378777933,48150.3036330946,7469.23839436057,216156.465735323,1.57243584402924
2009,"E07000137","East Lindsey",137140,102607.758432197,58647.9516566775,10827.9724602784,10715.9866028722,46428.2961143652,7658.16034319777,236886.125609588,1.7273306519585
2010,"E07000137","East Lindsey",137251,96566.0933120728,63298.563475952,9736.88544896425,7523.31889632694,51813.087974937,7859.77235619306,236797.721464446,1.72528958961644
2011,"E07000137","East Lindsey",136683,81028.4533862736,60155.5388783493,405.345787724129,13972.8345015446,45202.7695252166,8196.56647891344,208961.508558022,1.52880393727107
2012,"E07000137","East Lindsey",136651,69391.5848753587,58193.146972124,479.016796814167,1054.5160459632,54395.519524906,7565.94441617166,191079.728631338,1.39830464929885
2013,"E07000137","East Lindsey",136799,65076.9541753678,46516.730026514,260.183627020812,35712.7305896431,24437.1226448298,12229.763344987,184233.484408362,1.3467458417705
2014,"E07000137","East Lindsey",137722,65210.6767939269,46745.282942972,233.900424383032,29618.7903198039,25683.1044452278,12998.879658854,180490.634585168,1.31054322900602
2015,"E07000137","East Lindsey",138068,64895.6113378992,45072.5542388282,198.483867905337,22081.8563911304,26677.7739852173,12339.3301200244,171265.609941005,1.2404439112684
2016,"E07000137","East Lindsey",138743,65813.6966532449,47259.2444888703,147.160783071142,16255.9471516935,25079.3235384547,12212.8547591268,166768.227374461,1.20199381139561
2017,"E07000137","East Lindsey",139718,70417.2251458057,42819.3678416765,0,11195.3244720576,29905.9272855315,12041.6567199745,166379.501465046,1.19082366957046
2018,"E07000137","East Lindsey",140741,69545.2488115761,40178.3136116047,0,0,43934.6614450547,12055.0073098158,165713.231178051,1.17743394730783
2002,"E07000152","East Northamptonshire",78066,9518.56106661641,13995.2184302271,NA,22673.2955903138,25513.9458776972,4352.73301611232,76053.7539809667,0.974223784758624
2003,"E07000152","East Northamptonshire",79893,12373.0351224431,15233.8163307223,NA,29866.2156781283,24805.0798517426,4963.77215692132,87241.9191399576,1.09198451854302
2004,"E07000152","East Northamptonshire",80932,14337.0246637881,16705.0243544855,NA,34526.2813663751,24132.9186719784,5138.54166924419,94839.7907258713,1.17184538533425
2005,"E07000152","East Northamptonshire",81875,15105.657536863,17948.3055237222,NA,33749.7510505004,29010.5511880205,5333.22828329131,101147.493582397,1.23538923459417
2006,"E07000152","East Northamptonshire",83324,57905.2187256537,19420.7439869922,NA,4074.01311778277,21106.2427806987,4979.45287769947,107485.671488827,1.28997253478982
2007,"E07000152","East Northamptonshire",84765,61006.6056554306,20971.774950823,NA,3753.49187128568,22363.7614431407,5132.72834202797,113228.362262708,1.33579145004079
2008,"E07000152","East Northamptonshire",85551,65106.1614300185,21710.8110117797,3567.3528644163,3469.61730814316,24925.3194406968,5307.50960998288,124086.771665037,1.45044209494965
2009,"E07000152","East Northamptonshire",85929,65402.7428321024,25726.7515319022,3722.10198342561,5480.23907184577,23740.7651741716,5462.78231187012,129535.382905318,1.50746992174141
2010,"E07000152","East Northamptonshire",86342,63438.1513914748,28609.5958305899,5058.90665992259,3816.59815468067,26280.6092606078,5629.5840880451,132833.445385321,1.53845689682102
2011,"E07000152","East Northamptonshire",86869,62698.2286174991,25916.2896838034,214.858664749188,7124.39162236821,23050.2445894401,6078.61561140515,125082.628789265,1.43989948991315
2012,"E07000152","East Northamptonshire",87427,56759.616488489,25655.4405174125,225.92493835058,541.789186827372,27928.9049121058,5646.86258069399,116758.538623879,1.33549748503185
2013,"E07000152","East Northamptonshire",88136,46311.2060936293,20534.6313609342,152.309614471661,18256.6140040105,13346.684487462,9247.56352608569,107849.009086593,1.22366580156342
2014,"E07000152","East Northamptonshire",89027,42998.8602048641,20061.5768758998,66.7685963852297,15369.1442936226,13305.0779476022,9738.1061819497,101539.534100324,1.14054763274426
2015,"E07000152","East Northamptonshire",90074,42548.0243583445,19402.0620317709,56.9465318022009,11429.7533216001,13766.7224561632,9277.34747503001,96480.8561747109,1.07112880714425
2016,"E07000152","East Northamptonshire",91382,45607.8341952783,18400.705457832,0,8137.81567392812,14613.9575371492,9231.74636699743,95992.0592311851,1.0504482199031
2017,"E07000152","East Northamptonshire",93135,42226.4689338635,18165.9452057382,47.3711126011692,5167.68550435842,18774.8648275992,9179.31535504831,93561.6509392088,1.00458099467664
2018,"E07000152","East Northamptonshire",93906,44427.8117465099,16766.7242403247,46.5999208155993,3239.26150648322,17562.7458180738,9175.91378798377,91219.057020191,0.9713868871019
2002,"E06000011","East Riding of Yorkshire",318633,38396.106937214,47910,NA,91553.3149411761,106057.126747764,21889.2585026904,305805.807128845,0.959743049617725
2003,"E06000011","East Riding of Yorkshire",321869,51228.9276426595,51830.5314179035,NA,120867.254373525,99865.2355051959,23565.7186525553,347357.667591839,1.07918956964429
2004,"E06000011","East Riding of Yorkshire",325117,58899.007814115,73185.7899519398,NA,136009.102691975,96064.8333525157,23956.934033136,388115.667843682,1.19377229687676
2005,"E06000011","East Riding of Yorkshire",327268,61948.495153919,74640.9063653449,NA,131718.925476588,115959.376825398,24890.1128136132,409157.816634863,1.25022249848706
2006,"E06000011","East Riding of Yorkshire",328587,217516.816246375,81687.1747864983,NA,17409.7463094273,90187.9601020958,22422.3400228133,429224.03746721,1.30627212113446
2007,"E06000011","East Riding of Yorkshire",330865,238069.475923332,84773.2958527163,NA,16076.4539721767,95794.4477189829,22933.8604551021,457647.53392231,1.38318508733867
2008,"E06000011","East Riding of Yorkshire",332464,227926.765836984,88946,15552,15060.1977177602,108183.863783472,24086.630331738,479755.457669954,1.44302979471448
2009,"E06000011","East Riding of Yorkshire",332748,229524.328174283,98231,16530,24089.9266445293,104370.128307458,24788.6123309035,497533.995457174,1.49522760604774
2010,"E06000011","East Riding of Yorkshire",333599,235787.818857531,111041,20004,16960.0184952303,116794.496101121,25511.714562918,526099.048016799,1.57704024297675
2011,"E06000011","East Riding of Yorkshire",334673,228654.546335863,104364,1084,31198.5791675154,100931.030179283,27266.4330203138,493498.588702975,1.47456947140335
2012,"E06000011","East Riding of Yorkshire",335901,218283.661664054,104459,1284,2402.0507669491,123910.154054277,25331.1947197335,475670.061205013,1.41610195029194
2013,"E06000011","East Riding of Yorkshire",336072,226001.866569263,80507,688,76015.3209789368,56242.1084008812,45328.9785983671,484783.274547448,1.44249825795499
2014,"E06000011","East Riding of Yorkshire",337242,222346.181615088,80210,432,64100.0236478881,60958.5808885926,47698.5160798712,475745.302231439,1.41069410758873
2015,"E06000011","East Riding of Yorkshire",336756,220841.831906368,79865,310,48886.9286802132,68319.0970375839,45321.1215004588,463543.979124624,1.37649805534162
2016,"E06000011","East Riding of Yorkshire",337804,219396.631517953,78301,179,36182.7384353251,72648.8009464993,45062.1689180311,451770.339817809,1.3373741572563
2017,"E06000011","East Riding of Yorkshire",338061,210873.325415603,74651,232,23450.7065786672,72311.3883469878,44450.7310868158,425969.151428074,1.26003635861005
2018,"E06000011","East Riding of Yorkshire",339614,211804,70071.0863751696,262,15379.3626718593,75874.8935032749,44548.0466867292,417939.389237033,1.23063062546607
2002,"E07000193","East Staffordshire",104487,11647.4559612056,20762.0037396463,NA,28938.6788803615,34754.7798229953,6065.92408541985,102168.842489629,0.977813914550409
2003,"E07000193","East Staffordshire",106065,14575.0655609701,22231.6640185214,NA,37813.9054383458,33275.4010142754,6477.12147444371,114373.157506556,1.07833081135678
2004,"E07000193","East Staffordshire",106800,16437.1442063986,24110.7860496702,NA,43192.483424837,31910.6811818092,6537.66888974662,122188.763752462,1.14408954824402
2005,"E07000193","East Staffordshire",107609,18331.1254536981,25729.6922263971,NA,41251.8793238468,38285.4735337241,6878.03556494399,130476.20610261,1.21250272842058
2006,"E07000193","East Staffordshire",108466,72159.6132578893,28814.5883502323,NA,4980.96281928804,25803.8108177419,6441.44491447043,138200.420159622,1.27413585971292
2007,"E07000193","East Staffordshire",109776,78111.4281806218,28916.551439731,NA,4591.92689263777,27363.9920358196,6606.424946068,145590.323494878,1.32624912089052
2008,"E07000193","East Staffordshire",111191,76128.4528436703,31466.3321039461,4319.66200357457,4319.43391085079,31027.6724356177,6881.28670946642,154142.840007126,1.3862888184037
2009,"E07000193","East Staffordshire",112033,78408.2429945469,37720.6831125294,4459.63971614345,6879.07122948239,29802.8534508395,7087.37111077792,164357.86161432,1.46704865186436
2010,"E07000193","East Staffordshire",112979,82106.3069781882,42378.2853449427,6109.24143589282,4816.97816202983,33169.5637509736,7291.78619287184,175872.161864899,1.55668010749696
2011,"E07000193","East Staffordshire",113858,77758.1564042657,38772.3403416915,287.889355020211,8848.34449568234,28627.3374878492,7689.46982376749,161983.537908276,1.42268033786187
2012,"E07000193","East Staffordshire",114487,73198.6579562032,39237.645235496,238.100561124549,681.231504606154,35173.5760983476,7130.35066266968,155659.562018447,1.35962652544348
2013,"E07000193","East Staffordshire",114940,73905.1035451055,31710.3063083862,123.547115729129,23337.1654048761,17333.3271005534,12192.5394501148,158601.988924765,1.37986766073399
2014,"E07000193","East Staffordshire",115720,76052.1509402619,31331.1022119575,75.0947933990022,19856.1141557555,15448.2237849243,12861.3081436697,155623.994029968,1.34483230236751
2015,"E07000193","East Staffordshire",116196,72453.8206031423,30870.2229040178,55.1218257272961,15396.0605438355,15937.3732408205,12344.6619050697,147057.261022613,1.26559658699622
2016,"E07000193","East Staffordshire",116937,66851.5088222939,28598.7158523115,40.0843564973512,11021.4289883202,16625.9592928783,12359.7807790274,135497.478091329,1.15872203059193
2017,"E07000193","East Staffordshire",117552,65206.403913473,27071.1325487337,39.0118887262079,6954.54467302379,18365.6237659678,12201.9110231459,129838.62781307,1.10452078920878
2018,"E07000193","East Staffordshire",118574,62363.3148069312,25962.7308079987,217.909948723691,4390.66134920216,19006.6786090247,12255.2284068283,124196.523928709,1.04741784816831
2002,"E07000061","Eastbourne",90829,14006.3735816713,26689.2770769147,NA,29163.7700648357,30399.9684170397,5514.78588274877,105774.17502321,1.16454188665746
2003,"E07000061","Eastbourne",92163,17257.0434551143,28578.3186423971,NA,35496.8776851623,28742.1650984068,5782.23572552529,115856.640606606,1.25708408587617
2004,"E07000061","Eastbourne",93772,19919.7569714334,37222.9850912958,NA,38437.5597640267,27764.49849227,5941.05567906178,129285.855998088,1.37872558970788
2005,"E07000061","Eastbourne",95500,17586.6013616422,38626.4473015442,NA,36953.1619787014,33603.8745590655,6191.18837212338,132961.273573077,1.39226464474426
2006,"E07000061","Eastbourne",96532,63532.677992278,41833.7666663408,NA,4961.93944626961,25705.356606441,5752.07820828998,141785.818919619,1.46879603571478
2007,"E07000061","Eastbourne",97616,68930.9689845297,44060.9257925567,NA,4530.71249831119,26999.107420659,5910.76254078873,150432.477236845,1.54106373173297
2008,"E07000061","Eastbourne",98361,64488.2798763505,46809.5087357629,4493.14583289195,4174.67469248658,29988.6999450719,6031.12514168099,155985.434224245,1.58584636415088
2009,"E07000061","Eastbourne",98228,68708.8775873008,54417.3208860612,4765.54909391395,6520.7980551681,28250.1351085705,6159.33265444285,168822.013385457,1.71867505584413
2010,"E07000061","Eastbourne",98510,70568.8367911952,59116.8604855665,6388.53551315666,4503.45760697329,31015.2884982231,6299.13533796905,177892.114233084,1.80582797922123
2011,"E07000061","Eastbourne",99308,71580.4245793237,59241.2319406031,298.747722440247,8395.06120691616,27158.4899202356,6725.82296964725,173399.778339166,1.74608066156972
2012,"E07000061","Eastbourne",99901,66687.055426969,59970.5499896113,499.771013466695,651.59973293824,33632.5873387157,6226.06726946238,167667.630771163,1.67833786219521
2013,"E07000061","Eastbourne",100363,65150.3455955199,50448.9990997343,205.452726096645,24549.0223971858,16979.5794428355,10284.3185516877,167617.71781306,1.67011466190787
2014,"E07000061","Eastbourne",101340,64647.4426117291,51099.0478316881,161.80561439992,20910.754700641,16243.6017423895,10676.5427977223,163739.19529857,1.61574102327383
2015,"E07000061","Eastbourne",102204,61581.4344081143,50902.1913365282,10.8763368750929,15809.7029888313,18099.497152165,10160.9573697589,156564.659592273,1.53188387531088
2016,"E07000061","Eastbourne",103003,59920.6768163569,49659.8632657527,10.8708905536641,10969.1055367549,17900.4082889152,10089.8545667723,148550.779365106,1.44219857057664
2017,"E07000061","Eastbourne",103251,61385.4257951087,47274.8207034753,10.8437490380419,6496.71818597802,19036.1931514195,9930.05109385993,144134.052678879,1.39595793434329
2018,"E07000061","Eastbourne",103160,63240.8083143687,40412.3940917093,10.788654681837,3675.67605766896,18769.2824363657,9856.83959205018,135965.789146845,1.31800881297833
2002,"E07000086","Eastleigh",116430,12359.425350568,17502.933840781,NA,25536.8584702796,38940.7759305669,7056.78395964911,101396.777551845,0.870881882262687
2003,"E07000086","Eastleigh",116696,15988.5462156554,18595.5049863456,NA,33541.4987877361,36739.9607068862,7402.81506255667,112268.32575918,0.962058046198499
2004,"E07000086","Eastleigh",117066,17641.5133500348,21086.3741000823,NA,38023.3499895691,35130.758446865,7587.87364837739,119469.869534929,1.020534310004
2005,"E07000086","Eastleigh",118089,19129.8255070475,22338.1575322131,NA,35252.8823344106,42181.5614384467,7839.99085412842,126742.417666246,1.07327877843191
2006,"E07000086","Eastleigh",119436,75820.0426029467,25099.5595198754,NA,4103.24278479038,21254.9895242712,7364.69663432607,133642.53106621,1.11894680888685
2007,"E07000086","Eastleigh",120596,80906.8009919223,25053.8434097369,NA,3769.94956569682,22466.0451251356,7567.38493811895,139764.024030611,1.15894411116961
2008,"E07000086","Eastleigh",121312,78541.8542650318,27695.0081783797,6199.57854765706,3474.24954495966,24959.820351479,7740.55971946273,148611.07060697,1.22503190621678
2009,"E07000086","Eastleigh",122377,84393.6418035156,32538.4731874608,4386.37665340714,5424.3763571382,23502.3644695402,7978.18367506355,158223.416146125,1.29291791877661
2010,"E07000086","Eastleigh",124240,84802.8733775428,34974.2038851005,6584.51901212103,3743.57900397507,25779.355851928,8253.46543008838,164137.996560756,1.32113648229842
2011,"E07000086","Eastleigh",125852,84701.3072274499,35550.4754598304,196.376326470103,7204.80189321518,23308.7790893277,9129.93174618114,160091.671742474,1.27206299258235
2012,"E07000086","Eastleigh",126759,80929.6671714674,37221.5199820639,155.664637965921,555.251822972374,28635.6355487069,8480.66511317547,155978.404276352,1.23051147671054
2013,"E07000086","Eastleigh",127759,79985.1749528887,31562.7106097688,109.915180796609,19814.0796916141,12892.9640884206,13429.3859415571,157794.230465046,1.23509287380964
2014,"E07000086","Eastleigh",128867,80041.4901700301,34664.9302229431,96.4382529395159,17305.9166132433,12717.6010272424,13760.9956680979,158587.371954496,1.23062825979107
2015,"E07000086","Eastleigh",128977,83921.0978293908,32039.2933844954,80.5040545499833,13995.6077575569,14792.5700531025,13017.3505190317,157846.423598127,1.22383388974877
2016,"E07000086","Eastleigh",129546,85241.1870470725,31037.7842323986,0,9747.66117271383,14917.4652319043,12901.1849783579,153845.282662447,1.18757262024645
2017,"E07000086","Eastleigh",130498,87669.0718461038,28720.4763074804,0,5463.70878670602,15464.7922285261,12763.2607276471,150081.309896463,1.15006597722926
2018,"E07000086","Eastleigh",131819,90589.7300623086,24496.5658576955,0,2809.71458522478,17093.9162842091,12851.4336158583,147841.360405296,1.12154818656868
2002,"E07000030","Eden",50276,7083.11507097677,8671.8757880908,NA,17350.7744581844,16805.9775804666,3367.60444543578,53279.3473431543,1.05973719753271
2003,"E07000030","Eden",50878,9034.05316600486,9310.90545031944,NA,20865.4071609858,15999.5999625506,3612.09372131505,58822.0594611757,1.15613938168119
2004,"E07000030","Eden",51393,9666.91158737407,10447.1229638041,NA,23402.6385199164,15339.139459466,3611.60543766846,62467.4179682291,1.21548494869397
2005,"E07000030","Eden",51698,9355.05480041848,11126.8862264606,NA,22853.8302229197,18398.8156647352,3803.91770481249,65538.5046193465,1.26771837632687
2006,"E07000030","Eden",51891,36151.9506588641,12181.5989138214,NA,3010.56750726224,15597.3863511977,3064.79733086347,70006.300762009,1.3491029419747
2007,"E07000030","Eden",52211,38204.888507705,12385.3268048381,NA,2810.12467974895,16744.772075107,3134.87655832213,73279.9886257211,1.40353543555422
2008,"E07000030","Eden",52427,36672.9701666547,14192.5551709269,2667.08264259876,2659.63052687477,19108.0360719162,3220.0390524559,78520.3136314272,1.49770754823711
2009,"E07000030","Eden",52595,39034.4622832907,13785.5007548134,2903.50392183488,4265.68818217762,18482.076433846,3316.37129432532,81787.6028702879,1.55504521095709
2010,"E07000030","Eden",52678,39909.0123399278,15804.9807023682,3616.12410904402,3005.80658582668,20701.0215089021,3412.93491147921,86449.880157548,1.64110027255302
2011,"E07000030","Eden",52502,31222.663502842,15603.446729503,0,5703.9608816827,18454.2864388366,3472.1780371616,74456.5355900259,1.4181657001643
2012,"E07000030","Eden",52687,34677.6436534089,14333.9121803668,157.890549974459,440.311976041907,22729.0657024669,3223.77463166435,75562.5986939233,1.43417918450326
2013,"E07000030","Eden",52657,33860.7004507532,12139.9782487026,91.1596432490336,14576.9809708746,9982.6369982688,6953.80124533851,77605.2575571867,1.47378805395649
2014,"E07000030","Eden",52649,33872.628212434,11907.7545086441,60.9549276048606,12448.7800054577,11106.6981796876,7179.26503483314,76576.0808686614,1.45446410888453
2015,"E07000030","Eden",52576,33722.0207869935,11847.5982618672,43.867728613806,9613.05164657297,11513.3419965863,6826.28255789932,73566.1629785331,1.3992346884231
2016,"E07000030","Eden",52642,34784.1330812582,10331.4342322366,25.0126886303537,6888.13932833861,10743.8007369791,6795.95805474415,69568.478122187,1.32153941951649
2017,"E07000030","Eden",52779,35543.7421218962,10615.316496614,30.1821218961625,4620.66333182844,10529.4611888638,6731.1426937547,68070.5079548533,1.28972712546379
2018,"E07000030","Eden",52881,38663.4772033001,9092.08526963968,31.3753307355559,3154.89255905133,11498.5728099293,6737.2162890268,69177.6194616828,1.3081753268978
2002,"E07000207","Elmbridge",123784,14324.2520500778,25921.0082229639,NA,17992.2642523823,42345.7702176178,6360.87816572783,106944.17290877,0.863957966366975
2003,"E07000207","Elmbridge",124990,17283.3706150132,27513.7861276245,NA,27550.7383131315,39432.2904098143,6344.91481726124,118125.100282845,0.945076408375428
2004,"E07000207","Elmbridge",125677,19037.2501732163,31880.6254123863,NA,32673.911731018,37827.8242872781,6488.0803460947,127907.691949994,1.01774940482342
2005,"E07000207","Elmbridge",127286,19913.6197954619,34055.8898851538,NA,30280.6275927638,45630.7924081505,6863.3286333682,136744.258314898,1.074307137587
2006,"E07000207","Elmbridge",128763,77586.637090764,36109.2183561576,NA,3595.39338462434,18627.6700928391,7343.89824267829,143262.817167063,1.11260856897605
2007,"E07000207","Elmbridge",129756,87291.4132437783,37347.4630694964,NA,3263.07740414498,19445.5232124815,7487.23263410667,154834.709564008,1.19327591451654
2008,"E07000207","Elmbridge",129908,85219.7739680251,39200.9880642106,4541.43070450137,3057.89155819105,21968.9376893833,7570.18840435339,161559.210388665,1.24364327361413
2009,"E07000207","Elmbridge",129991,85747.8312311153,45130.1918144146,4676.65363821257,4728.64008027549,20486.9165691658,7719.16582814401,168489.399161328,1.29616203553575
2010,"E07000207","Elmbridge",130937,91168.3623499295,51567.3489497284,2173.0875356634,3235.70834621302,22282.0593833385,7904.57510188274,178331.141666755,1.36196141401403
2011,"E07000207","Elmbridge",131428,90375.9661298946,47469.3361115833,211.72168294481,6354.74912693429,20559.7947298098,8106.42850461569,173077.996285782,1.3169035234941
2012,"E07000207","Elmbridge",132184,87162.335995231,48565.828162504,243.213402258301,494.854993592915,25518.8140144714,7512.81000239501,169497.856570453,1.28228724028969
2013,"E07000207","Elmbridge",133499,80965.0592989041,41978.0752649601,0,20542.7298715229,13513.3443536984,11687.6515913203,168686.860380406,1.26358145289782
2014,"E07000207","Elmbridge",134833,79710.3416379247,42838.7682233838,80.2677350216262,17810.7781452545,15501.3508098566,12286.4073018096,168227.913853251,1.24767611677594
2015,"E07000207","Elmbridge",135398,79962.8619306677,42506.9013017941,21.2500976644131,14456.6493122549,15948.3005010312,11679.1229701582,164575.08611357,1.2154912636344
2016,"E07000207","Elmbridge",136085,77479.3341250648,42305.977644383,22.7008838601946,8396.59333793977,15601.7630707664,11592.6615132147,155399.030575229,1.14192622680846
2017,"E07000207","Elmbridge",136379,75000.2662738617,41360.3451512291,20.9403005599327,3221.12447514218,17866.8184120588,11427.8813890921,148897.376001944,1.09179108221899
2018,"E07000207","Elmbridge",136626,74740.088897681,40535.5859862918,8.95581435609034,0,22103.0959183266,11404.1962192861,148791.922835942,1.08904544402926
2002,"E09000010","Enfield",280745,89932.9639147523,104368.874003192,NA,165007.944024886,90015.5085524351,38663.4733364142,487988.76383168,1.73819218091749
2003,"E09000010","Enfield",281835,177579.351976661,117095.04401326,NA,185032.414807831,87006.067679971,41252.8610910858,607965.739568809,2.15716905128465
2004,"E09000010","Enfield",282217,166837.221636196,182165.026150688,NA,204296.527682964,85218.3642356173,42642.9316318499,681160.071337315,2.41360396906393
2005,"E09000010","Enfield",284779,161648.60696363,198945.524052305,NA,204669.551159601,101197.900638502,44587.3466040538,711048.929418092,2.49684467400367
2006,"E09000010","Enfield",287429,376053.128113506,191625.627353881,NA,22706.5024402378,117630.282019525,37878.5898749971,745894.129802147,2.59505523034261
2007,"E09000010","Enfield",291534,403819.64189346,235314.061959664,NA,21018.5300623009,125241.574707028,38905.8954529378,824299.70407539,2.82745650275916
2008,"E09000010","Enfield",297443,381408.096319315,252853.229539304,15919,19264.8212972057,138391.713436141,40103.1481884462,847940.008780413,2.85076471384572
2009,"E09000010","Enfield",301971,430648.725744257,296195.786638093,17920.1757367933,30408.0532934203,131740.564906629,41198.6981531474,948112.00447234,3.13974522213173
2010,"E09000010","Enfield",307648,427965.445605933,320533.239644135,26605.8271034095,21132.9080897526,145535.0107,42541.9650563574,984314.396199588,3.19948251313055
2011,"E09000010","Enfield",313935,466868.3654542,335884.81119647,1206.72035273238,41325.5903089644,133696.174265733,43151.9061840789,1022133.56776218,3.25587643226203
2012,"E09000010","Enfield",317257,400902.889052891,343478.853354496,1096.31776724842,3191.60350532981,164654.203787343,40153.653257443,953477.520724752,3.00537898525407
2013,"E09000010","Enfield",320317,415140.335888222,316561.714592458,116,105436.919367581,101741.10925947,74579.4548242474,1013575.53393198,3.16428891982623
2014,"E09000010","Enfield",324409,411337.130757812,318394.201795841,122,87844.5250953287,105546.718759917,76118.3648462105,999362.94125511,3.08056478474737
2015,"E09000010","Enfield",328738,380039.969013862,325160.949679529,71,65913.278307313,104984.908343093,72592.5516675455,948762.657011342,2.88607540658927
2016,"E09000010","Enfield",332127,348791.608247301,347121.958791508,0,52921.0880749183,104307.493005258,72131.700070436,925273.848189421,2.78590373016774
2017,"E09000010","Enfield",332705,338546.508958771,332190.361889364,0,34050,160894.844267893,70954.5264238497,936636.241539878,2.8152154056593
2018,"E09000010","Enfield",333869,329270.18689391,309680.855963628,0,0,206647.616309205,64030.4172257751,909629.076392518,2.72450894330566
2002,"E07000072","Epping Forest",121482,14848.8038513884,19052.2578793707,NA,36056.846007999,40306.5564523815,6903.48052961419,117167.944720754,0.964488111166706
2003,"E07000072","Epping Forest",121404,18753.3392042443,19815.8809964422,NA,43861.7649365092,38146.5771192578,7036.11101118891,127613.673267642,1.0511488358509
2004,"E07000072","Epping Forest",121495,20999.5443132376,33775.90991045,NA,49573.5754835038,36358.2479320289,7111.83499211284,147819.112631333,1.21666827961096
2005,"E07000072","Epping Forest",121735,22820.4101225704,37159.1328642919,NA,47435.0436773521,43300.1460263103,7387.42423044113,158102.156920966,1.2987403533985
2006,"E07000072","Epping Forest",122530,83660.7596881132,39144.6746695066,NA,5458.83053864313,28277.8079906468,7258.59751612886,163800.670403039,1.33682094509947
2007,"E07000072","Epping Forest",122877,89167.112854719,40423.287105932,NA,5008.26334950983,29846.3167519666,7402.57169752473,171847.551759652,1.3985331002519
2008,"E07000072","Epping Forest",123365,88626.9679511043,42913.7626700082,4597.08511825176,4573.16898566685,32852.4117002719,7657.63988719465,181221.036312498,1.46898258268145
2009,"E07000072","Epping Forest",123820,90473.8826015928,47834.1814059881,4883.78834188835,7155.19002423991,30998.5538130119,7872.52514052351,189218.121327245,1.52817090395126
2010,"E07000072","Epping Forest",124189,90404.417566001,53418.692040797,6781.22949169602,4942.41041581853,34034.6779991115,8070.88955298611,197652.31706641,1.5915444770987
2011,"E07000072","Epping Forest",124880,84338.8432020036,49013.6060580629,342.306574041654,9405.32181715694,30428.6700974614,8493.89193825142,182022.639686978,1.45758039467471
2012,"E07000072","Epping Forest",125997,74742.5451698968,49575.4110988523,301.676298643151,729.491806450411,37607.4059838431,7922.42269169213,170878.953049378,1.35621445787898
2013,"E07000072","Epping Forest",126989,69705.2146632252,39849.793482064,184.804631926162,26720.231860451,18183.1181647113,12690.0223167764,167333.185119154,1.31769826614238
2014,"E07000072","Epping Forest",128451,68829.6212431701,38581.8784984392,124.213578346759,22912.045831814,18899.1480689006,13119.9411570226,162466.848377693,1.26481575369357
2015,"E07000072","Epping Forest",129274,68877.3424194309,38013.1443400541,97.492851078963,18002.1180162374,19955.5671727299,12471.9368869712,157417.601686503,1.21770504267295
2016,"E07000072","Epping Forest",129923,68171.3289332056,36939.6116303476,0,13067.6080612072,20007.6398099362,12355.6503798679,150541.838814564,1.15870045191817
2017,"E07000072","Epping Forest",130576,69249.1037583372,35971.3820908514,0,8105.74554470715,20215.2570387998,12166.8625709262,145708.351003622,1.11588922163048
2018,"E07000072","Epping Forest",131137,65138.1299222102,34748.4287193354,0,4987.68193241105,22886.4319000055,12136.6436593713,139897.316133333,1.06680277979009
2002,"E07000208","Epsom and Ewell",67554,7950.07260220185,11025.2048850748,NA,10235.9204849208,23027.1075686757,3471.39180837247,55709.6973492457,0.824669114326993
2003,"E07000208","Epsom and Ewell",67738,9278.20301399921,11968.8939812227,NA,15287.6663881503,21404.1556266902,3438.60980791777,61377.5288179801,0.906101875136262
2004,"E07000208","Epsom and Ewell",68386,10359.1400601985,13463.6261324781,NA,18375.7977246226,20561.7505327928,3530.43009101134,66290.7445411034,0.969361339179122
2005,"E07000208","Epsom and Ewell",69172,10537.2804117632,15113.4329709148,NA,17065.4942558228,24777.5497419715,3729.79092930365,71223.548309776,1.02965865248621
2006,"E07000208","Epsom and Ewell",70028,41789.8132708311,16914.5751112121,NA,2060.31654231785,10675.031664852,3993.99288722906,75433.7294764421,1.07719382927461
2007,"E07000208","Epsom and Ewell",71337,47483.6374855221,18114.4853030971,NA,1888.56629966622,11251.5518697308,4116.3161196343,82854.5570776506,1.16145278155306
2008,"E07000208","Epsom and Ewell",72514,48175.0875967406,18881.9521083241,2584.0040498369,1781.29872256263,12796.8055208913,4225.64154596547,88444.7895443209,1.21969260479798
2009,"E07000208","Epsom and Ewell",73106,48420.755036748,21729.1742642536,2640.18121158517,2768.73127915486,11995.3745928982,4341.20313738871,91895.4195220286,1.25701610705043
2010,"E07000208","Epsom and Ewell",74278,51798.0393443264,26746.4613538413,1213.46253521927,1901.95139296005,13101.2821805572,4484.11090385183,99245.3077107561,1.33613327917763
2011,"E07000208","Epsom and Ewell",75191,51434.9295452484,25050.0915677486,121.127652116012,3680.34222238272,11908.3019640345,4637.75196830628,96832.5449198365,1.28782094824961
2012,"E07000208","Epsom and Ewell",75839,49884.0542618042,25570.1847652979,139.540800806961,288.2807439561,14881.135198235,4310.38550635202,95073.5812764522,1.2536238779052
2013,"E07000208","Epsom and Ewell",76906,46442.9084146062,22147.7941282483,0,11937.1656529213,8425.9876842937,6733.01323067645,95686.869110746,1.24420551206338
2014,"E07000208","Epsom and Ewell",77988,45800.3113826621,21946.9436429157,46.4272108376035,10377.4252445032,8214.45112812958,7106.51200116829,93492.0706102165,1.19880072075469
2015,"E07000208","Epsom and Ewell",78459,46232.6913412181,22103.8117345712,12.3137816854916,8354.04845263745,8317.83987215771,6767.69456798211,91788.3997502521,1.16989000306214
2016,"E07000208","Epsom and Ewell",78999,44830.2165745379,21711.2483589566,13.1781395750561,4997.12307825186,8611.73453964415,6729.68120573502,86893.1818967007,1.09992761802935
2017,"E07000208","Epsom and Ewell",79451,43612.3777980817,20767.7424208295,12.1992962243983,1876.54668735305,9187.75585432132,6657.59834171503,82114.220398525,1.03352028795767
2018,"E07000208","Epsom and Ewell",79928,43829.4548349937,20720.730671412,5.23926873255155,0,12505.221089573,6671.6041998968,83732.250064608,1.04759596217356
2002,"E07000036","Erewash",110250,13486.1014728772,21596.2773691235,NA,30896.9288929688,36719.6275640994,6415.91585015478,109114.851149224,0.989703865299082
2003,"E07000036","Erewash",110080,17401.0427418889,22514.3509294398,NA,40576.8112205192,34596.1693212697,6749.51503944849,121837.889252566,1.10681222068101
2004,"E07000036","Erewash",110068,18818.5770879508,24286.9386821848,NA,46336.6017428267,33049.2083666586,6910.00396542347,129401.329845044,1.17564896105175
2005,"E07000036","Erewash",110102,19964.7323117081,26088.5444323308,NA,44878.2949083217,39454.3777697153,7059.41473334287,137445.364155419,1.24834575353235
2006,"E07000036","Erewash",109979,77686.0408822194,27532.9831743706,NA,5560.48393862978,28805.6167983216,6733.3288741258,146318.453667667,1.33042175022202
2007,"E07000036","Erewash",110184,80513.4412615659,29459.5447861904,NA,5181.04913103605,30875.9158605881,6861.62871057118,152891.579749952,1.38760237194104
2008,"E07000036","Erewash",110809,72516.4099981142,33521.0554846185,5195.12675142334,4959.37188219418,35623.1223143841,7005.98881470796,158821.075245442,1.43328678397461
2009,"E07000036","Erewash",111283,80782.6135532854,41120.4819256931,5357.03046249135,7960.96429286598,34490.6515512601,7197.49197111565,176909.233756712,1.58972380109012
2010,"E07000036","Erewash",111739,84482.5544464864,45769.0729762953,7137.24763525655,5603.96263472388,38592.9834050034,7382.27351886682,188968.094616632,1.69115612826884
2011,"E07000036","Erewash",112249,80779.0631238739,44524.8812307964,412.414498474091,10476.2574500052,33893.2799493515,7723.21417748185,177809.110429983,1.58405963910576
2012,"E07000036","Erewash",112833,78306.1109503773,44763.1115911834,432.514798520406,804.227069053451,41465.1569077489,7164.2832565986,172935.404573482,1.53266690217828
2013,"E07000036","Erewash",113246,80848.950086291,36215.241171252,221.639551966873,27277.007739654,18447.1799802482,12132.1111123001,175142.129641712,1.54656349576773
2014,"E07000036","Erewash",114155,80386.5861626588,36648.2665451023,172.318928422234,22986.4924733906,18989.690385776,12658.2556902086,171841.610185559,1.50533581696429
2015,"E07000036","Erewash",114684,80765.5216989758,36851.4633477904,146.305643597988,16984.577256897,20465.9094890228,12066.7612099634,167280.538646247,1.45862141751463
2016,"E07000036","Erewash",115112,79254.8513844761,36726.1937554497,0,12339.3399824829,20743.3849026144,11979.103911358,161042.873936381,1.39901030245657
2017,"E07000036","Erewash",115314,79018.5281415996,32111.6528537841,0,8002.90614770884,20515.4714943828,11777.3079294566,151425.866566932,1.31316116487965
2018,"E07000036","Erewash",115490,78434.2785021416,26108.1538092451,0,0,29325.0733092258,11746.9516555336,145614.457276146,1.26084039549871
2002,"E07000041","Exeter",110636,19058.1971574238,18838.6322706787,NA,30392.7733033178,36742.1901291569,6614.71707731199,111646.509937889,1.00913364490662
2003,"E07000041","Exeter",111064,17829.9015589575,20866.6838990903,NA,37290.6812275396,34869.0154048783,7070.86901742946,117927.151107895,1.06179456086486
2004,"E07000041","Exeter",110697,19195.5355985216,30691.313809982,NA,40895.7151241091,33190.8532350154,7147.78912115279,131121.206888781,1.18450551404989
2005,"E07000041","Exeter",112970,21222.0674120943,34343.9059581548,NA,39971.749216001,40265.0114970257,7534.41310986047,143337.147193136,1.26880718060668
2006,"E07000041","Exeter",113128,72899.0361939607,35869.2427201953,NA,5929.83316329145,30717.5823760847,6969.56146910214,152385.255922634,1.34701626407816
2007,"E07000041","Exeter",114109,79149.046682491,38383.0845731261,NA,5469.92747085787,32594.9343460621,7175.35629821447,162772.349370751,1.42646372653122
2008,"E07000041","Exeter",114167,75472.2634217126,40330.3196394169,5605.20623012457,5109.11969534204,36704.300626556,7334.89653711177,170556.106150264,1.49391773586294
2009,"E07000041","Exeter",114419,77106.0447962714,47195.1109824211,5725.10814345172,8096.26677427959,35078.0398080847,7456.70653805306,180657.277042562,1.57890977060245
2010,"E07000041","Exeter",115712,74749.0669871424,52820.0270302242,8061.29220279927,5692.79609425771,39203.8735038917,7747.88498796341,188274.940806279,1.62709952992152
2011,"E07000041","Exeter",117063,64291.9982589759,50567.8514328435,782.271736731803,10770.1637414486,34844.375382569,8330.05173275101,169586.71228532,1.44867902142709
2012,"E07000041","Exeter",119040,65832.8494829193,51402.1633284008,825.874463220122,836.806306368953,43181.7462666125,7813.18174957542,169892.621597097,1.42718936153475
2013,"E07000041","Exeter",121030,69494.3769726209,42967.1019001575,0,28448.0428280481,20883.1681714123,13082.5387511948,174875.228623434,1.44489158575092
2014,"E07000041","Exeter",123018,67372.0497786819,43190.146217972,147.196515766926,24157.9235742262,20016.6885046309,13784.4401806729,168668.444771951,1.37108752192322
2015,"E07000041","Exeter",125679,71218.3868286169,40897.6057113681,109.504544242277,18090.3983357587,21340.2200739141,13316.1067915901,164972.22228549,1.31264747718784
2016,"E07000041","Exeter",127522,71306.673626298,39645.8526740718,84.1598600980187,12386.2886328433,21840.3983247667,13341.7661023209,158605.139220399,1.24374726886654
2017,"E07000041","Exeter",128916,71621.0642113014,37807.0750586594,89.2553460429818,7309.62276938148,23447.9541729224,13192.343267608,153467.314825916,1.1904442801973
2018,"E07000041","Exeter",130428,66628.2802137696,36655.7192174129,118.244993624935,604.593094638636,32904.7703372087,13246.4966159321,150158.104472587,1.15127200043386
2002,"E07000087","Fareham",108451,11379.9902576179,8019.73696613021,NA,22283.4142743304,36142.2763587212,6573.17939713051,84398.5972539303,0.778218709407293
2003,"E07000087","Fareham",108545,14540.6495507842,8306.34824452326,NA,29515.654083386,34173.1162844396,6885.74210740055,93421.5102705336,0.860670784195805
2004,"E07000087","Fareham",108473,16604.6440095188,12680.4536992656,NA,34202.1169376124,32592.0076624023,7030.90067364086,103110.12298244,0.950560259073133
2005,"E07000087","Fareham",108077,17409.4783030187,14458.6993844388,NA,31483.5741098333,38688.115765084,7175.28890533104,109215.156467706,1.01053097761509
2006,"E07000087","Fareham",108397,68248.7393585822,15261.4566318023,NA,3608.65586709973,18693.9050073882,6684.00667362472,112496.763538497,1.03782174357683
2007,"E07000087","Fareham",109399,72582.4407916955,16192.722645708,NA,3322.8954404596,19801.0869734047,6864.77449372512,118763.920344993,1.08560334504879
2008,"E07000087","Fareham",110205,71215.2367884285,17704.784417851,5537.68116793512,3068.03023692857,22041.5212001677,7031.85491858506,126599.108729896,1.14876011732586
2009,"E07000087","Fareham",110832,76265.0529541273,21385.2587358135,3924.41659176496,4773.39745552139,20678.462161093,7225.5248377934,134252.112736114,1.21131182994184
2010,"E07000087","Fareham",111382,76371.2604679449,23247.6582512095,5928.79156960773,3264.08472811294,22476.2579644192,7399.28756064153,138687.340541936,1.24515038823092
2011,"E07000087","Fareham",111931,75417.7003804127,23346.3797769942,231.654344771042,6272.16509637883,20290.2861396524,8120.03297747991,133678.218715689,1.19429129299023
2012,"E07000087","Fareham",112888,72427.0410357656,24468.5165608377,309.630548132258,483.5438966204,24938.6649770227,7552.64181080754,130180.038829186,1.15317871544528
2013,"E07000087","Fareham",113873,72139.8102553267,19924.7466422421,612.968607948186,17169.2886976508,11276.4744843081,11969.7591975746,133093.04788505,1.16878494362185
2014,"E07000087","Fareham",114663,72531.8102956239,20665.5521673766,85.8086197149287,15044.9666138291,11833.7158433633,12244.2289049261,132406.082444834,1.15474113222952
2015,"E07000087","Fareham",115182,76397.0227438372,21512.5961772948,71.8935780113987,12270.5441259366,14239.441852861,11625.0530519636,136116.551529905,1.18175193632603
2016,"E07000087","Fareham",115818,79228.8730753388,20210.9728145056,0,8473.44095303112,10747.7048016047,11534.0453724812,130195.037016961,1.12413473740663
2017,"E07000087","Fareham",116219,80713.681787325,19520.9733864049,0,4615.96284603738,12676.9603902518,11366.7136546645,128894.292064684,1.10906385414333
2018,"E07000087","Fareham",116339,79885.0243357856,20251.9169369244,0,2267.94335513443,14028.8491005743,11342.2415238724,127775.975252291,1.09830731957719
2002,"E07000010","Fenland",84676,9659.07397497281,8931.45796332913,NA,18823.6804146558,28702.6514267039,4818.57183542099,70935.4356150825,0.837727757748152
2003,"E07000010","Fenland",86296,11653.8113282956,9817.64223948077,NA,26989.4900575568,26631.984199326,5405.91319509651,80498.8410197556,0.932822390606234
2004,"E07000010","Fenland",87983,11641.8035738143,20734.9923028165,NA,31721.8959500853,25846.0726558743,5553.35084764138,95498.1153302317,1.08541553857258
2005,"E07000010","Fenland",88968,15545.3724880454,22926.4447877893,NA,32207.0311674725,31366.2134770987,5858.20447986405,107903.26640027,1.21283232623269
2006,"E07000010","Fenland",90647,56703.8936855552,25676.3411265137,NA,4473.25726495563,23170.3822698149,5320.59543054152,115344.469777381,1.2724576629936
2007,"E07000010","Fenland",92713,60785.7953560254,27881.9803834235,NA,4153.93236596762,24756.1572066718,5541.15368534171,123119.01899743,1.32795852790256
2008,"E07000010","Fenland",93653,60896.3499454231,30681.0240858977,3975.79147248372,3809.16270555044,27364.0098436008,5664.13575469694,132390.473807653,1.41362768739552
2009,"E07000010","Fenland",94404,64172.0926349135,35859.5714158466,4230.13457421013,5980.80037197067,25914.5203789375,5833.75580010723,141990.875175986,1.50407689479244
2010,"E07000010","Fenland",95135,63802.1906716483,38175.7551565379,5752.43957625561,4122.94709001252,28394.4849578343,5982.80008686254,146230.617539151,1.53708537908395
2011,"E07000010","Fenland",95461,54860.5673906701,39917.8604253172,658.191421666302,7426.65871972408,24028.5133797373,6358.67104338417,133250.462380499,1.39586283802285
2012,"E07000010","Fenland",95975,48729.4246927621,40196.6042773059,248.871188737003,560.633056102701,28910.3663539215,5908.48721975523,124554.386788585,1.29777949245725
2013,"E07000010","Fenland",96617,46948.6537891955,34071.2004665155,118.444228023367,19001.9847452769,12649.2042245807,9482.25925835292,122271.746711945,1.26553035917018
2014,"E07000010","Fenland",97591,48175.1807572373,33000.36539061,103.708087080005,15570.5435419409,12495.2939668492,9841.84820977644,119186.939953494,1.22129028243889
2015,"E07000010","Fenland",98814,49066.5274117034,32511.0925094404,90.1131482282814,11549.3413937896,14597.0035454267,9384.70401026843,117198.782018857,1.1860544256771
2016,"E07000010","Fenland",99636,50827.0530250151,30733.2793130034,72.3545247457627,7455.15881274743,14958.5004668949,9406.9809178543,113453.327060261,1.13867805873641
2017,"E07000010","Fenland",100776,50903.4959677837,28173.1475295239,81.2224988083062,3757.82895412799,15396.020281618,9327.67232287987,107639.387554742,1.06810537781557
2018,"E07000010","Fenland",101491,50589.6066922421,27931.638060177,77.9263664045975,1427.70767129704,16868.5476911155,9334.65818634805,106230.084667584,1.04669462974633
2002,"E07000112","Folkestone and Hythe",97205,16478.6621298843,25647.8917013918,NA,34540.842514695,32839.8336431435,6266.1544490099,115773.384438125,1.19102293542641
2003,"E07000112","Folkestone and Hythe",98540,18840.3621445191,27060.6069392365,NA,42003.3910766672,30812.4034132791,6534.02769020219,125250.791263904,1.27106546847883
2004,"E07000112","Folkestone and Hythe",99949,21482.0312042934,36248.7729047318,NA,46602.2689457072,29703.6120281826,6556.87124785239,140593.556330767,1.4066529563154
2005,"E07000112","Folkestone and Hythe",101509,20679.3364703078,38608.0166504326,NA,44893.9970611695,35910.8339200017,6947.43573555212,147039.619837464,1.44853776352307
2006,"E07000112","Folkestone and Hythe",102469,72121.0349063517,42596.4806065922,NA,5258.4199234417,27237.5564664218,6427.79207929831,153641.283982106,1.49939283082792
2007,"E07000112","Folkestone and Hythe",103902,78575.7714585858,44374.4231892299,NA,4768.03333467853,28408.2106308186,6605.48698226453,162731.925595577,1.56620590167251
2008,"E07000112","Folkestone and Hythe",104782,75925.1351979246,46565.6887944551,4937.38062878871,4351.96969667742,31265.4977642183,6819.70467644981,169865.376758514,1.62113127024216
2009,"E07000112","Folkestone and Hythe",105716,79262.8495361849,54073.0459287126,5191.94665877964,6823.45149541807,29563.7000798499,7031.94191208606,181946.935611031,1.72109175158946
2010,"E07000112","Folkestone and Hythe",106962,79354.9754932642,59245.6917134089,6939.27807260117,4721.71755020942,32519.2352333572,7249.72824780435,190030.626310645,1.77661811026949
2011,"E07000112","Folkestone and Hythe",108199,75501.979015945,57171.7453952926,678.365027215087,8889.66634051278,28760.6173891314,7366.66436903898,178369.037537136,1.64852759764079
2012,"E07000112","Folkestone and Hythe",108611,70032.3449564371,57403.7302273167,365.201300407864,679.742049790921,35060.1280726168,6802.25480572059,170343.40141229,1.56838074791955
2013,"E07000112","Folkestone and Hythe",108767,70415.737511439,45981.3227101961,176.213854400937,24081.2561373087,16487.1202017906,11783.791063968,168925.441479103,1.55309461030555
2014,"E07000112","Folkestone and Hythe",109324,67502.4232983723,45435.7774217237,155.442356428572,20326.3882166249,16684.8281251311,12053.7034041266,162158.562822407,1.483284208613
2015,"E07000112","Folkestone and Hythe",109838,70350.2844082271,45758.6638871639,127.354676646313,15241.0021949755,18419.4261145227,11432.3931009478,161329.124382483,1.46879153282547
2016,"E07000112","Folkestone and Hythe",111024,71268.4323384018,42982.4344640412,100.397699874971,10504.7587939229,18563.1660121654,11373.6685310568,154792.857839463,1.39422879593118
2017,"E07000112","Folkestone and Hythe",111427,72013.8002280071,41059.7090714007,106.292560445017,6167.14275618808,19137.9033998223,11175.3450802619,149660.193096125,1.34312323849808
2018,"E07000112","Folkestone and Hythe",112578,74184.8439312277,38079.1676032569,137.508788281187,0,26418.9829940407,11203.7936200702,150024.296936877,1.33262535252782
2002,"E07000201","Forest Heath",56457,6541.11246421842,6523.51306222103,NA,15163.7784410721,19505.8831730605,3155.44698397074,50889.7341245429,0.901389271915668
2003,"E07000201","Forest Heath",57335,8520.27070712407,7068.58190981027,NA,20276.4820151803,17839.7158897459,3392.94011810839,57097.990639969,0.995866235980971
2004,"E07000201","Forest Heath",57267,10195.9750510458,10770.3964709826,NA,22923.4498633699,16891.4422953851,3356.05411363152,64137.3177944149,1.11996992673643
2005,"E07000201","Forest Heath",58086,10796.2780892959,12327.4091342248,NA,22100.3767942944,20453.2655104272,3567.21356993109,69244.5430981734,1.1921038304957
2006,"E07000201","Forest Heath",57558,36481.2478032209,14531.0066262566,NA,2916.4351365154,15107.9254453661,3124.92594895023,72161.5409603093,1.25371870044667
2007,"E07000201","Forest Heath",57547,38901.2690201144,15616.29637281,NA,2668.51908357118,15900.967099771,3177.34513441558,76264.3967106822,1.32525408293538
2008,"E07000201","Forest Heath",57506,36804.6668738486,16296.5567734494,2472.05950881083,2483.53147485539,17840.6275148807,3239.45604383298,79136.8981896779,1.37615028326919
2009,"E07000201","Forest Heath",57876,39397.6082419105,19791.0887378287,2600.96862359594,3936.49852474926,17054.6352238914,3344.18699412267,86124.9863460984,1.48809500217877
2010,"E07000201","Forest Heath",58602,39827.1888709018,21898.7322286927,3620.02943743992,2750.26274351636,18943.0136634364,3463.78441274296,90503.0113567301,1.5443672802418
2011,"E07000201","Forest Heath",60038,39615.0898795151,22026.1259921138,136.417669109601,5198.49059007058,16816.9367074218,3774.79778067831,87567.8586189092,1.45854056795545
2012,"E07000201","Forest Heath",59880,36800.1519701093,22682.3334133913,143.40763262109,393.232215523429,20303.6366521925,3494.16169715694,83816.9235809946,1.3997482227955
2013,"E07000201","Forest Heath",59814,35455.9136148423,18857.5906822642,86.0821396926522,13594.5889400471,9195.90724120873,5706.21352623654,82896.2961442915,1.3859012295498
2014,"E07000201","Forest Heath",62527,36193.7808023984,18707.8392078643,81.6010028296334,11788.9726989531,9891.15002713808,6210.6868521035,82874.030591287,1.32541191151482
2015,"E07000201","Forest Heath",63676,35987.7224788494,16696.7679602639,66.5088868501365,9091.43947981501,10238.5961237552,6024.20635680603,78105.2412863398,1.22660407824518
2016,"E07000201","Forest Heath",63298,33808.4836316438,15453.3248324292,52.6658235431158,6753.42262455486,10425.5765021466,5930.25599627251,72423.7294105901,1.14417089656214
2017,"E07000201","Forest Heath",65523,31057.3005706744,14979.4981512844,11.0293042334123,4706.67232469107,12084.0737537947,6014.70148538002,68853.2755900581,1.05082605482133
2018,"E07000201","Forest Heath",65399,30157.1548402491,14661.9801188047,10.9493208148113,0,17605.7983431678,5990.83035794325,68426.7129809796,1.04629601340968
2002,"E07000080","Forest of Dean",80125,10751.7001562376,12354.4430615505,NA,19501.8449364016,26510.9229492713,4760.43878929111,73879.3498927522,0.922051168708295
2003,"E07000080","Forest of Dean",80729,16417.5164953687,18663.5088805001,NA,26331.26138761,25411.6298664456,5105.11329202977,91929.0299219542,1.13873614094011
2004,"E07000080","Forest of Dean",81091,17866.8907483048,19535.5561599676,NA,30269.5469849347,24307.7792351578,5129.77847377327,97109.5516021382,1.19753797094792
2005,"E07000080","Forest of Dean",81482,18005.4877484798,21122.4571370132,NA,29071.8757271523,28984.3540425856,5347.59698946799,102531.771644699,1.25833646258927
2006,"E07000080","Forest of Dean",81733,56264.5878247363,22459.6001339758,NA,3571.72331763968,18504.0132064295,4639.35572117885,105439.28020396,1.29004539419769
2007,"E07000080","Forest of Dean",82004,63601.5985651205,26408.9869289308,NA,3292.22780420727,19617.7321763194,4730.58784622874,117651.133320807,1.43469993318383
2008,"E07000080","Forest of Dean",82099,62451.2654822076,25671.6642211671,3599.38469052603,3070.08906928065,22051.7001718827,4725.64196831232,121569.745603376,1.48077011417163
2009,"E07000080","Forest of Dean",81994,64417.099776453,29522.1416542474,3701.8663561848,4831.47690014903,20930.4375558867,4825.93733233979,128228.959575261,1.56388223010538
2010,"E07000080","Forest of Dean",81896,61417.6713634306,33134.9422787861,6099.70443210452,3350.39457193017,23073.721838353,4922.60718367539,131999.04166828,1.61178863031503
2011,"E07000080","Forest of Dean",82200,50980.4404526909,29045.5155869488,186.578058429956,6577.84466871362,21281.2218526498,5365.42440191947,113437.025021353,1.38001246984614
2012,"E07000080","Forest of Dean",82716,43784.4786787465,30688.5971013723,158.035860887124,499.657856981548,25795.8744304369,4974.09106367151,105900.734992096,1.28029323216906
2013,"E07000080","Forest of Dean",82953,43717.8151574611,24923.9357811337,121.152429454798,17024.2709787296,11129.8441231172,8148.9725063907,105065.990976287,1.2665725287366
2014,"E07000080","Forest of Dean",83682,43905.3012902561,25577.2820320431,124.755792911683,14404.9269100057,11050.1667770078,8583.3900634094,103645.822865634,1.2385677071011
2015,"E07000080","Forest of Dean",84576,48090.495387298,23483.224114897,88.6125983155392,11113.7193693555,13150.9002812832,8193.85768071679,104120.809431866,1.23109167413765
2016,"E07000080","Forest of Dean",85411,50202.001997896,22540.3470134522,0,8087.75910697262,12033.8642949539,8225.08585221491,101089.05826549,1.18356017685649
2017,"E07000080","Forest of Dean",85957,49416.1237385356,21874.7381757859,16.6949576447251,4992.0354348321,12727.8477932432,8108.00197090134,97135.4420709429,1.13004690799985
2018,"E07000080","Forest of Dean",86543,51411.9901729597,19156.1270728173,16.6650030462878,0,16574.9199789127,8093.4543482996,95253.1565760357,1.10064541991883
2002,"E07000119","Fylde",73658,19606.8936919893,2596.23903826551,NA,25564.7131828492,24655.77172182,5051.68286345238,77475.3004983764,1.05182465581982
2003,"E07000119","Fylde",74212,12673.6891660857,13442.0915329093,NA,31208.8633238948,23348.0318542673,5469.57350308335,86142.2493802405,1.16075903331322
2004,"E07000119","Fylde",74667,13937.0055696341,15103.6833991072,NA,35060.7157535399,22419.516741453,5602.95123094174,92123.8726946759,1.2337963584271
2005,"E07000119","Fylde",74841,16684.7965166086,15848.8409952285,NA,33979.8326194506,26865.6013085538,5800.64897812089,99179.7204179624,1.32520570834118
2006,"E07000119","Fylde",74824,53932.3708981688,17192.1960716263,NA,4149.60466763304,21493.9663627853,5211.86852127584,101980.006521489,1.36293176683269
2007,"E07000119","Fylde",75305,56800.3599650913,18843.9793621692,NA,3865.97312581009,23036.660599911,5347.45105966671,107894.424112648,1.43276574082263
2008,"E07000119","Fylde",75230,56085.8442106212,19878.5275746725,3359.5717409692,3624.53705731546,26038.197415024,5526.89785174083,114513.575850343,1.52217966037941
2009,"E07000119","Fylde",75441,57208.8655892112,23285.6699486024,3736.85276268081,5802.65708061347,25137.2041551272,5693.91803724372,120865.167573479,1.602115130678
2010,"E07000119","Fylde",75610,59110.8392933427,27716.9117948222,5136.88881437573,4075.44374309281,28065.0217915012,5851.90969177203,129957.015128907,1.71878078467011
2011,"E07000119","Fylde",76098,59804.0942982351,26677.1671882076,61.901667693789,7671.42773521044,24819.237177494,5954.28658963454,124988.114656475,1.64246254377875
2012,"E07000119","Fylde",76073,61586.5942893861,26900.3395019815,203.487848081881,583.857261872052,30124.3845724668,5486.71582264184,124885.37929643,1.64165182517359
2013,"E07000119","Fylde",76548,62672.0003230438,22039.7863237385,122.363114015513,19774.5768626093,13306.6852920075,10335.7738167253,128251.18573214,1.67543483477217
2014,"E07000119","Fylde",77140,63277.2933007654,23295.7141890866,82.6449913538333,16805.28236783,13587.9177909132,10661.7965639168,127710.649203866,1.65556973300319
2015,"E07000119","Fylde",77490,64171.1273254536,24277.2110949089,179.503698874987,12602.0813845238,14381.5376216125,10156.1753762798,125767.636501654,1.62301763455483
2016,"E07000119","Fylde",78153,66008.613839435,20341.6410770511,173.772416008459,9399.16061751957,14158.4475063646,10140.6559507178,120222.291407097,1.53829400543929
2017,"E07000119","Fylde",78863,68888.6853406985,19880.5798047928,227.102972488362,6342.00083120666,16629.9029697944,10054.2723078275,122022.544226808,1.54727241199052
2018,"E07000119","Fylde",79770,70142.9800196706,19984.7728504335,81.2827289383192,4296.38930731759,17299.3933360044,10116.9421878129,121921.760430177,1.52841620195784
2002,"E08000037","Gateshead",191559,37213.7377832719,26013.404481193,NA,104984.018559405,65376.4153089058,15556.8774086341,249144.45354141,1.30061471161057
2003,"E08000037","Gateshead",192115,50597.0209866149,47267.4675407155,NA,120410.302437686,60632.0017935422,17053.7563554619,295960.549114021,1.5405384749448
2004,"E08000037","Gateshead",192317,57023.4165610273,53586.4772303102,NA,131288.563027394,57720.7590439219,17275.7716171066,316894.98747976,1.64777418262432
2005,"E08000037","Gateshead",192857,49217.3888721119,84937.5263626173,NA,130036.668927023,69018.8484844273,18006.6102333905,351217.04287957,1.82112675650648
2006,"E08000037","Gateshead",193615,152585.842360213,106175.455382673,NA,18940.4441446525,98117.5520484425,14685.1410505243,390504.434986505,2.01691209351809
2007,"E08000037","Gateshead",194934,162517.716839861,89518.4151829346,NA,17315.806695542,103181.527826879,15019.2946435284,387552.761188746,1.98812296053406
2008,"E08000037","Gateshead",196078,156437.097470562,93585.3845746214,17327,15605.291147627,112101.725116608,15261.0076627722,410317.505972192,2.09262388423072
2009,"E08000037","Gateshead",197481,156796.00962344,104352.401661454,19471.2507871374,24387.2380331422,105657.032845119,15601.1345194578,426265.067469751,2.15851179338646
2010,"E08000037","Gateshead",198731,160731.272515681,110895.446801701,23155,16765.1139025441,115454.647420198,15987.7784995553,442989.25913968,2.22908987092945
2011,"E08000037","Gateshead",200349,165212.163108338,113084.969613896,302,30604.8480891903,99010.9399036965,17530.3030056624,425745.223720783,2.12501796225977
2012,"E08000037","Gateshead",200272,141224.739614136,112810.046595463,545,2323.06703061193,119844.199441974,16170.562020204,392917.614702388,1.96191986249894
2013,"E08000037","Gateshead",200098,171835.557751098,91872.0047531471,110,80448.3562822286,42828.1420859478,33505.2418716426,420599.302744064,2.10196655011077
2014,"E08000037","Gateshead",200781,161361.021128006,98331.5447092689,96,67260.4784289719,43725.786899507,33362.2343218767,404137.06548763,2.01282524485699
2015,"E08000037","Gateshead",201724,150164.454947415,93992.0725404147,15,60325.5030606298,47588.3108973415,31854.4383795392,383939.77982534,1.90329251762477
2016,"E08000037","Gateshead",202628,148494.579356538,91110.4472166597,0,39628.9132940998,56468.3969187255,31669.4267993941,367371.763585417,1.8130355310491
2017,"E08000037","Gateshead",202419,156048.473565755,83617.4991241844,0,29735.9774668935,57681.6982545076,31108.8795665789,358192.527977919,1.76955981393999
2018,"E08000037","Gateshead",202508,157398.115667764,71596.1981546997,0,23137.3406158728,62123.6463681315,30949.9850629357,345205.285869404,1.70465011688133
2002,"E07000173","Gedling",111943,14217.5947721191,15845.4109488856,NA,33013.7976743325,37002.9173236484,7396.6417845463,107476.362503532,0.960099001308988
2003,"E07000173","Gedling",111684,19527.9894299204,17138.0814509401,NA,42090.2349638328,35103.0290078809,7837.24014872482,121696.575001299,1.0896509347919
2004,"E07000173","Gedling",111847,22045.6696695453,23456.5425829933,NA,47580.9486666328,33521.1763049911,7970.38452993014,134574.721754093,1.20320367782858
2005,"E07000173","Gedling",111919,23301.732768218,24805.94035547,NA,45866.8077732865,39922.5825907064,8266.13286618656,142163.196353867,1.2702329037417
2006,"E07000173","Gedling",111699,80688.7831135415,26668.7050219949,NA,5652.17899144559,29278.8882643618,7574.18908152057,149862.744472864,1.34166594573689
2007,"E07000173","Gedling",111924,86982.3334813894,27525.314202176,NA,5253.76594771517,31310.0317633044,7713.23939540951,158784.684789995,1.4186830777134
2008,"E07000173","Gedling",112293,82959.6951129535,29865.1129367004,4698.07074739296,4969.02463298361,35693.1657668719,8029.15359177544,166214.222788678,1.48018329538509
2009,"E07000173","Gedling",112688,89685.7381219798,34832.1289088799,5061.64239813871,7958.08179230795,34477.949689974,8224.68827895839,180240.229190239,1.59946249103932
2010,"E07000173","Gedling",113066,84262.8075875476,40272.6657356003,7637.93889835321,5589.29737506344,38493.0481533277,8420.47909447867,184676.236844371,1.63334898947845
2011,"E07000173","Gedling",113741,82432.1331684239,36689.0187542584,209.181575656206,10386.7543201239,33602.855596659,9056.98279537359,172376.926210495,1.51552145849337
2012,"E07000173","Gedling",114061,69319.1277205968,34556.8105039779,192.707914909127,791.527014960421,40843.3929829682,8376.91110382931,154080.477241242,1.35086030493545
2013,"E07000173","Gedling",114974,65079.5448596381,27055.8380657053,84.4523450477949,26162.6571705252,19222.0051820596,14279.9436120244,151884.441235,1.32103293992555
2014,"E07000173","Gedling",115815,63579.6063108557,28153.1880772255,47.8218561006766,21993.7351835719,18223.5740874556,14874.3271287391,146872.252643948,1.26816260971332
2015,"E07000173","Gedling",116142,64835.7554791583,27733.2970681484,35.2942073908141,16226.4375525288,18358.7065253055,14090.3926559321,141279.883488464,1.21644093857919
2016,"E07000173","Gedling",116746,63198.2578043588,27735.1262200051,0,11430.3609702243,18790.0205884599,13950.8070145794,135104.572597628,1.15725226215568
2017,"E07000173","Gedling",117128,63207.5537345996,26152.7553481912,0,7008.71859097518,19098.9546665591,13684.7769985877,129152.759338913,1.10266340532505
2018,"E07000173","Gedling",117786,62873.0152339214,26086.1881955859,0,4220.56516134638,20666.2994819142,13676.5833745598,127522.651447328,1.08266391122313
2002,"E07000081","Gloucester",110593,16061.7643354606,24459.1431701224,NA,29669.1151956501,36656.0121900626,6570.62348859995,113416.658379896,1.02553198104668
2003,"E07000081","Gloucester",111545,22749.338360142,24727.1982939884,NA,39462.3670735542,35088.6485953334,7053.84511339743,129081.397436415,1.15721365759483
2004,"E07000081","Gloucester",112583,24664.7372472457,26605.0241599885,NA,44642.4519515717,33711.3616262196,7121.94756400607,136745.522549032,1.21461963661504
2005,"E07000081","Gloucester",113876,25472.4514965991,27857.9497181526,NA,43079.8496883385,40453.630138601,7473.58870391813,144337.469745609,1.26749683643269
2006,"E07000081","Gloucester",115296,80415.7609514002,30481.8643882749,NA,5350.51074389274,27716.7042889468,6544.46988644778,150509.310258962,1.30541658217945
2007,"E07000081","Gloucester",117225,91277.0413125731,45524.3430045352,NA,4910.10780386563,29261.077756805,6762.39159399742,177734.961471776,1.51618649154853
2008,"E07000081","Gloucester",118394,91814.6087711237,45264.6028794609,5222.63022753187,4579.458242712,32898.2269838839,6814.79256990181,186594.319674614,1.57604540495814
2009,"E07000081","Gloucester",119348,94875.0189540713,54851.3288307817,5441.32531499797,7223.53434493971,31297.6702614822,7024.48921555345,200713.366921826,1.68174889333568
2010,"E07000081","Gloucester",120660,90608.9041065685,58711.1984389755,9165.88991864965,5033.39143607862,34664.2012432313,7252.63483909193,205436.219982595,1.70260417688211
2011,"E07000081","Gloucester",121921,76011.2408568434,53446.3604729487,276.737025083196,9490.08392766706,30702.2883272131,7958.12540762073,177884.836017376,1.4590171998046
2012,"E07000081","Gloucester",123405,65391.263943502,56277.5922227241,280.532973218911,730.746298670245,37719.6516283194,7420.90656840735,167820.693634842,1.35991810408688
2013,"E07000081","Gloucester",124535,66095.8661246058,48863.7013791362,181.882726389079,25311.7287902317,16879.1893345919,12233.8226596189,169566.191014574,1.36159466025273
2014,"E07000081","Gloucester",125686,66590.8498836922,49992.5269649311,187.376694963048,21465.8008366313,17770.6759582109,12891.804253121,168899.03459155,1.34381740680386
2015,"E07000081","Gloucester",127169,72817.0745472392,45183.4900854538,133.238454350984,16625.3959454404,19363.3628910153,12320.3354071968,166442.897330696,1.30883232022503
2016,"E07000081","Gloucester",128355,75143.7029942272,43678.5379156275,0,12136.2406619226,19391.1280464906,12360.5963466186,162710.205964887,1.26765771465768
2017,"E07000081","Gloucester",129083,73549.929924746,42569.6460433121,25.0710845847814,7506.88213914436,19727.3985678329,12175.9160790844,155554.843838705,1.20507614355651
2018,"E07000081","Gloucester",129285,75726.6391332759,37953.9124089665,24.8955423181461,0,26782.7800801189,12090.6629700832,152578.890134763,1.1801747312895
2002,"E07000088","Gosport",76831,8091.72297611863,10369.4068274589,NA,18790.456575883,25651.7335009996,4656.70160958345,67560.0214900436,0.879332840780982
2003,"E07000088","Gosport",77585,10347.8112800921,11084.9306605678,NA,24075.8501272238,24394.1724347344,4921.74030496726,74824.5048075854,0.9644197307158
2004,"E07000088","Gosport",78099,11827.2396863681,18095.5876158947,NA,27274.0175869626,23428.8594804786,5062.14737041178,85687.8517401157,1.09716964032978
2005,"E07000088","Gosport",78646,12453.2742916551,19204.7852067375,NA,25440.7559558643,28097.7329631725,5221.34932731909,90417.8977447485,1.14968209120297
2006,"E07000088","Gosport",79579,50097.0463704402,20496.1515291216,NA,3076.05066789606,15934.5700488293,4907.02295340629,94510.8415696935,1.18763545118302
2007,"E07000088","Gosport",80627,53437.2236191559,22244.3748183759,NA,2829.78252706091,16860.0476823801,5059.33484863276,100430.763495606,1.24562198141572
2008,"E07000088","Gosport",81730,52706.7062539654,24423.6751551287,4090.5278513256,2599.12623078964,18668.5591641913,5214.94943510691,107703.544090508,1.31779694225508
2009,"E07000088","Gosport",81961,56362.842068836,28665.1068576405,2860.71975853226,4030.17338721658,17463.0071115323,5343.32359995656,114725.172783714,1.39975320925457
2010,"E07000088","Gosport",82307,56201.7685293417,31435.7077686008,4424.28842828916,2752.51418287328,18956.4424348409,5467.78798417807,119238.509328124,1.44870435477085
2011,"E07000088","Gosport",82669,55927.0501715194,34006.550176308,128.994648737859,5044.13586363511,16319.5712705053,5997.22155806065,117423.523688766,1.42040575897575
2012,"E07000088","Gosport",83272,53770.7232046831,35883.2957892254,102.261028666195,391.412403084243,20184.3262522734,5571.21739130435,115903.236069237,1.39186324417856
2013,"E07000088","Gosport",83542,53252.8369266684,30628.0038726141,71.8738721664254,14026.7941248509,8714.05289548942,8781.51645151857,115475.078143308,1.38223980923736
2014,"E07000088","Gosport",84346,53726.84840092,29922.4125228674,63.1207437314162,12159.7505386221,9303.97843702258,9006.84380501903,114182.954448183,1.35374474721009
2015,"E07000088","Gosport",84757,56214.3923779099,29228.2819990361,52.9030924234005,9788.06380755677,11134.7238033976,8554.32812006457,114972.693200388,1.35649790814196
2016,"E07000088","Gosport",85492,57355.5225867902,28223.7550800196,0,6819.54450911375,10295.3702438204,8513.9495327511,111208.141952495,1.30080173527927
2017,"E07000088","Gosport",85509,58957.4321406343,26523.1912793785,0,3796.3310904569,11153.5202506478,8363.14473448154,108793.619495599,1.27230606714614
2018,"E07000088","Gosport",85283,59051.5709867611,25803.7211330828,0,1926.5294454648,12256.3375724759,8314.49800909767,107352.657146882,1.25878143530226
2002,"E07000109","Gravesham",95448,16120.9525536053,15189.7765661689,NA,32223.0597432499,31880.2053656783,6152.89244225191,101566.886670954,1.06410701817696
2003,"E07000109","Gravesham",95569,18251.3211466363,16564.6673084625,NA,39171.4347960829,29964.7684575164,6337.02549548339,110289.217204182,1.15402711343826
2004,"E07000109","Gravesham",95907,19682.5187916854,29696.8077216792,NA,43629.8284902895,28591.0213287468,6291.70727838978,127891.883610791,1.33349894805166
2005,"E07000109","Gravesham",96884,18677.607784426,31667.6757150648,NA,41758.2220421278,34317.817479292,6630.89345578453,133052.216476695,1.37331464923718
2006,"E07000109","Gravesham",97574,68348.1875294222,35376.5067845653,NA,4807.07559954621,24902.8545282441,6120.73294699327,139555.357388771,1.43025147466304
2007,"E07000109","Gravesham",98496,73549.2562952096,36645.0083775711,NA,4346.84727274255,25904.3258483293,6261.80483345005,146707.242627303,1.48947411699259
2008,"E07000109","Gravesham",99394,71391.5811862965,39887.6812814804,4352.11519361937,3986.35490858692,28635.5392221633,6469.0283313074,154722.300123454,1.55665633864674
2009,"E07000109","Gravesham",100188,74649.7925889297,46117.9832145168,4611.42305658382,6262.16889045126,27129.3472662606,6664.23432865487,165434.949345397,1.65124515256714
2010,"E07000109","Gravesham",101076,74917.7653648695,49463.6190948609,6276.41938694336,4331.77336909339,29831.1856028011,6850.783758485,171671.546577053,1.69844024869458
2011,"E07000109","Gravesham",101766,70450.0736840143,47536.0653785834,221.37133762392,8236.82960848643,26647.4234070772,6928.67740163606,160020.440817421,1.5724352024981
2012,"E07000109","Gravesham",102559,66426.2873501508,48919.5813258636,238.148190961598,632.997991773458,32652.0557309987,6423.22095017906,155292.291539927,1.51417517272913
2013,"E07000109","Gravesham",103383,67947.2826514025,41037.7005686302,167.491214334605,22123.8275510347,14785.9757998448,11200.4897769195,157262.767562166,1.52116660923137
2014,"E07000109","Gravesham",104802,68948.3348076911,40087.8642324786,149.012749610581,18773.0020112575,14850.873926768,11555.1226094845,154364.21033729,1.47291282930946
2015,"E07000109","Gravesham",105715,66138.5996122993,38511.49161339,122.574151401746,14039.2388066228,16145.6879012434,11003.2542168166,145960.846301774,1.38070137919665
2016,"E07000109","Gravesham",106215,65910.8818774621,37100.6792801389,96.0489776284407,9614.94036691631,16472.8305139623,10881.0185457757,140076.399561884,1.31880054193743
2017,"E07000109","Gravesham",106121,65969.5996212439,35597.9622207016,101.231055372447,5655.85251715864,16513.2949975549,10643.1905665815,134481.130978613,1.26724334465952
2018,"E07000109","Gravesham",106385,65523.2117875931,33871.1577081889,129.944326967028,0,23051.5852637374,10587.4645514325,133163.363637919,1.25171183567156
2002,"E07000145","Great Yarmouth",91437,12360.1628475736,19238.5883145832,NA,27590.7688605449,30374.8602835476,5267.28686697458,94831.6671732239,1.03712574967709
2003,"E07000145","Great Yarmouth",92526,15126.1191195948,20251.0239925345,NA,34446.0111352911,28899.1904614955,5708.53030697656,104430.875015893,1.12866518617354
2004,"E07000145","Great Yarmouth",93316,16065.1936176734,31403.4678027192,NA,38578.2834312055,27787.2131961897,5829.08966396548,119663.247711753,1.28234437515274
2005,"E07000145","Great Yarmouth",94113,18458.4790105603,32710.6582374315,NA,37361.0052473599,33457.1351298472,6106.4971126153,128093.774737814,1.36106355910251
2006,"E07000145","Great Yarmouth",94545,62627.3175383747,35803.618608741,NA,5342.45505764346,27673.8921491999,5232.31518270045,136679.598536659,1.44565655017885
2007,"E07000145","Great Yarmouth",95211,68078.6911233674,39317.6474246807,NA,5037.26601512674,30018.265892963,5374.35930510393,147826.229761242,1.55261713206711
2008,"E07000145","Great Yarmouth",95924,63384.6851377608,42451.4125930635,8965.84363781128,4763.39416514655,34217.9402432575,5566.93083619035,159350.20661323,1.66121311260196
2009,"E07000145","Great Yarmouth",96414,66466.6189719444,49506.0047698661,9315.18856508203,7618.85381193471,33009.953321006,5740.72004773411,171657.339487567,1.78041922840632
2010,"E07000145","Great Yarmouth",97063,66315.0675240291,54603.6794598828,10336.6292691277,5350.00086994651,36843.7647908494,5917.48749246711,179366.629406303,1.84794030069442
2011,"E07000145","Great Yarmouth",97424,67105.518799757,53826.7446086109,3991.69899444513,9805.87069509184,31724.0382092234,6536.41530975325,172990.286616881,1.7756434412145
2012,"E07000145","Great Yarmouth",97555,64828.8574464616,55016.0284894322,3376.14695662932,750.353595491457,38683.5191010664,6055.34563917086,168710.251228252,1.72938599998208
2013,"E07000145","Great Yarmouth",97736,61016.7182383925,45210.887376249,2372.66036383024,27902.9748683207,18453.5813929973,9797.67755338414,164754.499793174,1.6857094601086
2014,"E07000145","Great Yarmouth",98127,59655.0291250849,43306.6671301636,194.497836760931,23558.923560614,18528.2432276256,10404.3555223003,155647.716402549,1.58618643597123
2015,"E07000145","Great Yarmouth",98615,56935.5887653886,42039.9494307984,97.0826325688219,19967.00191693,15746.8912153517,9892.28556040816,144678.799521446,1.46710743316378
2016,"E07000145","Great Yarmouth",98992,54457.8405752553,36297.8231024827,94.137375508982,15785.9207003009,19735.6598548217,9802.05422487275,136173.435833242,1.37560041046996
2017,"E07000145","Great Yarmouth",99417,52968.6204732911,27852.3671768386,90.7422611560681,11630.3920034729,20910.9416278008,9648.89021583054,123101.95375839,1.23823846785147
2018,"E07000145","Great Yarmouth",99370,49825.1281427054,25625.0682099858,105.672992652266,8926.61511818343,21922.4782002479,9587.87226673159,115992.834930506,1.16728222733729
2002,"E09000011","Greenwich",221476,80711.6073197517,81976.4124266895,NA,178587.956750274,72629.0012401258,30501.1003603116,444406.078097153,2.00656539804382
2003,"E09000011","Greenwich",224303,156512.221840513,87315.7403704514,NA,205904.734190718,68337.012318628,32831.7650444899,550901.4737648,2.45605932049415
2004,"E09000011","Greenwich",227190,151318.996175026,147625.355496567,NA,226271.508985258,67092.1357065304,34328.3630590644,626636.359422446,2.75820396770301
2005,"E09000011","Greenwich",230494,168351.087810109,148166.409439994,NA,235591.967630974,80833.0280419933,36088.0397366195,669030.53265969,2.90259413546422
2006,"E09000011","Greenwich",233990,327156.145372524,164717.036609161,NA,28983.7638442581,150146.989095564,30836.1760464343,701840.110967941,2.99944489494398
2007,"E09000011","Greenwich",236535,350065.193583834,170110.42266984,NA,26555.6972026808,158240.666609475,31566.1500235329,736538.130089363,3.11386530572373
2008,"E09000011","Greenwich",239748,325640.901562193,172699.61026008,19789,23767.6645419878,170736.860164428,32324.3430569339,744958.379585623,3.10725586693371
2009,"E09000011","Greenwich",243672,371351.790647237,191723.283973221,21704.1568996225,37216.0767726514,161238.953604578,33244.8121719428,816479.074069252,3.35072997336277
2010,"E09000011","Greenwich",249171,371797.291937786,181128.430226652,29888.562903655,25743.4251372729,177282.915696282,34455.6895382308,820296.315439878,3.29210187156562
2011,"E09000011","Greenwich",255483,443341.775311244,193207.44215493,329.364899986068,47650.882615526,154158.296666292,35117.3919684872,873805.153616465,3.42020859946245
2012,"E09000011","Greenwich",259986,384550.505329449,185863.701920595,1824.43447437203,3609.63499603374,186186.166958826,32905.1453420715,794939.589021346,3.05762459909898
2013,"E09000011","Greenwich",264097,370875.655141849,178128.613154233,132,116265.048783611,102563.448646492,61489.7438497466,829454.509575931,3.14071916597285
2014,"E09000011","Greenwich",268853,364433.550042169,173105.029649046,113,96030.3559255582,111044.508850741,63082.8699080427,807809.314375557,3.0046505502098
2015,"E09000011","Greenwich",274542,329679.191791042,177516.885972772,0,70751.1296687524,111188.718774006,60624.8876610288,749760.813867602,2.73095123466574
2016,"E09000011","Greenwich",279139,343394.618372619,174293.710454044,0,58473.2740552398,108722.597223336,60623.7090810486,745507.909186287,2.67074077497694
2017,"E09000011","Greenwich",282849,323479.819715488,167079.957902781,0,41394,157454.589922993,60321.957423121,749730.324964382,2.6506380611718
2018,"E09000011","Greenwich",286186,327887.600832723,166131.749793503,0,0,210894.764069339,54885.6257519437,759799.740447509,2.65491582553832
2002,"E07000209","Guildford",129297,15095.2789804733,15114.664239357,NA,19926.0976543033,43757.3420864355,6644.17424056511,100537.557201134,0.777570687650403
2003,"E07000209","Guildford",128763,18020.0048523957,16277.7540775367,NA,29054.7980031502,40765.106320817,6536.44504852396,110654.108302424,0.85936261427913
2004,"E07000209","Guildford",128575,19248.9072067386,27992.9254230891,NA,34944.3717053689,38749.0452249559,6637.68971648851,127572.939276641,0.992206410862462
2005,"E07000209","Guildford",129043,19789.6369220951,30892.1530368611,NA,32251.5530887373,46357.4700652465,6958.06700529306,136248.880118233,1.05584092215954
2006,"E07000209","Guildford",130673,78673.6081215986,34639.3325742191,NA,3931.99586642914,20371.6498220884,7452.83361730854,145069.420001644,1.11017134374847
2007,"E07000209","Guildford",131656,89372.6152318419,36111.7002826661,NA,3581.79677795332,21340.4053150718,7596.86719439523,158003.384801928,1.20012293250538
2008,"E07000209","Guildford",132401,87151.6585748414,36789.401620297,4650.58304882444,3345.70139788199,24033.641569511,7715.46413557898,163686.450346935,1.23629315750587
2009,"E07000209","Guildford",133584,88431.4275001908,40798.203470523,4805.2823703717,5202.28357719781,22536.950204056,7932.52646711534,169706.673589455,1.27041167796633
2010,"E07000209","Guildford",135547,95976.5249199683,49148.8188983162,2255.40004121499,3579.79526187507,24654.0244181048,8182.87757726922,183797.441116749,1.35596834394526
2011,"E07000209","Guildford",137580,94906.2755893028,45701.9620950759,221.632141853691,6915.91384547904,22374.7660386465,8485.88149910998,178606.431209468,1.29820054665989
2012,"E07000209","Guildford",139338,91367.1303251792,46701.8861776537,256.376483113441,539.766364289548,27828.2944164833,7919.41475605002,174612.868522769,1.25316043378525
2013,"E07000209","Guildford",140657,83136.014470565,39970.4387264586,1537,22269.2863657316,15027.0409423153,12314.3245258791,174254.10503095,1.23885839333236
2014,"E07000209","Guildford",142551,83252.2507681933,38568.9220295594,84.862354876535,19306.6568450169,16847.060172924,12989.6957516354,171049.447922206,1.19991755878391
2015,"E07000209","Guildford",145056,84420.4283535571,37680.1517986458,22.7658766511257,15664.1657087878,18711.5273008286,12512.200044013,169011.239082483,1.16514476534913
2016,"E07000209","Guildford",146845,82717.6473865241,36405.470604324,24.4958025531857,9437.75859727204,16239.2648574545,12509.2727332771,157333.909981405,1.07142844483234
2017,"E07000209","Guildford",147777,81307.9819998127,34124.4006585558,22.690405383858,3809.33290728841,20766.8265457205,12382.9770568479,152414.209573609,1.03137977881273
2018,"E07000209","Guildford",147889,80777.9915060101,33048.6388657847,9.69410236197974,0,25797.5601756064,12344.3208077087,151978.205457472,1.0276505044829
2002,"E09000012","Hackney",210961,115487.553318563,115838.499783032,NA,207870.678254053,67754.4765916766,29053.0018291449,536004.20977647,2.54077393345912
2003,"E09000012","Hackney",212405,176869.414805126,121138.768689611,NA,236803.127919731,64574.7097967401,31090.2264092539,630476.247620462,2.96827404072626
2004,"E09000012","Hackney",213581,168470.05410475,228414.234030161,NA,259898.077334304,63645.483825593,32272.045910991,752699.895205799,3.52418939515125
2005,"E09000012","Hackney",216512,174363.604917882,215129.167209003,NA,272860.644744407,75346.347234323,33898.902615491,771598.666721107,3.56376859814286
2006,"E09000012","Hackney",220193,330736.719693202,235735.312428228,NA,36712.9144756559,190186.303632289,29017.9499644964,822389.200193871,3.73485624063377
2007,"E09000012","Hackney",224480,339705.082865957,235606.065469912,NA,33677.4236500213,200675.346547002,29957.382024997,839621.300557888,3.74029446078888
2008,"E09000012","Hackney",231041,316901.069726674,251428.328449452,28241,30139.2555660335,216502.662271425,31150.4101982793,874362.726211864,3.78444832827015
2009,"E09000012","Hackney",236622,361937.427782991,290315.593742044,31484.4290517682,47089.1663715909,204014.497495906,32282.9621201839,967124.076564485,4.08721114927811
2010,"E09000012","Hackney",241739,349039.10138318,313278.711882846,48941.3687498411,32350.3578235799,222785.986115975,33427.9829245072,999823.508879929,4.13596278995085
2011,"E09000012","Hackney",247182,377041.653984743,324765.541408782,7775.66337372098,61289.2691281649,198282.874714041,33976.3787866692,1003131.38139612,4.05827034895794
2012,"E09000012","Hackney",252212,320753.274076877,338616.916737044,1548.42791400429,4627.82114275254,238731.035228894,31921.2285162068,936198.703615779,3.71195146787535
2013,"E09000012","Hackney",257436,357944.991473198,308920.520630575,82,152273.650509691,128493.821799408,59938.8622275276,1007653.8466404,3.91419166954272
2014,"E09000012","Hackney",263112,364865.163389269,328943.495174016,84,124165.133605671,132333.40588997,61735.8187085319,1012127.01676746,3.84675353753329
2015,"E09000012","Hackney",268626,321381.277589806,319626.07180403,53,89635.5663920212,134205.518657933,59318.50526634,924219.93971013,3.4405453668302
2016,"E09000012","Hackney",273239,321655.472264771,319050.501820994,0,74378.167262832,131711.812798308,59342.3407176949,906138.294864601,3.31628462578402
2017,"E09000012","Hackney",275929,334416.189169044,309584.961842384,0,54904,178116.337996109,58846.1595756193,935867.648583156,3.39169731555275
2018,"E09000012","Hackney",279665,327088.523557699,308295.39307653,0,0,249884.994078857,53635.0084417733,938903.919154859,3.35724498651908
2002,"E06000006","Halton",118788,23812.1506019055,33176.7613082113,NA,63831.6985686721,40122.9852051075,7204.34927773166,168147.944961628,1.41552972490174
2003,"E06000006","Halton",119178,28144.4187103061,31859.0516694286,NA,77106.1069279448,37509.9422825252,7957.96132607343,182577.480916278,1.53197302284212
2004,"E06000006","Halton",119960,36513.1573122428,45794.8669521238,NA,84309.3420252946,35803.9995484915,8102.17010202063,210523.535940173,1.75494778209548
2005,"E06000006","Halton",120396,32563.8027734577,50440.0104464659,NA,83643.5988881415,42822.8031394604,8387.31220775221,217857.527455278,1.80950801899796
2006,"E06000006","Halton",121275,107907.737150401,53434.2950935155,NA,10125.0865302031,52450.5652917247,7604.18045077834,231521.864516622,1.90906505476497
2007,"E06000006","Halton",122040,119597.550055559,57849.6526734853,NA,9250.01812498551,55118.4263578624,7797.06114650837,249612.708358401,2.04533520451
2008,"E06000006","Halton",122907,110068.994618447,62403.1100588441,13891,8502.63308713998,61079.4650662089,7860.30984780105,263805.512678441,2.14638314073601
2009,"E06000006","Halton",123636,110522.915097074,68180.5772031791,15398,13376.7289309113,57953.7964523056,7909.88836556848,273341.906049038,2.21086015439709
2010,"E06000006","Halton",124802,119114.538179314,62423,19787,9271.18976203139,63847.6712764037,8164.0772956383,282607.476513388,2.26444669567305
2011,"E06000006","Halton",125722,118050.583383952,65008,622,17898.8487585703,57906.5518769934,8495.67276923241,267981.656788748,2.13154147077479
2012,"E06000006","Halton",125781,117984.429755413,68406,415,1360.11922304475,70159.5928658,7834.45016145393,266159.592005711,2.11605562052863
2013,"E06000006","Halton",126074,114286.734820372,57567,20,48923.1339883359,32645.9247571268,14304.2675787249,267747.06114456,2.12372940609927
2014,"E06000006","Halton",126501,112373.185663119,58768,20,40292.4663048286,33614.9649010634,14629.8480693422,259698.464938353,2.05293606325921
2015,"E06000006","Halton",126719,110715.976042598,56349,0,29334.1729927378,34227.1243876721,13970.0594691866,244596.332892194,1.93022619253777
2016,"E06000006","Halton",127306,111897.664099845,51560,0,23145.1578719649,35268.6328582892,13892.2044951616,235763.659325261,1.85194460061003
2017,"E06000006","Halton",127595,114081.372067363,43830,0,665.251396648045,61744.7877094972,13680.1396648045,234001.550838313,1.83393981612378
2018,"E06000006","Halton",128432,117201.833930522,39150,0,547.181614525461,65507.6967697596,13703.0620190678,236109.774333875,1.83840300185215
2002,"E07000164","Hambleton",84844,10413.8100904357,14385.3836606262,NA,21125.7768964444,28378.2192628678,4721.00713648292,79024.197046857,0.93140583950376
2003,"E07000164","Hambleton",85336,13672.3342968948,15008.3958013893,NA,27162.1100806395,26773.7419505955,5009.07915641569,87625.6612859348,1.02683112972175
2004,"E07000164","Hambleton",85598,15383.4670862336,16733.5242691897,NA,30474.0540796817,25597.4055938275,5074.67747801336,93263.1285069459,1.0895479860154
2005,"E07000164","Hambleton",85972,16289.9092073371,18055.9734145466,NA,28843.4524131457,30610.9070604181,5256.41435092558,99056.6564463731,1.15219672040168
2006,"E07000164","Hambleton",86995,58766.8074229164,19307.1455575164,NA,3453.41537439062,17887.6507170934,4558.2172191334,103973.23629105,1.19516335756136
2007,"E07000164","Hambleton",87748,61874.1657171877,19901.4316537974,NA,3215.77945896212,19160.6038040651,4678.63050868291,108830.611142695,1.24026315292309
2008,"E07000164","Hambleton",88482,60846.935196884,21457.2089453989,4126.02242768232,3022.46135222882,21713.0456397771,4841.50128221934,116007.17484419,1.31108219574818
2009,"E07000164","Hambleton",88645,62966.2236448938,24360.8753643039,4589.49664820019,4792.0133857661,20761.4595615557,4981.37443996785,122451.443044687,1.38136886507629
2010,"E07000164","Hambleton",89096,63833.8154171319,28250.9973426945,6094.19418124028,3357.48188218425,23120.409102296,5126.20248886158,129783.100414408,1.45666584823571
2011,"E07000164","Hambleton",89602,61925.64625962,27569.9204686601,194.344381127267,6576.81628537299,21275.8567516546,5298.25378071538,122840.83792715,1.37096089291702
2012,"E07000164","Hambleton",89794,61455.9469802681,27070.4565959841,104.150732053262,504.266266089893,26031.9528754977,4904.77676929303,120071.550219186,1.33718901284257
2013,"E07000164","Hambleton",89997,62421.6183005988,23006.4668147994,123.672133072278,16875.8550392889,11477.4804640681,8460.86934659665,122365.962098424,1.35966712333105
2014,"E07000164","Hambleton",89915,62854.4261384513,22449.8556733903,102.444785276074,14566.3671288881,11621.8018226031,8980.22147271594,120575.117021325,1.34099001302702
2015,"E07000164","Hambleton",90074,62742.7482094867,22347.0224780031,49.7919860333951,11073.5767487596,11659.9343922685,8545.25814824076,116418.331962792,1.29247432070067
2016,"E07000164","Hambleton",90591,63157.8376479744,22931.8199630015,46.8160557668267,7118.77930996909,12299.0584287041,8501.56776098709,114055.879166403,1.25901998174656
2017,"E07000164","Hambleton",90718,60637.934513653,22476.6653332933,95.6670258144999,3853.79804015927,13981.4119391403,8372.47788474206,109417.954736802,1.20613279323621
2018,"E07000164","Hambleton",91134,59693.0274560616,16757.679928667,54.872751238802,1810.99097668078,14740.5311941301,8363.91941756288,101421.021724341,1.11287797884808
2002,"E09000013","Hammersmith and Fulham",171989,65606.956881634,79169.3915045147,NA,112643.701216036,55466.4225166067,23685.8790562843,336572.351175076,1.95694114841691
2003,"E09000013","Hammersmith and Fulham",171510,123406.222444044,91153.5347941673,NA,123730.808500332,52515.3986828883,25104.327729814,415910.292151246,2.42499149991981
2004,"E09000013","Hammersmith and Fulham",172083,115520.636070192,135745.32818749,NA,136506.922829835,52383.063386535,26001.706502456,466157.656976508,2.70891172850606
2005,"E09000013","Hammersmith and Fulham",173292,121125.019718791,141766.33376433,NA,139041.328540902,62782.5271436701,27132.0233153066,491847.232482999,2.83825700253329
2006,"E09000013","Hammersmith and Fulham",174675,198241.227479575,154544.580267794,NA,21295.7859288678,110318.462948278,23019.3984824604,507419.455106975,2.90493462205224
2007,"E09000013","Hammersmith and Fulham",176472,209209.923982186,159451.369416188,NA,19554.7307660662,116519.292746982,23550.601927634,528285.918839056,2.99359625798459
2008,"E09000013","Hammersmith and Fulham",177088,192670.061914367,169049.466571522,10659,17456.459025358,125393.508036765,23876.1251950645,539104.620743076,3.04427527976529
2009,"E09000013","Hammersmith and Fulham",180116,227008.166634729,185772.114564335,11320.5953254063,27247.9977017584,118050.347300643,24573.6998471784,593972.92137405,3.29772436304409
2010,"E09000013","Hammersmith and Fulham",180842,221744.705365444,200230.731529946,21382.3900920363,18668.2431570075,128558.529758066,25007.0666629453,615591.666565445,3.4040304053563
2011,"E09000013","Hammersmith and Fulham",182445,235315.654308349,176470.705412713,2172.20539205332,35434.6412120949,114637.339366148,25077.9604814827,589108.506172841,3.22896492736354
2012,"E09000013","Hammersmith and Fulham",182117,191831.676617523,175793.820462152,2227.28579296274,2680.16767661596,138268.888636467,23049.6501898642,533851.489375584,2.93136549237899
2013,"E09000013","Hammersmith and Fulham",181421,187476.564544427,160754.228904736,177,85784.3097512337,76025.3534341365,42240.2784543742,552457.735088907,3.0451697162341
2014,"E09000013","Hammersmith and Fulham",181679,180964.557866608,170062.913932926,177,70174.9999747055,68222.8311809568,42628.6212987145,532230.924253911,2.92951262531119
2015,"E09000013","Hammersmith and Fulham",182183,152883.989200106,158242.169997854,114.833,51442.1516978907,76571.2768334347,40229.9972636216,479484.417992907,2.63188342486899
2016,"E09000013","Hammersmith and Fulham",181783,142694.519986923,147873.321486046,0,41937.8969566548,76969.0025652081,39479.8279992415,448954.568994074,2.46972802183963
2017,"E09000013","Hammersmith and Fulham",182998,157659.354730951,129872.009401812,0,29499,99886.4179358167,39027.1755053626,455943.957573942,2.49152426569658
2018,"E09000013","Hammersmith and Fulham",185426,160323.88771641,116855.624996366,0,0,138957.792555615,35561.564998567,451698.870266958,2.43600611708692
2002,"E07000131","Harborough",78226,9826.90497835946,7770.14175281843,NA,16703.9728397733,25895.47897904,4658.4666641702,64854.9652141613,0.829071730807677
2003,"E07000131","Harborough",79118,11308.0184508226,8503.62768808671,NA,23001.8780314629,24730.1638630592,5041.11420489824,72584.8022383297,0.917424634575314
2004,"E07000131","Harborough",79860,12116.7968715485,12318.2925179846,NA,26836.8804403479,23877.0616969287,5158.81283853915,80307.8443653488,1.00560786833645
2005,"E07000131","Harborough",80486,13638.5035747879,13073.1262356729,NA,25842.4132174006,28745.27252093,5485.19979636575,86784.5153451571,1.07825603639337
2006,"E07000131","Harborough",81492,50801.4403570634,14281.1347429984,NA,3269.45459101809,16935.5136185795,5141.47964968631,90429.0229593456,1.10966748833438
2007,"E07000131","Harborough",82593,54502.5213197534,15125.7098082812,NA,3016.26413928523,17976.6077142122,5277.80569560759,95898.9086771397,1.16110213549744
2008,"E07000131","Harborough",83417,55098.2994363692,16437.5905353395,2877.2807429494,2815.57631614009,20228.9836611167,5407.46311532,102865.193807235,1.23314424886096
2009,"E07000131","Harborough",84132,58773.3514790382,18927.4668846828,3077.79636592942,4478.63897188857,19403.0213841671,5567.26913086113,110227.544216567,1.31017382466324
2010,"E07000131","Harborough",84849,58228.5983960057,20345.6421631273,3625.40565564791,3136.94497491868,21603.6081845858,5718.64534520664,112658.844719492,1.32775689424144
2011,"E07000131","Harborough",85699,58243.3454426113,20046.587833849,324.827534364591,5682.47326247445,18384.1875211989,6095.36027757621,108776.781872074,1.26928881167895
2012,"E07000131","Harborough",86368,61309.8291948991,19789.3508352948,277.981913554471,435.934622449688,22499.1047782194,5670.32038582136,109982.521730239,1.27341748946645
2013,"E07000131","Harborough",87426,35368.9955358613,14166.8148322678,109.395433919842,14073.3173241304,9419.4011211277,9746.62005982548,82884.5443071325,0.948053717511181
2014,"E07000131","Harborough",87935,32298.1223869841,14794.3427865768,85.2070552377295,12044.4690203459,10924.1767513624,10130.9693071736,80277.2873076806,0.912916214336505
2015,"E07000131","Harborough",89144,33303.9609953589,13458.5042090084,63.6733401642387,9519.09425248367,12482.2991892336,9669.92173881746,78497.4537250663,0.88056912102964
2016,"E07000131","Harborough",90251,34938.7067081121,12439.0031221574,47.3493267848798,6296.58026635147,9753.58702866434,9618.83791518231,73094.0643672525,0.809897556450925
2017,"E07000131","Harborough",91461,36574.5071708965,10379.9632006617,53.7996528602806,3363.92379195598,11699.1308882737,9495.18353233767,71566.5082369859,0.782481147560008
2018,"E07000131","Harborough",92499,36640.4992550064,9520.4768103785,69.14891989895,1543.92050595261,13802.451446779,9515.47914941963,71091.9760874351,0.768570212515109
2002,"E09000014","Haringey",224474,106652.13370069,132604.423373497,NA,176234.045664365,74815.7802126461,30913.9771455173,521220.360096716,2.32196316765735
2003,"E09000014","Haringey",225027,189127.33381678,150538.324459956,NA,192074.556424723,68814.1905860551,32937.738651139,633492.143938653,2.81518281778921
2004,"E09000014","Haringey",226472,177096.462748142,231372.254518326,NA,205953.616052245,68107.5876831259,34219.8734042539,716749.794406093,3.16484949312097
2005,"E09000014","Haringey",229271,175732.099140592,244053.788123408,NA,207116.19836404,81147.6425729774,35896.5567800225,743946.284981039,3.24483377741206
2006,"E09000014","Haringey",233174,325549.085623715,262478.900715007,NA,26357.2609026925,136543.136421937,30728.6401703119,781657.023833663,3.35224777991398
2007,"E09000014","Haringey",236793,342916.633531176,270980.471542306,NA,23958.0535342101,142759.583704135,31600.5807281055,812215.323039933,3.43006475292738
2008,"E09000014","Haringey",244459,324418.730984167,283149.375117077,22279,21462.2088954644,154170.001576388,32959.5098993736,838438.82647247,3.42977279000761
2009,"E09000014","Haringey",249805,363294.361569635,314442.390524682,24545.7900756352,33527.0252109072,145255.261450604,34081.5535006573,915146.382332121,3.66344301488009
2010,"E09000014","Haringey",252742,357589.368561911,316497.744032589,41645.617172125,22999.2845798453,158387.464206949,34949.4920567463,932068.970610166,3.68782778726989
2011,"E09000014","Haringey",255540,392036.271626822,329391.444003205,1254.43838354192,44631.7682881895,144392.397142292,35125.226898178,946831.546342228,3.70521854246783
2012,"E09000014","Haringey",257898,327494.592175941,328043.22244243,1091.08977434015,3391.31324074031,174957.635050915,32640.8774835166,867618.730167883,3.36419332514359
2013,"E09000014","Haringey",261033,330650.388443043,276714.190621207,106,114222.047085474,101447.007022191,60776.3522733348,883915.98544525,3.38622314207495
2014,"E09000014","Haringey",264398,333182.63024794,286222.614897912,171,94198.3037682516,98720.7187984446,62037.5619314148,874532.829643963,3.30763784008942
2015,"E09000014","Haringey",268251,293860.887422385,273365.351509358,54,69437.0509713359,103591.641875728,59235.6970516665,799544.628830473,2.9805839636403
2016,"E09000014","Haringey",272078,293032.922472871,265134.100562864,0,56203.9101465633,104597.719456367,59090.1934855164,778058.846124181,2.85969040541382
2017,"E09000014","Haringey",271224,296230.258284503,257641.770657909,0,38590,147855.324944666,57842.7449986691,798160.098885747,2.94280778576286
2018,"E09000014","Haringey",270624,298272.686585839,256874.806958121,0,0,193255.283316098,51901.0978297121,800303.87468977,2.95725388247077
2002,"E07000073","Harlow",78340,9672.76562550636,13576.5786887761,NA,26100.0932999674,25938.8109718277,4451.84195757376,79740.0905436513,1.01787197528276
2003,"E07000073","Harlow",78128,11973.0608328325,14448.0369879908,NA,31024.379352901,24586.373638211,4527.99974533102,86559.8505572664,1.10792354286896
2004,"E07000073","Harlow",78019,13419.879178357,29314.5472842784,NA,34752.8630943453,23364.4113371658,4566.92254207705,105418.623436224,1.35119167685081
2005,"E07000073","Harlow",78354,15337.3561978386,31561.1929638044,NA,33539.0768578901,27865.1244239168,4754.87113937638,113057.621582826,1.44290810402566
2006,"E07000073","Harlow",78722,54268.9899956553,34734.2989091071,NA,3978.25173968061,20609.9686496343,4663.44008540517,118254.949379483,1.50218426080997
2007,"E07000073","Harlow",79165,57790.8418592888,36919.5167015886,NA,3626.78551774495,21609.615596649,4769.19674499333,124715.956420265,1.57539261567946
2008,"E07000073","Harlow",79913,58453.673496345,40370.4652636353,3052.98677951487,3301.57541564945,23718.2755822464,4960.44239699579,133857.418934387,1.67503934196422
2009,"E07000073","Harlow",80710,59859.4334095829,45918.2735525545,3363.42373666458,5179.72005214346,22442.7865308366,5131.57409216324,141895.211373945,1.75808711899325
2010,"E07000073","Harlow",81490,60938.0191760415,50136.6302039999,4551.44161945349,3588.6217441565,24712.3489692936,5295.93433937658,149222.996052322,1.83118169164709
2011,"E07000073","Harlow",82177,56775.2633553095,48798.6885492748,472.113151305421,6541.51539853064,21163.1538404795,5589.38627329986,139340.1205682,1.69560972739574
2012,"E07000073","Harlow",82814,49793.448389246,50164.2703853294,369.282665427224,505.999559190967,26116.234744843,5207.16773248405,132156.403476521,1.59582200444998
2013,"E07000073","Harlow",83438,48589.6912808998,40657.6975372391,121.425705207972,18778.2271454403,12487.1692621187,8337.96692679831,128972.177857704,1.54572470406414
2014,"E07000073","Harlow",84619,45610.8836830839,39456.0297596705,81.8275356838361,15970.2617281475,11672.8387279375,8642.95568556175,121434.797120085,1.43507719448451
2015,"E07000073","Harlow",85335,45210.0855961921,37797.6988354852,64.3559605707513,12417.4019363184,11336.1443885461,8232.84445634612,115058.531173459,1.34831582789546
2016,"E07000073","Harlow",85867,46166.7546201024,35825.3844805235,0,8911.64051316302,13408.4442597523,8165.93390830042,112478.157781842,1.30991134873516
2017,"E07000073","Harlow",86191,45538.7526806981,33254.2343293758,0,5462.36320796972,13795.5986967834,8031.13935065171,106082.088265479,1.23077917956026
2018,"E07000073","Harlow",86594,43012.8801976854,28387.4134570879,0,3299.84119855725,17603.9749189708,8014.21811570796,100318.327888009,1.15849051768032
2002,"E07000165","Harrogate",151549,18429.6061524143,22738.6338619612,NA,37805.5675696484,50578.506271137,8432.69895958288,137985.012814744,0.910497679395733
2003,"E07000165","Harrogate",151821,24322.0447090193,23361.0642866168,NA,48283.8093600915,47692.8700628264,8911.63643252773,152571.424851082,1.00494282642771
2004,"E07000165","Harrogate",152518,28002.8702663401,32666.4434973747,NA,54623.1052375626,45590.7952096939,9042.02971554992,169925.243926521,1.11413239044914
2005,"E07000165","Harrogate",153673,29261.2105524952,34908.9982381893,NA,51731.4452692195,54749.1951530223,9395.7214273227,180046.570640249,1.17162136901244
2006,"E07000165","Harrogate",154270,103929.879086537,36804.9783913795,NA,6227.40950407771,32258.2057144204,8083.17915277556,187303.65184919,1.21412881214229
2007,"E07000165","Harrogate",155068,109588.165262261,38319.0082929647,NA,5803.76132951564,34586.4865602494,8268.06167343348,196565.483118424,1.26760829518936
2008,"E07000165","Harrogate",155843,106287.989115165,40830.1837512465,7260.96640217554,5439.67763517321,39074.015694037,8527.31724333659,207420.149841134,1.33095583273637
2009,"E07000165","Harrogate",156511,111853.465642574,47560.4660967067,8085.57495523109,8643.5611373415,37450.000072634,8795.08032008357,222388.148224571,1.42091065947167
2010,"E07000165","Harrogate",157531,113870.085059668,54402.0800192153,10764.1263980983,6062.28467475943,41746.9293379477,9063.659471501,235909.16496119,1.49754121386387
2011,"E07000165","Harrogate",158683,109247.368612478,51097.1742229905,444.179253034734,11673.0590010473,37764.603657539,9383.08078709469,219609.465534185,1.38395080464942
2012,"E07000165","Harrogate",159396,108604.663461554,49227.0953913789,284.881062057172,899.127667212337,46376.3053493867,8706.61511813965,214098.688049729,1.34318733249096
2013,"E07000165","Harrogate",159679,112243.596104551,40999.7531531091,219.42778689121,29993.0528330791,19966.9684214132,15011.8688000178,218434.667099062,1.36796114140909
2014,"E07000165","Harrogate",159631,111208.892619776,39919.7920925204,181.875810692375,25895.5405121675,21043.3490823995,15943.0766158162,214192.526733372,1.34179781329047
2015,"E07000165","Harrogate",159916,111085.498686283,38692.1047870899,88.3999293749185,19720.6922902795,20793.3580197838,15171.1204346878,205551.174147499,1.28536965749205
2016,"E07000165","Harrogate",159768,111301.966611933,34636.3126452829,82.5656808927417,12297.1588545787,19357.1879219481,14993.5256045014,192668.717319136,1.20592807895909
2017,"E07000165","Harrogate",160044,105625.179559769,29417.6023126787,168.775033394209,6100.51332193445,23836.0125706891,14770.6612864664,179918.744084931,1.12418300020576
2018,"E07000165","Harrogate",160533,103382.006491583,26637.0725743268,96.6586276759343,2538.31286303131,27192.2062916944,14733.0861792484,174579.34302756,1.0874981656579
2002,"E09000015","Harrow",212336,52502.032562656,59310.8953973954,NA,89394.634310382,71350.3668809413,29242.3632633203,301800.292414695,1.42133360529865
2003,"E09000015","Harrow",213728,116100.658098774,70250.9009415649,NA,108248.854184356,65964.1004705052,31283.8770744428,391848.390769643,1.8333975462721
2004,"E09000015","Harrow",216267,110323.099765766,103315.508720349,NA,120108.729727166,64099.3891053489,32677.8999678449,430524.627286475,1.99070883346269
2005,"E09000015","Harrow",221109,110172.631012544,103190.060252621,NA,120338.455308672,76264.8361967648,34618.6468113019,444584.629581904,2.01070345206167
2006,"E09000015","Harrow",223632,237761.668806139,110817.890050771,NA,14609.8943972782,75686.2709663621,29471.1556973213,468346.879917871,2.09427487979301
2007,"E09000015","Harrow",226355,263135.896436759,122035.292740743,NA,13371.3504779961,79678.3021767932,30207.605168693,508428.447000984,2.24615514126476
2008,"E09000015","Harrow",229567,251400.85712468,125689.340464053,8642,12099.1158128974,86914.8871830727,30951.6761872931,515697.876771997,2.24639376204767
2009,"E09000015","Harrow",233495,290903.502655933,146816.352557238,9267.1062176916,18880.0452617873,81799.7083821734,31856.3372816236,579523.052356447,2.48195058719222
2010,"E09000015","Harrow",237451,301949.267005065,158868.866853481,12030.1028010313,12971.2748524932,89329.372278467,32835.0327146516,607983.916505189,2.56046054346029
2011,"E09000015","Harrow",240499,304343.357896921,160193.079092614,910.047749093871,24514.1822788655,79307.6206594822,33057.7676441454,602326.055321122,2.50448465615708
2012,"E09000015","Harrow",241978,239415.989971034,160413.566651057,927.837080610478,1894.73740536126,97733.4607338961,30625.9616271021,531011.553469061,2.19446211419659
2013,"E09000015","Harrow",243004,232721.771826601,147348.82024003,52,58205.9584380463,62117.1489789435,56578.6575177447,557024.357001366,2.29224357212789
2014,"E09000015","Harrow",245149,227087.513947353,149518.822856482,53,48198.6813269507,63312.7536544145,57521.0337064744,545691.805491675,2.22595974485588
2015,"E09000015","Harrow",246818,192368.691906818,156130.902907489,0,36980.5096072081,64750.8790143684,54502.8211447421,504733.804580625,2.04496351392777
2016,"E09000015","Harrow",248697,196724.933658196,155474.9122284,0,26702.6813477012,61679.3668052543,54012.2826883006,494594.176727852,1.98874203037372
2017,"E09000015","Harrow",248880,206486.544855349,152111.615536361,0,13019,101141.765832774,53077.538769684,525836.464994168,2.11281125439637
2018,"E09000015","Harrow",250149,211359.920299053,148264.568071446,0,0,128380.539541351,47974.33975185,535979.367663701,2.14264045694247
2002,"E07000089","Hart",84238,9039.27088105428,7851.92258764674,NA,17308.3719987925,28278.1637966082,5105.63744046141,67583.3667045632,0.802290732265286
2003,"E07000089","Hart",85180,11412.4329424276,8518.9143992675,NA,23041.412822542,26773.2983565209,5403.54242672052,75149.6009474785,0.88224466949376
2004,"E07000089","Hart",86367,12809.4422590885,9243.53977159725,NA,26830.0406142613,25880.8526709752,5598.05480147447,80361.9301173968,0.930470319883715
2005,"E07000089","Hart",87519,14589.8412853974,10537.1983255151,NA,24832.2272779453,31255.6185464473,5810.43246671972,87025.3179020248,0.994359143751926
2006,"E07000089","Hart",88874,56449.8904375087,11356.752158222,NA,2788.57285287066,14445.5659347272,5480.17388960694,90520.9552729355,1.01853135082179
2007,"E07000089","Hart",89866,59820.7364252553,11948.5175118529,NA,2548.9352521718,15185.4102226893,5639.08102133568,95142.680433305,1.05871720598786
2008,"E07000089","Hart",90566,58662.1235604629,12989.454766908,4640.76331069564,2365.66020087721,16992.3171817466,5778.74844659112,101429.067467281,1.11994641992891
2009,"E07000089","Hart",90986,62848.0568255038,15268.0051188892,3299.72318480517,3678.08500151643,15937.358634593,5931.69484347003,106962.923608778,1.17559760412346
2010,"E07000089","Hart",91276,61805.0057502301,17373.1582889282,4846.03204564037,2515.65854126552,17322.8790465275,6063.61325335437,109926.346925946,1.20432914376119
2011,"E07000089","Hart",91662,61848.5928319178,16783.2562660821,331.027101968206,4943.57280882219,15993.804809506,6649.61862917122,106549.872447468,1.16242142269935
2012,"E07000089","Hart",92224,59233.8346722632,17847.8641423951,113.254408537217,382.492668148251,19754.0493838224,6170.14065587055,103501.635931037,1.12228526122307
2013,"E07000089","Hart",92959,58968.7404523014,15234.8418160247,79.9756204390455,13763.1770133826,9099.55070637286,9771.38430749461,106917.669916015,1.15015942421944
2014,"E07000089","Hart",93680,59692.0314442675,15126.4035655777,70.105888515864,12129.3111760857,9970.46944704284,10003.5701474188,106991.891668908,1.14209961217878
2015,"E07000089","Hart",94395,62807.1677090128,15482.3245076986,58.9188787864943,9983.57024333473,10115.0008308661,9527.06918476934,107974.051354468,1.14385350235148
2016,"E07000089","Hart",94882,64492.1966977007,15506.5063339543,0,6825.40230797889,10181.4227234615,9449.07780337914,106454.605866474,1.12196840145101
2017,"E07000089","Hart",95465,66646.227044003,15932.0465271009,0,3637.08972798732,9750.01767916936,9336.88397802899,105302.26495629,1.10304577548096
2018,"E07000089","Hart",96293,67566.1884317882,14513.3905592902,0,1877.16130872674,10305.7807050224,9387.89626056825,103650.417265396,1.07640656398072
2002,"E06000001","Hartlepool",89993,18870.0538693471,27697.4841791875,NA,51935.7657417762,30656.2836563736,7270.90206000257,136430.489506687,1.51601223991518
2003,"E06000001","Hartlepool",90134,25712.541546812,32309.0323173993,NA,62181.5741677628,28130.2488038623,7738.24642965554,156071.643265492,1.73155128215204
2004,"E06000001","Hartlepool",90317,30822.3138901244,48794.0918028993,NA,67737.6956018644,26708.2872998998,7738.12596682685,181800.514561615,2.01291578065718
2005,"E06000001","Hartlepool",90457,29840.4101690873,50276.3894970379,NA,68230.6370955066,32564.5538382044,8328.56604414446,189240.556643981,2.0920498871727
2006,"E06000001","Hartlepool",90781,85863.1797212557,50464.7024597312,NA,8526.26666859261,44169.0602681997,7466.17630330727,196489.385421087,2.16443292562416
2007,"E06000001","Hartlepool",90969,93133.5618172826,50842.8247713145,NA,7869.2743395736,46888.3267838191,7604.44856651914,206338.436278509,2.26822803678736
2008,"E06000001","Hartlepool",91379,88155.0639294179,51805.152209295,10672,7264.27067761326,52185.4882762723,7866.48486071934,217948.459953318,2.38510445456087
2009,"E06000001","Hartlepool",91530,98302.5710324386,62042.1868860971,0,11541.9589541475,50007.230192843,8076.25412874472,229970.201194271,2.51251175783099
2010,"E06000001","Hartlepool",91773,85990.261465653,70600.1113356426,14497,8047.67354536866,55419.803003284,8281.65761302803,242836.506962976,2.64605610542291
2011,"E06000001","Hartlepool",92088,92096.6967659532,63400.4976786906,2280,14874.7471243748,48124.1481906703,8483.68489032082,229259.77465001,2.489572741834
2012,"E06000001","Hartlepool",92261,92129.9403563434,65111.8033002059,403,1122.72026322858,57967.9706383741,7842.47411585639,224577.908674008,2.43415862253832
2013,"E06000001","Hartlepool",92662,87142.2170596072,53443.5934538883,118,39447.0472635839,25661.7747327516,15314.8145387399,221127.447048571,2.38638759198561
2014,"E06000001","Hartlepool",92606,79960.2454760284,52657.1626990209,96,32698.4235798988,28926.7046667213,16078.5835237257,210417.119945395,2.27217588434221
2015,"E06000001","Hartlepool",92498,70896.027533357,53028.085377228,57,24115.2463984633,49605.1449898623,15272.8796713264,212974.383970237,2.30247555590647
2016,"E06000001","Hartlepool",92845,69711.5559081689,56122.3262436132,7,19480.4503431481,4806.25737436352,15186.0463847687,165313.636254062,1.78053353712168
2017,"E06000001","Hartlepool",93019,69174.9439492044,49427.7780999136,0,14844.9198180694,26173.2847531573,14978.9917724985,174599.918392843,1.87703499707418
2018,"E06000001","Hartlepool",93242,73191.2330397108,40789.7033456813,0,11739.1242764894,28387.334088403,14973.4316262652,169080.82637655,1.81335477978325
2002,"E07000062","Hastings",85873,14468.7897321214,39366.2724947528,NA,27986.9328824234,28557.7494398975,5213.87671458768,115593.621263783,1.34609972009576
2003,"E07000062","Hastings",86596,18014.0150606977,41923.1889820971,NA,33643.2743945436,27041.3333426823,5432.96642782449,126054.778207845,1.45566513704842
2004,"E07000062","Hastings",86854,19757.8198822343,44537.0643595039,NA,35379.6294175743,25763.5523188971,5502.75615268131,130940.822130891,1.50759691126363
2005,"E07000062","Hastings",87419,19136.4618265278,50473.7705827612,NA,33820.3358535717,30802.7795819785,5667.3036262058,139900.651471045,1.60034605144242
2006,"E07000062","Hastings",87516,58626.8563706564,53644.4030536142,NA,4595.49778912413,23806.5802922274,5214.83939498514,145888.176900607,1.66698862951469
2007,"E07000062","Hastings",88024,62040.9214667088,57491.7887637683,NA,4196.58331576119,25005.8281387896,5329.95576432539,154065.077449353,1.75026217224113
2008,"E07000062","Hastings",88722,57806.4838522338,56352.9933312426,9058.83480836754,3870.75378520749,27810.8278944568,5440.09805532905,160339.991726837,1.80721795864427
2009,"E07000062","Hastings",89293,62416.7366372404,63305.9060947904,7936.15808367123,6096.02925581428,26412.4392561142,5599.06839916485,171766.337726795,1.92362601465731
2010,"E07000062","Hastings",89623,63950.2268575504,69416.1673464412,9337.80751492884,4218.35476712787,29052.128251713,5730.86393660339,181705.548674365,2.0274432754356
2011,"E07000062","Hastings",90173,64495.5485317533,67938.832780642,3266.26695105736,7837.48443439855,25355.8763199078,6107.1377395779,175001.146757337,1.94072667824445
2012,"E07000062","Hastings",90377,60411.5708984212,68898.5266154603,2628.57184496731,602.159348392502,31082.0506492538,5632.50900003204,169255.388356527,1.87277059823326
2013,"E07000062","Hastings",90906,57385.9229567303,62329.3617384938,186.093336374377,22906.7355403742,11923.2023039408,9315.24827137211,164046.564147286,1.80457356112122
2014,"E07000062","Hastings",91360,56702.6330867137,57400.5870327909,145.870938736695,19369.3786209844,15085.9658099932,9625.11298598687,158329.548475206,1.73302920835383
2015,"E07000062","Hastings",91937,54484.489229177,52881.8397118155,9.78374411261217,15540.4448229442,15733.7123760185,9140.22873570042,147790.498619768,1.60751926449382
2016,"E07000062","Hastings",92903,53329.3978162772,51388.6769024031,9.80494107071696,11148.3185992752,16026.7449711667,9100.48987715741,141003.43310735,1.5177489758926
2017,"E07000062","Hastings",92813,54773.3772391688,43274.9500435991,9.74751701647234,7029.37473724398,16363.7066465477,8926.18795144281,130377.344135019,1.40473149381034
2018,"E07000062","Hastings",92855,56841.666789751,39452.8950502682,9.71093961304748,4449.9529404309,17339.0015570836,8872.20667235187,126965.433949499,1.36735161218565
2002,"E07000090","Havant",117173,12386.9169252092,20350.6122814209,NA,28167.5225933013,39212.7907421825,7101.81694497952,107219.659487093,0.915054317010689
2003,"E07000090","Havant",117346,15945.8713085479,21323.8906914351,NA,35777.3428630431,36943.0057166507,7444.04895052766,117434.159530204,1.00075127852849
2004,"E07000090","Havant",117362,18164.0160062425,23970.9882556323,NA,40181.8858889499,35222.5961324464,7607.05949738495,125146.545780656,1.06632935516314
2005,"E07000090","Havant",117542,18918.8880399477,26270.4124656097,NA,37204.6042082776,42012.6805172192,7803.67523627063,132210.260467325,1.12479165291832
2006,"E07000090","Havant",117824,74590.6640514551,27685.684725458,NA,4440.43753872486,23004.7860419616,7265.29703140456,136986.869389004,1.16263977957805
2007,"E07000090","Havant",118282,79172.8904352263,30798.5056899939,NA,4034.06609282025,24038.8866752736,7422.18170793878,145466.530601253,1.22982812770542
2008,"E07000090","Havant",119039,77581.3848741685,32721.5398604107,6006.81652874034,3694.52221200254,26537.9775522596,7595.5263159879,154137.76734357,1.29485099289787
2009,"E07000090","Havant",119394,82547.6739786802,38062.8520779533,4238.2597314601,5731.23083409593,24829.488281918,7783.71149562857,163193.216399736,1.36684604251249
2010,"E07000090","Havant",120105,82392.7449453459,40556.7502223116,6424.56886631356,3921.76699349989,27008.0790775581,7978.77064939443,168282.680754423,1.40112968447961
2011,"E07000090","Havant",120783,81861.3651896917,41613.9302392071,188.466785112978,7336.07278444688,23731.3965908072,8762.20120537613,163493.432794642,1.35361294879778
2012,"E07000090","Havant",121285,77388.666705255,42417.7638197258,148.942367924146,560.635271256513,28928.7997106708,8114.43343866303,157559.241313495,1.29908266738257
2013,"E07000090","Havant",121671,77808.3097448549,31848.8443679207,104.677478398424,20034.5787862959,12938.0359082509,12789.4458855751,155523.892171296,1.27823303968321
2014,"E07000090","Havant",122345,78299.5225453556,32595.2883137341,91.5574821784093,17354.4674513044,12452.5832034421,13064.5472852898,153857.966281304,1.25757461507462
2015,"E07000090","Havant",123122,82045.8541519051,32843.5004930014,76.8495173891705,14024.5205837159,15160.5196281359,12426.4189010771,156577.663275225,1.27172774382502
2016,"E07000090","Havant",123891,83880.169998489,32659.0266880961,0,9734.3602299468,15553.5326682866,12338.0166748008,154165.106259619,1.24436081926548
2017,"E07000090","Havant",125065,85716.0941733434,31540.2702447167,0,5428.3853960167,16185.7279291491,12231.8901661572,151102.367909383,1.20819068411932
2018,"E07000090","Havant",125813,87377.5714451577,30348.288966342,0,2742.63202657345,16900.2576598609,12265.8904824948,149634.640580429,1.18934164657411
2002,"E09000016","Havering",225054,52073.0667177288,37050.2920690105,NA,94707.9107644898,76559.824843754,30993.8532413876,291384.947636371,1.29473347568304
2003,"E09000016","Havering",225248,113490.337560749,42922.6919789902,NA,111906.395808307,71135.4342284603,32970.0869481963,372424.946524703,1.65339957080508
2004,"E09000016","Havering",225769,108861.182343213,75209.97041289,NA,123113.329517553,67836.3853705166,34113.6502464101,409134.517890583,1.81218199970139
2005,"E09000016","Havering",226990,109929.433329012,74983.3513097271,NA,119453.70719652,81036.3758069714,35539.4246263038,420942.292268534,1.85445302554533
2006,"E09000016","Havering",228198,262093.857199377,74947.3269290883,NA,12888.4292394205,66768.6230592308,30072.8821806241,446771.11860774,1.95782223598691
2007,"E09000016","Havering",229789,276375.762951835,85439.1137796935,NA,11785.6436658711,70228.1211809023,30665.8805156007,474494.522093903,2.06491399542146
2008,"E09000016","Havering",231793,261415.196867807,92599.8311394248,8574,10666.5914509442,76623.4606882782,31251.7995987282,481130.879745183,2.07569201721011
2009,"E09000016","Havering",234127,304944.196015663,106153.984929735,9044.17146589641,16597.249144549,71910.2445893621,31942.5627047033,540592.408849908,2.30897081007277
2010,"E09000016","Havering",236234,229307.399324563,123836.110230174,12104.743505392,11369.8298954474,78303.8025396034,32666.7443738413,487588.629869021,2.06400700097793
2011,"E09000016","Havering",237927,305668.777525246,110391.872886243,985.731964784292,21219.0954351728,68648.3500582065,32704.2336237098,539618.061493363,2.26799842595991
2012,"E09000016","Havering",239742,239124.458007287,110542.053186892,922.397066591662,1639.03843752787,84536.469667762,30342.9621387263,467107.378504786,1.94837524716064
2013,"E09000016","Havering",242142,231634.691398691,93147.4200365478,115,51463.2954276695,56915.5279997833,56377.9579293416,489653.892792034,2.02217662690501
2014,"E09000016","Havering",246030,222437.107079125,93952.9048757301,0,44470.6649297761,58294.3583763165,57727.7489314821,476882.78419243,1.93831152376714
2015,"E09000016","Havering",249375,184571.580595653,98522.7459567575,0,35440.7547557209,62059.0601666334,55067.4627578624,435661.604232627,1.74701395181003
2016,"E09000016","Havering",253371,186715.700512618,96489.2300578299,0,25747.2849320595,58655.9983989115,55027.387049371,422635.60095079,1.66805041204712
2017,"E09000016","Havering",256039,184200.435959225,94571.2929714538,0,12284,102349.057529965,54604.3070919765,448009.093552621,1.74976895532564
2018,"E09000016","Havering",257810,182210.594278881,88790.126708116,0,0,116351.601785959,49443.5897462091,436795.912519165,1.69425512012399
2002,"E06000019","Herefordshire",175258,23252.3103778179,32298.6849469933,NA,46952.4100916626,56392.4119775687,9313.36982515792,168209.1872192,0.959780365057233
2003,"E06000019","Herefordshire",175648,31565.8432852462,38291.0881897868,NA,56738.4526648027,55461.190733657,10049.2096402902,192105.784513783,1.09369753435156
2004,"E06000019","Herefordshire",176033,36573.0251273703,42578.0051451943,NA,66398.1578542369,53393.1110193834,10332.5148591875,209274.814005372,1.18883853598685
2005,"E06000019","Herefordshire",176587,41107.2777403506,45505.6735002454,NA,62742.3904946152,63859.7569935574,10606.5715449158,223821.670273684,1.26748667950463
2006,"E06000019","Herefordshire",178103,115965.90010745,46639.6542523202,NA,9105.60685722557,47167.4538149083,9631.3057251889,228509.920757093,1.28302117739226
2007,"E06000019","Herefordshire",179930,125653.46077041,49642.2522883877,NA,8318.84660820553,49571.3319788065,9906.35332366404,243092.244969473,1.35103787567095
2008,"E06000019","Herefordshire",181791,115172.794622932,51839.6513834854,8832,7812.02895901007,56117.0808745647,10097.7599405972,249871.31578059,1.37449772420301
2009,"E06000019","Herefordshire",182367,118743.972428199,58616.4737955263,10274,12390.1738099181,53681.3798422264,10224.6269064336,263930.626782304,1.44724992340886
2010,"E06000019","Herefordshire",182865,122702.204141043,61046.5783319325,14529,8681.10067522421,59785.8193924441,10489.6814541672,277234.383994811,1.51606039425156
2011,"E06000019","Herefordshire",183619,111624.090301982,59309.2001258052,948,16657.2122894019,53890.1616135177,11121.5559951475,253550.220325854,1.38084958705719
2012,"E06000019","Herefordshire",185197,104013.158505937,62502.2133831685,1045,1275.05606570611,65758.5369300501,10322.18685084,244916.151735702,1.3224628462432
2013,"E06000019","Herefordshire",186389,103110.437517812,50719.5002041676,434,44695.1709784691,24698.4684954717,18256.861998061,241914.439193982,1.29790083746349
2014,"E06000019","Herefordshire",187737,92920.7772669135,50986,217,37452.8213308368,33098.2543425032,19355.6178295421,234030.470769796,1.24658682502541
2015,"E06000019","Herefordshire",188522,95228.9730501667,49403,152,28045.3537153518,32151.267865425,18429.4145489007,223410.009179844,1.1850606782224
2016,"E06000019","Herefordshire",189532,97682.0930736547,51123,213,18569.4963448694,30953.0525896383,18291.6109240672,216832.25293223,1.14404033583896
2017,"E06000019","Herefordshire",191041,101992.666685784,47786,201,10855.0257117233,33958.6313074873,18040.2708837863,212833.594588781,1.11407286702216
2018,"E06000019","Herefordshire",192107,110598.000581795,41135,191,5967.32922449896,37329.9677082855,18005.129269394,213226.426783974,1.10993574822351
2002,"E07000098","Hertsmere",94295,9895.69349386334,22194.0903135083,NA,28990.995475722,31833.1881261492,5586.71321344846,98500.6806226914,1.04460131102064
2003,"E07000098","Hertsmere",94419,13004.8111432007,24954.1903539241,NA,35146.8205966114,29684.4222092971,5854.43919425028,108644.683497284,1.15066547514042
2004,"E07000098","Hertsmere",93788,15319.6092368857,27688.5328376136,NA,39031.1246803887,28098.8061880947,5910.34019053511,116048.413133518,1.2373482016198
2005,"E07000098","Hertsmere",94302,15048.1541057506,30034.8392432659,NA,36901.074491015,33599.1703021271,6156.13013757683,121739.368279735,1.29095213547682
2006,"E07000098","Hertsmere",95225,66620.2024441263,32594.9177541051,NA,3959.16061011924,20508.6756890977,6228.57385050066,129911.530347949,1.36425865421842
2007,"E07000098","Hertsmere",96252,70723.9510864399,34944.3783274959,NA,3602.20035155282,21466.5767516594,6389.32558898145,137126.432106129,1.4246606003629
2008,"E07000098","Hertsmere",97642,70365.9031557884,39281.4769041692,3683.36474810997,3325.01869851138,23882.6214804401,6572.77215565387,147111.157142673,1.5066380977722
2009,"E07000098","Hertsmere",98637,74782.1065512553,45239.9850246079,4001.08575422739,5177.27449778816,22428.857886976,6764.3672035083,158393.676918363,1.60582415238058
2010,"E07000098","Hertsmere",99402,76600.9854664101,50137.688074024,5369.21939057872,3544.94423102792,24410.5375613579,6945.94674447768,167009.321467876,1.68014045459725
2011,"E07000098","Hertsmere",100379,74768.2830328695,47959.1882706568,286.730336195688,6685.49957404021,21627.012359978,7124.44359113575,158451.157164876,1.57852894693986
2012,"E07000098","Hertsmere",100895,64700.6130784714,47955.2385231087,261.570043505173,504.132603553911,26008.1112219968,6598.38724474028,146028.052715376,1.44732695094282
2013,"E07000098","Hertsmere",101449,62743.7492368172,41536.4079542844,96.05750566798,18064.4742508009,13599.0941393175,10592.6524954016,146632.43558229,1.44538078820185
2014,"E07000098","Hertsmere",102540,63693.6471566763,42229.6020083261,58.1021057966808,15628.2739615056,8913.77995919234,10935.4559671459,141458.861158643,1.37954809009794
2015,"E07000098","Hertsmere",103157,64633.3421986181,43330.0028635616,35.1430570858777,12521.3208021405,15375.716281712,10439.4354287019,146334.96063182,1.41856549368264
2016,"E07000098","Hertsmere",103705,65994.08803828,42088.5469701272,0,8304.74182623731,13862.0251371574,10401.6541849359,140651.056156738,1.3562610882478
2017,"E07000098","Hertsmere",104031,67408.7944999467,40664.3303724002,0,4536.1833320067,13110.7203467764,10261.4126064623,135981.441157592,1.30712423371488
2018,"E07000098","Hertsmere",104205,68131.9300004644,38619.9384733591,0,2209.34716915816,16214.2206034457,10248.7995043758,135424.235750803,1.29959441246392
2002,"E07000037","High Peak",89323,10872.5458490867,13301.0061627412,NA,25232.4177823733,29854.8105388485,5198.08482071089,84458.8651537606,0.945544430367998
2003,"E07000037","High Peak",89185,14220.9003173634,14243.9970716032,NA,33210.4606986011,28035.5206297005,5468.3457375837,95179.2244548519,1.06721112804678
2004,"E07000037","High Peak",89261,15511.1375190571,21364.4174029736,NA,37560.4265196647,26804.0440093062,5603.75280697082,106843.778257972,1.19698164100752
2005,"E07000037","High Peak",89627,15687.4355679412,21751.4133061753,NA,36245.7642072637,32129.8380898283,5746.61826583824,111561.069437047,1.24472613651072
2006,"E07000037","High Peak",90050,62959.1697546245,23063.5202252436,NA,4465.91604464136,23133.9233643592,5513.20038475553,119135.729773624,1.3229953334106
2007,"E07000037","High Peak",90553,66294.7211079519,24249.9727185789,NA,4156.34992342543,24765.9382934349,5639.12241912031,125106.104462512,1.38157879322067
2008,"E07000037","High Peak",90858,59000.4948118714,26534.5230190821,3898.15311374367,3975.84062190254,28561.9962299119,5744.57067320106,127715.578469713,1.40566134484264
2009,"E07000037","High Peak",91047,66021.2956353259,30681.1271972231,4178.81066756333,6371.00166218172,27603.4245912455,5888.68067444414,140744.340427984,1.5458427013299
2010,"E07000037","High Peak",91063,68342.6699591046,33216.8438722413,5738.92941058509,4472.24173659922,30799.8558498808,6016.26982028271,148586.810648694,1.63169246179781
2011,"E07000037","High Peak",90982,65107.2365823864,31964.7991353181,401.223600211759,8325.25188034076,26932.0106580183,6259.95307125813,138990.474927533,1.52767003283653
2012,"E07000037","High Peak",91160,63030.4726918224,31183.3131677105,417.45316559092,637.145069393817,32891.6083212393,5788.16535651386,133948.157772271,1.4693742625304
2013,"E07000037","High Peak",91172,64636.446472876,25486.5185884304,178.437394980165,21554.981046922,14806.331712901,9767.310406819,136430.025622929,1.49640268528637
2014,"E07000037","High Peak",91417,63920.8488128578,25826.0176054804,137.995527831242,18134.772733914,15350.9368577503,10136.9170026,133507.488540434,1.46042299069575
2015,"E07000037","High Peak",91523,63991.800534123,25475.7745106538,116.758496555916,13405.5049116091,16040.8767409912,9629.81920947542,128660.534403408,1.40577269542529
2016,"E07000037","High Peak",91720,62599.3781446257,24798.6881233047,0,9661.27374377418,15254.3346242598,9544.82078975048,121858.495425715,1.32859240542646
2017,"E07000037","High Peak",92063,62803.6441481527,23191.3343451613,0,6193.25001887471,17214.0359209407,9402.62500571973,118804.889438849,1.2904737998854
2018,"E07000037","High Peak",92221,62583.654089064,21202.8759844349,0,0,22904.3649030229,9380.1682277683,116071.06320429,1.25861857065408
2002,"E09000017","Hillingdon",247063,79621.4003514593,66184.7750337517,NA,112029.012469039,84709.3960266088,34024.8756448539,376569.459525713,1.52418395116109
2003,"E09000017","Hillingdon",248054,146321.922874089,76902.590798393,NA,136556.296179473,77043.549652412,36308.2555576426,473132.615062009,1.90737748660376
2004,"E09000017","Hillingdon",248691,140681.770842746,128347.260974501,NA,151733.120340037,74603.6775606002,37577.1598112672,532942.98952915,2.14299266772481
2005,"E09000017","Hillingdon",251430,159643.029580361,135989.195117867,NA,154204.904975642,89390.5392270444,39365.9523934604,578593.621294375,2.30121155508243
2006,"E09000017","Hillingdon",254387,308536.495490749,127097.330522222,NA,17525.2693578754,90787.9535367029,33524.1775970097,577471.226504559,2.27005006743489
2007,"E09000017","Hillingdon",256981,325470.601193765,148505.032152189,NA,16067.1760958932,95739.0345063926,34294.716634737,620076.560582977,2.4129276506161
2008,"E09000017","Hillingdon",261051,315361.731996563,157626.062127752,10754,14559.4495901966,104585.681539717,35196.548373107,638083.473627336,2.44428664754142
2009,"E09000017","Hillingdon",265665,361875.910996332,177820.87379652,11585.4274752052,22751.7555599594,98573.742852524,36245.3750355362,708853.085716077,2.66822157874043
2010,"E09000017","Hillingdon",269465,373174.026748761,182467.634756953,15985.5543134369,15672.7044785117,107932.432771465,37261.9702189234,732494.32328805,2.71832825520216
2011,"E09000017","Hillingdon",275499,379644.270970955,181425.24908601,1124.1692307561,29391.051458198,95084.5269754414,37868.6893841322,724537.957105492,2.62991138663114
2012,"E09000017","Hillingdon",281179,293777.501719435,174628.568578042,259.083050892947,2247.65030251541,115973.639527958,35587.4387933901,622473.881972234,2.21379933057673
2013,"E09000017","Hillingdon",285996,283166.247647449,153940.780272619,117,69194.3947978119,73641.0922922336,66588.4912818098,646648.006291923,2.26103863792474
2014,"E09000017","Hillingdon",291368,275014.875332196,159481.125748208,58,58627.0605993537,77390.1380375994,68365.7226788118,638936.922396169,2.19288639245274
2015,"E09000017","Hillingdon",296056,230739.857802773,152701.392958291,13,45441.2943637482,82380.9590203221,65375.6501423226,576652.154287457,1.94778067084422
2016,"E09000017","Hillingdon",299899,231933.73586396,149888.040918809,0,35180.2565993729,81062.2895391942,65132.3882714254,563196.711192761,1.87795461536304
2017,"E09000017","Hillingdon",302343,230924.360037046,148025.736758876,0,19513,130388.693966326,64479.3567351437,593331.147497392,1.96244380553673
2018,"E09000017","Hillingdon",304824,229444.45244003,143473.924549051,0,0,162420.450939851,58460.0783553719,593798.906284304,1.94800575507278
2002,"E07000132","Hinckley and Bosworth",100482,12669.1588223291,10998.8515021438,NA,21856.1325503809,33215.045186663,5983.84229475047,84723.0303562672,0.843166242274907
2003,"E07000132","Hinckley and Bosworth",101210,13978.6765010207,11969.8101103574,NA,29747.8379074846,31703.1979142575,6448.73693315998,93848.2593662801,0.927262714813557
2004,"E07000132","Hinckley and Bosworth",101953,15351.9481898946,17526.6820947419,NA,34623.6897762933,30504.483122802,6585.98103340323,104592.784217135,1.02589216812781
2005,"E07000132","Hinckley and Bosworth",102431,16714.0149425875,19134.1850066621,NA,33281.8061932703,36603.5549485797,6980.77305794226,112714.334149042,1.10039279269989
2006,"E07000132","Hinckley and Bosworth",102996,63148.843113632,20331.0214252916,NA,4217.02102116158,21845.2101882296,6498.20642515942,116040.302173474,1.12664862881543
2007,"E07000132","Hinckley and Bosworth",103450,68973.6299871477,22189.3056514074,NA,3850.88134840794,22944.3266382775,6610.59653010067,124568.740155341,1.20414441909465
2008,"E07000132","Hinckley and Bosworth",104179,69119.5807207345,24623.5103202121,3616.41897358722,3587.05560064685,25771.1326088384,6753.34883645926,133471.047060478,1.28117036120982
2009,"E07000132","Hinckley and Bosworth",104473,73138.0324973799,28575.253195496,3824.36923807522,5680.89519219933,24613.1340639482,6913.29467870079,142744.978865799,1.36633368301666
2010,"E07000132","Hinckley and Bosworth",104734,72813.7776097215,30457.9435386743,4488.84416950852,3956.17053828723,27241.268542993,7058.85280421539,146016.8572034,1.39416862913094
2011,"E07000132","Hinckley and Bosworth",105328,71840.0088189986,29933.9211235095,228.390559277864,7182.18095648618,23236.3530640129,7491.47723213277,139912.331754418,1.3283488887515
2012,"E07000132","Hinckley and Bosworth",105956,75349.2062126566,29830.7592291647,228.16204650539,550.92748305251,28423.4676023645,6956.33182197212,141338.854395716,1.33393912940953
2013,"E07000132","Hinckley and Bosworth",106527,43171.9361225345,21185.8642810719,133.296357939045,17728.1122044659,11862.3784026533,11876.0802863339,105957.667654999,0.994655511325754
2014,"E07000132","Hinckley and Bosworth",107560,38963.4360487179,20339.7158710888,104.223242865414,15096.6319762144,12176.351240991,12391.9606377392,99072.3190176167,0.921088871491416
2015,"E07000132","Hinckley and Bosworth",108603,39871.8287151011,19779.2730818781,77.5724194769902,11770.5926153469,13407.0187432506,11780.7425132459,96687.0280882995,0.890279532686017
2016,"E07000132","Hinckley and Bosworth",109881,41639.9051622039,19068.8610105791,57.6480191515814,7967.37386008981,13824.1105394585,11710.9785925712,94268.8771840541,0.857917903769115
2017,"E07000132","Hinckley and Bosworth",111370,43815.7459203676,15542.1319650747,65.510625720793,4484.87100195862,14316.9783735914,11562.071155973,89787.3090426861,0.806207318332461
2018,"E07000132","Hinckley and Bosworth",112423,44018.2062805607,13281.5180861759,84.0433844884772,2303.75305722992,15650.9267559783,11565.0840810733,86903.5316455066,0.773004915769074
2002,"E07000227","Horsham",122694,13165.8698267078,19163.5804707215,NA,24890.4286674408,41195.4403685349,7449.50554446242,105864.824877867,0.862836201263855
2003,"E07000227","Horsham",123798,17775.9924139791,20383.3971215023,NA,33441.0002813885,38906.1036238978,7766.99129095819,118273.484731726,0.955374761560978
2004,"E07000227","Horsham",124920,19098.0366230165,23938.4602806575,NA,37622.2972891799,37281.8538034026,7914.48060645393,125855.12860271,1.00748581974632
2005,"E07000227","Horsham",125949,21191.9828903742,27463.5806488386,NA,34390.7478274431,44748.0266279939,8165.17261026772,135959.510604917,1.07948066761084
2006,"E07000227","Horsham",127190,80141.7676131525,28172.2824664717,NA,3933.60222321807,20378.2606733055,7578.90468769323,140204.817663841,1.10232579341018
2007,"E07000227","Horsham",128294,85290.3264389455,31570.9971039053,NA,3584.33823633571,21358.433226264,7768.35118636237,149572.446191813,1.16585690828732
2008,"E07000227","Horsham",129073,84158.4485015844,33407.827394139,4710.22625913742,3356.89107422719,24114.7392261864,7914.26902341568,157662.40147869,1.22149792349051
2009,"E07000227","Horsham",129790,85499.2698737743,37722.2421620773,4872.27771126792,5219.80536170517,22615.4823433005,8138.41048601353,164067.487938139,1.26409960658093
2010,"E07000227","Horsham",130916,87576.0368519898,42621.3052218622,6650.89594523591,3575.33649425464,24622.254540116,8371.30851594312,173417.137569402,1.32464433353755
2011,"E07000227","Horsham",131540,90205.607309156,39876.5248048963,249.609540633858,7009.56182714424,22678.474058506,8908.79640539936,168928.573945736,1.28423729622727
2012,"E07000227","Horsham",132267,87067.4852328648,41530.7945408811,357.092679788225,542.838811863378,27992.106669849,8243.19315652476,165733.511091771,1.25302237966969
2013,"E07000227","Horsham",133173,88846.9688767733,35357.6746818979,156.161986293047,19536.8679393394,12983.7459462415,13646.3991160478,170527.818546593,1.28049843847171
2014,"E07000227","Horsham",134507,84637.5276806464,35943.9890314787,139.606693220568,17148.9455986187,14264.4699233726,14170.8085858815,166305.347513218,1.23640663692758
2015,"E07000227","Horsham",136258,85794.4004526437,34810.4354733559,110.01063295668,14020.876750246,13983.6936489669,13546.5513021859,162265.968260355,1.19087296349833
2016,"E07000227","Horsham",138523,87871.5729023029,34337.1914342874,87.6719566223633,9507.14077894598,14583.9399342062,13569.2836534178,159956.800659783,1.15473098806539
2017,"E07000227","Horsham",140142,92031.2379242532,34088.9825402867,91.2518756900017,4702.22197024003,14547.3720371724,13478.0023476356,158939.068695278,1.13412873153857
2018,"E07000227","Horsham",142217,97506.3133072569,32250.0096710135,75.6744689422625,2007.27770791708,17057.8069634052,13588.6986842051,162485.78080274,1.14252009817912
2002,"E09000018","Hounslow",216888,63771.1013038266,66336.3476421817,NA,125016.685923772,70958.5309512923,29869.2528984958,355951.918719569,1.64117848253278
2003,"E09000018","Hounslow",216498,123350.749499683,76046.1770851124,NA,142866.121571365,67399.8239522357,31689.328580545,441352.200688942,2.03859712648127
2004,"E09000018","Hounslow",219440,118876.327570085,120632.304547589,NA,154861.536518883,65576.5184622608,33157.3396262208,493104.026725039,2.24710183523988
2005,"E09000018","Hounslow",223776,123721.97179881,124180.739771292,NA,156104.166375649,77059.63999551,35036.2143053692,516102.73224663,2.30633639106352
2006,"E09000018","Hounslow",228126,270404.784628627,137694.844350192,NA,18253.7966269294,94561.1654703813,30063.3937209662,550977.984797096,2.41523537342125
2007,"E09000018","Hounslow",233454,293444.160724292,143056.246018411,NA,16754.7326389525,99837.5171186017,31154.9833538117,584247.639854069,2.50262424226644
2008,"E09000018","Hounslow",237907,278846.916216012,153586.176148059,11630,15052.0164514019,108128.332391255,32076.1277826967,599319.568989426,2.51913381695127
2009,"E09000018","Hounslow",243366,324790.570039461,174188.746780208,12407.1253079284,23525.7470446053,101927.864871351,33203.0637867175,670043.117830271,2.75323224209738
2010,"E09000018","Hounslow",249236,330778.455471969,184673.019528636,17088.5820936439,16191.623922982,111509.171269845,34464.6778226619,694705.530109738,2.78734023218852
2011,"E09000018","Hounslow",254927,359272.039320697,183439.669740177,328.648113020234,29842.4890365629,96546.7902688153,35040.9670402748,704470.603519547,2.76342091469145
2012,"E09000018","Hounslow",258518,287376.158342212,179684.364816214,166.489062663794,2256.89345543472,116402.153146176,32719.3478246584,618605.406647359,2.39289104297325
2013,"E09000018","Hounslow",261275,271723.363162727,167603.302975316,0,71304.1288122851,71602.13263351,60832.697169383,643065.624753221,2.46125968712361
2014,"E09000018","Hounslow",264030,280383.916558989,156799.580637886,0,59968.9564744494,73930.2777795343,61951.2155037158,633033.946954575,2.39758340701653
2015,"E09000018","Hounslow",266412,307243.249861352,160896.025984287,0,45976.1953482952,80510.470135792,58829.6055669078,653455.546896634,2.45280072555528
2016,"E09000018","Hounslow",268270,237280.019720721,147547.928123431,0,36224.9083388533,76141.1419833998,58263.1679384569,555457.166104862,2.07051539905641
2017,"E09000018","Hounslow",269100,236128.338157242,124715.057782203,0,21767,122056.088659593,57389.7688963435,562056.253495382,2.08865200109767
2018,"E09000018","Hounslow",270782,249834.451876355,103312.009436465,0,0,175300.737856582,51931.3995526085,580378.598722011,2.14334261037296
2002,"E07000011","Huntingdonshire",158476,18083.9163311657,18739.7186947488,NA,31956.3671570809,53898.4856098342,9018.23409455072,131696.72188738,0.831019977077793
2003,"E07000011","Huntingdonshire",159626,19757.4351660622,19164.6153949124,NA,46581.7973014689,49345.235628553,9999.58630388981,144848.669794886,0.907425292840053
2004,"E07000011","Huntingdonshire",162654,20680.8861086254,25841.9532639522,NA,55012.0348233769,47836.1245555231,10266.4688493489,159637.467600826,0.981454299315273
2005,"E07000011","Huntingdonshire",162822,26852.7989080179,28230.9297414512,NA,55411.5221737052,57474.8402433253,10721.2095339945,178691.300600494,1.09746410559073
2006,"E07000011","Huntingdonshire",163896,101640.048732862,32120.492804738,NA,7436.18461391075,38523.4634074331,9620.0018608893,189340.191419833,1.15524595731338
2007,"E07000011","Huntingdonshire",164764,107374.817178175,34565.4747866468,NA,6829.36354498602,40695.9249943382,9847.40700669422,199312.987510841,1.20968772007745
2008,"E07000011","Huntingdonshire",166346,106966.748070231,36297.1000885474,6235.11715889269,6280.23958033905,45111.4405352057,10060.6101913534,210951.255624569,1.26814744944014
2009,"E07000011","Huntingdonshire",167052,112028.538905635,42633.4898538198,6441.37706973169,9830.42964004115,42589.7221552294,10323.0856099266,223846.643234384,1.33998182143514
2010,"E07000011","Huntingdonshire",168352,111975.169316795,45541.1182226675,9138.49317855453,6778.08885791546,46677.9333854135,10587.2324614861,230698.035422833,1.37033142120576
2011,"E07000011","Huntingdonshire",170039,97412.4416101042,47618.3769797144,304.933094653486,12363.9331878271,40001.4941031117,11326.3224305842,209027.501405995,1.22929152374452
2012,"E07000011","Huntingdonshire",171206,88244.3422448454,47976.7788684599,317.297366386114,937.486084950445,48360.1958529772,10539.9162588738,196376.016676493,1.14701597301784
2013,"E07000011","Huntingdonshire",172147,85601.8678581268,41188.6241211096,211.037586776019,31214.649843663,19288.2928226802,16894.9820895668,194399.454321922,1.12926425858088
2014,"E07000011","Huntingdonshire",173883,88822.7434764547,36548.0332737182,184.78213468181,25736.5324128589,22059.5543629806,17535.7368226635,190887.382483358,1.09779209286335
2015,"E07000011","Huntingdonshire",175334,89246.8906147267,36324.0931856845,159.895346119553,19089.1857018105,20773.6167307653,16652.0704853199,182245.752064426,1.03942048926293
2016,"E07000011","Huntingdonshire",176095,92492.17365651,34847.9071582895,127.878176915022,12280.3388145927,19689.7046721854,16625.7407436022,176063.743222095,0.999822500480394
2017,"E07000011","Huntingdonshire",176979,88495.971648829,33262.8313053467,142.639880691784,6156.90707581783,24955.7517704659,16380.9053746026,169395.007055754,0.95714749804075
2018,"E07000011","Huntingdonshire",177352,85943.1510388362,34297.4244538778,136.173620661814,2322.99501354675,27620.6641191309,16311.9911978914,166632.399443945,0.939557487053684
2002,"E07000120","Hyndburn",81233,11358.8133574271,21021.2366585493,NA,30694.9442556462,26972.6695305141,5571.19870274549,95618.8625048822,1.17709382276762
2003,"E07000120","Hyndburn",81408,14735.7906488533,21103.9004946785,NA,36924.8052265352,25646.7527245215,5999.93316093097,104411.18225552,1.28256660592963
2004,"E07000120","Hyndburn",81280,16962.2828920388,28285.8011394516,NA,40865.3793301957,24439.5862127218,6099.18539717606,116652.234971584,1.43518989876457
2005,"E07000120","Hyndburn",81311,19980.3562828124,28906.9287978918,NA,39902.1715118738,29194.7939231146,6302.11473737641,124286.365253069,1.52853076770756
2006,"E07000120","Hyndburn",81491,59890.0024839981,29673.1061032944,NA,5095.49847602486,26397.624477036,5676.25865587631,126732.49019623,1.55517161645126
2007,"E07000120","Hyndburn",81453,62809.7329292422,32889.9063274254,NA,4720.58949626996,28127.9758295538,5784.0240510329,134332.228633524,1.64919927606748
2008,"E07000120","Hyndburn",81176,61502.2376132047,32360.6168603165,5165.36546118458,4382.95010188275,31482.7246226504,5963.73069271452,140857.625351953,1.73521269035125
2009,"E07000120","Hyndburn",81003,63551.194527152,36743.2942411506,5951.66208474747,6963.35808778957,30168.94867748,6113.71061850788,149492.168236827,1.84551397154213
2010,"E07000120","Hyndburn",80876,63835.4526211928,41113.5050696739,7242.219412134,4854.53802627132,33429.3493771916,6259.4768976558,156734.541404119,1.93796109357683
2011,"E07000120","Hyndburn",80549,63862.9371813784,39659.0254782377,2678.52231899744,8894.94577575581,28777.1505612495,6302.55500155684,150175.136317176,1.86439479468616
2012,"E07000120","Hyndburn",80160,65625.5988095275,39453.0012945308,214.420174072845,672.249196320162,34697.4188783003,5781.48804888685,146444.176401638,1.82689840820407
2013,"E07000120","Hyndburn",79953,66668.9397479794,30798.343639832,127.806057047635,22728.1589969197,15957.7485388498,10795.5286090902,147076.525589719,1.83953729803408
2014,"E07000120","Hyndburn",80150,66470.9835112308,32809.4407863014,85.8697959166416,19023.2961081355,15334.822931575,11077.8194788428,144802.232612002,1.80664045679354
2015,"E07000120","Hyndburn",80113,65709.8827387284,30402.9515608006,185.579814530544,15564.8110331443,16168.5143177215,10499.9571289186,138531.696593844,1.72920370718665
2016,"E07000120","Hyndburn",80392,66841.9203329349,27916.4663732204,178.750810176859,11977.7698023573,16020.3346503866,10431.1749157436,133366.41688482,1.65895134944795
2017,"E07000120","Hyndburn",80410,69244.1432768924,26880.4088115262,231.557891758989,8586.46323164637,17763.0284645673,10251.4998956724,132957.101572064,1.65348963527004
2018,"E07000120","Hyndburn",80815,70544.6074375038,26773.4199938296,82.3475459339384,6339.05699976019,19042.9755227428,10249.4757792164,133031.883278987,1.64612860581559
2002,"E07000202","Ipswich",117818,13589.0790745042,27132.573692629,NA,32379.8097909956,39273.6813093796,6584.98419606896,118960.128063577,1.00969400315383
2003,"E07000202","Ipswich",119210,19286.3242521368,28305.5186965812,NA,42064.6434294872,37146.4308226496,7054.54594017094,133857.463141026,1.12287109421211
2004,"E07000202","Ipswich",121175,22057.6416751441,42765.7490940912,NA,47702.819794888,35737.3703030241,7101.29493808474,155364.875805232,1.28215288471411
2005,"E07000202","Ipswich",124028,22466.009552374,44785.0966515103,NA,46600.5235864536,43421.0562394943,7616.88469943554,164889.570729268,1.329454403274
2006,"E07000202","Ipswich",124753,80146.3645052855,52312.1103347127,NA,6238.84663445056,32320.8077432461,6773.06172746425,177791.190945159,1.4251456152971
2007,"E07000202","Ipswich",125471,85610.958628995,54931.112415814,NA,5754.03906258813,34287.8478630574,6927.63604289115,187511.594013346,1.49446162071989
2008,"E07000202","Ipswich",127387,81804.8863607093,58123.443096362,5457.35941725881,5431.81937515049,39022.9747546014,7176.02662427836,197016.50962836,1.54659823709139
2009,"E07000202","Ipswich",129320,88932.0440570161,64571.9528574193,5812.29619191766,8682.09194174744,37613.0896944094,7472.35921763673,213083.833960147,1.64772528580379
2010,"E07000202","Ipswich",131729,89813.757888383,68292.0202852028,8072.12581080036,6098.46967579036,41999.1767323779,7786.09700874062,222061.647401295,1.68574609540265
2011,"E07000202","Ipswich",133729,86800.4611995349,70708.3761917349,430.857531436053,11038.3698011184,35711.7288042042,8408.00713568624,213097.800663715,1.59350477954456
2012,"E07000202","Ipswich",135065,80587.7377395258,72254.4191295875,450.46947060734,856.291653134134,44169.1826891848,7881.41198441052,206199.51266645,1.5266687348051
2013,"E07000202","Ipswich",135604,76560.1481564027,59733.6889503753,195.156359228315,30575.2268469947,20459.5637064378,12936.5262147955,200460.310234234,1.47827726493492
2014,"E07000202","Ipswich",136429,74764.0765603725,58951.2537350219,178.046975147441,25676.3126064816,22042.0545212856,13551.2306131052,195162.975011414,1.43050945921625
2015,"E07000202","Ipswich",137694,73392.617171347,56211.9517796436,143.819879796826,19616.4419833791,23311.5551332426,13026.8400982167,185703.226045626,1.34866607147462
2016,"E07000202","Ipswich",138515,69815.8344060971,53444.9119113389,115.248610510201,14150.4603121776,23461.6287749193,12977.1779412254,173965.261956269,1.25593085193855
2017,"E07000202","Ipswich",138480,64729.0169105047,50587.393098452,23.309952997313,8707.14868860125,24624.8592772841,12711.8090089804,161383.53693682,1.16539238111511
2018,"E07000202","Ipswich",137532,63463.304889817,45889.5209055099,23.0260705867464,0,36474.2002436208,12598.5241485138,158448.576258048,1.15208516023942
2002,"E06000046","Isle of Wight",133908,19154.5848865383,45557.8715510125,NA,50367.3841656991,43153.6797164968,8116.11978415093,166349.640103897,1.24226812515979
2003,"E06000046","Isle of Wight",134783,26666.8664391373,46004,NA,59438.1285290698,42163.0843433079,8550.19557291232,182822.274884427,1.3564193917959
2004,"E06000046","Isle of Wight",135891,31295.0214915875,50420.3990351596,NA,66335.7502330813,40815.5860443203,8808.0547550241,197674.811559173,1.45465712636726
2005,"E06000046","Isle of Wight",137179,33154.5653629526,54282,NA,66127.2947619797,49175.772679979,9107.38600020733,211847.018805119,1.54431085519736
2006,"E06000046","Isle of Wight",137727,101852.339621592,58533.8785527968,NA,8750.9295248425,45335.3185128161,8492.56148360483,222965.027695652,1.61889119559456
2007,"E06000046","Isle of Wight",138289,107278.015892204,58051,NA,8165.37182052867,48654.8560546896,8677.6186250583,230826.862392481,1.66916285743972
2008,"E06000046","Isle of Wight",138675,99103.500176386,62843,8076,7698.58145614612,55305.0355782742,8848.44136685979,241874.558577666,1.74418286336878
2009,"E06000046","Isle of Wight",138361,107224.008736979,71439,8489,12277.2401208731,53193.2634555102,9020.23641260586,261642.748725969,1.89101516125186
2010,"E06000046","Isle of Wight",138364,106304.176030058,77597,13006,8600.51687149085,59228.1307567045,9191.74574025071,273927.569398504,1.9797604102115
2011,"E06000046","Isle of Wight",138392,98274.3635709715,75761,847,16292.4315271796,52708.464472059,10039.6458873717,253922.905457582,1.83480913244683
2012,"E06000046","Isle of Wight",138826,91501.917328023,73680,614,1244.81088794396,64200.9950878629,9287.99387027113,240529.717174101,1.73259848424719
2013,"E06000046","Isle of Wight",138555,109453.692585896,59695,296,43031,30118,14564.2073680323,257157.899953928,1.85599870054439
2014,"E06000046","Isle of Wight",139332,107075.459693198,57610,291,35956,29252,14878.4952581143,245062.954951313,1.75884186655838
2015,"E06000046","Isle of Wight",139763,109347.081800538,55228,224,26103,31336,14105.9565704848,236344.038371023,1.69103438228303
2016,"E06000046","Isle of Wight",140264,110503.409322836,53120,181,19170,30197,13968.5656817223,227139.975004558,1.61937471485597
2017,"E06000046","Isle of Wight",140984,112600.333357422,51304,165,12718,33962,13788.8362306441,224538.169588066,1.59265001410136
2018,"E06000046","Isle of Wight",141538,116713.643661971,48720,214,0,46605,13798.9683666342,226051.612028605,1.59710898860098
2002,"E06000053","Isles of Scilly",2170,1106.81735409125,422.356874824449,NA,1789.71813645817,715.128953256811,129.740193587684,4163.76151221837,1.91878410701307
2003,"E06000053","Isles of Scilly",2155,873.357083735861,661.378428405386,NA,2077.10079423781,681.539576037516,137.197676407841,4430.57355882442,2.05595060734312
2004,"E06000053","Isles of Scilly",2210,959.754452188895,1245.34029602945,NA,2324.17964758399,654.996046675542,142.701373639283,5326.97181611716,2.41039448693084
2005,"E06000053","Isles of Scilly",2210,1094.22052509651,924.173338362469,NA,2365.79613951618,769.784756740473,147.393582126154,5301.36834184178,2.3988092044533
2006,"E06000053","Isles of Scilly",2264,2834.51341341993,250.713374958514,NA,285.371815223898,1475.8140644725,139.479944541115,4985.89261261597,2.20224938719786
2007,"E06000053","Isles of Scilly",2293,3054.35094643159,473.574266165456,NA,281.363593072044,1678.55072041808,144.187504857687,5632.02703094485,2.45618274354333
2008,"E06000053","Isles of Scilly",2333,3495.36492497199,707.627147852977,197,276.572479313327,1985.49686271085,149.888440802349,6811.94985565149,2.91982419873617
2009,"E06000053","Isles of Scilly",2251,3639.71250591618,1302.65862771185,205,436.05456426983,1888.89086602017,146.698069526542,7619.01463344457,3.38472440401803
2010,"E06000053","Isles of Scilly",2228,3890.8476119403,1742,313,302.584417428984,2085.54489167068,149.183211362542,8483.1601324025,3.80752250107832
2011,"E06000053","Isles of Scilly",2224,3849.76374220374,1032,307,636.70735966736,2058.46561330561,158.256964656965,8042.19367983368,3.61609428050076
2012,"E06000053","Isles of Scilly",2279,4336.14296724493,945.281906214086,294,51.8119825011558,2673.44846076962,149.581999389133,8450.26731611893,3.70788385963972
2013,"E06000053","Isles of Scilly",2265,4961.06628081871,640.614179410441,115,2002,1262,244.831448991624,9225.51190922077,4.0730736906052
2014,"E06000053","Isles of Scilly",2292,4321.2355637766,593.444505900461,96,1947,1357,256.823691606937,8571.503761284,3.73974858694764
2015,"E06000053","Isles of Scilly",2335,3489.48077579306,664.152028745478,113,1901,1436,247.400992674693,7851.03379721323,3.36232710801423
2017,"E06000053","Isles of Scilly",2259,3423.22980385296,1697,2,1862,1458,231.169935783971,8673.39973963693,3.83948638319475
2018,"E06000053","Isles of Scilly",2242,2877.71943040532,883.958095239608,0,1820,1358.86,227.701455308061,7168.23898095299,3.19725199864094
2002,"E09000019","Islington",180118,90901.9181727096,55727.7063766298,NA,167247.617421056,59328.3739067392,24805.3838551292,398010.999732264,2.20972362413676
2003,"E09000019","Islington",180899,161201.033694275,85707.5693471522,NA,184070.120592978,55850.1704409994,26478.6180514001,513307.512126805,2.83753648238412
2004,"E09000019","Islington",180831,140452.80935484,174187.728407059,NA,203352.774331235,54733.6819223892,27323.5275334904,600050.521549014,3.31829454877213
2005,"E09000019","Islington",183477,135773.263382714,164916.983894686,NA,205204.3432455,65029.557398721,28726.6708320205,599650.818753642,3.26826151917484
2006,"E09000019","Islington",185283,280012.004214101,185887.606466324,NA,27414.3241692195,142015.547705429,24417.3648720522,659746.847427126,3.56075218680141
2007,"E09000019","Islington",188636,303924.425995646,183290.763978895,NA,25008.267264992,149020.097163401,25173.9162315901,686417.470634524,3.63884661800782
2008,"E09000019","Islington",192089,245466.478632481,194490.343369907,21830,22378.4851018815,160752.508104864,25898.6549771568,670816.47018629,3.49221699413444
2009,"E09000019","Islington",196704,287115.055948414,219114.908543733,23683.3078843008,34965.5451815868,151488.686865273,26836.8443377567,743204.348761064,3.77828792887315
2010,"E09000019","Islington",200129,276842.645116073,234220.31410489,36431.0842046047,24008.9505411837,165343.148947435,27674.0980756051,764520.240989792,3.82013721644435
2011,"E09000019","Islington",206285,322461.341385063,235380.724059643,1452.93956699125,45749.3155331031,148005.83669679,28354.885460948,781405.042702538,3.78798770003896
2012,"E09000019","Islington",211273,282402.055881735,239105.515704191,1408.06264838877,3471.47854698728,179096.342806505,26739.7812645891,732223.236852395,3.46576816182094
2013,"E09000019","Islington",215855,310188.661641911,213618.215687444,95,117373.674135588,79040.0364926086,50257.5518036443,770573.139761196,3.56986467657083
2014,"E09000019","Islington",221405,292810.85679939,215310.612340003,102,96570.0994137994,101271.385303859,51949.8120236345,758014.765880686,3.42365694487788
2015,"E09000019","Islington",227507,272242.672275297,212198.983813069,56,71065.4955035982,106665.400237916,50238.5293219168,712467.081151797,3.13162707587809
2016,"E09000019","Islington",232055,275608.743229925,208051.594161415,0,57366.6435105401,103512.920296559,50397.9551793291,694937.856377768,2.99471184149347
2017,"E09000019","Islington",235000,271295.424626354,199703.582975911,0,40818,142890.711389834,50117.4124512847,704825.131443385,2.99925587848249
2018,"E09000019","Islington",239142,254862.719016091,190883.462507313,0,0,203332.170382443,45863.3836510916,694941.735556939,2.90597944132331
2002,"E09000020","Kensington and Chelsea",163827,50520.9280887002,70379.5151376549,NA,80548.8340656646,62326.2737595319,22561.8295830192,286337.380634571,1.74780335741099
2003,"E09000020","Kensington and Chelsea",165268,108686.196261922,75388.9327407291,NA,99567.7250961045,50514.2954435519,24190.6713034278,358347.820845736,2.16828315733073
2004,"E09000020","Kensington and Chelsea",165752,99267.2682072401,115303.553405815,NA,105579.915644723,49932.1503835065,25045.0936826711,395127.981323955,2.38385045926417
2005,"E09000020","Kensington and Chelsea",168375,100252.524681759,118501.120343519,NA,100639.517023719,62700.3028172995,26362.1772829372,408455.642149234,2.42586869873339
2006,"E09000020","Kensington and Chelsea",165245,167311.505137325,127471.987785039,NA,18627.959042884,96504.7537420249,21776.6738356043,431692.879542877,2.61244140241991
2007,"E09000020","Kensington and Chelsea",162883,175114.003654916,135143.185625011,NA,17251.6098778796,102798.202051921,21737.118034469,452044.119244197,2.77526886933687
2008,"E09000020","Kensington and Chelsea",162579,156012.618466388,138155.641978742,9777,15424.1580224729,110802.184592458,21919.9299675212,452091.533027582,2.78074986946397
2009,"E09000020","Kensington and Chelsea",161893,179032.842662485,161016.705190899,10465.7139677541,23984.9433416841,103917.180681022,22087.4880041709,500504.873848015,3.09157822665597
2010,"E09000020","Kensington and Chelsea",160463,171932.218240537,174974.448681665,18915.3735876534,16394.3961729183,112903.216932839,22189.0320718428,517308.685687456,3.22385026883117
2011,"E09000020","Kensington and Chelsea",158251,189191.937482258,173530.464760707,2702.014845558,30799.2558713872,99639.9548687675,21752.3764649901,517616.004293668,3.27085455569739
2012,"E09000020","Kensington and Chelsea",156912,155886.990777405,162313.032508536,2608.0534345798,2317.92685182143,119592.915102518,19859.5776923185,462578.496367179,2.94801223849788
2013,"E09000020","Kensington and Chelsea",157141,153883.307544748,153607.956351906,76,73189.1265819206,61764.8251580228,36587.1624376385,479108.378074236,3.04890752937957
2014,"E09000020","Kensington and Chelsea",157830,153141.020454135,150105.693641168,75,59877.036360877,64799.3533005488,37032.7627275365,465030.866484265,2.94640351317408
2015,"E09000020","Kensington and Chelsea",158589,128041.14879308,145173.30869789,46,44441.3014694938,66876.6667018194,35019.9252182722,419598.350880555,2.64582254053279
2016,"E09000020","Kensington and Chelsea",156773,122986.876095861,143499.301124593,0,34553.4391807025,64154.7282482705,34048.129225093,399242.47387452,2.54662776035746
2017,"E09000020","Kensington and Chelsea",155741,172510.642909502,129335.45280958,0,22311,86029.9827087838,33214.1954577682,443401.273885635,2.8470426790995
2018,"E09000020","Kensington and Chelsea",156197,169729.650839904,129155.167784223,0,0,111814.994050508,29955.9380458036,440655.750720439,2.8211537399594
2002,"E07000153","Kettering",83189,10133.8350827601,10800.4977197776,NA,24599.8955353497,27278.7660008166,4638.37659003109,77451.3709287352,0.931028993361324
2003,"E07000153","Kettering",84581,12989.1375551219,11763.0253973292,NA,32221.1183491892,26284.3459619771,5255.03877441782,88512.6660380353,1.04648403350676
2004,"E07000153","Kettering",85644,14752.0743377832,18237.1077672065,NA,37122.2699221795,25542.849932572,5437.71638808814,101092.018347829,1.18037478805088
2005,"E07000153","Kettering",86644,16497.3218030407,20400.942507449,NA,36130.0439208496,30697.1946886699,5643.87458170983,109369.377501719,1.26228449173306
2006,"E07000153","Kettering",87974,62257.3534176307,22398.5845076047,NA,4375.97095703305,22667.7956217799,5257.33747134959,116957.041975398,1.32945008724621
2007,"E07000153","Kettering",89863,65669.7563736679,24375.2988191566,NA,4028.7927096012,24007.3980719041,5441.42472718291,123522.670701513,1.37456651460014
2008,"E07000153","Kettering",91194,70094.2664077464,26323.7240641049,3802.65779614008,3733.75179482189,26824.977219143,5657.5964205302,136436.973702486,1.49611787729989
2009,"E07000153","Kettering",92123,70450.3725741224,31634.9929403743,3988.74348612363,5912.61721904885,25616.4773492093,5856.55477099013,143459.758339869,1.55726320614688
2010,"E07000153","Kettering",92910,69137.5435799718,35505.6528296786,5396.52006871983,4120.64638937459,28377.3435686348,6057.82420629903,148595.530642679,1.59934916201355
2011,"E07000153","Kettering",93846,67853.2910685955,33325.7018575811,178.099509054465,7590.82796156013,24558.753223136,6566.82775982143,140073.501379749,1.49258893697919
2012,"E07000153","Kettering",94864,61885.0781287705,33624.8656278246,165.933537141723,579.880487940702,29914.9042010135,6127.21438291322,132297.876365604,1.39460571307982
2013,"E07000153","Kettering",95765,50481.0697507989,28347.5868802744,88.3477265802694,19712.9351807895,13906.7680169488,10048.0271520786,122584.73470747,1.28005779467938
2014,"E07000153","Kettering",96949,45729.1083604004,28799.0613807228,72.7099492395749,16670.723366197,14583.949306863,10604.6441667566,116460.196530179,1.20125216897729
2015,"E07000153","Kettering",97605,46280.0499533296,25849.9114351644,61.7077762345829,12400.496102702,15287.3697330396,10053.0175222629,109932.552522733,1.12630042029336
2016,"E07000153","Kettering",98947,50021.5695117223,23741.8936326203,0,8706.80737440815,14924.6186057243,9995.99054272499,107390.8796672,1.08533739948862
2017,"E07000153","Kettering",100252,46703.3527412646,24449.1028481845,50.9910214258057,5349.70588052762,15770.7314832928,9880.76150721322,102204.645481909,1.01947737184204
2018,"E07000153","Kettering",101266,48329.3566579566,22562.8718603786,50.2522477936711,3217.69490464433,18900.0937960627,9895.08748806215,102955.356954898,1.01668237073547
2002,"E07000146","King's Lynn and West Norfolk",136831,16963.3198442243,18543.0775580207,NA,39316.0879617356,45439.4613827892,7882.23727041569,128144.184017186,0.936514269552847
2003,"E07000146","King's Lynn and West Norfolk",138272,20464.7570726565,19914.2753333737,NA,49945.682810226,43175.5375515197,8530.89837025553,142031.151138031,1.02718664037572
2004,"E07000146","King's Lynn and West Norfolk",139621,23203.9364427663,34116.9348245044,NA,56836.1349066435,41587.1394794591,8721.5839510108,164465.729604384,1.17794407434687
2005,"E07000146","King's Lynn and West Norfolk",140959,25108.1372589289,36249.5190620861,NA,54926.0906852678,50110.819576128,9146.08743209907,175540.65401451,1.24533129501848
2006,"E07000146","King's Lynn and West Norfolk",142790,92760.3910974089,38201.0129688733,NA,7864.83217177967,40741.5561900075,7902.29292863501,187470.085356704,1.31290766409906
2007,"E07000146","King's Lynn and West Norfolk",144274,100614.159615304,41829.0973369503,NA,7467.62957081005,44495.5267820036,8143.8102150441,202550.223520112,1.40392741256299
2008,"E07000146","King's Lynn and West Norfolk",145551,96635.7190951818,46872.434993672,6527.43467043773,7089.14101925739,50924.3707033316,8447.02420810581,216496.124689986,1.48742450886621
2009,"E07000146","King's Lynn and West Norfolk",146428,101933.750335261,53117.3641840599,7309.15660804272,11370.7772105086,49264.4924895582,8718.67317142334,231714.213998854,1.58244471002031
2010,"E07000146","King's Lynn and West Norfolk",147134,99906.7589615043,58094.0564339697,9002.10532214987,7989.67501518303,55017.1902345573,8970.08751755721,238979.873484921,1.62423283187381
2011,"E07000146","King's Lynn and West Norfolk",147936,103024.98633972,54319.8519709667,257.683840144469,14711.2508534766,47593.6182102938,9925.38938314643,229832.780597748,1.55359601853334
2012,"E07000146","King's Lynn and West Norfolk",148579,98522.0689717372,55655.3937771652,459.059706514563,1128.40141319794,58205.7946954779,9222.4611729011,223193.179736994,1.50218523302078
2013,"E07000146","King's Lynn and West Norfolk",149187,91664.1620368242,45778.5915527591,328.02082854569,42105.1134349693,29252.2303273829,14955.4526597847,224083.570840266,1.50203148290579
2014,"E07000146","King's Lynn and West Norfolk",150214,88552.9612440562,43361.3008885465,261.151426734808,35729.3507570197,30059.9740662056,15927.1134389802,213891.851821543,1.42391422784523
2015,"E07000146","King's Lynn and West Norfolk",151261,87551.3768112502,41426.6069852659,320.910572275948,27577.3005420753,31656.6071502846,15173.3205511626,203706.122612314,1.34671939635672
2016,"E07000146","King's Lynn and West Norfolk",151797,84146.6223311179,39231.0368765917,144.352788004454,21241.5393622068,29940.4460257634,15030.7340509638,189734.731434648,1.24992411862321
2017,"E07000146","King's Lynn and West Norfolk",151945,81849.0785460657,37180.4934939169,138.686873184252,15037.6503411659,31709.3778592816,14746.9811384811,180662.268252095,1.18899778375133
2018,"E07000146","King's Lynn and West Norfolk",151811,76441.3095561261,37157.5700069051,161.440300770184,11019.415041829,37092.0864416608,14647.7254371016,176519.546784393,1.16275860632229
2002,"E06000010","Kingston upon Hull",249463,46780.5116415381,56547,NA,147461.70134346,84461.0212497686,17137.4593775807,352387.693612347,1.41258500704452
2003,"E06000010","Kingston upon Hull",250604,66535.7153934087,59498.0852969758,NA,169310.989321813,77228.6171658163,18348.0340051542,390921.441183168,1.55991700524799
2004,"E06000010","Kingston upon Hull",253049,68108.9596064001,107414.186476094,NA,184543.539652192,73183.9562619634,18646.450970423,451897.092967073,1.78580864957804
2005,"E06000010","Kingston upon Hull",255159,73699.9932562267,112588.265987738,NA,181037.789547651,89567.4199322625,19405.9189881343,476299.387712013,1.86667680823335
2006,"E06000010","Kingston upon Hull",255497,213764.028319745,119855.352538067,NA,23703.6879329363,122794.547624237,17434.7755961397,497552.392011126,1.9473903490496
2007,"E06000010","Kingston upon Hull",255761,208159.908320999,121458.73177455,NA,21743.7048928653,129566.647644975,17728.0373682843,498657.030001674,1.94969925047867
2008,"E06000010","Kingston upon Hull",256746,216498.129065349,130004,21743,20176.0480811278,144932.560965853,18600.9492490988,551954.687361429,2.14980832169315
2009,"E06000010","Kingston upon Hull",256079,213552.92229117,148804,30494,32118.2156232477,139154.276193532,19077.028433185,583200.442541135,2.27742392988545
2010,"E06000010","Kingston upon Hull",256174,219256.152641372,173567,27866,22425.8921129774,154434.144464487,19590.7001113341,617139.889330171,2.40906528113771
2011,"E06000010","Kingston upon Hull",256123,218340.566248787,163629,1076,42162.7821309802,136403.181952558,20866.8181313157,582478.348463641,2.27421336023567
2012,"E06000010","Kingston upon Hull",257012,215179.873270999,162288,1198,3215.63214671919,165898.517217269,19381.9637848895,567161.986419876,2.20675293923971
2013,"E06000010","Kingston upon Hull",257188,202986.973812801,139457,480,111808.972469979,76015.2122027596,34689.2015632271,565437.360048767,2.19853710145406
2014,"E06000010","Kingston upon Hull",257414,180058.207436399,135149,435,91549.2612524462,78019.6746575342,36407.8786692759,521619.022015656,2.02638171201122
2015,"E06000010","Kingston upon Hull",258587,162333.090534904,140146,285,66178.7819775454,83572.2842285147,34801.0216460557,487316.17838702,1.88453471515204
2016,"E06000010","Kingston upon Hull",260035,147265.30209462,133519,27,53811.6192645136,84382.3851911847,34687.9879888936,453693.294539212,1.74473934100876
2017,"E06000010","Kingston upon Hull",260673,122809.899763834,127111,0,42072.9251140502,81782.858633721,34275.1912364737,408051.874748079,1.5653783657996
2018,"E06000010","Kingston upon Hull",260645,117307,124372.985543164,0,34038.4415530772,90933.3296158612,34189.4787277984,400841.235439901,1.53788192921368
2002,"E09000021","Kingston upon Thames",149642,35818.9985778246,36456.5574723883,NA,47826.3746772765,50439.5873935546,20608.3081693626,191149.826290407,1.27738085758281
2003,"E09000021","Kingston upon Thames",149683,79219.6477120394,41895.4133554623,NA,58746.0834980771,46771.5118829851,21909.4576851598,248542.114133724,1.66045652568243
2004,"E09000021","Kingston upon Thames",151055,73886.2949831354,63641.1814319907,NA,66733.9665688112,45428.4229462122,22824.3799546062,272514.245884756,1.80407299251766
2005,"E09000021","Kingston upon Thames",152489,73212.4466280064,65732.4218682276,NA,66207.93846729,54284.646594252,23874.9342342854,283312.387792061,1.85792016336956
2006,"E09000021","Kingston upon Thames",153667,155932.963750415,68601.4784889096,NA,8753.42588424977,45345.7264684301,20250.8768089552,298884.47140096,1.94501403294761
2007,"E09000021","Kingston upon Thames",154485,168903.791725532,74457.7172982865,NA,7977.2592105022,47533.288249793,20616.3852553977,319488.441739511,2.06808713946021
2008,"E09000021","Kingston upon Thames",156027,157980.803698234,79806.3672983698,5016,7175.96557841038,51545.5154073246,21036.5478508443,322561.199833183,2.06734218970552
2009,"E09000021","Kingston upon Thames",157307,186532.457998231,89819.7588930015,6061.24050530595,11158.1063063276,48344.3214307568,21461.8079563175,363377.69308994,2.30999061128837
2010,"E09000021","Kingston upon Thames",158648,191702.036478346,100103.070480103,9802.8377441157,7642.92238734875,52635.6959171965,21938.0515142663,383824.614521376,2.41934732566043
2011,"E09000021","Kingston upon Thames",160436,204552.962912737,90039.8689445806,839.831715198917,14610.5399901541,47267.8064487781,22052.7154364721,379363.725447921,2.36457980408338
2012,"E09000021","Kingston upon Thames",163200,147743.384412107,86597.4764542746,778.102990997653,1125.9532873028,58068.666365421,20655.4188295757,314969.002339679,1.9299571221794
2013,"E09000021","Kingston upon Thames",165657,150802.674126678,71083.9101023135,49,33137.1430510256,37052.377662116,38569.9439861773,330695.048928311,1.99626365881496
2014,"E09000021","Kingston upon Thames",168433,144536.396117033,74313.6807581752,37,27694.5427635531,37431.1851578999,39520.619175614,323533.423972275,1.9208434450035
2015,"E09000021","Kingston upon Thames",171609,121389.162805942,71943.693328895,25,21998.2368756872,43472.0685799932,37895.0264317353,296723.188022253,1.72906542210638
2016,"E09000021","Kingston upon Thames",173703,126584.543622278,75175.8842801071,0,15288.9981629844,38206.4537255097,37725.0048846825,292980.884675562,1.68667717123804
2017,"E09000021","Kingston upon Thames",174609,139419.997410992,71279.5281950676,0,5522,66317.6956215642,37238.0905136441,319777.311741268,1.83139077448051
2018,"E09000021","Kingston upon Thames",175470,142466.498156057,70372.8772976732,0,0,74230.773536256,33652.1728899861,320722.321879972,1.82779006029505
2002,"E08000034","Kirklees",392118,61403.8863103141,68917.0363445441,NA,162824.941759201,131477.036751579,29209.4976373371,453832.398802975,1.15738731403041
2003,"E08000034","Kirklees",394486,91060.0990197752,67520.5971409833,NA,200833.463650929,123398.76240999,31928.0083150987,514740.930536777,1.30483953939247
2004,"E08000034","Kirklees",397530,92133.2822297201,108916.538579452,NA,224878.057561021,117939.278956718,32435.9515380465,576303.108864958,1.44970972974356
2005,"E08000034","Kirklees",400724,106535.806977398,109812.18796419,NA,220184.168978804,141315.29382954,33571.0970313336,611418.554781264,1.52578471661609
2006,"E08000034","Kirklees",404266,338859.218875902,110963.642392769,NA,26533.4316911049,137450.75772941,31372.6436456664,645179.694334853,1.59592865671328
2007,"E08000034","Kirklees",407974,362478.058690087,112444.194681338,NA,24306.3935917109,144836.640389964,32157.0605002914,676222.347853391,1.65751334117711
2008,"E08000034","Kirklees",411807,362485.143006339,122807.661889949,21657.559080073,22589.012210286,162270.103645558,33544.3653520777,725353.845184282,1.76139270382554
2009,"E08000034","Kirklees",414785,374992.737509937,144483.597759745,21513.3369305795,35996.7836228225,155957.915490349,34583.7405573426,767528.111870776,1.85042398319798
2010,"E08000034","Kirklees",418339,381958.740341487,165103.276892427,28135.1925365957,25182.1208019142,173416.314025046,35665.7822839286,809461.426881399,1.93494134393733
2011,"E08000034","Kirklees",422970,367431.675895035,154428.721843824,850,46697.487581099,151073.925790989,36584.3240214585,757066.135132405,1.78988139852095
2012,"E08000034","Kirklees",425346,351913.5795023,162181.00217998,786,3560.82540613501,183709.140536371,34043.6201184795,736194.167743266,1.73081248617188
2013,"E08000034","Kirklees",427831,382587.961937561,133321.451913319,250,114741.401065206,47664.0259165821,62638.5869093468,741203.427742015,1.73246779158597
2014,"E08000034","Kirklees",429998,357195.185330696,128527.895056808,247,93612.2360386195,79304.3568102144,63793.5016458444,722680.174882182,1.68065938651385
2015,"E08000034","Kirklees",432855,346361.901811758,127857.325167399,160,69001.5677106291,79101.149971288,60669.1682376297,683151.112898703,1.57824470757807
2016,"E08000034","Kirklees",435236,335679.931496607,119215.528053071,168,51733.1176967571,78336.3664474243,60217.6108390976,645350.554532957,1.48276005324228
2017,"E08000034","Kirklees",437145,341333.679142276,109681.104504266,0,35937.0376262172,78710.7109948484,59369.5296495285,625032.061917136,1.42980489749885
2018,"E08000034","Kirklees",438727,347282.73806902,92105.7458329275,0,2773.93597745725,118629.849564738,59245.940168019,620038.209612162,1.41326658631031
2002,"E08000011","Knowsley",150506,45015.1243112296,57247.7680839703,NA,119204.955189202,50961.4724160465,13914.60819714,286343.928197589,1.90254161427178
2003,"E08000011","Knowsley",149795,49369.975788666,73880.2517570312,NA,137971.308820558,47701.8528757661,14746.3040615328,323669.693303554,2.16075098169868
2004,"E08000011","Knowsley",149216,68470.1422684614,79359.1781901668,NA,150597.232328818,45605.0240931422,14759.7470717498,358791.323952339,2.40450973054055
2005,"E08000011","Knowsley",148900,69496.3478721843,85192.6934385876,NA,151614.050879079,54191.6777548722,15220.1233392355,375714.893283959,2.52326993474788
2006,"E08000011","Knowsley",148788,149037.72947032,86745.5888496835,NA,20074.6222574336,103993.123957423,13643.6448528187,373494.709387678,2.51024752928783
2007,"E08000011","Knowsley",148188,152709.005403757,92008.3440082937,NA,18277.728335387,108908.946521194,13835.3373957492,385739.361664381,2.60304047334724
2008,"E08000011","Knowsley",147822,134979.998572645,95918.8997833755,24211,16338.1338386753,117363.015759306,14184.2347283324,402995.282682334,2.72621993128448
2009,"E08000011","Knowsley",147070,144224.878256482,129376.801132972,26545,25495.1610685025,110459.612897465,14400.8179173328,450502.271272754,3.06318264277388
2010,"E08000011","Knowsley",146398,175377.331286673,125839.984456742,29750,17494.0254305903,120476.9165333,14617.2216073529,483555.479314658,3.3030197087027
2011,"E08000011","Knowsley",145903,180179.281263588,112347.741655743,4732,32304.0227546948,104510.061806818,14557.3316301774,448630.439111021,3.0748541093125
2012,"E08000011","Knowsley",145942,179570.770508898,104856.368519753,369,2438.89595540822,125788.641804501,13365.8376753767,426389.514463937,2.92163677669168
2013,"E08000011","Knowsley",146091,185309.698959974,92013.4161530909,0,84704.7047580833,58591.8913418862,27233.1667537134,447852.877966748,3.06557473059085
2014,"E08000011","Knowsley",146429,151234.612193892,84870,0,70075.4336721806,57706.1567739324,27849.9730938583,391736.175733864,2.6752636139963
2015,"E08000011","Knowsley",147262,182452.424585303,84036,41,51410.9190234004,58534.2337468855,26510.2197363426,402984.797091932,2.73651584992688
2016,"E08000011","Knowsley",148001,148321.594798769,79930,0,42775.9212758343,58996.0944283229,26319.5743564669,356343.184859393,2.40770795372594
2017,"E08000011","Knowsley",148560,172779.641782325,75408,0,1432.72728812662,96593.3398126092,25968.2869514584,372181.995834519,2.50526383841222
2018,"E08000011","Knowsley",149571,158693.729698042,69630,0,1266.51315997512,103792.499086127,26030.3664491784,359413.108393323,2.40295985447261
2002,"E09000022","Lambeth",273041,104426.387117305,103430.790502789,NA,211132.032419095,91608.9777971662,37602.4984354053,548200.686271761,2.00775959021451
2003,"E09000022","Lambeth",272195,189356.203563388,123946.913318747,NA,233363.162962789,84566.3404727933,39841.8313008963,671074.451618613,2.46541799672519
2004,"E09000022","Lambeth",274262,176073.020506866,209327.811273381,NA,258300.601106188,82267.0222771445,41440.9327404601,767409.387904041,2.79808864481423
2005,"E09000022","Lambeth",277620,174285.404348329,218621.009738783,NA,259035.514216036,97069.4741686039,43466.4745792963,792477.877051049,2.85454173709044
2006,"E09000022","Lambeth",280524,346085.937469473,219731.485645013,NA,37363.9303673091,193561.175755562,36968.6202369757,833711.149474333,2.97197797505502
2007,"E09000022","Lambeth",284964,357613.671141369,237311.680982335,NA,34133.1304570771,203393.802180238,38029.1135574272,870481.398318446,3.05470655352411
2008,"E09000022","Lambeth",289126,358119.170124758,244401.968930463,20141,30455.3285381599,218775.19823273,38981.7975986414,910874.463424752,3.15044120357475
2009,"E09000022","Lambeth",294050,411760.30626342,282744.796096087,22042.3579661758,47536.4331108955,205953.385638999,40118.0152793911,1010155.29435497,3.4353181239754
2010,"E09000022","Lambeth",297650,408900.014609573,290319.780548149,40415.8753878778,32615.5164048356,224611.176477192,41159.4286295532,1038021.79205718,3.48739053269673
2011,"E09000022","Lambeth",304481,433741.678305574,305039.644993112,944.532395942815,62206.8333026384,201248.351456845,41852.407494655,1045033.44794877,3.43217950528528
2012,"E09000022","Lambeth",309366,347538.4687012,303861.041303634,199.235857309925,4709.49145024337,242960.688803951,39154.9283188144,938423.854435154,3.03337747016529
2013,"E09000022","Lambeth",312700,384000.49109553,275527.178223639,0,154308.495759646,131613.325038747,72805.9875796232,1018255.47769719,3.25633347520686
2014,"E09000022","Lambeth",316637,378670.460131382,273457.478238981,146,127062.233879484,139056.38289315,74294.7658351326,992687.32097813,3.13509577521935
2015,"E09000022","Lambeth",320736,336515.100954651,270041.181951625,95,93607.9092504497,141419.636313204,70825.5347773664,912504.363247297,2.84503256025921
2016,"E09000022","Lambeth",323063,349378.354243991,263512.36213643,0,75538.3253687515,141456.074356369,70163.1707745991,900048.28688014,2.78598380774072
2017,"E09000022","Lambeth",324048,345087.483866897,247955.107426928,0,53556,183322.433006183,69108.2862553783,899029.310555387,2.7743708048048
2018,"E09000022","Lambeth",325917,421878.645183897,220750.665407983,0,0,270746.732094466,62505.3583620311,975881.401048377,2.99426357338947
2002,"E07000121","Lancaster",133628,16935.1626472773,27664.0142578585,NA,50941.2890819432,44717.4933835206,9164.60231987584,149422.561690476,1.11819799510937
2003,"E07000121","Lancaster",134635,21552.2147210148,27949.5931861861,NA,61449.3956450787,42390.5324300555,9922.87000198926,163264.605984324,1.21264608745367
2004,"E07000121","Lancaster",135472,31566.7333163173,29783.2108755387,NA,68280.9812576313,40657.1010754165,10165.709204309,180453.735729213,1.33203714220808
2005,"E07000121","Lancaster",136764,30372.1338276808,37715.2547516926,NA,66898.3190546163,49056.0777029042,10600.0715763248,194641.856913219,1.42319511650156
2006,"E07000121","Lancaster",136682,98491.9405151222,38951.4768184276,NA,8387.69904283945,43448.9390088504,9520.58982712798,198800.645212368,1.45447568233101
2007,"E07000121","Lancaster",136235,105257.418960816,40658.4016121787,NA,7721.62723318157,46009.6841754049,9674.12515920183,209321.257140783,1.53647195757906
2008,"E07000121","Lancaster",135812,102495.520482957,42727.0830914717,6751.28636560559,7205.52344580788,51759.5064113949,9977.65586920943,220916.575666447,1.62663516969375
2009,"E07000121","Lancaster",136013,103836.144343068,50375.1342866513,7041.72587598925,11526.1251508527,49938.7063500127,10265.596611917,232983.432618491,1.71294973729343
2010,"E07000121","Lancaster",137120,107499.6239109,58684.633848777,9350.36072248644,8120.44248185275,55918.4349695893,10612.5361319373,250186.032065543,1.8245772466857
2011,"E07000121","Lancaster",137823,108490.774586266,55885.8969011056,206.111665833019,15130.2677829891,48947.6974363814,10783.9580625404,239444.706435115,1.73733488920656
2012,"E07000121","Lancaster",139317,112647.193230376,55715.8700642483,466.659373644044,1158.73186481707,59761.2866126268,10048.1483346653,239797.889480378,1.72123925637487
2013,"E07000121","Lancaster",139835,113916.647426096,45474.1019958715,223.528322730304,39014.6483851045,26825.316922818,18881.0018767541,244335.244929375,1.74731108041173
2014,"E07000121","Lancaster",140172,113912.760857595,49110.9516893006,150.17518444451,32617.3893707994,26328.4921517745,19373.6757578086,241493.445011723,1.72283655089264
2015,"E07000121","Lancaster",140787,115685.698577476,46062.4956048385,326.129658710966,24135.2752727184,27592.8227659563,18452.1546354408,232254.576515141,1.64968765947951
2016,"E07000121","Lancaster",141723,120001.146573596,39664.3271322012,315.119676966551,18135.1386792155,27992.4527522234,18389.1108889433,224497.295703146,1.58405689763232
2017,"E07000121","Lancaster",142487,123983.574631197,33010.6222898636,410.32196646018,12423.917292471,33264.9000476408,18165.7190105046,221259.055238137,1.55283678678151
2018,"E07000121","Lancaster",144246,127039.26556246,30661.1893266094,146.981428086208,8625.05929576699,35438.5283332742,18294.2013642128,220205.225310409,1.52659502038468
2002,"E08000035","Leeds",716380,127241.007444144,143867.226611644,NA,309191.529089346,241464.640159584,53364.2931909159,875128.696495634,1.22159844844305
2003,"E08000035","Leeds",717592,148325.094502209,135392.232113668,NA,370182.108267968,226815.806576937,58078.8249591831,938794.066419966,1.30825603744184
2004,"E08000035","Leeds",723042,163745.668412299,226378.370124429,NA,406401.851218866,216776.214779824,58995.6865443418,1072297.79107976,1.48303665773186
2005,"E08000035","Leeds",735054,209372.544020234,238060.739371312,NA,400696.39344423,258338.736962544,61579.9631598554,1168048.37695817,1.58906471763731
2006,"E08000035","Leeds",736204,565432.043306423,270585.193437307,NA,53375.3814535929,276509.856746357,57132.3478662914,1223034.82280997,1.66127163504949
2007,"E08000035","Leeds",738560,663962.276419945,265053.141444917,NA,48794.4974216347,290754.789865069,58214.2945459642,1326778.99969753,1.79644037004107
2008,"E08000035","Leeds",741665,627632.062686638,279797.357302351,51488.0132006556,44222.3608047988,317675.628615547,60413.4503028087,1381228.8729128,1.86233524962456
2009,"E08000035","Leeds",743885,655732.870830863,312981.705231645,49367.8099560112,69392.9799541046,300645.291378759,62023.2791554632,1450143.93650685,1.94941951579457
2010,"E08000035","Leeds",747571,649444.048500919,359114.295573084,69851.9096492925,47874.0389038741,329688.271509512,63734.6853336142,1519707.2494703,2.03286008883477
2011,"E08000035","Leeds",750683,638205.182556476,349108.408879796,2282,90554.1046808098,292955.961617979,64929.4988046446,1438035.15653971,1.91563570313928
2012,"E08000035","Leeds",757566,617403.300073916,358666.89076535,461,6864.89721691064,354128.444474796,60633.6702794337,1398158.20281041,1.84559259894241
2013,"E08000035","Leeds",760894,637245.164199225,312776.323873522,300,219025.122742646,144925.954140237,111402.224120741,1425674.78907637,1.87368383648231
2014,"E08000035","Leeds",765430,648596.353768331,312490.501465896,0,181782.31506435,158831.282478622,113557.411813029,1415257.86459023,1.84897098962704
2015,"E08000035","Leeds",773213,654767.308721338,303979.905230758,0,132250.94615804,165153.816018643,108373.911773047,1364525.88790183,1.76474773173993
2016,"E08000035","Leeds",781087,632488.119328112,289723.435677171,0,100023.932828183,151267.864196251,108068.250322763,1281571.60235248,1.64075397792113
2017,"E08000035","Leeds",784846,659136.517183311,270734.516439066,0,70715.6371450802,162313.041008047,106591.492221835,1269491.20399734,1.61750356630134
2018,"E08000035","Leeds",789194,672512.490119464,258961.759246345,0,4989.8311017863,237355.810142513,106573.200429788,1280393.0910399,1.62240601302075
2002,"E06000016","Leicester City",285295,57193.5245678887,71456.3739775639,NA,162993.583488025,96254.5339082335,16989.7124607475,404887.728402459,1.41918971030848
2003,"E06000016","Leicester City",288648,82626.6576007642,69988.4227027888,NA,195263.991142834,88797.3850441797,18391.6116814817,455068.068172049,1.57655022093362
2004,"E06000016","Leicester City",294127,91871.4283862319,116099.562938341,NA,215857.344795164,85940.7221342096,19000.0769316429,528769.13518559,1.79775789093007
2005,"E06000016","Leicester City",301543,94261.8012789478,114273.445232777,NA,218928.755171375,102787.508043553,20550.4510373918,550801.960764044,1.82661166322562
2006,"E06000016","Leicester City",306548,265409.285568581,119785.281544374,NA,27775.274756481,143888.8255094,19340.6752031124,576199.342581949,1.87963823799845
2007,"E06000016","Leicester City",311303,285430.335445304,129134.964642796,NA,25621.7057330452,152673.772483947,19892.6875941028,612753.465899195,1.96835066125028
2008,"E06000016","Leicester City",315473,262043.377901545,136946.052723932,27371,23626.5274610532,169726.028357558,20450.3711639036,640163.357607991,2.02921757997671
2009,"E06000016","Leicester City",319708,306749.12727491,155685.464640077,25806,37484.1239008185,162401.564538014,21156.0462046469,709282.326558466,2.2185316806538
2010,"E06000016","Leicester City",324912,305174.105075559,187535.562492442,38837,26073.3713744234,179557.30747348,21898.3900387957,759075.736454701,2.33625023530895
2011,"E06000016","Leicester City",329627,311752.113584521,175064.875012152,1272,49885.4019198988,161387.037181347,23444.7930806265,722806.220778545,2.19280041009549
2012,"E06000016","Leicester City",332067,306685.585498539,181023.351430982,1207,3818.90876924352,197020.991543334,21801.2027551702,711557.039997269,2.14281166149382
2013,"E06000016","Leicester City",334631,322085.175543553,149205.984523956,171,136884.316544716,90739.9985996851,37306.0784805374,736392.553692447,2.20061068368575
2014,"E06000016","Leicester City",338491,334281.4232526,149980.11844713,148,111956.639531318,98120.1308139646,38997.4632598454,733483.775304858,2.16692253355291
2015,"E06000016","Leicester City",344036,343760.823396256,143966.686873815,106,80893.9374861479,102992.085847861,37319.4067501549,709038.940354234,2.06094403014288
2016,"E06000016","Leicester City",349513,338014.279309785,140155.544930996,0,64742.0855670354,96493.6928969959,37250.6553528395,676656.258057652,1.93599739654219
2017,"E06000016","Leicester City",353540,337430.344775698,132676.512480313,0,49974.6483226954,104796.557146893,36703.3728695582,661581.435595157,1.87130575209356
2018,"E06000016","Leicester City",355218,330982.223358761,125945.393189429,0,39907.3100642802,110086.457586699,36541.6866398398,643463.070839009,1.81145964123161
2002,"E07000063","Lewes",92901,14380.0866035169,15214.2111960107,NA,25252.572050703,30787.6023396868,5640.58971576526,91275.0619056827,0.982498163697728
2003,"E07000063","Lewes",93227,17461.8816465387,16777.3502498264,NA,31331.788211697,29122.8052974531,5848.99026706538,100542.815672581,1.07847314267949
2004,"E07000063","Lewes",93794,19558.1167019859,24775.6558423943,NA,34468.1059432146,27835.4324060911,5942.44951970653,112579.760413392,1.20028744283635
2005,"E07000063","Lewes",93832,18663.4343347185,26867.8935622879,NA,32381.5957150315,33106.060498704,6083.05327050347,117102.037381245,1.2479968175169
2006,"E07000063","Lewes",94162,61162.6625482626,28206.5373227115,NA,4209.54628661624,21805.5209958946,5610.85638181122,120995.123535296,1.28496764655908
2007,"E07000063","Lewes",94782,65881.1367633553,29660.0671249601,NA,3860.44705801233,23005.2067237431,5739.16053865183,128146.018208723,1.35200795729909
2008,"E07000063","Lewes",95455,61495.7842599917,33174.4074010252,4456.39929930258,3592.47424051511,25806.4912948916,5852.94019376744,134378.496689494,1.40776802356601
2009,"E07000063","Lewes",96114,66379.5892864135,39131.1769723795,4701.48299479217,5670.19153677594,24561.9117138203,6026.77544843751,146471.127952619,1.52393124781633
2010,"E07000063","Lewes",97079,68013.3872789812,45096.4917579769,6313.31386744225,3953.22781471282,27225.9227603188,6207.63130113387,156809.974780566,1.61528213908843
2011,"E07000063","Lewes",97584,69116.0266257374,43687.8038999054,406.561422509859,7495.39647174152,24247.5301121387,6609.06179431725,151562.38032635,1.5531478554512
2012,"E07000063","Lewes",98695,65460.5629509685,44992.3351440395,425.946969240503,587.339222253427,30307.6193370892,6150.90648902002,147924.710112611,1.49880652629425
2013,"E07000063","Lewes",99626,63020.3088518604,37260.3244951838,203.944016122519,22552.9691653501,15546.9147551581,10208.797266228,148793.258549903,1.49351834410598
2014,"E07000063","Lewes",100428,62100.813524874,37113.9431975604,160.349459669974,19346.1920769289,15585.8322062828,10580.4602337641,144887.59069908,1.44270114608555
2015,"E07000063","Lewes",100898,59980.9007172901,37556.4652995286,10.7373550743916,14668.8885187185,17249.1497364011,10031.1169493751,139497.258576388,1.38255722191112
2016,"E07000063","Lewes",101631,58709.5446591183,36326.6842864937,10.7260902872677,10089.333687426,16733.1399649596,9955.45770002459,131824.88638831,1.29709327260688
2017,"E07000063","Lewes",102257,60903.6185269918,35654.8343616553,10.7393559905769,5874.26202693973,17250.2552719558,9834.45423971521,129528.163783248,1.26669239057716
2018,"E07000063","Lewes",102744,64432.5036201192,34654.0856393813,10.7451486683857,3219.6481278513,17578.9821116902,9817.0911888872,129713.055836598,1.26248789064663
2002,"E09000023","Lewisham",253662,80251.7774654719,86875.0569677026,NA,194344.112116834,82071.8331312322,34933.6728114891,478476.45249273,1.88627564433273
2003,"E09000023","Lewisham",251936,177798.954216446,95698.8745490253,NA,223256.483903794,79009.6574343895,36876.4731557252,612640.44325938,2.43173045241403
2004,"E09000023","Lewisham",252455,189392.455827132,151092.241590237,NA,245275.219225641,76721.4279228493,38145.8994501347,700627.244015994,2.77525596251211
2005,"E09000023","Lewisham",254930,167235.894129266,174241.136743419,NA,249287.727898184,89713.0822700172,39913.9412308191,720391.782271706,2.82584153403564
2006,"E09000023","Lewisham",257976,336065.62470457,194026.080184132,NA,31852.6505555208,165010.540847545,33997.1509541217,760952.047245889,2.94970093049698
2007,"E09000023","Lewisham",261188,362715.538629693,205474.972487328,NA,29107.5175173813,173443.48108481,34856.1506430191,805597.660362232,3.08435939002646
2008,"E09000023","Lewisham",266508,335159.350157402,217007.126195812,17904,26066.2234252469,187245.85701946,35932.2956580132,819314.852455934,3.07425988133915
2009,"E09000023","Lewisham",270418,398483.641547837,240790.479281454,18583.918178872,40665.1385580076,176180.297587916,36893.8393328426,911597.31448693,3.37106743813995
2010,"E09000023","Lewisham",272525,399683.110050307,261093.454204214,33808.4577190707,27877.1396211249,191980.079773045,37685.1109936804,952127.352361442,3.49372480455533
2011,"E09000023","Lewisham",276938,441126.906025627,261159.541360881,1194.02436824502,53212.6564224569,172151.537237975,38066.4869950991,966911.152410284,3.49143545634865
2012,"E09000023","Lewisham",280705,396001.581779415,267207.459730987,1139.77778852939,4030.4422028942,207901.317629323,35527.4469519366,911808.026083085,3.24827853470043
2013,"E09000023","Lewisham",284956,406751.042240543,242644.297428511,134,132109.258451186,115064.519417145,66346.3479268919,963049.465464277,3.37964270085303
2014,"E09000023","Lewisham",290284,411206.044791916,242938.024830088,126,108290.472375219,120069.121557983,68111.3761363506,950741.039691557,3.27520993127956
2015,"E09000023","Lewisham",294999,401778.122794202,239552.631087709,0,79566.1108979766,124269.284996879,65142.2413878963,910308.391164663,3.08580161683485
2016,"E09000023","Lewisham",298903,383636.593232873,237962.124154314,0,65338.162639163,119546.116439647,64916.075917205,871399.072383202,2.91532394249373
2017,"E09000023","Lewisham",301307,391277.618071885,228349.6187818,0,46159,168334.159296752,64258.4135891883,898378.809739625,2.98160616825903
2018,"E09000023","Lewisham",303536,395594.526721648,210697.983966094,0,0,216976.018989576,58213.06177885,881481.591456168,2.9040429848722
2002,"E07000194","Lichfield",93679,10266.1717820378,16635.1176445522,NA,24087.0264993098,31194.7831504243,5438.47275161548,87621.5718279396,0.935338462493617
2003,"E07000194","Lichfield",94467,13157.8525936752,18275.764623935,NA,32027.0351109623,29660.2970877816,5768.86092798071,98889.8103443347,1.0468185752097
2004,"E07000194","Lichfield",95580,14205.6133262882,19908.7927961374,NA,36721.2169077333,28553.7315295629,5850.84637155414,105240.200931276,1.10106927109517
2005,"E07000194","Lichfield",96307,16259.672230662,21681.2894111796,NA,34896.2519588669,34243.9585407574,6155.6465644422,113236.818705908,1.17579011604461
2006,"E07000194","Lichfield",97432,63887.5869575966,23599.9084703025,NA,4115.9521638935,21320.8555823413,5786.1713431553,118710.474517289,1.21839307945325
2007,"E07000194","Lichfield",98528,69279.419871195,24435.8950249035,NA,3778.67480030074,22518.267884649,5929.50952017006,125941.767101218,1.2782332646681
2008,"E07000194","Lichfield",99490,67492.5011684107,25083.9494655287,3888.0895552305,3569.48286993142,25638.7025174663,6157.14594458917,131829.871521157,1.3250565033788
2009,"E07000194","Lichfield",100012,68900.0071708392,29161.849851832,4004.12598333472,5684.41080577144,24629.0647873873,6326.90510413112,138706.363703296,1.38689720936783
2010,"E07000194","Lichfield",100424,71767.1445399373,32942.4344920784,5224.56734400288,3976.14605319293,27380.2213608527,6481.47298730704,147771.986777371,1.47148078922739
2011,"E07000194","Lichfield",100911,68580.8868495043,29477.2274519176,281.838524341236,7483.51334472589,24211.7502084733,6815.08624239141,136850.302621354,1.35614851325776
2012,"E07000194","Lichfield",101175,64399.6945218135,29349.0743988515,281.415368310606,576.97419338901,29775.9929489839,6301.26763995567,130684.419071304,1.29166710226147
2013,"E07000194","Lichfield",101716,64964.7000190878,23252.7828472578,109.332855607309,19714.5241023349,13190.1091644326,10789.7715565327,132021.220545253,1.29793956255902
2014,"E07000194","Lichfield",102062,66355.9019812047,22449.5283266229,66.2316350145952,16756.8645952706,13482.4221909518,11343.3359121951,130454.28464126,1.27818663793831
2015,"E07000194","Lichfield",102566,63867.0821541352,22048.8602565793,48.6559363278069,13004.5728746173,14740.0660592275,10896.6108381991,124605.848119086,1.21488454379703
2016,"E07000194","Lichfield",102831,58210.2612663682,20277.6126444927,35.24901838579,9138.83302374743,13981.7202258137,10868.8320829863,112512.508261794,1.094149704484
2017,"E07000194","Lichfield",103507,56972.6637307052,19145.8568184445,34.3507857491459,5643.75881712497,16412.0691961347,10744.0384193613,108952.73776752,1.0526122655233
2018,"E07000194","Lichfield",103965,53737.3992182317,16881.7113149053,191.062187486789,3513.89437962625,17574.311203023,10745.3136548983,102643.691958171,0.987290837860543
2002,"E07000138","Lincoln",85669,10491.7454269502,18518.7831965588,NA,29040.1027654901,27562.3549193081,4482.86257207358,90095.8488803807,1.05167387129978
2003,"E07000138","Lincoln",86405,15642.6212045591,17357.853387455,NA,35357.8033570719,26807.3715638038,4809.62214847172,99975.2716613616,1.15705424062683
2004,"E07000138","Lincoln",87746,18409.0142739231,27759.4749001733,NA,39733.3913699129,25983.7392815449,4949.36949354194,116834.989319096,1.33151356550835
2005,"E07000138","Lincoln",88603,18712.6554248779,28910.9240791704,NA,39088.0743337014,31390.4730099627,5237.89607780028,123340.022925513,1.39205244659337
2006,"E07000138","Lincoln",89433,63042.3340054332,32630.0800800684,NA,5036.75306748914,26091.3273831582,4649.53374456898,131450.028280718,1.46981570875089
2007,"E07000138","Lincoln",89873,67467.855240948,34143.5625400907,NA,4647.5433714985,27691.9342158939,4753.53121130569,138704.426579737,1.54333811689536
2008,"E07000138","Lincoln",90207,65149.8802990953,36038.2539199178,4843.88373954736,4365.34876423414,31358.9245983047,4901.41262450412,146657.703945603,1.62579072517214
2009,"E07000138","Lincoln",90813,68094.7059392091,41288.4032871362,7499.19588037965,6973.55355378905,30213.5475064449,5071.17190642277,159140.578073382,1.75239864417409
2010,"E07000138","Lincoln",92188,64419.3169758572,44540.4364538041,6637.01789254079,4916.5226585933,33856.5419503937,5279.20885073862,159649.044781928,1.7317768557939
2011,"E07000138","Lincoln",93085,54724.9777913952,44093.0026008439,208.630170908602,9196.56349053119,29751.8476932375,5582.09426695095,143557.116013867,1.54221535170938
2012,"E07000138","Lincoln",94535,48692.2321255757,44787.3327382144,392.895170081648,705.173034995217,36386.335594229,5234.11138874057,136198.080051837,1.440715925867
2013,"E07000138","Lincoln",95371,46172.4723328314,38052.9212447362,181.390015223809,24274.568191762,17276.056533747,8526.12051239229,134483.528830693,1.4101092452705
2014,"E07000138","Lincoln",95910,46416.1589673802,36612.9122076389,162.888933522434,20123.9307269165,17222.3105483641,9052.45747288512,129590.658856707,1.35116941775318
2015,"E07000138","Lincoln",96641,46429.963911304,35832.1208259307,138.929219502272,14992.9520851699,17780.9134752831,8636.94123279311,123811.820749983,1.2811521067661
2016,"E07000138","Lincoln",97385,47066.1744778205,34734.8433978553,103.293520101073,10896.4840919374,17073.9677085865,8572.31615805889,118447.07935436,1.21627642197833
2017,"E07000138","Lincoln",98438,50318.3341223237,32503.4894544651,0,7309.47633361778,17397.0162479648,8483.92192989346,116012.238088265,1.17853103565965
2018,"E07000138","Lincoln",99039,50575.2346867628,29085.1726346958,0,0,29963.9949684653,8483.07081061557,118107.473100539,1.19253499228122
2002,"E08000012","Liverpool",443784,149118.973139507,209470.205236846,NA,329697.223138512,152026.331619223,41028.7994110506,881341.532545139,1.98596959905075
2003,"E08000012","Liverpool",444960,190457.215340464,227260.164703819,NA,384942.405673057,139427.829237297,43803.3008793326,985890.91583397,2.21568436676099
2004,"E08000012","Liverpool",448091,211074.438835092,270881.122931924,NA,411510.829136638,133722.350511475,44323.0606980984,1071511.80211323,2.39128168633877
2005,"E08000012","Liverpool",452278,204607.586265519,309051.41836815,NA,411275.95016446,159770.624322486,46230.536894713,1130936.11601533,2.5005331146227
2006,"E08000012","Liverpool",453055,449802.524028656,320468.991936805,NA,55806.4084256902,289101.465121718,41544.4896012699,1156723.87911414,2.55316435998751
2007,"E08000012","Liverpool",453582,464860.109786534,336147.012227507,NA,50884.7733812555,303206.649978245,42347.9634426451,1197446.50881619,2.63997801680002
2008,"E08000012","Liverpool",454468,429013.275583558,336725.27675685,71703,45593.3386599768,327516.170354212,43608.3992133497,1254159.46056795,2.75962105267686
2009,"E08000012","Liverpool",457523,432800.657092137,364725.440128923,76091,71279.0348034574,308818.923728066,44799.7920445491,1298514.84779713,2.83814113781631
2010,"E08000012","Liverpool",461403,433315.800848816,362414.957207708,101203,49011.0896989757,337521.326973142,46069.1396145946,1329535.31434324,2.88150556962836
2011,"E08000012","Liverpool",465656,425898.003023088,366911.730289621,17785,94253.2738385104,304923.900781448,46460.3799619053,1256232.28789457,2.69776892790938
2012,"E08000012","Liverpool",470191,414174.119844522,376144.174971366,1433,7132.62176185984,367935.230514179,43061.603804409,1209880.75089634,2.57316867165968
2013,"E08000012","Liverpool",471789,439794.234214477,336157.849980153,282,241024.518643252,162828.761855947,87947.2966135333,1268034.66130736,2.68771561292731
2014,"E08000012","Liverpool",474569,452878.428407237,314725,186,196983.515856648,165845.119935589,90260.3574509095,1220878.42165038,2.57260466159902
2015,"E08000012","Liverpool",480873,455026.032300312,299860,130,141812.091758496,162817.724820837,86567.131339207,1146212.98021885,2.38360852079208
2016,"E08000012","Liverpool",487605,463931.651683799,286597,89,115140.293036555,163161.900910956,86712.6306855023,1115632.47631681,2.2879840779254
2017,"E08000012","Liverpool",491549,477326.257178648,276113,118,4740.54702309742,265777.537746017,85922.7617306301,1109998.10367839,2.25816369004594
2018,"E08000012","Liverpool",494814,482158.188156841,269647,123,4189.90608299691,274963.655861117,86114.2182922073,1117195.96839316,2.25780994149956
2002,"E06000032","Luton",185631,30599.5702279431,28651,NA,93967.0511897857,60938.6230361969,11229.7651863619,225386.009640288,1.2141614797113
2003,"E06000032","Luton",185016,39121.8865771954,31930,NA,113554.303578614,58467.1094975538,12138.2993497921,255211.599003156,1.37940285706726
2004,"E06000032","Luton",183563,40218.6647739036,54361,NA,127609.222215931,56329.6579419077,12356.8478487441,290875.392780486,1.58460796990944
2005,"E06000032","Luton",185392,42701.6753515214,59851.6384744005,NA,127502.358915204,66920.8299151269,13087.4789369343,310063.981593188,1.67247767753294
2006,"E06000032","Luton",187312,164573.57219398,64734.6203865814,NA,13583.6719331182,70369.4386693948,12621.2788266149,325882.582009689,1.73978486167298
2007,"E06000032","Luton",189742,177277.170956777,68803.5212300066,NA,12629.4105168086,75255.3977812551,13059.4295326213,347024.930017469,1.8289304951854
2008,"E06000032","Luton",192084,172674.458909172,72196.4434852943,10259,11798.5799433807,84756.0552177612,13431.8434323009,365116.380987909,1.90081621055324
2009,"E06000032","Luton",195449,184454.596700556,90731.8447716064,11306,18746.597201733,81218.0771013643,13461.1070454523,399918.222820712,2.04615128663084
2010,"E06000032","Luton",199583,189384.475892983,97794.8470138585,14116,13137.4454482416,90473.3805921344,13986.7286806293,418892.877627847,2.09884047052027
2011,"E06000032","Luton",203641,186414.290710958,102999.668439943,545,24652.9125606644,79755.9306266964,14490.8906202147,408858.692958477,2.00774251235496
2012,"E06000032","Luton",205498,184632.436836425,104893.472736357,592,1886.79888159011,97325.1462708461,13438.3999051978,402768.254630415,1.95996191997205
2013,"E06000032","Luton",207404,193293.4808629,92887.5040853418,122,66552.682199921,43118.3213180561,22915.2329355986,418889.221401817,2.01967764074858
2014,"E06000032","Luton",210173,202745.492375603,92725.7741013492,74,54344.135723609,41447.338830064,23607.1349230084,414943.875953634,1.9742967743413
2015,"E06000032","Luton",213581,202600.027198459,89249,47,39169.9878735948,48329.1547492405,22480.1255790355,401875.295400329,1.88160602019997
2016,"E06000032","Luton",215914,205687.827146139,87241,83,30326.0273894527,48384.4743423251,22294.5431236101,394016.872001526,1.82487875729006
2017,"E06000032","Luton",214658,207927.414459825,86276.03,0,22235.3658170328,46887.2871471562,21772.3158621727,385098.413286187,1.79400913679521
2018,"E06000032","Luton",214109,212727.330054472,86483,342,16854.5822319964,51548.9813098913,21562.9077999456,389518.801396305,1.81925468521316
2002,"E07000110","Maidstone",140338,23606.90809098,20907.6982623314,NA,45561.5455771541,47162.1116692708,9046.64968947226,146284.913289209,1.04237564515105
2003,"E07000110","Maidstone",141246,26444.562365179,23822.9875760037,NA,55668.8558759381,44201.0639386241,9365.79333397908,159503.263089724,1.12925862034836
2004,"E07000110","Maidstone",142242,29300.6369604608,37260.8153309675,NA,62536.1690399633,42318.7353461541,9331.38380611132,180747.740483657,1.27070584274446
2005,"E07000110","Maidstone",143353,28087.5092556131,39481.0642395203,NA,59474.5310929064,50796.341151366,9811.30495816729,187650.750697573,1.30901167535784
2006,"E07000110","Maidstone",145307,103262.603227681,43987.8306756393,NA,6737.42730792282,34902.465276975,9114.98290865139,198005.30939687,1.36266875922612
2007,"E07000110","Maidstone",147741,111002.179939394,45280.7637235089,NA,6116.67369154339,36447.4094801618,9392.51652756197,208239.54336217,1.40949055009896
2008,"E07000110","Maidstone",149723,107871.316125278,49591.9489356207,6505.03428913489,5641.98940558142,40525.9865983858,9744.67602519607,219880.951379197,1.46858499615421
2009,"E07000110","Maidstone",151594,113099.807319501,58617.9556975033,6870.09315326953,8885.29074119723,38494.6343023267,10083.6221784855,236051.403392284,1.5571289324926
2010,"E07000110","Maidstone",153739,113887.55486396,62126.6310402551,9373.18645503666,6167.23487268044,42470.5185443531,10420.205036267,244445.330812553,1.590002086735
2011,"E07000110","Maidstone",155764,108663.346513735,59705.1259323316,338.833058523007,11792.4754744834,38152.0973761372,10605.0990192052,229256.977374416,1.4718226122494
2012,"E07000110","Maidstone",157368,101178.525675158,61297.5089761845,365.417998569065,914.426788184416,47165.074067374,9855.88231640108,220776.835821871,1.40293347962655
2013,"E07000110","Maidstone",159230,103676.157014043,52287.8621102405,257.969163774501,32360.0330223659,21632.1833435795,17250.9405528849,227465.145206888,1.42853196763731
2014,"E07000110","Maidstone",161510,100617.522363983,52206.2245013226,229.643033430707,27647.444942255,22996.8550591811,17807.5595185,221505.249418673,1.37146461159478
2015,"E07000110","Maidstone",164019,102724.406146807,51841.5964521271,190.176320661808,20915.0965787587,26879.8241581047,17071.7755605925,219622.875217052,1.33900874421288
2016,"E07000110","Maidstone",165719,104467.546092841,51033.6682514271,149.857746303324,13958.6109180907,26453.4473750724,16976.8065940536,213039.936977788,1.28554925493026
2017,"E07000110","Maidstone",167730,104895.023326874,49596.9229679166,160.00117712442,8006.85484214263,25495.6934248629,16822.1403278588,204976.63606678,1.22206305411542
2018,"E07000110","Maidstone",169955,104705.833194157,49770.8352521055,207.592123792651,0,34077.6052403862,16913.9684902826,205675.834300724,1.21017819011341
2002,"E07000074","Maldon",59750,7232.97505902483,12514.4905112889,NA,17336.9224492348,19784.8982073871,3395.42452087097,60264.7107478066,1.00861440582103
2003,"E07000074","Maldon",59996,9036.80111773779,12636.5445311732,NA,21497.6029548516,18845.5013413643,3477.13844871083,65493.5883938377,1.09163258206943
2004,"E07000074","Maldon",60303,10462.3996602426,14265.1964634748,NA,24199.2699237148,18050.6957903217,3529.89823062167,70507.4600683755,1.16921977461114
2005,"E07000074","Maldon",60662,10994.4539356419,15569.842402051,NA,23291.3601392823,21566.8866656922,3681.24145617135,75103.7845988387,1.23806970754078
2006,"E07000074","Maldon",60993,41412.1928152868,16378.8594721065,NA,2640.39633594598,13675.6829329431,3613.18565495183,77720.3172112342,1.27424978622521
2007,"E07000074","Maldon",61398,44395.772935977,17209.2700239265,NA,2426.91471254348,14464.406788392,3698.84597674604,82195.210437585,1.33872781585043
2008,"E07000074","Maldon",61660,44347.0755795006,18935.9841221798,2309.20831185023,2228.45814984978,16008.2065045901,3827.42330032361,87656.3559682941,1.42160810847055
2009,"E07000074","Maldon",61815,45194.5539736509,22850.0641141266,2449.66476622378,3502.95328984324,15177.8329748937,3930.22243225215,93105.2915509903,1.50619253499944
2010,"E07000074","Maldon",61845,45131.503815711,24188.3100376289,3392.0713824408,2429.67452162669,16731.978426874,4019.23007999441,95892.7682642757,1.55053388736803
2011,"E07000074","Maldon",61720,41734.4852852952,21748.5128595743,268.031404146788,4578.48929015796,14810.9324024289,4197.97413860408,87338.4253802072,1.41507494135138
2012,"E07000074","Maldon",61946,36558.4455034201,21036.3305152464,277.318134525018,354.213064139441,18250.1018125443,3895.03239013279,80371.4414200081,1.29744360281549
2013,"E07000074","Maldon",62217,34205.2885187054,16292.5805469259,90.543194958225,12960.8044213411,8780.07744650203,6217.35046722848,78546.6445956611,1.26246274483921
2014,"E07000074","Maldon",62801,32990.6120987172,15797.1245812059,60.7292814672898,11072.7485055294,9877.9562858602,6414.47263627511,76213.6433890551,1.21357372317408
2015,"E07000074","Maldon",62824,32381.2225053632,15584.2505377691,47.37913947263,8622.37859315949,9575.77307161212,6061.05607459412,72272.0599219707,1.15038934041084
2016,"E07000074","Maldon",63418,31917.3007033861,15296.6947836286,0,6230.78345655225,10057.0987697831,6031.03865974817,69532.9163730983,1.09642240961712
2017,"E07000074","Maldon",63975,32481.07818389,14511.8956413293,0,3775.84713287771,11002.8015642784,5961.08804814822,67732.7105705237,1.05873717187219
2018,"E07000074","Maldon",64425,30901.2055654651,14074.4183658554,0,2322.61610754846,11624.6464091588,5962.49165189835,64885.3780999261,1.00714595420917
2002,"E07000235","Malvern Hills",72655,10463.1138560732,14217.7305035099,NA,15308.6188951938,24086.9761580573,3860.95290740992,67937.3923202441,0.935068368594647
2003,"E07000235","Malvern Hills",72885,12640.5370683824,15076.8101097471,NA,20089.4365462417,22908.7013601621,4169.91166783883,74885.3967523722,1.02744593198014
2004,"E07000235","Malvern Hills",73166,13365.8125081673,16327.1600766549,NA,23492.619212873,22040.4754868031,4294.58557308752,79520.6528575857,1.08685253885118
2005,"E07000235","Malvern Hills",73425,13367.4540386239,17512.2246929854,NA,22178.2715023208,26434.4264063678,4410.21998043709,83902.596620735,1.14269794512407
2006,"E07000235","Malvern Hills",73748,47899.8732165686,18709.4768621434,NA,2910.1624451838,15077.4588450395,3988.08293302881,88585.0543019641,1.20118585320231
2007,"E07000235","Malvern Hills",74020,51788.353661693,19998.5902060149,NA,2675.24592591959,15938.6419168388,4075.29746577898,94476.1291762453,1.27635948630431
2008,"E07000235","Malvern Hills",74192,51200.1684994477,20131.692442013,3238.94602970809,2490.45104567685,17887.3157298228,4121.06762993101,99069.6413765994,1.33531433815774
2009,"E07000235","Malvern Hills",74141,52022.8197572415,24623.0592520331,3404.66059690981,3905.18070804349,16916.7963588837,4156.80503309203,105029.321706204,1.41661593054051
2010,"E07000235","Malvern Hills",74542,53590.0490373125,27456.6561573574,4920.79844348319,2727.29107098494,18780.6898380362,4275.951302636,111751.43584981,1.49917410117531
2011,"E07000235","Malvern Hills",74706,48094.9591154138,24961.3315215964,152.957178183307,5370.52486848214,17377.0618751993,4524.84199442046,100481.676553295,1.34502819791309
2012,"E07000235","Malvern Hills",75090,45918.4851474622,25222.5590389386,147.99021958507,413.969122743669,21343.8202143469,4185.23523939142,97232.0589824678,1.29487360477384
2013,"E07000235","Malvern Hills",75560,43028.2282741416,20576.0203199361,83.7923693663958,14145.5006677579,9416.5476534451,7401.12609957396,94651.2153842211,1.2526629881448
2014,"E07000235","Malvern Hills",76224,41898.9274108652,21405.8991324547,69.2111744413561,12064.2823573868,9829.68901531274,7858.66724960459,93126.6763400654,1.22175005693831
2015,"E07000235","Malvern Hills",76136,41726.880729384,19881.1206424316,54.8289646835334,9001.22939906394,9416.45637820223,7442.8549776424,87523.3710914077,1.14956618539728
2016,"E07000235","Malvern Hills",76555,42704.8442238817,19044.601589399,42.7717479789748,5989.8720397033,9907.56126658378,7388.27361232914,85077.9244798759,1.11133073580923
2017,"E07000235","Malvern Hills",77165,42290.3979871601,18158.4894964053,39.6074408960348,3278.7010570812,11029.9964990699,7286.79970659371,82083.9921872063,1.0637464159555
2018,"E07000235","Malvern Hills",78113,42829.79542359,17256.1774846003,54.75299675538,1590.59937689566,11488.7625961735,7321.10054615488,80541.1884241698,1.03108558657547
2002,"E08000003","Manchester",428221,119685.123395796,171688.242415427,NA,316987.666621222,146142.379327318,34574.1734795384,789077.585239302,1.8426877365643
2003,"E08000003","Manchester",436727,181402.285690481,175294.150864173,NA,374632.255559954,125464.362221815,37736.9714782622,894530.025814686,2.04825904012046
2004,"E08000003","Manchester",444925,241385.669920055,275835.531308143,NA,402843.698289088,128190.183030742,39043.4359498492,1087298.51849788,2.44377933021942
2005,"E08000003","Manchester",455745,262264.282946349,282444.219776877,NA,411483.669831575,156624.234829206,41443.8218641956,1154260.2292482,2.53268873876445
2006,"E08000003","Manchester",463749,506304.435557612,312230.761177031,NA,55563.3239836422,287842.192090649,39647.2655677585,1201587.97837669,2.59103087742872
2007,"E08000003","Manchester",470538,509973.472219667,310794.635770769,NA,51230.2433708058,305270.061227521,40808.9955518681,1218077.40814063,2.58869083504548
2008,"E08000003","Manchester",477408,476440.256124507,301092.388433695,54997.4914345649,46468.2063143343,333807.183973173,42405.014545381,1255210.54082565,2.62921974668555
2009,"E08000003","Manchester",483784,475831.450852383,302325.737639843,61636.2935625094,73135.6733471398,316862.487734641,43796.9505858893,1273588.59372241,2.6325562518033
2010,"E08000003","Manchester",492598,454402.453184093,321255.055734358,87979.3649293853,50516.2776920184,347887.306713662,45419.4342697404,1307459.89252326,2.65421275060649
2011,"E08000003","Manchester",502902,462044.503774132,332869.688023249,15582,96395.1581962519,311853.789131246,46532.2548579608,1265277.39398284,2.51595220138882
2012,"E08000003","Manchester",510501,462997.691651702,342323.71792608,2231,7277.96951554707,375452.985910519,43509.364940547,1233792.7299444,2.41682725390233
2013,"E08000003","Manchester",513665,502675.265999944,293094.736073338,261,242706.252576309,150666.098385818,84665.305934392,1274068.6589698,2.48034936966661
2014,"E08000003","Manchester",518834,455300.837583508,305466.742285238,192,198186.177260512,155874.09083327,86830.4646970118,1201850.31265954,2.31644478322458
2015,"E08000003","Manchester",529809,461729.470949163,283301.554808848,109,144177.206069171,149420.794739103,83889.1775914963,1122627.20415778,2.11892814987624
2016,"E08000003","Manchester",541319,469486.991018914,272597.666814104,54,119498.984074979,171224.169127071,84429.0886486261,1117290.89968369,2.06401567224445
2017,"E08000003","Manchester",545501,451506.188461194,257848.933188128,0,38763.3679242418,353464.049358314,48498.6970597031,1150081.23599158,2.10830270887053
2018,"E08000003","Manchester",547627,435871.848322654,245898.676752108,0,3882.06907137212,354619.228530927,83338.3148690752,1123610.13754614,2.05178002097438
2002,"E07000174","Mansfield",98367,12498.3967461033,17414.6599681001,NA,31687.0514175167,32614.2230186374,6499.60660711671,100713.937757474,1.02385899496248
2003,"E07000174","Mansfield",99250,17686.0290544716,18907.1998317199,NA,40321.3155703628,31147.2455770941,6964.70474518229,115026.494778831,1.15895712623507
2004,"E07000174","Mansfield",99706,21291.8291243546,30528.9297055793,NA,44967.6856219236,29833.527896729,7105.19870842503,133727.171057011,1.34121488232415
2005,"E07000174","Mansfield",100413,22230.7083645768,31927.1453364827,NA,43438.2723660774,35786.4963025099,7416.32072742243,140798.943097069,1.40219835177785
2006,"E07000174","Mansfield",101347,73923.5990851135,33600.5770764655,NA,5514.60963165325,28569.7535244566,6872.2310928913,148480.77041058,1.46507316852576
2007,"E07000174","Mansfield",102139,80165.5541211504,35561.7018002935,NA,5104.29799804939,30417.6985568078,7038.90638833254,158288.158864634,1.54973280396943
2008,"E07000174","Mansfield",103269,75305.6928180705,38470.7556202089,6080.37646168972,4818.4622890437,34616.0127218891,7383.92119071588,166675.221101618,1.61399085012557
2009,"E07000174","Mansfield",103711,85286.4650749738,42804.4507424823,5494.25189686004,7686.18508414427,33301.7747346381,7569.48961822957,182142.617151328,1.7562516719666
2010,"E07000174","Mansfield",104120,78282.1754021144,48104.9338827827,7097.45883021011,5380.87140866047,37058.7091232066,7754.2345472301,183678.383194204,1.76410279671729
2011,"E07000174","Mansfield",104551,75715.8283459077,44740.1803375781,195.28020605087,9984.19914475233,32301.0223181288,8325.20030806046,171261.710660478,1.63806860441773
2012,"E07000174","Mansfield",104812,63469.1508285145,42497.4711561615,177.08157895736,758.993016824609,39162.5739940108,7697.64254753648,153762.913122005,1.46703538833345
2013,"E07000174","Mansfield",105334,59267.1407643912,33184.7940300677,77.3714345266272,25168.7820237628,19394.6741858774,13082.6411225928,150175.403561218,1.42570683313288
2014,"E07000174","Mansfield",105972,57516.6965244053,34125.5274612074,43.7575247999042,21098.916089224,18033.8283917959,13610.1730733216,144428.899064754,1.36289679410367
2015,"E07000174","Mansfield",106780,58798.2981528174,33492.6694816422,32.4492041224633,15597.4385309279,17973.1461208876,12954.5911711563,138848.592661554,1.30032396199245
2016,"E07000174","Mansfield",107880,57784.8069992482,33532.2424975087,0,11107.2995688742,16991.6186000639,12891.3458339714,132307.313499666,1.22643041805401
2017,"E07000174","Mansfield",108576,60382.8405358914,32520.559291418,0,6942.0070839912,19811.6220705238,12685.5947971335,132342.623778958,1.21889389716842
2018,"E07000174","Mansfield",108841,58861.6983858458,31851.5114478441,0,4276.2815591505,19492.3579365207,12637.9451808403,127119.794510201,1.16794033967164
2002,"E07000133","Melton",48080,6035.983322163,5162.11775465331,NA,11010.2364704356,15928.6602831826,2863.23060380568,41000.2284342402,0.85275017542097
2003,"E07000133","Melton",48429,6670.90370781475,5779.78895202547,NA,14898.0290981283,15167.1483824679,3085.72157826306,45601.5917186995,0.94161745480393
2004,"E07000133","Melton",48618,7328.27994366323,8502.59423540416,NA,17144.6315708594,14548.5756521573,3140.63564467939,50664.7170467634,1.04209792765567
2005,"E07000133","Melton",48605,7947.87947285945,9302.44208539225,NA,16383.5520889565,17370.5918157171,3312.47839502966,54316.943857955,1.11751761872143
2006,"E07000133","Melton",48724,29854.493299435,9790.06932236113,NA,2079.78193556135,10771.4997981601,3074.086468013,55569.9308235306,1.14050428584539
2007,"E07000133","Melton",49153,32406.93159747,10437.0044338678,NA,1901.96464879938,11331.2648163485,3140.94394629327,59218.109442779,1.20477100976093
2008,"E07000133","Melton",49287,32363.2972094457,11409.9619707647,1700.04358797064,1756.16778226976,12617.07577239,3195.00383093106,63041.5501537718,1.27907054910568
2009,"E07000133","Melton",49481,33989.377044814,13009.7186197997,1796.63361126033,2774.85109076235,12022.7388283884,3274.30756268887,66867.6267577137,1.35137985808116
2010,"E07000133","Melton",50077,34308.9483774326,13973.4327876925,2119.02018901673,1942.57136217283,13374.5130886576,3375.08518605891,69093.5709910311,1.37974661004116
2011,"E07000133","Melton",50495,34149.7791120626,14211.7630272256,109.492075143701,3485.22502466362,11276.6190373626,3591.46801265138,66824.3462891095,1.323385410221
2012,"E07000133","Melton",50785,36084.5073946711,14112.4221606434,109.358691643477,267.17216794539,13754.5202176949,3334.18882912581,67662.169461724,1.33232587302794
2013,"E07000133","Melton",50868,20295.3173531695,10150.2461840619,63.6507095444663,8578.64849866018,5847.48292532569,5670.97967656306,50606.3253473248,0.994855810083447
2014,"E07000133","Melton",51012,18618.5459624135,9866.90016749706,49.4294911217042,7299.91657094317,4744.24464025132,5877.07973272918,46456.1165649559,0.910689966379596
2015,"E07000133","Melton",50956,18424.8321870177,9367.77376463062,36.3966023670572,5679.8550068379,6679.02680479432,5527.46715564909,45715.3515212967,0.897153456340701
2016,"E07000133","Melton",50967,19146.932175736,8943.00998467602,26.7393506802691,3688.52741171993,6484.28241337975,5431.99867063076,43721.4900068227,0.857839190198024
2017,"E07000133","Melton",50873,19421.6913909209,6791.54179275608,29.9247738376035,1955.23453787053,6796.17836760095,5281.4693895826,40276.0402525687,0.791697762124676
2018,"E07000133","Melton",51100,19259.8695545987,6124.23535400752,38.2005189984361,900.501474115163,6487.7362126121,5256.71612163746,38067.2592359694,0.744956149431886
2002,"E07000187","Mendip",104634,14096.9804829003,22513.8363259072,NA,27285.4513728124,34298.2607564474,6348.86692010647,104543.395858174,0.999134085079168
2003,"E07000187","Mendip",105158,19099.4572478719,22977.6970715553,NA,35301.1530874822,32838.5288235015,6793.82569127111,117010.661921682,1.11271288843152
2004,"E07000187","Mendip",105798,21575.8275235974,25632.5617299196,NA,38832.1473019299,31580.8975918141,6895.07455214995,124516.508699411,1.176926867232
2005,"E07000187","Mendip",106339,25115.9193876644,27200.4446653652,NA,36887.8402920393,37888.5142641908,7283.14860339116,134375.867212651,1.26365554700205
2006,"E07000187","Mendip",106833,73051.5634318957,28838.0506078275,NA,4809.70596136431,24913.4592176075,6817.52834098259,138430.307559678,1.29576355208295
2007,"E07000187","Mendip",107755,76435.2333754138,31695.0819113282,NA,4521.58564582336,26941.4897304593,6990.45345477162,146583.844117796,1.36034378096419
2008,"E07000187","Mendip",108567,77516.8511002403,32591.5101242609,4563.9850989598,4310.60992925477,30966.0022595504,7223.33708208774,157172.295594354,1.44769861554942
2009,"E07000187","Mendip",108604,76048.5134243894,38585.2534024963,8401.42045454546,6889.9041336486,29849.0836627323,7419.70388190711,167193.878959719,1.53948177746417
2010,"E07000187","Mendip",109006,75217.132968863,43982.4036348227,7572.13602303404,4851.05340360299,33403.8832427897,7634.52839549334,172661.137668606,1.58395994411873
2011,"E07000187","Mendip",109406,64822.1265100977,40212.7800318103,0,9319.76341383114,30151.1003798295,8260.12393574082,152765.894271309,1.39632099035985
2012,"E07000187","Mendip",110050,58702.7728931309,41612.8609427134,0,719.468091908965,37094.0321843447,7673.89085214064,145803.024964239,1.32487982702625
2013,"E07000187","Mendip",110326,62415.0367450444,33995.4539926073,0,23563.5209169368,15872.6334672214,11993.8133704069,147840.458492217,1.34003279818191
2014,"E07000187","Mendip",111091,59389.0609847955,34223.5358030111,0,19784.450401817,17481.8639703081,12543.1765309333,143422.087690865,1.29103246609415
2015,"E07000187","Mendip",112056,60880.6279121691,33482.3634019343,0,14956.8459628883,17031.6586131865,11920.2397329948,138271.735623173,1.23395209201804
2016,"E07000187","Mendip",113131,61480.6162080619,30650.0530707869,101.550913416726,10874.2113620216,16907.0078291149,11847.1501846347,131860.589568037,1.16555665174034
2017,"E07000187","Mendip",113513,65231.9385976919,24138.4056451703,108.977,6741.46447771087,20015.0885359489,11650.2803085099,127886.154565032,1.1266212201689
2018,"E07000187","Mendip",114881,65874.2957570013,21436.607001861,0,4162.59670143775,22456.2041438028,11677.101188859,125606.804792962,1.09336447970475
2002,"E09000024","Merton",190561,43981.0976243891,40386.393940844,NA,72512.4574910552,63162.2861182232,26243.5667330155,246285.801907527,1.2924250077798
2003,"E09000024","Merton",189298,96227.7581261308,46330.5593578584,NA,86591.1205148146,59634.4525792863,27707.9997119604,316491.89029005,1.67192411060894
2004,"E09000024","Merton",188908,96455.3908157568,72395.587183175,NA,96437.76628103,58064.8356619977,28543.9606002102,351897.54054217,1.86279850796244
2005,"E09000024","Merton",190583,99673.1803782919,70441.9545207354,NA,97149.5831562377,68984.5370739681,29839.2447400981,366088.499869331,1.92088748665585
2006,"E09000024","Merton",192520,202336.753481424,72120.1401256281,NA,14048.424399746,72774.6528513094,25371.0868518293,386651.057709937,2.00836826153094
2007,"E09000024","Merton",194260,210158.450274148,79175.418470176,NA,12834.0269879416,76474.8403431064,25924.4522103347,404567.188285707,2.08260675530581
2008,"E09000024","Merton",195859,195905.566495109,84564.1959512867,7254,11495.3418653302,82579.7741042459,26406.9502427049,408205.828658677,2.08418213438584
2009,"E09000024","Merton",198136,226192.824648219,102387.860375087,7675.45572516989,17911.5261311355,77600.5727018151,27032.2158660004,458800.455447427,2.31558351560255
2010,"E09000024","Merton",199136,238828.562201552,99859.0344607297,10169.7910406196,12260.6367841201,84437.0291851573,27536.7847457575,473091.838417936,2.37572231247959
2011,"E09000024","Merton",200543,272345.028331603,100175.801028155,890.537065628265,22364.3588237395,72351.2940091831,27565.6193857765,495692.638644085,2.47175238549381
2012,"E09000024","Merton",202047,234963.247091379,108456.397090422,136.12098052759,1693.96393284111,87407.3009567047,25572.0919623731,458229.122014247,2.2679333126166
2013,"E09000024","Merton",203637,234992.367736554,97425.5431977207,177,52338.6223249347,46666.52938892,47412.8330436576,479012.895691787,2.35228811901465
2014,"E09000024","Merton",204598,219379.155793418,107508.04764364,37,44378.8685253925,57756.0532255318,48006.2674303271,477065.392618309,2.33172070410419
2015,"E09000024","Merton",205965,197744.4901044,103132.456645548,40,34552.7696571912,58324.8838585289,45481.5838272606,439276.184092928,2.13277102465433
2016,"E09000024","Merton",206706,196744.72158792,94057.2617686731,0,26551.6868866851,55775.8280270647,44892.6320195574,418022.130289901,2.02230283731435
2017,"E09000024","Merton",206052,199527.582435998,89148.4445272445,56,14963,91737.2500055241,43943.800299626,439376.077268393,2.13235531452445
2018,"E09000024","Merton",206186,196337.086647481,80349.2291129654,0,0,105801.009393893,39542.9812474763,422030.306401816,2.04684268767916
2002,"E07000042","Mid Devon",70651,12042.0855812679,8288.7210813453,NA,17963.3466832921,23347.12211048,4224.08959316289,65865.3650495481,0.932263733698718
2003,"E07000042","Mid Devon",71472,10861.1783856318,10668.4238244236,NA,22764.3633283036,22380.0776220689,4550.25166042748,71224.2948208553,0.996534234677291
2004,"E07000042","Mid Devon",72607,11912.9809949851,16538.7223484048,NA,25625.246068242,21710.3555094967,4688.28897548751,80475.5938966161,1.10837238691333
2005,"E07000042","Mid Devon",73323,13463.4965199344,18498.476795342,NA,24772.8704502509,26064.9575639233,4890.19892408869,87690.0002535393,1.19594124972436
2006,"E07000042","Mid Devon",74138,46951.4748722497,19464.1706985878,NA,3614.2665216401,18725.8045240627,4567.47532172667,93323.191938267,1.25877676681684
2007,"E07000042","Mid Devon",75599,51125.7407229021,20243.2833224703,NA,3343.53638073582,19926.4481384286,4753.78594842401,99392.7945129608,1.31473689483936
2008,"E07000042","Mid Devon",76406,49676.0524407173,21380.3880838534,3718.47813482791,3172.8496276709,22789.3222881624,4908.86249804727,105645.953073279,1.38269184453157
2009,"E07000042","Mid Devon",76981,50991.631227871,24421.3016504056,3841.88043935934,5069.36301270608,21964.3551374,5016.86543323978,111305.396900982,1.44588141101027
2010,"E07000042","Mid Devon",77391,48206.4735481362,27619.8091027385,5351.45883630772,3566.172804296,24561.725761716,5181.97392753972,114487.613980734,1.47934015558313
2011,"E07000042","Mid Devon",77936,42693.7107566998,26017.4921219351,184.596756224681,6850.67410158241,22163.4512255444,5545.82499887824,103455.749960865,1.32744495433259
2012,"E07000042","Mid Devon",78382,42276.965038392,26279.0344758628,211.280092205306,528.302200149624,27238.5700761897,5144.5968741198,101678.748756919,1.29722064704804
2013,"E07000042","Mid Devon",78706,43887.6359085111,20740.7927138214,0,17879.2216873862,12225.888045106,8507.59559573279,103241.133950557,1.31173143026653
2014,"E07000042","Mid Devon",79272,42482.4273362896,21005.9076638466,94.8524784818138,15205.754000033,12465.9355959217,8882.6037002902,100137.480774863,1.26321375485497
2015,"E07000042","Mid Devon",79582,44107.3030545675,20225.7224812586,69.3400698596334,11324.4420894211,13216.0775063633,8431.97678759633,97374.8619890664,1.22357897500775
2016,"E07000042","Mid Devon",79880,43931.0662718173,19251.6514254235,52.7178810293889,7503.57059951631,12647.9915793539,8357.30521991021,91744.3029770506,1.14852657707875
2017,"E07000042","Mid Devon",80623,44761.1759539216,18258.1878079858,55.8195550903171,4238.23200794194,13602.7090608111,8250.38235179773,89166.5067375485,1.1059686037179
2018,"E07000042","Mid Devon",81695,41499.3405485318,17470.8336359259,74.064041112254,339.859101316461,20033.1680750933,8297.08759651743,87714.3529984972,1.07368080052019
2002,"E07000203","Mid Suffolk",87684,9927.92555949711,10331.8558256335,NA,21832.0350855867,29226.3000893891,4900.76010667394,76218.8766667803,0.869244978180515
2003,"E07000203","Mid Suffolk",88274,13002.012826383,11096.1340107542,NA,28807.5152595802,27515.4893250446,5223.83179534141,85644.9832171034,0.970217541032506
2004,"E07000203","Mid Suffolk",89492,15617.6934581555,16679.5678310576,NA,33294.0493508077,26420.6851921455,5244.55610975102,97256.5519419174,1.0867625256103
2005,"E07000203","Mid Suffolk",90795,15832.8392403957,18023.9029773428,NA,32208.847881382,31830.1003343188,5575.95902768125,103471.649461121,1.13961836512055
2006,"E07000203","Mid Suffolk",92070,58421.74945694,20893.8335953204,NA,4232.28241111527,21925.4648138375,4998.64366586482,110471.973943078,1.19986938137371
2007,"E07000203","Mid Suffolk",93817,63400.8153971549,21807.7536762632,NA,3952.90035733222,23556.0009800548,5179.92229786898,117897.392708674,1.25667408581253
2008,"E07000203","Mid Suffolk",94603,59993.892189801,21627.6350196263,4053.58775974735,3732.92114067653,26816.4678084071,5329.2223440116,121553.72626227,1.28488236379681
2009,"E07000203","Mid Suffolk",95250,65250.8234335817,24116.9011728209,4265.71738540177,5934.35808422087,25709.0627388841,5503.7288546234,130780.591669533,1.37302458445704
2010,"E07000203","Mid Suffolk",96244,64926.9768555864,25373.3670287413,5937.66624307988,4150.43321878073,28579.297788877,5688.68753660342,134656.428671669,1.39911504791643
2011,"E07000203","Mid Suffolk",97076,62639.4936730705,24698.707065699,277.574996610207,7854.16097341169,25410.6366935887,6103.50560240395,126984.079004784,1.30808932181779
2012,"E07000203","Mid Suffolk",97789,57966.6329827157,25232.9989506033,292.19654285878,601.433402201413,31041.6207010898,5706.2554810167,120841.138060486,1.23573344712069
2013,"E07000203","Mid Suffolk",98431,56477.3150436777,20357.3149838825,215.658325677725,21026.2345932018,14524.7510559303,9390.24816265404,121991.522165024,1.23936079248432
2014,"E07000203","Mid Suffolk",99596,55521.2546387268,20057.4508571729,526.977985155536,17938.0803960679,14727.5584963751,9892.67944603293,118664.001819531,1.19145349029611
2015,"E07000203","Mid Suffolk",100251,54712.433919014,18504.036965017,627.711075061452,13792.0450293821,14727.0757742727,9484.46371436901,111847.766477116,1.11567731471124
2016,"E07000203","Mid Suffolk",100720,52304.8442506739,17206.9556561387,995.802043465238,10066.5014810131,15494.7629513762,9436.24417745532,105505.110560122,1.04750904050956
2017,"E07000203","Mid Suffolk",101543,48500.6349808158,16675.1170089263,1050.09245058641,6432.03841194856,16688.1980401016,9321.16711582107,98667.2480081997,0.971679465922808
2018,"E07000203","Mid Suffolk",102493,47725.3188281419,15656.1695181371,2335.15972321094,0,22392.8729428018,9388.80068314007,97498.3216954318,0.951268103142964
2002,"E07000228","Mid Sussex",127713,13279.5884002342,20281.5276106188,NA,26391.645747998,42751.3386456282,7754.23982916792,110458.340233647,0.864895039922694
2003,"E07000228","Mid Sussex",128623,17826.8165338959,21165.6849541914,NA,35105.1399230443,40435.1940937383,8069.7080794271,122602.543584297,0.953193002684566
2004,"E07000228","Mid Sussex",129461,19814.231109929,24793.987042861,NA,38932.9570313362,38647.9375779884,8202.18198680861,130391.294748923,1.00718590733057
2005,"E07000228","Mid Sussex",130503,21503.8768719283,26368.5110593604,NA,35604.6051792774,46348.7400220175,8460.40477620123,138286.137908785,1.05963953249186
2006,"E07000228","Mid Sussex",132061,82876.8674405263,27563.2044013265,NA,4087.67385958331,21173.193920728,7869.15427283163,143570.093894996,1.08714983147936
2007,"E07000228","Mid Sussex",133976,89329.8182064957,31695.2732940965,NA,3741.77473265556,22293.0654428262,8112.40290694876,155172.334583023,1.15820993747405
2008,"E07000228","Mid Sussex",135734,88037.5202708085,32454.6744672865,4929.1173913813,3522.37187536629,25306.7986110743,8322.69639370205,162573.179009619,1.19773364823566
2009,"E07000228","Mid Sussex",137209,89859.3123978018,38553.2793036171,5149.47003224716,5500.98452788508,23831.3820390009,8603.61479601996,171498.043096572,1.24990374608497
2010,"E07000228","Mid Sussex",138897,92437.3216003455,44297.5383406229,7058.34111266333,3778.32116809623,26020.8768741673,8881.64654388273,182474.045639778,1.31373640640027
2011,"E07000228","Mid Sussex",140188,95945.1458526376,41556.2044651726,351.019935246916,7443.67329651586,24082.310577116,9494.49863524498,178872.852761934,1.27594981568989
2012,"E07000228","Mid Sussex",141260,92101.5210520726,43840.1041669113,353.164787489583,577.375797166495,29776.2127679835,8803.65824650659,175452.03681813,1.24205038098634
2013,"E07000228","Mid Sussex",142983,95364.6309755557,36914.9549686634,167.665437334435,20895.5002333098,13771.0963606095,14651.6417352606,181765.489710733,1.27123846688581
2014,"E07000228","Mid Sussex",144664,91816.6772762238,37795.6211739897,150.148785327605,18374.6334694743,14515.1788679754,15240.8860004904,177893.145573481,1.22969878873445
2015,"E07000228","Mid Sussex",145969,92983.1389325541,36687.7305083759,117.851003846039,14972.8890146388,14951.234138517,14512.0033101086,174224.84690804,1.19357429939261
2016,"E07000228","Mid Sussex",147540,94151.2535463841,36595.1521784451,93.3788647377221,10092.2950378326,14858.9398503698,14452.561020374,170243.580498143,1.15388084924863
2017,"E07000228","Mid Sussex",148345,98243.1841052172,36014.0095327513,96.5931662116517,4947.73793135004,13442.7062754516,14266.9168290733,167011.147840055,1.12582930223503
2018,"E07000228","Mid Sussex",149716,103574.835379099,33559.138970063,79.6647291966486,2113.12001602139,16243.8102852203,14305.2209806455,169875.790360245,1.13465354644958
2002,"E06000002","Middlesbrough",140090,30069.2536370255,35595.90268868,NA,87180.6634823311,47767.1906861798,11318.4433187666,211931.453812983,1.5128235692268
2003,"E06000002","Middlesbrough",139050,49144.8337151819,41474.8379938133,NA,96008.3340584843,42765.104313323,11937.8166512482,241330.926732051,1.7355694119529
2004,"E06000002","Middlesbrough",138451,46495.6818140727,67557.117433077,NA,101189.572647162,40557.7743166672,11862.1220615515,267662.26827253,1.93326352480322
2005,"E06000002","Middlesbrough",138517,57812.7336788913,72924.2850853025,NA,101158.097002535,50180.1982489643,12753.551220323,294828.865236016,2.12846701297325
2006,"E06000002","Middlesbrough",138169,124088.426167438,75034.9432057215,NA,14190.1699621371,73508.3432898612,11363.5464871687,298185.429112326,2.15812106270094
2007,"E06000002","Middlesbrough",138190,129421.703091496,74253.0928134634,NA,12982.8217083366,77361.6663177122,11551.833563162,305571.11749417,2.21123900060909
2008,"E06000002","Middlesbrough",137885,118502.52737399,77854.9887980678,18127,11824.9357443472,84944.2421888377,11870.0167983923,323123.710903635,2.34342902348794
2009,"E06000002","Middlesbrough",137273,121746.875454342,90254.2687470251,20464,18621.9103737866,80682.0575031371,12112.4399979807,343881.552076272,2.50509242222631
2010,"E06000002","Middlesbrough",137667,128777.482769355,104405.171915966,23235,12876.1341022988,88674.0569454316,12423.1632246165,370391.008957668,2.69048507599982
2011,"E06000002","Middlesbrough",138368,119691.532817646,97496.639375435,1223,24286.7704164006,78569.734524006,12747.2690350959,334014.946168584,2.41396093149127
2012,"E06000002","Middlesbrough",138726,113850.948557615,101889.093827558,501,1856.31174858985,95765.705431104,11792.1447219984,325655.204286865,2.34747058436678
2013,"E06000002","Middlesbrough",138911,119821.155532657,84286.7374465593,95,63477.7700074647,41745.4640942486,22958.6691674137,332384.796248344,2.39278960088361
2014,"E06000002","Middlesbrough",138991,110384.832710177,85307.2742986374,81,51726.1817786506,43955.734416045,24132.1124176204,315587.135621131,2.27055806218482
2015,"E06000002","Middlesbrough",139310,99976.3095624117,91359.5059258756,57,37054.5810479138,45143.7083022089,23002.2796926689,296593.384531079,2.12901718850821
2016,"E06000002","Middlesbrough",140326,98575.3875208111,89652.9038339304,0,29563.6481647111,44337.3011396945,22952.201464689,285081.442123836,2.03156537009418
2017,"E06000002","Middlesbrough",140639,104873.770744134,81881.9643826009,0,22652.021557891,44718.7412399541,22647.313171421,276773.811096001,1.96797340066412
2018,"E06000002","Middlesbrough",140545,97669.3011440799,80501.6621715427,0,17949.5554518264,49613.3041703804,22569.6676166688,268303.490554498,1.90902195421038
2002,"E06000042","Milton Keynes",215061,25264.0141587093,36091.6615080672,NA,76471.8484249808,69945.4546153002,12506.0143782241,220278.993085282,1.02426285140161
2003,"E06000042","Milton Keynes",217597,34063.4263927454,38930.2558273507,NA,97612.0090791861,65964.7955204874,13600.2625060388,250170.749325808,1.14969760302673
2004,"E06000042","Milton Keynes",219521,34718.3936563428,63136.2607733601,NA,113693.018268085,63820.92425311,13876.3733162362,289244.970267134,1.31761868006767
2005,"E06000042","Milton Keynes",223462,41247.5814276066,69096.7273845493,NA,119718.066770838,77980.8416023482,14506.0428450474,322549.26003039,1.44341883644821
2006,"E06000042","Milton Keynes",227225,173776.985534326,78570.7295120844,NA,13399.6485518321,69413.3019425801,14178.1195992674,349338.785140089,1.5374135114538
2007,"E06000042","Milton Keynes",231033,190971.349401794,90024.9374070181,NA,12419.9129448755,74010.1010554348,14606.8416793687,382033.142488492,1.65358690095567
2008,"E06000042","Milton Keynes",235625,194996.129952866,100094.229165423,9806,11557.8805814171,83023.2228204292,14994.5254414236,414471.987961559,1.75903230965118
2009,"E06000042","Milton Keynes",240178,202937.449504185,122630.819316644,10511,18405.0640762606,79739.0478294355,15572.0154785632,449795.396205088,1.87275852161767
2010,"E06000042","Milton Keynes",245450,211708.807953179,135139,14569,12871.9771573844,88641.6950931563,16179.4667664363,479109.946970156,1.95196556109251
2011,"E06000042","Milton Keynes",249895,188878.382552531,128024.673612073,551,24029.0462152432,77738.7387296469,17371.0499047765,436592.89101427,1.74710534830337
2012,"E06000042","Milton Keynes",252773,183222.409678856,126506.564981807,716,1847.48661977679,95299.3522339207,16191.498609981,423783.312124342,1.67653709899531
2013,"E06000042","Milton Keynes",256376,187413.244659962,111543.281693827,127,63267.2187252642,43508.8919704266,26181.2691164708,432040.90616595,1.68518467471975
2014,"E06000042","Milton Keynes",260225,188010.571754223,110462.064648661,0,51913.1786525844,40237.4281004961,27092.8545169753,417716.09767294,1.60521125054449
2015,"E06000042","Milton Keynes",263181,199870.756450164,107483.236020877,77,38680.693506855,50872.3566845292,25854.574179117,422838.616841543,1.60664568050711
2016,"E06000042","Milton Keynes",266240,209172.63612464,97848.2961485715,0,27976.6054127632,43869.1735927616,25780.2964654716,404647.007744208,1.51985805192386
2017,"E06000042","Milton Keynes",267521,195384.676339671,95142.57446724,0,18483.4905823591,48857.4151092989,25433.6086283541,383301.765126924,1.43279131405356
2018,"E06000042","Milton Keynes",268607,187304.497630621,94945.0985810309,0,12350.5789126784,51069.4506792668,25368.2399284264,371037.865732023,1.38134101394239
2002,"E07000210","Mole Valley",80498,9315.92433212015,8043.45547027198,NA,11271.8933770784,27209.5790488092,4136.54406534576,59977.3962936255,0.74507933481112
2003,"E07000210","Mole Valley",81233,11377.1060178363,8897.52146175951,NA,17139.6174925243,25661.983805588,4123.66161573392,67199.8903934421,0.827248659946599
2004,"E07000210","Mole Valley",81498,12447.6821663215,15108.6294935323,NA,20967.175634798,24522.2028912577,4207.33763573308,77253.0278216426,0.947913173594966
2005,"E07000210","Mole Valley",81808,12625.9710276633,16492.9026265627,NA,19259.9538842357,29323.4779577171,4411.1307515248,82113.4362477036,1.00373357431674
2006,"E07000210","Mole Valley",82319,49380.479731558,18068.8179668114,NA,2275.7265443403,11787.9169277853,4695.00057810888,86207.9417486039,1.04724233468098
2007,"E07000210","Mole Valley",83219,55875.9911814019,18736.3371804034,NA,2077.69029945082,12379.3272081406,4801.93603823887,93871.2819076356,1.12800300301176
2008,"E07000210","Mole Valley",84256,55586.9448182554,19697.8385806734,3017.49054283391,1964.64254031272,14113.0570092425,4909.88849183422,99289.8619831523,1.17843075844038
2009,"E07000210","Mole Valley",84732,56237.0066995012,22828.1579864681,3098.38985062833,3049.67987231349,13210.1998195148,5031.58187067026,103455.016099096,1.22096747508729
2010,"E07000210","Mole Valley",85413,59393.0849446262,27367.0639303111,1395.37245914919,2083.47043979236,14350.6228881759,5156.32306511613,109745.937727171,1.28488564653122
2011,"E07000210","Mole Valley",85637,58482.0902430668,26053.0332165723,137.955456693739,4037.13816677779,13059.5871220495,5282.0572317145,107051.861436875,1.25006552584601
2012,"E07000210","Mole Valley",86096,56112.6414077756,26022.0767224395,158.413280584872,314.696026208736,16249.9539686341,4893.35237219482,103751.133777838,1.20506334531032
2013,"E07000210","Mole Valley",86761,51995.4296798644,22119.9278126668,164,13052.9758304047,8886.69568664351,7595.80476044418,103814.833770024,1.19656105588944
2014,"E07000210","Mole Valley",86871,50672.8967421044,22781.3097041049,51.7153694500878,11256.8727036883,9033.92965522573,7915.95891744231,101712.683092016,1.17084738396031
2015,"E07000210","Mole Valley",86978,50462.6902391882,23157.2764252607,13.6507998246305,9048.89222795983,10590.1972036418,7502.52409709463,100775.23099297,1.15862897506231
2016,"E07000210","Mole Valley",87258,49280.3829524555,22741.5290612013,14.5558564417303,5230.23217461108,9016.03075305092,7433.23994797435,93715.9707457348,1.07401007066097
2017,"E07000210","Mole Valley",87128,47370.1570249747,21196.2986701493,13.3780604578844,2057.86912406006,10357.9809325913,7300.89273032368,88296.5765425568,1.01341218141765
2018,"E07000210","Mole Valley",87253,48098.4457726667,21047.9708021308,5.71942141328847,0,12759.4731724617,7283.02323658287,89194.6324052553,1.02225290139314
2002,"E07000091","New Forest",170595,18031.6920267985,19198.5956675087,NA,37809.1346795272,57070.2433210947,10339.706773137,142449.372468066,0.835014932841327
2003,"E07000091","New Forest",171256,22986.7263205961,20431.3881704738,NA,48891.9491704303,53877.5387572711,10863.9241820903,157051.526600861,0.917057075961493
2004,"E07000091","New Forest",171769,25674.3201153378,23572.2969077019,NA,55973.4422322305,51548.1635629436,11133.561142502,167901.783960716,0.977485948923937
2005,"E07000091","New Forest",172423,27478.4093048604,25267.1510401203,NA,51638.8123258397,61646.2944804452,11447.2537073003,177477.920858566,1.02931697545319
2006,"E07000091","New Forest",173269,108789.636003968,36696.2814850572,NA,6019.54539734958,31184.1880746253,10684.162406084,193373.813367084,1.11603237374882
2007,"E07000091","New Forest",174048,115750.318311072,39252.4275911132,NA,5510.42639897178,32833.4182720787,10921.491705444,204268.08227868,1.17363073565155
2008,"E07000091","New Forest",174548,112490.972387338,42523.3444632009,8758.00214600735,5057.07281698116,36327.5516577912,11137.3913373185,216294.334808637,1.23916822197125
2009,"E07000091","New Forest",175432,120673.642791328,48761.9515531727,6146.17795877103,7864.18585261502,34068.9783261591,11437.0242650477,228951.960747094,1.30507524708772
2010,"E07000091","New Forest",176323,120467.9633737,51572.2742887361,9335.74209412602,5390.01067062055,37115.2908554371,11713.4238975328,235594.705180152,1.33615413292737
2011,"E07000091","New Forest",176789,119484.180294581,52754.9520632803,353.857152689851,10295.5307575535,33306.6069305466,12825.1557661032,229020.282964755,1.29544419033285
2012,"E07000091","New Forest",177480,113825.890892103,54082.0320956832,295.951860981798,789.014906563928,40718.1060530968,11874.0952854344,221585.091093863,1.24850738727667
2013,"E07000091","New Forest",178186,112924.763790852,44179.9422092555,153.299152352669,28151.5470294065,18301.1223245275,18730.0195162947,222440.694022688,1.24836235182724
2014,"E07000091","New Forest",179014,113359.793370667,44060.1549731889,133.96600690413,24487.5333142165,19433.343868413,19115.9170193213,220590.708552711,1.23225394970623
2015,"E07000091","New Forest",179275,118560.911235058,43857.2323864365,111.89874457809,19807.1901093684,21387.1118592459,18093.8114105569,221818.155745244,1.23730668383904
2016,"E07000091","New Forest",179529,120196.753935852,42416.9643096528,0,13616.1662164493,19862.2972968562,17878.8757505412,213971.057509352,1.19184676297062
2017,"E07000091","New Forest",179590,122247.762424265,40105.3073461693,0,7410.88104802015,21140.7709108262,17564.6676123629,208469.389341644,1.16080733527281
2018,"E07000091","New Forest",179753,122794.236748042,37466.2252832925,0,3596.15270816734,24025.0499005108,17524.6644774379,205406.329117451,1.1427143308732
2002,"E07000175","Newark and Sherwood",106954,13464.24673501,18433.9434589667,NA,33540.3565963085,35376.2767161278,7066.99325035388,107881.816756767,1.00867491404498
2003,"E07000175","Newark and Sherwood",108359,19191.0282550477,17556.5515825223,NA,42989.3989510221,33984.0978588246,7603.91376809277,121324.990415509,1.11965771569975
2004,"E07000175","Newark and Sherwood",109776,21665.1475734173,26568.2674599289,NA,48490.4890862364,32812.9608488087,7822.80197195822,137359.66694035,1.25127229030343
2005,"E07000175","Newark and Sherwood",110553,23493.571866482,27733.6135697985,NA,46745.3960432111,39398.5205474528,8165.24260184171,145536.344628786,1.31643957765765
2006,"E07000175","Newark and Sherwood",111534,80461.6649368906,29872.9324069435,NA,5828.79433685076,30195.8127975839,7563.00060894292,153922.205087212,1.38004738543594
2007,"E07000175","Newark and Sherwood",112471,87019.6659606997,31583.0572766604,NA,5413.35776871335,32257.7735378526,7750.9358854321,164024.790429358,1.45837407357771
2008,"E07000175","Newark and Sherwood",113309,84456.8132791327,33075.9377409508,4739.36966076557,5126.10301745202,36822.1564022556,8101.79943834864,172322.179538905,1.52081634767675
2009,"E07000175","Newark and Sherwood",113914,90819.139787974,37131.1597022411,5116.46079566212,8220.08016194242,35613.5577433595,8314.16957093272,185214.567762112,1.62591575892438
2010,"E07000175","Newark and Sherwood",114596,85556.9921665453,42049.0846641506,7704.80772288473,5785.05835523296,39842.595069948,8534.42433897792,189472.962317739,1.65339944079845
2011,"E07000175","Newark and Sherwood",114982,83494.3781395602,38160.1472063911,211.463904239472,10828.1661778645,35032.5301449349,9155.80130100532,176882.486873996,1.53834936663126
2012,"E07000175","Newark and Sherwood",115851,70314.9178208052,35113.2304880402,273.732149026725,826.081221540928,42606.7703200029,8508.37296086945,157643.104960285,1.36074013137811
2013,"E07000175","Newark and Sherwood",116878,66602.059527413,27268.487427101,85.8508983291542,27319.0142534542,20694.907071762,14516.4232738375,156486.742451897,1.33888963236791
2014,"E07000175","Newark and Sherwood",117859,65413.5137174903,27554.8291723328,48.6658562204347,22992.822984938,18934.0643040489,15136.8416963784,150080.737731409,1.27339225457037
2015,"E07000175","Newark and Sherwood",118695,67497.0988410626,27539.0110425503,36.0700344944351,17013.949676236,21593.1863066,14400.1236098557,148079.439510799,1.24756257222966
2016,"E07000175","Newark and Sherwood",119848,65467.9490289757,27590.3187879257,0,12051.2881602747,19312.6128474273,14321.4869809956,138743.655805599,1.15766350548694
2017,"E07000175","Newark and Sherwood",120965,67786.6544763493,25995.634004627,0,7480.73262889584,20013.9455658794,14133.0770578697,135410.043733621,1.11941506827282
2018,"E07000175","Newark and Sherwood",121566,66132.7092177923,24881.4646747881,0,4550.65649911054,23866.7415212197,14115.4936453546,133547.065558265,1.09855605644889
2002,"E08000021","Newcastle upon Tyne",267001,60873.5102755359,83684.4914302278,NA,148627.70925605,89963.5926889009,21683.6683475206,404832.971998236,1.51622268080732
2003,"E08000021","Newcastle upon Tyne",266862,105328.198128881,87134.3963243392,NA,174872.06265063,82467.4775818039,23688.9338600904,473491.068545745,1.77429183827501
2004,"E08000021","Newcastle upon Tyne",266884,110377.21695676,134772.863444907,NA,190996.610273679,78881.4502185352,23974.1002213007,539002.241115182,2.01961242005958
2005,"E08000021","Newcastle upon Tyne",269608,113282.406161209,137854.359092864,NA,192257.304702846,96327.7051348381,25172.6728705929,564894.447962351,2.09524364248224
2006,"E08000021","Newcastle upon Tyne",270258,219915.706115675,138540.053161224,NA,29305.9211044882,151817.872651953,20498.2922295928,560077.845262933,2.07238211362081
2007,"E08000021","Newcastle upon Tyne",271577,235149.921118014,144541.699929904,NA,26781.1219538676,159579.679499935,20924.4922969082,586976.914798629,2.16136460303571
2008,"E08000021","Newcastle upon Tyne",271649,225244.023887335,151648.489536365,21276,24028.9335874587,172612.85990882,21142.7976141353,615953.104534113,2.26745949565105
2009,"E08000021","Newcastle upon Tyne",273422,236396.362355164,162767.234022909,25201.1154527305,37543.8519224524,162658.488698043,21600.5256332467,646167.578084546,2.36326110585303
2010,"E08000021","Newcastle upon Tyne",276681,235493.079317827,169140.798162046,38149,25831.3739309409,177888.750335216,22258.8048318353,668761.806577865,2.41708612654235
2011,"E08000021","Newcastle upon Tyne",279092,238695.926150029,175085.086316784,118,48258.3586736559,156123.853533596,24420.2233425489,642701.448016614,2.3028300632645
2012,"E08000021","Newcastle upon Tyne",281893,228441.586487614,175426.846803022,0,3662.34116331933,188912.201242792,22760.8863923133,619203.862089061,2.19659183480633
2013,"E08000021","Newcastle upon Tyne",285821,229840.236498999,149912.003296131,140,123941.183969569,70032.2307976476,47859.057746678,621724.712309025,2.17522404690007
2014,"E08000021","Newcastle upon Tyne",288340,235557.579532173,152279.219320905,144,102977.61775372,88297.0820526039,47911.2398303123,627166.738489714,2.17509446656626
2015,"E08000021","Newcastle upon Tyne",290764,237498.866581716,144091.293292524,78,76387.0781261574,90403.0481338592,45914.8337381191,594373.119872376,2.04417713290633
2016,"E08000021","Newcastle upon Tyne",293713,239113.671518974,140678.986795244,66,61199.6822766347,80657.9287768207,45905.4146195513,567621.683987225,1.93257255888308
2017,"E08000021","Newcastle upon Tyne",295842,234935.279967,118914.188573686,0,47316.3405498531,82605.5438719193,45466.6466524181,529237.999614876,1.78892111199517
2018,"E08000021","Newcastle upon Tyne",300196,232993.642162285,104991.897886741,0,37935.3227898283,96600.2511758924,45879.9737094488,518401.087724196,1.72687540048567
2002,"E07000195","Newcastle-under-Lyme",122165,13672.4416865322,22859.2811627656,NA,32732.4639277552,40754.227378298,7092.20875224015,117110.622907591,0.958626635350478
2003,"E07000195","Newcastle-under-Lyme",122657,16666.5633669156,24781.5407864968,NA,43076.6706109573,38545.5272729739,7490.3529787474,130560.655016091,1.06443704815943
2004,"E07000195","Newcastle-under-Lyme",123076,18090.3506774037,26981.9712719963,NA,48772.334925049,36824.8134937485,7533.99004002299,138203.460408221,1.12291153765332
2005,"E07000195","Newcastle-under-Lyme",123170,19857.8502460947,28958.2766546045,NA,46346.4881033947,43869.4756400375,7872.64671667008,146904.737360801,1.19269901242836
2006,"E07000195","Newcastle-under-Lyme",123191,81887.6023164184,31904.0023643673,NA,5612.40118259098,29072.6150447923,7315.91503750969,155792.535945679,1.2646421893294
2007,"E07000195","Newcastle-under-Lyme",123526,85442.4374493467,32941.7151758509,NA,5157.75230779017,30733.0890378284,7433.91313117618,161708.907101992,1.30910826143478
2008,"E07000195","Newcastle-under-Lyme",123213,83508.5070304894,35714.0083776881,4786.70498913072,4815.54641524636,34591.454621415,7625.29322817032,171041.51466214,1.38817750287827
2009,"E07000195","Newcastle-under-Lyme",123073,84649.70689054,40359.7728054085,4970.10328907485,7647.03862635193,33133.0055051206,7785.77762549223,178545.404741988,1.45072765547267
2010,"E07000195","Newcastle-under-Lyme",123351,87402.5137332292,44928.8988093719,6457.30122729725,5343.11560789653,36793.9517454248,7961.20623015724,188886.987353377,1.53129676576093
2011,"E07000195","Newcastle-under-Lyme",123878,84299.7422495357,42082.5036347737,297.824654580211,9771.5101041309,31614.5004243863,8366.17666592307,176432.25773333,1.42424205858449
2012,"E07000195","Newcastle-under-Lyme",124104,79384.7546620721,44309.9347288863,314.101199592976,750.375401990113,38731.6997572592,7729.30584817454,171220.171597975,1.37965070906639
2013,"E07000195","Newcastle-under-Lyme",125184,79856.0286600878,34737.1785358362,261.55822285919,25747.6715681573,18551.5022773245,13279.196611477,172433.135875742,1.3774374990074
2014,"E07000195","Newcastle-under-Lyme",125978,81765.5105699302,32787.4515248702,81.7515717492179,21866.6313611629,18785.2500516522,14001.3988707502,169287.993950115,1.34379013756461
2015,"E07000195","Newcastle-under-Lyme",126863,78936.9029241664,33699.507816727,60.1821076219661,16973.7514438759,18431.8361686307,13477.9238808811,161580.104341903,1.27365823243895
2016,"E07000195","Newcastle-under-Lyme",128126,73292.4141748567,31922.9609814965,43.9197880959801,12237.7119351233,18898.5973845689,13542.4140528119,149938.018316953,1.1702388142684
2017,"E07000195","Newcastle-under-Lyme",128963,71135.2063503235,30866.4111787324,42.7988482186432,7797.71629293562,20993.4431462714,13386.3741261567,144221.949942638,1.11832037051432
2018,"E07000195","Newcastle-under-Lyme",129490,67858.7330810256,29645.276758208,237.970881139463,4965.60927444624,20874.7648985663,13383.452750183,136965.807643569,1.05773270247562
2002,"E09000025","Newham",255282,109312.786788216,147557.621255171,NA,266027.976706837,80216.6129629476,35156.7750102994,638271.772723471,2.5002615645579
2003,"E09000025","Newham",256224,203363.339941599,162278.018990734,NA,296087.629952709,77600.3983331839,37504.1179420667,776833.505160292,3.03185300815026
2004,"E09000025","Newham",254434,186018.179414858,243995.01434224,NA,316195.156710926,76830.0387004506,38444.9259499538,861483.315118428,3.38588127026431
2005,"E09000025","Newham",253798,215587.516313655,266629.165909098,NA,323779.912027237,90455.1809201186,39736.7059839934,936188.481154101,3.68871496684017
2006,"E09000025","Newham",257994,422429.410846265,280151.700828856,NA,36199.0587086436,187526.655244758,33999.5230690362,960306.348697558,3.72220419349891
2007,"E09000025","Newham",266285,457812.032153974,292001.228700354,NA,33560.3362065481,199977.029268836,35536.3572368422,1018886.98356655,3.82630258394785
2008,"E09000025","Newham",276478,460213.594278592,258849.24031686,32399,30685.0303036509,220425.950391831,37276.5141719429,1039849.32946288,3.76105632080266
2009,"E09000025","Newham",286447,481825.87716965,301054.677538975,36966.5730261423,48657.4693124186,210810.710349037,39080.7179824375,1118396.02537866,3.90437332343736
2010,"E09000025","Newham",299171,499649.176089507,294713.970214582,42661.3244336193,33917.5679904286,233578.356898565,41369.7544852413,1145890.15011194,3.83021800278752
2011,"E09000025","Newham",310460,540841.826150408,298788.733604269,400.240434195914,62197.630440445,201219.259281506,42674.2503827516,1146121.94029357,3.69168955837652
2012,"E09000025","Newham",316295,484638.992706388,300591.632445495,203.698226333349,4696.1516238201,242234.71925889,40031.8976636069,1072397.09192453,3.39049650460656
2013,"E09000025","Newham",321465,581056.336692851,272146.247578069,0,154452.76987328,74723.7877792797,74846.7438352529,1157225.88575873,3.59985032821219
2014,"E09000025","Newham",328066,516033.478880706,278861.542254852,0,126728.476327488,147296.476385338,76976.4324714693,1145896.40631985,3.4928837682657
2015,"E09000025","Newham",336254,520371.530762348,301198.367105538,0,92553.9073789681,148562.316063243,74252.2491115078,1136938.3704216,3.38118913208945
2016,"E09000025","Newham",344533,429281.767951133,275483.502161314,0,77265.9190692591,147709.87801829,74826.0485307354,1004567.11573073,2.9157355484982
2017,"E09000025","Newham",347996,407477.997430339,289103.49609979,12615,56374,199582.070743901,74215.5704825416,1039368.13475657,2.98672437256914
2018,"E09000025","Newham",352005,382153.334682663,263094.097401906,0,0,284995.977994129,67508.5947349379,997752.004813636,2.83448247841262
2002,"E07000043","North Devon",88477,15170.8100518582,20585.5833762323,NA,23757.5007642869,29333.1488580337,5289.87240002651,94136.9154504377,1.06397047199202
2003,"E07000043","North Devon",89570,13984.9615234084,24299.2323420867,NA,29366.798904692,28050.7714994503,5702.4574829932,101404.221752631,1.13212260525433
2004,"E07000043","North Devon",90433,15486.4535694834,26361.2737633188,NA,32081.4518805257,27048.9277451254,5839.32729516799,106817.434253621,1.18117760390147
2005,"E07000043","North Devon",91146,16330.3648078494,28365.6717399485,NA,30955.6434278271,32411.9387793919,6078.88481288255,114142.503567899,1.25230403493186
2006,"E07000043","North Devon",91744,57981.3100256235,30197.0355360441,NA,4547.7897402324,23561.8959542422,5652.14135688165,121940.172613024,1.32913512178479
2007,"E07000043","North Devon",92355,62772.9995299359,30711.1743574219,NA,4177.6444852823,24892.0968243571,5807.43000921573,128361.345206213,1.38986893190637
2008,"E07000043","North Devon",92775,61111.7122894478,33276.8555935332,4925.11411353374,3939.05560043934,28300.0368725528,5960.52297275522,137513.297442262,1.48222363182174
2009,"E07000043","North Devon",93046,62767.5826402422,37100.0699050888,4968.83441837115,6274.20811473286,27181.6790391722,6063.82433459203,144356.198452199,1.55144980388409
2010,"E07000043","North Devon",93293,58606.8081653716,40775.6680960549,6781.05566817402,4404.84279090833,30332.5912766054,6246.74566321618,147147.71166033,1.57726422840224
2011,"E07000043","North Devon",93976,52199.1464030951,38272.199851814,222.588595295763,8433.19315040942,27282.4993375559,6687.21066124232,133096.837999412,1.41628541329076
2012,"E07000043","North Devon",93845,51484.053635119,38055.8063890606,406.96088710427,645.347553941485,33310.4036743132,6159.50975545116,130062.08189499,1.38592447008354
2013,"E07000043","North Devon",93839,52405.987447193,29609.9133290001,0,21779.1605712733,16105.7038505921,10143.3723363907,130044.137534449,1.38582186014822
2014,"E07000043","North Devon",94027,49924.386329969,29920.8574390516,112.507493114965,18367.9406014873,14862.8022161385,10535.9342280652,123724.428307827,1.3158393685625
2015,"E07000043","North Devon",94162,51499.1016841018,28868.7267005136,82.0436739227815,13597.7936973696,16234.935992488,9976.77613371926,120259.377882115,1.27715403116029
2016,"E07000043","North Devon",94643,51054.3449288258,28034.310037736,62.4609215606467,9131.38434213848,16116.2238488331,9901.85826149177,114300.582340586,1.20770244329307
2017,"E07000043","North Devon",95440,51360.3904583342,26742.2305966556,66.0781456633946,5256.61672026567,16659.591069097,9766.64837150162,109851.555361518,1.15100120873342
2018,"E07000043","North Devon",96110,48431.4888930704,25355.602861238,87.1325661460154,399.826895495747,24830.263402867,9761.10029868768,108865.414917505,1.13271683401836
2002,"E07000050","North Dorset",62943,7971.00939712031,12401.4194770752,NA,11283.0079476532,20853.1461973431,3384.87729332212,55893.460312514,0.888001212406686
2003,"E07000050","North Dorset",63958,9889.86189974659,13251.7258577204,NA,15206.3821230192,19898.5136002129,3616.76862862435,61863.2521093234,0.967248070754611
2004,"E07000050","North Dorset",64867,11671.0219287043,14857.0315308454,NA,17541.0308547253,19293.6430106645,3699.33355119485,67062.0608761344,1.03383940795989
2005,"E07000050","North Dorset",65904,11515.1991647746,16364.3349472222,NA,16128.811172233,23454.1755701071,3880.6793562622,71343.2002105991,1.08253217119749
2006,"E07000050","North Dorset",66964,43178.8419072859,17844.5563657933,NA,1962.9078511554,10169.9919756914,3591.36316163356,76747.6612615596,1.14610329821336
2007,"E07000050","North Dorset",68094,50148.524129916,15107.1874587492,NA,1850.25928298602,11023.2131791866,3693.78785962125,81822.971910459,1.20161793859164
2008,"E07000050","North Dorset",68098,49948.0531333324,15572.9885075864,2686.98094607877,1826.90578589351,13120.7456598128,3707.806752351,86863.4807850548,1.27556581375451
2009,"E07000050","North Dorset",67798,48568.1958497131,21657.000329029,2827.04147559658,2920.17503599825,12650.3110851844,3775.07846929906,92397.8022448203,1.36283964489838
2010,"E07000050","North Dorset",67922,51801.5910645783,23683.3072121161,3937.24060289067,2059.76798734803,14187.344586106,3845.75102597696,99515.002479016,1.46513651657807
2011,"E07000050","North Dorset",69002,46677.5813940089,23101.6784417116,234.421978043222,4140.81404714286,13395.1150261553,4246.18861778146,91795.7995048434,1.3303353454225
2012,"E07000050","North Dorset",69352,44020.7345649887,22999.0556360175,209.439490077476,329.721480878342,17010.2912872815,3922.72614217463,88491.9686014181,1.27598293634528
2013,"E07000050","North Dorset",69890,45090.9984197078,18629.2515556621,156.363215634554,11699.9515057066,7913.78970560533,5992.54779875632,89482.9022010728,1.28033913580015
2014,"E07000050","North Dorset",69978,43772.1224401786,20894.9690177731,165.707358219155,9976.82852493561,7747.63147578911,6409.76145191022,88967.0202688058,1.27135700175492
2015,"E07000050","North Dorset",70607,40836.1601279519,18622.468220042,18.8137916297372,7440.30620499319,8200.34845911777,6133.9498482017,81252.0466519363,1.15076474927325
2016,"E07000050","North Dorset",70915,40132.3238474429,18321.8261568617,51.1406653063251,4382.71771269053,7815.1541364952,0,70703.1625187966,0.997012797275564
2017,"E07000050","North Dorset",71096,41127.6583709187,18165.0214644627,60.6045489760212,1695.2992013254,8374.23979931128,6057.86786628588,75480.69125128,1.06167282619669
2018,"E07000050","North Dorset",70841,40751.5090756101,15648.5824399046,78.3955396749477,396.283281557406,7959.13862329078,6023.7984585662,70857.707418604,1.00023584391248
2002,"E07000038","North East Derbyshire",96916,11840.6522117494,11647.9106531154,NA,26457.5901368795,32434.5634739433,5639.95374633652,88020.6702220242,0.908216086322426
2003,"E07000038","North East Derbyshire",97127,15172.4399744862,13588.0686838998,NA,35198.4928998489,30517.3579548234,5955.30657009914,100431.666083158,1.03402417539055
2004,"E07000038","North East Derbyshire",97532,16640.0527723046,24265.9674342302,NA,40488.8221207015,29259.1736964144,6123.00129697716,116777.017320628,1.19732003158582
2005,"E07000038","North East Derbyshire",97666,17807.4277302436,24333.2374391747,NA,39135.9432209782,34983.3066361829,6262.05517925801,122521.970205838,1.25449972565517
2006,"E07000038","North East Derbyshire",97740,69589.8085709828,24784.4165109974,NA,4837.37994673233,25060.2789520541,5984.01116719606,130255.895147963,1.33267746212362
2007,"E07000038","North East Derbyshire",98067,71979.4093171239,26485.3123098393,NA,4511.42673285878,26882.5984961546,6107.05132105918,135965.798177036,1.38645821914646
2008,"E07000038","North East Derbyshire",98261,64060.9195085661,28326.219467499,4238.76991689853,4314.4711126017,30993.9431700827,6212.63134693048,138146.954522578,1.40591846737341
2009,"E07000038","North East Derbyshire",98474,71234.0364031004,32215.951449464,4476.71388049723,6919.04942152606,29977.2849209563,6369.03951514286,151192.075590687,1.53535019995823
2010,"E07000038","North East Derbyshire",98832,74080.4391399166,34756.250668014,6208.76604665941,4871.49408993306,33549.0838908823,6529.54524755587,159995.579082961,1.61886412379554
2011,"E07000038","North East Derbyshire",99100,71455.4319020739,33763.483879339,275.817840682611,9107.99755272218,29464.8324526787,6818.50640084501,150886.070028341,1.52256377425168
2012,"E07000038","North East Derbyshire",99347,68968.5427985353,34040.7044237883,293.652519108832,697.283690314475,35956.525558251,6307.99543301429,146264.704423012,1.47226090795909
2013,"E07000038","North East Derbyshire",99306,70941.4485745122,26846.2599805057,194.356863356077,23770.6574589308,15994.6846080084,10638.7106486593,148386.118133973,1.49423114548942
2014,"E07000038","North East Derbyshire",99383,70310.1041443959,27161.7531606316,150.02034132002,19872.4476149357,16649.0090982399,11020.2393698043,145163.573729327,1.46064793505255
2015,"E07000038","North East Derbyshire",99661,70151.2952813089,27860.0573463093,127.140374826647,14665.061569178,18255.4780752808,10486.0790428147,141545.111689718,1.42026581802027
2016,"E07000038","North East Derbyshire",100450,69420.4302728702,28267.0860443301,0,10643.7646921295,17738.6746947982,10453.3062399742,136523.261944102,1.35911659476458
2017,"E07000038","North East Derbyshire",100780,69358.6782013494,26396.9998838334,0,6850.74150203875,18013.8950622118,10292.9140705434,130913.228719977,1.29900008652487
2018,"E07000038","North East Derbyshire",101125,69652.4389863111,22970.7791926566,0,0,27142.186539055,10285.8298221996,130051.234540222,1.28604434650405
2002,"E06000012","North East Lincolnshire",158003,24189.7376681029,37487,NA,77072.4393852823,51679.3235651266,10854.3952170698,201282.895835581,1.27391819038614
2003,"E06000012","North East Lincolnshire",158373,39216.5172742666,32831.2137305787,NA,91440.6066657498,50061.7959904942,11595.3184685731,225145.452129662,1.42161512460876
2004,"E06000012","North East Lincolnshire",158542,41464.0143052053,51820.5269504838,NA,99258.98822575,47728.3572971409,11682.5027158883,251954.389494468,1.58919648733123
2005,"E06000012","North East Lincolnshire",158725,38641.8304609855,53282.4095873699,NA,98025.539992518,56779.6233044822,12071.7062356868,258801.109581042,1.63049998160997
2006,"E06000012","North East Lincolnshire",158610,142409.071870882,58148.6346534905,NA,11526.6534285844,59713.3308676041,10823.3355276332,282621.026348194,1.78186133502424
2007,"E06000012","North East Lincolnshire",158589,144645.496478036,60028.4142867527,NA,10718.7229806523,63873.4079135169,10992.5739975948,290258.615656552,1.83025692612068
2008,"E06000012","North East Lincolnshire",158708,129551.436788513,61243,18018,10005.5243737376,71877.2842333224,11498.2101120406,302193.455507613,1.90408457990532
2009,"E06000012","North East Lincolnshire",158689,132584.357813267,70097,20756,15972.6700394705,69202.3830375605,11821.7993862585,320434.210276556,2.01925911863176
2010,"E06000012","North East Lincolnshire",158951,117043.903063928,85239,21876,11185.7903465998,77033.7176363515,12155.6495717624,324534.060618642,2.0417239313917
2011,"E06000012","North East Lincolnshire",159735,99811.276565361,76509,1172,20840.6019049134,67423.6503054855,13013.9081386901,278770.43691445,1.74520572770182
2012,"E06000012","North East Lincolnshire",159788,76490.7186521499,77384,608,1578.13467643521,81422.3611392191,12050.0413570569,249533.255824861,1.56165203785554
2013,"E06000012","North East Lincolnshire",159963,68634.2794610056,64257,498,55085.664374758,37528.5316989519,21575.6129743942,247579.08850911,1.54772721510043
2014,"E06000012","North East Lincolnshire",160019,60477.9259044386,80586,154,45860.2942044923,43060.4275215178,22632.6164729924,252771.264103441,1.57963281924922
2015,"E06000012","North East Lincolnshire",159971,55167.4375895118,65598,114,33482.7749257694,30497.9761910681,21529.1342323519,206389.322938701,1.29016711115578
2016,"E06000012","North East Lincolnshire",159828,50821.9572718245,60828,0,26162.1607045539,39826.6727145833,21320.6366231041,198959.427314066,1.24483461792718
2017,"E06000012","North East Lincolnshire",159826,54638.2582340884,55330,0,19306.5556205598,38965.0021444227,21015.0906099237,189254.906608995,1.18413090866939
2018,"E06000012","North East Lincolnshire",159821,58351,49310.2844922942,0,14753.8402173622,46531.7520172516,20964.1338976595,189911.010624568,1.18827319704274
2002,"E07000099","North Hertfordshire",117959,12425.5116903614,16584.496116349,NA,33944.7471267903,39561.7164555113,6988.73857516482,109505.209964177,0.928332810249127
2003,"E07000099","North Hertfordshire",119148,16723.2421238318,30024.3253295349,NA,41757.2245993397,37383.7355340909,7387.75798426727,133276.285571065,1.11857761415269
2004,"E07000099","North Hertfordshire",120092,19841.6402575604,33397.0129391254,NA,47811.1128621704,35942.685937867,7567.96790806652,144560.41990479,1.20374729294865
2005,"E07000099","North Hertfordshire",120757,19524.094222266,37144.5647547142,NA,45042.2194578217,42997.2209727679,7883.13935042061,152591.23875799,1.26362230560539
2006,"E07000099","North Hertfordshire",121890,84536.6631232823,38648.2111320332,NA,4684.22296421564,24264.0021501088,7972.70534667918,160105.804716319,1.31352698922241
2007,"E07000099","North Hertfordshire",122974,90041.8873260177,40996.4947891522,NA,4275.20897261206,25477.137072046,8163.16466129955,168953.892821127,1.37389930246335
2008,"E07000099","North Hertfordshire",124391,89366.4772275422,44936.1534952839,4786.42154382487,3962.73679284047,28466.6767228592,8373.3813442365,179891.847126587,1.44618056874362
2009,"E07000099","North Hertfordshire",125269,95030.402755246,50410.0618940926,5022.95929870445,6179.61898743296,26772.5411422042,8590.7470342395,192006.33111192,1.53275216623362
2010,"E07000099","North Hertfordshire",126286,97054.3231787195,55140.5567706504,6757.68875836124,4252.43169312079,29286.0385955377,8824.52898908581,201315.567985475,1.59412419417414
2011,"E07000099","North Hertfordshire",127494,94582.5223302948,51665.3543806884,235.900970152453,7997.58961229622,25872.9752121762,9048.9426195545,189403.285125163,1.48558587168935
2012,"E07000099","North Hertfordshire",128302,82747.5803180934,49970.3624955835,242.336267622783,607.009240310956,31311.4778334371,8390.76545195171,173269.531606999,1.35048192239403
2013,"E07000099","North Hertfordshire",129231,80244.7533994729,41316.6159187388,122.363034775885,22036.4441039857,15389.6616597318,13493.4703608044,172603.30847751,1.33561845437635
2014,"E07000099","North Hertfordshire",130902,81665.3239331309,40765.3829734144,74.172828681462,19133.2060864932,15592.6218472615,13960.1429394513,171190.850608433,1.30777872460644
2015,"E07000099","North Hertfordshire",131611,82409.5336341918,40585.8681706158,44.8366362547326,15323.195915842,15572.4666532799,13318.9656175236,167254.866627708,1.27082741281282
2016,"E07000099","North Hertfordshire",132655,84366.3119783812,38814.4670779829,0,9841.28650459968,16301.5946152028,13305.3511007441,162629.011276911,1.2259546287506
2017,"E07000099","North Hertfordshire",133321,86141.143366183,36782.3400003726,0,5027.75831248825,16366.1377892414,13150.5204228179,157467.899891103,1.18111850264477
2018,"E07000099","North Hertfordshire",133214,86519.0321201656,34795.2427790419,0,2541.87111743424,18402.3023316292,13101.9008413791,155360.34918965,1.16624640945884
2002,"E07000139","North Kesteven",96898,11525.9110924677,11990.3293511089,NA,28665.8496628939,31123.8004759145,5070.45042557735,88376.3410079624,0.912055367582018
2003,"E07000139","North Kesteven",98593,16381.0787850367,13794.907436252,NA,36017.6046453769,30473.3934215625,5488.05134522623,102155.035633454,1.03612868696007
2004,"E07000139","North Kesteven",99943,19564.1920153477,18390.2013191258,NA,41217.0730709458,29567.1624919135,5637.34911327082,114375.978010604,1.14441209500019
2005,"E07000139","North Kesteven",100710,19471.0353243056,20201.7124478093,NA,40511.6041008439,35716.3468148183,5953.61910990899,121854.317797686,1.20995251511951
2006,"E07000139","North Kesteven",102275,71272.6350497656,22406.5165228606,NA,5104.08435339809,26447.230945093,5317.17669904612,130547.643570163,1.2764374829642
2007,"E07000139","North Kesteven",103844,76222.5316350962,23344.8072214478,NA,4815.16925962069,28691.4300147462,5492.48044581608,138566.418576727,1.33437096584037
2008,"E07000139","North Kesteven",105495,74513.819372699,23203.8741259739,5147.51167984246,4626.07453837153,33233.841348212,5732.08869402666,146457.209759126,1.38828579325205
2009,"E07000139","North Kesteven",106456,77886.6262480531,28232.3384684502,8428.2984995727,7462.40750908094,32331.3086710724,5944.70699646683,160285.686392696,1.50565197257737
2010,"E07000139","North Kesteven",107478,73771.9223101833,31195.1731373059,7663.72385836008,5276.21543259741,36336.2000449561,6154.80115481066,160398.035938213,1.49238017025078
2011,"E07000139","North Kesteven",108518,63280.288972086,29304.4268489916,243.219948290914,10105.4974900947,32691.5215230676,6507.57593233049,142132.530714861,1.30975995424594
2012,"E07000139","North Kesteven",109311,56084.8411157645,27314.8791129947,303.986184342255,772.354351598478,39818.398509978,6052.21293716212,130346.67221184,1.19243875009688
2013,"E07000139","North Kesteven",109935,53047.8196717012,21965.3563875819,209.089883965036,26297.7445257086,18256.2807985392,9828.13495223754,129604.426219734,1.17891869031458
2014,"E07000139","North Kesteven",111197,53401.8421926366,21137.9687806571,188.851639462976,22068.945282462,19557.6072885668,10495.3197123596,126850.534896145,1.14077299653898
2015,"E07000139","North Kesteven",112186,53225.1415067471,20078.258813318,161.276408761104,16579.8090730318,20754.3751217197,10026.2196080559,120825.080531634,1.07700676137516
2016,"E07000139","North Kesteven",113644,54394.0929954042,20028.9275977396,120.538982372709,12076.2252517753,18259.7554990461,10003.5148890121,114883.05521535,1.01090295321662
2017,"E07000139","North Kesteven",115230,58437.7277770308,18748.8988991854,0,8135.01649690949,22072.7618425099,9931.14776795164,117325.552783587,1.01818582646522
2018,"E07000139","North Kesteven",115985,57629.227285657,17918.0633592341,0,0,33683.2352953629,9934.56080906761,119165.086749322,1.02741808638463
2002,"E06000013","North Lincolnshire",154240,22197.6437531451,20719,NA,61801.5443300819,50764.5284373406,10595.8869026591,166078.603423227,1.07675443090785
2003,"E06000013","North Lincolnshire",156196,30331.8396896652,24463.1695545419,NA,75829.1496389122,48516.3513384936,11435.9288737174,190576.43909533,1.22011088053043
2004,"E06000013","North Lincolnshire",158211,29606.0182742796,39271.4966214819,NA,84327.3694300825,46532.8530883801,11658.1122805528,211395.849694777,1.33616404481848
2005,"E06000013","North Lincolnshire",159679,35094.6811288688,40514.4180595472,NA,82137.7449832432,56006.5799378574,12144.2619625657,225897.686072082,1.41469877737262
2006,"E06000013","North Lincolnshire",161163,123849.083562997,40612.8380219437,NA,10182.9123290521,52753.1614060631,10997.5488534138,238395.54417347,1.47922007019893
2007,"E06000013","North Lincolnshire",162801,129154.119277634,41693.5580859809,NA,9412.11815430565,56086.4967225247,11284.5281790189,247630.820419464,1.52106449235241
2008,"E06000013","North Lincolnshire",164519,123239.668309154,44814,8823,8841.22982737438,63512.2910173524,11919.2103071226,261149.399461004,1.58735100177489
2009,"E06000013","North Lincolnshire",165572,124143.39172128,53175,9316,14164.1876927525,61367.2124614495,12334.559849653,274500.351725135,1.65789113935409
2010,"E06000013","North Lincolnshire",166539,132310.125437169,65722,11952,9946.29904519247,68494.6417980406,12735.9357539855,301161.002034388,1.8083512092326
2011,"E06000013","North Lincolnshire",167516,122822.610849989,59685,0,18407.036796591,59548.1375626738,13647.8407096804,274110.625918934,1.636325043094
2012,"E06000013","North Lincolnshire",168351,102135.746412798,61718,202,1409.18240989651,72704.9675892349,12695.8001383201,250865.696550249,1.49013487624219
2013,"E06000013","North Lincolnshire",168716,95654.8801569301,50780,269,46630.0421763262,32136.1476974073,22756.2068640116,248226.276894675,1.47126696279354
2014,"E06000013","North Lincolnshire",169213,96105.6850440746,50291,231,38874.4208951734,35363.3169323554,23932.9887778605,244798.411649464,1.4466879710747
2015,"E06000013","North Lincolnshire",169843,100233.639969216,50289,0,28997.514416472,37330.6425428333,22857.7226211335,239708.519549655,1.41135354150395
2016,"E06000013","North Lincolnshire",170807,100958.109115603,49510,0,22538.4815956074,37508.1411477327,22785.2064699712,233299.938328914,1.36586871924988
2017,"E06000013","North Lincolnshire",171294,109052.862506475,42972.47668,0,15952.8126867229,44943.7318748685,22522.9870667868,235444.870814853,1.37450740139674
2018,"E06000013","North Lincolnshire",172005,109550.71946,36674.5261093722,0,1461.35555770128,45491.0248636122,22562.3406878128,215739.966678499,1.25426567064038
2002,"E07000147","North Norfolk",98723,12074.9066876757,13864.1910952962,NA,27351.2495622076,32972.8307115573,5687.00155701009,91950.179613747,0.931395719475168
2003,"E07000147","North Norfolk",99121,14679.1935807596,15374.7184268639,NA,34671.8980258651,30996.8828949041,6115.41872076847,101838.111649161,1.02741206857438
2004,"E07000147","North Norfolk",99374,16098.8265738209,23534.3084725815,NA,39189.2870428717,29627.2283441013,6207.50949748066,114657.159930856,1.15379435195178
2005,"E07000147","North Norfolk",99638,17446.0108131099,25421.0493285858,NA,37559.2472967225,35479.1124718978,6464.98527628237,122370.405186598,1.22814995470201
2006,"E07000147","North Norfolk",99907,64808.2405236279,26409.3893737742,NA,5300.55436505352,27456.8188687939,5529.05931522612,129504.062446476,1.29624613336879
2007,"E07000147","North Norfolk",100338,69452.7846145555,29242.0868943463,NA,5007.78987118912,29838.4754720371,5663.76221188222,139204.89906401,1.38735971480406
2008,"E07000147","North Norfolk",100887,66522.1814508702,32413.4329080981,4681.4161949863,4740.87976042638,34057.4616604971,5854.95758382403,148270.329558702,1.469667346226
2009,"E07000147","North Norfolk",100556,70597.6910339042,37193.8641031246,4803.88204358691,7534.67255702394,32642.6306360806,5987.3446296176,158760.085003338,1.57882259639741
2010,"E07000147","North Norfolk",100780,68609.4362019683,40554.707024994,6069.14566562633,5277.52875630477,36344.1415433461,6144.09599425976,162999.055186499,1.61737502665707
2011,"E07000147","North Norfolk",101664,70841.8757519554,38503.0760786851,297.084481968197,9768.76291617894,31602.159431993,6820.88731781445,157833.845978595,1.55250478024271
2012,"E07000147","North Norfolk",101829,67164.8472955332,38602.2136030997,339.353743494514,749.743419356256,38679.7991240069,6320.63749773081,151856.594683221,1.49129024819277
2013,"E07000147","North Norfolk",102079,62438.6169073511,31852.8528431706,119.755415398899,28110.7814375799,19152.257090691,10233.047464311,151907.311158502,1.48813478931516
2014,"E07000147","North Norfolk",102872,60366.5901653544,30064.8556260172,115.841037260596,23982.4788440234,20318.220992309,10907.4654406032,145755.452105568,1.41686223759204
2015,"E07000147","North Norfolk",103252,59437.6597901323,28890.7612698757,101.647578745586,18557.4457630873,20466.2981368706,10357.433135763,137811.245674475,1.33470776037728
2016,"E07000147","North Norfolk",103587,59900.0993986278,27195.378017586,98.5070340719342,14180.0669506836,20682.9085520185,10257.0449227402,132314.004875728,1.27732249100493
2017,"E07000147","North Norfolk",104067,56212.667268113,25888.712694932,94.986520330814,9962.73119914514,21396.1082146952,10100.1947161033,123655.400613319,1.18822874314931
2018,"E07000147","North Norfolk",104552,52946.439766289,25823.343378187,111.183684490085,7250.40700247875,22137.478381728,10087.8657666431,118356.717979816,1.13203686184689
2002,"E06000024","North Somerset",189718,22874.7947124271,33062.9475775568,NA,43016.1915276981,63539.9229508339,11511.5004142894,174005.357182805,0.917178956044262
2003,"E06000024","North Somerset",191323,31709.8220626279,35826.5474937446,NA,59726.3498022668,59883.4228111515,12360.5918021555,199506.733971946,1.04277443889102
2004,"E06000024","North Somerset",192776,35030.0221347735,53683.526293343,NA,68308.3877309915,57330.3606869915,12563.6107664158,226915.907612515,1.17709625478543
2005,"E06000024","North Somerset",194745,37278.2862877644,56707.9725277112,NA,68495.9104514656,69093.2981345892,13338.067639976,244913.535041506,1.25761141514034
2006,"E06000024","North Somerset",197028,130842.163501156,60232.0672650346,NA,8810.925842137,45645.6451346289,12573.3057572765,258104.107500233,1.3099869434813
2007,"E06000024","North Somerset",199498,137799.406544164,62651.6469922377,NA,8051.75607615448,47978.9338059808,12942.1510214842,269423.894440022,1.35050925041866
2008,"E06000024","North Somerset",200853,136640.146787608,67979.9818345891,10595,7583.31552408899,54471.2466227393,13363.4430623354,290633.133831361,1.44699423872863
2009,"E06000024","North Somerset",201711,142767.850947287,79235.5617878704,11056,12029.37602916,52119.147702246,13780.6700464381,310988.606513001,1.54175333280288
2010,"E06000024","North Somerset",202967,144581.992317338,83530,15447,8401.58549498949,57859.0210617277,14215.3397505467,324034.938624602,1.59649075280515
2011,"E06000024","North Somerset",203091,131432.246380159,82327.4440204508,818,16443.4551382488,53196.2099457912,15333.3165478451,299550.672032495,1.47495788603382
2012,"E06000024","North Somerset",204454,117972.555671533,80258.8084615704,936,1270.89402721832,65584.9399203479,14256.7712883559,280279.969369025,1.37087055948539
2013,"E06000024","North Somerset",206182,119480.089665868,66792,483,44436.9227139771,29254.0627075177,22414.5571156141,282860.632202976,1.37189780001638
2014,"E06000024","North Somerset",208185,127309.290554633,66062,293,36960.9277973141,28909.0655282369,23505.9654345748,283040.249314759,1.35956120428829
2015,"E06000024","North Somerset",209941,130153.174508304,64623.8162802065,218,28394.8486816467,30266.5282056095,22333.0035855703,275989.371261337,1.31460444249259
2016,"E06000024","North Somerset",211747,118231.945002729,62383.4041028487,0,20817.4195579386,32544.579456501,22174.2803488509,256151.628468868,1.20970605708165
2017,"E06000024","North Somerset",212834,94395.1003014478,58338.2828754928,188,12949.7764353289,37050.0337675942,21843.9805060337,224765.173885897,1.05605858972672
2018,"E06000024","North Somerset",213919,76990.6198890627,50740.1247083652,223,7971.81494938693,39845.2320293662,21743.8376164859,197514.629192667,0.923315036030773
2002,"E08000022","North Tyneside",192739,36948.2366770032,44790.0784108325,NA,90634.8379043594,64589.9463832198,15652.7074941022,252615.806869517,1.31066264154902
2003,"E08000022","North Tyneside",193037,49044.3414319194,44353.1080793124,NA,106395.721409903,60895.3709144003,17135.6008931593,277824.142728695,1.43922741613626
2004,"E08000022","North Tyneside",193195,55608.5934187184,72389.9998622575,NA,117131.470499631,57898.0784459537,17354.6420626721,320382.784289233,1.65833890260738
2005,"E08000022","North Tyneside",194120,57805.0703985562,71882.0995634655,NA,115803.281374872,68976.9299159327,18124.5336104251,332591.914863252,1.71333152103468
2006,"E08000022","North Tyneside",195365,149290.177453725,74887.8571951338,NA,16328.2252424659,84588.5525188852,14817.873518765,339912.685928975,1.73988527079556
2007,"E08000022","North Tyneside",196470,160468.065896804,77406.6634296282,NA,14941.2891823548,89030.2856256322,15137.6405276351,356983.944662054,1.81698958956611
2008,"E08000022","North Tyneside",197964,160170.045694379,82198.5050435559,14788,13515.8808267569,97094.2843816455,15407.797514015,383174.513460352,1.93557673849969
2009,"E08000022","North Tyneside",199017,155052.722187087,91284.077047704,10345.3694072023,21116.8307819075,91487.9036552233,15722.4795735232,385009.382652647,1.93455525232843
2010,"E08000022","North Tyneside",200164,161988.996879343,99562.1445502502,16889,14519.2563223093,99985.9104025867,16103.0624089094,409048.370563399,2.04356612859155
2011,"E08000022","North Tyneside",201206,167331.648420388,99842.5041758805,321,27002.7973617718,87357.4186507702,17605.2895026045,399460.658111415,1.98533174016388
2012,"E08000022","North Tyneside",201444,164638.112980496,102748.187317131,542,2042.58380060413,105360.033995711,16265.1928157604,391596.110909702,1.94394526970127
2013,"E08000022","North Tyneside",202167,168657.024082531,86664.2219408964,137,67135.3178617943,45717.0524547462,33851.6838422392,402162.300182207,1.98925789165495
2014,"E08000022","North Tyneside",202857,174696.18187958,88970.0613608267,113,56328.5805114326,43977.8508876502,33707.1872728642,397792.861912353,1.96095210868914
2015,"E08000022","North Tyneside",202725,175932.258631668,87315.020462392,87,42535.8539438351,45670.2588867143,32012.5072896239,383552.899214233,1.89198618430994
2016,"E08000022","North Tyneside",203575,176341.501640973,84428.5010123551,0,33565.9939684859,48279.494022196,31817.4366853873,374432.927329398,1.83928737482204
2017,"E08000022","North Tyneside",204473,184732.520121187,80396.8675145088,0,24568.7948541793,47669.6057494303,31424.5497291118,368792.337968418,1.80362364697744
2018,"E08000022","North Tyneside",205985,189147.825136905,75190.4128276207,0,18657.7753163359,50323.1488343156,31481.3867757758,364800.548890953,1.7710054076314
2002,"E07000218","North Warwickshire",61825,7545.10918148156,8678.65572724015,NA,13756.2944774825,20533.8926748269,3399.28484151865,53913.2369025497,0.872029711323084
2003,"E07000218","North Warwickshire",61749,9170.54076644093,9446.49751871641,NA,18903.1925810009,19288.1057302507,3674.20552910751,60482.5421255164,0.979490228595061
2004,"E07000218","North Warwickshire",61769,10216.8735628195,14456.4850328843,NA,21973.7138634536,18530.6193908263,3754.11058023242,68931.8024302161,1.11596112014467
2005,"E07000218","North Warwickshire",61894,10238.4954349541,15205.0740433073,NA,20948.7922441006,22173.7301571842,3888.90427057613,72454.9961501223,1.17063037047407
2006,"E07000218","North Warwickshire",61920,39655.7005721479,15506.3698831321,NA,2556.9551127568,13247.9914943324,3578.67050744813,74545.6875698174,1.20390322302677
2007,"E07000218","North Warwickshire",61839,42845.2162838873,15833.5333890988,NA,2334.32703071404,13907.7698832855,3631.08744884268,78551.9340358284,1.27026527006951
2008,"E07000218","North Warwickshire",61968,41566.4445218991,17498.6225916972,2635.03931892678,2155.06962015929,15480.5938477967,3640.87160167895,82976.641502158,1.33902403663436
2009,"E07000218","North Warwickshire",62124,42908.874399361,19433.9026655919,2752.50535387203,3382.75743316652,14654.028563207,3741.3217026881,86873.3901178866,1.39838693770341
2010,"E07000218","North Warwickshire",62066,44050.1484767516,20623.3989811932,3569.18153651643,2338.26577551703,16105.1489435209,3836.19675613691,90522.3404696361,1.45848516852441
2011,"E07000218","North Warwickshire",62089,40863.9709562093,19964.9445946787,187.754580517204,4439.90883060045,14362.5661197247,3997.1595743513,83816.3046560816,1.34993806722739
2012,"E07000218","North Warwickshire",62206,37569.3532900496,20663.9145608404,187.011810621535,341.078454187336,17604.8288554129,3707.26522468631,80073.4521957981,1.28723036677809
2013,"E07000218","North Warwickshire",62119,37360.5645648815,15642.3394690246,66.2431444341121,12037.3694444394,8098.0721506341,6045.98692306152,79250.5756964753,1.2757864050689
2014,"E07000218","North Warwickshire",62448,35047.4433450991,16593.4349497692,44.3110073309802,10260.123084442,8274.56796090144,6388.58469725767,76608.4650448004,1.2267561017935
2015,"E07000218","North Warwickshire",62765,35007.5919888896,14885.7537115827,34.1437330902777,7742.55907009587,8257.72733872043,6093.07353455077,72020.8493769296,1.14746832433569
2016,"E07000218","North Warwickshire",63193,35630.4904551236,14890.8122832031,19.5573613886449,5138.65158473034,8823.16651788669,6061.08630550402,70563.7645078364,1.1166389395635
2017,"E07000218","North Warwickshire",64069,36319.5733949504,13905.9574820835,35.5206283809396,2774.83415993283,10142.8405241586,6007.52557380766,69186.2517633139,1.07987094793604
2018,"E07000218","North Warwickshire",64850,36394.545699725,12837.5146494807,0,1291.49999124359,10809.5170137125,6012.09164462969,67345.1689987916,1.03847600614945
2002,"E07000134","North West Leicestershire",86842,10972.809144411,10883.0027880533,NA,19769.3599743255,28777.8254224656,5171.56139966084,75574.5587289162,0.870253549306974
2003,"E07000134","North West Leicestershire",87794,12331.0194124159,12004.5722243723,NA,26760.6732462178,27458.1625697493,5593.91769894128,84148.3451516965,0.958474897506623
2004,"E07000134","North West Leicestershire",88845,13432.3329959019,18534.5791855791,NA,30941.2924207702,26548.4728457755,5739.22773153031,95195.9051795569,1.0714829779904
2005,"E07000134","North West Leicestershire",89623,14608.2407981912,20000.4175088799,NA,29724.9668114093,31989.0045118817,6107.89530290594,102430.524933268,1.14290444342711
2006,"E07000134","North West Leicestershire",90406,55317.5591336655,22072.6529668619,NA,3808.93567166816,19732.6061233163,5703.88024848501,106635.634143997,1.17951943614359
2007,"E07000134","North West Leicestershire",91476,60282.8474113516,23121.2598334282,NA,3504.1232114738,20877.5472166561,5845.44154845326,113631.219221363,1.24219707050333
2008,"E07000134","North West Leicestershire",92283,60677.9642984818,24456.1662415663,3183.09335988586,3256.65835719764,23394.1729767173,5982.19689836694,120950.252132216,1.31064499563534
2009,"E07000134","North West Leicestershire",92728,63909.5180900045,27958.7749879103,3389.91339109855,5155.57203662439,22335.1172789313,6136.09247333347,128884.988257903,1.38992524650486
2010,"E07000134","North West Leicestershire",93165,64785.2728914173,29993.5487881737,3982.29917746158,3591.67058643353,24735.5382092534,6279.12637256982,133367.456025309,1.43151887538571
2011,"E07000134","North West Leicestershire",93670,63322.3608164552,30319.3213736057,203.11164825647,6435.29969423192,20819.4230167295,6662.29941073482,127761.815960014,1.36395661321676
2012,"E07000134","North West Leicestershire",93985,66546.0344095335,34103.4253572525,202.384102276503,491.207269948753,25341.5689211392,6170.39947042215,132855.019530573,1.41357684237456
2013,"E07000134","North West Leicestershire",94716,38849.811717048,21324.2354637416,118.517350892775,15883.948478397,10370.8397569228,10559.3400771673,97106.6928441695,1.0252406440746
2014,"E07000134","North West Leicestershire",95731,34960.4819949778,21552.1710957159,92.7612054922737,13551.2738816937,12344.2244110386,11029.1445129361,93530.0571018544,0.977009089029201
2015,"E07000134","North West Leicestershire",97098,36106.4392749637,20843.4675994604,69.3546843676215,10628.4764395546,12452.9322296083,10532.7342389359,90633.4044668905,0.93342194964768
2016,"E07000134","North West Leicestershire",98436,37589.8256254193,19780.594656377,51.6435090070628,7133.43383562036,12678.5205455186,10491.1849067477,87725.2030786901,0.891190246238065
2017,"E07000134","North West Leicestershire",100109,41050.2649038527,17033.9052607674,58.8866232403957,3926.62992848231,15773.3611385639,10392.9907637003,88236.038618607,0.881399660556064
2018,"E07000134","North West Leicestershire",102126,40866.7720182573,14946.4631264848,76.3457182629019,1930.77419854178,15833.8975821766,10505.8197776585,84160.0724213818,0.824080767105162
2002,"E07000154","Northampton",194448,23631.4905116367,28145.0572505418,NA,61309.9961179685,63732.6326957505,10841.854706492,187661.03128239,0.965096227692697
2003,"E07000154","Northampton",194796,30308.0335913212,29404.3868043432,NA,77768.7620972636,60727.6154456592,12102.7244073905,210311.522345978,1.07965010752776
2004,"E07000154","Northampton",194717,40407.3769888156,50661.2081652789,NA,87930.3553948557,58220.7445392629,12362.9889068628,249582.673995076,1.28177136046198
2005,"E07000154","Northampton",196807,36941.9088348995,56057.2102865001,NA,85373.6672121629,69835.2659744824,12819.7454503782,261027.797758423,1.32631358517951
2006,"E07000154","Northampton",200360,139987.074598819,64126.551980627,NA,10485.7016499323,54323.1456428015,11973.5391792985,280896.013051478,1.40195654347913
2007,"E07000154","Northampton",203014,147143.510771328,69781.7482553693,NA,9546.23507057385,56881.9483232202,12292.9948873765,295646.437307867,1.45628595716486
2008,"E07000154","Northampton",205579,156497.212336756,72598.65698812,9189.34672316909,8779.58171839912,63071.9555972345,12753.942304715,322890.695668393,1.57064046263672
2009,"E07000154","Northampton",207875,160544.101004588,85886.9089096134,9471.67652136762,13848.8269857666,60002.1979957979,13215.2809072607,342968.992324395,1.6498809011396
2010,"E07000154","Northampton",210084,155674.897766169,96370.5393721903,12322.3537414373,9631.37718292295,66328.6921996887,13697.6852928224,354025.545555231,1.6851618664688
2011,"E07000154","Northampton",212492,152975.640727873,91643.1481482549,972.264080280474,17620.7299107883,57008.436948731,14869.0233397265,335089.243155654,1.57694992355314
2012,"E07000154","Northampton",214316,138743.077840335,91707.9612697424,374.87573732992,1350.69736310402,69668.4337234822,13842.5543692911,315687.600303285,1.47300061732808
2013,"E07000154","Northampton",215938,113714.879066966,77774.364128363,199.212983681828,45946.2762185487,34756.2401612686,22657.0342731221,295048.00683195,1.36635518913739
2014,"E07000154","Northampton",218446,106812.693837956,76956.7313987083,163.830442517078,38684.7604250923,34896.4742419931,23894.4403722712,281408.930718538,1.28823109930389
2015,"E07000154","Northampton",221503,103981.613911299,73123.8274332588,140.038497610663,28848.5232030818,28193.8021205621,22814.1339094697,257101.939075283,1.16071538116993
2016,"E07000154","Northampton",224499,110528.017158804,68035.7524192712,0,20378.810279718,36339.5171492466,22679.716220312,257961.813227351,1.14905551128224
2017,"E07000154","Northampton",225656,100846.583032586,65154.7961168847,114.775066141938,12605.6027827509,38760.2488488402,22240.4851641035,239722.491011307,1.06233599377507
2018,"E07000154","Northampton",225146,104834.930520731,63875.9543566134,111.726468723499,7659.75595956245,41708.5051429733,21999.8752551423,240190.747703746,1.06682218517649
2002,"E06000057","Northumberland",308499,48855.7974485144,60653.1343118136,NA,116350.961086156,102891.541113745,24947.4948770786,353698.928837307,1.14651564133857
2003,"E06000057","Northumberland",309448,57449.4381984702,68054.2154906749,NA,139289.347639968,96870.8051836181,27268.7890838005,388932.595596532,1.25685929654266
2004,"E06000057","Northumberland",310140,63179.3454414194,99558.05190547,NA,157527.063211559,92526.6203743831,27594.774684812,440385.855617643,1.41995826277695
2005,"E06000057","Northumberland",310752,70594.1607676758,100047.822212875,NA,155039.833733096,110494.699277213,28681.6169368766,464858.132927736,1.49591356749992
2006,"E06000057","Northumberland",311375,230053.798975893,94181.1320479365,NA,21988.482468977,113906.490203807,23299.4782393439,483429.381935957,1.55256324989468
2007,"E06000057","Northumberland",312960,244851.2332199,97683.1654324793,NA,20105.4618457937,119798.400588702,23668.4063403279,506106.667427203,1.61716087495911
2008,"E06000057","Northumberland",314057,233066.541112007,107828.722404249,16744.3201170488,18404.4928888715,132206.528788027,23909.0002138282,532159.605524031,1.69446821922145
2009,"E06000057","Northumberland",314489,238289.501861828,119254.02769942,25208.2869177088,29540.3415866703,127984.311308349,24844.8468150848,565121.31618906,1.79695097821883
2010,"E06000057","Northumberland",315463,237961.03460371,133474.745185226,25689,20535.3823030519,141419.362219505,25378.7912746638,584458.315586156,1.85270004909025
2011,"E06000057","Northumberland",316278,230924.082780547,132448.281441603,1372,37134.254635428,120135.991513772,27673.9548189654,549688.565190315,1.73799178314747
2012,"E06000057","Northumberland",316489,219234.779387883,134083.000733759,1105,2825.34312966192,145749.394350265,25554.2712072199,528551.788808789,1.67004789679511
2013,"E06000057","Northumberland",316389,216674.966088618,102346.212090293,425,90493,61911,52977.4908821035,524827.669061015,1.65880504398388
2014,"E06000057","Northumberland",316832,215174.344025467,106690.932440455,487,76539,62147,52645.5363040768,513683.812769999,1.6213129127424
2015,"E06000057","Northumberland",316453,221431.824452391,100793.946806686,384,56995,66395,49971.4093936286,495971.180652705,1.56728228410761
2016,"E06000057","Northumberland",317444,225305.885721812,97017.9560170063,305,41459,65226.61309,49614.4142019211,478928.869030739,1.50870348480595
2017,"E06000057","Northumberland",319030,225783.402535079,92760.5041700065,319,27799,70721,49030.3076693673,466413.214374453,1.46197290027412
2018,"E06000057","Northumberland",320274,218178.907145625,87983.5591472845,375,18990,77570,48948.5626051646,452046.028898074,1.41143529883186
2002,"E07000148","Norwich",122376,16341.6862718009,23402.767759063,NA,38222.814211731,40777.5313063576,7049.54775017642,125794.347299129,1.02793315110094
2003,"E07000148","Norwich",122963,20196.8762650794,25810.9438557165,NA,47263.8064784904,38433.9799377135,7586.38666036313,139291.993197363,1.13279598901591
2004,"E07000148","Norwich",123857,22380.2956503083,50874.8155904817,NA,53033.6778359426,36884.3222474224,7736.86783091616,170909.979155071,1.37989761705088
2005,"E07000148","Norwich",125630,23693.2769872036,55682.4312727096,NA,51554.1807531991,44677.623254627,8151.46932153751,183758.981589277,1.46269984549293
2006,"E07000148","Norwich",126805,86487.5886133968,59135.915676994,NA,7414.54824247161,38407.5698765593,7017.65007924618,198463.272488668,1.56510604856802
2007,"E07000148","Norwich",126949,91762.2644066376,70103.5783566582,NA,6944.05890447874,41378.9116157352,7165.86885363707,217354.682137147,1.7121417430397
2008,"E07000148","Norwich",128034,87937.2740182651,74282.0372788906,5741.8607264452,6553.11378320727,47074.2744579588,7430.4284921479,229018.988756915,1.78873571673864
2009,"E07000148","Norwich",129219,92894.7527219665,78594.4739701426,8695.0979234482,10496.079290605,45473.6487147828,7694.00817151195,243848.060792457,1.88709137814452
2010,"E07000148","Norwich",130923,93376.540334097,83104.7941638548,9465.64169459015,7390.45317882208,50893.1685679649,7981.77693844484,252212.374877774,1.92641762622132
2011,"E07000148","Norwich",132158,94382.3802095818,81932.2887787896,1449.20076888528,13424.8773949124,43431.8666412233,8866.80463239418,243487.418425787,1.84239636212554
2012,"E07000148","Norwich",133867,90713.2812647786,83710.5960719064,625.368024633259,1044.56213179904,53881.9847522163,8309.27122832131,238285.063473655,1.78001347213021
2013,"E07000148","Norwich",135118,85555.1895814757,70209.3467555866,209.515583203875,39464.4427872816,25680.4020080524,13545.0867199206,234663.983435521,1.73673369525541
2014,"E07000148","Norwich",136587,83464.0328360999,66420.4699859127,153.806475584348,33400.7404626004,26710.8828123931,14482.2496124862,224632.182185077,1.64460880014259
2015,"E07000148","Norwich",138097,82116.546323925,66619.1625061599,135.951126196386,25700.8347687703,27217.2735908982,13852.8110230258,215642.579338976,1.56152978948837
2016,"E07000148","Norwich",139865,79218.027275518,61086.6611971547,133.00594013217,19775.5843982098,27280.8289517803,13849.2435162622,201343.351279057,1.43955493711119
2017,"E07000148","Norwich",140353,75555.4870523937,57782.8250030051,128.106345796369,13845.1647591803,29585.7922516947,13621.9226939303,190519.298106001,1.35742946788455
2018,"E07000148","Norwich",141137,70871.7587066218,57390.3071042847,150.089253939448,10045.9228432631,28464.7928625177,13617.8275949451,180540.698365572,1.27918758628547
2002,"E07000219","Nuneaton and Bedworth",119625,14640.6669767041,17319.774223552,NA,27845.2159622942,39672.1679939533,6577.26565574878,106055.090812252,0.886562932599811
2003,"E07000219","Nuneaton and Bedworth",120541,18165.9111649995,19524.3991061166,NA,38175.4222725296,37604.7992004753,7172.46285258302,120642.994596704,1.00084614029006
2004,"E07000219","Nuneaton and Bedworth",120668,20356.9751020463,31605.6099005663,NA,44153.9074207972,36115.8808569385,7333.79228246346,139566.165562812,1.15661290120671
2005,"E07000219","Nuneaton and Bedworth",121048,19340.0412868827,33722.694910561,NA,42147.8578467038,43346.9111071645,7605.64972605905,146163.154877371,1.20748095695403
2006,"E07000219","Nuneaton and Bedworth",121787,77696.1522703517,35434.6666175228,NA,5198.15984039587,26930.6140846295,7038.687743711,152298.280556611,1.25052986407918
2007,"E07000219","Nuneaton and Bedworth",122661,85141.8382670791,37102.5425061894,NA,4748.41742127808,28292.208519764,7202.45827976668,162487.464994077,1.32468726811356
2008,"E07000219","Nuneaton and Bedworth",123868,82942.2037509455,40410.4400204678,5339.18710232413,4391.48217967163,31544.2841908548,7277.74792726518,171905.345171529,1.38781077575749
2009,"E07000219","Nuneaton and Bedworth",124330,86998.349817664,45670.8178226296,5621.64385176277,6877.65204535435,29796.648594159,7487.58172840144,182452.693859971,1.46748728271512
2010,"E07000219","Nuneaton and Bedworth",124759,88459.31732045,49272.068370681,7243.0254940588,4756.1926801748,32756.0396037239,7711.14734474407,190197.790813833,1.52452160416349
2011,"E07000219","Nuneaton and Bedworth",125409,82670.5825773848,49521.7638659675,264.101550807423,8724.58241454641,28226.3637280122,8073.5683464031,177480.962483122,1.41521710948274
2012,"E07000219","Nuneaton and Bedworth",125867,75781.0179493726,51373.0746717245,453.064600962941,677.427270571929,34968.1611668369,7501.24348190837,170753.989141377,1.35662238030125
2013,"E07000219","Nuneaton and Bedworth",126118,76127.7144801708,40389.8677402155,134.491104005882,24164.6864501007,16984.5063264649,12274.9525710761,170076.218672034,1.34854833308516
2014,"E07000219","Nuneaton and Bedworth",126309,71335.6795329894,42306.4512245452,89.6246320934021,20541.983725224,17246.6486288352,12921.7227857725,164442.11052946,1.30190335233008
2015,"E07000219","Nuneaton and Bedworth",126603,71099.3304002133,40094.6926654586,68.8711708823137,15377.5132629865,17370.750629555,12290.3112992071,156301.469428303,1.23457950781816
2016,"E07000219","Nuneaton and Bedworth",127674,71836.1803105953,39630.0969639941,39.5133410019124,10142.7157664435,16537.1812068531,12245.7096983672,150431.397287255,1.17824613693669
2017,"E07000219","Nuneaton and Bedworth",128659,73121.2216426185,36688.8669198423,71.3301054622876,5414.48409032135,20281.8394543026,12063.9034915563,147641.645704103,1.147542307216
2018,"E07000219","Nuneaton and Bedworth",128902,71046.0129805082,31609.6028580936,0,2456.45797796886,21285.3488065008,11950.2025778883,138347.62520096,1.07327756901336
2002,"E07000135","Oadby and Wigston",55779,7040.91126719904,6413.08016299516,NA,12234.3478386945,18414.6401192937,3321.71671900327,47424.6961071857,0.850224925279866
2003,"E07000135","Oadby and Wigston",56161,7812.90733103273,6849.49194356073,NA,16596.0595961095,17599.0545604448,3578.37678987449,52435.8902210222,0.933670878741871
2004,"E07000135","Oadby and Wigston",56454,8499.86436997746,9190.67162296899,NA,19366.5334382594,16916.1402333886,3646.82719743162,57620.0368620261,1.02065463673125
2005,"E07000135","Oadby and Wigston",56218,9156.47742424057,10099.4490310993,NA,18684.496437341,20101.3182737575,3831.31180766953,61873.0529741078,1.10059150048219
2006,"E07000135","Oadby and Wigston",56519,34519.3430709869,10858.2283480529,NA,2402.68108562499,12444.445285531,3565.88730575542,63790.5850959512,1.12865735586177
2007,"E07000135","Oadby and Wigston",56475,37506.4328518528,11809.7359754783,NA,2198.44344273889,13103.7177080398,3608.82976353249,68227.1597416423,1.20809490467715
2008,"E07000135","Oadby and Wigston",56220,37183.0517198254,12836.80128627,1962.18174195446,2022.65038893026,14532.7779520719,3644.43190648537,72181.8949955374,1.28391844531372
2009,"E07000135","Oadby and Wigston",55600,38842.5215879157,14584.9751674555,2041.81184264817,3162.21945082732,13704.4685608293,3679.22031659629,76015.2169262723,1.36718016054447
2010,"E07000135","Oadby and Wigston",55186,38340.0272611577,15707.4075288376,2374.20874155954,2179.84867689498,15015.7749328166,3719.42111304286,77336.6882543093,1.40138238419725
2011,"E07000135","Oadby and Wigston",55979,38074.6696289564,15252.0245668098,171.383441419333,3921.75897921863,12686.916548025,3981.51872225392,74088.2718866831,1.32350116805736
2012,"E07000135","Oadby and Wigston",56110,39977.8588149058,15100.9173463365,170.825365523589,299.733786421499,15447.1373321819,3683.79118248004,74680.2638278494,1.33096175063
2013,"E07000135","Oadby and Wigston",56282,23722.5734306653,10585.8403265584,120.425203164694,9588.18252735693,6475.99441698475,6274.55528340651,56767.5711881366,1.00862746860695
2014,"E07000135","Oadby and Wigston",56060,19922.109751684,10614.6858658724,103.320890619516,8077.14065253419,6766.72137011858,6458.65854733783,51942.6370781665,0.926554353873823
2015,"E07000135","Oadby and Wigston",55984,19853.8159423425,9870.435560858,39.9879776065101,6249.65858196901,6660.424457171,6072.88094124065,48747.2034611876,0.870734557394749
2016,"E07000135","Oadby and Wigston",55991,20174.6481733599,9788.07081154463,29.375144386347,4137.34040280202,6511.87202714591,5967.4502632544,46608.7568224932,0.832433012850158
2017,"E07000135","Oadby and Wigston",57035,21731.1283879695,8790.21304326152,33.5494167009556,2270.6602100809,7459.4342420561,5921.18818695268,46206.1734870217,0.810137169931124
2018,"E07000135","Oadby and Wigston",57056,21388.3559551308,8276.84556474076,42.6530100190758,1088.39921931731,7363.40871520149,5869.41673260561,44029.0791970151,0.771681842348133
2002,"E08000004","Oldham",218455,43882.8083919953,52013.9130632598,NA,125636.26571032,72739.8105416346,17637.8577124255,311910.655419635,1.42780277594761
2003,"E08000004","Oldham",218490,63544.6668754469,51685.471144017,NA,150144.323575814,68891.2028929844,18879.4164278497,353145.080916112,1.61629859909429
2004,"E08000004","Oldham",218988,53742.9248962252,73455.4396788393,NA,165815.233356028,66089.7724437514,19216.8207041312,378320.191078976,1.72758411912514
2005,"E08000004","Oldham",219288,64336.136334439,75902.1758800026,NA,170622.529197307,78687.5475830277,19941.2671756261,409489.656170402,1.86736007519975
2006,"E08000004","Oldham",220033,179201.665467846,97195.4009778256,NA,19574.7885302022,101406.042728463,18811.2681314043,416189.165835741,1.89148521283508
2007,"E08000004","Oldham",220723,227852.823913779,83590.5375447497,NA,18084.4344803913,107759.693783121,19142.9468506157,456430.436572657,2.06788797077177
2008,"E08000004","Oldham",221907,232209.796760467,94588.975310753,17232.1877697273,16767.2291741969,120445.783099434,19710.5401726026,500954.512287181,2.2574975655891
2009,"E08000004","Oldham",222811,249677.441407468,110455.950259354,19529.7687334767,26700.3233863657,115679.518782438,20171.0729519632,542214.075521065,2.43351573989195
2010,"E08000004","Oldham",223807,233967.626575366,106667.34993187,24851.3348851415,18642.1231621273,128382.283260721,20635.868041705,533146.585856931,2.38217118256771
2011,"E08000004","Oldham",225157,212262.355196981,107104.256219404,559,34610.7566424343,111970.21398488,20833.2098640568,487339.791907756,2.16444432954674
2012,"E08000004","Oldham",225734,216451.510837991,108696.855556259,462,2629.9569219698,135650.507230201,19239.0279068786,483129.8584533,2.14026180572399
2013,"E08000004","Oldham",226966,234400.009895444,87169.2547859427,0,88598.6115157438,59007.9738433327,37409.8796427734,506585.729683237,2.23198950364035
2014,"E08000004","Oldham",228182,219986.085872322,91874.6897777133,0,72560.325934033,60628.2986283036,38187.8386834586,483237.23889583,2.11777107263426
2015,"E08000004","Oldham",230197,211869.512465972,85568.283621706,0,53407.3900037654,62975.5684964908,36449.0543083067,450269.808896241,1.95601944810854
2016,"E08000004","Oldham",232349,221907.727480937,81181.6703396523,0,43002.8959556883,63776.3206436607,36239.2864806512,446107.90090059,1.9199906214384
2017,"E08000004","Oldham",233759,217725.884008462,70934.3925769589,0,16610.9431927766,114085.601989639,20782.7427007084,440139.564468545,1.88287751260292
2018,"E08000004","Oldham",235623,208559.157164144,68287.3879435491,0,1670.30617702179,112586.439547616,35857.2965985901,426960.587430922,1.8120497041075
2002,"E07000178","Oxford",136625,15696.8344998446,34927.4508686761,NA,35205.914028678,47340.7671171041,7944.8817518047,141115.848266107,1.03286988666867
2003,"E07000178","Oxford",139917,21697.8609377497,40353.8924753945,NA,47236.7087200848,43540.2819256169,8745.10185828585,161573.845917132,1.154783521067
2004,"E07000178","Oxford",141593,25384.95933656,54718.8912629129,NA,53658.523353722,41864.8005846024,8950.38436853801,184577.558906335,1.30357827651321
2005,"E07000178","Oxford",145383,24445.479258153,58147.5246208083,NA,51078.6579188804,51457.8955613555,9437.54207400601,194567.099433203,1.33830708840238
2006,"E07000178","Oxford",144513,91419.6884732538,61169.4829724492,NA,6824.30415477265,35349.5162681984,9017.15303179195,203780.144900466,1.41011635562521
2007,"E07000178","Oxford",144188,96850.939561321,63996.5553848512,NA,6139.31053844472,36586.2215198572,9116.14915646168,212689.176160936,1.4750823658067
2008,"E07000178","Oxford",144433,93745.5166519085,66177.9457669449,5879.66469416892,5578.45235995023,40071.369887684,9191.31795472097,220644.267315378,1.52765827280038
2009,"E07000178","Oxford",145478,98340.0054433276,80062.5168657274,6120.93660190174,8698.61126643351,37684.1697971842,9432.11146645579,240338.35144103,1.65205977151893
2010,"E07000178","Oxford",147907,104569.94128182,81129.2088353723,9219.760263794,5999.25097034664,41314.9866454828,9749.66954990135,251982.817546718,1.70365714636033
2011,"E07000178","Oxford",150245,106337.986046357,83724.0674221863,871.911382410571,11176.3004197222,36156.3956622286,10444.0400686014,248710.701001506,1.65536757297418
2012,"E07000178","Oxford",151477,92966.4578863089,82294.4949710967,1281.93342212,841.961363389256,43417.5100834688,9702.93360028206,230505.291326666,1.5217180913714
2013,"E07000178","Oxford",152406,93081.6547143191,71502.856038723,178.343100431025,29907.3932180519,11726.0097108726,15563.7910762507,221960.047858648,1.45637342269102
2014,"E07000178","Oxford",154664,80343.9163865232,70639.5034377422,126.156925021326,24969.4794248981,20032.5983040947,16102.562209678,212214.216687958,1.37209833372962
2015,"E07000178","Oxford",154716,77071.8404652918,68317.8061757556,96.6989355542689,18772.7533959827,22594.596962544,15199.1074534114,202052.80338854,1.30595932798508
2016,"E07000178","Oxford",155292,75860.2159667332,64005.8189082474,68.6642573737922,11851.1130225621,18595.0203689402,15037.0860829177,185417.918606774,1.19399530308563
2017,"E07000178","Oxford",154582,71956.8499899634,59786.0818324547,82.223986143918,5741.21317183534,24044.7403625206,14696.3344522046,176307.443795123,1.14054316670196
2018,"E07000178","Oxford",154327,69365.144629563,54897.7541815145,88.215845555937,1947.17705272834,28758.1219491974,14575.2134658973,169631.627124456,1.0991701200986
2002,"E07000122","Pendle",88830,11868.4599182629,18287.0097174662,NA,33647.4483427801,29354.9739071013,6092.22336691839,99250.115252529,1.11730401049791
2003,"E07000122","Pendle",88559,16550.7250156226,19241.9909457085,NA,40153.0939349539,27921.8683364154,6526.97622836682,110394.654461067,1.24656618142783
2004,"E07000122","Pendle",88330,17255.6388761538,26530.0418878907,NA,44571.5174241657,26595.0703761038,6628.21168962305,121580.480253937,1.37643473626103
2005,"E07000122","Pendle",88312,21168.3993930431,27661.0794480381,NA,43569.7413087602,31724.224138654,6844.73634178876,130968.180630284,1.48301681119535
2006,"E07000122","Pendle",88788,65202.8215453145,28496.8204427397,NA,5571.25835600612,28863.6390652596,6184.53146406286,134319.070873383,1.51280658279703
2007,"E07000122","Pendle",88819,67998.3401598758,30059.0735405153,NA,5159.05439295301,30740.3252084655,6307.08791804711,140263.881219857,1.57921031783579
2008,"E07000122","Pendle",89005,66883.0790105854,31174.3048887907,5452.69829595857,4806.96451929233,34530.963524182,6538.90127999724,149386.911518806,1.67841033109158
2009,"E07000122","Pendle",89287,68204.5337795615,35543.2736801058,6564.47158205063,7663.71068459769,33203.0399437818,6738.94645870787,157917.976128805,1.76865586399818
2010,"E07000122","Pendle",89234,69801.6467332647,40424.6145628775,8086.18696550726,5343.90946926523,36798.155674419,6906.35245914013,167360.865864474,1.87552800350174
2011,"E07000122","Pendle",89576,70621.4226242307,38261.2595344278,3034.86530244341,9909.892833047,32060.275952209,7008.87244806832,160896.588694426,1.79620198149533
2012,"E07000122","Pendle",89541,72631.9441492503,37920.8249490217,2555.51343321677,752.122633329636,38796.7941714307,6458.08659412896,159115.285930378,1.77701037435787
2013,"E07000122","Pendle",89973,73926.6469543975,29453.7149488651,1425.82317575009,25602.0042203526,16888.4985339629,12148.4634165781,159445.151249906,1.77214443499612
2014,"E07000122","Pendle",89655,73803.0584117205,29450.3565027555,1122.05310733508,21329.5521219574,17435.7459754255,12391.5396802951,155532.305799489,1.73478674696882
2015,"E07000122","Pendle",89925,74682.0345172463,28908.2784579905,249.309073704132,16853.8050523074,18752.3219205511,11785.9603911725,151231.709412972,1.68175378830105
2016,"E07000122","Pendle",90515,75651.0867615633,25835.1311669326,201.259199710896,12901.7004759227,18108.8556682225,11744.6735682472,144442.706840599,1.5957875141203
2017,"E07000122","Pendle",90696,78116.4815649923,24469.0398155724,261.178641350246,9096.47050438253,19282.1123942594,11562.8657447818,142788.148665339,1.57435993500638
2018,"E07000122","Pendle",91405,78984.2001215744,24153.3274087235,93.1383707986344,6576.19179685801,21358.8562476806,11592.5673897083,142758.281335343,1.56182135917448
2002,"E06000031","Peterborough",158794,27420.4983962882,35313.5413690766,NA,71760.0155104429,52153.890537961,9036.33020022015,195684.276013989,1.2323153016738
2003,"E06000031","Peterborough",160778,31344.9336783999,38182.491294973,NA,88336.4995387384,49626.6369069568,10071.752012622,217562.31343169,1.35318459883622
2004,"E06000031","Peterborough",163485,32876.978121231,59486.1670619164,NA,100335.468601358,47824.0358841625,10318.9202837668,250841.569952435,1.53433996973688
2005,"E06000031","Peterborough",167220,31832.5533560359,61412.8566131866,NA,106207.227296034,57446.1653839341,11010.8011096447,267909.603758835,1.60213852265778
2006,"E06000031","Peterborough",169887,151027.147909069,57787.1536841523,NA,11512.2505900943,59635.599624132,9971.64821680151,289933.80002425,1.70662734655535
2007,"E06000031","Peterborough",172443,153539.701937059,76398.6574145682,NA,10653.5319693628,63480.8443271286,10306.3557965051,314379.091444624,1.82308989894994
2008,"E06000031","Peterborough",176027,144002.724931292,68279,9500,9989.17939845656,71755.1168343342,10646.1173106258,314172.138474708,1.78479516480261
2009,"E06000031","Peterborough",178963,156251.131617255,79463,10387,15938.2713878357,69051.9139073944,11059.1335033959,342150.450415881,1.91185021717272
2010,"E06000031","Peterborough",181762,162508.087193926,90480,13996,11148.9867798223,76780.8496022775,11430.5535227656,366344.477098791,2.0155174189258
2011,"E06000031","Peterborough",184457,142404.526036573,88905,717,20887.2306471865,67573.3900087881,12286.7074999163,332773.854192464,1.80407278765492
2012,"E06000031","Peterborough",186596,153925.004849207,95741,672,1592.7243878184,82143.1549481603,11487.3673483454,345561.251533531,1.85192207514379
2013,"E06000031","Peterborough",188371,150753.966188215,82554,155,57016.7763226961,35809.878049258,18487.2502639825,344776.870824152,1.83030758887595
2014,"E06000031","Peterborough",190493,153779.725851087,86013,70,47571.1331861413,41897.5942696859,19210.8205779728,348542.273884887,1.82968546815309
2015,"E06000031","Peterborough",193657,158397.223994559,83819,41,35686.3626782697,43182.3647005859,18392.2685501706,339518.219923585,1.75319363577658
2016,"E06000031","Peterborough",196735,163246.599743258,77617,0,28170.6918912173,43831.8807514471,18574.4348516005,331440.607237522,1.68470585934136
2017,"E06000031","Peterborough",198914,168148.912625425,73044,0,20713.9576214866,44212.4478021038,18411.1754032044,324530.493452219,1.63151157511397
2018,"E06000031","Peterborough",201041,143416.310046965,62215.5184259752,0,15796.4712130934,48252.4069790492,18490.7924490014,288171.499114085,1.43339666592429
2002,"E06000026","Plymouth",242550,36331.1978040706,58722.7603634424,NA,101963.494929922,84255.2200978984,14501.605509075,295774.278704408,1.2194363170662
2003,"E06000026","Plymouth",243390,50043.3436707523,61266.6824545647,NA,122818.42566568,76441.2006551141,15495.3793322063,326065.031778318,1.33968130070388
2004,"E06000026","Plymouth",244037,55373.7444085305,89925.0008244968,NA,135715.486287433,72822.776793068,15757.6538999139,369594.662213442,1.51450256401055
2005,"E06000026","Plymouth",247516,59110.9699811017,93855.4117729072,NA,132429.924247532,87295.7668813343,16507.814422415,389199.88730529,1.5724231455958
2006,"E06000026","Plymouth",249178,186417.293063775,95477.7585447936,NA,17167.6826598444,88935.7056241631,15351.2957689337,403349.735661509,1.61872129827477
2007,"E06000026","Plymouth",251237,196818.749923631,100688.487531012,NA,15617.1077405164,93056.2084548929,15798.1841072528,421978.737757306,1.67960426910569
2008,"E06000026","Plymouth",252488,187978.71228234,106034.097431248,14988,14333.1255441219,102962.433107515,16221.617077284,442517.98544251,1.75262977029605
2009,"E06000026","Plymouth",253116,197956.181779301,122343.506091476,14727,22538.0496912105,97646.1745263904,16495.6146451712,471706.526733549,1.86359821873587
2010,"E06000026","Plymouth",254227,192369.179757551,130089,20182,15600.4953659992,107435.911410081,17022.6213083775,482699.207842009,1.89869371798435
2011,"E06000026","Plymouth",256589,150640.787410419,122004,1212,30265.6275548125,97915.346805863,18258.5415037616,420296.303274856,1.63801372340535
2012,"E06000026","Plymouth",257744,153315.406735225,128798.31179337,1042,2346.18681623906,121022.701395556,16917.008710203,423441.615450593,1.64287671274828
2013,"E06000026","Plymouth",258592,150960.765991872,108493.120036249,1178,79807.2414200047,53070.6704971214,27952.0768466411,421461.874791888,1.62983338537885
2014,"E06000026","Plymouth",260512,144095.514160237,108970.523176763,2352,65140.9632029757,55419.5462258942,29190.9483193309,405169.495085201,1.55528150367431
2015,"E06000026","Plymouth",261386,167813.217898013,106595.018494932,64,46674.9534937449,56972.5459295504,27694.7134352323,405814.449251472,1.5525485268969
2016,"E06000026","Plymouth",262355,151009.037213556,105945,21,35078.5862198747,59167.8570303607,27448.4327862987,378669.91325009,1.44334932915359
2017,"E06000026","Plymouth",263070,132779.171239111,99425,0,24419.2309018931,63115.0073120723,26920.7060675915,346659.115520668,1.31774476573029
2018,"E06000026","Plymouth",263100,127995.356836037,84857.1205266374,0,1094.5214463108,78323.38699649,26720.8978106829,318991.283616158,1.21243361313629
2002,"E06000029","Poole",138998,12999.5028689767,27679.57665574,NA,26029.2865429832,46815.6349877861,7474.8768571118,120998.877912598,0.870508049846744
2003,"E06000029","Poole",138961,21469.71746812,28520.0606867564,NA,35034.5635862364,43879.7292555389,7858.12228966303,136762.193286315,0.984176807063239
2004,"E06000029","Poole",139089,22557.3441165313,40371.2110254031,NA,39701.0712051957,41740.0204813508,7932.17821545841,152301.825043939,1.09499547084197
2005,"E06000029","Poole",139853,23235.256243171,44701.9264015678,NA,35954.2024912061,49661.0064218696,8235.07905455417,161787.470612369,1.15683947153346
2006,"E06000029","Poole",141136,88563.6860994778,46782.3476790896,NA,4724.87396928992,24474.0576763294,7569.30038797434,172114.265812161,1.21949230396328
2007,"E06000029","Poole",142883,93678.6812745751,51589.9124992561,NA,4293.9064925934,25588.0860184546,7750.74882876998,182901.335113649,1.28007765174058
2008,"E06000029","Poole",144226,91963.890716033,55385.5529279759,5429,4037.41647289833,29000.0006559018,7852.83175224787,193668.692525057,1.34281400389012
2009,"E06000029","Poole",145420,97177.93622992,64150.175691122,5617,6300.5694475815,27298.00779587,8097.16969535191,208640.858859845,1.43474665699247
2010,"E06000029","Poole",146754,94071.0946351126,75030,9032,4323.6489065504,29776.1492310423,8309.22743832961,220542.120211035,1.50280142422718
2011,"E06000029","Poole",148075,83092.5704311333,67136,454,8750.96530299005,28311.9360571982,9112.11819335657,196857.589984678,1.32944514593738
2012,"E06000029","Poole",148499,84089.675725638,65219,500,693.789769711132,35770.7598625683,8399.48248625549,194672.707844173,1.31093615340287
2013,"E06000029","Poole",148794,87658.96221739,56548,42,24266.334438057,16005.5844377253,12757.9790695114,197278.860162684,1.32585225320029
2014,"E06000029","Poole",149709,78712.6189500992,53888,32,20618.2846117204,16547.1285437749,13712.8665752669,183510.898680861,1.22578401218939
2015,"E06000029","Poole",150005,75038.3125602439,51742,0,15892.2628700698,16727.5579489197,13031.6136782401,172431.747057474,1.14950666349437
2016,"E06000029","Poole",150711,65891.260837268,49056,13,10764.7271988618,16637.8616828032,0,142362.849718933,0.944608221821453
2017,"E06000029","Poole",151270,59780.4469614146,45860,15,5458.22122325742,18434.6173243808,12889.2437286636,142437.529237716,0.941611219922763
2018,"E06000029","Poole",151397,60288.1574304216,39006.8497166787,0,2180.81582668153,15210.4740144258,12873.68918044,129559.986168648,0.855763232882076
2002,"E06000044","Portsmouth",188476,26951.6824168473,35437.7326406833,NA,84500.432879397,62855.3513923473,11423.4682949311,221168.667624206,1.17345798735227
2003,"E06000044","Portsmouth",190283,37871.819759453,36766,NA,98073.9741873752,59293.7230889479,12070.935238127,244076.452273903,1.28270235530186
2004,"E06000044","Portsmouth",193483,40189.0363324784,65102.1634068466,NA,108116.290320637,57118.9229164084,12540.9987281448,283067.411704515,1.46300921375271
2005,"E06000044","Portsmouth",196318,55300.8668668246,73742,NA,105033.573522769,68271.0084618065,13033.655332002,315381.104183402,1.60648083305353
2006,"E06000044","Portsmouth",195964,145312.291004032,81292.1748715636,NA,14430.2774526262,74757.2032415551,12083.5879571408,327875.534526917,1.67314167156681
2007,"E06000044","Portsmouth",194907,153726.767583113,88524.340933916,NA,13128.6237685656,78231.3910121294,12230.3915232176,345841.514820942,1.77439247857153
2008,"E06000044","Portsmouth",196036,148531.503394214,98501.6224762055,10227,11826.4985248741,84949.9198982668,12508.4770275372,366545.021321097,1.86978423004498
2009,"E06000044","Portsmouth",198983,141711.235238966,111444.646523442,10881,18483.3082707452,80079.5357194302,12972.3961382872,375572.12189087,1.88745833508828
2010,"E06000044","Portsmouth",202700,141062.266004345,120373,0,12722.012144477,87612.6613434317,13465.6909423609,375235.630434614,1.85118712597244
2011,"E06000044","Portsmouth",205433,163373.70826792,120373,989,24248.6282856317,78447.122413826,14903.1343833489,402334.593350727,1.95847109934006
2012,"E06000044","Portsmouth",206517,167075.598865235,126650,963,1855.18435899781,95711.9984465697,13816.7823758286,406072.564046631,1.96629122080328
2013,"E06000044","Portsmouth",206670,178500.077719064,109389,198,65926.5516648495,39865.6240683984,21724.1148767727,415603.368329084,2.0109516055987
2014,"E06000044","Portsmouth",208037,146536.504009293,107819,84,54015.9079354584,39040.4234574418,22215.1230012655,369710.958403459,1.77714040484846
2015,"E06000044","Portsmouth",210538,149972.95891007,108444,58,40209.1060352252,46506.1509738165,21249.1137456747,366439.329664787,1.7404902187006
2016,"E06000044","Portsmouth",213335,150192.995834523,105127,0,31824.1834493921,47259.2860595522,21245.5367001527,355649.00204362,1.66709167292577
2017,"E06000044","Portsmouth",214718,141905.533758566,103112,17,23438.578182669,46410.0470648409,21000.3357669767,335883.494773052,1.56430059321087
2018,"E06000044","Portsmouth",215133,130431.256049532,98447,18,946.972714579679,77685.1251102755,20973.967850465,328502.321724852,1.52697318275138
2002,"E07000123","Preston",131110,16771.0570740004,30986.2617815715,NA,51819.8595319363,43885.2325673765,8991.91045408837,152454.321408973,1.16279705139938
2003,"E07000123","Preston",132685,22484.6396944171,28588.1243874855,NA,61803.4238954749,41689.3045677715,9779.15108414561,164344.643629295,1.23860755646301
2004,"E07000123","Preston",134410,26067.8464999868,41074.5984393909,NA,69001.2285404971,40269.8987801666,10086.0175840851,186499.589844126,1.38754251799811
2005,"E07000123","Preston",136200,32284.6599933471,41636.0693543661,NA,67724.0907493108,48715.9496295484,10556.3580232769,200917.127749849,1.47516246512371
2006,"E07000123","Preston",137784,100315.916067482,44311.1154647301,NA,8577.44255219115,44433.448269673,9597.34967838488,207235.272032461,1.50405904918177
2007,"E07000123","Preston",138470,105999.17149414,47357.4360570954,NA,7908.0980510049,47119.7345232012,9832.83378569881,218217.27391114,1.57591733885419
2008,"E07000123","Preston",138443,104175.129975422,48699.1236078743,9335.01042848596,7344.36211386314,52761.2427187049,10170.9466873396,232485.81553169,1.67928906143099
2009,"E07000123","Preston",137956,105003.771837929,55084.0487060006,10649.3769929931,11630.9385375739,50391.4619427728,10412.2447574395,243171.842774709,1.76267681561302
2010,"E07000123","Preston",138831,109671.329836451,64118.193114495,12542.8128023885,8144.85329053456,56092.7548516851,10744.9606456607,261314.904541215,1.88225183526168
2011,"E07000123","Preston",140054,110031.455213606,61713.5248150704,2612.92646544175,14987.0068862147,48485.7072676909,10958.5226158989,248789.143263923,1.77638013383354
2012,"E07000123","Preston",140456,113181.538752383,62658.595481844,1912.7060874448,1144.36568261408,59014.0830585148,10130.2979714877,248041.587034288,1.76597359339785
2013,"E07000123","Preston",140002,114500.342546203,50981.6415176887,223.795274708678,38819.245805495,26772.5294227365,18903.5507902123,250201.105357045,1.78712522219
2014,"E07000123","Preston",139907,114037.316370627,55057.4990154594,149.891273079346,32408.5011179153,26552.6500048392,19337.0491556639,247542.906937584,1.76933896758264
2015,"E07000123","Preston",140685,115594.968096289,52977.500359882,325.893378193671,24037.5865864205,25890.6078887153,18438.7860731956,237265.342382696,1.68650063889324
2016,"E07000123","Preston",141023,118069.545615378,48476.3129708262,313.563233948293,17933.6641685471,28523.5009876788,18298.2831642813,231614.87014066,1.64239074576955
2017,"E07000123","Preston",141346,121920.463121697,46756.1465971145,407.036211523021,12112.2821283458,27051.4183478762,18020.2525090624,226267.598915619,1.60080652381828
2018,"E07000123","Preston",141818,123713.941762939,45206.5996001351,144.507384387295,8219.71847543143,31143.279003704,17986.2668571047,226414.313083702,1.59651322881229
2002,"E07000051","Purbeck",44563,5632.90262243414,7383.96091951296,NA,8040.3164477586,14864.1371398281,2396.45849137019,38317.775620904,0.859856284830555
2003,"E07000051","Purbeck",44306,6757.2863024199,8301.09446593326,NA,10702.3554886408,13837.7189651182,2505.46531880031,42103.9205409125,0.950298391660554
2004,"E07000051","Purbeck",44371,8046.15890974667,11989.1329035587,NA,12307.3018184133,13237.638768961,2530.45661122091,48110.6890119006,1.0842822792342
2005,"E07000051","Purbeck",44614,7879.44555015252,12942.4492797914,NA,11222.5952239318,15920.7177543815,2627.04280165516,50592.2506099124,1.13399943089417
2006,"E07000051","Purbeck",44813,28946.8162951915,14023.8257185995,NA,1382.24254127332,7159.11088654592,2403.37729768659,53915.3727392968,1.20311902214306
2007,"E07000051","Purbeck",45058,33308.5316216665,12478.9022016084,NA,1287.00661986055,7670.06622357018,2444.19028664514,57188.6969533507,1.26922404352947
2008,"E07000051","Purbeck",45234,33266.5277898493,13387.1144843044,1793.2098169539,1263.13933330064,9070.67137325576,2462.90538100745,61243.5681786715,1.35392775740972
2009,"E07000051","Purbeck",45087,32509.5472326029,17710.1092043265,1887.74258842772,2008.34732363865,8700.65417708056,2510.50123816759,65326.901764244,1.44890770652836
2010,"E07000051","Purbeck",45165,34664.9051622696,19624.7509678046,2628.81017681395,1407.97238227045,9696.0735878136,2557.24721133432,70579.7594883065,1.562709166131
2011,"E07000051","Purbeck",45184,30963.1387453537,18623.6495566838,170.763494621967,2716.10932880355,8787.3264157822,2780.49602193904,64041.4835631843,1.4173486978396
2012,"E07000051","Purbeck",45307,29077.3163850494,18333.7054980541,154.160297856446,216.246599004427,11168.7736093099,2562.67956689794,61512.8819561721,1.35769046628936
2013,"E07000051","Purbeck",45441,29758.7510543703,14710.9104298303,101.664056111744,7708.32132452162,4904.49540724584,3896.22785124175,61080.3701233216,1.34416870498716
2014,"E07000051","Purbeck",45703,28611.010430185,16126.3066537952,108.224347547659,6576.82441731876,6471.06341047172,4186.24893018739,62079.6781895057,1.35832829769393
2015,"E07000051","Purbeck",46228,26286.4141430023,14604.4555479782,12.3178149398713,4903.14518736704,7163.75889880743,4016.03571292745,56986.1273050223,1.23271885664581
2016,"E07000051","Purbeck",46341,26438.4527097842,14439.6111109798,33.4190167236891,2802.6830927701,5548.197487687,0,49262.3634179448,1.06304057784564
2017,"E07000051","Purbeck",46756,26278.912893365,13838.5223480986,39.8563392022455,974.136568262214,2521.87858749575,3983.93256942814,47637.2393058519,1.01884761968201
2018,"E07000051","Purbeck",47135,26429.906334875,12400.0857869017,52.1615132843785,141.910863429487,7392.57897663515,4008.01429037588,50424.6577655016,1.0697922513101
2002,"E06000038","Reading",143915,21011.3814854885,33849.2325988138,NA,38467.177419807,49063.9260068582,8368.80261526788,150760.520126235,1.04756641160571
2003,"E06000038","Reading",144070,28896.0675027819,35128.1226907329,NA,52071.3947344786,45424.4841640124,9004.67294698459,170524.74203899,1.18362422460603
2004,"E06000038","Reading",144590,28692.9851342257,57455.4701838099,NA,61179.4013557373,43680.6471703227,9139.83089451393,200148.33473861,1.38424742194211
2005,"E06000038","Reading",146940,31388.5184191161,61789.8203540972,NA,59874.392709715,52054.020187907,9538.61477858101,214645.366449416,1.46076879304081
2006,"E06000038","Reading",148321,89366.6577938944,64856.6715750186,NA,9323.7688284222,48299.2778492525,9254.76015879826,221101.136205386,1.49069340285857
2007,"E06000038","Reading",149678,92799.0062421745,66895.8176070417,NA,8476.51135735929,50508.2844204919,9463.2491846816,228142.868811749,1.52422446058705
2008,"E06000038","Reading",151460,93832.4636946795,69861.5021512786,8283,7656.48537219722,55003.6966741673,9638.49686305787,244275.64475538,1.61280631688486
2009,"E06000038","Reading",152326,101876.578748867,85208.2962104238,9070,11948.3423099058,51765.285096943,9876.10368055201,269744.606046692,1.77083758548568
2010,"E06000038","Reading",154296,98826.1313238548,92153,12244,8206.91687441271,56519.4223413528,10170.8168840662,278120.287423686,1.80251132513925
2011,"E06000038","Reading",155339,94079.6403241021,91398.4185606985,907,15251.6778383223,49341.8208773443,10798.14130398,261776.698904447,1.68519624115288
2012,"E06000038","Reading",156795,97761.8042326445,96276.3015445575,0,1155.25774728649,59578.2539077786,10043.5807010716,264815.198133339,1.68892629314289
2013,"E06000038","Reading",158621,98850.6961163325,84765,0,41997.408830462,27441.9499356646,16198.4705609094,269253.525443368,1.69746455666884
2014,"E06000038","Reading",160268,103380.638022016,81837.2845234376,0,34638.9282451294,29656.3766679306,16686.012518884,266199.239977398,1.66096313660492
2015,"E06000038","Reading",161701,99345.9277350218,79163.654079633,0,25535.777194056,32169.2635160609,15885.3051676884,252099.92769246,1.55904989884082
2016,"E06000038","Reading",162701,103070.335427822,76484.0697478543,0,17855.7862895846,31938.1364641233,15754.5072687376,245102.835198121,1.50646176236238
2017,"E06000038","Reading",163075,107995.992011224,74280.3159207274,19.1,11131.6942172391,35479.162111661,15503.7762533365,244410.040514188,1.49875848851258
2018,"E06000038","Reading",163203,108562.26820834,67602.4368267394,14,622.97714293238,43529.0368892795,15413.4957802253,235744.214847517,1.44448456736406
2002,"E09000026","Redbridge",244273,67608.1186574767,82143.3032053348,NA,128571.523452923,78065.16409421,33640.6440802362,390028.753490181,1.59669203510081
2003,"E09000026","Redbridge",247412,138658.857084547,92776.9982770365,NA,145780.948286888,75938.3169898592,36214.2844865532,489369.405124884,1.97795339403458
2004,"E09000026","Redbridge",248774,133853.958817422,133031.781004019,NA,160632.009077418,73898.5904936679,37589.7010944834,539006.04048701,2.16664941065791
2005,"E09000026","Redbridge",251560,133892.326306208,142539.981521102,NA,162143.124112765,88553.0879686406,39386.3062645623,566514.826173279,2.25200678237112
2006,"E09000026","Redbridge",255590,298640.587146201,156182.810277941,NA,18952.5475915805,98181.2657503957,33682.7139437931,605639.924709911,2.36957597992845
2007,"E09000026","Redbridge",259965,328351.462958513,166645.558646141,NA,17307.1268450542,103130.184159352,34692.9384271577,650127.271036218,2.50082615365998
2008,"E09000026","Redbridge",265452,317190.037226979,178719.313907765,10371,15894.4964379254,114177.331583028,35789.9190531276,672142.098208825,2.53206643087573
2009,"E09000026","Redbridge",270435,368804.177042783,193584.953569955,11190.9199339662,25146.6013206768,108950.30251754,36896.1586875774,744573.113072499,2.75324241711501
2010,"E09000026","Redbridge",275088,375480.528778225,199503.121603995,15427.2143950967,17501.4086637776,120528.603389074,38039.5259628642,766480.402793033,2.78630984555136
2011,"E09000026","Redbridge",281395,416929.562873136,202497.878865468,362.770266638405,33177.1027919507,107334.551650838,38679.1235149597,798980.989962992,2.83935745113805
2012,"E09000026","Redbridge",284625,361898.532790767,197933.359900723,644.302321156292,2553.43323773627,131742.722360649,36023.5820120587,730795.93262309,2.56757464250537
2013,"E09000026","Redbridge",288850,355965.469891683,176873.105308277,3,77432.1189644189,78202.9951629102,67252.9885269401,755729.67785423,2.61633954597275
2014,"E09000026","Redbridge",293853,345395.634721465,172983.357096484,0,64720.4275153822,80182.7302440992,68948.7957028118,732230.945280242,2.49182736021154
2015,"E09000026","Redbridge",297928,304172.807742162,173147.742269293,0,48915.8113438092,83399.9919170917,65789.0287499726,675425.382022328,2.26707587746814
2016,"E09000026","Redbridge",301328,305810.454187993,171194.639277667,0,38824.6514479069,81160.4896990864,65442.7400326512,662432.974645305,2.19837842698091
2017,"E09000026","Redbridge",301785,304024.454403254,170424.15635661,0,23224,128989.238837367,64360.35453877,691022.204136001,2.28978313745216
2018,"E09000026","Redbridge",303858,316377.848266333,163703.396611833,0,0,165089.876977145,58274.8159229805,703445.937778292,2.31504827181872
2002,"E06000003","Redcar and Cleveland",138520,27572.9652637645,42276.8468158752,NA,74521.7119392712,45424.8629013464,11191.5966058644,200987.983526122,1.45096725040515
2003,"E06000003","Redcar and Cleveland",138565,42751.7826950319,43285.4234923606,NA,87862.0731306284,44090.3338308206,11896.1780962258,229885.791245067,1.65904659362081
2004,"E06000003","Redcar and Cleveland",138643,41371.5991415626,46650.2451789737,NA,96505.5128639048,42097.15204358,11878.5721228426,238503.081350864,1.72026774774683
2005,"E06000003","Redcar and Cleveland",138177,43548.3760011274,49504.2009300796,NA,95240.0812645325,50202.7280221716,12722.246705968,251217.632923879,1.81808573730707
2006,"E06000003","Redcar and Cleveland",137621,129589.997977759,52225.8363447271,NA,11796.6708694373,61112.9540120721,11318.4768733265,266043.936077322,1.93316380550441
2007,"E06000003","Redcar and Cleveland",136940,132547.089813658,60310.4768787588,NA,10831.5713491542,64540.08919276,11447.3412558029,279676.568490134,2.04232925726694
2008,"E06000003","Redcar and Cleveland",136512,131931.419080234,58474.5507763849,12750,9961.86615898993,71560.884662455,11751.820235574,296430.540913638,2.17146141667866
2009,"E06000003","Redcar and Cleveland",135867,135039.129153986,62223.5285442299,16215,15763.1627031919,68294.8471715394,11988.3799815378,309524.047554485,2.27814000128423
2010,"E06000003","Redcar and Cleveland",135383,132556.90091862,71345.6758954519,16444,10946.4376733096,75385.460396779,12217.0535192766,318895.528403437,2.35550644027269
2011,"E06000003","Redcar and Cleveland",135164,130918.759552529,76119.7295656604,190,19863.4918807988,64260.6785470828,12452.097825073,303804.757371144,2.24767510114486
2012,"E06000003","Redcar and Cleveland",134976,117271.890002686,78424.7073113081,148,1510.11271555197,77905.5050550631,11473.3829707225,286733.598055332,2.12433023689642
2013,"E06000003","Redcar and Cleveland",134960,116425.595846891,61456.3782622516,76,50309.9979570188,30501.740712829,22305.663272413,281075.376051403,2.08265690613073
2014,"E06000003","Redcar and Cleveland",135102,109611.089716675,62445.839632023,59,41182.8405124019,21586.8933101892,23456.8903874737,258342.553558763,1.91220376869893
2015,"E06000003","Redcar and Cleveland",135324,103544.865574789,62846.8891530629,24,29744.9045992957,52224.0539536869,22344.1281826913,270728.841463525,2.00059739191515
2016,"E06000003","Redcar and Cleveland",135496,101070.978289981,67755.4518897584,0,23403.6085809165,28325.2427292451,22162.1901120213,242717.471601922,1.79132573361518
2017,"E06000003","Redcar and Cleveland",136005,100379.397934115,63196.3267006708,0,17010.2685242427,35078.4912743972,21901.0930672083,237565.577500634,1.74674149847898
2018,"E06000003","Redcar and Cleveland",136718,89234.760488216,60870.2627398269,0,12780.0102832744,38625.8778865564,21955.1020471431,223466.013445017,1.63450323618702
2002,"E07000236","Redditch",79069,11198.7846601865,10589.3525040538,NA,17451.5739236677,26068.6518455913,4201.7987122152,69510.1616457144,0.879107635681675
2003,"E07000236","Redditch",79466,14790.3715672097,10683.6942605634,NA,22692.475359589,24979.7471809925,4546.42519855224,77692.7135669069,0.977684966739321
2004,"E07000236","Redditch",79654,15264.5162442331,20246.9142053121,NA,26733.317316543,23990.896132436,4675.40823932856,90911.0521378527,1.14132437966521
2005,"E07000236","Redditch",80110,15554.8720195323,21660.4274450809,NA,25288.7005795154,28805.2298183742,4811.74971239789,96120.9795749006,1.19986243383973
2006,"E07000236","Redditch",81077,55296.7714213231,23218.4065541031,NA,3351.94274513434,17361.8842650548,4384.41449206998,103613.419477685,1.27796316437073
2007,"E07000236","Redditch",81762,58373.5216169595,25430.2860365333,NA,3069.37921365898,18291.9869819585,4501.54649279953,109666.72034191,1.34129204694002
2008,"E07000236","Redditch",82713,57310.3761873897,26843.4581485365,3659.94111164607,2868.50327988287,20608.0933383765,4594.37495787259,115884.747023704,1.4010463533387
2009,"E07000236","Redditch",83102,58648.2398196178,30970.5073975594,3861.38263476888,4511.7522315565,19547.6592171127,4659.21435993599,122198.755660551,1.47046708455334
2010,"E07000236","Redditch",83570,60494.1155328299,34821.7749063663,5587.98516167919,3143.39342655431,21645.9026825774,4793.82429182596,130486.996001833,1.56140954890311
2011,"E07000236","Redditch",84318,54270.1219539723,32273.2353925785,271.637316280621,6067.81495275716,19630.9051106076,5107.02791322711,117620.742639423,1.39496599349395
2012,"E07000236","Redditch",84444,50284.2590463749,32732.4681513402,265.42543751021,466.817533639185,24086.1770432855,4706.5921501554,112541.739362305,1.33273813843856
2013,"E07000236","Redditch",84505,47543.7022274528,26548.413871575,93.7119398267241,16031.8468624786,11262.2471473581,8277.29170254761,109757.213751239,1.2988250843292
2014,"E07000236","Redditch",84505,44665.9556288723,26650.6726383828,76.7302988057146,13583.2048122766,11609.723161196,8712.43539997685,105298.72193951,1.24606498952145
2015,"E07000236","Redditch",84821,45168.8891108947,25404.6554062689,61.0834245747345,10154.3832596669,10841.0219141469,8291.87771958871,99921.910835141,1.1780326904321
2016,"E07000236","Redditch",85088,46177.0598957827,23644.1096863533,47.5391874082034,6692.68806889524,11002.8127104837,8211.7879318903,95775.9974808135,1.12561110239768
2017,"E07000236","Redditch",85204,45864.1351920947,22232.2776654146,43.7337185784455,3584.66527399141,11715.2523515421,8045.93380678559,91485.998008407,1.07372890953954
2018,"E07000236","Redditch",84989,46774.7685437186,18342.3189000383,59.5727016148783,1652.4592506111,14838.949640728,7965.55009175371,89633.6191284647,1.05464965028962
2002,"E07000211","Reigate and Banstead",126272,14543.7760846912,21411.2455109715,NA,18192.8208466104,42553.9961943308,6488.728815863,103190.567452467,0.817208624655243
2003,"E07000211","Reigate and Banstead",126665,17543.2922549855,22457.9240327671,NA,27267.7181649156,40065.677012234,6429.94347810541,113764.554943008,0.898153041037442
2004,"E07000211","Reigate and Banstead",127222,18782.7153618954,25679.362995732,NA,33289.5441190001,38306.2443523962,6567.8410352798,122625.707864304,0.963871876438851
2005,"E07000211","Reigate and Banstead",127760,19069.5293674734,28288.464008039,NA,30684.0907032313,45795.1767049425,6888.88696478105,130726.147748467,1.02321656033553
2006,"E07000211","Reigate and Banstead",129190,75850.7944887569,31967.5999117137,NA,3679.02336354091,19060.3776029907,7368.25185784432,137926.047224846,1.06762169846619
2007,"E07000211","Reigate and Banstead",131224,86978.2682535032,33064.909505777,NA,3365.90268875058,20054.3668580618,7571.93975752962,151035.387063622,1.15097380862969
2008,"E07000211","Reigate and Banstead",132857,86507.6627387837,35601.3292502911,4667.52427185345,3174.71475002762,22805.2047341072,7742.03683250592,160498.472577569,1.2080543183842
2009,"E07000211","Reigate and Banstead",134934,88748.6008826712,41113.3130546439,4853.61211944346,4962.97122563787,21499.896880121,8012.6925852927,169191.08674781,1.25388031739821
2010,"E07000211","Reigate and Banstead",136741,95227.1219066552,48111.886386085,2270.90614352054,3403.83295760186,23443.790633183,8254.95852208733,180712.496549133,1.32156775618968
2011,"E07000211","Reigate and Banstead",138375,94125.6045912907,44724.0512785734,282.912833471468,6615.94943573312,21403.1711411376,8534.91679342451,175686.606073631,1.26964123630447
2012,"E07000211","Reigate and Banstead",139772,90747.5718598728,45985.0521237782,257.175026179017,521.095625525547,26885.875419345,7944.08158063574,172340.851635336,1.23301413470034
2013,"E07000211","Reigate and Banstead",140928,84929.5314936888,39648.9421489322,0,21591.7820083595,14446.9568092495,12338.0501985901,172955.26265882,1.22725975433427
2014,"E07000211","Reigate and Banstead",142858,83735.3517144219,40660.7753877476,85.0451157336815,18778.8547927789,15858.9323903977,13017.6705578153,172136.629958895,1.20494918001719
2015,"E07000211","Reigate and Banstead",143794,84549.4703057536,40905.1213444082,22.5678115153593,15131.9735683421,15238.3330347958,12403.3427995312,168250.808864346,1.17008226257247
2016,"E07000211","Reigate and Banstead",145284,82634.7044496154,40542.4928617154,24.2354058914981,8747.09419487263,13868.4544216719,12376.295956835,158193.277290602,1.0888554644049
2017,"E07000211","Reigate and Banstead",146383,80608.9807959194,38201.228402264,22.4763637866873,3457.40813501153,16342.4154790137,12266.1667953238,150898.675971319,1.03084836334355
2018,"E07000211","Reigate and Banstead",147757,81522.6602768262,37701.7519412448,9.68544978124837,0,22227.3100356827,12333.302744522,153794.710448057,1.04086243256196
2002,"E07000124","Ribble Valley",54659,6912.97161625952,5450.5772841043,NA,18513.8041198696,18224.117930747,3748.67541385109,52850.1463648315,0.96690657283945
2003,"E07000124","Ribble Valley",55400,9064.51614026232,5914.67766564944,NA,22864.0435528455,17404.4736259151,4083.09130694251,59330.8022916149,1.07095310995695
2004,"E07000124","Ribble Valley",56054,10092.6116785229,7926.36864014296,NA,26026.7107403395,16811.3252899595,4206.24677969127,65063.2631286561,1.16072471418019
2005,"E07000124","Ribble Valley",56358,12430.4864457053,8162.11103284411,NA,25264.0156567523,20211.9467343766,4368.1000402044,70436.6599098826,1.24980765658616
2006,"E07000124","Ribble Valley",56664,40475.4906523821,8267.02745379336,NA,3070.3540961023,15905.8337161989,3946.93304139814,71665.6389598748,1.26474726386903
2007,"E07000124","Ribble Valley",56986,43076.3480375897,9332.07287607163,NA,2866.23983198213,17077.1987111948,4046.60840696059,76398.4678637989,1.34065328087248
2008,"E07000124","Ribble Valley",57158,42668.8674915684,9256.36215755854,2558.80919274648,2705.15149703625,19436.9129050637,4199.20812720726,80825.3113711806,1.41406822091712
2009,"E07000124","Ribble Valley",57004,43236.3122578889,10416.8783121927,2829.22556545985,4322.77781608529,18730.3658310318,4302.38336971993,83837.9431523785,1.47073789825939
2010,"E07000124","Ribble Valley",57218,44295.4544992261,12966.7428789332,3895.8633008987,3046.83264240556,20982.7124568988,4428.44291421521,89616.0486925775,1.56622127114855
2011,"E07000124","Ribble Valley",57292,44888.7765583128,11607.5219394306,46.603988876351,5764.8931878062,18651.6298769085,4482.81147064761,85442.237021982,1.49134673291179
2012,"E07000124","Ribble Valley",57606,46249.1283061582,11177.3910500591,204.090425993517,441.08753996032,22763.6269199522,4154.79541597026,84990.1196580936,1.47536922643637
2013,"E07000124","Ribble Valley",57878,47062.3662368335,9107.28409423285,92.5188419421786,14808.3203434982,10184.0183849455,7814.88630616638,89069.3942076187,1.53891624119041
2014,"E07000124","Ribble Valley",58105,47363.1959066758,9738.89665487265,62.2515844259072,12555.9695616121,10526.2186704824,8030.9008211873,88277.4331992562,1.51927429996138
2015,"E07000124","Ribble Valley",58519,48341.0591038614,9619.13470206443,135.557839133635,9438.1297398496,11144.7294241727,7669.75386300836,86348.3646720901,1.47556117965259
2016,"E07000124","Ribble Valley",58864,50074.7411493417,8186.47085024936,130.883516895345,7053.85085140266,10945.0923830774,7637.83312071263,84028.8718716791,1.42750869583581
2017,"E07000124","Ribble Valley",59504,52175.8319555802,7945.27486532836,171.354567730716,4822.08834891041,12286.8580743143,7586.18641701392,84987.5942288779,1.42826691027289
2018,"E07000124","Ribble Valley",60057,53252.0821366599,7850.96219228389,61.1958988573228,3308.26756461793,12972.7343434927,7616.81330040713,85062.0554363188,1.41635538632164
2002,"E09000027","Richmond upon Thames",175441,47301.4422275305,45303.1272578105,NA,38291.3879843631,64166.674355546,24161.2795441196,219223.91136937,1.2495591758447
2003,"E09000027","Richmond upon Thames",177182,96561.0168216468,50455.293020233,NA,54652.9848971246,54796.9775956592,25934.5518968218,282400.824231485,1.59384601275234
2004,"E09000027","Richmond upon Thames",179312,89367.5903082717,61720.0064210593,NA,59948.0997278254,52864.6729425124,27094.006940653,290994.376340322,1.62283827262159
2005,"E09000027","Richmond upon Thames",181508,86551.6315836302,59429.6344487684,NA,56411.9780070751,64675.8076125458,28418.3879689464,295487.439620966,1.62795821462947
2006,"E09000027","Richmond upon Thames",182520,176425.746755815,61824.3375011928,NA,7996.67266487449,41427.9877333316,24053.2452326817,311727.989887896,1.7079114063549
2007,"E09000027","Richmond upon Thames",182421,189533.289279627,61803.9626518479,NA,7242.23780586479,43153.2415691847,24344.5099179525,326077.241224477,1.78749837586943
2008,"E09000027","Richmond upon Thames",182927,177115.756882507,66147.6310753196,6263,6565.00720620069,47160.3470740042,24663.3761381774,327915.118376209,1.79260097402903
2009,"E09000027","Richmond upon Thames",184394,206662.368465013,76832.4678705723,6673.03698967869,10198.4505664019,44183.8819436068,25157.3586445436,369707.564479816,2.00498695445522
2010,"E09000027","Richmond upon Thames",186304,211758.401114806,76683.2817982273,8723.00264156958,6987.9780422862,48125.2519550034,25762.3591177567,378040.274669649,2.02915812150919
2011,"E09000027","Richmond upon Thames",187527,240544.115286699,79520.0280957539,1268.75703119068,13464.763816934,43562.2449632253,25776.5063181288,404136.415511932,2.15508388398434
2012,"E09000027","Richmond upon Thames",188971,188641.164526595,78795.394381377,1131.69986097927,1054.63669518932,54385.0580314949,23917.1271546798,347925.080650315,1.84115594800427
2013,"E09000027","Richmond upon Thames",191138,169395.016408754,68844.7402472338,82,34445.5086744716,41414.5251910969,44502.6890118133,358684.47953337,1.87657336339906
2014,"E09000027","Richmond upon Thames",193315,173200.222227024,69756.9972200616,0,30170.9377754732,43585.7977462814,45358.8578006318,362072.812769472,1.87296801991295
2015,"E09000027","Richmond upon Thames",194124,155584.531507909,70501.9218209908,2,25474.4627336323,42239.4305836092,42866.8316407309,336669.178286872,1.73429961409652
2016,"E09000027","Richmond upon Thames",195187,157763.632263124,68854.6591479783,2,16075.860252491,42293.7778928462,42390.9231759182,327380.852732358,1.67726771113014
2017,"E09000027","Richmond upon Thames",195680,161386.893833553,65021.8307945801,0,3453,72234.4822330332,41731.8096530527,343828.016514219,1.75709329780365
2018,"E09000027","Richmond upon Thames",196904,158594.359264138,62439.3341510061,0,0,83752.4508826748,37762.8509188455,342548.995216664,1.73967514736452
2002,"E07000166","Richmondshire",47798,5848.73490998356,6070.87612807754,NA,12321.189949746,16072.7616133911,2659.64239203256,42973.2049932307,0.899058642479408
2003,"E07000166","Richmondshire",48465,7928.9232176222,6452.18324639464,NA,15967.7164861043,15179.6359172636,2844.81369311529,48373.2725605,0.998107346755391
2004,"E07000166","Richmondshire",49399,8970.40630146564,9686.21621268842,NA,18050.7595210425,14741.1148032604,2928.61974270873,54377.1165811657,1.10077363066389
2005,"E07000166","Richmondshire",50351,9718.01929114866,10058.1174265556,NA,17269.3520966628,17934.3403014832,3078.51066607098,58058.3397819212,1.1530722285937
2006,"E07000166","Richmondshire",51003,34571.4471060521,10966.0887852177,NA,2103.28223851997,10898.5380829233,2672.36913417393,61211.725346887,1.20015931115595
2007,"E07000166","Richmondshire",51626,36444.4191698447,11016.9185914089,NA,1979.83915699935,11795.7459769871,2752.64369149455,63989.5665867346,1.23948333372205
2008,"E07000166","Richmondshire",52125,35544.6427085462,12395.9377645048,2421.22600125383,1864.23787872027,13390.2819892563,2852.14229262091,68468.4686349023,1.3135437627799
2009,"E07000166","Richmondshire",52440,37069.5803253227,13654.3184511715,2701.41670970295,2975.84310394917,12892.3885657169,2946.84726303699,72240.3944189002,1.37758189204615
2010,"E07000166","Richmondshire",52877,37787.5989024387,15710.2957651259,3598.99878469788,2094.21258512454,14425.2448381757,3042.31625441696,76658.6671299797,1.44975447037426
2011,"E07000166","Richmondshire",53287,36583.317685279,15414.2756301588,182.578101349621,4045.9683645306,13088.3470762418,3150.91235924399,72465.3992168039,1.35990765509043
2012,"E07000166","Richmondshire",53808,36431.9280254167,14156.6396698745,156.411103083969,311.236577563812,16054.5032889144,2939.12987952557,70049.848544379,1.30184821112807
2013,"E07000166","Richmondshire",53897,37601.9044473413,11602.0328890657,74.0642127648316,10440.0186345384,7391.80291089566,5067.00751328955,72176.8306078954,1.33916230231544
2014,"E07000166","Richmondshire",52812,36954.0200213968,11481.1444455663,60.1714285714286,8820.66711684191,8060.26263532572,5274.575503721,70650.8411514231,1.33778007179094
2015,"E07000166","Richmondshire",52565,36727.4912919562,11088.2019068347,29.0573944295292,6633.3822834397,6838.27705364025,4986.80523305588,66303.2151633563,1.26135670433475
2016,"E07000166","Richmondshire",53876,37613.9507359701,10303.9130744408,27.8423002339477,4237.45249642784,7072.89900657752,5056.02614708901,64312.0837607393,1.19370561587236
2017,"E07000166","Richmondshire",53699,35872.7416659169,8972.70955854973,56.6284929034241,2153.00869682436,8156.95458144908,4955.94799193946,60167.990987583,1.12046762486421
2018,"E07000166","Richmondshire",53244,34547.8167519317,8397.07766719275,32.0587790172578,856.882541777948,9974.81518313978,4886.52451849713,58695.1754415566,1.10238102775067
2002,"E08000005","Rochdale",206697,39236.8721210329,55357.0545899,NA,110970.616577904,70136.8705523986,16688.5275026217,292389.941343857,1.41458241456749
2003,"E08000005","Rochdale",207528,61048.6477519691,57700.1802809078,NA,135586.779591933,65047.3469631345,17932.2052837146,337315.159871659,1.62539589776637
2004,"E08000005","Rochdale",207286,62109.3488229443,80469.5062892391,NA,148383.011897628,62368.9444753843,18189.9368754295,371520.748360625,1.79230989242218
2005,"E08000005","Rochdale",207200,67237.890994928,84372.7485057848,NA,149883.911977317,74539.8371602793,18842.0276476129,394876.416285922,1.90577420987414
2006,"E08000005","Rochdale",207845,201068.106284805,79681.7317640362,NA,17950.1249951593,92989.9948184923,17769.2801751179,409459.23803761,1.97002207432274
2007,"E08000005","Rochdale",208393,212260.637101091,90591.485461701,NA,16549.9770874453,98616.8210949739,18073.5860016416,436092.506746853,2.09264469894312
2008,"E08000005","Rochdale",209666,206546.447325141,92002.3500723471,18318.6880176274,15289.7141461836,109835.159500719,18623.2526050503,460615.611667068,2.19690179460222
2009,"E08000005","Rochdale",210248,214815.023760215,101123.724255663,20258.2030181455,24291.6115826266,105242.319880841,19033.7449497752,484764.627447267,2.30568008945277
2010,"E08000005","Rochdale",210758,214750.485519984,103413.315324995,31933.6828281629,16944.1416282941,116686.727490485,19432.6999456391,503161.05273756,2.38738768036117
2011,"E08000005","Rochdale",211929,216264.617256141,133387.18740844,1745,32653.5427744838,105638.733011195,19609.2563556971,509298.336805956,2.40315547568269
2012,"E08000005","Rochdale",211947,229182.656164245,107999.650112887,656,2454.08597615216,126573.410447339,18063.9790540158,484929.781754638,2.28797662507437
2013,"E08000005","Rochdale",212137,225008.422782222,86901.7299706807,213,83858.7202978215,56363.0045346134,34965.6760826689,487310.553668007,2.29715020796941
2014,"E08000005","Rochdale",212976,223842.436908887,92925.3254161076,181,69075.6522167683,59198.7430764108,35643.0092270568,480866.16684523,2.25784204250822
2015,"E08000005","Rochdale",214314,225678.489587755,86591.7102225585,93,51253.9376067758,59698.5545804547,33934.1634557811,457249.855453325,2.13355103004622
2016,"E08000005","Rochdale",216350,224742.54411898,83109.2172937425,0,41563.5133657264,63759.9432287464,33743.9353304249,446919.15333762,2.0657229181309
2017,"E08000005","Rochdale",218459,227820.604732244,79533.2434044031,0,15523.7233173944,115519.852219827,19422.4700980671,457819.893771936,2.0956787945195
2018,"E08000005","Rochdale",220001,223090.28015206,79414.8992838931,0,1559.56349444227,114215.357146438,33479.9281436295,451760.028220463,2.05344533988692
2002,"E07000075","Rochford",79325,9556.48153233715,10456.965017707,NA,22022.4409754904,26333.4510510624,4507.81673837808,72877.155314975,0.91871610860353
2003,"E07000075","Rochford",79513,11761.9019813768,11923.6473482761,NA,27524.9595597893,24963.403096138,4608.26904247524,80782.1810280555,1.0159619311063
2004,"E07000075","Rochford",80100,13331.7029465438,13192.7315842384,NA,31519.1253650657,23950.5565196552,4688.73602097402,86682.8524364771,1.08218292679747
2005,"E07000075","Rochford",80815,14356.4998484867,17787.5960687374,NA,30374.2249951552,28699.7258891549,4904.21562560562,96122.2624271397,1.18941115420578
2006,"E07000075","Rochford",81490,54722.8344649012,18776.8971583946,NA,3416.03264991454,17694.4241667984,4827.41460531576,99437.6030453245,1.22024301196864
2007,"E07000075","Rochford",82264,58909.3119776737,19902.1356273541,NA,3155.90566325738,18803.4963360416,4955.89213705717,105726.741741384,1.28521275091637
2008,"E07000075","Rochford",83056,59302.8996647908,21608.6403706092,3458.52185450912,2912.06857109833,20915.7841622647,5155.53794407521,113353.452567347,1.36478343006342
2009,"E07000075","Rochford",83094,60464.5953876333,24158.9618458179,3284.01216670062,4562.6554827507,19768.0847725603,5283.14976600437,117521.459421467,1.41431943848493
2010,"E07000075","Rochford",83415,60679.520426672,27224.9318746675,4597.93450345702,3166.72423351104,21809.4756322693,5421.03770915569,122899.624379733,1.47335160798097
2011,"E07000075","Rochford",83333,56149.2222177496,24274.7016546809,187.717174364295,5975.43538588356,19330.591978153,5668.01326785959,111585.681678691,1.33903353627844
2012,"E07000075","Rochford",83895,49493.3021423406,24036.3596128337,200.87091815414,466.168679430123,24034.8655048495,5275.13870742567,103506.705565034,1.23376489141229
2013,"E07000075","Rochford",83955,45520.6093445186,17977.6936017032,122.178085293694,17056.2076151806,11729.6639828516,8389.63078380776,100795.983413355,1.20059535957781
2014,"E07000075","Rochford",84809,44285.0108991912,19024.0057420661,82.0112678454066,14619.1084378504,12597.6624360682,8662.36222050374,99270.161003525,1.17051446195009
2015,"E07000075","Rochford",85192,44029.5896421257,18583.4509075134,64.2481161650372,11454.1930012168,12092.6727925121,8219.04827942859,94443.2027389616,1.10859238824023
2016,"E07000075","Rochford",85708,43219.4576726768,17965.0338786345,0,8191.5256629692,12125.9005859626,8150.81304124533,89652.7308414884,1.04602523500126
2017,"E07000075","Rochford",86209,43541.5603932,17223.4371605059,0,4904.37803014075,13007.8720289938,8032.81656182586,86710.0641746663,1.00581220260838
2018,"E07000075","Rochford",86981,41507.0337491613,16225.2364125801,0,3135.79311836511,13596.4558217313,8050.0347128253,82514.5538146631,0.948650323802475
2002,"E07000125","Rossendale",65556,8368.652486791,10919.6661379963,NA,23775.2603575289,21783.4074913198,4496.02380999327,69343.0102836293,1.0577675618346
2003,"E07000125","Rossendale",65729,11056.6081657636,11672.1331639977,NA,28745.040066516,20702.8005949056,4844.35935945892,77020.9413506417,1.17179542288247
2004,"E07000125","Rossendale",65623,14604.5080490189,18822.3115794074,NA,32008.3300908641,19725.1518090237,4924.29679280124,90084.5983211153,1.37275952518348
2005,"E07000125","Rossendale",65872,15228.8659844476,18545.7455544112,NA,31086.5087359662,23642.7029221557,5105.49497583917,93609.31817282,1.42107903468575
2006,"E07000125","Rossendale",66199,48753.232840905,19620.3037627712,NA,3885.1048780156,20124.6574929171,4611.09382337137,96994.3927979802,1.46519422948957
2007,"E07000125","Rossendale",66623,51018.5226074534,21960.9663640635,NA,3604.64890194338,21478.377772364,4730.9372810328,102793.452926857,1.54291240152585
2008,"E07000125","Rossendale",67063,50331.8522969147,24996.9875148247,3070.24356858457,3380.31113484975,24280.0543432641,4926.89552879563,110986.344387233,1.65495644971494
2009,"E07000125","Rossendale",67479,51642.7744342517,27412.0998987519,3496.89486582811,5400.49177692125,23397.5741862359,5092.98518358942,116442.820345578,1.72561567814547
2010,"E07000125","Rossendale",67824,54929.1523638629,28967.4463109645,4817.51774826372,3784.28269318247,26060.8279855413,5249.3046281543,123808.531729969,1.82543836591722
2011,"E07000125","Rossendale",68053,53771.0671144812,27518.4224244933,55.3574889164685,7048.19730694993,22802.4177723461,5324.80571479407,116520.267821981,1.71219884240197
2012,"E07000125","Rossendale",68332,55046.3794642295,27762.3162731771,182.781428826667,537.975450136593,27734.0208432138,4928.40121452765,116191.874674111,1.70040207624702
2013,"E07000125","Rossendale",68698,55879.5291084348,22074.4016155639,109.814772517084,18328.2729699997,12217.5468227822,9275.83986075915,117885.405150057,1.71599471818767
2014,"E07000125","Rossendale",69104,56188.3389714297,23425.7417853596,74.0355131256844,15505.1201030143,12547.3989502627,9551.11213057959,117291.747453772,1.69732211527222
2015,"E07000125","Rossendale",69418,56864.2014024821,23158.038376389,160.805107349385,11601.6590727948,13677.3367481881,9098.22405820869,114560.264765412,1.65029624543219
2016,"E07000125","Rossendale",69787,58379.1658159335,20622.1518283901,155.170698450249,8640.18096573181,13183.4154175357,9055.13488711559,110035.219613157,1.57672947129346
2017,"E07000125","Rossendale",70365,60496.0204785292,19710.7363017416,202.631153508535,5845.75488489985,13606.9104328974,8970.85922346707,108832.912475044,1.54669100369564
2018,"E07000125","Rossendale",70895,61758.0390308957,19361.9562019742,72.2394267027973,3965.61345044854,15016.2336160966,8991.35785890676,109165.439585025,1.53981859912581
2002,"E07000064","Rother",86174,13251.0723670517,20353.1075188106,NA,24638.7520898298,29014.584773255,5232.15227141103,92489.6690203582,1.07328972799636
2003,"E07000064","Rother",86718,15492.6675600903,23639.6324558813,NA,30568.331804541,27077.2319369339,5440.62061397852,102218.484371425,1.17874587019333
2004,"E07000064","Rother",87183,17277.0176709517,25370.0951372951,NA,33103.479097248,25839.2913028577,5523.6004059596,107113.483614312,1.22860515942686
2005,"E07000064","Rother",87684,16147.2623433952,28074.073185221,NA,31329.2639470204,30909.7002810167,5684.48336357347,112144.783120227,1.27896518316029
2006,"E07000064","Rother",88221,56425.4432432432,27999.9965925419,NA,4102.00714674254,21251.5503789089,5256.84841931743,115035.845780754,1.30395082554895
2007,"E07000064","Rother",89262,61869.5672993883,30232.7213786182,NA,3732.57788707029,22241.1827833845,5404.91810682555,123480.967455287,1.38335425438918
2008,"E07000064","Rother",90120,58052.8977791677,33409.4412548362,4116.69566657743,3470.22255047113,24925.7128541788,5525.81813694748,129500.788242179,1.43698167157322
2009,"E07000064","Rother",90123,61720.8678055169,39072.5501100959,4351.23133923939,5432.74420863618,23537.175972123,5651.11309215654,139765.682527768,1.55083255692518
2010,"E07000064","Rother",90578,62839.8839394263,41138.1478739381,5837.35305766627,3761.20693456935,25901.5945547869,5791.93057194763,145270.116932334,1.60381237091054
2011,"E07000064","Rother",90729,63852.0063404506,38920.3861394749,272.939562867857,7223.46447660104,23368.5130097581,6144.79389589082,139782.103425043,1.5406551755783
2012,"E07000064","Rother",91065,59890.9679328228,39657.4816849076,288.753389268822,558.730850342047,28809.2977347589,5675.38679185986,134880.61838396,1.48114663574326
2013,"E07000064","Rother",91232,57428.8740807914,30734.9681443058,186.760689768631,21074.8974855281,14026.9603611767,9348.6538874642,132801.114649035,1.45564182138981
2014,"E07000064","Rother",92370,57522.8933693054,30296.9923841823,147.483566233675,18116.5499476831,13462.6053181816,9731.52021142302,129278.044797009,1.39956744394294
2015,"E07000064","Rother",93192,55334.9094297776,28962.8735375693,9.91729859950351,13774.7060480526,15999.0171285327,9264.99881807535,123346.422260607,1.32357307773851
2016,"E07000064","Rother",93966,54869.2349031173,27921.5364176744,9.91712961530833,9481.43993734858,15577.1613183713,9204.61806181687,117063.907767944,1.24581133354558
2017,"E07000064","Rother",94997,56327.1509550313,25130.6805974571,9.97688765597301,5558.82770639852,16133.781423961,9136.23174364812,112296.649314152,1.18210732248547
2018,"E07000064","Rother",95656,58401.8120988683,21371.6377785628,10.0038731315026,3068.67224672724,17645.4804258724,9139.83955037953,109637.445973542,1.14616381589803
2002,"E08000018","Rotherham",249610,51977.6890590722,40976.7997725179,NA,126675.324527711,84284.8598027702,18077.5027314367,321992.175893508,1.28998107404955
2003,"E08000018","Rotherham",250886,64544.1657766034,49587.4963278525,NA,154166.451324362,78789.4357011863,19349.1622239231,366436.711353928,1.46057058326861
2004,"E08000018","Rotherham",251722,82359.5653505932,85609.4528411557,NA,170012.310758828,75480.3328074026,19561.3078549117,433022.969612892,1.72024284573018
2005,"E08000018","Rotherham",252675,92578.4572915926,85321.7552815213,NA,168913.615125566,90734.6753612004,20293.7109878842,457842.214047764,1.81198066309593
2006,"E08000018","Rotherham",253638,242520.249262124,91699.85474072,NA,19716.8764676735,102141.305674645,18946.2127130146,475024.498858177,1.87284436424423
2007,"E08000018","Rotherham",254180,243939.249552741,90670.9021946905,NA,18321.1392815832,109168.618578278,19273.516947628,481373.42655492,1.89382888722527
2008,"E08000018","Rotherham",255271,234589.103327536,93398.4892044383,14486,17099.6687174255,122836.580747396,19728.3478123042,502138.189809099,1.96707886837557
2009,"E08000018","Rotherham",256313,240706.985929728,105466.441291531,15418.2711052192,27240.1145555971,118017.699371155,20196.9273228564,527046.439576086,2.05626105416458
2010,"E08000018","Rotherham",256893,233119.623284624,107925.259164615,20269,19035.0185644372,131090.198680893,20631.1018838282,532070.201578397,2.07117438613897
2011,"E08000018","Rotherham",257716,225948.040796842,111012.260258743,0,34869.9856861673,112809.02540696,21243.5593854763,505882.871534188,1.96294708723629
2012,"E08000018","Rotherham",258424,231241.922158088,119481.03580793,759,2638.99944098635,136131.450159792,19633.9119804907,509886.319547288,1.97306101425289
2013,"E08000018","Rotherham",258817,245277.750869328,98512.9819023643,247,88223.1579468834,40548.5481038189,37146.598855372,509956.037677767,1.97033439719094
2014,"E08000018","Rotherham",260256,194005.523509466,101637.290423457,127,73487.8706027723,61360.5918564543,38023.695597941,468641.971990091,1.80069612992627
2015,"E08000018","Rotherham",260929,188033.826805927,94834.9424678489,74,53691.2563627943,62874.6928577193,36032.8509339078,435541.569428197,1.66919571771707
2016,"E08000018","Rotherham",262142,163611.517779372,92524.6465095543,0,41820.7178502006,64450.7585651355,35747.0233959115,398154.664100174,1.51885109635302
2017,"E08000018","Rotherham",263375,153963.773406916,91813.2695585402,0,30912.8619249414,68699.1723462354,35237.5070418997,380626.584278533,1.4451887395483
2018,"E08000018","Rotherham",264671,155639.4678684,77081.8519186438,0,23642.6130957048,73134.7957001051,35171.7946964826,364670.523279336,1.37782576587286
2002,"E07000220","Rugby",88653,10811.4790176447,11552.3366791269,NA,20055.3527749657,29439.4612260643,4874.35178415128,76732.9814819529,0.865542976345447
2003,"E07000220","Rugby",89050,13284.9977206362,12230.503782113,NA,27625.7072396011,27759.6999510733,5298.67693998323,86199.5856334069,0.967990854951228
2004,"E07000220","Rugby",89998,15079.9758115985,19771.2314104084,NA,32256.8489579417,26919.9688182679,5469.77357573794,99497.7985739544,1.10555566316979
2005,"E07000220","Rugby",91321,14630.4426538185,21588.045799413,NA,30971.1757767071,32658.9110040428,5737.8522456665,105586.427479648,1.15621190612945
2006,"E07000220","Rugby",93051,59878.4359324763,22465.9729973406,NA,3745.8261498245,19404.3389621951,5377.88871751544,110872.462759352,1.19152360274851
2007,"E07000220","Rugby",94748,65670.1640140649,23625.725392557,NA,3425.31581212655,20412.4768657568,5563.4514400774,118697.133524583,1.2527666391331
2008,"E07000220","Rugby",96434,64608.3166315649,26485.2806126989,4100.62260652893,3198.95568277887,22978.9202349347,5665.88904009018,127037.984808596,1.31735679126238
2009,"E07000220","Rugby",97662,67775.8135598223,30888.8773119412,4327.07452626764,5045.38021437623,21859.4380841531,5881.54272306878,135778.126419629,1.39028615448823
2010,"E07000220","Rugby",99035,70007.6603518044,33557.0795621189,5632.89930829931,3521.63464825072,24249.5182003286,6121.18947159506,143089.981542397,1.4448425459928
2011,"E07000220","Rugby",100496,65793.6305982574,32870.8273766179,211.636720250881,6782.15812527216,21942.5529444483,6469.7216670265,134070.527431873,1.33408819686229
2012,"E07000220","Rugby",101030,61120.7646994456,33603.307849431,282.154763641669,526.391541435658,27137.9238218558,6021.04307703531,128691.585752845,1.27379576118821
2013,"E07000220","Rugby",101819,61570.648826151,26901.1774722165,108.578868351662,18764.9642213071,13741.3021507979,9909.95255105848,130996.624089883,1.28656364813917
2014,"E07000220","Rugby",103189,58734.6975617703,27657.010152955,177.219455154313,16183.1561933207,13073.6317947326,10556.4896606028,126382.204818536,1.22476431420535
2015,"E07000220","Rugby",104455,59468.416174611,24382.6099568768,147.822809526726,12326.1086221121,16293.5458323276,10140.2373305425,122758.740725997,1.17523087191611
2016,"E07000220","Rugby",105291,60501.9317251977,21532.0568434912,179.586111404298,8162.02853176527,15362.0192400235,10098.8691499505,115836.491601833,1.1001556790403
2017,"E07000220","Rugby",106350,60930.2564040796,16786.8262688598,198.961726081458,4351.80074464806,17826.0623350491,9972.06675263301,110065.974231351,1.03494098948144
2018,"E07000220","Rugby",107194,59897.3985464353,15338.5813313252,0,1972.0747272377,19411.2049771458,9937.70473021488,106556.964312359,0.994057170292729
2002,"E07000212","Runnymede",77649,9001.40705936542,8828.99564971986,NA,12192.7781291058,26240.3841904269,3990.14273808085,60253.7077666989,0.775975321854742
2003,"E07000212","Runnymede",77550,10703.3421969299,10319.8922649594,NA,17699.6641826014,24547.4961299392,3936.70008863597,67207.0948630659,0.866629205197497
2004,"E07000212","Runnymede",76948,11538.3607368783,16844.5932448443,NA,21115.999346566,23237.2376509423,3972.44369670898,76708.6346759399,0.996889258667411
2005,"E07000212","Runnymede",77018,11482.8173358177,18820.9911315838,NA,19512.1979788781,27670.1387559585,4152.85141087592,81638.9966131141,1.05999891730653
2006,"E07000212","Runnymede",77169,46190.3588892552,21067.876488792,NA,2378.64131853153,12324.7045688148,4401.27430620008,86362.8555715936,1.11913923429866
2007,"E07000212","Runnymede",78330,53098.3166973793,21747.4110039895,NA,2181.35186863556,12995.9868925805,4519.82900389636,94542.8954664812,1.20698194135684
2008,"E07000212","Runnymede",78694,51519.0650817484,22511.5765674553,2774.0495724669,2038.90073190478,14643.9378831814,4585.77151747534,98073.3013542321,1.24626148568165
2009,"E07000212","Runnymede",79373,52783.8621389736,25876.3629780949,2864.53864672051,3185.04349602439,13799.2403846758,4713.35207266099,103222.39971715,1.30047244928565
2010,"E07000212","Runnymede",80283,56017.1079415245,30287.4975883902,1350.56483366554,2194.78586769988,15111.5620143471,4846.62855346046,109808.146799088,1.36776337205993
2011,"E07000212","Runnymede",80501,55575.2025019223,27543.0268688451,129.681705563047,4188.63654219296,13550.9322712392,4965.27072655802,105952.750616321,1.3161668875706
2012,"E07000212","Runnymede",81878,54208.4976443255,28179.5560755424,150.652325168743,325.777077145499,16832.4224707748,4653.61811850223,104350.523711459,1.27446351536993
2013,"E07000212","Runnymede",83094,50524.4779315436,23976.458992701,0,13317.6713229637,9945.08135436378,7274.76401567926,105038.453617251,1.26409191538801
2014,"E07000212","Runnymede",83906,50550.4332060528,23743.7780851219,49.95026866364,11474.9316121107,9695.74032359902,7645.77878609564,103160.612281644,1.22947837200729
2015,"E07000212","Runnymede",84992,49897.2871623754,24356.0335709692,13.3391061957621,9281.89413689395,8946.34315265843,7331.21626227629,99826.113391369,1.17453540793685
2016,"E07000212","Runnymede",86370,49367.2924156361,23778.0266682247,14.407725605357,5651.79400079258,8324.35960188187,7357.5939662443,94493.474378385,1.09405435195537
2017,"E07000212","Runnymede",86882,47536.45093017,22936.6212131566,13.3402884113249,2341.05887012885,12725.2613325842,7280.27915476061,92833.0117892115,1.06849533607895
2018,"E07000212","Runnymede",88000,48024.8194560034,22998.9496932771,5.76838715424553,0,14859.0932824846,7345.3754577985,93234.0062767179,1.05947734405361
2002,"E07000176","Rushcliffe",106546,13429.8418444226,11286.686947464,NA,30348.5015231809,35332.2976886938,7040.03462097916,97437.3626247405,0.914509813833841
2003,"E07000176","Rushcliffe",106987,18601.320064995,15629.2971526067,NA,39293.1003015255,33579.7915320561,7507.63593524249,114611.144986426,1.07126234950439
2004,"E07000176","Rushcliffe",107430,21231.2384292762,17063.482120137,NA,44669.4822414223,32156.825426209,7655.62250261871,122776.650719663,1.1428525618511
2005,"E07000176","Rushcliffe",107832,22460.4336427459,18372.5343722785,NA,42927.7069381341,38455.0045740317,7964.27451305524,130179.954040246,1.20724788597305
2006,"E07000176","Rushcliffe",108413,77952.2720318748,20291.0819125465,NA,5222.02762781754,27052.1853320464,7351.36895491356,137868.935859199,1.27170114155312
2007,"E07000176","Rushcliffe",108909,83861.5813330889,21507.3263236195,NA,4871.77812265208,29031.5647609961,7505.46075296321,146777.71129332,1.34770965937911
2008,"E07000176","Rushcliffe",109393,80773.716095316,22820.3531607889,4577.33566001049,4623.89932298519,33216.9011580011,7821.79832104487,153834.003718147,1.40625089099071
2009,"E07000176","Rushcliffe",110137,87197.6242150051,26115.6855533624,4924.57899513527,7431.59415695922,32198.943862742,8038.50004418962,165906.926827394,1.50636867562575
2010,"E07000176","Rushcliffe",111121,82227.5108515016,30776.6168362341,7510.16774559909,5253.32671726623,36173.8724978855,8275.62713333419,170217.121781821,1.53181776425537
2011,"E07000176","Rushcliffe",111248,80257.823165972,26695.2820651633,204.596688341069,9864.0848911575,31910.7704646268,8858.46987471291,157791.027149974,1.4183718102795
2012,"E07000176","Rushcliffe",111520,67209.6994275077,23316.2774428036,238.414854075151,752.544758579937,38827.6204615128,8190.29402073492,138534.850965214,1.24224220736383
2013,"E07000176","Rushcliffe",112910,63837.2558500334,18115.1257327638,82.9362662806072,24856.5137781064,17184.6745621301,14023.5917097229,138100.097899037,1.2230989097426
2014,"E07000176","Rushcliffe",113690,62472.0230236255,18983.570500365,46.9444097922197,20959.4080906643,16663.4044640403,14601.4095865505,133726.760075038,1.1762403032372
2015,"E07000176","Rushcliffe",114497,63290.1648679822,19606.3728660759,34.7943109609448,15560.006513164,17303.388765717,13890.8206155074,129685.547939407,1.13265454937166
2016,"E07000176","Rushcliffe",115168,61819.5057887414,19015.1191690126,0,10907.0827284771,17492.0810060452,13762.2406100002,122996.029302276,1.06797052395002
2017,"E07000176","Rushcliffe",115996,64121.7937555376,17722.87532758,0,6640.52993032201,17809.101474474,13552.5185500323,119846.819037946,1.03319786059817
2018,"E07000176","Rushcliffe",117671,63717.5734857348,18020.9324296842,0,3961.8203190599,20354.4355045279,13663.2302843107,119717.992023318,1.01739589213415
2002,"E07000092","Rushmoor",89877,9516.80384121792,14810.7876304035,NA,21141.0166686706,29881.198147484,5447.41537354104,80797.221661317,0.898975507207817
2003,"E07000092","Rushmoor",89727,12015.3240153228,16156.5756316398,NA,26945.537453959,28299.7732171349,5691.98933226523,89109.1996503217,0.993114666157586
2004,"E07000092","Rushmoor",89358,13532.9201128629,18654.0598366319,NA,30215.6719488828,26876.6956357522,5791.92262033132,95071.2701544612,1.06393686244613
2005,"E07000092","Rushmoor",90040,14782.6901968393,20856.2848207747,NA,28162.2165941818,32209.6492638412,5977.80298339154,101988.643859029,1.13270373010916
2006,"E07000092","Rushmoor",91065,57742.3044612792,22392.7656039842,NA,3331.67539265327,17259.8338191814,5615.27595536441,106341.855232463,1.16775770309628
2007,"E07000092","Rushmoor",91891,61271.4468303156,24173.3160781795,NA,3040.33889632696,18118.9572671883,5766.14953521417,112370.208607224,1.22286413911291
2008,"E07000092","Rushmoor",92589,59888.9403566426,25399.9019324387,4706.01300900998,2792.13815713424,20057.4517980339,5907.83008989494,118752.275343154,1.28257433759037
2009,"E07000092","Rushmoor",92572,64062.8422663985,31827.6025307829,3344.08001960504,4322.73528631195,18727.1298828561,6035.0917179534,128319.481703908,1.38615868409355
2010,"E07000092","Rushmoor",93397,64107.1178190789,35037.1155365159,5065.82702974137,2962.75244071362,20401.198040104,6204.51473578529,133778.525601939,1.43236426868035
2011,"E07000092","Rushmoor",94354,64513.9274078982,38355.3197369675,246.227631724249,5642.23068232865,18253.0909973177,6844.90973507911,133855.706191315,1.41865428271526
2012,"E07000092","Rushmoor",94806,61798.7307635603,41242.3147107468,215.425197950419,432.745488120914,22326.3164890123,6342.88639638774,132358.419045778,1.39609749431237
2013,"E07000092","Rushmoor",94897,60728.2593046617,37346.304164366,81.6429442313719,15323.2714211531,13520.468382649,9975.09715711568,136975.043374177,1.4434075194598
2014,"E07000092","Rushmoor",95228,60731.5113404644,37827.2017372207,71.2643419255839,13281.5318603361,3806.05141442139,10168.872523467,125886.433217835,1.32194767524085
2015,"E07000092","Rushmoor",95166,63687.5639302496,37648.2477048535,59.4001167285927,10697.0070001292,16885.379289901,9604.88443283817,138582.4824747,1.45621842333081
2016,"E07000092","Rushmoor",96091,65484.931734984,37896.6544985983,0,7447.21147505322,11479.8703749935,9569.47930276033,131878.147386389,1.37242975290495
2017,"E07000092","Rushmoor",95817,66359.6978963519,35737.8091875266,0,4104.19810890443,11755.0220076988,9371.31107864456,127328.038279126,1.32886688457295
2018,"E07000092","Rushmoor",95142,66253.15903313,36457.7798863052,0,2044.72340912506,13253.3524538361,9275.68178396129,127284.696566358,1.33783919369319
2002,"E06000017","Rutland",35295,4934.80241372485,2309.45882170427,NA,6229.50764720672,12504.8895153827,2101.86614312233,28080.5245411408,0.795594972124688
2003,"E06000017","Rutland",35559,4955.06782179531,2700.47250245443,NA,9862.72655292276,10978.1109475416,2265.69149892536,30762.0693236395,0.865099393223641
2004,"E06000017","Rutland",35623,6096.41956162726,4772.3350408243,NA,11361.132441558,10502.3392262082,2301.18194023642,35033.4082104542,0.983449125858412
2005,"E06000017","Rutland",36115,7099.2142055667,5525.26959200424,NA,10651.8509002504,12859.2785373658,2461.27265171271,38596.8858868999,1.06872174683372
2006,"E06000017","Rutland",36510,25771.5716759167,6185.82447507439,NA,1213.72712710284,6289.00588928393,2303.48282052284,41763.6119879006,1.14389515168175
2007,"E06000017","Rutland",37110,27186.8313841346,6074.23470346949,NA,1151.97494323315,6866.01272676221,2371.37977024684,43650.4335278463,1.1762445035798
2008,"E06000017","Rutland",37478,25318.7707790971,6601.42143063757,2118,1146.42543794668,8236.11089945746,2429.49162204302,45850.2201691818,1.22339026013079
2009,"E06000017","Rutland",37417,27569.6691738878,7417.14019492085,2256,1857.13593027677,8046.86881566571,2475.9961616202,49622.8102763714,1.32621028613655
2010,"E06000017","Rutland",37670,28273.0395867076,9439.86216911131,2591,1319.94741860728,9092.87440453416,2538.87930504701,53255.6028840073,1.41374045351758
2011,"E06000017","Rutland",37581,19060.3619989258,8763.57227360522,288,2480.71186690325,8025.7890958938,2672.95691421827,41291.3921495463,1.09873053270393
2012,"E06000017","Rutland",37096,16242.8968239958,9211.29515333863,275,190.898191340476,9851.35016214055,2435.46458216503,38206.9049129805,1.02994675741267
2013,"E06000017","Rutland",37791,15901.0525742278,7969.19318635995,0,6281.57048074252,4237.77041900093,4213.10043557826,38602.6870959095,1.0214783174806
2014,"E06000017","Rutland",38263,14380.1975559594,8320.98714631276,23,5470.66927152216,4668.76197102649,4408.27063854419,37271.886583365,0.974097341645061
2015,"E06000017","Rutland",38352,13128.3993735923,6456.75859207917,19,4402.65886845779,4871.03286992398,4160.24453162442,33038.0942356777,0.861443842190177
2016,"E06000017","Rutland",38949,13426.886367136,6442.51824257574,0,2653.22000826997,5087.31742923752,4151.1353664606,31761.0774136799,0.815452961916349
2017,"E06000017","Rutland",39474,13707.8660962717,6320.30005557474,0,1093.39840439576,5116.13879282809,4098.06228617112,30335.7656352414,0.768499914760131
2018,"E06000017","Rutland",39697,14199.8488496437,5221.06708117488,3,173.141455730651,5533.91396499946,4083.67631860356,29214.6476701522,0.735940944407693
2002,"E07000167","Ryedale",50847,6370.16678455028,10609.4537738893,NA,13355.3287663654,16853.4380257772,2829.2990649751,50017.6864155572,0.9836900193828
2003,"E07000167","Ryedale",51196,8384.33236458034,10672.2989060646,NA,17121.4323578375,16076.4809330492,3005.11878330198,55259.6633448336,1.07937462584643
2004,"E07000167","Ryedale",51613,9513.07561767538,12346.8921716125,NA,19035.2770533728,15433.3939217531,3059.8767339506,59388.5154983644,1.15065033031144
2005,"E07000167","Ryedale",51948,10225.425714218,13068.9619287543,NA,18103.4895775147,18493.4335362048,3176.15284862376,63067.4636053155,1.21404988845221
2006,"E07000167","Ryedale",51851,35352.6763111171,13660.7460463565,NA,2186.54254356604,11324.3973714812,2716.80120730256,65241.1634798235,1.25824310967625
2007,"E07000167","Ryedale",52078,37283.2207710683,14287.4456359856,NA,2027.31402042017,12078.0848213988,2776.74385320678,68452.8091020796,1.31442853224163
2008,"E07000167","Ryedale",52100,35913.8692588058,14811.2164514283,2443.0647417808,1894.5782922077,13607.5437245133,2850.77435866761,71521.0468274036,1.37276481434556
2009,"E07000167","Ryedale",52157,37271.8387686471,16842.8580560212,2709.83812601024,3011.96054105028,13050.9078837166,2930.94417807438,75818.3475535198,1.45365622166765
2010,"E07000167","Ryedale",51949,37467.4930760593,19095.3456266907,3570.83576727632,2100.91834984275,14469.2782892068,2988.92310646797,79692.794215544,1.53405829208539
2011,"E07000167","Ryedale",51893,35984.1201351584,18334.1009115888,227.554552017112,4014.94845535658,12988.289373157,3068.48377762397,74617.4972049019,1.43791064700252
2012,"E07000167","Ryedale",52157,35883.4644480683,17686.7448011754,161.496132611332,307.435793487878,15856.1701241434,2848.94805840052,72744.2593578868,1.39471709181676
2013,"E07000167","Ryedale",52334,37069.1061162432,14427.0805836385,71.9163684589995,10371.5351359062,7817.77099910595,4920.06551757046,74677.4747209232,1.4269399381076
2014,"E07000167","Ryedale",52848,37676.5974038245,14381.7519059927,60.2124452234882,9022.62394514242,6995.07535695853,5278.17098804528,73414.4320451869,1.3891619748181
2015,"E07000167","Ryedale",53332,37942.581805053,14266.1815484697,29.4813841855922,6923.03485095417,6938.61388423365,5059.56999313871,71159.4634660348,1.33427329682057
2016,"E07000167","Ryedale",53861,39020.935529551,12743.3370536502,27.8345484612936,4388.44283001893,7899.29006224055,5054.61846292155,69134.4584868435,1.28357175854224
2017,"E07000167","Ryedale",54311,37212.8193563682,10818.3573592505,57.2738799247261,2312.81098965023,8593.61167383156,5012.43023874232,64007.3034977676,1.17853295829146
2018,"E07000167","Ryedale",54920,36594.5424088365,10223.2363737177,33.0679164530801,1011.38308907003,8978.46063139578,5040.34119442308,61881.0316138961,1.12674857272207
2002,"E08000006","Salford",216310,48531.5311083404,58362.6350036105,NA,130987.298165752,74488.7418839623,17464.6723662757,329834.878527941,1.52482492038251
2003,"E08000006","Salford",217312,70394.5695823017,56214.7861744181,NA,153090.346125256,68395.0632938818,18777.6270894269,366872.392265285,1.6882288703122
2004,"E08000006","Salford",217921,77248.7347859713,99727.8867027068,NA,165906.888688782,65395.260442192,19123.188415187,427401.959034839,1.96127018063812
2005,"E08000006","Salford",219536,84626.3021885256,104564.246196747,NA,165326.637161449,78181.3530251886,19963.81940949,452662.357981401,2.06190491755976
2006,"E08000006","Salford",221931,206665.778146662,110380.439554112,NA,21805.5044302278,112961.342115821,18973.5337320797,470786.597978902,2.12131968034615
2007,"E08000006","Salford",223468,220534.949445071,112250.43965083,NA,20071.8355788209,119600.347921723,19381.0162367011,491838.588833146,2.20093520697883
2008,"E08000006","Salford",226782,200798.042941107,117946.215571943,23743.7850486659,18315.3493246392,131567.579034713,20143.5543782898,512514.526299357,2.25994358590786
2009,"E08000006","Salford",228948,211273.667078183,132911.014653578,26336.533582238,28784.6575692478,124709.526635586,20726.6553725179,544742.054891351,2.3793265496591
2010,"E08000006","Salford",231837,214243.856529748,142571.448092129,35844.3515161123,19852.8018897447,136717.917702823,21376.2649925371,570606.640723094,2.46124061613588
2011,"E08000006","Salford",234487,212773.8790092,145408.12604147,1073,37967.1903730041,122831.12232208,21696.4912545161,541749.80900027,2.31036180683906
2012,"E08000006","Salford",236946,212026.789695033,153992.275548359,709,2884.80917731957,148818.722514851,20194.6127141824,538626.209649745,2.27320237374653
2013,"E08000006","Salford",238674,235820.673994278,118785.827281531,123,99075.1184534628,66895.958782741,39339.6615081524,560040.240020165,2.34646522042688
2014,"E08000006","Salford",241539,241370.476389525,126528.447293034,84,82218.4767851119,74224.4527455356,40423.2251788656,564849.078392072,2.33854192652976
2015,"E08000006","Salford",245186,253762.672191566,120790.099599785,0,60815.0230692113,76720.069194562,38822.3905161079,550910.254571232,2.24690746849833
2016,"E08000006","Salford",248121,252852.686352417,112282.060204024,0,49381.875279951,74079.9827217924,38699.2326236207,527295.837181805,2.12515602138394
2017,"E08000006","Salford",251332,243850.12464382,111897.158159268,0,17859.6827267696,140250.490271006,22345.1002462128,536202.556047076,2.13344323861297
2018,"E08000006","Salford",254408,228181.012731421,109030.191071935,0,1803.47102737746,146711.299802778,38716.0129234163,524441.987556927,2.06142097558617
2002,"E08000028","Sandwell",285637,47023.0754745836,62405.1315260577,NA,173452.908025031,95984.4114275001,22854.383611943,401719.910065115,1.4064001164594
2003,"E08000028","Sandwell",287135,91806.0898401844,67883.4016604267,NA,205206.96267811,89709.4973177128,25683.4276962111,480289.379192645,1.67269534954863
2004,"E08000028","Sandwell",288849,89441.1263577528,120372.080286678,NA,229622.870838846,86263.0800102699,26273.0912261873,551972.248719734,1.91093702494983
2005,"E08000028","Sandwell",290447,99494.512486681,124101.331569458,NA,235238.139216337,102949.031007369,27141.4273018914,588924.441581737,2.02764856094825
2006,"E08000028","Sandwell",292516,268995.405680366,130621.304846711,NA,29085.2044837298,150674.092823077,26943.265677289,606319.273511174,2.07277302271046
2007,"E08000028","Sandwell",294603,275209.242972293,136633.716341164,NA,26820.7426145771,159817.224646996,27523.2583824862,626004.184957517,2.12490770615885
2008,"E08000028","Sandwell",298358,249048.884091968,142556.847972778,26970,24960.7947819668,179305.116695711,28575.339505983,651416.983048406,2.18334009159602
2009,"E08000028","Sandwell",302303,258047.64171811,158669.37809086,30716,39786.6145112455,172375.825342858,29451.9511919098,689047.410854983,2.27932706871908
2010,"E08000028","Sandwell",306181,257590.886223063,167471.509578021,36653,27776.5468786528,191289.901979691,30305.1605095692,711087.005168997,2.32244001152585
2011,"E08000028","Sandwell",309042,288939.894303569,169498.471319285,0,51973.8518205971,168144.170572096,30781.7781134147,709338.166128962,2.29528079073059
2012,"E08000028","Sandwell",311245,278928.041559267,173503.974210386,0,3960.02079484063,204276.423894967,28499.5785562552,689168.039015716,2.21423007282275
2013,"E08000028","Sandwell",313980,272755.563578794,141969.302961118,39,138624.520129932,95395.0985655448,53366.6661993355,702150.151434725,2.23628941790791
2014,"E08000028","Sandwell",316289,263235.266829681,154918.030121983,38,115127.219153559,96398.151211861,53650.1540487496,683366.821365834,2.16057726119414
2015,"E08000028","Sandwell",319101,275952.397114825,137444.612761026,0,85187.8412052962,102346.59588074,50952.6558566091,651884.102818497,2.04287702896104
2016,"E08000028","Sandwell",322631,253085.842701157,136358.487645843,0,70548.9746811675,98544.5849117469,50591.1936440077,609129.083583921,1.88800544146074
2017,"E08000028","Sandwell",325460,302797.059426497,127048.515406224,0,2606.32834052911,156666.476768912,49886.2163053019,639004.596247465,1.9633890378156
2018,"E08000028","Sandwell",327378,310992.245928407,123460.963083987,0,2310.36894616689,155051.2140624,49850.6271264664,641665.419147428,1.96001386515718
2002,"E07000168","Scarborough",107246,13248.7575663437,27372.1886529103,NA,30649.6623572212,35777.268128159,5967.53018904398,113015.406893678,1.05379601004866
2003,"E07000168","Scarborough",107862,17594.7233281578,28443.3128097105,NA,38418.6303027789,33834.8865223954,6331.31733347367,124622.870296516,1.15539179967473
2004,"E07000168","Scarborough",108548,20204.6246323102,37545.9214043787,NA,42349.7602074965,32434.5427977147,6435.26824088641,138970.117282787,1.28026418987717
2005,"E07000168","Scarborough",108753,21191.989810933,39604.8316516096,NA,40365.7304039319,38704.7649065004,6649.26755113537,146516.58432411,1.34724177102342
2006,"E07000168","Scarborough",108728,74600.548358858,41628.0739258307,NA,5099.800055483,26416.3829319861,5696.94628199249,153441.75155415,1.41124412804568
2007,"E07000168","Scarborough",108813,77938.5699866019,43167.7174812493,NA,4721.15777303238,28134.0899932959,5801.7940185681,159763.329252748,1.4682375198988
2008,"E07000168","Scarborough",109015,73875.3049375954,45869.9578013908,5063.78805806591,4367.19294673747,31373.6772385378,5965.01279673992,166514.933779067,1.52744974342125
2009,"E07000168","Scarborough",108943,78289.1145191005,52509.384554271,5612.13654853487,6891.28286181416,29854.8796436861,6122.01337484819,179278.811502255,1.64562029228362
2010,"E07000168","Scarborough",109014,79703.0523242706,57828.0930941513,7512.88489352751,4791.30793643299,32997.8031996688,6272.19895529267,189105.340403344,1.73468857580993
2011,"E07000168","Scarborough",108735,75310.44520256,56749.8436325055,361.843354856738,8746.73588524846,28296.0927868928,6429.60675929206,175894.567621356,1.61764443483106
2012,"E07000168","Scarborough",108662,74472.8620483539,56176.7978331829,192.03544609185,670.415384166647,34571.9069354003,5935.3949406967,172019.412587892,1.58306871388243
2013,"E07000168","Scarborough",108330,77207.6751169913,44754.7979826797,148.864986340876,22642.2209896571,15161.2002585919,10184.4058837163,170099.165217977,1.57019445414915
2014,"E07000168","Scarborough",108152,75699.9184532702,44231.1683344104,123.223137598598,19250.4137321193,16854.2630564218,10801.6339066582,166960.620620479,1.54375897459574
2015,"E07000168","Scarborough",108089,75323.4334682062,43576.6355732495,59.7504937980288,14450.9131291679,15227.3424798045,10254.3287517507,158892.403895977,1.47001456111146
2016,"E07000168","Scarborough",108157,76156.312045258,41738.3787102289,55.8938983295545,9409.16598589625,16592.2395102533,10150.0597666996,154102.049916666,1.42479959611182
2017,"E07000168","Scarborough",108370,70771.3714284329,39839.2126829184,114.282012252445,5091.64456460746,18717.5410155056,10001.6030817423,144535.654785459,1.33372386071292
2018,"E07000168","Scarborough",108736,70320.666485201,36970.4803775049,65.471102757504,2391.30997037726,20311.8015880454,9979.36161902382,140039.09114291,1.28788157687344
2002,"E07000188","Sedgemoor",107051,14641.6847456368,17175.9149657347,NA,28644.5813589363,35171.1546460849,6495.5229912296,102128.858707622,0.954020594927859
2003,"E07000188","Sedgemoor",107785,19776.4257637258,16992.3677405198,NA,36883.8670052138,33640.2753593746,6963.54535207646,114256.48122091,1.06004064777947
2004,"E07000188","Sedgemoor",108765,21548.7830734425,25684.2008029897,NA,40597.8141958677,32452.23450891,7088.44008076324,127371.472661973,1.1710704055714
2005,"E07000188","Sedgemoor",109698,24707.3614853253,27821.2856421561,NA,38723.3551505668,39058.9497621118,7513.20621309965,137824.15825326,1.25639627206749
2006,"E07000188","Sedgemoor",110712,76450.8928951918,29370.0026292793,NA,5136.02796321891,26604.3770454799,7065.06601599566,144626.366549166,1.30632963499138
2007,"E07000188","Sedgemoor",112102,80681.6812106226,33394.4694206646,NA,4863.43915426747,28982.002336448,7272.458940994,155194.051062997,1.38440037700484
2008,"E07000188","Sedgemoor",112885,80737.1935067803,34931.7006399476,4743.5581336509,4627.16242379291,33237.001105947,7510.62851982163,165787.24432994,1.46863838711911
2009,"E07000188","Sedgemoor",112934,79037.8863860446,41283.7678147906,8733.55113636364,7400.44524538204,32061.9156970923,7715.52464181151,176233.090921485,1.56049631573737
2010,"E07000188","Sedgemoor",113786,78303.6965854636,48220.5971597154,7905.10210003992,5226.94331121562,35998.279091647,7969.30855191095,183623.926799993,1.61376554936453
2011,"E07000188","Sedgemoor",114919,67629.3641337214,45321.9575112481,120,10077.9121415102,32604.4566893006,8676.35397118439,164430.044446965,1.43083427846539
2012,"E07000188","Sedgemoor",116067,62235.0442016086,46858.8177831705,120,778.954875271221,40201.2765337604,8093.46196760934,158287.55536142,1.36376020196456
2013,"E07000188","Sedgemoor",117441,67367.1915629566,38995.8145346137,299,25686.0521908342,17701.2101954566,12767.3026850784,162816.57116894,1.38636908038027
2014,"E07000188","Sedgemoor",118959,64207.3050174207,38116.3020639871,0,21509.0644188075,18047.9958056357,13431.544742088,155312.212047939,1.30559446572297
2015,"E07000188","Sedgemoor",120141,66210.7933865291,36255.1214978029,0,16109.9300512901,19783.9107720464,12780.3020075831,151140.057715252,1.25802230475235
2016,"E07000188","Sedgemoor",121345,66590.663220225,31812.8005045004,108.924128563812,11739.8790227658,20337.8072855712,12707.3254824451,143297.399644071,1.18090897559909
2017,"E07000188","Sedgemoor",122178,69469.3609003898,24729.2053966466,0,7338.14276741658,21637.0948136262,12539.6029312336,135713.406809313,1.11078432131245
2018,"E07000188","Sedgemoor",122791,70204.9173675102,21786.6025581995,0,4531.90536786973,23608.6942902368,12481.1146497783,132613.234233595,1.07999148336274
2002,"E08000014","Sefton",280866,68636.0285224363,64550.8588007947,NA,128457.675522374,95341.1507953525,25966.674723253,382952.388364211,1.36347008311512
2003,"E08000014","Sefton",279913,81317.9602719241,65626.6434932132,NA,157689.270622443,89636.65689118,27555.5406307008,421826.071909461,1.50698992869021
2004,"E08000014","Sefton",278853,93487.0576076779,93493.3529304001,NA,175427.179401592,85173.7874520493,27582.831266075,475164.208657795,1.70399532605995
2005,"E08000014","Sefton",276957,74518.8968142146,109873.600031369,NA,172573.543877213,101506.703767335,28309.7360622206,486782.480552353,1.757610316953
2006,"E08000014","Sefton",275852,220011.616621277,119155.992925255,NA,22572.655234008,116938.376333461,25295.2302600998,503973.871374102,1.82697196820796
2007,"E08000014","Sefton",275085,230257.772582749,123373.191510254,NA,20597.5944957751,122735.585153876,25682.874372484,522647.018115138,1.89994735487263
2008,"E08000014","Sefton",274735,215314.712132535,125562.72667117,25226,18785.5058392422,134944.713903431,26362.1499376846,546195.808484062,1.98808236476627
2009,"E08000014","Sefton",274153,225570.245683344,143985.427796339,27211,29545.7838676356,128007.267258303,26844.5463690116,581164.270974633,2.11985377134167
2010,"E08000014","Sefton",273820,237680.229982082,137888.693492705,30354,20431.6287613507,140706.205652728,27339.769809187,594400.527698053,2.17077104557028
2011,"E08000014","Sefton",273969,230253.660490217,141976.969573499,585,38032.0659827488,123040.388046525,27334.993724516,561223.077817505,2.0484911716928
2012,"E08000014","Sefton",273798,213745.790230333,142710.345369882,519,2878.91783584479,148493.29880904,25075.3013104027,533422.653555502,1.94823429519391
2013,"E08000014","Sefton",273372,226954.780028106,123955.688595483,172,90481.1213498897,58936.2129831004,50959.9171872062,551459.720143785,2.01725019440098
2014,"E08000014","Sefton",273856,226947.965675997,119991,155,75203.5324882961,56129.1435472621,52085.8725497794,530512.514261335,1.93719514730857
2015,"E08000014","Sefton",274089,219032.839043074,115501,94,54669.7572435848,64616.3914618171,49341.7148844537,503255.70263293,1.83610324614607
2016,"E08000014","Sefton",274853,219037.818989238,107670,58,41795.2121163161,64865.3828346284,48878.142516591,482304.556456773,1.75477275655268
2017,"E08000014","Sefton",274589,223563.518614478,100762,77,2648.16339067987,95622.7910729977,47998.1552619413,470671.628340096,1.71409498683522
2018,"E08000014","Sefton",275396,216124.183377272,86097,105,2331.95377582893,107199.412020533,47928.1331183045,459785.682291938,1.66954379254578
2002,"E07000169","Selby",77132,9376.50355824203,9894.05082871411,NA,19782.2312900918,25515.9714792268,4291.88537140164,68860.6425276764,0.892763606903443
2003,"E07000169","Selby",77390,12941.4012753901,10025.9823880838,NA,25435.019887746,24288.2009416493,4542.66236892999,77233.2668617992,0.997974762395648
2004,"E07000169","Selby",77871,14593.9667220274,16205.0065932157,NA,28900.481824796,23307.413385791,4616.58227867916,87623.4508045093,1.12523854585801
2005,"E07000169","Selby",78416,15605.3513283691,16566.1837723338,NA,27547.9672501423,27903.9587313282,4794.43292865329,92417.8940108267,1.1785591462307
2006,"E07000169","Selby",79366,55096.737133481,18198.4412588982,NA,3364.16199326267,17430.3800656686,4158.48574991369,98248.2062012241,1.23791303834418
2007,"E07000169","Selby",80519,57579.4228516005,18239.2081908661,NA,3145.26444199493,18739.6756928878,4293.18787811277,101996.759055462,1.26674150269454
2008,"E07000169","Selby",81828,57365.5138140031,19896.0642569573,3849.94160634241,2962.90580604168,21280.9090957673,4477.41198121024,109832.746560322,1.34223916703723
2009,"E07000169","Selby",82374,59881.4663943199,23572.4932512738,4314.44965761004,4709.7075485261,20403.6985833785,4628.97781169735,117510.793246806,1.4265519854178
2010,"E07000169","Selby",83163,59808.1215939541,27591.5240977205,5757.37286403974,3406.98113010784,22746.6789998904,4784.84306345061,124095.521749163,1.49219631024811
2011,"E07000169","Selby",83547,58036.7279196053,26729.8000088742,68.2112453967525,6335.52249050309,20497.1118505222,4940.21571636155,116607.589231263,1.39571246401742
2012,"E07000169","Selby",84199,58264.3020891329,25474.5378858862,254.66117433406,488.830538103914,25223.5040221399,4599.16363228839,114304.999341885,1.35755768289273
2013,"E07000169","Selby",84893,60472.1757657781,20690.9123893993,116.658315198338,16562.2249836145,13766.5662748328,7981.02805027533,119589.565779098,1.40870938450872
2014,"E07000169","Selby",85622,60806.5732839513,20167.1660175391,97.5535495179667,14309.2653540528,8754.13476789099,8551.45996704536,112686.152939998,1.31608877321246
2015,"E07000169","Selby",86215,61476.0216253402,19875.0923123325,47.658770298523,10821.7902324123,13847.7051494263,8179.15748440813,114247.425574218,1.32514557297707
2016,"E07000169","Selby",86942,61479.4717664028,18746.6933053314,44.9303078725198,6973.16112822833,14165.6559029969,8159.12512584848,109569.03753668,1.26025439415565
2017,"E07000169","Selby",87887,59301.0032364186,17779.1523859338,92.681583564,3723.94462350887,12297.1909774822,8111.20134765234,101305.17415456,1.15267530072206
2018,"E07000169","Selby",89106,58522.5742148904,16227.7265534685,53.6516708570313,1673.92468198606,14070.485269868,8177.79756865009,98726.1599597201,1.10796309967589
2002,"E07000111","Sevenoaks",109105,18346.3843596629,23700.0061630611,NA,34999.9688551597,36763.1367176089,7033.2676421915,120842.763737684,1.10758227155203
2003,"E07000111","Sevenoaks",109280,20481.0401375385,24721.2338778137,NA,42660.3673316236,34253.2578141175,7246.17968322809,129362.078844321,1.18376719293852
2004,"E07000111","Sevenoaks",110045,22253.0320250975,27700.1025653205,NA,47469.6773667606,32757.6515386983,7219.19075198268,137399.654247859,1.24857698439602
2005,"E07000111","Sevenoaks",111266,21494.8194515291,29370.3763274886,NA,45226.3066526918,39426.0683874623,7615.22017310724,143132.790992279,1.28640187471716
2006,"E07000111","Sevenoaks",112500,78483.8865995039,32666.105204907,NA,5052.83992609659,26178.1916332984,7057.02806625477,149438.051430061,1.32833823493387
2007,"E07000111","Sevenoaks",113132,84163.293648368,33405.0296841635,NA,4551.13939307089,27121.5000393233,7192.276888583,156433.239653509,1.38274970524263
2008,"E07000111","Sevenoaks",113298,80941.3567946256,35596.0755762839,4928.06816514767,4166.40984800975,29929.4500552615,7373.96595247667,162935.326391805,1.43811299750927
2009,"E07000111","Sevenoaks",113754,84364.8487659311,41033.4280011992,5178.22102825324,6520.46191125078,28248.1135957022,7566.60789537475,172911.681197711,1.52004923956706
2010,"E07000111","Sevenoaks",114509,84078.7574910546,41831.7345357298,6981.40489908086,4500.2630369377,30990.4099805211,7761.25289287624,176143.8228362,1.53825308784637
2011,"E07000111","Sevenoaks",115351,79883.1975662278,38526.0552786291,250.922755795225,8759.87422290862,28339.0662247683,7853.60402252345,163612.720070852,1.41839013160573
2012,"E07000111","Sevenoaks",116306,74064.1437469811,38696.3463536685,270.069555065666,674.832520122113,34812.7881302425,7284.18896275828,155802.369268838,1.33959012663868
2013,"E07000111","Sevenoaks",116889,74379.554074072,32079.3589348986,189.372339285547,23638.510776558,15651.2633727794,12663.7266236649,158601.786121258,1.35685809717987
2014,"E07000111","Sevenoaks",117625,71704.7478364407,33542.4648131266,167.245135330858,20067.0392318293,16073.1962809497,12968.9442657641,154523.637563441,1.31369723752129
2015,"E07000111","Sevenoaks",118165,72573.8391731291,31332.1925128528,137.009644803362,15040.7382451363,18930.0346767292,12299.1016840574,150312.915936708,1.27205954332254
2016,"E07000111","Sevenoaks",119011,72935.8972058432,30814.4568291541,107.620250214549,10032.5780445989,16634.6038628929,12191.8834265528,142717.039619257,1.19919200426227
2017,"E07000111","Sevenoaks",119429,72041.8630352667,29609.4132363639,113.925836658871,5701.13078723098,17348.7749480591,11977.889448613,136792.997292192,1.14539180008367
2018,"E07000111","Sevenoaks",120293,73608.4654374671,28649.7644610722,146.932301770406,0,22947.5617909551,11971.592548625,137324.31653989,1.14158194192422
2002,"E08000019","Sheffield",514201,105728.343423196,95475.5530701033,NA,252552.767987956,176149.431178415,37239.974287919,667146.069947589,1.29744218690277
2003,"E08000019","Sheffield",515339,143869.651862396,107522.496058366,NA,302378.53159222,162708.625115844,39744.6565823293,756223.961211155,1.4674301017605
2004,"E08000019","Sheffield",519640,129527.10661278,188053.702006095,NA,332381.989101936,155051.349059831,40381.2063058704,845395.353086512,1.62688660050518
2005,"E08000019","Sheffield",525721,150253.868783193,193161.775642057,NA,334522.683757505,185171.659952768,42223.5283833441,905333.516518867,1.72207980377209
2006,"E08000019","Sheffield",527629,412142.811388377,207968.898083061,NA,47654.0167118574,246863.416056771,39412.7507217183,954041.892961784,1.80816803655937
2007,"E08000019","Sheffield",529905,432572.154533185,206935.513425436,NA,43420.3011094788,258727.639616501,40180.7105127579,981836.31919736,1.85285347222117
2008,"E08000019","Sheffield",534035,416376.365139481,215051.218850916,46014,39247.39056732,281934.718461695,41272.327150142,1039896.02016955,1.94724319598819
2009,"E08000019","Sheffield",538385,439257.179974393,227823.758247693,48931.5893847891,61504.2998326856,266468.623440634,42423.6098704163,1086409.06075061,2.01790365769962
2010,"E08000019","Sheffield",544613,416822.599046719,265369.308947377,65091,42398.5572414735,291985.966636681,43737.9231441002,1125405.35501635,2.06643130996938
2011,"E08000019","Sheffield",551756,452565.568012472,247666.712456048,1491,79372.6229735713,256784.842549328,45481.310249627,1083362.05624105,1.9634803359475
2012,"E08000019","Sheffield",557276,454377.369704714,255400.761101523,1368,6014.77129243069,310308.294211251,42339.3645049993,1069808.56081492,1.91971045014484
2013,"E08000019","Sheffield",560199,471396.082808497,219554.465343168,234,198592.188865825,105413.174034979,80402.3210692518,1075592.23212172,1.92001812234888
2014,"E08000019","Sheffield",563463,433984.66943784,224136.673167468,155,164768.873483992,135020.620585936,82322.5808154379,1040388.41749067,1.84641834067308
2015,"E08000019","Sheffield",569177,419711.064641788,213879.848851691,110,121871.168290248,147678.928749499,78600.1939071887,981851.204440415,1.72503668356314
2016,"E08000019","Sheffield",574050,398294.275176428,200651.001457327,0,95882.0444488394,143844.178057374,78280.3929947243,916951.892134692,1.59733802305495
2017,"E08000019","Sheffield",577789,393438.229619397,192004.303084801,0,72111.460092074,148634.34674422,77303.6315376639,883491.971078155,1.52909101952124
2018,"E08000019","Sheffield",582506,401153.41622675,184948.594778882,0,56199.6418607502,156166.252612056,77408.4861638385,875876.391642277,1.50363496966946
2002,"E06000051","Shropshire",284901,30034.7748447238,41757.139116086,NA,76524.5769851633,94063.5544120377,15048.0712635055,257428.116621516,0.903570421379765
2003,"E06000051","Shropshire",286913,41580.1724855101,49149.7492179709,NA,96465.2506274824,88852.9263249703,16200.9521399043,292249.050795838,1.01859814925025
2004,"E06000051","Shropshire",288810,44922.5941259797,60146.0363570197,NA,109457.315021321,84878.7405998071,16621.2541411026,316025.94024523,1.09423475726336
2005,"E06000051","Shropshire",291523,48720.6551299117,62543.4525653835,NA,104346.394894415,100947.105898363,17008.5832144407,333566.191702514,1.14421912405716
2006,"E06000051","Shropshire",294531,176335.369266742,67234.6391040472,NA,14513.7766276583,75182.1815762359,15313.1936919587,348579.160266642,1.18350584579091
2007,"E06000051","Shropshire",297633,188143.552589291,72366.0486337201,NA,13253.9966970716,78971.4011790801,15590.5729434887,368325.572042651,1.23751590731757
2008,"E06000051","Shropshire",300473,180694.413847765,74485.0836714114,14109.2223028359,12313.3669914489,88443.2452967456,15729.1228699921,385774.454980199,1.283890582449
2009,"E06000051","Shropshire",302069,201328.161239364,84251.3539811542,15646,20392.5169993999,88348.4565768728,16935.8646301112,426902.353426903,1.4132610543515
2010,"E06000051","Shropshire",304523,203635.598205345,89151.8556004433,20007,14279.4441992679,98338.6695368318,17468.3469524915,442880.91449438,1.45434306930636
2011,"E06000051","Shropshire",307108,206624.974532189,94829.0775858477,1118,26719.8366591944,86441.9758148075,18601.1187216887,434334.983313727,1.41427440286064
2012,"E06000051","Shropshire",308416,198410.083783074,98036.0167161632,0,2054.83813518991,106012.310576537,17189.9522119076,421703.201422872,1.3673194692327
2013,"E06000051","Shropshire",309085,187723.73623425,74792.8562554933,411,70405.355910384,49413.7052563493,30274.9743314825,413021.627987959,1.33627198986673
2014,"E06000051","Shropshire",310774,173972.031044082,74490,305,59958.5193926858,52969.2111116198,32040.6887047205,393735.450253108,1.26695106493178
2015,"E06000051","Shropshire",312227,181755.509895182,71252,241,46167.3347957446,53915.4575122338,30522.48976968,383853.79197284,1.22940614352007
2016,"E06000051","Shropshire",314392,188867.521190009,70667,184,33513.7246491122,52051.2087154977,30341.7688920042,375625.223446623,1.19476711699605
2017,"E06000051","Shropshire",317459,186053.456715437,67305.0006,184.148,21753.2952332293,54995.074002437,29978.1007977131,360269.075348816,1.1348522969858
2018,"E06000051","Shropshire",320274,180023.936273505,63462.66361,251.99,14304.7639342024,50768.9493818878,30017.5150912039,338829.818290799,1.05793732332565
2002,"E06000039","Slough",120927,23145.2780939837,26358.9242502641,NA,63119.3946763367,37234.0647967991,7032.02719561198,156889.689012996,1.29739172404009
2003,"E06000039","Slough",120869,30593.5564169761,31566.1106997029,NA,73093.6274461143,37771.851297425,7554.56246567002,180579.708325888,1.49401176749943
2004,"E06000039","Slough",120833,31000.1235197724,50203.4637507456,NA,82014.4854624649,36653.1016773747,7638.10212654265,207509.2765369,1.71732288809266
2005,"E06000039","Slough",122874,33113.767362396,53524.9363426524,NA,81977.2412536649,42951.3064690954,7976.3696223177,219543.621050126,1.78673780498825
2006,"E06000039","Slough",125200,104519.839084119,57892.2021102361,NA,9317.98382776855,48268.5610987413,7812.08306228749,227810.669183152,1.8195740350092
2007,"E06000039","Slough",127991,123030.056694652,63254.7870852287,NA,8496.32347532552,50625.6601254906,8092.10923713961,253498.936617837,1.98059970324348
2008,"E06000039","Slough",131453,123115.80029088,69333.0013686255,7597,7676.38173531916,55143.3807599981,8365.30653730058,271230.870692123,2.06332963638809
2009,"E06000039","Slough",134742,129873.377767288,83967.2654962707,8450,12005.4444121248,52014.9043402458,8736.03956071149,295047.031576641,2.18971836232682
2010,"E06000039","Slough",137800,140397.406960823,103850,11100,8256.12885164924,56853.3387685903,9083.44070244415,329540.315283507,2.39143915300078
2011,"E06000039","Slough",140713,131076.598284561,88644.2135776049,661,15390.9007246335,49792.6558952597,9781.438385125,295346.806867184,2.09893049588299
2012,"E06000039","Slough",141820,113879.549770552,83600.0760869234,565,1164.37898989235,60066.7806958204,9084.34972432779,268360.135267516,1.89225874536395
2013,"E06000039","Slough",142672,106355.818229045,80155,122,41283.4418624247,27253.2134409765,14569.7492252985,269739.222757745,1.89062480905675
2014,"E06000039","Slough",144340,101005.030224985,82689.5667264394,98,33791.8354188108,28684.2592672842,15027.6976500345,261296.389287553,1.81028397732821
2015,"E06000039","Slough",146038,104104.36982676,78996.1159303296,51.929,25126.5905953925,31560.2207553354,14346.5915243497,254185.817632167,1.74054573215305
2016,"E06000039","Slough",147736,99347.9646576521,77181.5916759516,38.229,19412.0680529196,30684.1625046172,14305.4307340103,240969.446625151,1.63108143326712
2017,"E06000039","Slough",148768,94847.7047308042,72404.9027199081,40,13877.693308663,31204.8425535955,14143.5890581412,226518.732371112,1.52263075642014
2018,"E06000039","Slough",149112,96229.1198328586,69547.4233568547,59,569.18909417678,42076.3067139344,14082.6895509332,222563.728548758,1.49259434887036
2002,"E08000029","Solihull",200028,24820.9781086834,18927.5185493975,NA,70056.765427556,68060.6520724556,16004.6375124012,197870.551670494,0.989214268354899
2003,"E08000029","Solihull",200536,33400.4571375528,20701.0415984653,NA,89100.8936305831,63269.8846295465,17937.387836688,224409.664832836,1.11904927211491
2004,"E08000029","Solihull",201153,36772.6541280775,44119.3386714377,NA,101795.396462672,60411.7599136775,18296.4494231285,261395.598598993,1.29948645359002
2005,"E08000029","Solihull",201557,42769.7696766637,47361.832086905,NA,101465.438076576,72275.5327641611,18834.915363861,282707.487968167,1.4026180582573
2006,"E08000029","Solihull",202351,156645.008532278,48259.9138954345,NA,11033.8927425755,57161.9604870931,18638.2856085312,291739.061265912,1.44174756371805
2007,"E08000029","Solihull",203170,168500.916136906,50502.5567595518,NA,10098.2022993779,60175.4710696438,18981.138703848,308258.284969327,1.51724312137288
2008,"E08000029","Solihull",204778,166859.821464767,56239.1955911003,8572,9213.70912079314,66183.0653668219,19612.6829961194,326680.474539602,1.59529087372473
2009,"E08000029","Solihull",205470,179212.651018415,65358.2159400636,10526,14461.9390268228,62656.4477930986,20017.970087633,352233.223866033,1.7142805463865
2010,"E08000029","Solihull",206329,178370.220541178,79310.6137765686,12018,9984.06283513856,68753.1157013914,20422.0165940372,368858.029448313,1.78771781692498
2011,"E08000029","Solihull",206856,156866.114528314,71408.8207467662,891,18131.1686832257,58656.9172470456,20603.6574104119,326557.678615763,1.57867153292997
2012,"E08000029","Solihull",207450,150277.811873187,73996.2713134172,433,1373.2555828678,70844.8899002747,18995.4459396782,315920.674609425,1.52287623335466
2013,"E08000029","Solihull",209140,147273.009640324,61641.1622437362,31,43004.1472704442,32149.8089496084,35547.1831611218,319646.311265235,1.52838438971614
2014,"E08000029","Solihull",210227,150617.792145169,63414.876076797,50,36751.556987424,29608.8498487646,35659.5105590345,316102.585617189,1.50362506061157
2015,"E08000029","Solihull",210834,149405.945475906,61259.9761544405,0,28747.2278547464,31621.6907528338,33665.0535249727,304699.893762899,1.44521231757164
2016,"E08000029","Solihull",212166,148085.07578176,62957.7804112681,0,21254.3630717587,32559.2873542397,33269.3733419124,298125.879960938,1.40515388875191
2017,"E08000029","Solihull",213933,148505.578395348,58098.9306655189,0,1713.20482048305,48175.8643538491,32791.4579759176,289285.036211116,1.35222259404167
2018,"E08000029","Solihull",214909,156418.278046259,51919.6763875907,0,1516.65377591585,52194.8498339424,32724.7048522557,294774.162895963,1.37162316560015
2002,"E07000006","South Bucks",61790,8649.35316680119,11923.2345971549,NA,12933.6821860189,20824.8392753759,3593.15091267347,57924.2601380243,0.937437451659238
2003,"E07000006","South Bucks",62005,10179.6558461381,13664.6938329846,NA,17741.7493389631,19620.1168228467,3875.44073074047,65081.656571673,1.0496194915196
2004,"E07000006","South Bucks",62757,11415.8874562397,14446.2214295653,NA,20847.0811643725,18812.3711424989,3966.99887576603,69488.5600684425,1.10726389197129
2005,"E07000006","South Bucks",63573,13051.1117703117,15536.3061122399,NA,20122.8624853688,22573.6551323921,4126.84331916926,75410.7788194817,1.18620764820729
2006,"E07000006","South Bucks",64116,45451.5808439669,16592.2143071506,NA,2065.48345312908,10699.0583192337,4000.63512477336,78808.9720482536,1.22916233152807
2007,"E07000006","South Bucks",64981,48761.4579007115,19016.2601054014,NA,1879.41303500367,11202.1705416653,4108.36191871748,84967.6635014993,1.30757703792646
2008,"E07000006","South Bucks",65443,48527.7028008182,19989.8978628446,2367.69441607185,1750.76700617515,12574.8401180569,4164.61211018814,89375.5143141549,1.36570014079665
2009,"E07000006","South Bucks",66018,50711.101882876,22861.3595598269,2520.18356177566,2730.7148561029,11828.5828574785,4280.29760370969,94932.2403217697,1.4379751025746
2010,"E07000006","South Bucks",66705,52425.484577049,23871.2642297442,2926.49632075096,1873.71730700477,12904.8502953811,4397.03129213742,98398.8440220675,1.47513445801765
2011,"E07000006","South Bucks",67060,46204.6920976821,17837.7204959158,57,3501.56289374852,11329.2614524233,4661.568285137,83591.8052249067,1.24652259506273
2012,"E07000006","South Bucks",67486,42038.982919391,19330.1960915955,231.201556607558,270.533235228672,13963.026256739,4322.84886120424,80156.788920766,1.18775433305821
2013,"E07000006","South Bucks",68128,42371.7837771822,17393.1100312938,90.7874685034712,9771.64484656695,10161.1829423893,6957.27175073689,86745.7808166726,1.2732764915552
2014,"E07000006","South Bucks",68704,43384.6050209355,17738.7399684137,53.0217085813016,8638.16924141455,5580.15820269441,7152.99251314928,82547.6866551887,1.20149753515354
2015,"E07000006","South Bucks",69307,45524.7837885671,17624.4296460806,45.0989747948262,6823.44755237083,9125.19896505374,6808.63349798072,85951.5924248478,1.24015745054393
2016,"E07000006","South Bucks",69809,46029.408478043,16361.5480590305,0,3927.3136269743,6186.69675543077,6759.67816991475,79264.6450893933,1.13545022976111
2017,"E07000006","South Bucks",69785,50787.5357824917,16714.5233625034,0,1389.9554329395,4174.63492847334,6634.56094336404,79701.2104497721,1.14209658880522
2018,"E07000006","South Bucks",70043,46354.9730507037,15880.1623718258,0,228.058579190914,8826.74392811177,6615.12034052267,77905.0582703548,1.1122461669311
2002,"E07000012","South Cambridgeshire",131893,14782.4349848964,7359.35973779311,NA,25146.241578844,44905.3156221627,7505.50209137395,99698.8540150702,0.755907091468616
2003,"E07000012","South Cambridgeshire",134057,16373.1797329809,7829.49979950488,NA,37488.219994506,41387.5134167174,8397.84584679536,111476.258790505,0.831558656321599
2004,"E07000012","South Cambridgeshire",135645,16510.9010919159,20473.3623303995,NA,44552.793620919,39875.0359433763,8561.70255308769,129973.795539698,0.958190832980931
2005,"E07000012","South Cambridgeshire",137420,22660.2848137218,22648.3238325916,NA,45028.2043772375,48488.010970494,9048.58443061458,147873.408424659,1.07606904689754
2006,"E07000012","South Cambridgeshire",139264,85615.4560131626,25600.6524500844,NA,5972.40897930191,30939.7569188556,8174.20766312105,156302.482024526,1.12234663677997
2007,"E07000012","South Cambridgeshire",141484,91525.9016874862,27595.6929833819,NA,5513.94675899348,32854.4146045189,8456.0373196519,165945.993354032,1.17289582817868
2008,"E07000012","South Cambridgeshire",143591,92726.3087249019,28204.2945716435,5362.89845840934,5080.42025405158,36498.2228060231,8684.38722894823,176556.532043978,1.22957937505817
2009,"E07000012","South Cambridgeshire",145679,97880.1143909322,32269.0305738011,5640.25313160838,7969.39057019105,34528.6290547354,9002.32735057648,187289.745071845,1.28563310478411
2010,"E07000012","South Cambridgeshire",147890,97481.5063691604,35824.7071014915,7985.32027048345,5504.71188460557,37909.8731845704,9300.42891518475,194006.547725496,1.31183006102844
2011,"E07000012","South Cambridgeshire",149842,85412.1927483767,37493.2362834077,318.713558472278,10129.4082282911,32769.9139632582,9980.99733380931,176104.462115615,1.1752676960773
2012,"E07000012","South Cambridgeshire",150906,76567.9718748212,36499.4062002722,329.675223834813,770.670497152739,39743.9745767636,9290.19194982425,163201.890322669,1.08148046017169
2013,"E07000012","South Cambridgeshire",151188,73980.3426010007,31120.9781211541,240.343634623274,25604.0644365787,19828.912948093,14838.0079359933,165612.649677443,1.09540869432391
2014,"E07000012","South Cambridgeshire",152932,75747.5855106087,28604.2718069983,162.517908140293,21279.3533005718,16356.3393134427,15422.87229783,157572.940137592,1.03034642937771
2015,"E07000012","South Cambridgeshire",154488,77797.5463474734,28995.4250976424,140.884895293083,15845.0502281434,17713.3247487793,14672.2544693905,155164.485786722,1.00437888888925
2016,"E07000012","South Cambridgeshire",156020,81251.5825263846,27768.056535962,113.299941294652,9939.56836850992,19804.450909761,14730.390248541,153607.348530453,0.984536267981369
2017,"E07000012","South Cambridgeshire",156705,78591.7526160152,26469.7965052597,126.299631616214,4635.00179860906,20398.1280784209,14504.3749638494,144725.35359377,0.923552877022242
2018,"E07000012","South Cambridgeshire",157519,76531.3148117103,27369.773572051,120.94553516751,1526.76245849424,26284.6334035217,14487.8464381606,146321.276219105,0.928911916778962
2002,"E07000039","South Derbyshire",83480,10122.0442717079,10363.0584560039,NA,22994.7046166443,27820.7342317552,4858.05582921471,76158.5974053261,0.912297525219526
2003,"E07000039","South Derbyshire",85312,13337.8581249639,11202.9719703158,NA,31038.9036959024,26686.481223984,5230.87415557258,87497.0891707387,1.02561291694883
2004,"E07000039","South Derbyshire",86506,14925.1590977421,16409.6623145789,NA,35917.3953407436,25891.2132405982,5430.79553578626,98574.2255294491,1.13950738133134
2005,"E07000039","South Derbyshire",87832,15494.9909938234,17314.4872807077,NA,35198.8058381111,31402.4708749127,5631.52817259424,105042.283160149,1.19594547727649
2006,"E07000039","South Derbyshire",89295,62616.5959826674,17949.8912661092,NA,4372.59481628262,22652.2083489223,5466.97643927534,113058.266853257,1.26612091218161
2007,"E07000039","South Derbyshire",90655,66002.9657442755,19211.2442967408,NA,4124.90752717339,24580.1373007117,5645.47439516473,119564.729264066,1.31889834277278
2008,"E07000039","South Derbyshire",92023,59818.702129398,21028.6916483413,3971.13603629877,4000.7541058502,28741.7135317218,5818.22874221291,123379.226193823,1.3407433597451
2009,"E07000039","South Derbyshire",93015,67195.6070438327,25552.2706102311,4229.81800875815,6485.9207399237,28100.3154124211,6015.96574223666,137579.897557403,1.47911517021344
2010,"E07000039","South Derbyshire",94095,70019.9921570994,28145.7737737451,5872.14612838369,4611.98200372603,31763.5584397014,6216.5853171925,146630.037819848,1.55831912237471
2011,"E07000039","South Derbyshire",94915,68007.3644700842,26682.6120323659,264.170033787992,8793.31935132821,28449.1992658527,6530.56039390721,138727.225547326,1.46159432700128
2012,"E07000039","South Derbyshire",95934,66494.6558711857,26066.809669056,283.564282446241,676.798761378087,34925.7681953683,6091.28845230146,134538.885231736,1.40241087864298
2013,"E07000039","South Derbyshire",97111,69461.6404096374,21646.6431430819,190.060916333071,22961.563566091,13065.3680841873,10403.5589974619,137728.835116793,1.41826193857331
2014,"E07000039","South Derbyshire",98395,69536.4038848479,21836.4615803542,148.528938391711,19468.6948177414,13526.1904472728,10910.6834447731,135426.963113381,1.37636021254516
2015,"E07000039","South Derbyshire",99345,68246.2153673115,21532.6595365198,126.73724463083,14464.8118882009,17229.149490661,10452.8303198686,132052.403847193,1.32923049823537
2016,"E07000039","South Derbyshire",100421,70414.0103975301,21983.7626148101,0,10545.065695852,17910.5810107151,10450.2883616172,131303.708080525,1.30753236952953
2017,"E07000039","South Derbyshire",102385,72115.0420484735,20413.5941467184,0,6910.60129674774,18590.654603538,10456.8367445186,128486.728839996,1.25493703999606
2018,"E07000039","South Derbyshire",104493,72642.0952681988,18188.6114034933,0,0,27200.0247320195,10628.4026265622,128659.134030274,1.23127036289774
2002,"E06000025","South Gloucestershire",247755,28557.8033448454,28430.7871265646,NA,56286.1504440529,82495.6520028877,15033.0057513904,210803.398669741,0.850854265987532
2003,"E06000025","South Gloucestershire",249176,33881.7770120548,32634.8109129656,NA,78393.0652996745,78013.149121598,16098.2360871086,239021.038433402,0.959245827982637
2004,"E06000025","South Gloucestershire",251226,36238.0573350967,48739.6407777493,NA,92826.446166048,74525.3444720822,16372.9181973045,268702.406948281,1.06956448356572
2005,"E06000025","South Gloucestershire",253178,37387.3577024499,51474.8221398283,NA,94209.1627630038,89136.0460351691,17340.1385861196,289547.527226571,1.14365200462351
2006,"E06000025","South Gloucestershire",255258,167343.083008395,52385.3623136722,NA,10667.5581369765,55263.9795956671,16289.242549236,301949.225603947,1.18291777575609
2007,"E06000025","South Gloucestershire",256640,180318.758491285,44983.063068742,NA,9771.60975741253,58227.5418198023,16649.157576285,309950.130713527,1.20772338962565
2008,"E06000025","South Gloucestershire",257970,180170.136581477,61111.9228235024,9934,9059.75679103243,65081.511046726,17163.6341343702,342520.961377108,1.32775501561076
2009,"E06000025","South Gloucestershire",259730,182127.834553092,73069.8576882945,10323,14363.0591442892,62229.1565740309,17744.4632725105,359857.371232218,1.3855056067155
2010,"E06000025","South Gloucestershire",261471,182692.616490398,81267,13409,10041.763966361,69154.8698065745,18312.8247444915,374878.075007825,1.43372716288929
2011,"E06000025","South Gloucestershire",263417,194259.660791086,81064.6666643774,502,18449.6975944384,59688.1452614369,19887.913521937,373852.083833275,1.41924053433634
2012,"E06000025","South Gloucestershire",266193,193183.922563864,82500.6018459448,342,1424.22106580124,73463.6026843063,18561.8903008076,369476.238460724,1.38800133159296
2013,"E06000025","South Gloucestershire",268951,175394.769934935,65524,227,52984.4823304016,36482.8469083121,29238.3309445128,359851.430118161,1.33798137994713
2014,"E06000025","South Gloucestershire",270994,173804.149619628,63361,0,46199.9572808096,37432.5722783055,30597.668405395,351395.347584138,1.2966905082184
2015,"E06000025","South Gloucestershire",273952,164979.740669517,62072.1994636357,121,37375.2467456785,42045.7795570333,29142.3352192957,335736.30165516,1.22552966087183
2016,"E06000025","South Gloucestershire",276677,169049.124545571,58780.7545748647,38,27398.6909662558,41142.3585566092,28973.7911945814,325382.719837882,1.17603819557781
2017,"E06000025","South Gloucestershire",279027,172581.28355765,57684.6955616663,38,1642.39947762353,71836.3503775574,28637.6253261089,332420.354300606,1.19135551147597
2018,"E06000025","South Gloucestershire",282644,178390.12353239,65250.8974684791,0,1391.04908191661,65945.0645855875,28729.4033689109,339706.538037284,1.20188837561485
2002,"E07000044","South Hams",82058,14066.3534504491,17482.1260066104,NA,20770.3478951123,27191.4245961383,4906.09253705907,84416.3444853692,1.02873997033037
2003,"E07000044","South Hams",81994,12511.6433085893,19083.1688361846,NA,25570.8694137693,25735.9202001331,5220.13284426197,88121.7346029384,1.07473393910455
2004,"E07000044","South Hams",82085,14096.0812452429,21124.3717543598,NA,27996.3807416867,24603.1037227408,5300.29061320385,93120.228077234,1.13443659715215
2005,"E07000044","South Hams",82489,15138.0382203793,23496.5707673031,NA,26876.2909806029,29371.2819100483,5501.51547330513,100383.697351639,1.21693434702371
2006,"E07000044","South Hams",82985,52811.2252188303,24825.0994283944,NA,3885.64138900839,20131.2076186213,5112.51908027581,106765.69273513,1.28656615936772
2007,"E07000044","South Hams",83363,56609.8969283097,25484.5916296656,NA,3540.67599184223,21100.6286348208,5241.99867747551,111977.791862114,1.34325530345734
2008,"E07000044","South Hams",83516,55087.1527843225,26543.5018350797,4087.5030482984,3340.5424901783,23998.9891398342,5365.65924648477,118423.348544198,1.41797198793283
2009,"E07000044","South Hams",83368,55328.7256362628,29899.4100750966,4158.72731542211,5287.70833898339,22907.2512320541,5433.10735685863,123014.929954678,1.47556532428123
2010,"E07000044","South Hams",83516,52183.5000561582,33028.8052877506,5809.99239153229,3706.36389145488,25521.0948523145,5592.09384207992,125841.85032129,1.50679929979035
2011,"E07000044","South Hams",83563,45880.1482493598,30939.8396528596,282.924691290328,7116.05849608052,23023.6003356621,5946.23504389835,113188.806469151,1.35453258582328
2012,"E07000044","South Hams",83703,45486.1945167069,32081.4737405673,311.622943505661,548.599640977827,28290.4683867125,5493.84032245222,112212.199550923,1.34059949525014
2013,"E07000044","South Hams",84112,47262.8544651829,25185.0130961419,0,18533.6723320894,12777.8533688659,9091.94827266379,112851.341534944,1.3416794456789
2014,"E07000044","South Hams",84435,45422.0693074429,27050.3073039268,101.030237922746,15708.2660585425,11977.8755051172,9461.12931973463,109720.677732687,1.29946915062103
2015,"E07000044","South Hams",84886,47072.7474942828,25154.9445922962,73.9614632719062,11666.5609459752,13199.9535976119,8993.95317523941,106162.121268677,1.25064346616259
2016,"E07000044","South Hams",84834,46794.7227020699,25060.173332854,55.9873400005906,7637.85491035762,12945.4753335367,8875.60880102482,101369.822419844,1.19491975410618
2017,"E07000044","South Hams",85340,46954.8260866957,22126.0513319215,59.0853829726959,4204.06130456278,13150.0505221788,8733.08646295,95227.1610912815,1.11585611777925
2018,"E07000044","South Hams",86221,44033.8752975697,20882.8127905401,78.1672769293059,358.687699058775,18864.8152102652,8756.75610085475,92975.1143752179,1.07833491116106
2002,"E07000140","South Holland",77918,9296.9309222368,9588.56498978004,NA,24530.3900393545,25061.5670032643,4077.27049330364,72554.7234479392,0.931167682023913
2003,"E07000140","South Holland",79299,13288.4482830893,11428.6828860806,NA,30636.2423171395,24538.3696503452,4414.07588393796,84305.8190205927,1.06313848876521
2004,"E07000140","South Holland",80832,15748.0001799484,16949.5542261847,NA,35072.6055798874,23934.7951086754,4559.38088234201,96264.335977038,1.19091864579669
2005,"E07000140","South Holland",81696,15861.6807849714,17928.4544944517,NA,34571.9220993203,28947.0841960421,4829.57865954846,102138.720234334,1.25022914505403
2006,"E07000140","South Holland",83158,58376.5064822137,20292.6218431488,NA,4415.65060532758,22876.6947830071,4323.30266379152,110284.776377489,1.32620765744112
2007,"E07000140","South Holland",84506,62074.3403023327,21355.6566489703,NA,4138.68386669915,24663.5599440135,4469.66172869047,116701.902490706,1.38098954501108
2008,"E07000140","South Holland",85957,61164.9058706013,22358.7035617455,4293.43628100117,3969.03318730557,28515.0734610006,4670.4881546277,124971.640516282,1.45388555343116
2009,"E07000140","South Holland",86987,64214.9244329995,27526.9947335526,7066.1117135937,6422.00396400788,27824.314161443,4857.52073628222,137911.869741879,1.58543080853322
2010,"E07000140","South Holland",87905,60581.0073194203,30013.8694024347,6482.17252618344,4546.49890770646,31309.197174788,5033.93992736775,137966.685257901,1.56949758555146
2011,"E07000140","South Holland",88390,51719.8078313523,27940.9386570188,276.107329930831,8636.60903398026,27939.9295547646,5300.54586942896,121813.938276476,1.37814162548338
2012,"E07000140","South Holland",88546,45199.4757475138,26142.6016040401,324.240183318872,655.4314334023,33790.5119746824,4902.51892978709,111014.779872745,1.25375262431668
2013,"E07000140","South Holland",89184,42681.5894719698,20751.5286857698,169.622706249491,22409.688695873,15342.7042592161,7973.00575413065,109328.139573209,1.2258716762335
2014,"E07000140","South Holland",90382,43827.6733999557,20830.5993447067,153.500444058228,18776.0046810569,16658.4331767516,8530.69764690129,108776.90869343,1.20352402794174
2015,"E07000140","South Holland",91245,42778.648742117,19744.2277683597,131.172034990168,14096.1476910558,16664.9461517597,8154.69317149251,101569.835559775,1.11315508312538
2016,"E07000140","South Holland",92527,43506.5807661272,19835.3284188875,98.140776653406,10405.6225042326,16197.0009156685,8144.69063158305,98187.3640131523,1.06117526790183
2017,"E07000140","South Holland",93295,46641.0100057111,18050.6660400894,0,7069.83822857911,16214.6683684541,8040.67023354203,96016.8528763757,1.02917469185246
2018,"E07000140","South Holland",93980,46156.2558977975,16763.2891710206,0,0,27369.2629482968,8049.74802634974,98338.5560434646,1.04637748503367
2002,"E07000141","South Kesteven",125485,14941.0846502334,16617.6812898502,NA,37455.805630129,40461.5391104061,6566.34266603618,116042.453346655,0.924751590601704
2003,"E07000141","South Kesteven",126209,21092.8743661386,18742.3958356265,NA,46577.6614535349,39150.6493801992,7025.26013235886,132588.841167858,1.0505498115654
2004,"E07000141","South Kesteven",127129,24581.5361227813,26526.6105530067,NA,52863.5845675662,37672.2999353078,7170.79290616658,148814.824084829,1.17058125278126
2005,"E07000141","South Kesteven",127665,24843.7293186127,28099.1341440729,NA,51662.7072538401,45306.3377630204,7547.10340250752,157459.011882053,1.23337650790783
2006,"E07000141","South Kesteven",128966,90683.1909736305,30411.6038219237,NA,6414.11763109595,33229.8114599352,6704.81554797538,167443.539434561,1.29835413546641
2007,"E07000141","South Kesteven",130196,94928.1516579002,32999.2674492857,NA,5964.47048385632,35543.0239802001,6886.28119220629,176321.194763448,1.35427505271628
2008,"E07000141","South Kesteven",131218,92832.1874254402,34324.3197408602,6423.02885070921,5693.59279374411,40902.7196552413,7129.75225605754,187305.600722053,1.42743831427131
2009,"E07000141","South Kesteven",132188,97669.8844074325,42748.5404812082,10507.9842757714,9154.4718175621,39662.5905408029,7381.63117578114,207125.102698558,1.5668979234012
2010,"E07000141","South Kesteven",133144,91699.0884652398,46272.7171346085,9543.52590667388,6448.11750830635,44402.7263140888,7624.58219315683,205990.757522074,1.54712760261126
2011,"E07000141","South Kesteven",134125,77439.6583366911,43701.5711321716,474.612576388422,12426.4497305419,40199.7295681956,8043.16907723905,182285.190421228,1.35906945328035
2012,"E07000141","South Kesteven",135212,67403.83559701,41461.1315935838,482.015039266725,949.928274266391,49010.4969521013,7486.27142428085,166793.678880509,1.23357156820777
2013,"E07000141","South Kesteven",136612,65613.0894436754,34339.0635631995,259.827964053591,32415.9534010653,21781.6326051761,12213.0456369225,166622.612614092,1.21967771948359
2014,"E07000141","South Kesteven",138339,66425.6669522303,33070.5953591133,1126.9483075233,27236.8104663841,23797.3680737164,13057.1151531796,164714.504312147,1.19065848612573
2015,"E07000141","South Kesteven",139376,66532.0272462196,32162.8604136435,200.364223231844,20506.7934088289,23512.7490147149,12456.2279080491,155371.022214688,1.11476166782436
2016,"E07000141","South Kesteven",140900,67486.2416586221,31401.2178955467,149.44865207415,15008.6862304665,23392.5675426383,12402.7247180828,149840.886697431,1.06345554788808
2017,"E07000141","South Kesteven",141662,71921.6037347022,28622.8225796789,1496,10064.3022041586,23454.3451890448,12209.2012071819,147768.274914766,1.04310453695957
2018,"E07000141","South Kesteven",141853,70568.1971043868,24458.0367607659,0,0,37889.5875186715,12150.2543815896,145066.075765414,1.02265074242641
2002,"E07000031","South Lakeland",102433,14429.0437995338,13445.2131554122,NA,33524.6807835787,34274.0345194513,6861.20268436874,102534.174942345,1.0009877182387
2003,"E07000031","South Lakeland",102928,18283.3592175508,14494.1983212878,NA,40409.3489576231,32420.6768926727,7307.39381554926,112914.977204684,1.09702876967087
2004,"E07000031","South Lakeland",103672,20189.4778488558,21076.5364525032,NA,45510.3043534485,30979.1371984854,7285.47387648055,125040.929729773,1.20612055067688
2005,"E07000031","South Lakeland",104301,29867.8483643168,11438.3263821825,NA,44324.9056071946,37099.8738954611,7674.42493964268,130405.379188798,1.2502792800529
2006,"E07000031","South Lakeland",104340,79552.8262655544,17388.0130209116,NA,5742.14256244324,29748.3219803814,6162.55137696893,138593.85520626,1.32829073419839
2007,"E07000031","South Lakeland",104684,89327.8118890768,11999.8085123378,NA,5325.15933375801,31732.5524872249,6285.48423955477,144670.816461952,1.38197639048902
2008,"E07000031","South Lakeland",104492,73422.9670523601,27386.496155044,5292.90831995784,5039.70129921983,36199.4842967683,6417.8442533279,153759.401376678,1.47149448165102
2009,"E07000031","South Lakeland",104410,78372.1394048556,26337.4819623552,5707.54120123166,8056.82447193013,34908.1377594422,6583.55978401952,159965.684583834,1.53209160601316
2010,"E07000031","South Lakeland",104143,79500.1543930503,30191.0787100257,7092.1552087811,5654.96211450221,38943.7862865254,6747.28122719503,168129.41794008,1.61440920599637
2011,"E07000031","South Lakeland",103713,61904.1004127511,30289.810838767,0,10744.2044288209,34759.5018176653,6858.97681551448,144556.594313519,1.39381364258597
2012,"E07000031","South Lakeland",103544,68020.1330014723,28026.3565168618,310.297020262217,828.51861459721,42743.1819252612,6335.57652667742,146264.063605132,1.41257884189458
2013,"E07000031","South Lakeland",103593,66408.3148070508,23813.0736410705,179.339896368899,27198.174634252,18721.0483992947,13680.3299164091,150000.281294446,1.44797699935754
2014,"E07000031","South Lakeland",103501,66291.079823266,22657.5785370885,119.829359760502,23321.1331524793,20292.0309083905,14113.4895319999,146795.141312985,1.41829684073569
2015,"E07000031","South Lakeland",103776,67665.0878954473,22695.6336964305,86.5873669473967,18167.1390686769,20888.0548356235,13473.9101249346,142976.41298806,1.37774064319361
2016,"E07000031","South Lakeland",103826,69650.8838435985,19428.9354241138,49.3326129276072,13123.1103283326,20714.0861539757,13403.6917478794,136370.040110828,1.31344788502714
2017,"E07000031","South Lakeland",104321,69100.096854778,20873.1805688488,59.6568547780286,8741.62425282167,20619.5691597692,13304.5252269877,132698.652917983,1.27202243956618
2018,"E07000031","South Lakeland",104532,73603.9154519652,17987.746476163,62.0208784336364,6064.42663684033,22753.3053831722,13317.7264636552,133789.141290229,1.27988693692103
2002,"E07000149","South Norfolk",112483,13527.2444916567,12080.3593992505,NA,28612.113747615,37339.7309434286,6479.65515773595,98039.1037396868,0.871590406903148
2003,"E07000149","South Norfolk",113665,16078.3925137664,13329.550095232,NA,37511.2696614235,35471.7377472915,7012.732608591,109403.682626304,0.962509854628111
2004,"E07000149","South Norfolk",114539,18102.9318527872,21287.2184690262,NA,43196.8380119899,34099.6871948902,7154.80840392796,123841.483932621,1.08121673781525
2005,"E07000149","South Norfolk",115420,19209.2145973338,24078.4370572008,NA,41697.6963506665,41043.5465736611,7488.99617202785,133517.89075089,1.15680030108205
2006,"E07000149","South Norfolk",116052,74502.3760321906,25437.163898478,NA,5812.19709503029,30106.7459273251,6422.55689441803,142281.039847442,1.22601109715853
2007,"E07000149","South Norfolk",117134,80564.9477270958,28170.9720772027,NA,5532.49607099869,32968.7224176443,6611.84319925265,153848.981492194,1.3134442731589
2008,"E07000149","South Norfolk",118774,77887.5579474626,31552.1230904521,5348.58329758347,5309.36250126263,38137.2157588577,6893.02617840867,165127.868774027,1.39026949310478
2009,"E07000149","South Norfolk",120488,84678.859633369,37676.8482244448,5715.59194546024,8580.34499234955,37174.2299224321,7174.1435591448,181000.0182772,1.50222443958901
2010,"E07000149","South Norfolk",122611,83490.85498273,40662.9948307356,7340.04785878259,6096.36848917726,41983.3034706411,7475.03228767795,187048.601919744,1.52554503200973
2011,"E07000149","South Norfolk",124495,87231.7249443233,36997.6394733229,216.852893675546,11561.2009585467,37403.2562803546,8352.67515178736,181763.34970201,1.46000521869963
2012,"E07000149","South Norfolk",125987,84425.1399426719,37718.1040981815,271.393415251484,895.907051767538,46219.1844291534,7820.15100243164,177349.879939457,1.40768396691292
2013,"E07000149","South Norfolk",127682,79546.5129748959,31275.3057212718,695.791935157694,33963.1985669244,22906.5232403688,12799.6548392731,181186.987277892,1.41904878743982
2014,"E07000149","South Norfolk",129345,77756.5959438698,29679.8748147912,158.651479163152,29186.9142534432,23801.2906160103,13714.3840638349,174297.711171112,1.34754115869274
2015,"E07000149","South Norfolk",131199,77888.2597315846,28671.1368287919,129.160313445184,22855.6646909629,25318.968448643,13160.8576103026,168024.04762373,1.28068085598008
2016,"E07000149","South Norfolk",132965,76122.2000978748,27159.5739545839,126.444320092046,17681.9523791368,25707.2411366208,13166.0148295843,159963.426717893,1.20304912358811
2017,"E07000149","South Norfolk",135471,74926.3988798517,25746.870684224,123.65033003484,12582.7019735304,26210.1481060564,13148.1014960095,152737.871469707,1.12745806460207
2018,"E07000149","South Norfolk",138017,71623.5232250354,25650.80179267,146.771353797805,9280.55412867387,25258.0108157755,13316.789439846,145276.450755799,1.05259823612887
2002,"E07000155","South Northamptonshire",81345,9804.16979176482,7277.37025346273,NA,23055.4773626684,26576.2307076227,4535.56051540563,71248.8086309243,0.875884303041666
2003,"E07000155","South Northamptonshire",82241,12639.18113608,8059.12923353655,NA,30180.0653947774,25549.3206424488,5109.65398667426,81537.350393517,0.991444053373828
2004,"E07000155","South Northamptonshire",83293,15113.889960966,12104.8112682025,NA,35070.7652331523,24867.7435247504,5288.44648910636,92445.6564761775,1.10988506208418
2005,"E07000155","South Northamptonshire",84884,16333.2888593475,13388.9211001604,NA,34380.2170280388,30076.0842753457,5529.23052945221,99707.7417923447,1.17463528806777
2006,"E07000155","South Northamptonshire",85543,59324.339775438,14506.8534741404,NA,4033.98095548091,20896.23971712,5112.06060099186,103873.474523171,1.214283746457
2007,"E07000155","South Northamptonshire",85942,61363.7134222735,15343.3919757403,NA,3659.50267683636,21806.1712728885,5203.99857453628,107376.777922275,1.24940981036368
2008,"E07000155","South Northamptonshire",85757,65405.9990386331,15232.9784916271,3598.94276623007,3363.12017971073,24159.0338660663,5320.28967076132,117080.364013029,1.36525722696723
2009,"E07000155","South Northamptonshire",85693,65396.9952345698,17668.3687465616,3711.94257195697,5299.52753766109,22961.0250912996,5447.77903444805,120485.638216497,1.40601493956913
2010,"E07000155","South Northamptonshire",85647,62618.6369927225,20617.565438634,4945.05490609889,3682.67861705699,25363.8817417163,5584.26939830904,122812.087094538,1.43393332042614
2011,"E07000155","South Northamptonshire",85446,61534.2067072354,18207.9335818562,228.15811702862,6817.85128831774,22056.1477303676,5979.04188527697,114823.339310082,1.34381175608083
2012,"E07000155","South Northamptonshire",86301,55850.2452625973,17761.2429008569,216.955369675196,519.021968183616,26768.3939265861,5574.13485052068,106689.99427842,1.23625443828484
2013,"E07000155","South Northamptonshire",87251,46436.2557283658,13939.2240159851,80.4931602553656,17416.0745831887,12347.8505742891,9154.70596821393,99374.6040302981,1.13895088916228
2014,"E07000155","South Northamptonshire",88155,42408.7260983723,14051.5982735007,66.1146125820248,14772.4963573332,12985.302407931,9642.72356105199,93926.9613107713,1.06547514390303
2015,"E07000155","South Northamptonshire",89106,41817.3272695189,14346.1404778624,56.3345434061651,11068.2871136455,12447.8854406252,9177.64642527283,88913.621270331,0.997841012617904
2016,"E07000155","South Northamptonshire",89864,44736.7614642325,13814.0558016088,0,7666.03597778421,13473.818805874,9078.39241342777,88769.0644629273,0.987815637662771
2017,"E07000155","South Northamptonshire",91074,41282.1584762193,15075.868080393,46.3228293234432,4650.92999005679,14428.7490235548,8976.1847495106,84460.2131490578,0.927380077179632
2018,"E07000155","South Northamptonshire",92515,44395.9405546863,13072.5145474585,45.9096508663469,2783.41179767316,17081.0873890816,9039.99386722167,86418.8578069876,0.934106445516809
2002,"E07000179","South Oxfordshire",128754,14654.8724039743,22514.9611355574,NA,26269.2545496681,44103.4396369304,7487.17515148664,115029.702877617,0.893406829128546
2003,"E07000179","South Oxfordshire",128920,19661.9924890806,24163.4342640841,NA,36174.9860216652,40282.9960251472,8057.7666157094,128341.175415687,0.995510203348484
2004,"E07000179","South Oxfordshire",129359,22248.6269294249,26927.5771675093,NA,42077.0214171189,38398.3257987582,8177.04809933901,137828.59941215,1.06547359992077
2005,"E07000179","South Oxfordshire",130050,20735.2380644422,29440.0981265768,NA,39022.8696639249,46044.5014462095,8442.1998908021,143684.907191956,1.10484357702388
2006,"E07000179","South Oxfordshire",130676,81957.3701184731,30095.8705508001,NA,5040.46857880655,26112.4204594956,8153.76810101821,151359.897808594,1.15828383030238
2007,"E07000179","South Oxfordshire",131626,86695.6241067109,31566.9560371628,NA,4599.99495750912,27409.0621533881,8321.9286547315,158593.565909502,1.20488023573992
2008,"E07000179","South Oxfordshire",132611,84790.4975367558,33441.9773812101,5421.40766831981,4236.55209616473,30429.3570733535,8438.99846498724,166758.790220791,1.257503451605
2009,"E07000179","South Oxfordshire",133466,88818.7578362306,41234.827479077,5638.5358508463,6594.99904649373,28573.2475298738,8653.30970306155,179513.677445583,1.34501429162171
2010,"E07000179","South Oxfordshire",133915,91630.6129172723,43166.6624648521,8248.76107774462,4502.84148616341,31011.6279055746,8827.35095549933,187387.856807106,1.39930446034504
2011,"E07000179","South Oxfordshire",134961,96002.073365519,42357.6001288941,279.283244577277,8623.23170119557,27897.485207295,9381.59733567513,184541.270983156,1.36736739490042
2012,"E07000179","South Oxfordshire",135722,83227.0830571349,40405.3876857027,286.657406186885,652.207748779792,33636.8944760496,8693.73934060934,166901.969714463,1.22973408669533
2013,"E07000179","South Oxfordshire",136328,82965.1984166876,34275.4469380932,159.52887809903,22820.4917695535,7673.03487962313,13921.8961841601,161815.597066217,1.18695790348437
2014,"E07000179","South Oxfordshire",137477,72084.4136390502,33759.9617177268,112.137766908633,19230.394105265,15780.2157842292,14313.1688363155,155280.291849495,1.12950014802109
2015,"E07000179","South Oxfordshire",138177,70315.8614750422,32726.4388747601,86.3619070948203,14699.9468445197,16178.8800026722,13574.3366593631,147581.825763452,1.06806361234831
2016,"E07000179","South Oxfordshire",139156,70464.8123850986,30006.2271356933,61.529527593871,9261.72616598181,16460.5713266636,13474.6203986973,139729.486939728,1.00412118011245
2017,"E07000179","South Oxfordshire",139767,67610.1033985019,28620.7878497283,74.3437131837924,4394.65952224651,16976.9529778268,13287.8509618279,130964.698423315,0.937021603263397
2018,"E07000179","South Oxfordshire",140504,64621.2280938016,28068.6046221304,80.3143919339543,1391.19809635736,19290.9943972865,13269.7181492055,126722.057750715,0.901910676925321
2002,"E07000126","South Ribble",104522,13267.4800357613,17887.1089461781,NA,35902.0911143089,34846.6040607683,7168.42700390683,109071.711160923,1.04352874190049
2003,"E07000126","South Ribble",105149,17533.001780369,18258.5485715771,NA,43947.2382046598,33081.0069186163,7749.69256017505,120569.488035397,1.14665368225468
2004,"E07000126","South Ribble",105578,19229.3957575746,20382.871735987,NA,49391.3148489592,31698.2617023468,7922.48764595293,128624.331690821,1.21828725388642
2005,"E07000126","South Ribble",105753,23474.9794366846,20733.3640486952,NA,47911.57973577,37935.0037971632,8196.5237153862,138251.450733699,1.30730523704953
2006,"E07000126","South Ribble",106512,76802.2958556847,22305.5149682062,NA,5840.22383672258,30256.8678663663,7419.0973476175,142623.999874597,1.33904160915763
2007,"E07000126","South Ribble",107128,81474.9035301813,24208.5100738392,NA,5421.37842137685,32306.3483931646,7607.22046504183,151018.360883604,1.40970018000526
2008,"E07000126","South Ribble",107830,80387.8880929321,24938.1021982844,4856.86761702391,5116.78281124984,36758.6765553907,7921.91140971971,159980.228684601,1.48363376318836
2009,"E07000126","South Ribble",108609,81859.8994284095,28931.9203145207,5409.66606622394,8209.07365846619,35564.2610262882,8197.27660167553,168172.097095584,1.54841769186333
2010,"E07000126","South Ribble",108846,83850.0433503925,34193.737484714,7403.53365810793,5752.2909887671,39615.7573855012,8424.24232655229,179239.605194035,1.64672661553052
2011,"E07000126","South Ribble",109181,85588.4838967595,30969.7804906265,88.8129251816812,10802.1703403245,34946.5120538775,8542.86530714195,170938.625013912,1.56564443459862
2012,"E07000126","South Ribble",108999,87511.2463153654,31130.6363410998,349.561683554966,822.534245879507,42429.178933581,7861.48223354065,170104.639753021,1.56060734275563
2013,"E07000126","South Ribble",108964,88409.2638762626,25504.9428460553,218.180571087245,27612.5288349449,18924.6277911677,14712.6934494128,175382.237368931,1.60954294417359
2014,"E07000126","South Ribble",109116,88159.0627924075,28559.9772032198,116.902915174551,23378.6701950757,17545.1007735713,15081.3144136421,172841.028293091,1.58401176997957
2015,"E07000126","South Ribble",109685,89702.3120491984,26827.2592456456,254.082632741037,17562.3780056974,21540.5569625315,14375.7916653407,170262.380561155,1.55228500306473
2016,"E07000126","South Ribble",110136,92217.0616204114,23931.9481102722,244.886297512669,13039.2810099566,21701.833628408,14290.5746905206,165425.585357082,1.50201192486636
2017,"E07000126","South Ribble",110400,95399.24509102,22822.443014457,317.920547819828,8728.57854463076,22540.9383470741,14074.9358100016,163884.061355003,1.48445707749097
2018,"E07000126","South Ribble",110527,96331.4034553608,21919.6333187898,112.622993373018,5887.83066277912,23723.95249152,14017.7418727892,161993.184794612,1.4656435513007
2002,"E07000189","South Somerset",152165,20433.3914519231,30709.2669546387,NA,39683.8785016725,50233.8836229602,9232.90072918937,150293.321260384,0.987699676406426
2003,"E07000189","South Somerset",153463,27809.0857816825,30150.2671759836,NA,51020.2691118535,47901.0314559141,9914.61298293557,166795.266508369,1.08687609722454
2004,"E07000189","South Somerset",154967,32783.114490343,34429.7799920647,NA,55885.5778742337,46178.9073244357,10099.5200109928,179376.89969207,1.15751675964605
2005,"E07000189","South Somerset",156485,35944.293733989,37595.3939425768,NA,53188.172562275,55693.7484049305,10717.6436603849,193139.252304156,1.23423492541877
2006,"E07000189","South Somerset",157420,108687.011629824,40148.777060311,NA,6892.22622633428,35705.0235791915,10045.7284868672,201478.766982528,1.27988036451866
2007,"E07000189","South Somerset",158956,113264.499906476,45139.8076682946,NA,6492.73183534406,38689.3079819488,10312.0460243764,213898.393416439,1.3456452943987
2008,"E07000189","South Somerset",160171,113587.800045839,45814.2932116849,6708.04505315142,6205.78105666239,44578.5919930959,10656.7292434633,227551.240603897,1.42067690533178
2009,"E07000189","South Somerset",160678,112200.982155391,53692.7054823607,12389.7329545455,9946.99324505902,43094.3116898135,10977.3413533302,242302.066880499,1.5079977774213
2010,"E07000189","South Somerset",160871,111046.651164468,62455.3162223874,11148.7051828478,6994.02831120321,48164.356192786,11267.0331680037,251076.090241696,1.56072934364613
2011,"E07000189","South Somerset",162113,95627.480841375,58142.0915516229,0,13444.5802086395,43495.817412896,12239.4884338588,222949.458448392,1.37527193037198
2012,"E07000189","South Somerset",163038,87084.7524666086,60738.3061915321,0,1041.36549539894,53707.8055908331,11368.794336677,213941.02408105,1.31221570481145
2013,"E07000189","South Somerset",164006,92812.7213023924,50644.6253060163,0,34171.835573692,24030.370469564,17829.4994437119,219489.052095377,1.33829891647486
2014,"E07000189","South Somerset",164834,88447.7072793276,50152.5841207076,0,28668.3730143135,24254.0878170307,18611.2462782751,210133.998509654,1.27482193303356
2015,"E07000189","South Somerset",165510,90741.9799519267,49703.9534305637,0,21585.2074794535,26561.9489173671,17606.5438549294,206199.633634241,1.24584395888007
2016,"E07000189","South Somerset",166526,89742.4529763171,45556.9809041364,149.480402432876,15617.3860327586,22638.1979895094,17438.7085029433,191143.206808098,1.14782800768707
2017,"E07000189","South Somerset",167216,94242.7543937499,39778.7201118995,0,9596.61810633936,24736.7522005215,17162.0278916758,185516.872704186,1.10944450712962
2018,"E07000189","South Somerset",167861,95272.417589462,33650.5895384998,0,5793.10531680645,25781.1993407777,17062.2634087713,177559.575194317,1.05777741818717
2002,"E07000196","South Staffordshire",106013,11659.9844269171,17799.1715950417,NA,26906.2114056654,35139.6860889412,6154.51501208394,97659.5685286495,0.921203706419491
2003,"E07000196","South Staffordshire",106300,14551.6656685157,19065.3329577978,NA,35448.9203139222,33411.0928941449,6491.47233048948,108968.48416487,1.02510333174854
2004,"E07000196","South Staffordshire",106300,15668.6660031851,21313.1428565538,NA,40459.8369668556,31824.5871687857,6507.06182565605,115773.294821036,1.08911848373505
2005,"E07000196","South Staffordshire",106428,17721.4807663503,23040.9229178878,NA,38526.6886568815,37893.7890348129,6802.54968548968,123985.431061422,1.16497003665786
2006,"E07000196","South Staffordshire",106655,69319.1251638318,25599.4527455057,NA,4548.87461039557,23566.7174761332,6333.89548202057,129368.065477887,1.21295828116719
2007,"E07000196","South Staffordshire",107144,74289.8380427829,25990.6396612969,NA,4187.47885680642,24950.5302678714,6448.02866219857,135866.515490956,1.26807395179344
2008,"E07000196","South Staffordshire",107501,72604.7697668642,27092.5361090944,4199.30909917413,3931.11989145138,28242.1388916489,6652.92337108534,142722.797129318,1.32764157663016
2009,"E07000196","South Staffordshire",107561,73974.4804453729,31075.8938818632,4304.62512391979,6237.3329868374,27026.1389592865,6804.46586315089,149422.937260431,1.38919252573359
2010,"E07000196","South Staffordshire",108050,76297.8802431712,35155.5216767811,5606.9693850027,4362.61444522719,30041.8737755928,6973.66323068714,158438.522756462,1.46634449566369
2011,"E07000196","South Staffordshire",108318,73521.0181225496,31620.952652702,272.314349075859,8079.82379001317,26138.5787385063,7315.32252780522,146948.010180652,1.35663518695556
2012,"E07000196","South Staffordshire",108443,68857.260795938,32094.2694740267,275.530751526632,621.602959759668,32079.058328309,6753.92504748913,140681.647357049,1.29728656858487
2013,"E07000196","South Staffordshire",110323,70126.9066243838,25393.2657896302,118.584378359011,21450.4889156268,14849.6863556147,11702.7799700279,143641.712033642,1.30201056927062
2014,"E07000196","South Staffordshire",110688,71835.8347327663,24891.7298447732,71.8293509483992,18252.2702702408,17504.9163006023,12302.0435171665,144858.624016497,1.30871118835373
2015,"E07000196","South Staffordshire",110712,68529.2835778778,25031.2670156427,52.5202895962031,14134.2605161031,17569.8720974709,11762.041798634,137079.245295325,1.23816068082344
2016,"E07000196","South Staffordshire",111173,63110.1802449257,23008.1961521932,38.1085384855095,10188.497814366,17200.9068341685,11750.5486590798,125296.438243219,1.12704018280715
2017,"E07000196","South Staffordshire",111890,61163.1223958631,21877.6042336823,37.1328452903856,6538.73153553008,18797.027470176,11614.1947766078,120027.81325715,1.07273047865895
2018,"E07000196","South Staffordshire",112126,57648.6214182027,19931.571749099,206.060105171391,4199.72655422472,19777.5649781191,11588.7946796434,113352.33948446,1.01093715538288
2002,"E08000023","South Tyneside",152210,27965.2089956192,21597.9312122238,NA,89951.0868605863,50844.1481536684,12361.2689060195,202719.644128117,1.33184182463778
2003,"E08000023","South Tyneside",151181,45632.0458151494,34374.0295722506,NA,103548.707851192,48398.8807596986,13420.1074334387,245373.77143173,1.6230463578871
2004,"E08000023","South Tyneside",150265,52740.7272448237,64890.4456600954,NA,113328.434300199,46033.5568864683,13498.2545591109,290491.418650698,1.93319414800983
2005,"E08000023","South Tyneside",149585,53917.677856831,64836.8877663352,NA,114488.034846797,54702.9136434926,13966.4040805452,301911.918194001,2.01833016809173
2006,"E08000023","South Tyneside",148887,140672.658324433,69794.1855153783,NA,15779.0378915109,81743.7400244633,11292.6508565422,319282.272612327,2.14446038010254
2007,"E08000023","South Tyneside",148642,145625.157891957,75414.795498075,NA,14455.5389354282,86138.1918764454,11452.5839227808,333086.268124686,2.24086239504774
2008,"E08000023","South Tyneside",148626,132852.871003681,71406.7130518859,20783,13021.8110553311,93543.7069593787,11567.7563259886,343175.858396266,2.30898939886874
2009,"E08000023","South Tyneside",148509,139476.970777783,83261.9856357873,22075.4688458484,20318.6754729008,88031.2533448577,11732.3129128886,364896.666990066,2.45706769953381
2010,"E08000023","South Tyneside",148468,138140.795411175,91212.8976493603,23630,13949.3096843619,96063.9124000882,11944.1531430525,374941.068288037,2.52539987261927
2011,"E08000023","South Tyneside",148164,132840.187601554,91304.418718702,3732,25404.5134454716,82188.0537706267,12964.1765845149,348433.350120869,2.35167348425305
2012,"E08000023","South Tyneside",148311,141420.785271591,97166.807654688,488,1928.48521699033,99459.9424055217,11975.0750168694,352439.09556566,2.37635169047246
2013,"E08000023","South Tyneside",148384,141884.226255829,78567.57621411,92,67670.5186187879,45438.5153039075,24846.0344925078,358498.870885142,2.41602107292661
2014,"E08000023","South Tyneside",148572,142781.429278817,78933.8073002201,68,56359.9993233882,45737.3077294842,24687.0663940805,348567.61002599,2.34611912087062
2015,"E08000023","South Tyneside",148495,142470.850242987,78984.3143596641,38,41940.5588427169,48034.790891023,23448.993809213,334917.508145604,2.25541269501063
2016,"E08000023","South Tyneside",149194,139478.35195787,77308.5628246951,25,33726.6917997509,48707.823923112,23318.0432216121,322564.47372704,2.16204722527072
2017,"E08000023","South Tyneside",149555,144528.157545124,73630.0694327973,35,26119.9354213847,48564.1774114727,22984.4455489835,315861.785359762,2.1120108679734
2018,"E08000023","South Tyneside",150265,148069.177848858,67697.7954634679,38,20968.0751409531,49355.9071271618,22965.5100316137,309094.465612055,2.05699574493099
2002,"E06000045","Southampton",220459,32339.9287757367,44068.6069485367,NA,95275.1793976898,71592.100058392,13361.9473929424,256637.762573298,1.16410653488085
2003,"E06000045","Southampton",221989,53345.731434659,47081,NA,109567.10677192,69044.3996667724,14082.2608566009,293120.498729952,1.32042803350595
2004,"E06000045","Southampton",223589,54164.2592245444,74282.7904414001,NA,122382.38422756,66946.1991645614,14492.3810599752,332268.014118041,1.48606601450895
2005,"E06000045","Southampton",226655,65660.9768065085,76004,NA,118772.7475005,79874.071546729,15047.7447267949,355359.540580533,1.56784337685263
2006,"E06000045","Southampton",226698,161769.943806168,87160.9663358256,NA,16400.8972359997,84964.342493795,13978.7166148268,364274.866486616,1.60687287266149
2007,"E06000045","Southampton",227223,166979.580484732,86311.3767131359,NA,14927.264431574,88947.5705436392,14258.2167550682,371424.00892815,1.63462329486077
2008,"E06000045","Southampton",228447,163522.22186179,93735.1493084012,10678,13491.280134832,96915.1019047489,14576.5270231478,392918.28023292,1.71995377585576
2009,"E06000045","Southampton",230017,167403.968429269,112406.325326196,11545,21122.5943448033,91511.4426336731,14995.6108940985,418984.94162804,1.82153902375929
2010,"E06000045","Southampton",233085,163988.12033361,128151,19104,14565.6036294791,100305.156384972,15484.2159511602,441598.096299221,1.89457964390339
2011,"E06000045","Southampton",235870,166874.284429251,126237,1088,27859.9021468408,90132.0609383553,17111.1861628877,429302.433677335,1.82008069562613
2012,"E06000045","Southampton",238519,165312.169098606,133246,1018,2142.83937943994,110528.866943048,15957.8393812629,428205.714802357,1.79526878279029
2013,"E06000045","Southampton",239858,169348.193804322,122188,129,75254.853182501,54375.8200019253,25212.671147786,446508.538136534,1.86155366148527
2014,"E06000045","Southampton",242106,172088.469847546,116339,122,61680.724220317,40225.0100779544,25853.1634725765,416308.367618394,1.71952932855193
2015,"E06000045","Southampton",246054,173575.67544889,114095,65,44817.0076489342,54578.6134365837,24833.6615412812,411964.958075689,1.6742867747555
2016,"E06000045","Southampton",250377,178687.981442615,108838,0,34253.8931422807,55584.4604670237,24934.4633668837,402298.798418803,1.60677218122592
2017,"E06000045","Southampton",252359,182833.989422302,92469,0,24570.8969373791,59571.3471494527,24681.786034792,384127.019543926,1.52214511685308
2018,"E06000045","Southampton",252796,180712.478356633,84015,0,1112.75775615496,83428.0365233469,24645.8478091514,373914.120445286,1.47911407002202
2002,"E06000033","Southend-on-Sea",161159,22928.2843390161,47018.7143853167,NA,67952.821178906,58441.7386752999,9158.21289303842,205499.771471577,1.27513679950594
2003,"E06000033","Southend-on-Sea",161437,29325.5274084431,51925.8996463407,NA,85037.8677686406,50854.9923782961,9356.27041376975,226500.55761549,1.40302754396756
2004,"E06000033","Southend-on-Sea",161488,30591.6492597263,68344.484812339,NA,92685.2432557438,48064.7917301616,9452.86644887705,249139.035506848,1.54277119976003
2005,"E06000033","Southend-on-Sea",162645,33425.3608738622,74560.6835159514,NA,89750.5650539644,57860.6601884481,9870.02599055405,265467.29562278,1.63218848180258
2006,"E06000033","Southend-on-Sea",163776,127115.715924696,82726.1450838976,NA,10164.2248119773,52652.6749766077,9701.98373297576,282360.744530155,1.72406667967318
2007,"E06000033","Southend-on-Sea",165429,134864.953662314,87039.5531713786,NA,9223.57342067952,54962.0193665933,9966.06389600835,296056.163516974,1.78962674934246
2008,"E06000033","Southend-on-Sea",168150,136798.61493668,96089.2814853492,8434,8430.32724762604,60555.7347894192,10437.5807322318,320745.539191306,1.90749651615406
2009,"E06000033","Southend-on-Sea",170013,141281.946363168,109093.57278153,8911,13199.8187242266,57186.9519248539,10809.4945623956,340482.784356173,2.0026867613428
2010,"E06000033","Southend-on-Sea",172122,142278.600157194,115654.781685122,12464,9116.65802564013,62781.4922101513,11185.9959548678,353481.528032976,2.05366849114567
2011,"E06000033","Southend-on-Sea",174274,125307.63823598,114706.112079929,651,17447.2994677704,56443.3783179047,11853.4955448977,326408.923646481,1.87296397423873
2012,"E06000033","Southend-on-Sea",175091,112111.799265447,113940.2820325,0,1336.9500669341,68946.9999575204,11009.3487266448,307345.380049047,1.75534653436811
2013,"E06000033","Southend-on-Sea",176236,116721.487594985,101737,132,48524.1270134468,33461.1351552614,17611.2795046768,318187.02926837,1.80545989053525
2014,"E06000033","Southend-on-Sea",178367,116157.103248659,98202,80,40091.0396407489,34223.3414626316,18218.3443052576,306971.828657297,1.72101245553997
2015,"E06000033","Southend-on-Sea",179234,107139.851411568,94502,29,30256.8869639567,35361.7886487021,17291.9158995575,284581.442923785,1.58776483771932
2016,"E06000033","Southend-on-Sea",180606,90888.6104284361,90067,0,22760.703638851,36234.9477205713,17175.5931783165,257126.854966175,1.42368943980917
2017,"E06000033","Southend-on-Sea",181808,80010.6772051315,82638,11,15782.9066161497,34902.7516874233,16940.5782861701,230285.913794875,1.26664345790545
2018,"E06000033","Southend-on-Sea",182463,77906.0479475674,68712,12,11248.5577955992,39056.3005791291,16886.8314207269,213821.737743023,1.1718635435295
2002,"E09000028","Southwark",256269,99282.1101122715,81266.4150525352,NA,235727.236799635,80010.425119678,35292.7020906856,531578.889174805,2.07430039987203
2003,"E09000028","Southwark",255242,211364.498682658,94943.1687477865,NA,267058.144546917,77907.0985284693,37360.38026012,688633.290765951,2.69796228977187
2004,"E09000028","Southwark",257257,209984.212813058,194425.749804042,NA,291784.480875129,76131.1014721374,38871.4806791044,811197.025643472,3.15325540468664
2005,"E09000028","Southwark",261811,227761.119832414,195742.553979254,NA,304274.357763902,91727.9198925018,40991.2872850664,860497.238753139,3.28671155433935
2006,"E09000028","Southwark",267553,374738.383545686,200876.297657553,NA,39521.8106920073,204736.517631033,35259.2478727794,855132.257399058,3.19612285191741
2007,"E09000028","Southwark",272626,389865.709628538,204859.472500001,NA,36096.9815485152,215091.472281374,36382.5785457361,882296.214504165,3.23628786140781
2008,"E09000028","Southwark",276973,350681.818189871,208467.027326882,24137,32228.8085789579,231512.009190159,37343.2532054831,884369.916491352,3.19298240800133
2009,"E09000028","Southwark",281120,387459.513915227,225847.057842312,26047.0230622389,50288.4612689507,217874.459754584,38353.9413546758,945870.457197988,3.36465017500707
2010,"E09000028","Southwark",283777,380282.757536908,233203.574603098,41237.7796537739,34489.658648799,237515.183061206,39241.0521693557,965970.005673141,3.40397567693344
2011,"E09000028","Southwark",288717,414206.890257029,245753.572428087,2553.20968060214,64517.3290242671,208724.195252137,39685.568342965,975440.764985087,3.37853595384091
2012,"E09000028","Southwark",293440,344381.702952749,253952.384134451,2365.9792994997,4875.90032246406,251531.725602139,37139.2530720018,894246.945383305,3.04746096436513
2013,"E09000028","Southwark",298663,353079.64754098,232713.661221,264,159655.730473499,133930.927492956,69537.7507786793,949181.717507114,3.17810280318323
2014,"E09000028","Southwark",302818,352940.151795478,233081.191719135,255,131149.779387493,140617.653435757,71052.316692816,929096.09303068,3.06816666456644
2015,"E09000028","Southwark",308434,311199.251309011,223363.314844818,171,96225.3633697284,148879.24384736,68108.9836922647,847947.157063182,2.74920131069591
2016,"E09000028","Southwark",311655,308475.985634105,207613.861685272,0,79454.6266759061,146444.079657943,67685.5690306772,809674.122683904,2.59798213628501
2017,"E09000028","Southwark",314232,296790.601426334,171354.685845475,0,57790,210580.318423193,67014.8712740089,803530.476969011,2.55712491715997
2018,"E09000028","Southwark",317256,318090.968404417,153022.566262806,0,0,299164.185416415,60844.3253113662,831122.045395005,2.61972049510491
2002,"E07000213","Spelthorne",90292,10495.07883172,17995.0551482248,NA,14133.4292628781,30501.6655503874,4639.82753295981,77765.05632617,0.861261865128361
2003,"E07000213","Spelthorne",90225,11976.0925173179,19747.099994919,NA,20624.646046102,28545.5559422794,4580.12592517318,85473.5204257914,0.947337438911514
2004,"E07000213","Spelthorne",90127,13136.4201036106,23337.1004363737,NA,24287.7101823043,27143.0519151437,4652.81011921415,92557.0927566465,1.0269629828647
2005,"E07000213","Spelthorne",90571,13440.9511532673,24458.2634680033,NA,22490.6864518031,32451.607900308,4883.63635948016,97725.1453328618,1.07898936009166
2006,"E07000213","Spelthorne",91512,54002.1868972453,26956.6766090312,NA,2730.52372508983,14144.4371639049,5219.31623202298,103053.140627294,1.12611614462906
2007,"E07000213","Spelthorne",92425,61695.1677614616,28183.0128564244,NA,2481.91480222957,14786.7254378495,5333.14433403703,112479.965192002,1.21698636940224
2008,"E07000213","Spelthorne",93182,61123.3728168282,30422.4877590238,3257.53299186229,2324.50039393539,16698.8307092105,5430.03737948747,119256.762050348,1.27982616868438
2009,"E07000213","Spelthorne",94001,61914.0163900275,35277.6703829249,3365.21832777361,3613.57454889936,15658.5159235497,5581.99649984511,125410.99207302,1.33414529710344
2010,"E07000213","Spelthorne",94848,66064.3525906819,40671.5821439611,1549.5098756089,2470.61253290981,17014.8810450132,5725.90741550039,133496.845603675,1.40748192480258
2011,"E07000213","Spelthorne",95852,65738.4119478547,38153.1036686816,154.411135782527,4756.91622268394,15388.6979672652,5912.11450394454,130103.655446213,1.35733897515141
2012,"E07000213","Spelthorne",96737,63298.5915706187,39216.8482263825,177.992305379329,372.287429001981,19188.4527046989,5498.14426255588,127752.316498637,1.32061482678435
2013,"E07000213","Spelthorne",97371,58821.5758619435,32996.3939102497,0,15286.6760823681,11921.0327647695,8524.69548909314,127550.374108424,1.30994211940335
2014,"E07000213","Spelthorne",97941,57419.7386794033,33897.3737925169,58.305475927652,13162.0625464417,10570.9636859535,8924.69215656798,124033.136336811,1.26640667684433
2015,"E07000213","Spelthorne",98419,57947.1371686021,33662.0651946209,15.4464125174218,10548.3948260891,11925.587534609,8489.39868831149,122588.02982475,1.24557280428322
2016,"E07000213","Spelthorne",98869,56144.7829783667,33379.003481078,16.4927338529124,6195.73401718608,16138.8423929427,8422.34523386138,120297.200837288,1.21673326156113
2017,"E07000213","Spelthorne",99120,54670.0655164297,31957.8192565558,15.2193709552096,2341.10719374752,15618.2632223676,8305.7626415123,112908.237201568,1.1391065092975
2018,"E07000213","Spelthorne",99334,55296.702089121,31127.0109412726,6.51132919977074,0,15000.2530241173,8291.42642869268,109721.903812403,1.10457551102748
2002,"E07000240","St Albans",130407,13531.8386388911,16828.0293919474,NA,36561.3663184949,43935.2283150405,7726.24752135504,118582.710185729,0.909327798244948
2003,"E07000240","St Albans",131180,18033.9144744709,18783.1467144088,NA,45246.7526013142,41168.464391866,8133.80075516317,131366.078937223,1.00141850081737
2004,"E07000240","St Albans",131284,21316.4682374643,28401.8835784244,NA,51625.2395246743,39281.0973642452,8273.26631951008,148897.955024318,1.13416680649826
2005,"E07000240","St Albans",131951,21889.2593201406,31019.2062733365,NA,48479.4161222871,47025.1183912957,8613.89501583635,157026.895122896,1.19003944739256
2006,"E07000240","St Albans",133293,92050.4794789701,33852.9643811806,NA,4997.39363827382,25885.8760160346,8718.56439227917,165505.277906738,1.24166518801991
2007,"E07000240","St Albans",134338,97683.3534373328,36251.6845754804,NA,4552.9230647353,27132.305153809,8917.52089278758,174537.787124145,1.29924360288336
2008,"E07000240","St Albans",136088,107296.147791575,39924.1084874806,5156.66934148,4228.41302557318,30372.4600482388,9160.76501012498,196138.563704472,1.44126273958374
2009,"E07000240","St Albans",137858,106189.515323286,43617.2368231231,5413.98231805792,6604.01113898517,28611.1911309421,9454.08045602814,199890.017190422,1.44997038394886
2010,"E07000240","St Albans",139511,110014.278328448,49169.2532634671,7335.01431962161,4539.62622095065,31264.0735671576,9748.65672993325,212070.902429578,1.52010165814579
2011,"E07000240","St Albans",141248,104593.610853134,44683.9612653417,261.34986926517,8655.79545357128,28001.8283587421,10025.1388075269,196221.684607581,1.38919973810306
2012,"E07000240","St Albans",142137,95176.0997386856,47004.5993751832,268.467756317902,657.465155571062,33941.8640146782,9295.55446558947,186344.050506025,1.31101719120303
2013,"E07000240","St Albans",143458,86809.3368787798,36198.1074855911,135.833942652141,23805.4182995534,17256.5622829028,14978.9622537958,179184.221143275,1.24903610215725
2014,"E07000240","St Albans",145208,90280.7569760742,35810.2890620736,82.27901871001,20832.331006459,17994.4330048215,15485.8171452831,180485.906213421,1.24294740106207
2015,"E07000240","St Albans",146188,91519.8525192821,36272.3025060669,49.802662245609,16892.3650496168,16707.2231432759,14794.1505322088,176235.696412696,1.20554146997494
2016,"E07000240","St Albans",147025,93418.9619963175,37137.27301753,0,11165.4190444293,16519.5985322845,14746.6680154303,172987.920605992,1.1765884754701
2017,"E07000240","St Albans",147095,95147.4751273145,34471.1509466236,0,5702.19893321727,16558.4422567222,14509.1606093143,166388.427873192,1.13116304342902
2018,"E07000240","St Albans",147373,94837.8155963575,30464.2780662339,0,2812.04056773039,19321.051484973,14494.4707965872,161929.656511882,1.09877424298808
2002,"E07000204","St Edmundsbury",99534,11365.9246685711,19771.6088197231,NA,25150.582183851,33258.037510803,5563.07030310757,95109.2234860557,0.955545074909636
2003,"E07000204","St Edmundsbury",100655,17478.484922396,21239.0561983423,NA,33022.7576914272,31342.8961870128,5956.50802456091,109039.703023739,1.08330140602791
2004,"E07000204","St Edmundsbury",102202,18620.1715327673,22882.9407709041,NA,38114.7747033393,30129.0421267561,5989.40825469063,115736.337388457,1.13242732420557
2005,"E07000204","St Edmundsbury",103320,18722.7375991815,25509.9056183607,NA,36708.1929963587,36211.5460272241,6345.15212005096,123497.534361176,1.1952916604837
2006,"E07000204","St Edmundsbury",104850,66411.5836924097,29341.8926085515,NA,4812.44282399735,24932.5870069606,5692.49254226052,131190.99867418,1.25122554767935
2007,"E07000204","St Edmundsbury",106144,71270.3083717835,30849.3947068578,NA,4452.79271910924,26531.6153898221,5860.53351082432,138964.644698397,1.30920866651339
2008,"E07000204","St Edmundsbury",107453,68221.1751051308,32585.3731780589,4618.06566967361,4222.59952992099,30336.3828358167,6053.09481233237,146036.691130933,1.35907504798315
2009,"E07000204","St Edmundsbury",108449,73484.5078482782,36216.7980083071,4852.63997616206,6734.01127428524,29174.9840416718,6266.39255175909,156729.333700464,1.44518929358928
2010,"E07000204","St Edmundsbury",110002,74260.0211968353,38580.7249687835,6776.73274252185,4728.66076776026,32566.4649159641,6501.88070322773,163414.485295093,1.48555921978776
2011,"E07000204","St Edmundsbury",111443,71870.093281635,38253.7588850251,253.219532605703,8897.62375211092,28785.2557794265,7006.80883893756,155066.760069741,1.39144459562055
2012,"E07000204","St Edmundsbury",111588,65899.4038416926,38735.9305433118,267.244003155013,680.307289008491,35057.3126710899,6511.46485408064,147151.663202338,1.3187050865894
2013,"E07000204","St Edmundsbury",111865,65941.5648765227,30960.8637387816,160.992051304353,23811.3909415583,16246.3360005653,10671.8423130446,147792.989921777,1.3211727521725
2014,"E07000204","St Edmundsbury",112355,61913.5079414248,33749.6843955345,146.629146975282,20155.7004588558,16745.7317046892,11160.0064175171,143871.260064997,1.28050607507451
2015,"E07000204","St Edmundsbury",112949,60707.0296228338,30626.9200223609,117.973997437591,15517.0418651553,17980.1521543758,10685.7855988894,135634.903261053,1.20085085535111
2016,"E07000204","St Edmundsbury",113389,57699.9182360968,29345.9044270643,94.3430292541685,11440.2398176191,18235.1302253137,10623.1760428662,127438.711778214,1.12390718480817
2017,"E07000204","St Edmundsbury",113725,53372.5312546732,27803.6943249672,19.1430127427746,7529.29437183115,19653.9092021168,10439.417096666,118817.989262997,1.04478337448228
2018,"E07000204","St Edmundsbury",113482,52498.7505708214,24105.9470915793,18.9995385970185,0,29618.3303961738,10395.4404605593,116637.468057731,1.02780589042959
2002,"E08000013","St Helens",176295,34177.5977133683,58419.4362375158,NA,87634.0916779424,59592.0861067793,16298.8575346816,256122.069270287,1.45280393244441
2003,"E08000013","St Helens",175997,44987.3729622341,61228.3554957256,NA,106813.406832616,56056.7569383237,17325.713648103,286411.605877003,1.62736640895585
2004,"E08000013","St Helens",175738,54633.0656362245,64849.4028440886,NA,119275.514241113,53443.372333266,17383.1789546374,309584.534009329,1.76162545385363
2005,"E08000013","St Helens",175361,50483.3530773279,75934.8214780669,NA,117601.262848933,63754.0291321165,17924.8895157265,325698.356052171,1.8573021142225
2006,"E08000013","St Helens",175199,156075.982347169,80920.428293113,NA,15263.9545855856,79074.0917964924,16065.495433563,347399.952455923,1.98288775881097
2007,"E08000013","St Helens",174970,161730.346070501,82612.9421217045,NA,13932.589486616,83018.1566038633,16335.7963136977,357629.830596382,2.04394942330904
2008,"E08000013","St Helens",175106,144430.184343748,86118.1208309166,20083,12848.5229529778,92295.0132155501,16802.2662820106,372577.107625203,2.12772325120329
2009,"E08000013","St Helens",175272,158230.675445503,97709.8399277775,20654,20341.9079676248,88133.3217907419,17162.3047392857,402232.049870933,2.29490192313052
2010,"E08000013","St Helens",175203,151641.919755864,93108.4744175094,27020,14116.4165870825,97211.5108975785,17493.2791245307,400591.600782565,2.28644258821233
2011,"E08000013","St Helens",175405,149245.297067502,94770.5532999703,1674,26748.8669546702,86536.6598166241,17500.865332387,376476.242471153,2.14632560343863
2012,"E08000013","St Helens",176124,149482.610510403,100177.028553624,483,2016.77560435185,104033.234375135,16130.0022936375,372322.651337151,2.11398021471889
2013,"E08000013","St Helens",176221,163558.087427874,80806.45177262,143,64049.6134476059,42885.0340894274,32849.7708859966,384291.957623524,2.18073871799345
2014,"E08000013","St Helens",177191,167082.347405555,83974,67,53106.8292538183,44703.2014828337,33700.7326586526,382634.110800859,2.15944438939257
2015,"E08000013","St Helens",177592,167855.240448678,76421,42,38458.2305360766,45843.6644319437,31970.249917946,360590.385334644,2.03044273016039
2016,"E08000013","St Helens",178480,168587.273874395,71690,0,30146.7952669976,46389.5738242787,31739.7695363018,348553.412501973,1.95289899429613
2017,"E08000013","St Helens",179331,165808.074531947,65859,0,1729.48584617013,72583.9031094172,31347.0575342756,337327.52102181,1.88103295594075
2018,"E08000013","St Helens",180049,163031.536002318,61820,0,1524.58984656358,78113.1055348842,31334.559833177,335823.791216943,1.86517998554251
2002,"E07000197","Stafford",121409,13440.932171409,13113.0145188083,NA,31978.9157042102,40623.3105126,7048.31966930564,106204.492576333,0.874766224714256
2003,"E07000197","Stafford",122447,16682.2185899599,13733.1132237391,NA,41926.5296583145,38439.8238909629,7477.52880951501,118259.214172492,0.965799196162352
2004,"E07000197","Stafford",123224,17990.2122255549,22798.2656571588,NA,48199.5102766116,36815.0973216035,7543.0497309938,133346.135211923,1.08214418629425
2005,"E07000197","Stafford",124361,20189.0499265615,24491.60285819,NA,45835.0504102158,44239.4343514712,7948.77176529843,142703.909311737,1.14749728059228
2006,"E07000197","Stafford",125620,81296.0570819985,26775.1102516566,NA,5445.65312041528,28209.1621054039,7460.16549108269,149186.148050557,1.18759869487786
2007,"E07000197","Stafford",127055,87376.2929191162,27353.7177085612,NA,5009.93586343182,29850.8643338349,7646.29173519412,157237.102560138,1.23755147424453
2008,"E07000197","Stafford",128320,86645.8949636191,28288.144189533,5007.10696278196,4720.30215971053,33907.5052471734,7941.35056397309,166510.304086791,1.29761770641203
2009,"E07000197","Stafford",129041,88958.6547647508,33908.1444799649,5159.66837994936,7510.93259596401,32540.0108909855,8163.32201677982,176240.733128394,1.3657731506141
2010,"E07000197","Stafford",130001,91952.7965061777,39543.2738130794,6742.35441017803,5260.42413229043,36227.0207931591,8390.40438364238,188116.274038527,1.44703713077997
2011,"E07000197","Stafford",130895,88697.7608998609,35506.4470307375,323.485632325972,9787.21530118515,31661.7268041949,8840.07406227095,174816.709730575,1.33554917858264
2012,"E07000197","Stafford",131554,83491.9473894011,35909.6454209687,323.595091304506,755.896358162568,38971.7926405795,8193.29837515917,167646.175275575,1.27435254933773
2013,"E07000197","Stafford",131984,83745.7243631217,29308.4162502701,141.867431028305,25682.7920201598,17952.3112583908,14000.5231145289,170831.6344375,1.29433593797354
2014,"E07000197","Stafford",132044,85519.9501793635,28233.6957179028,198.688013304337,21830.8032628982,19242.0074443186,14675.5839312368,169700.728549024,1.28518318552168
2015,"E07000197","Stafford",132220,81792.0746682112,28165.2457259221,62.7233966544726,16961.2442864292,20228.3423000903,14047.0515085572,161256.681885864,1.21960884802499
2016,"E07000197","Stafford",133664,76310.9082174426,26393.6178342471,45.8181364911187,12162.256841674,15836.338626126,14127.758862019,144876.698518,1.08388719863239
2017,"E07000197","Stafford",134764,74877.3646130672,25661.8918844218,44.7240214738897,7658.79153323958,23416.0178746162,13988.5185885671,145647.308515386,1.08075827754731
2018,"E07000197","Stafford",135880,72345.2223418778,25000.7687536126,249.714134907949,4800.58373783114,24116.4925817993,14043.8918811867,140556.673431215,1.03441767317645
2002,"E07000198","Staffordshire Moorlands",94927,10462.7271720823,14222.684802831,NA,24366.328328654,31603.8205160209,5510.92457106291,86166.4853906512,0.907713141578805
2003,"E07000198","Staffordshire Moorlands",94997,12827.8656021824,15076.0818061328,NA,32202.9622771559,29854.4532423808,5801.22668842436,95762.5896162763,1.00805909256373
2004,"E07000198","Staffordshire Moorlands",94980,13855.039482432,16093.2209643977,NA,36894.6411581556,28444.4187139348,5814.11789464545,101101.438213566,1.06444976009229
2005,"E07000198","Staffordshire Moorlands",95342,15828.6153946834,17037.5490363181,NA,35223.8887127861,33947.997032333,6093.96673914719,108132.016915268,1.13414882124633
2006,"E07000198","Staffordshire Moorlands",95888,62336.3077653134,19600.0424439647,NA,4260.57546895702,22070.8903037969,5694.47817711301,113962.294159145,1.18849380693252
2007,"E07000198","Staffordshire Moorlands",96295,67040.7303659541,19356.7092341577,NA,3932.11915287999,23429.6713315228,5795.12543890849,119554.355523423,1.2415427127413
2008,"E07000198","Staffordshire Moorlands",96604,65138.5701766323,20453.4683703682,3775.9712673986,3675.11531979953,26402.0071765737,5978.53982140006,125423.672132172,1.29832793809959
2009,"E07000198","Staffordshire Moorlands",96781,66485.4097208434,23454.3733303019,3989.51123658279,5825.21083663327,25239.3075149795,6122.50732794978,131116.319967291,1.35477335393611
2010,"E07000198","Staffordshire Moorlands",96987,68755.9183909713,27383.6406743727,5400.26301474555,4059.41606847987,27952.5625161816,6259.64531008472,139811.445974836,1.44154831033887
2011,"E07000198","Staffordshire Moorlands",97209,65982.3254922998,24075.9293969286,261.103746000805,7578.95275765238,24518.142105573,6565.06940310399,128981.522901559,1.32684754396772
2012,"E07000198","Staffordshire Moorlands",97239,61752.3663909723,23569.165233209,259.229602166098,580.67936338971,29960.5849504941,6056.13011160514,122178.155651836,1.25647276968949
2013,"E07000198","Staffordshire Moorlands",97488,61746.5809849073,18509.1421036363,104.788247939807,19674.6115624722,13794.334403852,10341.2761955176,124170.733498325,1.27370274801335
2014,"E07000198","Staffordshire Moorlands",97838,63093.7382966933,18408.4987401788,63.4905322897647,16706.9288694332,14243.456607928,10873.873713795,123389.986760318,1.26116628263372
2015,"E07000198","Staffordshire Moorlands",98011,60332.1541544853,18606.4437592145,46.4951053509417,12938.4293431948,14558.2528374992,10412.6876826895,116894.462882434,1.19266677089749
2016,"E07000198","Staffordshire Moorlands",98176,55412.5986141044,17268.0482440676,33.6533499532565,9233.12472833511,14137.779005256,10376.8168993714,106462.020841088,1.08439965817601
2017,"E07000198","Staffordshire Moorlands",98496,53694.3804942616,16333.472433647,32.6877891654466,5836.95739854832,15850.9905952494,10223.8960471602,101972.384758032,1.03529467956092
2018,"E07000198","Staffordshire Moorlands",98397,50683.8029421088,15052.673219379,180.829568240635,3672.7025467425,15724.2602264594,10169.8324214979,95484.1009244282,0.970396464571361
2002,"E07000243","Stevenage",80110,8704.36036686348,13352.5718756578,NA,24731.7825712932,26868.0029777381,4746.29190868398,78403.0097002366,0.978691919863145
2003,"E07000243","Stevenage",80308,10822.8795823739,14138.5249149317,NA,29839.7941142426,25228.6500257812,4979.48826837661,85009.336905706,1.05854132721156
2004,"E07000243","Stevenage",80008,12749.4693545523,29175.5019754317,NA,33619.2557195861,23969.2592388907,5041.95097415803,104555.437262619,1.30681228455428
2005,"E07000243","Stevenage",80330,12581.0759614319,31904.9559756055,NA,31779.9346128739,28615.2638583473,5244.02381658445,110125.254224843,1.37091067129146
2006,"E07000243","Stevenage",80352,55123.8551093771,33967.7987437947,NA,3472.42997473669,17989.0417324271,5255.7455083794,115808.871068715,1.44126930342387
2007,"E07000243","Stevenage",80734,58873.3881582994,36524.2423626735,NA,3193.75638098185,19030.4584576785,5359.22175228388,122981.067111917,1.52328717903135
2008,"E07000243","Stevenage",81615,58946.1838149533,38394.1524910773,3078.77566945572,2929.33108784136,21043.4907327392,5493.91449871664,129885.848294783,1.59144579176357
2009,"E07000243","Stevenage",82253,62990.3538850573,43533.3871187189,3214.74059979993,4551.47800791356,19721.2377888362,5640.7787705442,139651.97617087,1.69783443972706
2010,"E07000243","Stevenage",83007,64557.1480615109,46918.2219870879,4364.2260010238,3118.6853059791,21475.2386305671,5800.30785516246,146233.827841331,1.7617047699752
2011,"E07000243","Stevenage",84247,62897.9146999886,45610.0716308991,155.881445655746,5615.32968662933,18168.3528456257,5979.46780922716,138427.018118026,1.64310916849295
2012,"E07000243","Stevenage",84824,54979.6712202612,45453.0125822308,261.215207594854,427.875573257911,22064.6746250524,5547.36706128004,128733.816269677,1.51765793018105
2013,"E07000243","Stevenage",85520,53366.5272475097,38329.3638010272,82.9750503674324,15592.4115558408,10405.5063114908,8929.44870237012,126706.232668606,1.48159766918389
2014,"E07000243","Stevenage",85993,53477.9171439835,37568.5961332357,48.726100875502,13392.4170447801,9483.80105354814,9170.78861890755,123142.246095331,1.43200314089903
2015,"E07000243","Stevenage",86579,54089.2888627447,37164.6803408814,29.4953395255601,10699.8691385803,12562.5383924924,8761.75034153357,123307.622415758,1.42422091287446
2016,"E07000243","Stevenage",87285,55304.6570504919,35347.6845117164,0,7171.21320382936,9498.30041074953,8754.72142647056,116076.576603258,1.32985709575824
2017,"E07000243","Stevenage",87739,56577.2516618202,34561.3676937068,0,3998.7847119314,11219.1817679904,8654.40186750487,115010.987702954,1.31083084720539
2018,"E07000243","Stevenage",87754,57432.1566552541,32157.2029729011,0,2025.44381250712,12658.7663819853,8630.80611973505,112904.375942383,1.28660090642458
2002,"E08000007","Stockport",283502,38620.1619910162,39176.269681446,NA,92823.6246247841,96782.2380360921,22889.6932420318,290291.98757537,1.02395040449581
2003,"E08000007","Stockport",282932,47778.4459627623,39946.0558731247,NA,117243.161325242,90075.5679569676,24447.7598460542,319490.990964151,1.1292147617242
2004,"E08000007","Stockport",282368,50610.6261032446,61957.887314531,NA,129647.921275481,85565.7899309423,24778.5962179851,352560.820842184,1.24858631587922
2005,"E08000007","Stockport",281195,59676.4126608049,59204.7286973173,NA,125581.729746437,101866.356082455,25570.8685539117,371900.095740926,1.32257008745151
2006,"E08000007","Stockport",280498,201967.405786404,67773.487129104,NA,16071.1688753263,83256.1641492336,23980.5987661971,393048.824706265,1.40125357295334
2007,"E08000007","Stockport",280953,207879.78593553,67678.3312967388,NA,14730.7871792671,87775.3581794792,24366.5968046874,402430.859395702,1.43237786888092
2008,"E08000007","Stockport",281477,200075.430602666,75241.3501536446,11425.4862120597,13483.9640176534,96862.0095331806,25001.7517075336,422089.992226738,1.49955411002227
2009,"E08000007","Stockport",282263,214736.55148981,88193.9490153354,12109.1781824835,21195.5568621197,91830.827872445,25553.260676717,453619.324098911,1.60708036157382
2010,"E08000007","Stockport",282614,218887.774636051,94250.0390365164,18233.7800928004,14649.2861677313,100886.365656326,26058.1001074069,472965.345696832,1.67353827374734
2011,"E08000007","Stockport",283253,217184.841091374,100368.126013914,0,27682.9810809321,89558.1416116715,26208.6863549598,461002.776152851,1.62753007436056
2012,"E08000007","Stockport",283766,206955.694447684,102153.557035171,621,2125.06163856433,109633.841639653,24185.0230493559,445674.177810428,1.57056933462933
2013,"E08000007","Stockport",284890,216322.937061556,84858.9293020417,106,67335.5964713669,44777.5857010612,46957.2562032627,460358.304739288,1.61591598420193
2014,"E08000007","Stockport",286388,216519.76846904,84645.3063785038,0,55614.2988649229,44563.0503350948,47929.0160699719,449271.440117533,1.5687509257285
2015,"E08000007","Stockport",288169,224663.316362971,79243.9762550485,0,42349.1308183646,48739.4591808983,45628.2554984228,440624.138115705,1.5290476703452
2016,"E08000007","Stockport",289821,217523.828435899,74412.6666803316,0,31357.3562475997,50247.791284948,45203.1480536125,418744.790702391,1.44483936879105
2017,"E08000007","Stockport",291045,228650.228231824,70510.9278383335,0,20681.693374551,88694.757631041,25875.8522637746,434413.459339524,1.49259894291097
2018,"E08000007","Stockport",291775,221095.344591013,76172.4502413985,0,2068.36168286005,86122.9643838071,44402.5528707029,429861.673769781,1.47326424049278
2002,"E06000004","Stockton-on-Tees",184940,30910.7272298629,31424.7663162573,NA,86099.8588366215,61273.6627561002,14942.0580153665,224651.073154208,1.21472408972752
2003,"E06000004","Stockton-on-Tees",185699,40816.8420429742,34315.7061964268,NA,103353.018643125,56698.313051994,15942.7588228704,251126.63875739,1.35233166983877
2004,"E06000004","Stockton-on-Tees",185687,42900.4051542403,56316.54558505,NA,113581.218887069,54423.786339853,15909.1798487791,283131.135814991,1.52477629459785
2005,"E06000004","Stockton-on-Tees",186350,47651.480150894,58198.12448758,NA,112323.184637426,67267.5198906596,17157.6360295645,302597.945196124,1.62381510703582
2006,"E06000004","Stockton-on-Tees",187270,149258.396133547,62150.5179898202,NA,14238.892499833,73763.6424298671,15401.8003361976,314813.249389265,1.6810661044976
2007,"E06000004","Stockton-on-Tees",187937,163814.645277563,68793.6055364633,NA,13075.3326029355,77909.9177057086,15710.376614516,339303.877737187,1.80541286567939
2008,"E06000004","Stockton-on-Tees",189039,161150.989616359,69215.3082162523,12244,11929.9274190496,85699.384872435,16273.6781053144,356513.28822941,1.88592453530441
2009,"E06000004","Stockton-on-Tees",189978,140852.424359233,79201.0158226479,16486,18837.967968874,81614.8651324804,16762.9258917367,353755.199174972,1.86208507919323
2010,"E06000004","Stockton-on-Tees",190902,153173.354846372,81057.0408529399,17677,13065.7546790229,89978.6796545054,17227.1256430789,372178.955675919,1.94958122846235
2011,"E06000004","Stockton-on-Tees",191824,160972.010863872,88138.133380214,698,23572.9905784258,76263.438738241,17671.9482495103,367316.521810263,1.91486217475531
2012,"E06000004","Stockton-on-Tees",192487,157544.221083356,94500.3955609276,647,1790.8552726296,92384.8188754589,16361.9981914227,363229.288983794,1.88703283330196
2013,"E06000004","Stockton-on-Tees",193433,154632.031560845,78809.2908373008,186,56340.1847719326,38414.0204601708,31969.8530214334,360351.380651682,1.86292608113239
2014,"E06000004","Stockton-on-Tees",194423,141211.83209712,78897.7233703188,139,46037.5541290486,42016.6676070445,33756.4136711802,342059.190874712,1.7593555848573
2015,"E06000004","Stockton-on-Tees",195128,134104.681489443,108216.146423834,101,33165.2679543272,42660.0927542418,32218.7124533134,350465.901075159,1.79608206446619
2016,"E06000004","Stockton-on-Tees",195958,121844.289866476,85079.9503263069,21,24639.2929112243,37637.1987566969,32051.5620385211,301273.293899225,1.53743809336299
2017,"E06000004","Stockton-on-Tees",196487,119955.889150255,77550.0039295224,0,16884.7900997969,42951.4827324914,31640.6019888722,288982.767900937,1.47074751968801
2018,"E06000004","Stockton-on-Tees",197213,117005.633750951,70968.0008170795,0,11826.3099884097,52381.4838546602,31669.7987099229,283851.227121024,1.43931296172678
2002,"E06000021","Stoke-on-Trent",239955,45527.9211068091,42520.7186936392,NA,105563.490518533,82635.8985824936,13930.4297560167,290178.458657492,1.20930365550829
2003,"E06000021","Stoke-on-Trent",240031,59343.5341522792,43874.8041343405,NA,129032.30218553,76233.2347139423,14658.0865000914,323141.961686183,1.34625094961144
2004,"E06000021","Stoke-on-Trent",241078,66294.3010859338,83322.9878260656,NA,143169.112830666,72199.9528349696,14757.3795936548,379743.73417129,1.57519032915193
2005,"E06000021","Stoke-on-Trent",241481,72379.6946130123,83743.5181104197,NA,144116.80593482,85925.2792949406,15434.7211316734,401600.019084866,1.66307087963387
2006,"E06000021","Stoke-on-Trent",243069,201153.011891927,96850.8207410383,NA,18620.6725184279,96459.0626874317,14435.0817206812,427518.649559506,1.75883658368408
2007,"E06000021","Stoke-on-Trent",243697,209290.66458337,96728.5681335489,NA,17289.3949438114,103021.655381266,14665.919145186,440996.202187183,1.80960866234374
2008,"E06000021","Stoke-on-Trent",245509,199955.039739732,95931.7255509384,22011,16302.1049193883,117105.913927085,15193.836000705,466499.620137849,1.90013246006398
2009,"E06000021","Stoke-on-Trent",245869,211704.410164662,110814.648013731,25473,26043.8820684383,112835.270950633,15554.0318266569,502425.243024121,2.04346722451436
2010,"E06000021","Stoke-on-Trent",247381,212572.719991617,128957.448100175,28603,18202.7667621834,125357.49201256,15966.235850723,529659.662717258,2.14106848431067
2011,"E06000021","Stoke-on-Trent",248719,209200.348252926,123575.807286948,1273,34319.8199605742,111031.799193273,16797.3901271551,496198.164820877,1.99501511674169
2012,"E06000021","Stoke-on-Trent",249792,198726.013395884,127514.924648154,1198,2643.18403003727,136333.722656197,15557.2646040999,481973.109334372,1.92949777949002
2013,"E06000021","Stoke-on-Trent",250194,187584.316014637,102241.773452595,244,98538.6629805308,63005.8960426582,26539.93575067,478154.584241092,1.91113529597469
2014,"E06000021","Stoke-on-Trent",250956,168832.762452445,103459.716738715,253,82327.0528939726,69416.9645182954,27891.656122561,452181.152725989,1.80183439617299
2015,"E06000021","Stoke-on-Trent",251746,180471.353952556,97864.0768678316,66,61607.6880543526,70623.2329034969,26745.4925811016,437377.844359339,1.73737753274864
2016,"E06000021","Stoke-on-Trent",253659,177587.982427289,94722.766173938,38,50366.4439540072,73335.080187378,26810.7582084995,422861.030951112,1.66704524953229
2017,"E06000021","Stoke-on-Trent",255378,170249.506610265,91567.4131129113,32,39170.448347234,82758.3415254621,26508.2655613597,410285.975157232,1.606583085298
2018,"E06000021","Stoke-on-Trent",255833,165712.213866383,85721.0233605528,46,31596.6300674063,84148.1769653385,26441.6469799797,393665.69123966,1.53876040713927
2002,"E07000221","Stratford-on-Avon",112258,13871.4480791712,20380.6562657262,NA,24345.6967481315,37424.0656189359,6172.21055785201,102194.077269817,0.910350062087484
2003,"E07000221","Stratford-on-Avon",112992,17029.4829921407,22089.256500264,NA,33451.3299990681,35241.3480165264,6723.28023360567,114534.697741605,1.01365315899891
2004,"E07000221","Stratford-on-Avon",113483,18941.4395656307,24591.7030061488,NA,38743.3992676959,33976.7635436731,6897.11232133458,123150.417704483,1.08518824585606
2005,"E07000221","Stratford-on-Avon",114823,18336.7744422356,27563.8897934319,NA,37012.1631958568,41150.4115397028,7214.52249103891,131277.761462266,1.14330544805715
2006,"E07000221","Stratford-on-Avon",116708,74662.6271701266,28636.9303669345,NA,4395.81487886984,22771.6235032388,6745.14660179678,137212.142520966,1.17568754944791
2007,"E07000221","Stratford-on-Avon",118478,82573.0310302949,29768.9584060811,NA,4029.50408229335,24011.2059579214,6956.83919151317,147339.538668104,1.24360251412164
2008,"E07000221","Stratford-on-Avon",119666,80732.9155073195,33669.3033349154,5111.50721563858,3760.08557910505,27007.7176186168,7030.86336635866,157312.392621954,1.31459556283283
2009,"E07000221","Stratford-on-Avon",119826,83189.3621430983,36936.4243900459,5332.0867705407,5885.33674886697,25498.1123658304,7216.33530272204,164057.657721104,1.36913238964085
2010,"E07000221","Stratford-on-Avon",120191,85137.6968480206,39593.6772620855,6872.20740913618,4077.80824968851,28083.0903823466,7428.80682365308,171193.28697493,1.42434364449027
2011,"E07000221","Stratford-on-Avon",120824,79304.8527245249,38458.3476253033,353.445899215814,7922.18485639113,25630.8110269068,7778.39566447231,159448.037796814,1.31967190125152
2012,"E07000221","Stratford-on-Avon",120794,72691.8910927925,40760.4020426029,351.461927341698,612.565038663554,31612.2346841261,7198.910001459,153227.464786986,1.26850228311825
2013,"E07000221","Stratford-on-Avon",121253,72853.657177121,32182.9908665246,129.303111641678,21815.5455536407,14629.130660198,11801.4464557056,153412.073824832,1.26522291262758
2014,"E07000221","Stratford-on-Avon",121779,69078.5602280749,33416.260564757,86.410295954385,18755.1074830301,15776.5250882433,12458.2925929948,149571.156253055,1.22821797069326
2015,"E07000221","Stratford-on-Avon",122438,69511.4106896465,29563.8673773403,66.605439211462,14262.7623902557,15946.0948601649,11885.9832298786,141236.723986497,1.15353667967867
2016,"E07000221","Stratford-on-Avon",123345,70780.5978539905,30129.1225780021,38.1735752453975,9392.28088108753,16598.2311038997,11830.4984785086,138768.904470734,1.12504685614118
2017,"E07000221","Stratford-on-Avon",125202,72618.2950287125,24542.0091256585,69.4135028570821,5012.63549441868,18329.0340618037,11739.7527180363,132311.139931487,1.05678136077288
2018,"E07000221","Stratford-on-Avon",127580,72953.1537451183,22480.299907182,0,2277.02372988214,22720.8928390046,11827.6430535367,132259.013274724,1.03667513148396
2002,"E07000082","Stroud",108229,14528.6250509758,15057.4716768618,NA,25668.3722885717,35958.1994368385,6430.17197786193,97642.8404311098,0.902187402924446
2003,"E07000082","Stroud",108840,21212.8498105505,17416.1063007548,NA,34730.0157988761,34264.7624108305,6882.78723512641,114506.521556138,1.05206285883993
2004,"E07000082","Stroud",109477,23863.5239478137,25276.1264841323,NA,39972.4600543796,32803.3836347729,6925.46346663966,128840.957587738,1.17687694755737
2005,"E07000082","Stroud",110122,24143.6441893681,27134.4221158313,NA,38119.2121551443,39182.9783986355,7227.21675553121,135807.47361451,1.23324561499528
2006,"E07000082","Stroud",110509,76523.2150896673,29492.6251967446,NA,4564.07248123823,23644.0210004443,6272.74860083141,140496.682368926,1.27135963920519
2007,"E07000082","Stroud",111069,86235.8925787689,34153.8843008806,NA,4189.02582783154,24961.9152857375,6407.26868802473,155947.986681243,1.40406402039492
2008,"E07000082","Stroud",111375,84663.5572063103,32479.1590595803,4882.90320110277,3922.80594271711,28178.0886812682,6410.77691836422,160537.291009343,1.44141226495482
2009,"E07000082","Stroud",111853,87435.7976595312,37085.6845921962,5049.94094126812,6196.06875762092,26844.2568351172,6583.35449464842,169195.103280382,1.51265592590616
2010,"E07000082","Stroud",112491,83735.0719613127,40718.7068340692,8419.45378616623,4320.77639678369,29754.0290407122,6761.61234613203,173709.650365176,1.54420931776921
2011,"E07000082","Stroud",113074,69645.0050577564,33593.752791711,256.656050838307,8443.75929525697,27316.8269314662,7380.65691998349,146636.657047012,1.29682028624628
2012,"E07000082","Stroud",113407,60573.1969210383,34251.4701203555,257.804812558949,642.318216387476,33115.4963916601,6819.68114098596,135659.967602986,1.19622216973367
2013,"E07000082","Stroud",114094,59382.4337224136,28159.3377456231,166.633699639745,21977.3935728325,14629.6764599585,11208.1403824351,135523.615582902,1.18782421146513
2014,"E07000082","Stroud",115274,60354.4300199922,28484.502532943,171.854153487026,18757.341753591,15496.5633595373,11823.8295711079,135088.521390658,1.17189063787722
2015,"E07000082","Stroud",116774,66138.2939173801,25996.9575386987,122.34732732334,14621.8907448581,16258.0690674254,11313.2512392171,134450.809834903,1.15137624672361
2016,"E07000082","Stroud",117472,69055.9123379522,24420.113116159,0,10461.5967125345,16886.7743903809,11312.5626117408,132136.959168767,1.1248379117472
2017,"E07000082","Stroud",118130,67650.177358833,23773.3799190943,22.9437433434319,6216.64896304799,17378.5972499717,11142.7605991667,126184.507833457,1.06818342363038
2018,"E07000082","Stroud",119019,70046.8859109979,20929.1900220659,22.9186877918044,0,23559.7131249231,11130.5922267575,125689.299972536,1.05604399274516
2002,"E07000205","Suffolk Coastal",115729,13157.5567843055,23786.4379116456,NA,29521.6965514788,39039.0119867354,6468.22757156686,111972.930805732,0.96754426985226
2003,"E07000205","Suffolk Coastal",116845,17584.7942055274,24542.539779398,NA,38651.1430376515,36423.5866074364,6914.59122874988,124116.654858763,1.06223334210932
2004,"E07000205","Suffolk Coastal",118198,21428.0902803274,26294.0101293451,NA,43912.1314884768,34874.8767078758,6926.83192978535,133435.94053581,1.12891876796401
2005,"E07000205","Suffolk Coastal",119619,21552.0271281116,27841.612767738,NA,42248.4011423871,41982.0508055606,7346.11644839698,140970.208292194,1.17849345247991
2006,"E07000205","Suffolk Coastal",121027,77225.1001577612,32803.7100308552,NA,5537.85338731452,28686.8411320116,6570.77057617706,150824.27528412,1.24620353544349
2007,"E07000205","Suffolk Coastal",123006,84609.3261001997,35189.8154140767,NA,5140.27369617454,30628.6030735647,6791.53588551831,162359.554169534,1.3199319884358
2008,"E07000205","Suffolk Coastal",123841,78023.1818301444,34053.5043018249,5276.28107729006,4861.4229885154,34921.7336116291,6976.27162251452,164112.395431918,1.32518629074312
2009,"E07000205","Suffolk Coastal",123841,84124.0999773038,39094.5502692211,5516.24528845712,7708.26514969026,33395.7459700383,7155.77202189414,176994.678676605,1.42920905577801
2010,"E07000205","Suffolk Coastal",124262,83705.7338226681,41697.5918262484,7614.56093572163,5375.37430522559,37021.0480844669,7344.74554957623,182759.054523907,1.47075577830638
2011,"E07000205","Suffolk Coastal",124590,79999.1156282485,40000.7131043248,364.091998307158,10046.2343285401,32502.5979609194,7833.40643417021,170746.15945451,1.37046439886436
2012,"E07000205","Suffolk Coastal",124652,73591.7615126596,39846.2265304953,369.531199423582,767.299567959694,39584.7989306798,7273.78496783579,161433.402709054,1.29507270408059
2013,"E07000205","Suffolk Coastal",125212,70916.5207734248,33660.9571757057,180.200569685966,26731.6021058811,22189.1344415392,11945.1367246319,165623.551790869,1.32274503874124
2014,"E07000205","Suffolk Coastal",125889,69486.6732520852,33534.8450435623,164.291724298619,22650.4158699204,15423.1343382281,12504.3126509261,153763.672879021,1.22142262532088
2015,"E07000205","Suffolk Coastal",126580,68465.9055118531,30009.6205228062,132.211428128185,17446.6773879481,22852.6902026657,11975.3759759487,150882.48102935,1.19199305600687
2016,"E07000205","Suffolk Coastal",127836,64937.7759097414,28789.7047186075,106.363364062968,12915.4757280261,28315.3069564349,11976.6849748727,147041.311651746,1.150233984572
2017,"E07000205","Suffolk Coastal",129016,60890.4348767018,26385.4039571771,21.716904216503,8300.15522247674,25799.2412804599,11843.0585723759,133240.010813408,1.03274020907026
2018,"E07000205","Suffolk Coastal",129938,59932.2449522514,24670.8212155727,21.7546575335242,0,36320.3277437658,11902.881008126,132848.029577249,1.02239552384406
2002,"E08000024","Sunderland",283037,48048.3172754292,104659.650019803,NA,159515.721981209,96185.582780171,22985.982966645,431395.255023257,1.52416558620695
2003,"E08000024","Sunderland",281528,73569.7096807627,103871.585195339,NA,186454.384393082,89041.2970248671,24990.8123740492,477927.7886681,1.69762080030441
2004,"E08000024","Sunderland",280113,83598.0240756617,117923.738044031,NA,205286.98721014,84408.6066758013,25162.4568549977,516379.812860632,1.84346964568096
2005,"E08000024","Sunderland",279199,91454.5839285313,116346.711879353,NA,203339.52559542,102093.107359358,26068.1622681696,539302.091030831,1.93160466559992
2006,"E08000024","Sunderland",278370,235251.937132001,117558.915734187,NA,27878.5109704667,144424.074832657,21113.5641052318,546227.002774544,1.96223372768094
2007,"E08000024","Sunderland",277834,243088.094978229,123895.784747327,NA,25274.0737246926,150603.757980923,21406.5822688195,564268.29369999,2.03095479207005
2008,"E08000024","Sunderland",276812,239703.985011176,128634.76948393,25382,22849.9365107606,164142.74934964,21544.6406692607,602258.081024767,2.17569354299946
2009,"E08000024","Sunderland",276209,240140.079096626,145878.273932726,28945.330683278,35760.0622029268,154931.010148407,21820.7005457989,627475.456609763,2.27174153126713
2010,"E08000024","Sunderland",275980,225884.309060376,163673.967651416,35938,24615.563856792,169516.417222407,22202.4098419837,641830.667632975,2.32564195823239
2011,"E08000024","Sunderland",275330,226053.442201452,157247.739733135,773,45025.2277944824,145662.742627539,24091.0527457039,598853.205102312,2.17503797298628
2012,"E08000024","Sunderland",275764,210589.830205683,161880.110895938,172,3410.17965881236,175917.228563736,22266.0125476329,574235.361871802,2.08234345988527
2013,"E08000024","Sunderland",276089,190053.115987881,132477.981705422,51,117822.62326762,78810.0593577509,46229.4911648289,565444.271483503,2.04805070641533
2014,"E08000024","Sunderland",276782,177383.717313151,132516.505708811,51,98381.3239824869,81155.9724307547,45990.7358767895,535479.255311993,1.93466069076744
2015,"E08000024","Sunderland",276813,173424.050199077,133343.207918393,39,73587.0060266608,86749.591191062,43711.8173898762,510854.672725069,1.84548656575041
2016,"E08000024","Sunderland",277307,173257.91333687,130539.406465593,14,60475.7186610287,86860.3563591459,43341.2644721341,494488.659294772,1.78318130914392
2017,"E08000024","Sunderland",277249,168083.305962543,123061.645496129,14,47386.9517076893,90394.9747126701,42609.1708335404,471550.048712572,1.70081785222876
2018,"E08000024","Sunderland",277417,169973.373828215,116086.632130495,14,38505.4861370098,94418.0464944987,42398.5818150613,461396.12040528,1.66318617966916
2002,"E07000214","Surrey Heath",80358,9263.02667743933,10248.71542995,NA,11983.6739545736,27413.0952719845,4129.34989692979,63037.8612308773,0.78446279438111
2003,"E07000214","Surrey Heath",80938,11119.1974304979,11290.5777710031,NA,18084.2688022101,25579.9634785947,4108.68641874942,70182.6939010552,0.867116730102735
2004,"E07000214","Surrey Heath",81631,12054.5746388744,12969.5997838786,NA,21918.5977109155,24543.6526444361,4214.2037662584,75700.6285443631,0.927351478535888
2005,"E07000214","Surrey Heath",82321,12350.3858176251,14727.169557027,NA,20309.0943392353,29491.7293169034,4438.79198362352,81317.1710144143,0.987805918470552
2006,"E07000214","Surrey Heath",83284,49448.8237340477,15810.3992340519,NA,2433.22989247729,12607.9538066992,4750.03860769956,85050.4452749757,1.02120989956025
2007,"E07000214","Surrey Heath",84214,55769.6074856773,16681.8298262475,NA,2213.87228731361,13190.6680987077,4859.34992638999,92715.3276243361,1.10094910138856
2008,"E07000214","Surrey Heath",84345,55528.1320344635,17159.9231400363,2971.60187803036,2067.20654983237,14852.2919251396,4915.07482961163,97494.2303571138,1.15589816061549
2009,"E07000214","Surrey Heath",85142,56059.4963934397,19481.5912675715,3071.06777442049,3216.82204702491,13935.4725137272,5055.92861767228,100820.378613856,1.18414388449715
2010,"E07000214","Surrey Heath",85843,60158.9699565821,24473.2205632597,1472.39726986225,2197.40696337906,15136.2790627854,5182.28186433873,108620.555680207,1.26533969782285
2011,"E07000214","Surrey Heath",86378,58963.98935058,21742.2823800586,139.149157937477,4234.06567920329,13698.1722553148,5327.76182679257,104105.420649887,1.20523073757076
2012,"E07000214","Surrey Heath",86700,56591.1499030633,22041.6164262626,159.524617017148,328.545965809067,16956.3984979625,4927.68131700998,101004.916727125,1.16499327251585
2013,"E07000214","Surrey Heath",87134,52394.6099367839,17996.502634005,0,13472.8314566048,9896.61309758989,7628.46039114974,101389.017516133,1.1635987962923
2014,"E07000214","Surrey Heath",87814,51118.6758700965,18608.2892375622,52.2767488907692,11645.9888754784,10720.5436652507,8001.88804521968,100147.662442498,1.14045211973601
2015,"E07000214","Surrey Heath",88385,51383.4501229122,17895.9530093434,13.8716220481038,9372.66428945514,9155.74184096992,7623.88871118799,95445.5695959167,1.07988425180649
2016,"E07000214","Surrey Heath",88705,50012.6926447725,17386.9017668736,14.7972363068565,5395.4214060473,9500.48475726445,7556.50541595114,89866.8032272159,1.01309738151419
2017,"E07000214","Surrey Heath",88765,48343.2825420287,16637.1157315191,13.6294134669005,2096.5332935129,10468.8223358904,7438.06518234301,84997.4484987611,0.957555889131539
2018,"E07000214","Surrey Heath",88874,48306.4119583278,16337.2851027308,5.82567772666383,0,16647.3101180402,7418.32839132254,88715.161248148,0.998212764679749
2002,"E09000029","Sutton",181265,44509.2946766909,42884.2225727567,NA,76813.1851276816,59523.9914789476,24963.3457205832,248694.03957666,1.3719915018159
2003,"E09000029","Sutton",181267,95944.3447540352,49648.5071164033,NA,92590.1517837426,57049.9019360452,26532.4830890338,321765.38867926,1.77509082557366
2004,"E09000029","Sutton",181094,95409.0144958851,74974.0509102308,NA,105346.939848481,54718.7433850012,27363.2667803082,357812.015419906,1.97583583895605
2005,"E09000029","Sutton",182103,92233.1485569441,77139.9645251123,NA,105930.057903907,64468.0499298511,28511.5460712974,368282.766987112,2.02238714896027
2006,"E09000029","Sutton",182882,204315.741399282,86808.8193561973,NA,11910.8810776768,61705.5106106024,24100.9510992949,388841.903543053,2.12619013103014
2007,"E09000029","Sutton",184174,225980.297914089,87823.8567349232,NA,10839.6317948994,64589.1046193312,24578.4518757653,413811.342939008,2.24684995134497
2008,"E09000029","Sutton",185860,214344.878023379,94273.0983488436,7240,9757.02070413039,70084.9863780329,25058.821765194,420758.80521958,2.26384808576122
2009,"E09000029","Sutton",188167,247016.608181156,106889.732018406,8318.42651733174,15199.156657636,65849.8583830421,25672.1189630239,468945.900720596,2.49217929137732
2010,"E09000029","Sutton",189321,254694.868539892,112508.049861099,10141.8933522876,10404.6201420456,71651.4375771491,26179.5537966593,485580.423269133,2.56485241082148
2011,"E09000029","Sutton",191123,250002.321441391,101822.232418504,878.392941135173,19369.7266046163,62664.1100807164,26270.7941631857,461007.577649549,2.41209889782783
2012,"E09000029","Sutton",193476,204018.625137971,100946.428887667,124.601141459938,1476.11873905758,76167.3790301237,24487.3027786213,407220.4557149,2.10475953459292
2013,"E09000029","Sutton",195787,189848.3365402,89289.8986532514,56,52741.3431701115,54001.6283606048,45585.1163743258,431522.323098494,2.2040397120263
2014,"E09000029","Sutton",197954,189184.998865728,89226.4291012083,58,46197.1635796809,55692.808308033,46447.3389911092,426806.738845759,2.15609050004425
2015,"E09000029","Sutton",199870,161883.097599914,85894.0634561488,37,37801.6190196529,55302.7398917494,44135.6743114344,385054.1942789,1.92652321148196
2016,"E09000029","Sutton",201945,156275.106059198,73130.8795239359,1,28622.4154564049,56371.7475783266,43858.6329046546,358259.78152252,1.77404630727436
2017,"E09000029","Sutton",203243,150329.559992911,62164.4769224389,13,16830,88247.3348808686,43344.7372716445,360929.109067863,1.7758501353939
2018,"E09000029","Sutton",204525,142791.49235921,57325.1005273357,15,0,111703.853749944,39224.4295909523,351059.876227442,1.71646437466052
2002,"E07000113","Swale",124172,21036.9143458875,37308.3560449074,NA,43169.2534410237,41545.8619632366,8004.53608602908,151064.921881084,1.21657798763879
2003,"E07000113","Swale",125348,24695.3662075419,37089.1729512829,NA,52346.3809689272,39214.3394260981,8311.62272083889,161656.882274689,1.28966463186241
2004,"E07000113","Swale",125890,26913.1918909493,46770.0294147684,NA,57169.9116606978,37513.5445700098,8258.6571290572,176625.334665483,1.40301322317486
2005,"E07000113","Swale",126516,26346.0059293014,47357.4464387013,NA,54545.5377965592,44843.1496243972,8658.95417666524,181751.093965624,1.43658583867356
2006,"E07000113","Swale",127568,90766.4872686712,52713.8867269296,NA,6385.74886837591,33078.1795402365,8002.23072316434,190946.533127378,1.4968215628322
2007,"E07000113","Swale",129721,98044.4627281401,55589.0476846461,NA,5867.72015175679,34965.7935385307,8246.90936484704,202713.933467921,1.56269172661266
2008,"E07000113","Swale",131720,95684.4956220594,60980.5541219449,5774.62121761418,5398.98364648842,38784.8595321987,8572.95623276869,215196.470373074,1.63374180362188
2009,"E07000113","Swale",133030,100525.940972026,69704.9259894116,6240.7906657219,8490.57397589263,36784.217219933,8848.79519244777,230595.244015433,1.73340783293567
2010,"E07000113","Swale",134980,100081.480994005,72877.0163186546,8389.48443596516,5894.87250544368,40592.6937024228,9148.74739523038,236984.295351722,1.75569932843178
2011,"E07000113","Swale",136324,95746.4772998798,69591.7064507792,296.545272785049,11254.6755256894,36412.461279272,9281.53821610985,222583.404044515,1.63275288316449
2012,"E07000113","Swale",137794,88952.6291805369,71527.5604307379,411.965988605217,863.991198026813,44549.2359948638,8629.97209029899,214935.35488307,1.55983101501567
2013,"E07000113","Swale",139274,90447.8625885439,60206.4335335152,225.638367867423,30193.9399934497,20277.9965521177,15088.9122311279,216440.783266622,1.55406452939258
2014,"E07000113","Swale",140901,87321.3554678201,60078.6681286661,200.340121685469,25611.4720748478,21891.228107818,15535.2792007688,210638.343101606,1.49493859590497
2015,"E07000113","Swale",142465,88952.391087038,58607.4159551777,165.184945177598,19257.520281753,24550.6753710508,14828.3461381901,206361.533778387,1.44850688785588
2016,"E07000113","Swale",144917,89882.859654815,57572.6687223074,131.04674190068,13531.653355481,22619.8919511545,14845.7803944657,198583.900820124,1.37032853854361
2017,"E07000113","Swale",146694,90186.668263951,54853.6744282809,139.934493990876,8240.66836113558,27729.1268304229,14712.3773520236,195862.449729805,1.33517696517789
2018,"E07000113","Swale",148519,90549.7977297697,47450.3726151478,181.409047298172,0,36795.5255137943,14780.6518561283,189757.756762138,1.27766653937973
2002,"E06000030","Swindon",182110,21748.0446460071,22520.8530848682,NA,54838.4112696986,60355.0086297296,10234.0891554473,169696.406785751,0.931834642720064
2003,"E06000030","Swindon",184368,29249.0589188147,23603,NA,71776.5975660129,57186.8627274067,11297.8749831941,193113.394195428,1.04743444738473
2004,"E06000030","Swindon",186390,32480.1977499463,44433.712875971,NA,80925.7902764615,54765.5888178661,11480.1912933126,224085.481013557,1.20223982517065
2005,"E06000030","Swindon",189684,40091.6339654095,49326.9671103031,NA,78190.8443139642,65650.7729921931,12088.2778223002,245348.49620417,1.29345910147493
2006,"E06000030","Swindon",192345,137386.063190249,50553.0507837612,NA,8836.55868694008,45777.3154922775,10979.621208729,253532.609361957,1.31811385459438
2007,"E06000030","Swindon",196942,143127.520171769,58074.6057547447,NA,8079.2379067017,48141.2724367573,11450.4398339458,268873.076103919,1.36523989856871
2008,"E06000030","Swindon",201521,146294.216797952,60239.7133857846,13060,7376.92932793691,52993.3220534788,11898.2680718809,291862.449637034,1.44829794233372
2009,"E06000030","Swindon",204371,149288.719029865,75532.600762649,13854,11418.8600171067,49470.4358632775,11750.6579449307,311315.273617829,1.52328497496136
2010,"E06000030","Swindon",206939,155594.515063399,86316.8621374077,16955,7841.55060120684,53999.8818040045,12144.2630335323,332852.072639551,1.60845501640363
2011,"E06000030","Swindon",209709,138172.705484278,81285.6738203699,578,15264.3312612934,49382.7870525768,12759.5345088213,297443.03212734,1.41836083395248
2012,"E06000030","Swindon",211918,117445.080245982,83653,0,1181.20199410016,60959.5916159528,11899.5289446483,275138.402800683,1.29832483696846
2013,"E06000030","Swindon",214028,108928.947682721,72637,0,44317.5517314922,30321.0471842626,19819.0694744063,276023.616072882,1.28966124092587
2014,"E06000030","Swindon",215991,111362.338313699,74841,0,37844.9868317938,31088.8273359113,20622.0161358702,275759.168617274,1.27671601417316
2015,"E06000030","Swindon",217584,117231.548528406,66614,0,29642.9272381956,29490.3521203958,19640.9905292811,262619.818416278,1.20698129649367
2016,"E06000030","Swindon",218580,116282.955548339,62445,0,22016.2222009489,32122.0719232645,19496.6767114037,252362.926383956,1.15455634725938
2017,"E06000030","Swindon",220363,122491.475314737,49883,0,14422.2389067275,34357.4032620646,19252.0718796325,240406.189363162,1.09095532990185
2018,"E06000030","Swindon",221996,121312.397657858,44513.9146126712,0,9617.37051104047,38540.0427439544,19296.3192567286,233280.044782253,1.05082994640558
2002,"E08000008","Tameside",213211,40945.8815502768,65885.230478271,NA,109639.863937026,72900.9517813392,17214.461929111,306586.389676024,1.43794827507035
2003,"E08000008","Tameside",213470,106843.610498886,9141.76779309489,NA,134303.241401112,67484.287114126,18445.6452233653,336218.552030584,1.57501546835895
2004,"E08000008","Tameside",213667,117080.580400761,8530.73453731971,NA,145555.53797232,64359.5340554689,18749.887799284,354276.274765154,1.65807670236936
2005,"E08000008","Tameside",213474,123991.369093877,10009.5274060034,NA,144936.014263735,76975.0038704318,19412.5627897998,375324.477423846,1.75817419181655
2006,"E08000008","Tameside",214187,253120.98964047,12431.2020753139,NA,17591.1008844965,91128.9867650817,18311.4764024537,392583.755767816,1.83290188371757
2007,"E08000008","Tameside",214750,203224.990107438,85391.5746013556,NA,16197.1715438085,96513.9294225125,18624.9182738986,419952.583949013,1.95554171803964
2008,"E08000008","Tameside",216360,193481.648952465,90652.4262381742,14775.5081581843,14977.1324614782,107586.503293693,19217.8366241006,440691.055728095,2.03684163305646
2009,"E08000008","Tameside",217417,193374.118730617,99821.1357991206,16685.0964841337,23751.5264851981,102904.826203021,19682.7542984727,456219.458000563,2.0983614804756
2010,"E08000008","Tameside",218774,187864.742221643,106200.408083729,21244.6976866763,16528.6186744437,113825.973030696,20171.8060425097,465836.245739697,2.12930350836798
2011,"E08000008","Tameside",219727,183197.108219452,106559.586001417,556,30767.1537317168,99538.042251654,20330.7856464583,440948.675850697,2.00680242232724
2012,"E08000008","Tameside",220201,193410.251034565,111077.167827371,470,2342.17307173342,120825.238752681,18767.4572023823,446892.287888732,2.02947437972004
2013,"E08000008","Tameside",220545,197782.622623612,93491.2955278135,139,77345.0679517625,52844.1706919883,36351.5324137336,457953.68920891,2.07646371130114
2014,"E08000008","Tameside",220696,204815.751784443,95840.0646553287,63,63461.0408197726,55017.7485256159,36935.0047159047,456132.610501065,2.06679147107816
2015,"E08000008","Tameside",221507,196252.672649079,88840.7813967742,37,46808.9425864111,57612.0966126934,35073.0924932562,424624.585738214,1.91698043735961
2016,"E08000008","Tameside",223109,198298.980709921,84353.4905449022,0,36855.0713959503,54191.7932785874,34798.1311191854,408497.467048546,1.83093226650895
2017,"E08000008","Tameside",224119,198684.521641159,79884.778327061,0,15925.9236111632,93617.4694549341,19925.6820543383,408038.375088655,1.82063267767862
2018,"E08000008","Tameside",225197,188001.160510195,78431.7636466874,0,1596.39738118425,92052.7690115336,34270.6595795516,394352.750129152,1.75114566414807
2002,"E07000199","Tamworth",74519,8245.40153103335,9950.66672097682,NA,20113.5080295698,24777.2287234755,4326.15154920136,67412.9565542568,0.904641186197572
2003,"E07000199","Tamworth",74544,10431.6145399232,10635.4868485991,NA,26287.14844667,23441.0233744227,4552.21367266235,75347.4868822773,1.01077869288309
2004,"E07000199","Tamworth",74424,10874.5395919196,18437.0900089949,NA,29948.0159776224,22288.3216505146,4555.80027575377,86103.7675048052,1.15693549802221
2005,"E07000199","Tamworth",74724,12618.5305820344,19979.3427680333,NA,28577.2416581803,26607.2256533747,4776.12773610827,92558.468397731,1.23867122206695
2006,"E07000199","Tamworth",75078,49085.2132112903,22003.0502107457,NA,3458.59941867966,17916.6056881827,4458.63958557161,96922.1081144699,1.29095218458763
2007,"E07000199","Tamworth",75407,52532.4937401267,22326.9838436069,NA,3177.54218766521,18931.8151731257,4538.06556905107,101506.900513576,1.34612039351221
2008,"E07000199","Tamworth",75824,51448.3359392258,23835.9613858101,2994.68851578849,2978.04612654217,21394.6367040343,4692.52622477163,107344.194896172,1.41570208504131
2009,"E07000199","Tamworth",76255,52855.7934229127,28063.2495045739,3361.44336538804,4744.07417104049,20554.7427444928,4824.00260684236,114403.30581525,1.50027284525933
2010,"E07000199","Tamworth",76582,54485.8507245029,31722.4900051018,4372.6314062219,3312.96412257648,22815.3190697126,4942.68466018031,121651.939988296,1.58851871181604
2011,"E07000199","Tamworth",76895,52509.7054463104,29163.8125171211,231.660664637347,6082.33477661204,19676.890619264,5193.15096083368,112857.554984779,1.46768391943271
2012,"E07000199","Tamworth",77105,49268.2839249264,29553.3661628213,197.356579921811,466.979641030488,24102.729096431,4802.16695210064,108390.882357232,1.40575685568033
2013,"E07000199","Tamworth",77096,49212.4723413386,24047.7045341164,109.869222500896,15906.5821128791,10381.8095888661,8178.14530577735,107836.583105478,1.39873123256042
2014,"E07000199","Tamworth",77032,50146.5608298501,23929.4221361174,49.9887843511228,13390.2937577442,11356.9026495013,8561.46119014139,107434.629347706,1.39467532126526
2015,"E07000199","Tamworth",77108,48187.1504274424,22307.7947922735,36.5790021875138,10294.6018487217,12461.2155655375,8191.95316685699,101479.294803019,1.31606700735358
2016,"E07000199","Tamworth",77010,43730.8916972802,21228.2737866245,26.3979432845123,7475.16129531746,11027.6054554552,8139.65398285315,91627.9841608149,1.18981929828353
2017,"E07000199","Tamworth",76527,42145.13435149,19533.896391018,25.3969546120059,4769.17943712138,12709.5432228989,7943.51133854199,87126.6616956823,1.13850878377151
2018,"E07000199","Tamworth",76678,39547.8640913343,16599.8809426664,140.915369712038,3085.62596297775,12529.477510945,7925.06286183129,79828.8267394667,1.04109166565986
2002,"E07000215","Tandridge",78906,9104.14528746394,7578.55444032499,NA,11105.341086881,26795.8492437743,4054.73609307278,58638.626151517,0.743145339410399
2003,"E07000215","Tandridge",79002,10702.8515827448,8802.75748183527,NA,16874.780448148,25001.1249936487,4010.40851582745,65391.9230222042,0.827724905979648
2004,"E07000215","Tandridge",79050,11349.9470324145,13554.1462546778,NA,20560.4144142283,23831.3081861386,4080.95953403396,73376.7754214931,0.928232453149818
2005,"E07000215","Tandridge",79373,11919.2478043556,15488.2106661715,NA,18936.1760910111,28477.1113697668,4279.83425998408,79100.5801912891,0.996567852938519
2006,"E07000215","Tandridge",80027,58593.7144945564,7899.6809051375,NA,2263.40356617454,11724.9412526862,4564.27812855258,85046.0183471073,1.062716562499
2007,"E07000215","Tandridge",80983,53883.408210186,18934.3738074311,NA,2068.83107848479,12326.8596389869,4672.91347149928,91886.3862065881,1.13463796360456
2008,"E07000215","Tandridge",81543,53455.6985533968,19747.3283609933,2850.64725757578,1943.96660967433,13967.5814268974,4751.79259981055,96717.0148083482,1.18608605040712
2009,"E07000215","Tandridge",82099,54104.044835745,22785.6242568456,2939.12894003134,3020.12536983743,13084.1949320487,4875.22824906951,100808.346583578,1.22788763058719
2010,"E07000215","Tandridge",82756,57676.7908126104,27583.1867820686,1351.96566365016,2063.4301068392,14210.8985720427,4995.92183364067,107882.193770852,1.30361778929445
2011,"E07000215","Tandridge",83178,56758.1807891193,25767.2441571756,133.994172809321,4007.14254862084,12965.0259308224,5130.38705722467,104761.974655772,1.25949138781615
2012,"E07000215","Tandridge",83642,54741.2277530799,26979.9402436615,203.898016338504,312.179880878916,16097.1710630517,4753.87682488292,103088.293781893,1.23249436625013
2013,"E07000215","Tandridge",84616,51622.7469691613,22542.3675130141,0,12999.0232346968,8352.39851109401,7408.01299673522,102924.549224701,1.21637218994873
2014,"E07000215","Tandridge",85340,49427.6604271988,23229.1191784176,50.8039464133082,11329.3415700609,9360.93172378543,7776.44937913143,101174.306225007,1.18554378046646
2015,"E07000215","Tandridge",85914,51051.4340087105,23903.8593069494,13.4838098844916,9221.24370384397,8638.23309979171,7410.74588146184,100238.999810642,1.16673650174176
2016,"E07000215","Tandridge",86527,49071.1732875738,22076.2371138298,14.4339154041302,5443.71156080328,9356.62240676198,7370.96831211324,93333.1465964862,1.07865922309206
2017,"E07000215","Tandridge",87297,48274.2640575844,19865.1380613353,13.404009546781,2061.86072127297,9452.27610495385,7315.05408914547,86981.9970438388,0.996391594715039
2018,"E07000215","Tandridge",87496,48416.06130821,19474.5663450338,5.73535002781667,0,12357.2291118667,7303.30648926747,87556.8986044058,1.00069601586822
2002,"E07000190","Taunton Deane",104117,13889.809153221,16253.8517761385,NA,27535.0023852964,34129.8357912249,6317.4969619887,98125.9960678696,0.942458926667783
2003,"E07000190","Taunton Deane",105172,19063.9192041803,15189.212255935,NA,35274.388334855,32794.4178419645,6794.73017366596,109116.667810601,1.03750682511125
2004,"E07000190","Taunton Deane",105945,21530.7595983622,25233.8451622558,NA,38871.9821632069,31580.7980053001,6904.65484628751,124122.039775413,1.1715705297599
2005,"E07000190","Taunton Deane",106814,24367.7776777474,27136.654091973,NA,36985.6877340758,38025.1280961386,7315.6813109266,133830.928910861,1.25293434297809
2006,"E07000190","Taunton Deane",107353,74033.100250899,29147.6886720593,NA,4834.04224415998,25040.2651651439,6850.71204580517,139905.808378067,1.30323147353187
2007,"E07000190","Taunton Deane",108231,77189.9313670309,32547.7475323183,NA,4554.46171438085,27139.1320125966,7021.33328257053,148452.605908897,1.37162740720216
2008,"E07000190","Taunton Deane",108801,77262.2823469124,33042.895622332,4524.71647693982,4337.73898986661,31157.2134059276,7238.90590942209,157563.752751401,1.44818294640123
2009,"E07000190","Taunton Deane",109312,76926.8921904059,37236.0395927745,8384.72727272727,6966.65681427384,30181.6492701981,7468.07365050118,167164.038790881,1.52923776704187
2010,"E07000190","Taunton Deane",109946,75502.0220482782,43839.939599969,7583.63144403519,4921.67610510004,33891.5384934018,7700.36382374283,173439.171514527,1.5774941472589
2011,"E07000190","Taunton Deane",110555,64852.2309957759,40621.8329837192,141,9336.11891684279,30204.530889458,8346.87313050313,153502.586916299,1.38847258754737
2012,"E07000190","Taunton Deane",111431,59465.5654271192,41571.9181799863,141,724.153856878763,37332.4630380164,7770.18929163911,147005.28979364,1.31924948886432
2013,"E07000190","Taunton Deane",112201,64436.8758572841,35505.3156955254,0,23639.1317586175,16901.5205178807,12197.6492755382,152680.493104846,1.36077658046582
2014,"E07000190","Taunton Deane",112909,60738.8296237523,36103.247427624,0,19823.0945658852,17002.4872133972,12748.4451389505,146416.103969609,1.2967620293299
2015,"E07000190","Taunton Deane",114241,62694.7131393152,33915.7981624133,34,14945.0424666802,17129.7000982958,12152.6746210561,140871.928487761,1.23311182927111
2016,"E07000190","Taunton Deane",115969,63432.7449419941,32658.3734039838,104.098415801366,10943.8058131041,17158.2833169921,12144.3473474282,136441.653239304,1.17653556760258
2017,"E07000190","Taunton Deane",117423,68816.5487404154,26339.0636799623,0,6820.08503313491,18026.4566886054,12051.5788030108,132053.732945129,1.12459852793004
2018,"E07000190","Taunton Deane",118979,69699.0486555936,24171.9559558276,0,4195.4569941101,20238.204224724,12093.6431816336,130398.309011889,1.09597751714075
2002,"E07000045","Teignbridge",121810,20885.2823831827,16773.2092527872,NA,31024.15609817,40354.0600313877,7282.7893921271,116319.497157655,0.954925680630939
2003,"E07000045","Teignbridge",122424,18923.2921239449,22394.6017220902,NA,38631.4477292399,38386.6762760824,7794.10131626615,126130.119167624,1.03027281552329
2004,"E07000045","Teignbridge",122964,20506.761676799,31322.2149771956,NA,42815.1968754433,36825.6019511859,7939.87860098677,139409.654081611,1.13374364921124
2005,"E07000045","Teignbridge",123460,22362.2688563084,35097.8147259785,NA,41147.726017593,43967.8677473913,8234.03242049547,150809.709767767,1.22152688941979
2006,"E07000045","Teignbridge",123508,78686.0850916104,36768.1451973506,NA,5983.41540849127,30995.1641689544,7609.04990741344,160041.85977382,1.2958015656785
2007,"E07000045","Teignbridge",124066,83963.7732844029,38259.8910922842,NA,5467.98055017091,32581.5854540705,7801.46837229558,168074.698753224,1.35472005830142
2008,"E07000045","Teignbridge",124396,80598.8970946715,39969.5299855904,6076.0246323594,5152.69638881435,37012.4984079556,7992.07993229704,176801.726441688,1.42128144346835
2009,"E07000045","Teignbridge",124451,82759.4222982264,45172.729851452,6196.77651055078,8181.85426656298,35449.8329224687,8110.49375861737,185871.109607878,1.49352845383226
2010,"E07000045","Teignbridge",124359,78048.9506140594,50249.8407464364,8622.21786027304,5726.65198497817,39437.6153041211,8326.87386976408,190412.150379632,1.53114893477458
2011,"E07000045","Teignbridge",124271,68413.9212102986,46598.9854301607,407.344378628584,10870.4144461834,35168.3760553483,8842.96369374355,170302.005214363,1.37040826270299
2012,"E07000045","Teignbridge",125047,67976.7379392692,47697.9315417216,450.066439871359,839.009788243603,43299.138326622,8207.45075805744,168470.334793785,1.3472561100529
2013,"E07000045","Teignbridge",126088,71255.9044346346,38428.4890059247,0,28443.289102726,19615.5252945306,13629.2749405986,171372.482778414,1.3591498221751
2014,"E07000045","Teignbridge",127432,69110.0007104407,39590.9033381181,152.478063350168,24189.647034668,20109.714411892,14279.038686237,167431.782244706,1.31389119094659
2015,"E07000045","Teignbridge",128903,72395.6569782478,37642.87797494,112.313626512482,18058.0980328798,21580.4976980064,13657.7002821182,163447.144592705,1.26798557514336
2016,"E07000045","Teignbridge",129917,72039.7346144803,36983.0222538651,85.7404725800591,12150.772065315,21722.1911368918,13592.338786368,156573.7993295,1.20518330418267
2017,"E07000045","Teignbridge",131437,72299.3810212916,35056.0691107777,91.0007673046898,6944.57605680593,22287.3056302274,13450.3244132969,150128.656999704,1.14221000935585
2018,"E07000045","Teignbridge",132844,67924.9965093232,33220.8715898273,120.43532012383,552.643888307534,30382.6005357451,13491.8698166566,145693.417659984,1.09672561545861
2002,"E06000020","Telford and the Wrekin",159401,20086.3419959976,41981.0844596862,NA,61241.7223123687,50454.7762706206,8470.71439534856,182234.639434022,1.14324652564301
2003,"E06000020","Telford and the Wrekin",159848,27474.4471070553,44548.5500145805,NA,74803.4525275743,50292.0116163782,9145.25677822186,206263.71804381,1.29037409316232
2004,"E06000020","Telford and the Wrekin",160603,29027.926967308,49198.6689616926,NA,85094.297280567,48605.9771614881,9426.82840109579,221353.698772151,1.37826627629715
2005,"E06000020","Telford and the Wrekin",161535,33578.8029083417,51269.4943890939,NA,87086.334876894,57916.870353579,9702.48395696159,239553.98648487,1.48298502791884
2006,"E06000020","Telford and the Wrekin",162710,125478.444489881,54781.6511946354,NA,10255.1421488716,53128.2429127502,8798.89588915114,252442.376635289,1.55148655052111
2007,"E06000020","Telford and the Wrekin",163368,133453.072791527,60343,NA,9508.25082560926,56659.121232009,8994.50413927832,268957.948988423,1.64633189479227
2008,"E06000020","Telford and the Wrekin",164089,126377.068770418,64384,9343,9058.99285604248,65076.4266587372,9114.48493540744,283353.973220605,1.72683100768854
2009,"E06000020","Telford and the Wrekin",164889,130768.150854929,76708.3798522805,10063,14545.7146827846,63020.1829168302,9244.7016509288,304350.129957753,1.84578795406457
2010,"E06000020","Telford and the Wrekin",165641,139724.075722791,79808.1770622023,12553,10263.2862365435,70679.2698934082,9501.6614756772,322529.470390623,1.94715964278544
2011,"E06000020","Telford and the Wrekin",166831,136563.122814057,81678.9932588033,610,19026.2408686523,61554.948617946,10104.7294028747,309538.034962334,1.85539878657044
2012,"E06000020","Telford and the Wrekin",167811,134517.755634343,86597.8178374535,780,1450.27565464941,74830.9227444727,9353.15635580654,307529.928226725,1.83259695864231
2013,"E06000020","Telford and the Wrekin",168642,126675.927217485,71927.268494553,0,52688.644089616,34810.2947436507,16518.537687723,302620.672233028,1.79445613923594
2014,"E06000020","Telford and the Wrekin",169768,132794.003019209,73271,76,43655.4806073142,36289.7888883802,17503.02032996,303589.292844864,1.78825981836897
2015,"E06000020","Telford and the Wrekin",171677,136725.103316738,71882,42,32767.6652042554,39089.5424877662,16782.6916832604,297289.00269202,1.73167636137642
2016,"E06000020","Telford and the Wrekin",173727,138946.999158556,72452.8362,0,25975.2753508878,39863.7912845023,16766.2805806166,294005.182574563,1.69234018071205
2017,"E06000020","Telford and the Wrekin",175768,147526.99448182,69663,0,19179.7047667707,42377.925997563,16598.019967972,295345.645214126,1.68031521786745
2018,"E06000020","Telford and the Wrekin",177799,139584.640953923,67342,0,14704.2360657976,44364.4956181122,16664.1193656087,282659.492003442,1.58976986374188
2002,"E07000076","Tendring",139318,16976.2504648238,30979.6655573514,NA,43063.3050340166,46155.8168109917,7917.05026608707,145092.088133271,1.04144538489837
2003,"E07000076","Tendring",139909,21663.4189542899,34203.6966766436,NA,52701.5820689769,43940.6818982755,8108.58995967537,160617.969557861,1.14801742245217
2004,"E07000076","Tendring",140340,24388.8450876149,46085.9858992761,NA,58931.6526059091,41993.1128835008,8214.94648169155,179614.542957993,1.27985280716825
2005,"E07000076","Tendring",140325,26641.5387148289,49680.7154407669,NA,56530.6494765223,49946.976680018,8515.54856973468,191315.428881871,1.36337380282823
2006,"E07000076","Tendring",140423,96316.8019887695,55091.7478178089,NA,6639.12382867775,34393.2637596555,8318.56719992951,200759.504594841,1.42967679507517
2007,"E07000076","Tendring",140523,102823.186655629,57108.4424993032,NA,6086.49829230182,36267.8603232225,8465.63297159979,210751.620742056,1.49976602223163
2008,"E07000076","Tendring",140421,101769.239198006,63956.9120892086,5718.48163085178,5550.96480473655,39876.1155948922,8716.35756170518,225588.0708794,1.60651235128222
2009,"E07000076","Tendring",139593,104768.338507544,73145.7696818454,5859.98729614941,8679.84671340431,37603.8131111272,8875.37879131884,238933.13410139,1.71164122915468
2010,"E07000076","Tendring",139058,102586.969303988,82452.3354388001,7677.34881234462,5997.20309852638,41303.3187013379,9037.20747778903,249054.382832786,1.79101082161966
2011,"E07000076","Tendring",138062,93957.3689153989,78848.0894105404,438.000546327185,11053.0305310724,35759.9793801707,9390.48453538491,229446.953318894,1.66191242571377
2012,"E07000076","Tendring",138395,82898.9372428539,79424.0977247527,416.360995505599,848.77649907303,43803.3968835287,8701.98249495411,216093.551840668,1.56142600412347
2013,"E07000076","Tendring",139037,77708.8158827208,64329.5238199036,202.337852956696,31111.4111630262,20271.8674788129,13893.9800522694,207517.93624969,1.49253749900882
2014,"E07000076","Tendring",140395,74973.3447652012,64948.0949917741,135.763562229903,26420.4410986098,22377.9184368616,14339.897227271,203195.460081948,1.44731265416822
2015,"E07000076","Tendring",141790,74388.9883012138,64241.3685812791,106.931876127343,20624.3210353382,23163.759452182,13679.440035921,196204.809282061,1.38377043008718
2016,"E07000076","Tendring",143353,73698.2471968922,62231.6907710352,0,15289.8246530502,23264.4042061358,13632.8405971629,188117.007424276,1.31226418299077
2017,"E07000076","Tendring",144705,74122.6687549793,60946.5932595321,0,9808.32456995809,24393.696527689,13483.3801642405,182754.663276399,1.26294643085173
2018,"E07000076","Tendring",145803,70922.4477153512,56728.3058905211,0,6326.41282621479,26706.2818221898,13493.9723759679,174177.420630245,1.19460793420056
2002,"E07000093","Test Valley",110387,11699.3007401284,16260.349968928,NA,23916.2039676952,36989.7416013698,6690.51971960651,95556.115997728,0.865646461972225
2003,"E07000093","Test Valley",111271,14975.1021711301,16029.5166015602,NA,31367.9540053659,34999.5850484673,7058.67068987578,104430.828516399,0.938526916414872
2004,"E07000093","Test Valley",112049,17205.1220453253,18895.1166055056,NA,35888.7263166182,33613.6142963181,7262.68647111064,112865.265734878,1.0072848997749
2005,"E07000093","Test Valley",112811,18265.9133473528,20260.0744215506,NA,33244.4985140631,40311.8914160727,7489.58165659021,119571.959355629,1.05993173853285
2006,"E07000093","Test Valley",113530,71968.5564211171,22901.7428103039,NA,3821.40545025999,19796.5070388367,7000.51918094242,125488.73090146,1.10533542589148
2007,"E07000093","Test Valley",114433,76145.0586579045,23538.370044665,NA,3504.76553659644,20881.6468855073,7180.65740674455,131250.498531418,1.14696371266521
2008,"E07000093","Test Valley",115101,74361.2892027122,25688.9506672026,5760.72245461187,3240.83403022291,23281.9982547117,7344.25418977413,139678.048799236,1.21352593634491
2009,"E07000093","Test Valley",115251,79273.5339524337,30435.4346268338,4022.6548345018,5051.30830578078,21882.9458597529,7513.61486827385,148179.492447577,1.28571112135753
2010,"E07000093","Test Valley",115814,79122.505017279,32516.166747819,6104.39617570658,3473.49121672866,23916.9485724017,7693.71253477346,152827.220264708,1.31959193417642
2011,"E07000093","Test Valley",116698,79095.5707086812,33443.449823692,182.092652849443,6744.90955514751,21821.4262798077,8465.85493210952,149753.303952287,1.28325510250636
2012,"E07000093","Test Valley",117341,75535.1135743194,35535.1631064884,232.098993235661,516.501606666204,26635.7751317131,7850.56465454227,146305.217066965,1.24683799411088
2013,"E07000093","Test Valley",118805,76530.3659724789,29833.3721850796,102.211766329896,18397.2069737726,11984.6272084535,12488.1863257124,149335.970431827,1.25698388478454
2014,"E07000093","Test Valley",119835,78348.1268480337,29513.2654385249,89.6791113396516,16022.7349464798,13096.3656723567,12796.5182388549,149866.69025559,1.25060867238778
2015,"E07000093","Test Valley",121352,82432.971776303,29523.4939314396,75.744729895637,13097.2260836819,11711.6546832699,12247.7768918918,149088.868096482,1.22856539732746
2016,"E07000093","Test Valley",122823,85562.6331548838,30209.5955550607,0,9119.85883173722,15756.8493830622,12231.6570376303,152880.593962374,1.24472284476339
2017,"E07000093","Test Valley",123957,88247.0438767452,25977.7218704221,0,5033.12378790263,16724.4930441187,12123.5230426286,148105.905621817,1.19481679632306
2018,"E07000093","Test Valley",125169,88952.9320596356,25345.1497192505,0,2496.07771958519,18653.3525393014,12203.1049716913,147650.617009464,1.17961010321616
2002,"E07000083","Tewkesbury",77248,10341.0420676323,14187.4532620113,NA,18838.7580735994,25582.5023523908,4589.5085877711,73539.2643434049,0.951989233940101
2003,"E07000083","Tewkesbury",77673,15598.046621967,15783.6970020078,NA,25359.6294114857,24432.4005947854,4911.85899406444,86085.6326243103,1.10830832624349
2004,"E07000083","Tewkesbury",77932,17229.5482457596,16299.7764568028,NA,28780.3993985761,23357.3486250548,4929.94162136487,90597.0143475581,1.16251365738795
2005,"E07000083","Tewkesbury",78275,16932.5785757868,17454.6457303418,NA,27470.3702479425,27860.7306728282,5137.12420351252,94855.4494304118,1.21182305244857
2006,"E07000083","Tewkesbury",78930,54017.6448436548,18729.2570268399,NA,3304.46397980376,17117.6187510978,4480.25090321714,97649.2355046134,1.23716249214004
2007,"E07000083","Tewkesbury",79404,61706.0393208237,23380.6924796939,NA,3034.01449399144,18076.5478967912,4580.60091388161,110777.895105182,1.3951173127951
2008,"E07000083","Tewkesbury",79755,60490.0052075356,22799.8986827998,3519.61903303211,2838.4187471282,20389.1285546536,4590.72065655792,114627.790881707,1.43724896096429
2009,"E07000083","Tewkesbury",80553,63208.3238077496,25485.4638226528,3659.80806631893,4492.71013412817,19467.5002980626,4741.12410581222,121054.930234724,1.50279853307418
2010,"E07000083","Tewkesbury",81535,60699.44166525,28549.6001966009,6107.81675382976,3144.45210293942,21656.3677968413,4900.90818502702,125058.586700488,1.5338024983196
2011,"E07000083","Tewkesbury",82269,50879.1916983264,23730.3375525875,356.734675048346,6199.20698358151,20055.3343016502,5369.92822532254,106590.733436516,1.2956366728235
2012,"E07000083","Tewkesbury",83006,44645.31078882,24583.8810991405,188.695109395964,474.062552306813,24472.3354244989,4991.53008887177,99355.8150630338,1.1969714847485
2013,"E07000083","Tewkesbury",84323,44205.9236136438,20877.7590909616,123.153307401986,16269.2148775742,11382.1826575725,8283.55585278872,101141.789399943,1.19945672473635
2014,"E07000083","Tewkesbury",85798,45739.4672940584,21385.5390141874,127.910393157866,13931.341375979,15789.3813619861,8800.43140293491,105774.070842304,1.23282676568572
2015,"E07000083","Tewkesbury",86868,50116.1633241559,19602.6823734023,91.0139896717067,10808.0876156022,10034.0103768742,8415.91029380092,99067.8679735072,1.14044145109255
2016,"E07000083","Tewkesbury",88518,52435.1776451482,19617.6008820499,0,7976.60572562085,9030.40640737995,8524.29019056515,97584.0808507641,1.102420760193
2017,"E07000083","Tewkesbury",90332,52673.2517834428,19993.3799445664,17.5446899491991,5003.42063938077,13137.8484109409,8520.67934008237,99346.1248083625,1.09978883240006
2018,"E07000083","Tewkesbury",92599,55684.6731569959,17164.9321356529,17.8311662073559,0,18105.1946214869,8659.80817857244,99632.4392589155,1.07595588784885
2002,"E07000114","Thanet",127675,21861.5072005862,43279.0158734139,NA,46341.4458419185,42832.8903388544,8230.35100331607,162545.210258089,1.2731169787201
2003,"E07000114","Thanet",128140,25067.6292388743,46862.4521330806,NA,55135.4876452622,40119.1101418468,8496.75571567393,175681.434874738,1.37101166594926
2004,"E07000114","Thanet",128782,29323.2329343096,55623.4621978927,NA,59944.5048811501,38351.7104044404,8448.37860349705,191691.28902129,1.488494424852
2005,"E07000114","Thanet",129301,27046.4976893405,59135.9349803228,NA,57121.8639431605,45819.617902749,8849.56396026584,197973.478475839,1.53110554810743
2006,"E07000114","Thanet",129601,92667.1348105094,65265.3109925436,NA,6710.40382455151,34760.7364432632,8129.75906146386,207533.345132331,1.60132518369713
2007,"E07000114","Thanet",130637,98983.5711058043,67293.027700828,NA,6067.40391659833,36155.6707972729,8305.1433360483,216804.816856552,1.65959733350086
2008,"E07000114","Thanet",131750,97164.6401321464,74949.1376827076,7630.92002293249,5542.8835061103,39818.3236666199,8574.90877366592,233680.813784183,1.77366841581922
2009,"E07000114","Thanet",132337,98857.5975450272,86746.2314414851,8009.38457738584,8675.06984325117,37587.391695364,8802.69870993731,248678.373812451,1.87912959952584
2010,"E07000114","Thanet",133508,99886.3149544204,91980.4521163945,9792.73928046256,5996.37032491313,41292.5701794567,9048.9773836303,257997.424239278,1.93244917337746
2011,"E07000114","Thanet",134402,94180.793008263,89307.1159032718,1515.3643507589,11346.0449957726,36705.7869696951,9150.67999267624,242205.785220438,1.8020995611705
2012,"E07000114","Thanet",135687,88412.0785565373,88580.6045921124,1008.07340737533,869.287673531969,44839.045905011,8498.01169148438,232207.101826052,1.71134376783371
2013,"E07000114","Thanet",136792,88906.8568376875,73666.9405626076,453.617269679341,30758.2576473998,20160.1978140735,14820.0129379528,228765.883069401,1.67236302612288
2014,"E07000114","Thanet",138526,86237.1703361597,72804.507840197,196.963227348289,26036.0759585835,22155.0126675012,15273.4195397172,222703.149569507,1.60766317925521
2015,"E07000114","Thanet",139822,87264.1267368956,69798.150294352,162.120446457882,19527.0250997457,21831.067537508,14553.251772253,213135.741887212,1.52433624098648
2016,"E07000114","Thanet",140828,87034.019214228,67608.1463170305,127.349107201978,13587.7010685128,20442.3902143792,14426.8896084781,203226.495529831,1.44308301992381
2017,"E07000114","Thanet",141337,86155.5058722378,60769.6420349158,134.824338944936,8192.9435570495,22659.0438656761,14175.1078967304,192087.067565554,1.35907135120708
2018,"E07000114","Thanet",141819,85638.3649246103,51383.5088500976,173.225309076815,0,33424.7902008551,14113.8660076102,184733.75529225,1.30260229794492
2002,"E06000035","The Medway Towns",250262,30777.0552468806,63790.3179401345,NA,104855.437156359,81580.9274780869,16132.7127690769,297136.450590538,1.18730151037927
2003,"E06000035","The Medway Towns",251159,38419.5661293397,68418.7818454511,NA,125047.859139298,79191.6729950225,16653.9462212654,327731.826330376,1.3048778914169
2004,"E06000035","The Medway Towns",251459,41791.6238679152,84190.6376138285,NA,137400.499020673,75868.4535475555,16496.2559616776,355747.47001165,1.41473349536764
2005,"E06000035","The Medway Towns",252098,44735.3361703174,89900.8525159542,NA,132996.126624532,90575.3776122017,17253.9839232109,375461.676846216,1.48934809814523
2006,"E06000035","The Medway Towns",253478,197493.783494978,99871.2794283043,NA,13550.993423455,70201.1237675825,15900.4565349167,397017.636649236,1.5662804529357
2007,"E06000035","The Medway Towns",255824,207549.641811958,103327.092837586,NA,12561.3264300935,74852.15615512,16263.8072582899,414554.024493047,1.62046572836421
2008,"E06000035","The Medway Towns",258224,215186.321235635,113474.576600386,0,11663.4200431511,83786.1921723761,16806.4306882058,440916.940739754,1.70749791165714
2009,"E06000035","The Medway Towns",260230,213945.53950253,129032.429858702,11852,18538.8456678535,80321.926662888,17309.7945796488,471000.536271623,1.80993942386206
2010,"E06000035","The Medway Towns",262738,204677.326288329,141154.451710356,16199,12946.2952288027,89157.2020298103,17807.9981710479,481942.273428346,1.83430746001091
2011,"E06000035","The Medway Towns",264885,183721.524250715,128607.458979722,0,24304.2233689183,78627.7647929276,18034.5372082264,433295.508600509,1.63578726088872
2012,"E06000035","The Medway Towns",268130,165399.527924287,129696.680827052,112,1851.85786209425,95553.786100747,16792.8532198199,409406.705934,1.52689630378548
2013,"E06000035","The Medway Towns",270689,182830.146380293,106603.822013003,429,66314.387413447,39812.027012087,29326.3822603771,425315.765079207,1.57123401792909
2014,"E06000035","The Medway Towns",273212,153936.672252601,110703.010296138,0,55046.0035057248,46930.4735640077,30123.4533537764,396739.612972248,1.45213099341262
2015,"E06000035","The Medway Towns",275176,153828.283124504,105176.241769339,0,40981.5506184813,48034.3233941842,28641.4556341741,376661.854540682,1.36880343685744
2016,"E06000035","The Medway Towns",276957,143879.697958573,100732.372721945,0,29872.0513493214,44825.4141856889,28372.3979982337,347681.934213763,1.2553643136435
2017,"E06000035","The Medway Towns",277616,134249.634739923,99173.3636929706,0,20218.0101689069,48448.5310841522,27842.9339370349,329932.473622987,1.188449057774
2018,"E06000035","The Medway Towns",277855,125596.631473519,89794.013623233,0,0,68521.4104793017,27652.2062597009,311564.261835754,1.12131961575554
2002,"E07000102","Three Rivers",83448,8723.59215945605,12034.1835461227,NA,23908.046136678,28284.4442202757,4944.05900881114,77894.3250713436,0.933447477127596
2003,"E07000102","Three Rivers",83946,11448.3004609997,13605.9860351255,NA,29631.8347451587,26354.4059752979,5205.06203836657,86245.5892549484,1.02739367277712
2004,"E07000102","Three Rivers",83963,13746.285264177,21439.5420378359,NA,33718.9971375813,25124.8523582014,5291.18750179021,99320.8642995858,1.1829122863593
2005,"E07000102","Three Rivers",84305,13642.6470052099,22733.0319124041,NA,31708.796122723,30039.3826039832,5503.51584535232,103627.373489672,1.22919605586469
2006,"E07000102","Three Rivers",84466,58362.5924142355,24594.5274877211,NA,3297.46734675066,17082.5221397251,5524.8382132464,108861.947601679,1.28882565294531
2007,"E07000102","Three Rivers",85282,62186.9009948236,26473.7164165472,NA,3007.70425945567,17922.2965812141,5661.1235598171,115251.741811858,1.35141931253791
2008,"E07000102","Three Rivers",86205,61648.9168139196,28972.6826624189,3274.92497194671,2779.64799886497,19970.1338432369,5802.8903922302,122449.196682617,1.42044193124085
2009,"E07000102","Three Rivers",87096,65633.1978891099,32999.4757819403,3427.02231262294,4331.20770764883,18766.585941625,5972.90394027352,131130.39357322,1.50558456844425
2010,"E07000102","Three Rivers",87573,67018.4466031864,36570.7014718668,4639.29076569033,2962.44872481246,20398.3500619786,6119.36776175674,137708.605389291,1.57250071813563
2011,"E07000102","Three Rivers",87921,65171.7296798426,33372.8835906357,162.6794139079,5657.30862081899,18301.9620109946,6240.23157210419,128906.794888304,1.46616615926006
2012,"E07000102","Three Rivers",88804,56931.7129473271,32154.370571447,244.732614534252,428.541243133966,22113.8681199089,5807.65331167963,117680.878808031,1.32517542912516
2013,"E07000102","Three Rivers",89566,55376.9240815067,27630.4059658887,84.8060262068458,15411.2823364176,10222.2468696794,9351.90601586158,118077.571295561,1.31833029604494
2014,"E07000102","Three Rivers",90525,56123.5489453688,27355.8019485442,51.2940620952265,13397.1445812883,9854.89263512665,9654.10719159241,116436.789364016,1.28623904296068
2015,"E07000102","Three Rivers",91797,57123.8702541422,27653.5197016816,31.2729840079909,10864.5759054072,11867.568807859,9289.80926208154,116830.61691518,1.27270626398662
2016,"E07000102","Three Rivers",92676,57668.6464204776,26504.2828986404,0,7175.79090196585,15213.1471829825,9295.44094540397,115857.30834947,1.25013281053855
2017,"E07000102","Three Rivers",92641,58862.0057124276,25382.9490250937,0,3829.64734608369,11105.2801054081,9137.92547678363,108317.807665797,1.16922105402356
2018,"E07000102","Three Rivers",93045,60199.8800623119,21932.9260616448,0,1787.40197067627,13203.5100623541,9151.18804169323,106274.90619868,1.14218825513118
2002,"E06000034","Thurrock",144728,25674.8629540834,15588.3273633996,NA,59549.2809249295,45386.4975458945,8224.48535659605,154423.454144903,1.066990866625
2003,"E06000034","Thurrock",145977,30997.0138041608,19052.2404571063,NA,71378.038245649,45443.6491102196,8460.26800665813,175331.209623794,1.20108790853212
2004,"E06000034","Thurrock",147056,29757.5519019265,36684.1746666212,NA,82264.6880772358,43954.7156238893,8608.07446067859,201269.204730351,1.3686568703783
2005,"E06000034","Thurrock",148556,28926.5117217097,33973.6981732957,NA,83016.7796007054,52475.2983673344,9015.04246089795,207407.330323943,1.39615586259689
2006,"E06000034","Thurrock",150206,111222.40815617,44113.313150107,NA,9240.07485900174,47865.9224400177,8898.10575783605,221339.824363133,1.4735751192571
2007,"E06000034","Thurrock",151741,118209.786994259,48973.5024921759,NA,8560.75511202589,51011.777939214,9141.44739824459,235897.269935919,1.55460468782939
2008,"E06000034","Thurrock",153633,120787.095156509,51308.006139986,6552,7950.04397284884,57106.8064638884,9536.46649203076,253240.418225263,1.64834650254348
2009,"E06000034","Thurrock",155003,124560.917224742,61253.3648771296,7229,12604.8833189891,54612.7060648781,9855.15275687745,270116.024242616,1.74265029865626
2010,"E06000034","Thurrock",156585,124877.380872952,65336.4129580466,9121,8777.62623572152,60447.8200737066,10176.2655360324,278736.505676459,1.78009710812951
2011,"E06000034","Thurrock",158268,114903.612347981,70601.4380955631,0,16536.0920399204,53497.3815119762,10764.8245458294,266303.34854127,1.68261018362063
2012,"E06000034","Thurrock",159837,97897.8100598618,76131.0162157321,0,1284.66290014076,66245.9849518832,10050.2097333428,251609.683860961,1.57416420391374
2013,"E06000034","Thurrock",161305,81832.7535776409,61560,493,45598.5925571622,26512.4467941819,16119.2233170402,232116.016246025,1.43898835278525
2014,"E06000034","Thurrock",163822,71925.0517158546,60761,117,37621.2246941797,30737.9741324978,16732.722985619,217894.973528151,1.33007150155749
2015,"E06000034","Thurrock",166040,69653.54146187,58823,75,28304.7584358736,32172.1022977253,16019.0015062016,205047.40370167,1.2349277505521
2016,"E06000034","Thurrock",168428,69655.718997379,53181,0,21999.772800928,32863.3135703154,16017.4679016062,193717.273270229,1.15014886640124
2017,"E06000034","Thurrock",170394,64522.8273546333,51433,0,15692.7283505248,33895.0225019076,15877.0400449577,181420.618252023,1.06471247961796
2018,"E06000034","Thurrock",172525,71066.0325608702,43350,0,11577.8741864693,40225.7619868918,15967.076014649,182186.74474888,1.05600199825463
2002,"E07000115","Tonbridge and Malling",108673,18270.6606619096,22460.6033523518,NA,35223.4963695227,36424.3573118804,7005.4194993802,119384.537195045,1.09856668349125
2003,"E07000115","Tonbridge and Malling",109494,20635.2272036936,24999.9787721206,NA,42944.0925568155,34261.8720451956,7260.36967638521,130101.540254211,1.18820702736415
2004,"E07000115","Tonbridge and Malling",110441,22818.3612965949,27653.7676352088,NA,47885.1569363661,32869.8900139523,7245.16921113834,138472.34509326,1.2538128511446
2005,"E07000115","Tonbridge and Malling",111719,22058.8304990327,29449.3606396446,NA,45663.2160761785,39568.6745383037,7646.22420613096,144386.30595929,1.2924060004054
2006,"E07000115","Tonbridge and Malling",113536,79943.1546041002,33358.9903692829,NA,5125.37388310491,26549.6298780281,7122.01545360268,152099.164188119,1.33965582888352
2007,"E07000115","Tonbridge and Malling",115469,86606.6018127798,34934.8782625665,NA,4651.87188044499,27716.7687660487,7340.84980419148,161250.970526031,1.39648711364982
2008,"E07000115","Tonbridge and Malling",116967,84720.3303782677,37823.0450575579,5086.91205557757,4296.46267976625,30867.0136949794,7612.76170420783,170406.525570357,1.45687694452586
2009,"E07000115","Tonbridge and Malling",118459,88381.5772277321,44621.6601050869,5455.44706811058,6772.14292723645,29340.2233981511,7879.5717484941,182450.622474811,1.54020059661833
2010,"E07000115","Tonbridge and Malling",120054,88165.0555138118,46898.4026753575,7419.47343662292,4701.20297650419,32374.6789579987,8137.08489988878,187695.898460184,1.56342894414333
2011,"E07000115","Tonbridge and Malling",121087,84260.7923095753,44488.2568293588,414.400262945067,9132.7892695281,29544.6946533495,8244.13616072073,176085.069485477,1.45420292422372
2012,"E07000115","Tonbridge and Malling",122030,78294.6291631052,45577.425717832,375.361028705855,704.910343666719,36375.9001731079,7642.68033571262,168970.90676213,1.38466694060584
2013,"E07000115","Tonbridge and Malling",123171,79400.9997335722,38946.2746654552,199.549832765616,24742.2950222812,17871.3438209636,13344.3170183972,174504.780093435,1.41676839591653
2014,"E07000115","Tonbridge and Malling",124583,77035.2152663745,39509.5200919341,177.13836935111,21107.0266747629,17409.7171372544,13736.1103801207,168974.727919798,1.35632251526932
2015,"E07000115","Tonbridge and Malling",125779,78670.2454394873,39075.4958581146,145.837905587289,15889.4099499429,17052.4554276166,13091.5982796857,163925.042860434,1.30327831244035
2016,"E07000115","Tonbridge and Malling",127305,79712.9707236295,38133.5519207087,115.120417050216,10709.6443855414,16047.9194424514,13041.548425081,157760.755314462,1.23923455727946
2017,"E07000115","Tonbridge and Malling",128891,80169.6553724686,37975.9192109804,122.95183760057,6152.81421009125,18715.9967162941,12926.861557253,156064.198904688,1.21082309008921
2018,"E07000115","Tonbridge and Malling",130508,80974.5320202585,37413.7433207719,159.409448924311,0,25724.9373464289,12988.1921669254,157260.814303309,1.20498984202738
2002,"E06000027","Torbay",130521,19670.2331213568,48546.204911964,NA,45459.6322067544,42061.7442894158,7803.6035978148,163541.418127306,1.25298931304009
2003,"E06000027","Torbay",131238,30084.0343180171,46767.9453304251,NA,53882.0028000845,41228.8389234392,8355.24299601497,180318.064367981,1.37397753979778
2004,"E06000027","Torbay",131937,31002.7197680199,52087.0156729579,NA,60577.2446895552,39607.9740438828,8519.27200626517,191794.226180681,1.45368036396675
2005,"E06000027","Torbay",132178,32919.5257686859,55197.1762525223,NA,59844.7788069871,47382.9463260597,8815.47008971529,204159.89724397,1.54458304138336
2006,"E06000027","Torbay",131857,95003.6256271024,60853.5103718661,NA,8396.21022914986,43496.6230705972,8123.41300678348,215873.382305499,1.63717802092797
2007,"E06000027","Torbay",132172,103236.00825876,63263.7430909815,NA,7837.15197713527,46699.7033752994,8311.18660795908,229347.793310136,1.7352222354972
2008,"E06000027","Torbay",132070,97108.0063493261,69805.11205184,7527,7557.86047896207,54292.8969555368,8485.11203461904,244775.987870284,1.85338069107507
2009,"E06000027","Torbay",131641,99569.6936527483,79612.9984054266,7930,12155.9217331209,52667.5994596492,8579.06733475946,260515.280585704,1.97898284414206
2010,"E06000027","Torbay",131443,97888.1369125694,90102,12218,8595.48994950587,59193.4697356113,8801.20684520944,276798.303442896,2.10584286301207
2011,"E06000027","Torbay",131193,85033.8038409092,85091,586,16652.5915288594,53873.9526226829,9335.52426449693,250572.872256948,1.90995611242176
2012,"E06000027","Torbay",131480,71779.2436741393,89190.6837893112,591,1284.13086861037,66224.4830975221,8629.6802455828,237699.221675166,1.80787360568273
2013,"E06000027","Torbay",132201,69167.8064205057,70159.8477405032,218,44369.1393467936,29583.6249744383,14290.0496194886,227788.468101729,1.72304648302002
2014,"E06000027","Torbay",133264,62491.5659894741,69876.8449538914,112,36744.9880553731,30557.8202625889,14932.5272418442,214715.746503172,1.61120592585523
2015,"E06000027","Torbay",133791,62307.3325457102,68346.7109541269,56,26868.0229234987,31895.3498674775,14175.6000903383,203649.016381152,1.52214286746606
2016,"E06000027","Torbay",134406,59072.4933648118,65953,37,21011.7753367326,31017.2748833552,14061.9925561749,191153.536141074,1.42220984287215
2017,"E06000027","Torbay",135247,58000.9786276504,62367,12,14887.8228448259,33072.3728168771,13840.212618404,182180.386907757,1.34701980012686
2018,"E06000027","Torbay",135780,68202.373642566,59177.1864369465,10,564.857932269406,45036.5384431145,13790.0551301198,186781.011585016,1.37561505070714
2002,"E07000046","Torridge",59774,10234.9456134337,9218.02349459079,NA,15754.310110927,19688.2070463522,3573.77434631808,58469.2606116218,0.978172125198611
2003,"E07000046","Torridge",60663,9333.61363061876,11560.9477901977,NA,19834.9422792825,18990.1564638959,3862.09867467697,63581.7588386717,1.04811431743685
2004,"E07000046","Torridge",61479,10227.9063394809,15261.9727609952,NA,22107.6557911696,18392.9834777411,3969.74558822147,69960.2639576082,1.13795383720633
2005,"E07000046","Torridge",61954,10971.1357745321,16998.226482531,NA,21438.2849157132,22044.28066112,4131.95565024604,75583.8834841424,1.22000005623757
2006,"E07000046","Torridge",62615,39770.3951566796,18311.4208677341,NA,3186.77623152088,16508.1208054464,3857.56922590191,81634.282287283,1.30374961730069
2007,"E07000046","Torridge",63100,42704.118567906,23135.0064636817,NA,2939.96618506105,17522.1835809315,3967.82885151332,90269.1036490936,1.43057216559578
2008,"E07000046","Torridge",63501,41321.3337439205,20451.3939967119,3113.42588330376,2775.57587371057,19941.5064343193,4079.75391315472,91682.9898451208,1.44380387466529
2009,"E07000046","Torridge",63477,42450.137429386,24055.9263306893,3171.97278093572,4417.3728317058,19136.9621732212,4136.80735643551,97369.1789023735,1.53392849224717
2010,"E07000046","Torridge",63686,39926.2721942681,26799.3066185604,4438.78089763788,3105.48401253886,21383.7725557319,4264.30969427058,99917.9259730076,1.56891508295399
2011,"E07000046","Torridge",63973,35330.2658109007,25406.6411224153,151.52443397097,5931.37157796823,19188.855166441,4552.23597122302,90560.8940829192,1.4156111810126
2012,"E07000046","Torridge",64769,35654.1958430712,25685.782322053,174.586005614113,458.790630520923,23671.123411813,4251.10860835224,89895.5868214246,1.38794155879239
2013,"E07000046","Torridge",65127,37108.8877063198,20214.1172473896,0,15515.9195593017,10954.2709286918,7039.79592868764,90832.9913703905,1.39470559630246
2014,"E07000046","Torridge",65657,35934.5014332774,20021.8543809311,78.5615246200481,13140.9332220729,11180.0969626278,7357.01270498983,87712.9602285192,1.33592701811717
2015,"E07000046","Torridge",66312,36713.4026558076,19600.9895601671,57.7778732946145,9761.43620207697,11464.0526702264,7025.97628532945,84623.6352469022,1.27614361272322
2016,"E07000046","Torridge",67022,37545.0641127158,18837.1743536146,44.2320708857249,6594.4503595491,11102.1247825671,7012.059469815,81135.1051491473,1.2105742166624
2017,"E07000046","Torridge",67821,37906.9854701874,17900.7174171813,46.9560552916711,3862.32642063221,11953.6680626281,6940.31704949299,78610.9704754136,1.15909483014721
2018,"E07000046","Torridge",68143,35013.302784731,16546.2637058927,61.7779050555398,283.481470604169,18724.3258356213,6920.72268914239,77549.8743910471,1.13804608530659
2002,"E09000030","Tower Hamlets",207031,88875.1508245386,112006.630863434,NA,259647.247489416,62827.8810739967,28511.77242092,551868.682672306,2.66563308235146
2003,"E09000030","Tower Hamlets",208651,162714.491657468,126737.593728283,NA,288866.168435676,62517.6390565176,30540.7444764353,671376.637354379,3.21770150804156
2004,"E09000030","Tower Hamlets",211154,158298.856852597,197050.064010397,NA,316436.162085802,62642.5478189037,31905.3267017637,766332.957469463,3.62926090658696
2005,"E09000030","Tower Hamlets",213382,166783.566049861,198928.002269581,NA,333618.291673677,74668.9044558931,33408.844026653,807407.608475665,3.78385997167364
2006,"E09000030","Tower Hamlets",218400,370290.2268873,215634.489317667,NA,38247.2578895934,198136.686176636,28781.6609621833,851090.321233379,3.89693370528104
2007,"E09000030","Tower Hamlets",225251,419267.15340627,241150.130123678,NA,35403.4303616845,210959.726701972,30060.2737816848,936840.714375289,4.15909680478794
2008,"E09000030","Tower Hamlets",231893,389632.340511543,241111.222454581,21931,31606.3648398951,227044.199839455,31265.2822317666,942590.409877241,4.06476439511862
2009,"E09000030","Tower Hamlets",240495,453509.294337089,270561.647822235,31195.8289035043,49456.5945961735,214270.267639011,32811.3657018098,1051804.99899982,4.37350048441682
2010,"E09000030","Tower Hamlets",248520,459926.177156967,291305.512756009,42126.3707085348,34026.4188373248,234325.232951828,34365.6684126207,1096075.38082328,4.41041115734462
2011,"E09000030","Tower Hamlets",256012,494214.644625992,309147.740009973,4625.04687895176,62699.3829811222,202842.91336461,35190.1056142144,1108719.83347486,4.33073384636214
2012,"E09000030","Tower Hamlets",263624,453495.333898635,313848.537333221,2374.77739521302,4737.9072880632,244399.494104888,33365.5890534808,1052221.6390735,3.99137270913688
2013,"E09000030","Tower Hamlets",273616,497938.764053708,294188.032570641,135,153318.271748549,131258.426721464,63706.0540376917,1140544.54913205,4.16841321096739
2014,"E09000030","Tower Hamlets",284596,480559.731034436,284570.495289246,135,124725.452247102,141350.131026566,66776.7606995247,1098117.57029688,3.85851371873419
2015,"E09000030","Tower Hamlets",293828,444259.071994735,296413.197047547,88,90188.6427443166,162012.272431645,64883.6589362092,1057844.84315445,3.6002179613735
2016,"E09000030","Tower Hamlets",300943,439033.379344738,287849.001864725,0,74434.2707504362,158695.675800165,65359.1253174154,1025371.45307748,3.40719489430716
2017,"E09000030","Tower Hamlets",307964,415731.874798428,274294.258951462,0,53958,212537.041099825,65678.1225878615,1022199.29743758,3.31921684819517
2018,"E09000030","Tower Hamlets",317705,476309.217552782,229705.141660126,0,0,274481.061927031,60930.4359036475,1041425.85704359,3.27796495819577
2002,"E08000009","Trafford",211062,35910.4433765824,36815.9351168787,NA,83438.6764063611,73043.7375410885,17040.9536266048,246249.746067515,1.16671758093601
2003,"E08000009","Trafford",213031,44577.7049711352,39937.3945319286,NA,103150.063896193,66617.8004553772,18407.7118451245,272690.675699758,1.28005161549145
2004,"E08000009","Trafford",214129,45031.5802423138,58088.7059290472,NA,113912.460405561,63515.1474994431,18790.4296151155,299338.323691481,1.39793453334897
2005,"E08000009","Trafford",215430,54542.4352656242,58798.0820009711,NA,110955.833529312,76483.6790513464,19590.4344407589,320370.464288013,1.48712094085324
2006,"E08000009","Trafford",217369,167374.534711067,64866.9432500988,NA,13572.2726410199,70311.4349476815,18583.5149384648,334708.700488332,1.5398180075739
2007,"E08000009","Trafford",219359,180930.281755425,64774.0892851164,NA,12384.3652278383,73794.1490672546,19024.6493487502,350907.534684384,1.59969517860851
2008,"E08000009","Trafford",220939,179974.236082957,68626.5304753003,10025.0691715709,11222.2986499654,80618.8956193629,19624.5590954528,370091.589094609,1.67508492884737
2009,"E08000009","Trafford",223065,192589.868541305,79858.035701122,10319.800389267,17568.6349200877,76117.5310025293,20194.0675641224,396647.938118434,1.778172004207
2010,"E08000009","Trafford",225234,190899.828835006,84771.9005015702,13884.5155492007,12097.6802660264,83313.8520463844,20767.4429419338,405735.220140121,1.8013941951043
2011,"E08000009","Trafford",227091,166029.991965773,80280.8510999908,571,22413.7665925867,72513.770546953,21012.1580108037,362821.538216107,1.59769228290028
2012,"E08000009","Trafford",228308,159499.047207776,80745.640702501,479,1695.97366343165,87500.288191911,19458.406723682,349378.356489302,1.53029397344509
2013,"E08000009","Trafford",230146,170048.74817989,68219.2251084548,25,51388.9104619299,34173.562851474,37934.0260667489,361789.472668497,1.57199982910195
2014,"E08000009","Trafford",232319,153827.823131412,73974.7457663995,25,43382.1940234927,25383.7078955783,38880.1942971068,335473.665113989,1.44402164745023
2015,"E08000009","Trafford",232975,157432.093940233,67698.0835274437,17,33204.9024232603,31617.1297039924,36888.9187412423,326858.128336172,1.40297511894483
2016,"E08000009","Trafford",234210,158812.955572481,64042.1883169282,0,25468.5984995922,43463.581620544,36529.5451524789,328316.869162024,1.40180551283901
2017,"E08000009","Trafford",235493,164156.222326434,58805.8628165152,0,16734.1614453199,76905.2536302178,20936.9069290078,337538.407147494,1.4333267109744
2018,"E08000009","Trafford",236370,161241.311441959,57917.0641712257,0,1675.60157990791,75197.0443711781,35970.9756560639,332001.997220335,1.4045860186163
2002,"E07000116","Tunbridge Wells",104206,17759.017703891,26884.9520666142,NA,34740.694070123,34933.4230401462,6717.46196711615,121035.548847891,1.1615026855257
2003,"E07000116","Tunbridge Wells",104390,19828.5973641805,28231.0070873442,NA,41922.459148501,32710.0447768642,6921.93170874982,129614.04008564,1.24163272426133
2004,"E07000116","Tunbridge Wells",105131,21777.0369742425,31571.6223798874,NA,46325.453616656,31293.9195503193,6896.82169064193,137864.854211747,1.31136253066885
2005,"E07000116","Tunbridge Wells",105877,21001.4032594822,32891.7792895,NA,44070.5409061802,37521.1091228169,7246.38853080074,142731.22110878,1.34808524144791
2006,"E07000116","Tunbridge Wells",107052,75456.7745444452,36254.6859235174,NA,4980.46058460882,25802.7017131365,6715.27972043293,149209.902486141,1.39380770547155
2007,"E07000116","Tunbridge Wells",108927,81269.3146875842,36927.2349592236,NA,4506.87276516841,26857.525287128,6924.94735921472,156485.895058319,1.43661254838854
2008,"E07000116","Tunbridge Wells",111251,80216.5963896882,39360.790613578,4838.44634892799,4183.00942647649,30050.3806165854,7240.73757858905,165889.960973845,1.49113231318231
2009,"E07000116","Tunbridge Wells",112774,84192.8075560342,45757.9407617072,5133.80837808104,6594.49647115174,28571.9663892409,7501.42095041047,177752.440506626,1.57618281258646
2010,"E07000116","Tunbridge Wells",114040,84354.7874689315,46718.5418653087,6988.81082439967,4567.1281709942,31451.1838037065,7729.46475738682,181809.916890727,1.59426444134275
2011,"E07000116","Tunbridge Wells",115246,80352.5941059677,44226.5599573553,338.694349545097,8794.95632195063,28453.6854742451,7846.45516016105,170012.945369225,1.47521775479604
2012,"E07000116","Tunbridge Wells",115796,74547.5040610581,44717.0248170292,356.885304269632,676.241728716147,34900.1303486454,7252.24790751601,162450.034167235,1.40289849534729
2013,"E07000116","Tunbridge Wells",116094,74927.6791458162,38375.6546996562,188.084356586302,23590.3184054421,15473.4781202633,12577.5965116286,165132.811239393,1.4224060781728
2014,"E07000116","Tunbridge Wells",116525,72258.0726175665,38502.727416362,165.681100058901,19961.0452411384,16890.6333401714,12847.661896435,160625.821611732,1.3784666089829
2015,"E07000116","Tunbridge Wells",116610,71053.8028263749,38459.2636053295,135.206657474887,14890.9429337397,17097.5226899115,12137.2508558197,153773.98956865,1.31870328075337
2016,"E07000116","Tunbridge Wells",117357,71404.7125424217,37707.9640293674,106.124557431068,10102.9438840107,17984.5329720574,12022.4421548425,149328.720140131,1.27243130056265
2017,"E07000116","Tunbridge Wells",118061,72872.1822154302,36548.9304448531,112.6208726673,5837.82715982949,17204.1043309649,11840.6886618216,144416.353685567,1.22323505379055
2018,"E07000116","Tunbridge Wells",118054,75261.3260269072,35660.9995401845,144.197467460314,0,23649.6962139893,11748.7666508889,146464.98589943,1.24066093397454
2002,"E07000077","Uttlesford",69529,9113.72110257636,7538.37062358839,NA,19907.8401334368,23115.7097148354,3951.13759852114,63626.7791729581,0.915111380473731
2003,"E07000077","Uttlesford",70278,11710.3871750179,8473.50534305268,NA,24703.8705990576,22044.740970538,4073.04380122841,71005.5478888947,1.01035242734419
2004,"E07000077","Uttlesford",70865,13145.0808902225,13595.4499839832,NA,28317.7495505041,21165.1342417649,4148.15578185173,80371.5704483265,1.13415043319448
2005,"E07000077","Uttlesford",71580,13947.8738372168,15280.7278549802,NA,27244.9291610865,25425.427014115,4343.79452429438,86242.7523916929,1.20484426364477
2006,"E07000077","Uttlesford",72929,50311.1059601274,16475.0056800167,NA,3052.16835348653,15812.9130821013,4320.26653271657,89971.4596084485,1.23368563408861
2007,"E07000077","Uttlesford",74232,54508.9415385426,16643.4150040084,NA,2803.55651554655,16706.3543228756,4472.01430902981,95134.281690003,1.28158047324608
2008,"E07000077","Uttlesford",75505,54783.0419498896,18330.7357467594,2821.5484688007,2598.86786578669,18667.8037970983,4686.82446141638,101888.822289751,1.34943145870805
2009,"E07000077","Uttlesford",76778,56755.9179323622,21167.5309480613,3037.06563813199,4113.29634696408,17822.0966455777,4881.57595896555,107777.483470063,1.40375476660063
2010,"E07000077","Uttlesford",78620,57593.8718569197,25102.6531677319,4267.65222875731,2921.99621457337,19927.796489948,5109.41658806954,114923.386546,1.4617576513101
2011,"E07000077","Uttlesford",80032,54861.4322481002,22415.8761694338,180.281291909847,5666.92078531954,18333.4230400387,5443.49102820418,106901.424563006,1.33573351363212
2012,"E07000077","Uttlesford",81199,49205.9370004877,22723.7994302698,194.415849373598,443.276960498797,22862.8918425207,5105.61997621141,100535.941059362,1.2381426010094
2013,"E07000077","Uttlesford",82680,47459.6199226347,17830.9064021061,120.322602490413,16587.8360505405,13142.4748746611,8262.21991787536,103403.379770308,1.25064561889584
2014,"E07000077","Uttlesford",84066,46720.1923646241,17563.2786109084,81.2927783925285,14406.3026204333,10258.4097247993,8586.47245491478,97615.9485540725,1.16118226814732
2015,"E07000077","Uttlesford",85205,47087.0892743136,16751.5643555108,64.2579202019203,11487.7574498624,9968.26111942428,8220.30247733019,93579.2325966432,1.09828334718201
2016,"E07000077","Uttlesford",86289,47413.9075245906,16716.9690968578,0,8344.10256839442,13761.3148908168,8206.06602086174,94442.3601015213,1.09448898586751
2017,"E07000077","Uttlesford",87684,47867.3035009958,16499.0580447725,0,5195.53706915591,13114.1589740084,8170.25469970814,90846.3122886408,1.03606487259524
2018,"E07000077","Uttlesford",89179,46265.5518528926,14786.9492192258,0,3215.03425463816,14549.52565188,8253.45817655635,87070.519155193,0.976356756133092
2002,"E07000180","Vale of White Horse",115565,15767.6659394294,17008.3404914076,NA,23091.9797601037,39618.3153660614,6720.22147957775,102206.52303658,0.884407242993811
2003,"E07000180","Vale of White Horse",116134,20779.8131688402,17724.3075304464,NA,32642.3908209748,36294.8366613749,7258.61517335398,114699.96335499,0.987651879337578
2004,"E07000180","Vale of White Horse",116475,23568.1029198183,19148.2370657291,NA,38109.5281237404,34602.4947426183,7362.6239950101,122790.986846916,1.05422611587822
2005,"E07000180","Vale of White Horse",117390,18380.9708295645,25344.8708118328,NA,35508.5250276674,41579.6051116535,7620.37558770672,128434.347368425,1.09408252294424
2006,"E07000180","Vale of White Horse",118209,74748.4100166411,25945.5959926806,NA,4572.21078263907,23686.532156605,7375.86682675672,136328.615775322,1.15328457034001
2007,"E07000180","Vale of White Horse",118994,78930.6971187604,28012.4526969303,NA,4147.81644943887,24714.8017555822,7523.28246958139,143329.050490293,1.20450653386131
2008,"E07000180","Vale of White Horse",119284,76899.4354704691,29381.7721979343,4877.88420498948,3805.36415711301,27336.4928560821,7590.90492415816,149891.853810746,1.25659647405139
2009,"E07000180","Vale of White Horse",120026,80694.7465275907,36357.1959975102,5073.05249302203,5929.50984935831,25688.5722657504,7781.92311464842,161525.00024788,1.34575008954627
2010,"E07000180","Vale of White Horse",120823,82680.0303737713,38447.9231078731,7444.95051858521,4068.00036502798,28015.5778324702,7964.35817120036,168620.840368928,1.39560216489351
2011,"E07000180","Vale of White Horse",121891,86858.6264446505,37150.5349938947,337.236675519364,7822.2316913066,25305.550658356,8473.05725982156,165947.237723549,1.36143962822152
2012,"E07000180","Vale of White Horse",122710,75963.4081426815,36525.4890505046,344.174859736761,590.55385901157,30480.8382219245,7860.2492925699,151764.713426429,1.23677543335041
2013,"E07000180","Vale of White Horse",123497,75425.3027981461,31776.7192250579,144.514244018807,20685.6388347555,6995.34393175883,12611.5868571036,147639.105890841,1.19548738747371
2014,"E07000180","Vale of White Horse",124621,66536.1068768745,29884.226083089,101.651335495543,17437.9553510204,14203.2536223981,12974.689683005,141137.882951883,1.13253691554299
2015,"E07000180","Vale of White Horse",126534,64556.6636768999,29488.6023982204,79.0849240635995,13445.005210885,14922.3009130183,12430.5428172261,134922.199940313,1.06629206332143
2016,"E07000180","Vale of White Horse",128653,65144.2162808653,28627.3188054295,56.8854976683312,8539.87836264378,15124.6894915724,12457.6039707494,129950.592408929,1.01008598640474
2017,"E07000180","Vale of White Horse",131227,65031.8471790566,27462.5408154736,69.80118661751,4102.08856257803,15837.4882012297,12475.9408026773,124979.706747633,0.952393232700837
2018,"E07000180","Vale of White Horse",133732,64052.6991362543,26606.5332326962,76.4434056120223,1306.39924715355,17547.3724786335,12630.1453875302,122219.59288788,0.913914342774203
2002,"E08000036","Wakefield",316306,46380.4253700932,41419.4011343457,NA,137043.827016576,106546.232273818,23562.1403752838,354952.026170116,1.12217923836448
2003,"E08000036","Wakefield",317469,65928.5460338492,44262.2678846672,NA,168448.292727237,100008.840233968,25694.581992228,404342.52887195,1.27364413177964
2004,"E08000036","Wakefield",318037,69094.5923816906,87534.4367675224,NA,185820.278249527,95700.1219720721,25949.821948798,464099.25131961,1.45926181959838
2005,"E08000036","Wakefield",318765,78358.2436468746,94740.9295435385,NA,184016.208765955,114735.090629893,26704.8910102541,498555.363596515,1.56402165732284
2006,"E08000036","Wakefield",320318,255158.025245485,96363.4181849748,NA,23623.1103640458,122375.819149692,24857.9461723038,522378.319116501,1.63081162818356
2007,"E08000036","Wakefield",321650,271963.110648391,103327.946254546,NA,21504.5980498115,128138.993135425,25352.8864827629,550287.534570936,1.71082709333417
2008,"E08000036","Wakefield",323288,261369.205184063,111553.052430089,18032.1586614085,19902.8537140917,142969.196425425,26333.9156108141,580160.382025891,1.79456206857629
2009,"E08000036","Wakefield",324467,270581.7350691,131694.458857748,17435.1012979118,31584.2477180861,136839.67094617,27053.2505934865,615188.464482503,1.89599701813282
2010,"E08000036","Wakefield",325595,270597.985773467,151939.946922925,19763.8201672636,22001.195799338,151513.08755575,27758.8280861592,643574.864304903,1.97661163195044
2011,"E08000036","Wakefield",326433,248756.180337717,143249.364072263,1136,40038.0588707494,129530.880603186,28234.4625937933,590944.946477709,1.81031006815398
2012,"E08000036","Wakefield",327890,223318.383896896,151416.860388468,1155,3035.87636516532,156608.039818103,26243.4878913831,561777.648360016,1.71331131891798
2013,"E08000036","Wakefield",329847,199882.785125946,125411.071762571,487,99482.3087858409,64504.201288609,48292.7837774433,538060.15074041,1.63124160820141
2014,"E08000036","Wakefield",331720,188214.615356115,124367.692259602,326,81920.1860955885,70686.717470975,49213.2064938895,514728.417676169,1.55169545905031
2015,"E08000036","Wakefield",334017,184726.734129115,132599.801911585,229,59926.2395767663,73030.1925124111,46815.9858780154,497327.954007892,1.48893006645737
2016,"E08000036","Wakefield",337094,175832.529945518,119055.791904705,192.7,45925.6058618098,71880.6117031405,46639.0540033333,459526.293418507,1.36319926613499
2017,"E08000036","Wakefield",340790,184352.855539686,113942.42230612,194,33041.4198895986,76689.915508434,46283.3659524021,454503.979196241,1.33367757034021
2018,"E08000036","Wakefield",345038,193049.107861742,109138.970117412,0,2181.56922594209,109318.62468031,46594.1250565681,460282.396941973,1.33400494131653
2002,"E08000030","Walsall",254287,45530.5722165036,54280.019659101,NA,137996.378858345,86673.5759221135,20346.0078544802,344826.554510543,1.35605262758435
2003,"E08000030","Walsall",255352,60183.4072435292,92134.7271624611,NA,165580.406302892,80333.5813017312,22840.5266828597,421072.648693473,1.64898903745995
2004,"E08000030","Walsall",256702,62759.5175413031,97782.2775282268,NA,184124.333804422,76450.1857260932,23349.0684196405,444465.383019686,1.73144495570617
2005,"E08000030","Walsall",258172,79922.3552789714,102030.626644277,NA,189720.561037849,91199.2755140679,24125.422432953,486998.240908118,1.88633252602187
2006,"E08000030","Walsall",259454,236035.682367439,109044.594209201,NA,22576.2988353513,116954.449798707,23897.9681557089,508508.993366407,1.95991965190904
2007,"E08000030","Walsall",260939,257045.948859812,118410.898450956,NA,20800.5613761745,123944.303388501,24378.2022554678,544579.914330911,2.0870008482094
2008,"E08000030","Walsall",263034,234477.965773489,124846.966964759,19707,19261.5426993071,138364.740107319,25192.1713230975,561850.386867972,2.13603711637268
2009,"E08000030","Walsall",264774,239153.181947486,144225.032419888,22179,30616.9083753734,132650.032637221,25795.6782595169,594619.833639486,2.24576368389451
2010,"E08000030","Walsall",266834,244956.501247447,158921.052360342,25985,21352.9455120287,147049.7365279,26410.6760361041,624675.911683822,2.34106565011888
2011,"E08000030","Walsall",269524,226270.979000508,153889.38693077,667,39295.8181738877,127129.380729071,26845.6325167452,574098.197350983,2.13004480992781
2012,"E08000030","Walsall",270844,197256.451515938,151389.166014033,568,2987.70754922269,154137.931193782,24800.2051582849,531139.461431261,1.96105308380935
2013,"E08000030","Walsall",271955,195676.677664408,126986.027029718,79,102501.353834435,67762.0316911674,46223.7457998607,539228.836019589,1.98278699056678
2014,"E08000030","Walsall",273933,201827.624566314,135321.384172087,76,84060.8888117892,69108.7833276489,46465.5667729074,536860.247650746,1.95982319636826
2015,"E08000030","Walsall",275880,203546.557613539,128599.777642539,46,62027.1441635003,67565.9839442016,44051.3150937206,505836.7784575,1.83353914186422
2016,"E08000030","Walsall",278887,199578.741945211,120408.337460089,0,48459.409839435,68987.8726014622,43731.7747575291,481166.136603727,1.72530858951377
2017,"E08000030","Walsall",281293,205612.489155776,116698.223905128,0,2252.63294381016,117665.812351004,43116.3382386999,485345.496594418,1.72540908090289
2018,"E08000030","Walsall",283378,228897.384866118,109421.421631308,0,1999.85255950883,99719.2733493848,43150.6424189891,483188.574825309,1.70510263614433
2002,"E09000031","Waltham Forest",223776,87436.0998735066,80915.546908897,NA,159105.628699043,72927.454087623,30817.8503956595,431202.579964729,1.92693845615584
2003,"E09000031","Waltham Forest",224115,146340.562929549,91922.17433616,NA,175900.305212827,69331.5516635503,32804.2470361336,516298.84117822,2.30372282613042
2004,"E09000031","Waltham Forest",225002,143098.863670818,136767.200983488,NA,189935.189016687,67543.7080251805,33997.7567015081,571342.718397682,2.53927839929281
2005,"E09000031","Waltham Forest",226747,144835.228820181,141605.273648296,NA,190320.128347898,80028.7423899878,35501.3785441672,592290.75175053,2.61212166754369
2006,"E09000031","Waltham Forest",230731,300645.812380648,155915.665433858,NA,22867.8654538634,118462.165733615,30406.6914627541,628298.200464738,2.72307665838027
2007,"E09000031","Waltham Forest",235665,324896.896086982,165248.653216174,NA,20930.6351545004,124722.039197252,31450.046484858,667248.270139767,2.83134224488051
2008,"E09000031","Waltham Forest",242098,304670.871450038,178963.306166245,17065,18784.3391823338,134937.230217094,32641.1849333366,687061.931949047,2.83794964001787
2009,"E09000031","Waltham Forest",248140,355195.12894013,198636.938150937,16975.6181796526,29403.7016906567,127390.896284514,33854.3931692845,761456.676415174,3.06865751759158
2010,"E09000031","Waltham Forest",254009,358780.817758989,224109.723195884,23436.9912292943,20275.6516797443,139632.384387015,35124.6944625035,801360.26271343,3.15484987820679
2011,"E09000031","Waltham Forest",259742,399480.596505025,223302.299554983,1411.85553971177,38326.7787536625,123994.119951997,35702.8124167901,822218.462722169,3.1655198724972
2012,"E09000031","Waltham Forest",262456,332685.164088627,219128.269119382,960.025187532353,2916.9303674776,150494.924531881,33217.761055975,739403.074350875,2.81724584063948
2013,"E09000031","Waltham Forest",265650,310474.794561969,188310.334170482,63,98800.0773858331,91109.5233340042,61851.3290710806,750609.058523369,2.82555640325002
2014,"E09000031","Waltham Forest",267801,288977.216344407,197828.931710057,63,82154.4935530584,94439.1828945085,62836.0317505988,726298.85625263,2.71208418285455
2015,"E09000031","Waltham Forest",270671,267423.082786143,183955.095810973,1,61415.5504861583,94479.7933768935,59770.0860636927,667044.608523861,2.46441106924591
2016,"E09000031","Waltham Forest",274222,261451.125082401,178211.406619687,0,49741.0120046857,94825.5739999697,59555.8297178944,643784.947424638,2.34767796684671
2017,"E09000031","Waltham Forest",275505,261800.282326314,173920.533182036,0,33463,140968.501750878,58755.7349676221,668908.05222685,2.42793434684252
2018,"E09000031","Waltham Forest",276700,254808.281608208,159259.593403808,0,0,187452.742733698,53066.3716798264,654586.989425541,2.3656920470746
2002,"E09000032","Wandsworth",274917,77245.6184350637,78080.7106282766,NA,149227.789191222,90279.0462936465,37860.8562903239,432694.020838533,1.57390783705094
2003,"E09000032","Wandsworth",276828,166177.494704331,87783.4369191286,NA,169684.963253046,82936.2671481931,40519.9745600195,547102.136584719,1.97632514263268
2004,"E09000032","Wandsworth",278615,153023.484305228,151159.86776124,NA,182013.777899238,81647.3475499581,42098.6701602238,609943.147675888,2.18919709159912
2005,"E09000032","Wandsworth",283229,156138.435599643,154551.378475275,NA,179563.015293904,99088.5887194709,44344.6658332235,633686.083921517,2.23736299574379
2006,"E09000032","Wandsworth",287538,294073.678986815,169670.403956153,NA,28153.9740341479,145850.085869311,37892.9543486458,675641.097195073,2.34974541519755
2007,"E09000032","Wandsworth",291440,319871.497106443,182688.4089411,NA,25725.5785306584,153289.945998121,38893.3509326672,720468.78150899,2.47209985420323
2008,"E09000032","Wandsworth",294305,293502.486315886,194525.084897519,12920,23003.1723519267,165242.958872199,39680.0631637008,728873.765601232,2.4765932131674
2009,"E09000032","Wandsworth",299347,345000.76233986,212839.578813043,13898.9048328544,35904.6245143589,155559.098122351,40840.6989282091,804043.667550677,2.68599206790339
2010,"E09000032","Wandsworth",302620,342565.826377117,223885.301022949,24088.3426839563,24626.1774044393,169594.410332699,41846.686685286,826606.744506447,2.73150070883103
2011,"E09000032","Wandsworth",307710,386107.215200319,232225.398819074,396.695174922453,46229.655004926,149561.938070966,42296.2493888955,856817.151659102,2.7844956343931
2012,"E09000032","Wandsworth",309497,313365.70606859,223895.071385837,1427.32022306863,3488.8253343159,179981.912788595,39171.5083425073,761330.344142914,2.45989571512135
2013,"E09000032","Wandsworth",313091,307685.627936011,214714.359754453,166,104922.322020734,99125.1519562082,72897.0241678663,799510.485835272,2.55360417845059
2014,"E09000032","Wandsworth",316536,294946.641972186,215328.468836094,162,85630.9429102614,103881.734678721,74271.0674949218,774220.855892183,2.44591722866335
2015,"E09000032","Wandsworth",319477,248561.999369229,210458.274482314,104,63422.6774780689,106569.327329747,70547.5199979693,699663.798657328,2.19002869895901
2016,"E09000032","Wandsworth",321497,251206.889022823,203655.920717556,0,53120.3041421565,104076.994964913,69823.065205614,681883.174053062,2.12096278986448
2017,"E09000032","Wandsworth",323257,260056.319010389,194776.810042741,0,37014,153872.795105292,68939.5931777231,714659.517336145,2.21080910030145
2018,"E09000032","Wandsworth",326474,262101.816176412,184315.379208221,0,0,205811.088923894,62612.1815243934,714840.46583292,2.18957854479352
2002,"E06000007","Warrington",191615,22587.9841819322,26688.6750112529,NA,59799.4814563433,63482.0911377974,11621.2192044024,184179.450991728,0.961195370882907
2003,"E06000007","Warrington",191987,33030.1172969675,27827.6206631179,NA,76979.5793332271,60657.8711674567,12819.6908918497,211314.879352619,1.10067285468609
2004,"E06000007","Warrington",191837,35514.8060806526,41672.4463592689,NA,87015.9526017543,58140.8909835275,12956.7856440591,235300.881669262,1.22656672940706
2005,"E06000007","Warrington",192992,36975.2025251829,44163.7901083495,NA,84735.7905297536,69766.4806761915,13444.6672447466,249085.931084224,1.29065417781164
2006,"E06000007","Warrington",194603,145505.246255808,48685.6866255888,NA,9702.47640517104,50260.6626053638,12201.9899258942,266356.061817825,1.3687150856761
2007,"E06000007","Warrington",196559,152715.602458517,52503,NA,8868.15211102121,52839.8936453218,12558.0345943669,279484.682809227,1.42188697952893
2008,"E06000007","Warrington",198187,151604.481825985,58109.5993022288,8687,8140.67864028096,58481.078564091,12674.7152546734,297697.55358726,1.50210434381296
2009,"E06000007","Warrington",200057,158419.523824684,66376.0593006489,9004,12680.1011576831,54937.028040853,12799.0919857528,314215.804309622,1.5706313916015
2010,"E06000007","Warrington",201309,154292.264322275,70925,14180,8723.41745168169,60075.5557681892,13168.8773922505,321365.114934396,1.59637728533944
2011,"E06000007","Warrington",202709,153995.303351923,65368,0,16888.401099259,54636.0435280497,13698.0745722971,304585.822551529,1.50257671120438
2012,"E06000007","Warrington",203795,159079.496292809,68582,0,1292.53223507847,66688.5170740072,12693.6641516088,308336.209753503,1.51297239752449
2013,"E06000007","Warrington",205165,143851.790519591,56343,0,43604.0076440577,29074.0169011527,23277.8769436132,296150.692008415,1.44347570008732
2014,"E06000007","Warrington",206681,141826.50376036,60387,0,36117.2748543353,31157.0262821376,23902.6697719362,293390.474668769,1.41953287756866
2015,"E06000007","Warrington",207781,146673.519415812,53586,0,26691.6805341271,33382.9978250689,22906.690603359,283240.888378367,1.36317030131902
2016,"E06000007","Warrington",208973,145851.23039609,52214,0,18659.7615585921,30149.8605430637,22804.0756128336,269678.92811058,1.29049651443287
2017,"E06000007","Warrington",209704,148669.812278563,43383,0,11352.3491036693,33561.8898846538,22483.4829598978,259450.534226784,1.23722262916675
2018,"E06000007","Warrington",209547,143917.570240801,37674,0,6706.77022688245,30806.5583811886,22357.6331203252,241462.531969198,1.15230727220718
2002,"E07000222","Warwick",128330,15677.2967449984,19038.5771043547,NA,29188.4400371262,42512.4124862197,7055.88716072929,113472.613533428,0.884225150264383
2003,"E07000222","Warwick",130724,19507.0673557827,20460.3430927899,NA,39949.3479078003,40670.0471016744,7778.37444472057,128365.179902768,0.981955722765275
2004,"E07000222","Warwick",132719,22026.735957905,30982.9706499922,NA,46811.1304901116,39619.7673902942,8066.21124023161,147506.815728535,1.11142199480507
2005,"E07000222","Warwick",134567,21437.2461821091,33607.2954532868,NA,44931.0109366317,48160.0361919057,8455.07126665941,156590.660030593,1.1636631568705
2006,"E07000222","Warwick",135593,87166.0840548975,34406.06013507,NA,5424.24401815299,28099.4319556042,7836.60642952865,162932.426593253,1.20162859877172
2007,"E07000222","Warwick",136655,96179.7504046738,35355.2403060738,NA,4988.43565358798,29721.3387732723,8024.16363980007,174268.928777408,1.27524736582934
2008,"E07000222","Warwick",137448,92206.1195882711,38957.3534402207,5867.64375658158,4614.40693828515,33149.484107797,8075.62806460703,182870.635895763,1.33047142116118
2009,"E07000222","Warwick",138189,95270.6000800545,42890.9778097914,6145.68949755686,7237.87355823592,31359.7723926505,8322.21854311965,191227.131881409,1.38380863803493
2010,"E07000222","Warwick",138115,97533.1770029734,45398.7758239214,7896.68625198928,4997.09864636894,34411.2028700801,8536.65960387088,198773.600199204,1.43918908300477
2011,"E07000222","Warwick",137736,90263.9631436235,44157.1165374327,375.061249208678,9432.16577318984,30515.706180908,8867.15474774679,183611.16763211,1.33306592054444
2012,"E07000222","Warwick",138423,83419.9729683396,44371.3008754012,374.306897432156,733.537695141523,37820.8514717683,8249.538214911,174969.508122994,1.26402048881323
2013,"E07000222","Warwick",138208,82865.4149516757,34483.6244520188,147.383771566667,25694.4343305121,18218.9887119052,13451.6614990983,174861.507716777,1.26520539850643
2014,"E07000222","Warwick",138725,77864.6193320662,35555.8431079736,98.4346094669201,21946.6295139832,20750.6265272875,14191.9102633722,170408.06335415,1.22838755346296
2015,"E07000222","Warwick",138893,77669.2507466397,32583.0762887415,75.5568472892206,16530.0566545499,18513.881339232,13483.3946058211,158855.216482273,1.14372370445072
2016,"E07000222","Warwick",139488,78238.7996550929,31722.9113313094,43.1696109597471,10945.3232359734,14537.401931337,13378.8363676696,148866.442132342,1.06723475949431
2017,"E07000222","Warwick",140282,79567.6535296389,29561.340203556,77.7740372182329,5860.24551067907,20604.223624686,13153.7514639668,148824.988369745,1.06089867816074
2018,"E07000222","Warwick",142484,79378.8890282132,29443.0012539185,0,2724.94357366771,25937.0363636364,13209.3579937304,150693.228213166,1.05761508810229
2002,"E07000103","Watford",80185,8327.95994279052,15191.6299569295,NA,25537.1449941224,26969.009596429,4750.73544748252,80776.4799377539,1.00737644120165
2003,"E07000103","Watford",80644,10960.8810708891,16451.9946610519,NA,30859.6120504679,25321.5560178201,5000.32190958514,88594.3657098141,1.09858595443944
2004,"E07000103","Watford",81097,16883.7574773288,26402.10339843,NA,34795.9455815828,24284.9719840056,5110.57766912426,107477.356110471,1.32529385933476
2005,"E07000103","Watford",82138,13138.9704135453,28574.0722759154,NA,33221.6449549637,29201.5231519598,5362.05188904037,109498.262685425,1.33310115519522
2006,"E07000103","Watford",82145,57188.6764481256,30155.0174209605,NA,3597.8740700262,18636.5425516506,5373.02387975192,114951.134370515,1.39936860880778
2007,"E07000103","Watford",82899,61321.7376066448,32282.9805611424,NA,3279.90351310494,19546.032894234,5502.93710261577,121933.591677742,1.47086927077217
2008,"E07000103","Watford",84776,61607.360069797,35667.8914609272,3578.01857690104,3032.99181894063,21784.1817724523,5706.69724368317,131377.140942701,1.54969733111613
2009,"E07000103","Watford",86472,66062.2444184246,41924.5145335715,3665.63416709299,4750.79260696025,20584.1394730435,5930.11102143993,142917.436220533,1.65275969354858
2010,"E07000103","Watford",88574,68580.948539283,47171.2019020603,4940.91994427797,3289.04666223081,22646.6346749533,6189.31497299215,152818.066695798,1.72531517935057
2011,"E07000103","Watford",90653,67975.3732631199,44758.0545960794,167.734408264156,6116.57765952507,19786.9876614539,6434.13647144551,145238.864059888,1.60214073510957
2012,"E07000103","Watford",91940,60199.019192573,45078.9330473722,394.655877891527,464.884846332788,23985.6758585697,6012.74318134121,136135.91200408,1.48070385038156
2013,"E07000103","Watford",93905,61921.5407060032,40708.6343280572,88.9144305981494,17140.0009021425,15567.9940970597,9804.95650603445,145232.040969895,1.54658475022518
2014,"E07000103","Watford",95553,61820.1563366675,42536.9896889174,54.1430711448239,14917.0064642456,9089.16458397411,10190.3220599639,138607.782204913,1.45058535268294
2015,"E07000103","Watford",96348,61973.8734952786,43206.0630000721,32.8233979672746,12002.188495639,11580.1254234845,9750.36812513515,138545.441937577,1.43796904904696
2016,"E07000103","Watford",96577,62345.9852318882,42338.3133767318,0,7878.05144739907,6533.10419624171,9686.71285105399,128782.167103315,1.33346621973466
2017,"E07000103","Watford",96675,62467.7902575419,40463.8974320326,0,4210.77624575124,12097.773514862,9535.83127846264,128776.06872865,1.3320513962105
2018,"E07000103","Watford",96767,63160.1617710756,35257.9667602471,0,1960.42186572552,14126.6323413812,9517.25523381728,124022.437972247,1.28166046247426
2002,"E07000206","Waveney",113245,13047.0678571376,26679.4770308592,NA,30837.5317420198,37786.6847500441,6329.39394051697,114680.155320578,1.01267301267674
2003,"E07000206","Waveney",114023,17362.6551816239,28106.0579594017,NA,40019.7696314103,35545.0105502137,6747.59241452991,127781.085737179,1.12066061879778
2004,"E07000206","Waveney",115131,20631.1342413948,38946.6233625072,NA,44832.5859608438,34007.2130006806,6747.09459473187,145164.651160158,1.26086502471236
2005,"E07000206","Waveney",116032,21859.6147997312,39017.1503746577,NA,43183.2790723335,40734.3459991373,7125.82937276183,151920.219618622,1.30929588060726
2006,"E07000206","Waveney",116005,74758.0047328372,44691.3009256559,NA,5794.6016194355,30017.2339603477,6298.1172853117,161559.258523588,1.39269219881547
2007,"E07000206","Waveney",116243,80613.8129998985,45914.2273318254,NA,5351.684984996,31888.2547931027,6418.13005821103,170186.110168034,1.46405469721216
2008,"E07000206","Waveney",116298,74858.9846293403,46799.8555913924,5433.90941389911,5011.46220329587,36000.4722068236,6551.35566698584,174656.039711737,1.50179744889626
2009,"E07000206","Waveney",116036,79856.8903510665,56035.3251914902,5514.58744915989,7940.19066310397,34402.7637162116,6704.7840564313,190454.541427463,1.64134011364976
2010,"E07000206","Waveney",115670,79272.7061311425,53979.0686818348,7186.05800192272,5513.09220747649,37962.0627700366,6836.89879222516,190749.886584638,1.64908694203024
2011,"E07000206","Waveney",115356,74760.4546144333,54187.1366792078,361.110607245529,10076.5693811949,32600.3430963948,7252.83275238895,179238.447130865,1.5537852138672
2012,"E07000206","Waveney",115740,68797.5542588585,54383.6394332985,376.18769872353,767.234412569835,39555.2706433662,6753.74540462499,170633.631851441,1.47428401461415
2013,"E07000206","Waveney",116214,66443.706570958,45891.5899212333,167.250974391311,26609.4668652595,18679.5372008197,11086.7338539147,168878.285386576,1.45316644626789
2014,"E07000206","Waveney",116290,64600.2676205624,45696.5594620329,202.764527628993,22251.5523239762,19022.4836895403,11550.8624119359,163324.490035677,1.40445859519887
2015,"E07000206","Waveney",116684,63056.7107500796,41942.2438701463,121.875164162657,16935.9587955075,19980.3893791108,11039.143390564,153076.321349571,1.31188784537358
2016,"E07000206","Waveney",117167,59641.5868379539,38271.5866795354,97.4864379139348,12660.3994541884,20224.3170246614,10977.1288874097,141872.505321663,1.2108571980307
2017,"E07000206","Waveney",117897,54925.1901985685,32676.1806623931,19.8452738917115,8334.35953885053,21215.0544137346,10822.3869636898,127993.017051128,1.08563421504473
2018,"E07000206","Waveney",118311,53595.8582135004,28886.2637629918,19.8080260389477,0,30906.4893771851,10837.7976800658,124246.217059782,1.05016623187854
2002,"E07000216","Waverley",115573,13301.8546030476,11990.0048580803,NA,16445.0451224761,39111.7467068502,5938.94018813145,86787.5914785856,0.750933102702063
2003,"E07000216","Waverley",116024,15935.8133469581,13124.1721231419,NA,24774.9404915815,36687.0353188919,5889.7703556918,96411.7316362651,0.830963694031106
2004,"E07000216","Waverley",116230,16925.3164272933,24430.5853153852,NA,30167.9692266383,35012.7955784299,6000.37857863083,112537.045126378,0.968227179956788
2005,"E07000216","Waverley",116357,17741.8883344639,27330.513115086,NA,27682.9686596422,41743.0456156622,6274.03115655157,120772.446881406,1.03794741082535
2006,"E07000216","Waverley",117038,70458.5609983368,28061.6428552299,NA,3292.42265207911,17055.0458386781,6675.17192459465,125542.844268919,1.07266737528767
2007,"E07000216","Waverley",118098,78721.9802033334,29412.4286320586,NA,3002.04663579884,17889.1381851139,6814.53805313612,135840.131709441,1.15023227920406
2008,"E07000216","Waverley",119012,78396.5165769822,31332.9278527714,4182.51937528187,2824.41461744799,20290.4810195591,6935.2408040991,143962.100246142,1.20964356742296
2009,"E07000216","Waverley",120106,78888.9394638424,34071.9894151293,4299.77247556491,4395.0049655866,19041.0736855338,7132.17169615638,147828.951701813,1.23082070589157
2010,"E07000216","Waverley",120957,84288.0776538367,41161.8066315273,2016.04658004413,3001.50717087521,20666.5277028684,7302.08948271635,158436.055221868,1.30985437156897
2011,"E07000216","Waverley",121754,83323.6179975285,36960.6999340301,251.137518529251,5809.09088779223,18793.0098725786,7509.73990436573,152647.296114825,1.25373536898028
2012,"E07000216","Waverley",122081,79860.5506841508,37800.8983152775,274.624276471401,450.911384682084,23265.3304386362,6938.59588076004,148590.910979978,1.21715017881552
2013,"E07000216","Waverley",122783,73402.9101483707,31974.4565371845,0,18712.145715063,12613.6527298343,10749.4807102456,147452.645840698,1.20092069619327
2014,"E07000216","Waverley",123359,71984.3896606377,31769.001344392,141.437122399804,16245.2691790618,13108.6380304013,11240.8603112289,144489.595648121,1.17129350633615
2015,"E07000216","Waverley",124011,72243.8791332518,31771.0979876866,19.4629600249748,13188.2040640337,14571.8820324775,10696.9062959001,142491.432473375,1.14902252601281
2016,"E07000216","Waverley",124593,67747.2705562273,30487.1786577993,20.7838573155985,7841.85066505441,13277.7620918984,10613.6934703748,129988.53929867,1.04330531649988
2017,"E07000216","Waverley",125010,66400.8411038023,30034.6052790763,19.1946485382441,3013.60099163012,14054.6064914061,10475.2157769921,123998.064291445,0.991905161918607
2018,"E07000216","Waverley",125610,68970.1169530522,28598.6713746879,8.23371716414524,0,19027.0763319646,10484.6887642508,127088.78714112,1.01177284564222
2002,"E07000065","Wealden",141150,21611.6974100001,16582.1317135112,NA,37266.3592206406,47215.2269216347,8570.08254357076,131245.497809357,0.92982995259906
2003,"E07000065","Wealden",142444,26516.890356437,18656.5096697981,NA,46857.8336858095,44470.1095046543,8936.82698790973,145438.170204609,1.02101998121794
2004,"E07000065","Wealden",143404,29812.3090979337,26427.1995695109,NA,52039.7400119491,42472.4080726175,9085.56017361447,159837.216925626,1.11459385320929
2005,"E07000065","Wealden",144084,27842.4855559252,29343.9478219444,NA,48955.526099887,50782.218868779,9340.85010899503,166265.028455531,1.15394511851094
2006,"E07000065","Wealden",145094,93580.3598455599,29628.2963647916,NA,6279.19962309951,32526.3443361264,8645.75514392768,170659.955313505,1.17620270523595
2007,"E07000065","Wealden",146207,101647.226380113,33105.5127781546,NA,5729.23367317432,34138.9333782607,8853.00420833774,183473.910418041,1.25489142392663
2008,"E07000065","Wealden",146539,94232.4931609127,34594.4358193791,6716.92439286051,5320.77495920426,38224.4378488515,8985.21819762701,188074.284378835,1.28344184400627
2009,"E07000065","Wealden",146612,100898.032341383,40320.2703276786,7082.57848838326,8353.64658207747,36192.1751897396,9193.22473361134,202039.927662873,1.37805860136191
2010,"E07000065","Wealden",147861,103217.56626518,46371.822802318,9569.99004680598,5823.78778017133,40107.7906165442,9454.84164254839,214545.799153568,1.450996538327
2011,"E07000065","Wealden",149415,105878.317421755,44177.1494784429,555.484341124677,11405.7212332479,36900.208658235,10119.4147400999,209036.295872905,1.39903152878162
2012,"E07000065","Wealden",151050,100529.209369713,44501.3768023422,584.956783056669,890.121176568014,45905.3405022273,9413.7942668471,201824.798900754,1.33614563985934
2013,"E07000065","Wealden",152777,97078.3155848942,34474.3922108756,312.749231637827,33946.9248306134,22866.1831605082,15655.2448150333,204333.809833563,1.33746447327518
2014,"E07000065","Wealden",155005,96979.0050526057,34056.3232598265,247.490420959736,29371.7143514195,23475.224719549,16330.3484937926,200460.106298153,1.29324929065613
2015,"E07000065","Wealden",156790,94717.0025913686,34425.0745338172,16.6852653383998,22462.731063548,25397.3562921994,15587.8097335183,192606.65947979,1.22843714190822
2016,"E07000065","Wealden",158054,94097.2040671871,34701.4128190954,16.6809484730428,15356.2812491507,25943.8554478627,15482.4798665731,185597.914398342,1.17426901184622
2017,"E07000065","Wealden",158941,96649.5110681772,33571.4216853208,16.6924902989358,8835.66134175487,25092.3224344536,15285.9754473002,179451.584467306,1.12904527131014
2018,"E07000065","Wealden",160175,99281.2245226252,30170.9455568004,16.7513839052273,5016.22273688567,29320.8714060186,15304.5684534377,179110.584059673,1.11821809932682
2002,"E07000156","Wellingborough",72975,8918.09902949213,9391.43376048243,NA,22084.5879346085,23749.263026477,4068.87366908508,68212.2574201451,0.934734599796439
2003,"E07000156","Wellingborough",72978,11368.7792943769,10152.5975390016,NA,28175.7643192576,22742.0819523672,4534.14147006377,76973.364575067,1.05474752082911
2004,"E07000156","Wellingborough",73179,13044.8071080827,17921.80582757,NA,32231.2248567929,21906.3083019907,4646.28751067094,89750.4336051072,1.22645067034405
2005,"E07000156","Wellingborough",73996,14057.685057682,18982.8295759798,NA,31525.6106593323,26246.4284910994,4820.00073344029,95632.5545175338,1.29240167735464
2006,"E07000156","Wellingborough",74460,52757.8793902378,20520.0204655494,NA,3827.59585173666,19831.607429442,4449.73910606191,101386.842243028,1.36162828690609
2007,"E07000156","Wellingborough",74738,54046.7827343311,22014.5847139103,NA,3475.63516163687,20712.7203531817,4525.56893560416,104775.291898664,1.4019012001748
2008,"E07000156","Wellingborough",75081,57416.3276329584,23554.2211379812,3130.76901980386,3191.10728235435,22923.0474328407,4657.95991896208,114873.432424901,1.52999337282269
2009,"E07000156","Wellingborough",75109,57996.16230116,27810.1848480681,3256.31879660084,5014.29500456498,21723.461374703,4774.9201859937,120575.342511091,1.6053381420481
2010,"E07000156","Wellingborough",75179,55758.7683220181,30795.7048012314,4343.81295066503,3473.40563886333,23916.777183795,4901.74540959374,123190.214306167,1.63862533827487
2011,"E07000156","Wellingborough",75637,54728.0472428804,29371.3538179769,200.542746268915,6398.27424214696,20698.4863876813,5292.66192772855,116689.366364683,1.54275508500711
2012,"E07000156","Wellingborough",76089,49345.6262938525,28468.7188686493,190.092816111239,484.717495013072,25026.1859477875,4914.54730120472,108429.888722618,1.4250402649873
2013,"E07000156","Wellingborough",75894,39668.6452218152,22694.0034322721,70.0157924198085,16173.4042981344,11728.3740184651,7963.08643742339,98297.52920053,1.29519499829407
2014,"E07000156","Wellingborough",76413,36645.2161460487,22366.1616343147,57.3083306815299,13536.1063711973,12002.4372854317,8358.3396911198,92965.5694587938,1.21661980891725
2015,"E07000156","Wellingborough",77197,35858.8989318907,22661.9867738373,48.8054423644392,10070.0721647486,12245.3843889294,7951.0557211836,88836.203422954,1.15077274276143
2016,"E07000156","Wellingborough",78367,38494.1210236302,21496.4141035863,0,7216.14588123181,12474.1923279614,7916.92310895458,87597.7964453643,1.11778933027122
2017,"E07000156","Wellingborough",78914,35403.184597057,20468.7124063523,40.1379071220128,4587.26766404617,12887.7533043986,7777.70432091353,81164.7601998896,1.02852168436386
2018,"E07000156","Wellingborough",79478,38131.6359336903,20064.9424655775,39.4401689623901,2922.17983954458,14050.0234503533,7766.09882266707,82974.3206807951,1.04399105011192
2002,"E07000241","Welwyn Hatfield",98136,10161.8931090066,14191.9181823687,NA,28633.823023548,32840.2204247073,5814.28164711785,91642.1363867484,0.933827916225935
2003,"E07000241","Welwyn Hatfield",99198,13377.6537432426,16130.5591536509,NA,35126.7846359595,31128.0672567794,6150.76053751087,101913.825327143,1.02737782341522
2004,"E07000241","Welwyn Hatfield",100470,16426.3449911492,30632.8723311622,NA,40409.2630255326,30026.4072559163,6331.42703696702,123826.314640727,1.23247053489327
2005,"E07000241","Welwyn Hatfield",103202,16739.2628578575,33716.7325357206,NA,38850.0977457714,36632.6059841798,6737.13115796275,132675.830281492,1.285593595875
2006,"E07000241","Welwyn Hatfield",105096,73546.1987825456,35643.8634107159,NA,4101.37570471086,21247.8422181298,6874.2262787316,141413.506394834,1.34556506807903
2007,"E07000241","Welwyn Hatfield",106694,77631.1949384596,38406.4495831135,NA,3762.00328625458,22415.2609394252,7082.4783317831,149297.387079036,1.39930443210524
2008,"E07000241","Welwyn Hatfield",107442,78533.3853758036,41913.1513440707,4075.05171203408,3497.6887917644,25127.9204963176,7232.45924855864,160379.656968549,1.492709154414
2009,"E07000241","Welwyn Hatfield",108434,83146.3247440495,46405.2948808088,4260.98745576095,5498.89908343889,23823.5999585993,7436.22974487483,170571.335867532,1.57304291889566
2010,"E07000241","Welwyn Hatfield",109630,84445.9752789938,51291.539622495,5803.97287568806,3805.49838079305,26206.7753450802,7660.6521156223,179214.413618672,1.63472054746577
2011,"E07000241","Welwyn Hatfield",110727,82464.9110708469,48374.3821082599,402.877144979925,7076.5844980997,22895.0890184529,7858.89743388247,169072.741274522,1.52693327981903
2012,"E07000241","Welwyn Hatfield",111661,71888.8787150522,47717.0400587625,400.904818155816,545.508634178436,28117.2949319529,7302.4680919267,155972.095250029,1.39683591630049
2013,"E07000241","Welwyn Hatfield",113375,70762.4359996072,40464.6113299983,107.349699899528,20014.8076490113,13751.0516027276,11837.8887585502,156938.145039794,1.38423942703236
2014,"E07000241","Welwyn Hatfield",115341,71873.9405568383,40149.2201993597,65.3555196478931,17443.8662375075,13244.432945906,12300.6283080415,155077.443767301,1.34451273846508
2015,"E07000241","Welwyn Hatfield",117784,73779.7643933231,42387.5088678591,40.126116849104,14191.5944469044,15369.4558151668,11919.680317712,157688.129957815,1.33879075220586
2016,"E07000241","Welwyn Hatfield",121007,76548.6320738286,41051.9952393368,0,9535.24476319847,16377.1087678704,12137.0519064321,155650.032750666,1.28628949358852
2017,"E07000241","Welwyn Hatfield",122274,79360.1773177702,40029.4107522431,0,5169.15743132131,17144.9204629556,12060.8661364649,153764.532100755,1.25754070448955
2018,"E07000241","Welwyn Hatfield",122746,80296.6938806871,34849.8805993085,0,2446.1300477471,18267.2845946984,12072.3491575654,147932.338280007,1.20519070503321
2002,"E06000037","West Berkshire",143913,21377.3628580836,28586.2321369773,NA,34299.1542091977,48009.8756448249,8368.68631324772,140641.311162331,0.977266203625324
2003,"E06000037","West Berkshire",144297,29403.0077215861,31406.171728359,NA,46390.0985909701,45796.6897439752,9018.8609164367,162014.828701327,1.1227872284339
2004,"E06000037","West Berkshire",145147,31424.7342573999,35638.587563244,NA,54213.054011904,43573.5316607707,9175.04000861756,174024.947501936,1.19895655784781
2005,"E06000037","West Berkshire",146492,32127.5288706489,38791.7294359086,NA,57196.4521357804,52054.7393042525,9509.53284431666,189679.982590907,1.2948146150705
2006,"E06000037","West Berkshire",148107,113206.448148815,42523.6302071944,NA,5455.82713082522,28261.219573892,9241.40723727007,198688.532297996,1.34152020024709
2007,"E06000037","West Berkshire",150056,120136.569894545,46193.8878582172,NA,4960.66942529901,29562.1020524148,9487.1478751492,210340.377105625,1.40174586224893
2008,"E06000037","West Berkshire",152024,121377.08488525,48372.6008388087,6917,4571.57586308537,32838.0796988882,9674.38826825241,223750.729554285,1.47181188203366
2009,"E06000037","West Berkshire",153039,127962.116868741,57544.9068166108,7305,7127.3667185226,30882.0503653418,9922.33125774982,240743.772026966,1.57308772291355
2010,"E06000037","West Berkshire",153943,130407.501856096,58958,11015,4890.20372140377,33674.7391150443,10147.5479829924,249092.992675536,1.6180858673375
2011,"E06000037","West Berkshire",154148,110947.471920636,58178.2390081985,552,9703.81707376581,31395.5063351822,10715.350850243,221492.385188026,1.43688134252813
2012,"E06000037","West Berkshire",154704,115085.62639757,58907.9907978522,575,746.040553182243,38472.8286332408,9909.64066952762,223697.127051373,1.44596860489304
2013,"E06000037","West Berkshire",156031,110749.80159454,47345,242,25431.8074481047,1151.83039705765,15933.9782253879,200854.41766509,1.2872725142125
2014,"E06000037","West Berkshire",156633,112052.748560551,46711.8924973145,134,21122.8159633823,16992.8769974541,16307.5610781339,213321.895096836,1.36192178593806
2015,"E06000037","West Berkshire",157460,117549.819697014,45612.2951879024,0,16771.2348097789,19182.9477816398,15644.6746012963,214760.972077632,1.36390811684004
2016,"E06000037","West Berkshire",158576,116385.078867384,44906.6623274334,0,10532.6778548206,18595.720320925,15355.079222914,205775.218593477,1.29764414913655
2017,"E06000037","West Berkshire",158473,119433.288764094,41395.59544315,0,4438.1426563761,20664.4414255481,15066.2574532884,200997.725742457,1.26834051063876
2018,"E06000037","West Berkshire",158527,117529.455930734,39580.6916713082,0,605.127954373642,26833.995777938,14971.877021573,199521.148355927,1.25859410924276
2002,"E07000047","West Devon",49972,8526.58393606768,7897.98701896629,NA,12988.6546468907,16507.4079787251,2987.73131519067,48908.3648958404,0.978715378528784
2003,"E07000047","West Devon",49698,7584.16534319916,9435.55175769815,NA,16102.5395775972,15571.7082726324,3164.01397778046,51857.9789289074,1.04346208959933
2004,"E07000047","West Devon",50118,8565.97893462973,10805.7593297802,NA,17648.8532985546,15038.119112826,3236.15721450388,55294.8678902944,1.10329358494542
2005,"E07000047","West Devon",50481,9086.36368974004,12048.2565785042,NA,17061.6284958214,17961.5498927269,3366.77620783275,59524.5748646252,1.1791480926413
2006,"E07000047","West Devon",50833,32007.4248183262,12728.976842123,NA,2499.78971774976,12950.2425122296,3131.70672299404,63318.1406134226,1.24561093410624
2007,"E07000047","West Devon",51711,34835.229718938,13464.2512716869,NA,2309.30157520907,13763.8289089311,3251.67032869422,67624.2818034592,1.30773494620988
2008,"E07000047","West Devon",52566,33941.7553673631,14241.6241134968,2581.24832651053,2196.39001555046,15780.8922257355,3377.21207853248,72119.1221271888,1.37197279852355
2009,"E07000047","West Devon",52868,35169.6544829904,16365.7753556546,2645.68054543393,3501.303383377,15169.4380354121,3445.41694346035,76297.2687463284,1.44316540717123
2010,"E07000047","West Devon",53285,33234.4942824416,19006.4786478973,3718.5690596149,2465.57258436914,16980.7921620477,3567.87586061627,78973.782596987,1.48210157824879
2011,"E07000047","West Devon",53655,29604.3120079389,18755.9334941802,177.085543974996,4742.19916239484,15340.4804519937,3818.0204310564,72438.0310915391,1.35007047044151
2012,"E07000047","West Devon",53886,28961.6817644203,19205.4106780427,145.250683174391,364.823509954615,18843.5396280467,3536.80369420045,71057.5099578391,1.31866365953753
2013,"E07000047","West Devon",53982,30736.8927351567,15338.2239508742,0,12433.6675365091,8351.65484779956,5835.09548762289,72695.5345579624,1.34666249042204
2014,"E07000047","West Devon",54343,29555.4554790593,16140.144807453,65.0238197363156,10536.2587246921,8208.05955557038,6089.25387128962,70594.1962578007,1.29904856665625
2015,"E07000047","West Devon",54502,30591.7399798954,15288.1925897006,47.4877797427778,7802.9072247195,9274.88060430512,5774.66762430669,68779.8758026702,1.26196975895692
2016,"E07000047","West Devon",54742,30767.0937850003,15006.7203077433,36.1277196208163,5068.26599597799,8376.4355412743,5727.2859582915,64981.9293079081,1.18705800496708
2017,"E07000047","West Devon",55329,30766.9999127113,14044.1812414329,38.3071848429376,2789.80223717078,8920.98721984567,5661.97493448044,62222.2527304841,1.12458661335799
2018,"E07000047","West Devon",55528,28468.1417464823,12655.9391289026,50.3412457908224,231.001850515949,13382.2496954989,5639.52114645229,60427.1948136428,1.08822926836268
2002,"E07000052","West Dorset",93679,12034.6125432984,21697.9340703959,NA,17986.9571283257,30986.8721163737,5037.76305484522,87744.138913239,0.936646835611385
2003,"E07000052","West Dorset",95060,14401.7783575145,22772.1426879343,NA,23876.3264738454,29588.5651339353,5375.55936453658,96014.3720177661,1.01003968038887
2004,"E07000052","West Dorset",95626,16983.9019833548,25923.8176294359,NA,27197.7505282187,28501.7184629751,5453.50440388116,104060.693007866,1.08820501754612
2005,"E07000052","West Dorset",96385,16441.4700397062,28381.4556155623,NA,24953.9854005171,34333.700402476,5675.51711206198,109786.128570323,1.13903749100299
2006,"E07000052","West Dorset",97091,62211.9990385922,30965.3195912914,NA,3135.28448384996,16240.355055132,5207.11189185478,117760.07006072,1.21288348107158
2007,"E07000052","West Dorset",97981,72659.5414981247,27489.1675976694,NA,2943.4967956979,17537.1036142667,5315.02082817208,125944.330333931,1.28539543721671
2008,"E07000052","West Dorset",98472,72443.1877022161,28663.3160785786,3876.65214429599,2871.47734953311,20625.6372964416,5361.61335894605,133841.883930011,1.35918722002205
2009,"E07000052","West Dorset",98626,71166.8019686982,37601.4858026905,4102.04944942606,4574.76649901713,19822.0643837192,5491.62053619707,142758.788639748,1.44747620951623
2010,"E07000052","West Dorset",99033,76260.8681708192,40722.6890865624,5725.62329769547,3208.93519170574,22097.5499307416,5607.25922905063,153622.924906575,1.55122963968147
2011,"E07000052","West Dorset",99275,67203.5676776069,38659.8080678954,265.33277108259,6266.68401684164,20272.4007597109,6109.10372206972,138776.897015207,1.39790377250272
2012,"E07000052","West Dorset",99530,63330.744913677,38310.8053329799,228.818382273204,494.783322641328,25527.8485959038,5629.67085203947,133522.671399515,1.3415319139909
2013,"E07000052","West Dorset",100096,63641.5724684371,30703.39753492,223.942372759427,17474.8443542025,11758.4833362752,8582.48768728449,132384.727753879,1.32257760303987
2014,"E07000052","West Dorset",100549,68774.8469410032,33709.617962332,238.09924778613,14934.4979615558,12157.7604284078,9209.9674787522,139024.790019837,1.38265711264992
2015,"E07000052","West Dorset",100873,57895.4468903493,30727.0925086789,26.8784058672154,11073.0992793388,12401.3470493943,8763.29433395626,120887.158467585,1.19840947000273
2016,"E07000052","West Dorset",101505,58372.9133770667,30105.1053240111,73.2007788467677,6510.20265707752,12362.1668282443,0,107423.588965246,1.05830834900001
2017,"E07000052","West Dorset",102064,57469.3431859099,28765.5351522016,87.0026821015054,2550.68360644868,12490.7054528652,8696.55431957638,110059.824399103,1.0783412799724
2018,"E07000052","West Dorset",102754,58572.9828672695,26184.730631851,113.71176696771,616.364779056615,14150.8913347866,8737.4456432223,108376.127023154,1.0547144346999
2002,"E07000127","West Lancashire",108750,13807.5397513351,16069.1341525886,NA,38711.8322332245,36301.8299267958,7458.39571262383,112348.731776568,1.0330917864512
2003,"E07000127","West Lancashire",109273,18158.828144312,16720.0405335471,NA,47149.0553817706,34394.2088181339,8053.63964591207,124475.772523676,1.13912652277942
2004,"E07000127","West Lancashire",109588,20078.5088776174,29462.9959063758,NA,52954.4997790045,32903.0349640718,8223.39479952916,143622.434326599,1.31056716361827
2005,"E07000127","West Lancashire",109806,24973.5387461782,29782.2335794826,NA,51297.7150574069,39385.5518136725,8510.65674819341,153949.695944934,1.40201533563679
2006,"E07000127","West Lancashire",110308,79861.7016603657,33139.945368718,NA,6348.12797601392,32887.6729063686,7683.50786973291,159920.955781199,1.44976752167748
2007,"E07000127","West Lancashire",110720,84452.4252750138,34037.3171101437,NA,5868.38655454078,34968.3308760659,7862.29043657523,167188.750252339,1.51001400155653
2008,"E07000127","West Lancashire",110666,82639.0030760682,34523.9375857863,5345.68648525984,5480.63437438352,39372.9730842888,8130.26289592916,175492.497501716,1.58578513275727
2009,"E07000127","West Lancashire",110583,83040.4638519074,38312.1256999019,5724.84326898546,8714.8305423507,37757.436806066,8346.26447571642,181895.964644928,1.64488180502363
2010,"E07000127","West Lancashire",110763,85753.9529116323,43701.6545579936,7513.88587153417,6093.7810648881,41965.6020459205,8572.61041118563,193601.486863154,1.7478895196334
2011,"E07000127","West Lancashire",110617,86928.5185811437,41191.6772564057,139.981034656415,11404.5156349151,36895.0226400543,8655.22510033908,185214.940247514,1.67438043200877
2012,"E07000127","West Lancashire",110911,89362.3399396645,41194.5353739733,346.676096888639,869.348872418481,44859.23143976,7999.38399438735,184631.515717092,1.66468173325542
2013,"E07000127","West Lancashire",111216,90971.146573753,32513.1584336743,177.780426508195,29391.5311745828,20273.6191074346,15016.7662225129,188344.001938466,1.69349735594218
2014,"E07000127","West Lancashire",111845,91167.5420563145,34115.6200217577,119.826666553921,24847.7231842098,20047.6978263507,15458.4993089354,185756.909064122,1.66084231806627
2015,"E07000127","West Lancashire",112482,92429.4900480278,33675.8151294043,260.561815161392,18583.1648250613,21134.194331581,14742.3786123978,180825.604761634,1.60759592434019
2016,"E07000127","West Lancashire",113061,94748.5370529648,29659.5072845889,251.390005838962,13927.8352152493,21150.4535016838,14670.104825715,174407.827886041,1.54259937455038
2017,"E07000127","West Lancashire",113881,98271.4862519062,28469.0634232734,327.944836107517,9517.88792790848,22074.7611313691,14518.7297552427,173179.873325807,1.52070910271079
2018,"E07000127","West Lancashire",113949,98756.8886456243,25795.6185098915,116.109886922308,6503.12237908401,24043.0197097199,14451.7418247347,169666.500955977,1.48896875756678
2002,"E07000142","West Lindsey",81075,9684.68584307026,16810.4960798072,NA,24770.5262896977,26050.9922968974,4242.4690731871,81559.1695826596,1.00597187274326
2003,"E07000142","West Lindsey",82498,13934.6866979193,18891.9580667584,NA,30926.8343192144,25521.27889903,4592.14406579041,93866.9020487125,1.13780821412292
2004,"E07000142","West Lindsey",83786,16471.5662247273,19275.2559431304,NA,35058.3245882379,24786.7362551401,4726.0031498405,100317.886161076,1.1973108414422
2005,"E07000142","West Lindsey",84626,16441.7764408171,20524.9418092375,NA,34685.4732860492,29998.9882390112,5002.78989966397,106653.969674779,1.26029789514781
2006,"E07000142","West Lindsey",85852,60958.6719559274,22678.165666298,NA,4419.30272215041,22894.467886562,4463.36107520418,115413.969306142,1.34433640807601
2007,"E07000142","West Lindsey",87345,64488.4423911586,24013.5438904256,NA,4164.58551270723,24812.8529490197,4619.82112148805,122099.245864799,1.39789622605529
2008,"E07000142","West Lindsey",88261,63245.728713719,24721.8315676817,4310.35509146951,3977.81132595108,28573.9635834356,4795.67638488541,129625.366667142,1.46865961939183
2009,"E07000142","West Lindsey",88616,65790.2367888843,30831.9896456769,7019.73040352948,6387.64988187342,27673.716701696,4948.48721724379,142651.810638904,1.60977487856486
2010,"E07000142","West Lindsey",89364,61421.017076306,33392.1905156609,6374.67717001145,4507.05474533053,31037.6765181475,5117.49055991458,141850.106585371,1.58732942331779
2011,"E07000142","West Lindsey",89352,52398.1764152844,31295.2009603116,264.263447720099,8502.5926734269,27507.5129944262,5358.23480625881,125325.981297428,1.40260969309504
2012,"E07000142","West Lindsey",90074,45908.0601097911,31058.7826314267,314.489443591626,648.550345947629,33451.9348316981,4987.11957718748,116368.936939643,1.29192593800256
2013,"E07000142","West Lindsey",90791,43567.475160899,24366.6303250552,172.679125438392,22310.3300971812,15757.7550277907,8116.67076407512,114291.54050044,1.2588421814986
2014,"E07000142","West Lindsey",91882,44320.2248382945,24600.5322850826,156.047971951916,18705.3210827916,15143.1502638389,8672.27502370588,111597.551465665,1.21457468781334
2015,"E07000142","West Lindsey",92958,44283.9480165457,23679.6539743677,133.63461042924,14133.0835559775,15609.8859266291,8307.78637553401,106147.992459483,1.14189195614668
2016,"E07000142","West Lindsey",93903,45240.9724802668,24055.0008377964,99.6002610058122,10256.5923569872,16655.4472530615,8265.81305324438,104573.426242362,1.11363243178985
2017,"E07000142","West Lindsey",94340,45577.7490105449,22398.5864110835,0,6826.02018847905,17188.6445562994,8130.73401395954,100121.734180366,1.06128613716734
2018,"E07000142","West Lindsey",94869,47059.9285887226,21052.460825341,0,0,27074.2721924023,8125.89429146385,103312.55589793,1.08900226520707
2002,"E07000181","West Oxfordshire",95961,12896.0152054133,13993.8797204687,NA,19235.3816878753,33019.5936126216,5580.22907802328,84725.0993044021,0.882911800673212
2003,"E07000181","West Oxfordshire",97083,17100.5267438521,14509.6753231468,NA,27330.3304292687,30302.6480926883,6067.88827453394,95311.0688634898,0.981748286141649
2004,"E07000181","West Oxfordshire",98038,16850.2897278656,18176.9255587032,NA,32317.5794393239,29083.5815803977,6197.18335456364,102625.559660854,1.04679368878245
2005,"E07000181","West Oxfordshire",98869,15721.1523890298,19958.6553223877,NA,30071.4777916385,34978.9966588642,6418.08428299664,107148.366444917,1.08374077258713
2006,"E07000181","West Oxfordshire",100316,62729.4164253937,21020.8212538956,NA,3903.24128341515,20219.0993817898,6259.40035524306,114131.978699737,1.137724577333
2007,"E07000181","West Oxfordshire",102166,67380.6845037168,22833.9328893438,NA,3571.96876626865,21283.1138222164,6459.34817543113,121529.048156977,1.189525362224
2008,"E07000181","West Oxfordshire",103016,66801.7525940264,24654.184674746,4216.6367598437,3291.3104021424,23642.2060633626,6555.65425092282,129161.744745044,1.25380275631983
2009,"E07000181","West Oxfordshire",103824,69337.9373592436,31785.3781951036,4391.3589391925,5129.87904787111,22224.0414153539,6731.46139549146,139600.056352256,1.34458368346679
2010,"E07000181","West Oxfordshire",104706,71261.4688206393,34327.3879553807,6471.64485237895,3516.94335698186,24217.9902959422,6901.96474738837,146697.400028711,1.40104101034049
2011,"E07000181","West Oxfordshire",105442,75059.232458318,32170.2910454935,334.197730268131,6727.03558092681,21761.6456548751,7329.63142143477,143382.033891316,1.35981898950434
2012,"E07000181","West Oxfordshire",107164,65924.0352392007,31792.5598941266,341.340271117515,514.645976262048,26565.8481722298,6864.44263050249,132002.872183439,1.23178373505505
2013,"E07000181","West Oxfordshire",107945,66218.5890065822,26438.7041527234,126.31553860102,18178.5872532749,5647.96051494131,11023.4073968602,127633.563862983,1.18239440328855
2014,"E07000181","West Oxfordshire",108095,56821.8732465294,26453.6275222595,88.1713443993445,15215.4840650336,14442.035927437,11254.1151273415,124275.307233,1.1496859913317
2015,"E07000181","West Oxfordshire",108609,54564.7907462375,26668.6840917723,68.881632743954,11613.9979290073,14794.8316884158,10669.6131066442,118380.799194821,1.08997227849277
2016,"E07000181","West Oxfordshire",108748,53408.1591110315,25759.830438877,424.084258434982,7361.00656168753,13246.5144056455,10530.1820914479,110729.776867125,1.01822357070589
2017,"E07000181","West Oxfordshire",109266,52073.3082053754,23743.3290919059,1437.11987210672,3625.45017320102,14825.3311802873,10388.0767505569,106092.615273433,0.970957253614421
2018,"E07000181","West Oxfordshire",109800,49653.7152301672,22415.5071706849,62.7634817111839,937.140230741036,17167.2360703045,10369.9186698084,100606.280853417,0.916268495932762
2002,"E07000191","West Somerset",35165,4755.83715313558,10920.2624615376,NA,10245.6801663412,11471.4814352932,2133.70324412279,39526.9644604304,1.12404278289295
2003,"E07000191","West Somerset",35212,6484.17182346628,10962.7623127447,NA,12799.2521778317,11005.4370084362,2274.90243482225,43526.5257573011,1.23612762005285
2004,"E07000191","West Somerset",35184,7202.80352738473,11840.5733558809,NA,13364.4745521759,10528.0418237621,2293.01407439502,45228.9073335987,1.2854964567303
2005,"E07000191","West Somerset",35002,7936.15340944554,12597.5123160563,NA,12628.6445603397,12491.9375701785,2397.28385085338,48051.5317068734,1.37282245891302
2006,"E07000191","West Somerset",34934,24220.5139135833,13402.4810305228,NA,1669.66481381503,8650.23263699325,2229.30681590787,50172.1992108223,1.43619966825506
2007,"E07000191","West Somerset",35106,25074.9279279595,14604.8934673944,NA,1558.14130835947,9284.55453090348,2277.45217375725,52799.9694083741,1.50401553604438
2008,"E07000191","West Somerset",35244,25294.6446910836,14799.6004017745,1465.69523729807,1471.74620599865,10575.1865081986,2344.90491697385,55951.7779613272,1.58755470324955
2009,"E07000191","West Somerset",35064,24632.0636322123,16596.7499659785,2961.56818181818,2335.14123367698,10118.8255087294,2395.53328528591,59039.8818077013,1.6837748633271
2010,"E07000191","West Somerset",35000,24120.7210420546,18718.7433831055,2651.42525004304,1632.67505574101,11246.8231610888,2451.31913694904,60821.7070289819,1.73776305797091
2011,"E07000191","West Somerset",34588,20326.9259796653,17345.7019152538,70,3076.12283565427,9953.27716887138,2611.38481152225,53383.412710967,1.54340848591902
2012,"E07000191","West Somerset",34611,18167.1393148946,17487.1745396479,50,235.622745379929,12177.4585636743,2413.45784900899,50530.8530126057,1.45996512705804
2013,"E07000191","West Somerset",34396,19817.1280557851,15042.7904712373,0,7735.62427223827,5257.10346372159,3739.27455621084,51591.920819193,1.4999395516686
2014,"E07000191","West Somerset",34410,18243.4592225006,14266.3305846703,0,6422.29795686889,6278.5323403183,3885.19956098527,49095.8196653434,1.4267892957089
2015,"E07000191","West Somerset",34518,18728.0152497167,14142.3082866062,0,4816.73451619706,5751.16034517358,3671.93934375236,47110.1577414459,1.36479974915829
2016,"E07000191","West Somerset",34475,18659.311875374,13484.1256120372,30.9461397852192,3436.21166352013,2894.02024121361,3610.24389968516,42114.8594316153,1.22160578481843
2017,"E07000191","West Somerset",34865,19798.2672886452,11349.6595062457,0,2150.49377617885,6698.05115222934,3578.33043753754,43574.8021608366,1.24981506269429
2018,"E07000191","West Somerset",34887,20076.4611103446,10336.7780737017,0,1318.08956331385,7318.18885507481,3546.09577889923,42595.6133813342,1.22095948007379
2002,"E09000033","Westminster",208100,69517.9132332186,121811.819890165,NA,151269.840234301,80006.6685061595,28658.9923286534,451265.234192497,2.16850184619172
2003,"E09000033","Westminster",211009,146214.73480669,131237.863456256,NA,184800.857424328,58200.587060099,30885.8905599692,551339.933307342,2.61287401630898
2004,"E09000033","Westminster",214557,137550.09675745,196497.385220639,NA,193889.600318456,58196.9780746778,32419.5193136304,618553.579684853,2.88293357795296
2005,"E09000033","Westminster",223132,142453.188721812,206750.98251219,NA,187965.726957901,80076.060075603,34935.3843592952,652181.342626801,2.92284989435312
2006,"E09000033","Westminster",222829,248867.564666072,211509.202400029,NA,30964.686232968,160409.945357388,29365.3330153037,681116.731671761,3.05667903043034
2007,"E09000033","Westminster",220619,263643.231560961,205632.578273817,NA,28564.2655258555,170205.703514135,29442.1225274983,697487.901402267,3.1615042285672
2008,"E09000033","Westminster",218673,227657.692887154,232948.890590965,16592,25359.922820587,182171.084053823,29482.8781440884,714212.468496617,3.26612095913358
2009,"E09000033","Westminster",216980,254313.919853892,277734.595228461,16260.4011953777,39441.4849393032,170878.978221221,29603.1523731416,788232.531811396,3.63274279570189
2010,"E09000033","Westminster",217187,244152.915363714,321102.395847172,30678.1202481674,27017.5487969663,186059.665468006,30032.9004729272,839043.546196952,3.86323097697814
2011,"E09000033","Westminster",219582,268702.385389218,310917.435928276,9508.08186246733,51326.2065753198,166048.96001917,30182.6233574224,836685.693131874,3.81035646424513
2012,"E09000033","Westminster",223737,223823.457004973,278300.377876532,8821.08963172084,3871.24595981168,199709.119482844,28317.2882516714,742842.578207553,3.32015973311322
2013,"E09000033","Westminster",225306,273217.703277165,233184.603533276,156,124345.188185554,51743.3924949789,52458.0295414601,735104.917032434,3.26269569843872
2014,"E09000033","Westminster",229899,280729.237435121,230010.403113545,160,101497.767657158,87504.988604466,53942.8189716652,753845.215781956,3.27902781561449
2015,"E09000033","Westminster",238047,228535.851447615,224483.681085311,113.263,74809.7289276595,108076.547329771,52565.992209006,688585.063999362,2.89264331833362
2016,"E09000033","Westminster",241974,171183.411672421,218624.129778062,0,62489.7971162847,117770.695113312,52552.174297313,622620.207977394,2.57308722415381
2017,"E09000033","Westminster",244796,186777.560428864,212564.278177537,0,46166,153024.253528238,52206.5621209561,650738.654255595,2.65828957276914
2018,"E09000033","Westminster",255324,184526.910777911,215404.158207968,0,0,304359.799924419,48966.8170682328,753257.685978531,2.95020321622147
2002,"E07000053","Weymouth and Portland",64475,8247.39305211591,19736.2263601104,NA,12113.7012761537,21303.4934158477,3467.2634524402,64868.0775566678,1.00609658870365
2003,"E07000053","Weymouth and Portland",64708,10551.3383753213,18865.4323274863,NA,16304.6649428739,20169.4998599483,3659.18046876113,69550.115974391,1.07483025243233
2004,"E07000053","Weymouth and Portland",64516,12175.5206152941,21156.07864159,NA,18176.1796695309,19251.4263103895,3679.31619142071,74438.5214282252,1.15379938973627
2005,"E07000053","Weymouth and Portland",64788,11782.3303515327,23601.5028004466,NA,16679.3056298044,23101.3195380569,3814.96501173701,78979.4233315777,1.21904401018055
2006,"E07000053","Weymouth and Portland",64796,42089.9736608401,26213.3037793134,NA,2135.85492389142,11066.1367907667,3475.09060720996,84980.3597620216,1.31150626214614
2007,"E07000053","Weymouth and Portland",64990,48319.1953946492,24441.4296258717,NA,2011.63207920318,11984.7903562037,3525.41006545048,90282.4575213783,1.38917460411415
2008,"E07000053","Weymouth and Portland",65037,48150.3029550433,27571.2955236262,2594.19025213846,1955.69986779577,14050.6328890311,3541.14111651814,97863.262604153,1.50473211562884
2009,"E07000053","Weymouth and Portland",65046,47195.7421050833,34175.5280303552,2761.22215731519,3120.49475488277,13520.4354825644,3621.84362538757,104395.266155588,1.60494521039862
2010,"E07000053","Weymouth and Portland",65032,50353.8758886908,38047.1702632186,3828.20492457799,2185.67797993606,15051.8640664828,3682.11891171246,113148.912034619,1.73989592869078
2011,"E07000053","Weymouth and Portland",65135,44593.455408521,36991.5517854683,174.08662850128,4107.39948060419,13287.737431214,4008.2243358047,103162.455070114,1.58382521025737
2012,"E07000053","Weymouth and Portland",65048,41755.1618119648,37034.9451351319,149.544641114311,323.168688547906,16680.2005371883,3679.28091614049,99622.3017300878,1.53151982735961
2013,"E07000053","Weymouth and Portland",65179,42703.5499212782,30714.6608548648,145.823408668545,11557.1829759687,7551.12438434182,5588.61457969865,98260.9561248208,1.50755544155051
2014,"E07000053","Weymouth and Portland",65051,40685.7802002924,32834.7368255045,154.040260646407,9755.30039977688,8040.09010162562,5958.46397736734,97428.4117652132,1.49772350563732
2015,"E07000053","Weymouth and Portland",65217,37613.6899749974,30765.5586543328,17.3775836491647,7202.7120508029,8160.7575517765,5665.69613848726,89425.791954046,1.37120370385093
2016,"E07000053","Weymouth and Portland",65447,37038.6087265542,29662.6116264278,47.1973929676805,4108.45534996062,8216.38710810408,0,79073.2602040144,1.20820297651557
2017,"E07000053","Weymouth and Portland",65751,37281.8236214313,27645.84592946,56.0482966653872,1405.54265762274,8181.3971256402,5602.43712833581,80173.0947591554,1.21934411277631
2018,"E07000053","Weymouth and Portland",65865,37356.134528833,24398.095215854,72.8888951410967,198.301878005371,8931.85173238728,5600.67595705118,76557.9482072719,1.16234643903852
2002,"E08000010","Wigan",302305,53668.4658439593,42956.6008495514,NA,130386.724270712,103664.585341552,24407.8303346446,355084.20664042,1.17458926131033
2003,"E08000010","Wigan",303846,62773.3872096527,43995.4781602132,NA,164264.820409249,95528.1533352636,26254.9094417887,392816.748556167,1.29281527009132
2004,"E08000010","Wigan",304958,66830.5404337363,79313.2806892592,NA,183653.59609562,91267.7459901983,26760.9330570189,447826.096265833,1.46848450037655
2005,"E08000010","Wigan",306143,73833.661563032,82844.8023349733,NA,181031.332526408,109654.961610808,27839.5505314824,475204.308566704,1.55222986828608
2006,"E08000010","Wigan",308023,242786.25904479,91719.5486740297,NA,22726.1162663713,117727.851523859,26333.7919477512,501293.567456801,1.62745498698734
2007,"E08000010","Wigan",309403,259369.28916513,99564.6809936355,NA,20930.2448296576,124719.941146047,26834.0190393436,531418.175173813,1.71755986585073
2008,"E08000010","Wigan",311971,256050.731532397,105232.363389487,20133.2222990244,19379.3022469024,139213.157071718,27710.3332846057,567719.109824134,1.81978167786151
2009,"E08000010","Wigan",314363,252565.334939369,125199.746971115,31748.1787764605,30770.8176199025,133315.065135939,28459.27268581,602058.416128596,1.91516945737442
2010,"E08000010","Wigan",316296,275499.281650181,141306.034333381,29012.0443722972,21430.5029676829,147585.865192925,29163.7103313083,643997.438847775,2.03605938376639
2011,"E08000010","Wigan",318122,262262.090052603,128264.851397155,891,39940.6046341196,129215.832802435,29435.0270627761,590009.405949089,1.85466395266309
2012,"E08000010","Wigan",318740,258582.310996577,132498.225141104,862,3045.22617465093,157073.005336167,27165.8135462025,579226.581194702,1.81723844260119
2013,"E08000010","Wigan",319810,270697.19520396,111336.584541704,312,97655.9547106176,65230.4499036694,52712.9773118237,597945.161671774,1.86968875792431
2014,"E08000010","Wigan",321114,268244.327584142,113713.446640316,225,80144.8618996287,71703.4279554438,53740.6527727872,587771.716852318,1.8304144847385
2015,"E08000010","Wigan",322244,267514.326346933,101452.7879138,115,59519.3967270355,69159.0575054548,51023.6408664144,548784.209359637,1.70300830848561
2016,"E08000010","Wigan",323526,269920.522055175,93189.0478861813,62,47412.1935620984,70133.9649689087,50460.0897698684,531177.818242232,1.64183966123969
2017,"E08000010","Wigan",324650,265557.991308772,88584.0411026301,52,23069.6687936504,137468.847239834,28863.5621207525,543596.110565639,1.67440662425886
2018,"E08000010","Wigan",326088,248164.660166204,89516.2660382732,65,2311.6028598765,137757.565870917,49624.3326553055,527439.427590576,1.61747573535541
2002,"E06000054","Wiltshire",438386,60180.553251736,72657.1927263575,NA,87841.886981158,142237.244012919,24331.9108445527,387248.787816723,0.88335117411761
2003,"E06000054","Wiltshire",442633,60679.7104544584,77742.2445095598,NA,123204.352186943,134924.368995036,26532.1250168059,423082.801162803,0.955832035033093
2004,"E06000054","Wiltshire",445632,70475.7149695173,97902.3570000703,NA,143526.862813981,128818.430767801,26667.8087066874,467391.174258057,1.04882767453427
2005,"E06000054","Wiltshire",448670,78526.0104324776,108197.856000224,NA,142674.844831733,154229.3107687,27592.7221776998,511220.744210834,1.13941369873367
2006,"E06000054","Wiltshire",453041,273263.863266739,115236.098253522,NA,17500.4391741807,90663.8010733313,24715.378791271,521379.580559044,1.15084414116834
2007,"E06000054","Wiltshire",458840,291583.573540636,127411.705107429,NA,15927.7057359624,94913.9098359303,25173.5601660541,555010.454386012,1.20959474846572
2008,"E06000054","Wiltshire",464007,283615.353255948,125378.378720585,17057.5358195027,14519.3743032583,104296.600255883,25563.7319281191,570430.974283295,1.22935855339099
2009,"E06000054","Wiltshire",466711,312402.280970135,143718.399237351,19391,23596.1399828933,102229.564136722,26834.3420550693,628171.726382171,1.34595440515045
2010,"E06000054","Wiltshire",470199,326865.484936601,149165.137862592,24740,16214.4493987932,111663.118195995,27593.7369664677,656241.927360449,1.39566848793904
2011,"E06000054","Wiltshire",474319,287123.294515722,146052.32617963,1607,30243.6687387066,97842.2129474232,28859.4654911787,591727.96787266,1.24753165669657
2012,"E06000054","Wiltshire",476914,266865.919754018,148201,1723,2320.79800589984,119716.408384047,26779.4710553517,565606.597199317,1.18597188843128
2013,"E06000054","Wiltshire",479911,272503.052317279,117222,670,80313.4482685078,56513.9528157374,44439.9305255938,571662.383927118,1.19118416524547
2014,"E06000054","Wiltshire",484560,276589.661686301,117052,385,69297.0131682062,52186.1726640887,46263.9838641298,561773.831382726,1.15934833948887
2015,"E06000054","Wiltshire",488487,278066.451471594,115312,335,54890.0727618044,52606.6478796042,44095.009470719,545305.181583722,1.11631462369259
2016,"E06000054","Wiltshire",492240,278929.909228266,110996,237,37413.1246051564,55916.2717700967,43906.3232885963,527398.628892115,1.07142578598268
2017,"E06000054","Wiltshire",496043,286244.28252723,101272,0,20190.6553596105,67456.7317077927,43336.9281203675,518500.597715001,1.0452734898285
2018,"E06000054","Wiltshire",498064,444055.489932537,88212.0853873288,0,9545.53733495585,60436.1953243523,43292.6807432714,645541.988722446,1.29610248627174
2002,"E07000094","Winchester",107844,11460.4998325746,10230.6470422158,NA,23794.6940553881,36191.984312085,6536.38932701536,88214.2145692788,0.817979809440292
2003,"E07000094","Winchester",108515,14635.8037772661,10552.9612119807,NA,30990.8151260641,34133.7142070659,6883.83900487881,97197.1333272556,0.895702283806438
2004,"E07000094","Winchester",109179,16538.0185881764,18531.0739486519,NA,35646.2870219463,32761.8164665255,7076.6615162062,110553.857541506,1.01259269219819
2005,"E07000094","Winchester",109947,17600.4308870712,20227.7583872692,NA,32948.9033527377,39323.0651667208,7299.43918941525,117399.596983214,1.06778354100807
2006,"E07000094","Winchester",110628,70606.0262992631,22012.9632486418,NA,3809.74613010977,19733.2896035623,6821.57523076982,122983.600512347,1.11168601540611
2007,"E07000094","Winchester",111820,74405.4012315231,22478.3707094496,NA,3486.17801947178,20773.5409954946,7016.69196142874,128160.182917368,1.14612934106034
2008,"E07000094","Winchester",113267,74066.4137681133,24499.7874929153,5707.93207067291,3227.32460275113,23179.3710247212,7227.2320771596,137908.061036333,1.21754845662314
2009,"E07000094","Winchester",114505,79061.8732091125,27929.275945073,4036.61687815836,5038.01378342425,21825.691539952,7464.98052504271,145356.451880763,1.26943322894863
2010,"E07000094","Winchester",115789,79121.6602262742,30574.8254318408,6143.07846019384,3459.93612597609,23829.1258591347,7692.05174408003,150820.6778475,1.30254754637746
2011,"E07000094","Winchester",116820,79278.7983529121,31882.4497283904,372.283018611047,6504.55898329305,21043.7029941142,8474.70542056448,147556.498497885,1.26310989982781
2012,"E07000094","Winchester",118074,76670.6867094552,33116.5493445216,334.999143754591,505.128375465569,26081.2657545265,7899.60517654037,144608.234504264,1.2247254645753
2013,"E07000094","Winchester",119037,76605.7222024828,27950.6246437046,102.411363398946,18228.0263249608,12097.2499643338,12512.5730032728,147496.607502154,1.23908202913509
2014,"E07000094","Winchester",120290,77589.0870242415,29205.2636091305,90.0196128263587,16023.5310778324,14495.9230335694,12845.1051775513,150248.929535151,1.24905586112853
2015,"E07000094","Winchester",121734,82119.4119274217,28371.4377204321,75.9831642586482,13165.1156311469,17245.0198860602,12286.3312690154,153263.299598335,1.25900159033906
2016,"E07000094","Winchester",123100,84508.5732750886,27898.0041916251,0,9129.14430674102,12559.9254785745,12259.2428236754,146354.890075705,1.18891056113489
2017,"E07000094","Winchester",123879,86015.0872674179,26993.331280896,0,4994.2190898585,16147.179584956,12115.8943101058,146265.711533234,1.18071433845312
2018,"E07000094","Winchester",124295,86945.4214649986,25773.8893124835,0,2431.03973152971,16336.9813042564,12117.8960641722,143605.22787744,1.15535804237854
2002,"E06000040","Windsor and Maidenhead",133631,14493.5993696787,27609.8578356119,NA,23489.8284667076,47223.9644319388,7770.77762763341,120588.02773157,0.902395609787926
2003,"E06000040","Windsor and Maidenhead",134201,42174.2392235776,8683.99074213259,NA,34121.8909471907,42342.1191038706,8387.84003719219,135710.080053964,1.0112449240614
2004,"E06000040","Windsor and Maidenhead",135066,45850.5836097886,9087.46314300068,NA,38132.5631199531,40339.3385760205,8537.79929177964,141947.747740542,1.05095099981152
2005,"E06000040","Windsor and Maidenhead",136446,49534.218594084,9482.6906767058,NA,35095.2713193805,48817.3514533766,8857.39643445124,151786.928477998,1.11243223310319
2006,"E06000040","Windsor and Maidenhead",138012,87386.8669942284,40557.6787670759,NA,3783.23162969643,19599.7415843409,8611.51124275096,159939.030218093,1.15887770786665
2007,"E06000040","Windsor and Maidenhead",139743,94302.2102466641,39770.9711905612,NA,3448.50764047795,20545.6993063296,8835.11825929636,166902.506643329,1.19435325306691
2008,"E06000040","Windsor and Maidenhead",141345,126784.241455992,10656.7322499173,5235,3256.124884017,23389.7298389685,8994.80614755655,178316.634576451,1.26157016220206
2009,"E06000040","Windsor and Maidenhead",142424,98426.7884781894,49389.489446801,5456,5078.90094367359,22004.4720707365,9234.1044247137,189589.755364114,1.33116437794272
2010,"E06000040","Windsor and Maidenhead",143988,105165.738820573,49658,6553,3490.68973215726,24035.8509623497,9491.33860568598,198394.618120766,1.37785522488517
2011,"E06000040","Windsor and Maidenhead",145098,144574.035269614,15521.8746504112,442,6722.29657062869,21749.5847511629,10086.2546232748,199096.045865092,1.37214879505639
2012,"E06000040","Windsor and Maidenhead",145742,97529.2826587204,47560.6589413368,182,525.537686820551,27095.403329363,9335.57535977282,182228.457976014,1.25034964509897
2013,"E06000040","Windsor and Maidenhead",146278,91709.8543856418,39731,133,18271.8706596372,12112.8331538015,14937.9960831712,176896.554282252,1.20931756164462
2014,"E06000040","Windsor and Maidenhead",147476,94472.0710368561,39018.9049365967,87,15983.4021631186,11810.1211563115,15354.1966096472,176725.69590253,1.19833529457356
2015,"E06000040","Windsor and Maidenhead",148277,87986.9749219752,37632.3448594984,120,13122.7710713171,15624.8095149131,14566.5481001931,169053.448467897,1.14011915852018
2016,"E06000040","Windsor and Maidenhead",149689,80274.3341273575,36238.7845710018,0,8568.42921003329,15091.0366204151,14494.5417578875,154667.126286695,1.03325646030567
2017,"E06000040","Windsor and Maidenhead",150140,84585.5824212394,34769.9857189208,108,3920.11850238405,15087.9541097335,14274.0270837096,152745.667835987,1.01735492098033
2018,"E06000040","Windsor and Maidenhead",150906,82587.3818572439,34147.5779353072,157,576.037136151626,16820.587242965,14252.121555429,148540.705727097,0.984326042218975
2002,"E08000015","Wirral",315050,73269.7208633069,89050.9762989838,NA,157547.054471969,108756.959062599,29127.0601338748,457751.770830733,1.45294959793916
2003,"E08000015","Wirral",315371,84240.8023061343,92875.4413089001,NA,194605.608051325,99085.9040574333,31046.1407803308,501853.896504124,1.59131276022248
2004,"E08000015","Wirral",315130,101615.835038201,127053.533488817,NA,211496.244891838,93967.465610068,31171.1820094395,565304.261038364,1.79387637177788
2005,"E08000015","Wirral",314925,88661.8106356458,148099.981740411,NA,207452.192230315,113314.965023191,32190.7141881044,589719.663817667,1.87257176730227
2006,"E08000015","Wirral",315350,264849.780307991,178229.681666181,NA,27285.3594972827,141349.942790906,28917.1398522486,640631.904114608,2.03149486004315
2007,"E08000015","Wirral",315670,284556.295731125,183886.857458756,NA,24930.3143009664,148555.661742822,29472.028475424,671401.157709093,2.12690834640318
2008,"E08000015","Wirral",316711,252588.939149388,174437.253232216,29107,22964.4987091279,164968.086767501,30389.9498386227,674455.727696856,2.12956205403935
2009,"E08000015","Wirral",317771,306020.845491539,193819.19859812,31976,36426.1122927797,157814.874325425,31115.5389298208,757172.569637685,2.38276170461648
2010,"E08000015","Wirral",319078,286217.132080282,194637.890425336,37662,25403.8395220008,174948.039943252,31858.5898443348,750727.491815205,2.3528024239064
2011,"E08000015","Wirral",319837,277232.088288125,189036.005181167,1495,47090.7704693758,152345.989548585,31911.4293510143,699111.282838268,2.18583616916826
2012,"E08000015","Wirral",320389,253525.650892651,178871.082585377,812,3556.78884253529,183471.594497145,29342.254916174,649579.371733883,2.02747089236485
2013,"E08000015","Wirral",320670,264917.91171595,147669.593498653,257,113075.041801169,76941.0997296388,59776.8485595504,662637.495304961,2.06641561513382
2014,"E08000015","Wirral",321503,269482.137596876,146119,17,92743.6887290571,79971.3782603828,61148.0642468003,649481.268833116,2.02014061714235
2015,"E08000015","Wirral",321700,260081.779203678,138569,98,68580.0014384424,82111.9855385169,57912.6841220507,607353.450302688,1.8879497988893
2016,"E08000015","Wirral",322216,256749.280718916,133307,0,54484.7783042968,80858.0480018141,57300.882905138,582699.989930165,1.80841420019541
2017,"E08000015","Wirral",322796,254594.545508665,133244,17,3113.07645192596,124079.428258959,56424.7385216946,571472.788741245,1.7703837369151
2018,"E08000015","Wirral",323235,275546.329147673,114715,0,2737.03713463545,139210.327497338,56253.7223071328,588462.41608678,1.82054052341726
2002,"E07000217","Woking",89289,10296.1834913995,11462.0961450609,NA,14296.7358287902,30400.4639207077,4588.28645495115,71043.7658409094,0.795660897097172
2003,"E07000217","Woking",89646,12167.7261713215,12118.6206832309,NA,20944.1616674853,28364.6109615026,4550.73392837988,78145.8534119201,0.871716009770878
2004,"E07000217","Woking",89798,13154.6860925586,19803.8055076225,NA,25115.5082045399,27045.8867362286,4635.82548054626,89755.7120214957,0.99952907661079
2005,"E07000217","Woking",91072,13298.6720300136,22312.0095345971,NA,23496.1569546391,32638.9001633729,4910.65054521399,96656.3892278367,1.06131839893531
2006,"E07000217","Woking",92838,54973.0222830499,24509.1799876436,NA,2900.32314439516,15027.2712586612,5294.94361776106,102704.740291511,1.10627911298726
2007,"E07000217","Woking",94397,62651.5942459149,25991.0485324089,NA,2650.9498575717,15797.4472832749,5446.93346713653,112537.973386307,1.19217743557854
2008,"E07000217","Woking",95530,62581.0872399347,27328.2466959235,3519.61630693272,2480.76212822914,17819.2305128767,5566.86345927795,119295.806343175,1.24877846062153
2009,"E07000217","Woking",96597,63983.0194277453,31479.7211091307,3738.1546452479,3862.1235380478,16731.1644947089,5736.1529759847,125530.336190865,1.29952623985077
2010,"E07000217","Woking",98201,68576.5675792589,37586.126772511,1889.28706240163,2652.49895985447,18269.0720995839,5928.32568013615,134901.878153746,1.37373222425175
2011,"E07000217","Woking",99493,68350.7313141918,34557.1687216556,160.276542298658,5062.05532219978,16377.5407071018,6136.68998394352,130644.462591391,1.31310205332427
2012,"E07000217","Woking",99779,65470.2485948992,35290.1127612002,183.589466682284,390.604508909607,20142.151807707,5671.03937866135,127147.74651806,1.27429365415628
2013,"E07000217","Woking",100387,60399.7357945684,30685.6423315796,0,15951.7124593635,11782.1960661482,8788.74209018694,127608.028741847,1.27116089475576
2014,"E07000217","Woking",100634,59249.9499113045,30415.7193742779,59.9086517852924,13681.8184856047,11337.4584144765,9170.08679188554,123914.941629334,1.23134270355282
2015,"E07000217","Woking",100976,61767.6702337634,30210.7283257505,15.8477219882257,10939.8697097021,10973.0144270383,8709.95968208314,122617.090100326,1.21431914613696
2016,"E07000217","Woking",101421,61384.5026292258,29588.9337816142,16.9184431934805,6348.68696716897,12916.6811066627,8639.74224441893,118895.465172284,1.17229632100141
2017,"E07000217","Woking",101129,60037.3319573348,28758.6851553292,15.5278426687792,2388.55760085243,11742.9732890922,8474.10684194408,111417.182687221,1.10173325838505
2018,"E07000217","Woking",101167,60099.876067108,27751.5896661337,6.63148208219952,0,13220.7947398763,8444.4272606716,109523.319215872,1.08259925880842
2002,"E06000041","Wokingham",149445,14353.886259937,14577.5095766927,NA,21119.3547545638,48670.1770287664,8690.37770099509,107411.305320955,0.718734687148817
2003,"E06000041","Wokingham",148794,16040.2551399245,17054.1431918158,NA,31498.2846819047,47646.1941188316,9299.93271655185,121538.809849028,0.816826013475197
2004,"E06000041","Wokingham",149008,22372.517676746,24181.4012113503,NA,38149.4182945965,45672.8440801954,9419.10174928924,139795.283012177,0.938173004215729
2005,"E06000041","Wokingham",149598,29310.0546240841,25932.3597749574,NA,40410.1695970324,54488.8831092317,9711.15893321194,159852.626038518,1.06854788191365
2006,"E06000041","Wokingham",150548,97297.4656424594,18993.1020710209,NA,4056.9751861254,21016.9497148027,9393.71789825285,150758.210512661,1.00139630226015
2007,"E06000041","Wokingham",152144,93976.3500695452,30204.2759123301,NA,3711.11399106129,22112.0470668457,9619.15968916072,159622.946728943,1.04915702708581
2008,"E06000041","Wokingham",153191,111785.338306164,30741.8050380068,5542,3433.039697955,24659.8775532309,9748.65293112834,185910.713526485,1.21358770114749
2009,"E06000041","Wokingham",154165,113139.655330141,38195.3465677559,5744,5352.03920674493,23185.9531594751,9995.33581865407,195612.330082772,1.26885045297423
2010,"E06000041","Wokingham",154650,115160.79090342,39657,6462,3668.63771340751,25262.158494648,10194.1517027067,200404.738814183,1.29585993413632
2011,"E06000041","Wokingham",154943,117163.944532522,36376.3588606229,462,6962.40423398614,22525.7591152148,10770.6139994629,194261.080741808,1.2537583546324
2012,"E06000041","Wokingham",156658,119699.36838214,32052.2811847782,456,550.112479188798,28390.7568907477,10034.8050988136,191183.324035668,1.22038660033747
2013,"E06000041","Wokingham",158065,113920.126481538,28757,148,20227.4835916239,12978.8455096162,16141.6915112762,192173.147094055,1.2157855761494
2014,"E06000041","Wokingham",159414,110783.91708664,35572.1924215644,73,17103.1489085098,15388.1508856508,16597.0998557752,195517.509158141,1.22647640206093
2015,"E06000041","Wokingham",161200,112067.222120912,30637.6822322487,39,13686.9328803275,13818.3278445341,15836.087550673,186085.252628695,1.15437501630704
2016,"E06000041","Wokingham",163087,112424.535435659,29669.1078725288,0,7177.22940614674,15763.0762535232,15791.8840507225,180825.83301858,1.10876914173772
2017,"E06000041","Wokingham",164980,109995.122338192,28800.0715592617,0,930.61549569282,15004.1403291849,15684.8873602665,170414.837082598,1.03294239957933
2018,"E06000041","Wokingham",167979,101093.209918744,28186.4169085057,0,641.208050664744,29972.0412408122,15864.5589092509,175757.435027978,1.04630599674946
2002,"E08000031","Wolverhampton",239088,45765.7649431524,61444.1172582756,NA,137844.297461073,80069.843295435,19129.9056810295,344253.928638966,1.439862848152
2003,"E08000031","Wolverhampton",239851,61014.225041385,66591.0087786407,NA,163495.736153055,75007.5459632254,21454.0053158408,387562.521252147,1.61584701023613
2004,"E08000031","Wolverhampton",240567,71226.9806248439,107344.357395474,NA,181875.288510913,72430.8154497007,21881.4631070566,454758.905087988,1.89036278911068
2005,"E08000031","Wolverhampton",241647,78735.7883430333,111226.097631461,NA,186524.20226482,86228.7632126953,22581.2092506383,485296.060702648,2.00828506334715
2006,"E08000031","Wolverhampton",242889,215198.815248733,119492.724790825,NA,24394.7866743995,126375.730704318,22372.1876994457,507834.245117721,2.0908079209751
2007,"E08000031","Wolverhampton",243910,226976.798567469,127172.215529961,NA,22246.4617947594,132562.412849322,22787.2694849415,531745.158226454,2.18008756601391
2008,"E08000031","Wolverhampton",245349,209891.346436429,136753.000493612,19917,20193.1091673787,145059.342984522,23498.3843987874,555312.183480729,2.26335621290785
2009,"E08000031","Wolverhampton",246016,212890.662232669,142268.367784643,22774,31746.6932964561,137543.734132803,23968.175057571,571191.632504142,2.3217661961179
2010,"E08000031","Wolverhampton",247640,209853.717115952,149430.389899769,30748,21937.7446674666,151074.547830371,24510.8937151218,587555.29322868,2.37261869338023
2011,"E08000031","Wolverhampton",249852,219864.817356655,151973.432983433,615,40661.5359759509,131546.715164215,24886.2252547967,569547.72673505,2.27954039485396
2012,"E08000031","Wolverhampton",251076,218381.424660748,155122.177364606,615,3094.89998902924,159632.985011335,22990.1209195018,559836.60794522,2.22974958954747
2013,"E08000031","Wolverhampton",251708,215678.04989264,128572.558028337,84,108629.959783633,72515.678163374,42782.3963809871,568262.64224897,2.25762646498709
2014,"E08000031","Wolverhampton",253250,211340.499178336,128083.673926036,78,90396.9473286739,77712.5146065902,42957.2369347206,550568.871974357,2.17401331480496
2015,"E08000031","Wolverhampton",255106,201576.562985934,123402.050432353,51,66177.5409996154,77817.9410398343,40734.2133837128,509759.308841449,1.99822547819906
2016,"E08000031","Wolverhampton",258017,185845.342715715,120325.371628509,0,52782.3295942138,75038.9131118033,40459.1871532678,474451.144203508,1.83883675960696
2017,"E08000031","Wolverhampton",259926,183510.601370472,114138.494842617,0,2081.52307577081,118360.021067524,39841.223681472,457931.864037856,1.76177782922007
2018,"E08000031","Wolverhampton",262008,186328.941209275,102303.064566676,0,1849.04039626149,118496.833507632,39896.5816644711,448874.461344316,1.71320899111598
2002,"E07000237","Worcester",93446,13212.9504149007,15110.8093955129,NA,21252.110319734,31009.188384362,4965.80559336354,85550.8641078732,0.915511248291775
2003,"E07000237","Worcester",93873,15701.0814326715,16082.6004998599,NA,27453.0873006154,29519.1296670439,5370.6814570218,94126.5803572125,1.00270131302092
2004,"E07000237","Worcester",93843,17959.1337397691,24094.603683043,NA,31991.9300466561,28262.2319124739,5508.25238410262,107816.151766045,1.14889924412097
2005,"E07000237","Worcester",94470,18172.0017436676,25559.8831698513,NA,30335.5938552842,33971.5367737088,5674.27281650516,113713.288359017,1.2036973468722
2006,"E07000237","Worcester",95024,61660.8830684387,28047.2813547257,NA,4021.76411822891,20831.3016934836,5138.62874421177,119699.858979089,1.25968028055111
2007,"E07000237","Worcester",95532,66741.0414753966,29983.6768381656,NA,3678.23136712984,21917.0623561124,5259.6773507268,127579.689387531,1.33546549206058
2008,"E07000237","Worcester",96416,66287.6763807789,30965.5962164266,4209.16298792775,3424.3383655917,24600.3190830089,5355.5215738547,134842.614607589,1.39855018469537
2009,"E07000237","Worcester",97117,68123.3900455082,35861.1121023415,4429.62371953562,5393.42993516488,23366.8240377889,5444.98232285508,142619.362163194,1.46853138135645
2010,"E07000237","Worcester",97655,70616.7151771988,41080.5813507383,6416.44317295419,3755.14981536629,25858.7275513593,5601.78187409673,153329.398941714,1.57011314261137
2011,"E07000237","Worcester",98679,63600.8874059636,39250.0636792174,365.040818487813,7120.39785956882,23035.3247635101,5976.85437806088,139348.568904809,1.41214005923052
2012,"E07000237","Worcester",99622,59241.1414750363,39726.2783403535,358.338815494791,554.344279477558,28574.7491995428,5552.55699851713,134007.409108422,1.34515879131539
2013,"E07000237","Worcester",100363,57488.9723170682,33861.4980461852,111.297691460026,19033.6998480438,12848.3586704964,9830.58786039626,133174.41443365,1.32692739788219
2014,"E07000237","Worcester",100739,54652.3667013427,35486.9107853741,91.4707244706099,16163.1266976384,14196.4987105582,10386.1550175524,130976.528636936,1.30015712521403
2015,"E07000237","Worcester",100985,55108.2839846701,33766.2651843537,72.7238494085139,12066.7504447892,12560.7956991798,9872.02781755303,123446.846979954,1.2224275583498
2016,"E07000237","Worcester",101927,56385.2103351524,32320.2767840464,56.9472399745669,8150.86890981436,12185.206952114,9836.90894760463,118935.419168706,1.16686863312671
2017,"E07000237","Worcester",102314,56610.2813018636,31546.2995054133,52.5159814402502,4521.61486365848,15257.1039046956,9661.65522167341,117649.470778745,1.1498863379278
2018,"E07000237","Worcester",101891,56675.0401662337,29922.7398139031,71.420091308776,2245.1278930687,16452.1869046985,9549.68130462621,114916.196173839,1.12783460927696
2002,"E07000229","Worthing",98236,10430.3500276824,22487.7334598416,NA,22725.7808578636,33074.6320279997,5964.51029932849,94683.0066727158,0.963832064342153
2003,"E07000229","Worthing",98787,14034.6483594223,22903.0955705411,NA,29580.0281409839,31048.7382889384,6197.82039015079,103764.330750036,1.05038447113523
2004,"E07000229","Worthing",99452,15514.7562458552,26935.9783207809,NA,32273.8208933999,29681.5488989433,6300.91999097868,110707.024349958,1.11317041738686
2005,"E07000229","Worthing",100064,17149.147424294,29922.4335964985,NA,29729.7900865054,35538.1587746118,6487.06883003302,118826.598711943,1.18750598329012
2006,"E07000229","Worthing",100632,64116.8950581552,31386.4656432579,NA,3575.65303032377,18523.3339262212,5996.38600937137,123598.73366733,1.22822495495796
2007,"E07000229","Worthing",101511,67966.3447405474,35051.0430029038,NA,3263.64188277452,19449.7609882869,6146.60932918788,131877.399943701,1.29914393458542
2008,"E07000229","Worthing",102369,67159.8061768046,36714.9633735221,3766.48285793031,3028.7565128072,21755.7997555297,6276.88056881021,138702.689245404,1.35492863313507
2009,"E07000229","Worthing",102809,67941.2934159247,43969.0715035134,3913.20034068683,4700.42928909428,20366.2831669033,6446.58173708733,147336.85945321,1.43311246537959
2010,"E07000229","Worthing",103769,69881.2333106277,48531.1216013888,5338.59598781803,3218.14153863782,22162.4371610292,6635.4174691474,155766.947068649,1.50109326550944
2011,"E07000229","Worthing",104998,72190.3320985765,46385.0345709632,199.243595465059,6075.32077487069,19652.9172966019,7111.18902975613,151614.037366233,1.44397071721588
2012,"E07000229","Worthing",105774,69678.6613745004,47484.8515938757,200.798968086671,470.932178744788,24283.7204963945,6592.08655929484,148711.051170897,1.40593199813656
2013,"E07000229","Worthing",106413,70913.6337326942,40159.650168764,124.782541862104,16993.635504411,11300.0591890053,10904.2694024764,150396.030539213,1.41332384707896
2014,"E07000229","Worthing",107287,66960.0679984946,40965.1222480633,111.354675188318,14755.4268583717,12033.4365993508,11303.081183533,146128.489563002,1.36203351350119
2015,"E07000229","Worthing",108303,67046.5492317712,41969.7321777133,87.440602247995,11913.1970209594,12588.1885119704,10767.3101445834,144372.417689246,1.33304172266
2016,"E07000229","Worthing",109246,67565.9965224907,38979.8364706955,69.1423848253842,8040.16004949887,12638.4465832554,10701.3994932342,137994.981504,1.2631582072021
2017,"E07000229","Worthing",109632,69550.1404012483,37991.2529852343,71.385634825008,4014.95024361972,13069.5493369531,10543.7367339982,135241.015335879,1.23359069738652
2018,"E07000229","Worthing",110025,73506.774630536,35996.8650657323,58.5449239217001,1560.91371505219,13960.0266012407,10512.7837932854,135595.908729768,1.23240998618285
2002,"E07000238","Wychavon",113453,16034.5512533627,20138.9432222794,NA,23542.9387036876,37521.0654471141,6028.99580489131,103266.494431335,0.910213872099769
2003,"E07000238","Wychavon",113914,19578.662984259,21605.9719124886,NA,31024.0111508346,35812.6331308432,6517.27128668714,114538.550465113,1.00548264888523
2004,"E07000238","Wychavon",114258,20881.8349992917,24252.9924833725,NA,36384.4364872268,34421.1717214437,6706.54072123437,122646.976412569,1.07342134828694
2005,"E07000238","Wychavon",114696,20619.0155180661,26246.2728278741,NA,34271.2144260155,41286.5497596835,6889.13300478328,129312.185536422,1.12743413489941
2006,"E07000238","Wychavon",115451,74816.9571069868,28083.1169145104,NA,4462.60122930676,23115.8590757533,6243.26304036868,136721.797366926,1.18424091057614
2007,"E07000238","Wychavon",116141,81084.1039127626,30952.0792369195,NA,4100.290773875,24435.9127109372,6394.34102908723,146966.727663582,1.26541641335602
2008,"E07000238","Wychavon",116229,79744.4380192245,31054.406443319,5074.12467768683,3830.37708362054,27515.2306847312,6456.05415084175,153674.631059424,1.32217115400996
2009,"E07000238","Wychavon",116499,81901.5883100967,35735.1181236105,5313.66015941782,6049.66855459676,26210.2515479099,6531.65764624416,161741.944341876,1.38835478709582
2010,"E07000238","Wychavon",116863,84113.6435385078,40381.1352863789,7678.50902176996,4235.39594360914,29169.8060092623,6703.61000617036,172282.099805698,1.47422280624063
2011,"E07000238","Wychavon",117074,75385.9423805042,36423.3834572776,239.703754432475,8329.22381673062,26948.2801646063,7091.01480008006,154417.548373631,1.31897388295976
2012,"E07000238","Wychavon",117777,70190.6909869843,37045.6227850456,232.119377974042,643.507942061275,33188.7885655232,6564.44867212415,147865.178329713,1.25546735211215
2013,"E07000238","Wychavon",118906,67571.2030064198,29845.9362382521,131.860977658558,21964.8898411914,14490.335273697,11646.8806246154,145651.105961834,1.22492646259932
2014,"E07000238","Wychavon",120007,65197.9973865934,32602.0059323638,108.966013475858,18775.3365588649,15524.7321271599,12372.6789544408,144581.716972899,1.20477736276133
2015,"E07000238","Wychavon",121709,66804.6521710176,30241.1108315344,87.6481357395734,14176.1863235614,15848.6816136206,11897.9515140522,139056.230589526,1.14253038468417
2016,"E07000238","Wychavon",123144,69731.5669401827,29531.1061867278,68.8013079893263,9523.04723998725,15855.5688277995,11884.5479160951,136594.638418782,1.10922690848748
2017,"E07000238","Wychavon",125378,70272.920920549,28574.0466543162,64.3543280588745,5307.69232339438,18344.1642332713,11839.6212481475,134402.799707737,1.07198072794061
2018,"E07000238","Wychavon",127340,71965.3346592751,27634.5153929436,89.2584666679053,2634.45787069877,19293.1195831262,11934.8756743098,133551.561647021,1.04877934385913
2002,"E07000007","Wycombe",162396,22664.7033965989,24586.1292383811,NA,35308.8489445011,54507.5368338556,9443.49143250559,146510.709845842,0.902181764611458
2003,"E07000007","Wycombe",162987,26506.3952809372,28342.1587897212,NA,47879.8588099279,51547.2194759344,10187.0245686831,164462.656925204,1.00905383205534
2004,"E07000007","Wycombe",163416,29769.8135912944,40790.569468487,NA,56165.4996981548,48998.6053288495,10329.8610239843,186054.34911077,1.13853202324601
2005,"E07000007","Wycombe",164617,33519.3450253,44529.8384263538,NA,54067.2439047074,58447.3688189797,10686.1177964181,201249.913971759,1.22253420953947
2006,"E07000007","Wycombe",165653,116488.39809947,47181.0921551941,NA,5682.74691904035,29436.8970421738,10336.2220089226,209125.356224801,1.26243023805667
2007,"E07000007","Wycombe",166754,123257.988270037,51988.6845018714,NA,5163.70648711165,30771.4776089142,10542.8630429482,221724.719910882,1.3296515820363
2008,"E07000007","Wycombe",167798,124502.069534888,55916.7607015205,6011.87344143796,4780.15208810992,34341.5368050015,10678.2021433209,236230.594714279,1.40782723700091
2009,"E07000007","Wycombe",168851,129579.65689699,63454.9314889324,6671.92389332275,7437.25794734513,32222.3907580979,10947.507205368,250313.668190056,1.48245298037948
2010,"E07000007","Wycombe",170308,133958.54711563,68871.0861620461,7685.42943399228,5094.58093278419,35087.1476366954,11226.2889633662,261923.080244514,1.53793762033794
2011,"E07000007","Wycombe",171958,118228.415743114,52995.7065170995,215,9297.89856968695,30079.2337434507,11953.3844195584,222769.638992909,1.2954886599804
2012,"E07000007","Wycombe",172917,108616.777768312,57943.7220396886,446.350510682351,716.562656492253,36960.6066033925,11076.2833259173,215760.302904485,1.24776802109963
2013,"E07000007","Wycombe",173162,108085.639361561,53701.2149665174,230.755924451005,25540.1710445225,26162.1803174908,17683.4061017658,231403.367716308,1.33634035017099
2014,"E07000007","Wycombe",173877,110158.041703907,51156.4599948745,134.188047609906,22356.7888796786,17216.6231487234,18102.8889032496,219124.990678043,1.26022987904118
2015,"E07000007","Wycombe",174833,117763.963800288,52695.1436263755,113.766128389684,17490.5722066119,24035.6690616711,17175.3765182804,229274.491341617,1.31139139259531
2016,"E07000007","Wycombe",175363,116140.736365441,48277.9451399642,0,10260.3194655001,16896.0397674026,16980.5819150935,208555.622653401,1.1892795096651
2017,"E07000007","Wycombe",174758,127637.75144052,45645.9398693756,0,3973.03289459972,9998.20929755885,16614.4959710599,203869.429473114,1.16658138381713
2018,"E07000007","Wycombe",174641,116438.531881101,46201.2537409595,0,685.627533493432,22821.8048248842,16493.7428635156,202640.960843954,1.16032867908426
2002,"E07000128","Wyre",106444,13490.7115337114,22505.8540849485,NA,37744.4880940998,35462.305128532,7300.24343204167,116503.602273333,1.09450605269751
2003,"E07000128","Wyre",107246,17963.9893858948,23309.631172026,NA,46074.8770553876,33731.4119582109,7904.24567336384,128984.155244883,1.20269432188504
2004,"E07000128","Wyre",107760,19794.2667869844,25346.369227206,NA,51495.3661001709,32356.5153824176,8086.22315944503,137078.740656224,1.27207443073705
2005,"E07000128","Wyre",108188,24389.7928881075,26485.1946204858,NA,50250.4182524702,38831.588652875,8385.25155522966,148342.245969168,1.37115249352209
2006,"E07000128","Wyre",108435,78736.1252451477,29427.1747838501,NA,6242.28170285989,32339.4988178743,7553.04398461116,154298.124534343,1.42295499178626
2007,"E07000128","Wyre",108475,82820.2241844935,30451.8127124534,NA,5798.50647131333,34553.8418242526,7702.87170436686,161327.25689688,1.48722984002655
2008,"E07000128","Wyre",108245,81625.5699399002,34019.8820592905,4825.2790522559,5430.00403787202,39009.2009064107,7952.40007924613,172862.336074975,1.59695446510209
2009,"E07000128","Wyre",108057,82237.4741184952,38560.9327903412,5342.49189402315,8674.46687026748,37582.3273735843,8155.61433902579,180553.307385737,1.6709080150822
2010,"E07000128","Wyre",107912,84065.2851186774,45058.1054834395,7384.51072261491,6079.12576649427,41867.2712546552,8351.95448563025,192806.252831512,1.78669891051516
2011,"E07000128","Wyre",107692,84916.4061495116,43013.9683149682,156.601703031348,11210.1987918248,36268.0348513585,8426.35852993407,183991.568340629,1.70849801601445
2012,"E07000128","Wyre",107809,87327.4077102838,43001.5799346565,357.378549733275,853.558615345313,44013.7498110114,7775.65425477099,183329.328875801,1.70050115366807
2013,"E07000128","Wyre",108167,88488.2099198239,34453.2781820534,172.906554759315,28829.0968346379,19519.3022676043,14605.0797726096,186067.873531488,1.7201907562518
2014,"E07000128","Wyre",108594,88857.557048267,36314.3874079553,116.34366335336,24321.4299384512,20118.6494501741,15009.1669180968,184737.534426298,1.70117625675726
2015,"E07000128","Wyre",109546,90499.9342366001,36156.8147451657,253.76064262433,18231.3610704483,22124.460218056,14357.5737226732,181623.904635568,1.65796929724105
2016,"E07000128","Wyre",110002,92853.6408655525,32720.2653993804,244.588349849174,13648.6416036286,21137.5942906238,14273.1876689425,174877.918177977,1.58977035124795
2017,"E07000128","Wyre",110426,96091.1687538132,31281.9779557467,317.995420412612,9296.55270262134,21187.1421369022,14078.2505593772,172253.087528873,1.55989610715659
2018,"E07000128","Wyre",111223,97283.586883889,30850.7150525732,113.332192061009,6390.90694406147,24042.5593833573,14106.013049456,172787.113505398,1.55351962728391
2002,"E07000239","Wyre Forest",96830,13782.4474528052,21501.4294219925,NA,20622.0538520627,31991.1248556147,5145.63443705874,93042.6900195339,0.96088701868774
2003,"E07000239","Wyre Forest",97149,17006.6106559139,22308.4236996888,NA,27340.4667494113,30558.5961780666,5558.10864538484,102772.205928465,1.05788228317806
2004,"E07000239","Wyre Forest",97223,17774.6662039957,25298.2191199822,NA,31834.6661117616,29302.721089761,5706.64643649083,109916.918961991,1.13056497908922
2005,"E07000239","Wyre Forest",97585,17944.1179756092,27694.6320962204,NA,30263.8356765948,35126.6336515547,5861.37305809946,116890.592458079,1.19783360616979
2006,"E07000239","Wyre Forest",97666,63746.4430434641,29835.9962198038,NA,4027.82886819061,20865.5127672564,5281.50062018214,123757.281518897,1.26714805069213
2007,"E07000239","Wyre Forest",98017,68876.4678986512,32203.6605812343,NA,3702.07433019266,22058.4063869601,5396.49326807969,132237.102465118,1.34912415667811
2008,"E07000239","Wyre Forest",98143,67665.4825862801,33100.0377579318,4855.55736728544,3439.92423678919,24708.4080314859,5451.44948787361,139220.859467646,1.41855108838782
2009,"E07000239","Wyre Forest",97993,69054.0049294098,39872.7779404712,4850.57913803406,5396.28727860841,23377.8451139867,5494.09632467579,148045.590725186,1.5107772057717
2010,"E07000239","Wyre Forest",97943,70812.9140197674,44253.660460144,6762.36627606013,3747.16016964232,25803.8907435645,5618.30241252016,156998.294081698,1.60295574039695
2011,"E07000239","Wyre Forest",98048,63154.5957131701,41400.6186789479,493.748874340975,7240.28820047836,23424.266494519,5938.63555629986,141652.153517756,1.44472251874343
2012,"E07000239","Wyre Forest",98087,58232.9003017595,42583.8782454704,302.313579284069,555.312815855084,28637.0276117278,5467.00185012899,135778.434404226,1.38426533999639
2013,"E07000239","Wyre Forest",98473,55315.7710010528,34788.1985702101,109.201773274445,19038.9318985724,12625.7664912348,9645.46175758796,131523.331491932,1.33562835997616
2014,"E07000239","Wyre Forest",98999,53123.4187362017,34279.8332705432,89.8908094369202,16169.1204095683,13245.2750160966,10206.7616373269,127114.299879174,1.28399579671687
2015,"E07000239","Wyre Forest",99599,53739.5842015068,34379.3487557206,71.7257283481565,12089.609828693,12990.1313545834,9736.53610536678,123006.935974219,1.23502179714875
2016,"E07000239","Wyre Forest",100007,55038.7727293807,32627.6368512968,55.8745242000305,7986.18019821838,11936.2924118248,9651.6109875018,117296.367702422,1.17288157531395
2017,"E07000239","Wyre Forest",100715,54728.3016040541,31072.2138875198,51.6952427894012,4318.15475881466,15374.8447794184,9510.65939803778,115055.869670634,1.14239060388854
2018,"E07000239","Wyre Forest",101062,54976.9269148395,29830.1768073006,70.839007055064,2024.35086640929,16428.2165643937,9471.98370816004,112802.493868158,1.11617120053193
2002,"E06000014","York",182088,21978.9237601188,24726.9680248493,NA,37704.91546644,59687.404030855,10131.9922147459,154230.203497009,0.847009157643607
2003,"E06000014","York",183960,33243.8792248286,22600.306845242,NA,49007.3331447592,57522.7070873186,10798.1414832454,173172.367785394,0.941358815967568
2004,"E06000014","York",186643,33851.6757182997,37832.5783822635,NA,57211.27302042,55228.522456242,11065.1303596912,195189.179936916,1.04578891218485
2005,"E06000014","York",188214,36417.7260620423,39314.117014044,NA,52883.0720382277,66169.9773508673,11507.5928284221,206292.485293603,1.09605281909743
2006,"E06000014","York",188977,116474.588554844,43843.1959792651,NA,7672.48125795465,39746.8380769211,9901.69797597762,217638.801844962,1.15166820218843
2007,"E06000014","York",189770,121074.983808291,45494.4634406165,NA,7049.02306863999,42004.6930489349,10118.3355932073,225741.49895969,1.18955313779675
2008,"E06000014","York",190768,118538.985878406,47583.1946822578,7189,6501.3950533696,46703.2792578273,10438.3209760903,236954.175847951,1.2421065160192
2009,"E06000014","York",192398,123443.185741778,57724.6331234771,8703,10223.6113687477,44292.283313514,10811.7375994239,255198.451146941,1.32640906426751
2010,"E06000014","York",195070,123193.861029747,64854.2936136346,15236,7079.4534780342,48756.7824399507,11223.4928560455,270343.883417412,1.38588139343524
2011,"E06000014","York",197783,121637.780259803,61919.5266480515,786,14317.5111084133,46320.7823236615,11695.1019788758,256676.702318805,1.29776928410837
2012,"E06000014","York",199567,121065.32547645,62751.5363907481,742,1093.49449055194,56418.7791613486,10900.8573570339,252971.992876132,1.26760432775024
2013,"E06000014","York",202113,124959.504814479,50051.2879416784,0,36894.5443206001,24824.2272392069,19001.2076652409,255730.771981206,1.26528611213136
2014,"E06000014","York",203654,125414.764569808,51263.7904535468,0,30587.9228287547,27244.6901942641,20339.8545715897,254851.022617964,1.2513921779978
2015,"E06000014","York",205784,128478.501335919,51727.342262451,0,22672.3233280077,30575.6778804165,19522.5859046737,252976.430711467,1.22932993192604
2016,"E06000014","York",206920,120657.1313112,46690.1059542561,0,16133.3304297343,28745.1524487481,19418.5338621215,231644.25400606,1.11948701916712
2017,"E06000014","York",208163,117948.870379471,43933.3132319699,0,9488.78142489107,28804.679109193,19211.624086968,219387.268232493,1.05392057297643
2018,"E06000014","York",209893,110249.95885903,36199.7486556554,0,737.58066006953,35860.4957156616,19263.1524821749,202310.936372592,0.963876529339196
