"Year","UTLA18CD","UTLA18NM","Pop_Est_Total","Grants_Inside_AEF","Grants_Outside_AEF","Grants_LSSG_ABG","Grants_RSG","Income_Rates","Police_Grant","Central_Gov_Funding_Total","Central_Gov_Funding_Total_PerCap"
2002,"E09000002","Barking and Dagenham",166357,65985.38724911,32199.5630680831,NA,116916.073209311,52236.0718917788,22910.2546219019,290247.350040185,1.74472580077896
2003,"E09000002","Barking and Dagenham",166210,124899.312490997,54943.8114870185,NA,130869.076676813,52059.646172718,24328.5540899795,387100.400917526,2.32898382117518
2004,"E09000002","Barking and Dagenham",165610,103363.422816505,101123.820343266,NA,148121.708407274,50552.8776546437,25023.6375113855,428185.466733074,2.58550490147379
2005,"E09000002","Barking and Dagenham",166275,99210.783059965,109159.955368187,NA,150359.823270194,59810.9769915158,26033.3839805219,444574.922670384,2.67373280812139
2006,"E09000002","Barking and Dagenham",167157,268040.302924987,120719.617229273,NA,17233.3139745914,89274.3497125822,22028.6451531853,517296.228994619,3.09467284645345
2007,"E09000002","Barking and Dagenham",169031,259914.25390472,130429.131635089,NA,15898.2483516872,94736.7690982993,22557.5830411051,523535.9860309,3.09727793144985
2008,"E09000002","Barking and Dagenham",172452,249027.632746662,141742.390812734,10920,14718.2447135946,105726.920988188,23251.0703274036,545386.259588582,3.16253948686349
2009,"E09000002","Barking and Dagenham",177580,273895.60358037,155783.361879759,15900.3335066604,23436.9644000436,101542.258975594,24227.7066938081,594786.229036235,3.349398744432
2010,"E09000002","Barking and Dagenham",182838,296298.504633983,164785.535326264,19695.9793723125,16405.0550997055,112974.039370861,25283.0761356299,635442.189938756,3.47543831117577
2011,"E09000002","Barking and Dagenham",187029,346577.555186126,176601.275105562,977.115016965882,31227.2889926109,101025.946067644,25708.0537745141,682117.234143423,3.6471201479098
2012,"E09000002","Barking and Dagenham",190663,327837.107511589,168594.782924028,904.789531694764,2394.94915206504,123527.523543078,24131.2752469571,647390.427909411,3.3954696396753
2013,"E09000002","Barking and Dagenham",194576,327445.822986478,164410.336418429,70,80655.9094049534,55498.8882147081,45303.1590639359,673384.116088505,3.4607768485759
2014,"E09000002","Barking and Dagenham",198650,327796.895952803,160487.493897345,46,66815.9508527416,73379.077191624,46610.6463652356,675136.064259749,3.39862101313742
2015,"E09000002","Barking and Dagenham",203101,290768.94949196,162679.392315041,40,49471.3718842774,76115.7822472317,44849.1498890611,623924.645827572,3.07199199328202
2016,"E09000002","Barking and Dagenham",208182,289332.138074672,147527.779599477,0,40679.9827554298,75257.1327408512,45213.1912914744,598010.224461905,2.87253568734043
2017,"E09000002","Barking and Dagenham",210711,293503.239613513,139254.857796304,0,28760,109131.129879419,44937.4046596709,615586.631948907,2.92147363900749
2018,"E09000002","Barking and Dagenham",211998,305036.655232327,127545.677240406,0,0,143549.116921065,40657.6243707259,616789.073764524,2.9094098706805
2002,"E09000003","Barnet",320552,78891.4804744579,107634.18980025,NA,128864.588922564,113974.859639531,44145.5901438467,473510.70898065,1.47717284241137
2003,"E09000003","Barnet",321802,173658.759926175,124989.739186244,NA,156745.8294853,99936.3602410986,47102.9261973623,602433.61503618,1.87206299226288
2004,"E09000003","Barnet",323723,167279.35313512,180248.367658855,NA,169738.538933205,96959.9690537663,48914.4798387672,663140.708619713,2.04848190774123
2005,"E09000003","Barnet",327541,170111.936060856,183105.017707121,NA,166199.772249242,117035.218239531,51282.5176506638,687734.461907414,2.09968969352665
2006,"E09000003","Barnet",330801,359610.563683817,197922.105296582,NA,20546.9700647225,106444.039569219,43594.332545564,728118.011159904,2.20107560484976
2007,"E09000003","Barnet",334837,390415.479256897,211819.152364348,NA,18775.5425592577,111876.574513357,44684.7822750532,777571.530968913,2.32223897289999
2008,"E09000003","Barnet",339212,366311.7904663,228002.747966792,14200,17020.5481281044,122265.729491366,45734.7091822608,793535.525234823,2.33934980258606
2009,"E09000003","Barnet",345829,430540.10752493,253885.395171275,14700.7036731325,26656.9265373504,115492.047461824,47182.360503508,888457.540872021,2.56906604383097
2010,"E09000003","Barnet",351438,446987.078865645,270256.940165565,20595.7552513523,18470.5208005463,127202.72710496,48597.3031369492,932110.325325017,2.65227529557139
2011,"E09000003","Barnet",357538,463673.871561833,290329.189974242,635.93269458719,35323.0637325769,114275.824354155,49145.3524877544,953383.234805148,2.66652281661012
2012,"E09000003","Barnet",363777,367570.563335068,282595.535981046,234.277271790154,2724.17058207813,140553.690547878,46041.460144403,839719.697862263,2.30833642001078
2013,"E09000003","Barnet",368301,371724.397662216,264456.992276766,0,86376.8101911527,74890.6023731868,85751.5766919181,883200.379195239,2.39803959043076
2014,"E09000003","Barnet",373745,356779.137709122,259452.794873714,0,73724.606853551,96765.583186426,87694.4174466397,874416.540069452,2.33960732603634
2015,"E09000003","Barnet",378778,369459.847754542,274559.017800536,0,58035.1360435587,95166.8261605897,83642.4798335743,880863.307592801,2.32553978212251
2016,"E09000003","Barnet",384774,307529.49872897,283954.920936791,0,44225.3649054085,92320.3536195649,83565.6323120431,811595.770502777,2.10927913659129
2017,"E09000003","Barnet",387803,310166.413078826,287794.764832797,0,23413,155215.753323881,82705.0336206194,859294.964856123,2.21580277835943
2018,"E09000003","Barnet",392140,322293.862207513,275020.271745823,0,0,188712.705730367,75205.8076997728,861232.647383476,2.19623768904849
2002,"E08000016","Barnsley",218851,46935.9272395617,44504.2667321635,NA,98755.957045848,75702.4576086538,15849.8439576846,281748.452583912,1.28739851581172
2003,"E08000016","Barnsley",220165,61124.5452843359,45506.5163740569,NA,121392.870004019,69194.0085742197,16979.8565923568,314197.796828988,1.42710147765988
2004,"E08000016","Barnsley",221227,64080.6307109259,66726.0982539879,NA,134683.305480821,65969.6174668216,17191.5424667631,348651.19437932,1.57598843893069
2005,"E08000016","Barnsley",222618,56829.3905108925,71052.654133815,NA,133159.018343814,79455.3768222409,17879.6689530061,358376.108763768,1.60982539041663
2006,"E08000016","Barnsley",224419,176548.165953668,72054.8447790065,NA,18013.1514008107,93312.5886428618,16763.6162989853,376692.367075333,1.67852261651345
2007,"E08000016","Barnsley",225989,185607.332395052,76280.7342004717,NA,16549.4092930431,98610.8991654986,17135.8990537316,394184.274107797,1.74426310177839
2008,"E08000016","Barnsley",227754,178247.635400259,77248.5601939415,0,15373.9338157039,110435.141592826,17601.7257253802,398906.996728111,1.75148184764312
2009,"E08000016","Barnsley",228973,189460.708478648,88478.4610255655,20495.9755290421,24399.5966967681,105709.562554812,18042.5926109733,446586.896895808,1.95039108058945
2010,"E08000016","Barnsley",230066,182135.187889901,102947.508721399,23418,16975.376787401,116903.79968204,18476.6228974897,460856.49597823,2.00314907886533
2011,"E08000016","Barnsley",231865,202751.870044389,97960.8900956612,0,31077.5041988979,100543.054777293,19112.6584958383,451445.977612079,1.94702079922403
2012,"E08000016","Barnsley",233762,208191.585284335,100990.194705342,0,2366.43668283074,122094.127953492,17760.2023511109,451402.546977111,1.93103475747603
2013,"E08000016","Barnsley",235811,207997.72812546,82113.7390410152,0,78334.6099004799,54857.7874672438,33844.6725782469,457148.537112446,1.93862261350169
2014,"E08000016","Barnsley",237971,208847.406734412,82358.3755585292,0,65077.8041590293,55343.6290217029,34767.8319237121,446395.047397386,1.87583801134334
2015,"E08000016","Barnsley",239855,194053.540873324,83180.9173285679,127,47288.8389328056,56207.5441035234,33122.6481562128,413980.489394434,1.7259614742008
2016,"E08000016","Barnsley",241847,186041.300711773,82359.2384660747,0,36788.6932842409,57269.7432029294,32979.4934319225,395438.469096941,1.63507700776499
2017,"E08000016","Barnsley",243341,185936.309128096,75456.3715525191,0,27081.0215308103,57473.6575221842,32557.1151441212,378504.474877731,1.55544883467123
2018,"E08000016","Barnsley",245199,185547.266677739,64058.6365019196,0,20615.1001562458,60879.9430344468,32584.185225366,363685.131595717,1.48322436712922
2002,"E06000022","Bath and North East Somerset",169819,19163.389147417,37820.0004199555,NA,37739.1390012659,56633.4579301261,10304.0907497139,161660.077248478,0.951955183156645
2003,"E06000022","Bath and North East Somerset",170361,25927.0471736872,39424.3937455603,NA,52216.7376774563,53633.308298169,11006.3232335213,182207.810128394,1.06953944933637
2004,"E06000022","Bath and North East Somerset",170585,26291.6511487962,43334.6056342591,NA,60222.4888476324,51256.2829594474,11117.3773840573,192222.405974192,1.1268423716868
2005,"E06000022","Bath and North East Somerset",171274,27581.9772299702,47157.0370931793,NA,58431.1060087002,61622.7381945807,11730.5409482619,206523.399474692,1.20580706630716
2006,"E06000022","Bath and North East Somerset",171204,113015.890594494,49853.3885541293,NA,6955.99926851627,36037.0394138346,10925.3519239335,216787.669754907,1.26625353236436
2007,"E06000022","Bath and North East Somerset",172635,123187.226687745,51262.9975563913,NA,6508.025485002,38780.1343401713,11199.4518320681,230937.835901378,1.33772314942728
2008,"E06000022","Bath and North East Somerset",173565,119348.809418785,55794.6115822041,7179,6134.55929928109,44064.7821445323,11547.8782747295,244069.640719532,1.40621462114788
2009,"E06000022","Bath and North East Somerset",173360,123928.334147477,62833.0730329294,7493,9740.04317273316,42198.0072909329,11843.7614173273,258036.219061399,1.48844150358444
2010,"E06000022","Bath and North East Somerset",174267,127432.876192512,72127,10302,6825.42314492175,47000.0244294102,12205.2580582485,275892.581825092,1.58316021865925
2011,"E06000022","Bath and North East Somerset",175538,108059.851918994,65601.0488424494,669,12818.0714165469,41470.333114044,13253.0723674394,241871.377659473,1.37788614237073
2012,"E06000022","Bath and North East Somerset",177196,96706.583469988,65311.3676531465,676,990.844375981775,51109.4302000741,12356.0451016439,227150.270800834,1.2819153412088
2013,"E06000022","Bath and North East Somerset",179460,97413.2734643984,54538,208,33457.7428788659,22523.285900278,19509.5421519246,227649.844395467,1.2685269385683
2014,"E06000022","Bath and North East Somerset",181241,97361.5733381954,58586,163,28494.7690079161,24433.7653980987,20463.7446565688,229502.852400779,1.26628551156073
2015,"E06000022","Bath and North East Somerset",184287,100697.800774522,54889.9781601851,159,22177.8389499651,26039.7795972543,19603.9946069324,223568.392088859,1.21315335367583
2016,"E06000022","Bath and North East Somerset",186946,101761.416612899,48859.0660395441,100,15851.8611535388,25029.4502641125,19577.1038744175,211178.897944512,1.12962512139608
2017,"E06000022","Bath and North East Somerset",188678,98634.7064691986,41012.1848239242,94,1110.59018890305,40945.1629933188,19364.7563543298,201161.400829675,1.06616246106952
2018,"E06000022","Bath and North East Somerset",192106,89977.8166167529,35892.4294981661,0,945.460986013051,39346.2746963632,19526.6510649014,185688.632862197,0.966594655357962
2002,"E06000055","Bedford",149589,18002.0780377352,42140.3204742486,NA,46917.8983637888,49110.7569687846,8947.89016101819,165118.944005575,1.10381741976733
2003,"E06000055","Bedford",150684,24425.2631180497,43625.8296232428,NA,59177.6328985973,46979.9146795554,9703.96071219299,183912.601031638,1.22051844277852
2004,"E06000055","Bedford",151308,28346.0061813423,47623.4017537975,NA,65517.9599599013,45136.4804497041,9956.87432737311,196580.722672118,1.29920904824674
2005,"E06000055","Bedford",151747,38167.6324706245,51016.9715430193,NA,63567.2078336282,54338.5838489818,10441.5621873699,217531.957883624,1.43351735377717
2006,"E06000055","Bedford",152346,127438.975386601,45840.9687686737,NA,7474.12643406895,38719.06218216,9966.39816201546,229439.530933519,1.50604237021989
2007,"E06000055","Bedford",153107,115261.597131373,58212.9572199965,NA,6852.00288555848,40829.9606962166,10180.3147516077,231336.832684752,1.51094876579616
2008,"E06000055","Bedford",154164,123556.931599503,60428.7069980151,13432.4388529557,6266.20526661971,45012.265909673,10342.9613810367,259039.510007803,1.68028534552686
2009,"E06000055","Bedford",154808,131086.299244405,68066.8072049632,8394,11864.2458165858,51402.6045562168,10662.0502509216,281476.007073092,1.81822649393502
2010,"E06000055","Bedford",156535,131685.613518727,79722.9384532468,11527,8224.26495864129,56632.9828091058,10969.9351849722,298762.734924693,1.90860021672273
2011,"E06000055","Bedford",157840,117328.94462224,71909.0135953008,575,15387.4121693336,49781.851926271,11231.7371035042,266213.95941665,1.68660643320229
2012,"E06000055","Bedford",159369,116643.613315868,73297.8434754619,576,1165.17442486124,60100.7617886231,10421.8257817179,262205.218786532,1.64527115553547
2013,"E06000055","Bedford",161553,96556.5296515211,58510.7656578427,181,44195.2529577242,29025.9771600158,17849.340545239,246318.865972343,1.52469385262015
2014,"E06000055","Bedford",163999,100128.77056095,56527.9754290378,199,37888.8976773237,32158.9190038286,18420.7606126308,245324.323283771,1.49588914129824
2015,"E06000055","Bedford",166376,105478.355536208,58182,143,29876.1819190715,33151.3227607307,17511.6390190963,244342.499235106,1.46861626217186
2016,"E06000055","Bedford",168814,106281.24823912,54747,107,22636.3736845368,31903.3171337906,17431.1577890693,233106.096846517,1.38084576425247
2017,"E06000055","Bedford",169912,99983.6489918748,49070,98,15492.1128618718,33244.5113331327,17233.8218597653,215122.095046645,1.26607947082398
2018,"E06000055","Bedford",171623,106399.305474962,41831,96,10933.2986114639,34406.5186019619,17284.1446429158,210950.267331303,1.22914916608673
2002,"E09000004","Bexley",219123,53605.5821114972,62103.376149892,NA,110889.545404424,73265.6253487515,30177.05130241,330041.180316975,1.5061914099249
2003,"E09000004","Bexley",220016,117602.973163366,69992.6202161595,NA,123917.69148743,69265.2951467224,32204.2666305332,412982.84664421,1.87705824414684
2004,"E09000004","Bexley",220917,110656.30092873,88476.7392897361,NA,134594.713206991,66202.5594519107,33380.5140275511,433310.826904919,1.96141911625144
2005,"E09000004","Bexley",222391,115313.205398743,91329.4000137518,NA,133895.6778763,79076.8322485051,34819.3672940144,454434.482831315,2.04340320800444
2006,"E09000004","Bexley",223280,264082.486169397,101660.752998391,NA,14393.9127362107,74566.9227542093,29424.7676723273,484128.842330535,2.16825887822705
2007,"E09000004","Bexley",224625,283629.465782099,100449.027045523,NA,13102.4339913846,78075.2844490388,29976.7326147762,505232.943882821,2.24922846469815
2008,"E09000004","Bexley",226652,265480.100859544,105317.483627258,9213,11792.4215249788,84712.5409262559,30558.6574342234,507074.20437226,2.23723684049671
2009,"E09000004","Bexley",228146,305182.028698433,117446.119075456,9888.55398248985,18334.4383489827,79432.863172913,31126.5591359699,561410.562414244,2.46075128388946
2010,"E09000004","Bexley",230711,308372.848229764,118310.068463108,12454.1129467921,12571.9699958879,86576.3328043992,31903.0167597946,570188.349199745,2.47143980651007
2011,"E09000004","Bexley",232774,296641.725654152,119663.302286929,961.088793498421,23435.6240099985,75817.8456226026,31995.9284886769,548515.514855857,2.35642947604053
2012,"E09000004","Bexley",234308,222201.260139902,113691.80534956,891.897497638958,1793.18862035138,92509.0030070408,29655.2075681386,460742.362182631,1.96639620577458
2013,"E09000004","Bexley",236816,203178.649655514,98585.9473175868,97,54079.44717562,60088.5403721646,55137.9045559835,471167.489076869,1.98959314014623
2014,"E09000004","Bexley",240016,188797.567302285,101861.344984974,82,46037.250188128,62755.7706379302,56316.6418222924,455850.57493561,1.89925077884645
2015,"E09000004","Bexley",242387,145030.259718569,101891.709105646,55,35875.7073963906,64566.4309558286,53524.3592801603,400943.466456595,1.6541459173
2016,"E09000004","Bexley",245095,139830.140729303,99029.5967809011,5,26616.6286924041,63257.1624833987,53229.9964434193,381968.525129426,1.55845090731931
2017,"E09000004","Bexley",246124,129104.650377603,97018.8292440987,0,13751,103712.830238773,52489.7788177021,396077.088678177,1.6092582953234
2018,"E09000004","Bexley",247258,121769.327230184,90971.8632303532,0,0,124003.398884076,47419.8949360698,384164.484280684,1.55369890673177
2002,"E08000025","Birmingham",990384,199584.05622808,274576.445972696,NA,661452.42973586,335877.037485386,79242.5906277219,1550732.56004974,1.56578918889011
2003,"E08000025","Birmingham",996356,296012.346829215,284552.28301592,NA,787286.85296502,309915.826574563,89121.2749601621,1766888.58434488,1.77335067420167
2004,"E08000025","Birmingham",1002376,290853.799576868,431568.659931102,NA,878952.307600023,299738.376769088,91173.9908773813,1992287.13475446,1.98756468107224
2005,"E08000025","Birmingham",1014650,296217.093285904,419161.28822109,NA,909686.334587228,358438.066964462,94816.0911004903,2078318.87415917,2.0483111163053
2006,"E08000025","Birmingham",1020843,1006919.79680415,475069.338222974,NA,108013.971139302,559554.309113993,94028.5118208945,2243585.92710131,2.19777764759254
2007,"E08000025","Birmingham",1029021,1058392.37318558,485693.101241673,NA,100124.184295458,596613.110900014,96136.1929919395,2336958.96261467,2.27105079742267
2008,"E08000025","Birmingham",1038980,1029438.24138073,484435.014656073,92183,92045.2861748902,661204.510468999,99508.6648922643,2458814.71757296,2.36656597583491
2009,"E08000025","Birmingham",1050072,1096637.94647496,587052.745221271,73762,146075.062285365,632873.133016959,102303.547407704,2638704.43440626,2.51287953055243
2010,"E08000025","Birmingham",1061074,1131608.78053259,672363.815863785,141187,101682.062151863,700242.417632704,105022.904368758,2852106.9805497,2.68794351812381
2011,"E08000025","Birmingham",1074283,1158230.28752765,646570.680073569,0,190799.334457409,617268.67766421,107002.740523985,2719871.72024683,2.53180188111217
2012,"E08000025","Birmingham",1085198,1123085.27565755,687785.414224043,2409,14424.407057204,744125.242477697,99367.6545810889,2671196.99399758,2.46148352097735
2013,"E08000025","Birmingham",1092190,1067921.43157247,589321.072683304,361,487767.999078639,324678.82330818,185637.744939971,2655688.07158256,2.43152571583933
2014,"E08000025","Birmingham",1101521,1072806.8894982,594231.855047113,377,403015.188436044,338615.464047249,186844.219488925,2595890.61651753,2.35664196735018
2015,"E08000025","Birmingham",1112950,1038987.57643174,589649.256405914,296,292383.801061214,347911.359796648,177711.001644035,2446938.99533955,2.19860640220994
2016,"E08000025","Birmingham",1128077,1011188.55791531,600339.519296221,115,237509.955284543,338523.742224054,176891.749250231,2364568.52397036,2.09610560623997
2017,"E08000025","Birmingham",1137123,1017363.94527004,594353.302932072,138,9106.23702319019,561822.369571978,174297.191494297,2357081.04629158,2.07284616201728
2018,"E08000025","Birmingham",1141374,1052713.08677519,547363.923363889,163,8054.89387057863,582599.069440397,173799.735125279,2364693.70857534,2.07179566783135
2002,"E06000008","Blackburn with Darwen",139538,28238.3169351499,51672.3924226591,NA,80682.0250606306,45975.4824417848,9569.92754894808,216138.144409172,1.54895544159421
2003,"E06000008","Blackburn with Darwen",140429,43187.4984429153,52878.7902831751,NA,95658.4889673229,43655.5127648725,10349.8994430078,245730.189901294,1.74985359079174
2004,"E06000008","Blackburn with Darwen",141418,46143.9715165158,57144.0146608425,NA,106236.3156572,42223.8450751173,10611.8922305345,262360.03914021,1.85520965605658
2005,"E06000008","Blackburn with Darwen",142145,53282.2185515168,61324.8693030752,NA,107669.205025064,50509.6334650565,11017.132975174,283803.059319886,1.99657433831571
2006,"E06000008","Blackburn with Darwen",143110,149213.217636722,60500.6596121808,NA,11824.9491072855,61258.7203030741,9968.33240778073,292765.879067043,2.04574019332711
2007,"E06000008","Blackburn with Darwen",143942,165682.898684851,63798.6724533571,NA,10991.9313420973,65497.5881533139,10221.4036309746,316192.494264595,2.1966659784121
2008,"E06000008","Blackburn with Darwen",144902,147259.521349251,64158.3945347735,21769,10497.7413096284,75411.6749999139,10645.4679318483,329741.800125416,2.275619385001
2009,"E06000008","Blackburn with Darwen",146197,152045.522930438,73579.484039683,23058,16986.1330916584,73590.562190106,11034.2351677592,350293.937419644,2.39604053037781
2010,"E06000008","Blackburn with Darwen",146966,157410.309685459,84161.7795289639,24630,12006.7270976835,82684.1084857044,11374.5769046551,372267.501702466,2.53301785244523
2011,"E06000008","Blackburn with Darwen",147657,154449.982726965,73615.4669159889,3572,22450.5055057329,72630.2134469768,11553.4192089893,338271.587804653,2.29092821745432
2012,"E06000008","Blackburn with Darwen",147854,158252.606392991,77840.9303229936,584,1702.79073011566,87857.257023834,10663.8739268977,336901.458396832,2.27860902239257
2013,"E06000008","Blackburn with Darwen",147763,167223.616099894,63285.3288011935,161,60593.7647183847,41441.3464392763,19951.467660563,352656.523719311,2.38663619254692
2014,"E06000008","Blackburn with Darwen",147416,157405.154640738,61547.201845241,64,50149.9749054843,42111.0164332638,20374.8950254909,331652.242850218,2.24977100755833
2015,"E06000008","Blackburn with Darwen",147856,147499.893603667,57153.8425667939,38,37076.6166716208,43835.960687064,19378.6484247674,304982.961953913,2.06270264280051
2016,"E06000008","Blackburn with Darwen",148462,142057.389248199,56091.4649330834,27,30176.4743227643,44923.1414591509,19263.5223696527,292538.99233285,1.97046377074841
2017,"E06000008","Blackburn with Darwen",148772,146428.262469498,53657.3790514171,32,23364.9140823497,45878.0224354695,18966.995926862,288327.573965597,1.93804999573573
2018,"E06000008","Blackburn with Darwen",148942,151315.337017954,47228.6831956217,0,18757.7106747647,49250.413804979,18889.7781539078,285441.922847227,1.91646360897011
2002,"E06000009","Blackpool",142164,23442.4638934818,47236.0994594655,NA,68078.1375447511,49924.3212447784,9750.02637323636,198431.048515713,1.39578971128917
2003,"E06000009","Blackpool",142658,70466.9505221102,12797.6599293393,NA,82106.1622464046,45117.0601372308,10514.1812214044,221002.014056489,1.54917364645859
2004,"E06000009","Blackpool",143143,38714.5119488935,66511.4790380077,NA,90299.3157032239,42952.705861966,10741.3348340056,249219.347386097,1.74105158747614
2005,"E06000009","Blackpool",143688,40060.2091753516,73318.4257020667,NA,91884.2867469227,51427.2032384329,11136.7251956579,267826.850058432,1.86394723330015
2006,"E06000009","Blackpool",143733,115844.131036119,75420.6811546194,NA,12367.1330797112,64065.1158222469,10011.7274961047,277708.788588801,1.93211571865056
2007,"E06000009","Blackpool",143644,124266.890891378,84193.7104520573,NA,11368.3043566452,67738.9753004309,10200.242480775,297768.123481287,2.07295900616306
2008,"E06000009","Blackpool",142921,120671.705074853,85686.5865226454,17383,10680.9781280686,76727.5254631592,10499.9304515307,321649.725640257,2.25054208716884
2009,"E06000009","Blackpool",142578,124466.475785248,101968.951855441,18771,17082.8433206049,74010.6979687745,10761.0907320175,347061.059662086,2.43418381280483
2010,"E06000009","Blackpool",142753,125227.613839448,120440.32923328,22941,11980.26320629,82500.2500078913,11048.507660753,374137.963947662,2.62087636650482
2011,"E06000009","Blackpool",142080,123937.533451493,113137.650686549,997,23251.7628507591,75221.7090320572,11117.0469480837,347662.702968942,2.44695033058095
2012,"E06000009","Blackpool",142037,114851.745493806,113790.474348256,866,1792.63207578718,92461.7784428849,10244.3265718531,334006.956932587,2.35154894099838
2013,"E06000009","Blackpool",141603,115031.87858661,95010.2270273032,97,65419.3545164718,43450.7186565029,19119.7233078558,338128.902094744,2.38786538487704
2014,"E06000009","Blackpool",140898,94371.9113567776,90915.0647663128,60,54267.0352759057,44904.352712148,19474.0188263256,303992.38293747,2.15753511715901
2015,"E06000009","Blackpool",140162,90325.2650097197,85437.0314755368,31,40111.3840894364,43513.3120591675,18370.239425605,277788.232059465,1.9819083065272
2016,"E06000009","Blackpool",139983,78089.7903647439,80166.9911204741,19,32882.9448284646,45269.0921574296,18163.3391162122,254591.157587324,1.81872911415904
2017,"E06000009","Blackpool",139870,74536.2088269886,76652.8569618054,24,25534.2531571684,47721.984338781,17832.07673682,242301.380021563,1.73233273769617
2018,"E06000009","Blackpool",139305,82922.6928085163,78689.3236868451,27,20552.1378962825,49722.2093439231,17667.5521057198,249580.915841287,1.79161491576962
2002,"E08000001","Bolton",262367,65179.0592450739,56718.851597209,NA,128353.273084249,89031.0160874187,21183.2725936048,360465.472607555,1.37389790868347
2003,"E08000001","Bolton",263814,79021.0316585617,61344.2517570035,NA,156856.961919675,82809.8847178808,22795.8001075415,402827.930160662,1.52693916987219
2004,"E08000001","Bolton",264511,83564.6019244225,91981.6900373056,NA,174627.767833107,79139.5642403653,23211.5936091039,452525.217644304,1.7107992395186
2005,"E08000001","Bolton",265016,71590.9757524702,98156.1413803526,NA,176829.404134077,95188.3833053503,24099.6081035703,465864.51267582,1.7578731573785
2006,"E08000001","Bolton",266816,228102.894895169,102616.000405846,NA,21492.540348377,111338.788902744,22810.8843571135,486361.10890925,1.82283337172152
2007,"E08000001","Bolton",268319,243622.97975617,103372.179308317,NA,19765.6339998284,117773.504850846,23270.8705300777,507805.16844524,1.89254271387878
2008,"E08000001","Bolton",270497,247720.091512733,104064.304396133,23765.140956112,18234.2934018879,130989.389149724,24026.4704811857,548799.689897775,2.02885684461482
2009,"E08000001","Bolton",273049,244070.096327684,118758.849564726,26023.0298499943,28931.8778396209,125346.045998743,24719.1175411475,567849.017121916,2.07965975748645
2010,"E08000001","Bolton",275168,242619.143223806,124435.166197004,30767.8373986275,20142.020438486,138710.668264558,25371.5502075443,582046.385730027,2.11524009234368
2011,"E08000001","Bolton",277296,253909.071064644,130017.29369558,984,37260.0233389166,120543.764445037,25657.5001552849,568371.652699463,2.04969293714826
2012,"E08000001","Bolton",279084,250296.003972419,133965.12888649,861,2820.93639243986,145537.129727172,23785.9820158386,557266.18099436,1.99676864669547
2013,"E08000001","Bolton",280271,267159.534817576,117211.519893336,35,93844.988976891,61987.2496543302,46195.9252811423,586434.218623276,2.09238279601984
2014,"E08000001","Bolton",280788,263105.638507496,116995.780505494,86,77144.0273394276,62987.2899056196,46991.8172697714,567310.553527808,2.02042307195396
2015,"E08000001","Bolton",281828,269579.6874471,108299.150408295,26,56314.4838593952,65990.9834369214,44624.2308874637,544834.536039175,1.93321648679044
2016,"E08000001","Bolton",283536,251681.8023449,104697.917358903,0,45009.8164902454,65652.6111453933,44222.8816632648,511265.029002706,1.8031750077687
2017,"E08000001","Bolton",284813,234389.851993301,99276.2377962833,0,20238.8466906698,127532.317594082,25321.7856716399,506759.039745977,1.77926934425738
2018,"E08000001","Bolton",285372,221944.588445297,103639.793098409,0,2022.9715025658,126088.490909556,43428.1392093847,497123.983165213,1.742020882095
2002,"E06000028","Bournemouth",164600,28240.0191818125,42619.6441210291,NA,47007.8460191875,54360.495740871,8851.67218723005,181079.67725013,1.10011954586956
2003,"E06000028","Bournemouth",164207,42094.2155517561,46807.4769409418,NA,56450.2401667023,51860.7667393318,9285.76137778728,206498.460776519,1.25754968287904
2004,"E06000028","Bournemouth",163949,40652.0493896799,64824.9049702264,NA,62052.5554502558,49540.2256173888,9349.93195900604,226419.667386557,1.3810371968512
2005,"E06000028","Bournemouth",165998,40147.0112393292,73693.5461578046,NA,58747.3798927104,59100.7597121085,9774.59656137432,241463.293563327,1.45461567948606
2006,"E06000028","Bournemouth",166716,110883.946206216,76367.7415802283,NA,8990.7133025177,46573.9090775346,8941.18781516785,251757.497981665,1.51009799888232
2007,"E06000028","Bournemouth",170098,118189.028928863,79108.0860655114,NA,8168.54991550536,48676.450981342,9227.03802605009,263369.153917271,1.5483377459892
2008,"E06000028","Bournemouth",171973,115327.223205999,85740.6212311428,8164,7527.44716690295,54072.051695238,9363.60319865574,280194.946497938,1.62929614822058
2009,"E06000028","Bournemouth",174251,118651.661786548,100235.20182474,8228,11758.5753872268,50943.4107786972,9702.51627413537,299519.366051347,1.71889610992963
2010,"E06000028","Bournemouth",179308,110811.058239181,109698,16577,8090.8772512895,55718.8122594255,10152.438458318,311048.186208214,1.73471449242763
2011,"E06000028","Bournemouth",183450,101788.61435483,110952,1035,16227.5891260073,52498.9096383117,11288.9959991306,293791.109118279,1.60147783656734
2012,"E06000028","Bournemouth",186290,92714.0816027657,113436,1075,1236.29260264033,63775.1044235843,10537.037908434,282773.516537424,1.51792107218543
2013,"E06000028","Bournemouth",187914,86037.9927693228,97115,138,43377.3235721403,28865.3419898028,16112.2281736371,271645.886504903,1.44558620701439
2014,"E06000028","Bournemouth",189636,75835.5099908556,95028,82,36072.9998772833,31155.1941668657,17370.0523406563,255543.756375661,1.34754875854617
2015,"E06000028","Bournemouth",191673,68150.3475361463,93958.02747,49,26819.5577220419,29005.2681026852,16651.5015402774,234633.702371151,1.22413538876707
2016,"E06000028","Bournemouth",193653,53991.1044112205,92474,0,19793.1463943653,33288.1873417328,0,199546.438147319,1.03043298140136
2017,"E06000028","Bournemouth",194752,58888.6744273776,87838,0,12591.0036601562,34410.1882670576,16594.2089948085,210322.0753494,1.07994821798698
2018,"E06000028","Bournemouth",194355,64934.6970111006,76079.7460298756,0,8007.15086160683,32292.5782153789,16526.5220622893,197840.694180251,1.01793467716422
2002,"E06000036","Bracknell Forest",109490,11842.75727927,12573.283238329,NA,24054.6648069671,36937.0695097169,6366.95409335844,91774.7289276413,0.838201926455762
2003,"E06000036","Bracknell Forest",109475,14860.9755665096,14249.6493133059,NA,32471.522860811,34757.9509533925,6842.41390206939,103182.512596088,0.942521238603229
2004,"E06000036","Bracknell Forest",109189,19534.0341297529,20564.0099515874,NA,38563.4593791521,33149.7533707751,6902.0609692308,118713.317800498,1.08722781416167
2005,"E06000036","Bracknell Forest",109487,16251.7894933562,25862.2195529403,NA,37160.5549517392,39700.332831859,7107.35209107458,126082.248920969,1.15157277960826
2006,"E06000036","Bracknell Forest",109896,71071.790447191,28368.2437308826,NA,4705.12522952438,24374.2534066076,6857.16198253311,135376.574796739,1.23186080291129
2007,"E06000036","Bracknell Forest",110702,76154.1096421732,30601.5739302685,NA,4275.87946313011,25480.9774844486,6999.0286564667,143511.569176487,1.2963773841167
2008,"E06000036","Bracknell Forest",111455,76937.3702039516,31618.5021607735,4541,3904.34337223188,28042.533723883,7092.68894673257,152136.438407572,1.36500326057667
2009,"E06000036","Bracknell Forest",111916,79393.9400053716,39086.6333829142,4706,6086.55079208682,26370.9281600611,7256.1087372652,162900.161077699,1.45555739195199
2010,"E06000036","Bracknell Forest",112893,84222.4121917868,41898,5682,4178.69400180869,28779.086310613,7441.63186662574,172201.824370834,1.52535431223224
2011,"E06000036","Bracknell Forest",113696,94383.8806049293,42744.1405550259,367,7675.11040051689,24830.621482503,7903.39498578789,177904.148028763,1.56473532955217
2012,"E06000036","Bracknell Forest",115089,95156.2744432592,43784.1035521642,347,585.034745224372,30170.986810755,7372.08239615824,177415.481947561,1.54155029540235
2013,"E06000036","Bracknell Forest",116543,91019.1078198078,37775,78,23343.9876077476,16177.3275628836,11901.4402543173,180294.863244756,1.54702438794914
2014,"E06000036","Bracknell Forest",117997,93519.4791704136,38789.7256964089,42,20371.8693010491,27722.2150253688,12285.0439213739,192730.333114614,1.63334943358403
2015,"E06000036","Bracknell Forest",119205,97131.7301980351,38605.3362623772,26,16584.693449128,21880.4305875167,11710.550970707,185938.741467764,1.55982334187126
2016,"E06000036","Bracknell Forest",119730,96401.1267833209,35786.8255629074,5,12040.8091864952,7405.86783639613,11593.5805882321,163233.209957352,1.36334427426169
2017,"E06000036","Bracknell Forest",120377,93216.8720069371,33689.8079651427,14,7644.73581964489,29951.909470277,11444.4156004777,175961.740862479,1.46175549201658
2018,"E06000036","Bracknell Forest",121676,88772.248650564,31074.6089675456,18,464.460621700828,43093.0321350709,11491.5320953334,174913.882470215,1.43753807217705
2002,"E08000032","Bradford",475184,100268.658093942,119501.038116959,NA,268908.573258315,161478.944322276,35397.2169737181,685554.43076521,1.44271362412289
2003,"E08000032","Bradford",479166,143348.083995147,139389.222475972,NA,319591.156222936,148562.84171541,38781.6450579046,789672.949467371,1.6480154048229
2004,"E08000032","Bradford",484650,140409.052254255,149311.104199762,NA,349143.082627598,143375.743532245,39544.3964302423,821783.379044102,1.695622364684
2005,"E08000032","Bradford",491361,143725.829459232,148969.156088161,NA,357282.865410093,172578.529989161,41164.3121161026,863720.693062748,1.75781287701455
2006,"E08000032","Bradford",495658,462870.890056527,165636.123485812,NA,43623.6336104191,225988.370950424,38465.0250184871,936584.043121668,1.88957717442605
2007,"E08000032","Bradford",501357,499805.135076466,175270.502820894,NA,40067.8028647889,238756.116382395,39517.6344111257,993417.191555669,1.98145670960148
2008,"E08000032","Bradford",507323,477703.41329896,191406.086105857,46758.4691376783,36913.5721795864,265168.586638341,41324.7663675269,1059274.89372795,2.08796938780215
2009,"E08000032","Bradford",512392,507070.815680875,223157.330391194,51600.3039515255,58722.394088661,254414.369256195,42721.9691928539,1137687.1825613,2.22034532654941
2010,"E08000032","Bradford",518002,503088.194273953,245478.64576535,62663.1736398988,40997.0275509411,282327.546553398,44162.6206369466,1178717.20842049,2.27550706063005
2011,"E08000032","Bradford",523115,539518.316277351,244377.989969341,1460,75927.5960493335,245640.277265889,45246.2554329746,1152170.43499489,2.20251844239773
2012,"E08000032","Bradford",524386,540289.573558687,248917.520106339,1023,5746.4066840208,296455.057043691,41970.5317070079,1134402.08909975,2.16329591007339
2013,"E08000032","Bradford",525936,546300.754568026,205685.862171005,350,190452.239600754,122816.254138815,77002.1056088835,1142607.21608748,2.17252140200991
2014,"E08000032","Bradford",527567,538865.561303447,204146.923249491,289,155896.520333086,131065.080305709,78268.6112093386,1108531.69640107,2.10121500473129
2015,"E08000032","Bradford",529879,541261.201425679,197643.048617611,165,112833.261258251,137925.66317967,74268.0994711555,1064096.27395237,2.00818729172579
2016,"E08000032","Bradford",532539,481057.102239409,188117.955536432,104,88703.1363745493,131196.796720733,73680.0868003616,962859.077671485,1.80805364052489
2017,"E08000032","Bradford",534800,433911.63517892,177956.34906926,652,66732.0944480686,137531.563760411,72632.248925569,889415.891382229,1.66308132270424
2018,"E08000032","Bradford",537173,445108.023720331,169996.064366477,667.034,3396.3797778998,203086.372987248,72540.1432277368,894794.018079692,1.66574645054702
2002,"E09000005","Brent",269871,86160.6604236518,153573.852977312,NA,172377.562820139,85311.9580030071,37165.9342562519,534589.968480362,1.98090928065765
2003,"E09000005","Brent",268323,173988.930673741,174979.87244228,NA,201751.008694738,83600.4699597029,39275.0774266625,673595.359197124,2.51038993748998
2004,"E09000005","Brent",268335,172398.682594417,233539.03759924,NA,217867.859582549,82292.4204182043,40545.3642389808,746643.364433391,2.78250457239418
2005,"E09000005","Brent",270939,177730.262575959,245300.417738694,NA,222487.759945892,96627.0961485749,42420.4421728981,784565.978582018,2.89572921794949
2006,"E09000005","Brent",276504,350911.510765778,256167.930486685,NA,30108.7761698907,155974.960378135,36438.8479060784,829602.025706567,3.00032558554873
2007,"E09000005","Brent",283273,387611.481408981,266116.361434686,NA,27516.0236484875,163963.609129583,37803.4456448993,883010.921266637,3.11717290834862
2008,"E09000005","Brent",290901,354811.817593237,285774.369701802,16209,24636.8061920383,176983.318166126,39221.1143350732,897636.425988276,3.08571103567288
2009,"E09000005","Brent",298118,406870.474343269,334581.290544374,16435.7779498738,38512.1694955074,166856.153504258,40673.0232241507,1003928.88906143,3.36755542792261
2010,"E09000005","Brent",304785,411412.811784911,372547.237004427,26547.9818582037,26478.1061899809,182342.384436758,42146.0656974916,1061474.58697177,3.4826995651747
2011,"E09000005","Brent",312245,462435.229080054,391547.107273932,2225.54162976069,49504.681768591,160154.30050362,42919.6073914909,1108786.46764745,3.55101432416035
2012,"E09000005","Brent",314593,372093.275719105,396909.241606493,2111.60211548361,3756.8136796106,193827.938939319,39816.4839206661,1008515.35598068,3.20577811960431
2013,"E09000005","Brent",317112,358121.385571749,362599.226596913,97,123945.374183988,113963.863043451,73833.2341968323,1032560.08359293,3.25613689672082
2014,"E09000005","Brent",320101,345721.243333898,363066.800730098,92,102628.80731897,119990.882049414,75107.5485132559,1006607.28194564,3.14465522427495
2015,"E09000005","Brent",323443,305947.383809875,378613.122148763,58,76336.1605672366,119552.368178351,71423.299676356,951930.334380582,2.94311620403157
2016,"E09000005","Brent",326427,311038.872126499,353627.458517714,2,62257.8154110667,119142.430086164,70893.7679227893,916962.344064233,2.8090885376033
2017,"E09000005","Brent",329102,314116.235273968,348102.719287397,0,42700,172905.499948159,70186.1305214583,948010.585030982,2.88059806695487
2018,"E09000005","Brent",330795,312983.405811342,351701.829076479,0,0,225316.593160801,63440.876110691,953442.704159313,2.8822766491613
2002,"E06000043","Brighton and Hove",249743,39146.3819505257,85009,NA,94907.118956762,86254.8262661967,15163.4298595749,320480.757033059,1.28324220111498
2003,"E06000043","Brighton and Hove",249846,62715.0401937459,87880,NA,114254.796816805,78673.5440502104,15675.1458511506,359198.526911911,1.43767971835415
2004,"E06000043","Brighton and Hove",249847,67166.0744901063,126876,NA,122917.380301313,75546.5442860132,15829.4047076585,408335.403785091,1.63434183234176
2005,"E06000043","Brighton and Hove",252863,66388.1746054641,139844.035185814,NA,118258.095088449,90702.6730425518,16392.9053962328,431585.883318512,1.70679729070094
2006,"E06000043","Brighton and Hove",255564,168567,147741,NA,18150.2013620974,94022.8657413018,15228.3607013573,443709.427804756,1.73619691272932
2007,"E06000043","Brighton and Hove",258161,183905.054162295,159900.280312641,NA,16506.669319303,98359.4036984121,15631.9493555622,474303.356848214,1.83723861020144
2008,"E06000043","Brighton and Hove",262019,180607.106728559,165032.773400102,13909,14916.8226180238,107157.562464034,16066.0157836756,497689.280994394,1.89943966275115
2009,"E06000043","Brighton and Hove",265584,187465.268658584,185435.774650077,13954,23309.382346069,100986.796421096,16653.2984861501,527804.520561977,1.98733553437698
2010,"E06000043","Brighton and Hove",269495,187469.960566595,199460.560070162,22654,16016.8542413429,110304.740663274,17232.620829418,553138.736370792,2.05250092347091
2011,"E06000043","Brighton and Hove",272952,186251.392382726,194373.620493698,1936,30295.0566483455,98008.9858421805,18486.1927660527,529351.248133003,1.9393565466932
2012,"E06000043","Brighton and Hove",275724,189472.387225091,194265.539787475,1956,2286.61093627646,117941.224994632,17183.7736539699,523105.536597444,1.89720712233046
2013,"E06000043","Brighton and Hove",277991,195957.383024804,178795.529317443,297,81138.4505809483,46116.1599763807,28486.0755308451,530790.598430421,1.90938051386707
2014,"E06000043","Brighton and Hove",280650,207375.4122246,169149.29799021,202,66535.4103023432,60733.770203604,29567.5126917383,533563.403412496,1.90117015290396
2015,"E06000043","Brighton and Hove",284073,212453.999092626,167705.871589374,131,48671.5265579054,64287.2673146833,28242.0809645369,521491.745519125,1.83576667095826
2016,"E06000043","Brighton and Hove",287173,215167.345496991,162297.80460532,0,35252.5209900446,59594.6900087244,28130.5768327495,500442.937933829,1.74265316702416
2017,"E06000043","Brighton and Hove",288155,226303.603336994,151051.733531549,0,23169.1560016849,61624.7410716623,27712.989442729,489862.22338462,1.69999556969207
2018,"E06000043","Brighton and Hove",290395,249899.116340583,132680.929564733,0,15401.8278904359,64439.1646636686,27746.9652320028,490168.003691424,1.68793541104848
2002,"E06000023","Bristol",389735,56910.3098084936,84846.1323919665,NA,129833.925241924,134751.350864142,23647.9122379694,429989.630544496,1.10328718371328
2003,"E06000023","Bristol",391454,93157.2939307033,90704.9412909912,NA,170445.917503366,120830.429279891,25290.2322424432,500428.814247395,1.27838472527396
2004,"E06000023","Bristol",395743,97101.9811682038,144941.266251538,NA,187848.681167914,115629.132627257,25791.3900876338,571312.451302546,1.44364512146152
2005,"E06000023","Bristol",405407,110431.873085644,152011.877581154,NA,186262.120477534,141501.639538111,27766.2891869869,617973.799869429,1.52432937731571
2006,"E06000023","Bristol",408428,296012.780774561,163819.181867164,NA,26445.8495434777,136999.978211453,26063.7580639956,649341.548460651,1.58985561337776
2007,"E06000023","Bristol",411901,322828.118938274,174148.292382629,NA,24581.8848686408,146477.019311559,26721.495693693,694756.811194796,1.68670824104529
2008,"E06000023","Bristol",414822,303429.007183011,180392.483759704,25743,22741.6603154229,163362.486945866,27599.5388567963,723268.1770608,1.74356272584579
2009,"E06000023","Bristol",418990,369452.168634352,213024.991232505,24263,35952.9114498354,155767.820286271,28624.9284508882,827085.820053852,1.97399894998413
2010,"E06000023","Bristol",423044,338961.022505609,230002,45180,24938.886593103,171740.679140144,29629.0243706134,840451.612609469,1.98667659300089
2011,"E06000023","Bristol",428074,318975.717510575,228716.476479068,661,49928.4426481269,161527.4859316,32319.4732799692,792128.59584934,1.85044781007335
2012,"E06000023","Bristol",433043,295363.663991253,236097.663511713,8,3836.28028910515,197897.787027533,30196.4990121176,763399.893831722,1.76287318772436
2013,"E06000023","Bristol",438386,271458.404808669,199073,0,139681.852076755,92869.8044838922,47658.0304570022,750741.091826319,1.71251155791088
2014,"E06000023","Bristol",443791,264124.737351543,217366,0,115432.34591396,97155.5967953589,50108.0092522294,744186.689313092,1.67688549184885
2015,"E06000023","Bristol",450640,244986.380151672,216067.777706652,0,85247.0656227096,95406.912640103,47937.9670278859,689646.103149023,1.5303703691395
2016,"E06000023","Bristol",455966,280218.781129424,187095.483587298,0,63853.0283222668,95504.6117227773,47749.0491650137,674420.95392678,1.47910360405552
2017,"E06000023","Bristol",459252,307882.872863264,179208.000648992,0,2703.23389814448,169424.45286153,47134.81744156,706353.37771349,1.53805182713083
2018,"E06000023","Bristol",463405,303948.76421437,165505.1841969,0,2280.6749826834,165586.428688683,47102.8897417605,684423.941824397,1.47694552675175
2002,"E09000006","Bromley",296668,69849.595190161,87306.8037250136,NA,103612.819868475,100353.256244043,40856.3476028686,401978.822630561,1.35497870559198
2003,"E09000006","Bromley",297253,152720.134366273,100142.50739998,NA,125132.797686136,93757.888850123,43509.6305210798,515262.958823592,1.733415504044
2004,"E09000006","Bromley",297307,144638.493797299,119017.800191989,NA,136163.564394913,89771.14929575,44923.0275804449,534514.035260396,1.79785217051867
2005,"E09000006","Bromley",299421,148990.184313651,120262.989561257,NA,130601.063511561,107592.598134275,46879.8187630843,554326.654283829,1.85132857843581
2006,"E09000006","Bromley",300963,316484.298015945,130486.283225792,NA,15927.3882382129,82512.0737901965,39662.1567223515,585072.199992498,1.94400042527652
2007,"E09000006","Bromley",302625,340909.310327468,135826.081512082,NA,14510.7900351376,86463.6386483712,40386.0153925282,618095.835915587,2.04244803276526
2008,"E09000006","Bromley",304968,320485.967981459,146238.426004789,11196,13131.2688157605,94327.3345622293,41117.7163245868,626496.713688824,2.05430311930702
2009,"E09000006","Bromley",306924,373400.156278163,163240.971987741,11811.6870886262,20397.8805581653,88373.7070493595,41874.4489767449,699098.8519388,2.27775883260612
2010,"E09000006","Bromley",308560,382248.693962472,174574.538773515,15741.096353716,13951.7279753941,96077.8427475301,42668.0776009909,725261.977413619,2.35047309247349
2011,"E09000006","Bromley",310554,351481.505051249,156744.385775108,1098.36161760381,26168.7401462409,84662.3197156114,42687.1711439961,662842.483449809,2.1343872030301
2012,"E09000006","Bromley",314039,265090.508531824,151072.114388627,1025.24533204603,1997.40168131915,103033.09857678,39746.366873904,561964.7353845,1.78947434995176
2013,"E09000006","Bromley",318167,246980.238172023,133162.716405119,165,58515.8874971518,70506.1172580843,74078.8700039846,583408.829336363,1.83365600246525
2014,"E09000006","Bromley",321602,225892.798353233,130342.940470043,144,49325.8542972233,71033.990661871,75459.7386979738,552199.322480344,1.71702701625097
2015,"E09000006","Bromley",325303,330160.611630284,127670.473780335,89,39490.4370538357,73200.9970180906,71834.0284211364,642445.547903682,1.97491430421386
2016,"E09000006","Bromley",327580,156635.007120117,123374.519792275,0,27571.9191621932,71517.6545678686,71144.1777063396,450243.278348793,1.37445289196164
2017,"E09000006","Bromley",329391,149172.117532338,118808.011463908,15,10855,125705.727954932,70247.7642754941,474803.621226672,1.44145899926431
2018,"E09000006","Bromley",331096,141767.434358464,115022.302340539,18,0,147297.329975268,63498.602810639,467603.66948491,1.41229030095474
2002,"E10000002","Buckinghamshire",478768,66752.1026859213,73465.5562649402,NA,102632.248500338,160681.864965094,27840.8427926663,431372.61520896,0.901005529210306
2003,"E10000002","Buckinghamshire",480164,78706.3269688745,85944.4778424519,NA,140316.879067718,151920.634789539,30011.243013229,486899.561681813,1.01402762739775
2004,"E10000002","Buckinghamshire",482126,89277.9072888604,109933.600856488,NA,164696.809892988,144626.806339507,30476.1747689911,539011.299146834,1.11798844938218
2005,"E10000002","Buckinghamshire",485526,99149.2533684479,119111.156331326,NA,158445.522455621,172520.71091202,31517.9357491856,580744.5788166,1.19611427362613
2006,"E10000002","Buckinghamshire",489348,344024.892988232,127554.789487422,NA,16621.7274443479,86101.9796369136,30533.763756903,604837.153313819,1.23600618233613
2007,"E10000002","Buckinghamshire",493501,366925.331303905,142546.716998441,NA,15114.1696216948,90068.0085483812,31201.1313345285,645855.35780695,1.30872147737684
2008,"E10000002","Buckinghamshire",496371,368301.087158977,152453.853950431,17958,14000.7430072302,100574.309112358,31587.6820705988,684875.675299595,1.37976568997704
2009,"E10000002","Buckinghamshire",498813,383987.362454225,175304.763399618,19365,21774.6293210527,94338.0960327099,32340.6963040268,727110.547511632,1.45768163121577
2010,"E10000002","Buckinghamshire",502820,396973.159808587,185807,22340,14925.5138491588,102791.39285696,33144.670928904,755981.73744361,1.50348382610797
2011,"E10000002","Buckinghamshire",506550,348734.696720561,141706.366346647,87,27426.8996991994,88728.8523519983,35212.0103614099,641895.825479816,1.2671914430556
2012,"E10000002","Buckinghamshire",510983,319464.440537284,157378.937964493,1461,2117.38257026424,109248.839755613,32731.2669241728,622401.867751827,1.21804809113381
2013,"E10000002","Buckinghamshire",515533,322323.7185005,142156.718306173,687,75992.7812747358,77450.1080295734,52646.5356017004,671256.861712683,1.30206380913091
2014,"E10000002","Buckinghamshire",520900,330067.160156691,140532.177828753,402,66757.8213474156,50222.5718995039,54232.559968844,642214.291201208,1.23289362872184
2015,"E10000002","Buckinghamshire",527114,349527.22440629,142491.549864575,343,52447.306493145,62721.6433154708,51783.0239031354,659313.747982617,1.25079915916219
2016,"E10000002","Buckinghamshire",533056,354769.656558204,132818.649187849,0,30561.3945872368,52410.8264072384,51616.3676107963,622176.894351325,1.16718861498853
2017,"E10000002","Buckinghamshire",535918,395398.00777361,129347.213031255,0,11511.5094176409,31603.5848907011,50950.4998444618,618810.814957669,1.15467443705505
2018,"E10000002","Buckinghamshire",540059,362831.600856474,129202.330816297,0,1875.42108732159,69106.5493207331,51005.1721939713,614021.074274796,1.13695184095589
2002,"E08000002","Bury",181084,28694.6529759267,29675.2672044464,NA,69273.9906016691,60934.6689071953,14620.5572131417,203199.136902379,1.12212639936372
2003,"E08000002","Bury",181405,36031.6497988029,25735.4634211195,NA,87388.0461955719,57224.331048569,15674.9532568725,222054.443720936,1.22408116491241
2004,"E08000002","Bury",180999,41698.3924703265,48236.3375136092,NA,99628.8841863836,54816.0578915126,15883.1777568956,260262.849818727,1.43792424167386
2005,"E08000002","Bury",181028,44082.5331999509,73050.3278209711,NA,97806.9376323831,65577.6434819066,16462.0394835524,296979.481618764,1.64051683506841
2006,"E08000002","Bury",181809,143554.930465174,58990.4849926034,NA,12205.0590451775,63227.2019579748,15543.3859816595,293521.062442589,1.61444737302658
2007,"E08000002","Bury",182713,151716.7906007,58225.0460867869,NA,11146.3067021368,66419.1933065217,15846.401362416,303353.738058561,1.66027451828037
2008,"E08000002","Bury",183000,151697.318165562,56082.0959585223,7981.42093246316,10155.5102627588,72952.3397242832,16254.6871057978,315123.372149387,1.72198564016059
2009,"E08000002","Bury",183885,157644.446872965,62986.8561401422,8936.91742129142,15976.3203876912,69217.8507538166,16647.1033735846,331409.494949491,1.80226497511755
2010,"E08000002","Bury",184755,163855.807624122,68059.2827644476,14153.3907415958,11047.5471134452,76082.0406414207,17035.1231196754,350233.192004707,1.89566286165304
2011,"E08000002","Bury",185422,158718.5423697,72726.0340993809,897,20710.8226355541,67002.5898928497,17156.6304374865,337211.619434971,1.81861709740468
2012,"E08000002","Bury",186150,161237.043992009,72805.7812637777,773,1564.80746819122,80729.8702495061,15865.3328469147,332975.835820398,1.78875012527745
2013,"E08000002","Bury",186468,167789.589441518,58934.8975151571,83,50174.7785840951,36446.9456509722,30734.759555302,344163.970747045,1.84569990962012
2014,"E08000002","Bury",187287,170372.853769226,61117.4512818653,39,41373.9448563307,33788.1900991274,31343.7770880653,338035.217094614,1.80490486309575
2015,"E08000002","Bury",187788,180358.758059228,56344.0722457414,20,31228.5868366099,35443.2865494294,29734.0756415084,333128.779332517,1.77396201744796
2016,"E08000002","Bury",188503,180920.286910377,53212.466561231,21,24243.6951281697,34395.8419803484,29400.6611582671,322193.951738393,1.70922453084775
2017,"E08000002","Bury",189628,178468.21716279,50009.424790419,23,13474.9889234632,63446.360611105,16859.2008557956,322281.192343573,1.6995443307084
2018,"E08000002","Bury",190108,173814.038475052,52138.7077525209,28,1347.65522339185,63200.8404252482,28930.7874942801,319460.029370493,1.68041339328431
2002,"E08000033","Calderdale",193201,31111.0227815071,55745.297792507,NA,86390.1288765611,64497.1464927439,14391.8518227451,252135.447766064,1.30504214660413
2003,"E08000033","Calderdale",193968,43689.1764490191,57897.6803847089,NA,106174.979130929,61027.7490636954,15698.9396755856,284488.524703938,1.46667762055565
2004,"E08000033","Calderdale",194980,54699.4047220356,61654.5503288345,NA,118765.730342988,58514.64075914,15909.1435385714,309543.469691569,1.58756523587839
2005,"E08000033","Calderdale",196270,62563.5758962624,63485.9870327994,NA,119339.363400919,69725.3485888635,16442.7366824544,331557.011601299,1.68929032252152
2006,"E08000033","Calderdale",197761,170898.822515664,68530.6224991377,NA,13928.4428808374,72155.1954241166,15347.0372972514,340860.120617007,1.72359626325214
2007,"E08000033","Calderdale",199275,188489.419165111,71438.2147983047,NA,12744.7080720541,75945.460227147,15707.1240598557,364324.926322473,1.82825204527649
2008,"E08000033","Calderdale",200960,190017.175824,75065.8422717539,10791.7999201846,11715.2010912371,84159.48467513,16369.5023667726,388119.006149078,1.93132467231826
2009,"E08000033","Calderdale",202078,191132.840909225,86962.9077596677,14990.447863972,18540.5946163258,80327.7529285263,16848.7605008539,408803.304578571,2.02299757805684
2010,"E08000033","Calderdale",203049,197875.031110173,94280.8348462141,19452.9040069494,12887.6169439327,88752.7803562938,17311.0836593514,430560.250922914,2.1204746190472
2011,"E08000033","Calderdale",204170,175772.644933422,91298.5152347768,1007,23845.7528180083,77143.954721957,17659.4591471291,386727.326855293,1.89414373735266
2012,"E08000033","Calderdale",205200,166885.1629682,91621.7265598637,649,1805.99432776823,93182.3181270387,16423.6900036958,370567.891986567,1.8058864131899
2013,"E08000033","Calderdale",206136,158644.334169242,76786.2902795822,245,58425.9278055525,39109.5645157564,30180.2995835859,363391.416353719,1.76287216378371
2014,"E08000033","Calderdale",207042,150821.284241411,78580.9879682035,217,47703.7424683554,41905.5629344797,30716.268837899,349944.846450348,1.6902118722305
2015,"E08000033","Calderdale",207832,159910.28691211,72752.9190726474,163,35266.9852963127,43203.1783179881,29129.8346401521,340426.20423921,1.63798743330772
2016,"E08000033","Calderdale",209069,147548.747500354,70710.8206686202,128,27170.2072387011,42162.3609324517,28925.9980344441,316646.134374571,1.51455325454549
2017,"E08000033","Calderdale",209454,152415.312955807,62493.6076812879,94,19012.8108910355,41521.7687282594,28446.3632506659,303983.863507056,1.45131562780876
2018,"E08000033","Calderdale",210082,148575.165859443,51001.460436839,165,1328.28391691456,61157.7736251915,28369.5911178883,290597.274956276,1.38325641871401
2002,"E10000003","Cambridgeshire",558916,63221.5016037118,57884.4586309233,NA,118223.984489557,190662.109462039,31805.6697997799,461797.723986011,0.826238153829933
2003,"E10000003","Cambridgeshire",568743,72679.0663216001,61091.508705027,NA,171501.500461262,175590.363093043,35628.247987378,516490.68656831,0.908126669810987
2004,"E10000003","Cambridgeshire",574445,73348.021878769,112449.832938084,NA,200305.531398642,168960.964115838,36258.0797162332,591322.430047565,1.02938041074005
2005,"E10000003","Cambridgeshire",583651,98563.4466439641,122364.143386813,NA,203697.772703966,206045.834616066,38431.1988903553,669102.396241165,1.14640837802242
2006,"E10000003","Cambridgeshire",588890,366795.852090931,136588.846315848,NA,27534.7494099057,142636.400375868,34565.3517831985,708121.199975751,1.202467693416
2007,"E10000003","Cambridgeshire",594338,388577.298062941,145945.342585432,NA,25289.4680306372,150699.155672871,35521.6442034949,746032.908555376,1.25523340011134
2008,"E10000003","Cambridgeshire",600808,390146.275068708,153005,22953,23168.8206015434,166435.883165666,36336.8826893742,792045.861525292,1.31830112369558
2009,"E10000003","Cambridgeshire",606238,409331.868382745,175313,24037,36260.7286121643,157105.086092606,37462.8664966041,839510.549584119,1.38478707963559
2010,"E10000003","Cambridgeshire",614899,410119.912806074,187012,34018,25050.0132201777,172511.150397722,38669.4464772344,867380.522901209,1.41060649456449
2011,"E10000003","Cambridgeshire",622312,356288.473963427,195473,2611,45512.7693528135,147244.609991212,41452.2925000837,788582.145807536,1.26718132674211
2012,"E10000003","Cambridgeshire",625908,319053.995150793,195163,1856,3447.2756121816,177813.84505184,38532.6326516546,735866.748466469,1.17567877142722
2013,"E10000003","Cambridgeshire",628918,312825.033811785,168800,826,115252.223677304,81072.121950742,61723.7497360175,740499.129175848,1.17741761116051
2014,"E10000003","Cambridgeshire",635186,318764.274148913,158962,675,95037.8668138587,78788.4057303141,64057.1794220272,716284.726115113,1.12767713097441
2015,"E10000003","Cambridgeshire",641524,326045.652005441,157941.10959,585.036,70552.6373217303,80239.6352994141,60927.7314498294,696291.801666415,1.08537139945881
2016,"E10000003","Cambridgeshire",644575,337480.330876742,151532.67093,468.083,45073.3081087827,84215.1192485529,60856.5651483995,679626.077312478,1.05437858637471
2017,"E10000003","Cambridgeshire",648237,327349.170374575,145482.196,522.46,22323.0423785134,93361.5521978962,59999.8245967956,649038.245547781,1.00123603797343
2018,"E10000003","Cambridgeshire",651482,320791.724193035,147236.321474025,500.218,8287.52878690663,104355.747020951,59920.2075509986,641091.747025915,0.984051358327499
2002,"E09000007","Camden",203972,75948.1057280445,105383.582002098,NA,156101.703797553,67483.8887868254,28090.4948739072,433007.775188428,2.1228785087582
2003,"E09000007","Camden",204254,139155.9000005,111038.801958182,NA,167381.757713409,62941.3119268536,29897.1451001424,510414.916699088,2.49892250188044
2004,"E09000007","Camden",207341,136713.551898966,177047.4149435,NA,184969.815632345,62605.668134723,31329.1831728046,592665.633782338,2.85841022172334
2005,"E09000007","Camden",211088,140793.046828379,189396.186815576,NA,190536.378592445,75963.2828157274,33049.6764858241,629738.571537951,2.9832987736771
2006,"E09000007","Camden",211032,256165.540331871,202532.438743983,NA,27963.1872113401,144862.19291771,27810.6752571953,659334.034462099,3.12433201818729
2007,"E09000007","Camden",211520,270384.099464572,204348.98257393,NA,26204.3614150592,156144.069233882,28227.8396557705,685309.352343214,3.2399269683397
2008,"E09000007","Camden",210273,249455.417543366,207576.020117865,17867,23335.958148712,167636.995354934,28350.3369688618,694221.728133739,3.30152576951743
2009,"E09000007","Camden",212924,285495.457300106,227656.435572056,50036.9824505697,36433.0752106931,157847.625600402,29049.7816199594,786519.357753786,3.69389715463633
2010,"E09000007","Camden",214725,283490.536576652,243956.197978167,44353.3933904319,25167.1424828769,173318.969743205,29692.4519149364,799978.692086269,3.72559642373394
2011,"E09000007","Camden",220087,317359.150992144,238285.311952467,2646.73290098846,50907.9129734788,164695.008096015,30252.0380853851,804146.155000477,3.65376489751997
2012,"E09000007","Camden",224809,275145.010118268,238956.624045398,144.780014112692,3864.97820199299,199364.066899166,28452.9660028069,745928.425281745,3.31805410495908
2013,"E09000007","Camden",230486,274043.534053868,213995.008468352,0,125925.367296635,99129.015084364,53664.0897130701,766757.014616289,3.3266966957485
2014,"E09000007","Camden",236022,292394.055145574,213772.973151972,0,102901.654830938,111310.147188127,55379.5015173201,775758.33183393,3.28680517847459
2015,"E09000007","Camden",243837,262796.346532598,206300.754245044,0,75213.7670230404,101976.087847023,53844.5510435644,700131.50669127,2.87130954978641
2016,"E09000007","Camden",249162,258763.715779577,204648.98423592,0,59590.5956965944,102792.869306549,54113.2718898192,679909.43690846,2.72878463372609
2017,"E09000007","Camden",253361,258683.864577692,193327.145788765,0,41114,160521.69558485,54033.1818556168,707679.887806925,2.79316819797414
2018,"E09000007","Camden",262226,280413.421334243,193085.044849682,0,0,208380.797044043,50290.5037228557,732169.766950824,2.79213261442734
2002,"E06000056","Central Bedfordshire",236297,28185.3517343217,37568.6795257514,NA,67271.0504464256,78083.6199950185,14135.34465262,225244.046354137,0.953224316661392
2003,"E06000056","Central Bedfordshire",238547,38216.8503047549,41325.1703767572,NA,86956.0635227883,74215.9758228908,15329.7399380149,256043.799965206,1.0733473905151
2004,"E06000056","Central Bedfordshire",240444,44587.3290447541,54768.5982462026,NA,98689.817824168,71296.8616083882,15729.2778238828,285071.884547396,1.18560614757447
2005,"E06000056","Central Bedfordshire",242062,58451.6921778541,59447.3899825802,NA,95397.4332511673,85895.5862358914,16494.9588756958,315687.060523189,1.30415786254426
2006,"E06000056","Central Bedfordshire",244351,200904.452419419,52132.4108447449,NA,10907.2016328129,56503.4991484452,15744.3230113696,336191.887056791,1.37585639942866
2007,"E06000056","Central Bedfordshire",246803,181683.23191185,72155.5215499969,NA,10004.5865976329,59613.6415225282,16082.255715771,339539.237297779,1.37575004071174
2008,"E06000056","Central Bedfordshire",249035,193437.609491325,76584.8495166905,21017.5611470443,9183.21478999959,65967.6788725659,16339.1951866624,382530.109004288,1.53604958742461
2009,"E06000056","Central Bedfordshire",250329,212555.10405504,105484.34802343,10212,12434.1569816812,53872.3183424189,17240.8427036261,411798.770106196,1.6450302206544
2010,"E06000056","Central Bedfordshire",252460,195115.910588289,95843.2145328947,11657,8630.28959311707,59434.6365987597,17692.3361343985,388373.387447459,1.53835612551477
2011,"E06000056","Central Bedfordshire",255644,175102.764666802,97615.3179647559,536,15869.675270002,51342.2174470326,18191.3722762811,358657.347624873,1.40295625019509
2012,"E06000056","Central Bedfordshire",259591,139399.949847708,94322.6837881811,0,1225.02669354865,63222.0919405308,16975.7743130843,315145.526583053,1.2140079069885
2013,"E06000056","Central Bedfordshire",263793,126448.989485579,34356.7302568155,0,45500.0648423548,39582.7015219281,29145.4265191624,275033.91262584,1.042612626665
2014,"E06000056","Central Bedfordshire",267846,143925.737063447,79065.250469613,0,39703.9665990673,32083.7421661075,30085.1044643608,324863.800762595,1.21287531179333
2015,"E06000056","Central Bedfordshire",272421,153745.259265334,62427,0,32294.8302073338,32561.5224900288,28673.2354018682,309701.847364565,1.13685012302489
2016,"E06000056","Central Bedfordshire",276731,162553.357964742,61973,0,22147.5989260105,32847.2085238843,28574.2990873206,308095.464501957,1.11333917957134
2017,"E06000056","Central Bedfordshire",280030,156267.6365483,60223,0,12077.5213210954,37066.2015197111,28402.862278062,294037.221667168,1.05002043233642
2018,"E06000056","Central Bedfordshire",283606,152613.364470566,56874,0,5893.11915653975,39159.5000881468,28561.9475571385,283101.931272392,0.998222644345999
2002,"E06000049","Cheshire East",353348,33218.9595979158,53958.8217592369,NA,84601.5308496725,117020.593129097,21337.2777540132,310137.183089936,0.877710311335951
2003,"E06000049","Cheshire East",355529,54766.2180606849,61304.0640107997,NA,112673.6400094,111661.810920449,23492.1384807194,363897.871482053,1.02353920912796
2004,"E06000049","Cheshire East",357354,62706.4373452152,73440.7396942461,NA,130549.839613047,106766.996396042,23761.9304666772,397225.943515228,1.1115754784198
2005,"E06000049","Cheshire East",359807,71575.2184334389,82973.0079439585,NA,124748.817880646,127909.539703629,24509.111756161,431715.695717833,1.19985352068702
2006,"E06000049","Cheshire East",362049,254016.159551418,88551.8072931493,NA,14577.0552974607,75514.0993204539,22059.6161917253,454718.737654207,1.25595910402793
2007,"E06000049","Cheshire East",365003,258018.931124605,95759.3656669457,NA,13337.0048354658,79468.6326254545,22477.3734954206,469061.307747891,1.28508891090728
2008,"E06000049","Cheshire East",367160,259866.198413477,102283.537909287,14525.0288221221,12354.1883901078,88742.59124772,22499.8627395008,500271.407522215,1.36254332585852
2009,"E06000049","Cheshire East",368023,265115.009215032,110116.334354722,14926,16532.3642979452,71625.1981119322,23545.0907984859,501859.996778118,1.36366476219725
2010,"E06000049","Cheshire East",369051,292622.674353357,106846,16817,11480.7879029779,79063.1932839863,24141.9279341085,530971.583474429,1.43874852926677
2011,"E06000049","Cheshire East",370736,246990.905374101,117582,0,22725.4289890181,73522.3449250651,25052.5106168701,485873.189905054,1.31056382413646
2012,"E06000049","Cheshire East",372383,240102.818744351,115772,963,1775.8464206444,91606.8990876618,23194.4097635787,473414.974016236,1.27131199334082
2013,"E06000049","Cheshire East",373006,223490.517361882,95987,335,60334.7584153213,43127.494661523,42320.9990360412,465595.769474768,1.24822595206181
2014,"E06000049","Cheshire East",374606,217880.318968136,92519,0,52463.9015152972,36175.5203257504,43323.2058708151,442361.946679999,1.18087256125102
2015,"E06000049","Cheshire East",375722,204413.871561634,89496,163,42363.9593208392,46026.4652197772,41421.2445164633,423884.540618714,1.12818663963972
2016,"E06000049","Cheshire East",377303,196476.325674303,87429,119,28990.0592868048,42153.7242968209,41173.0038854252,396341.113143354,1.05045841974051
2017,"E06000049","Cheshire East",378846,198969.78848644,81774,138,15390.217137149,44318.5779348108,40618.0978208591,381208.681379259,1.00623652190932
2018,"E06000049","Cheshire East",380790,200877.3762852,73981,180,7038.34713307548,46538.8238675466,40628.4180441077,369243.96532993,0.969678734551668
2002,"E06000050","Cheshire West and Chester",322657,30573.4610683979,61978.4972631887,NA,80294.289125312,106695.330527998,19527.1537638527,299068.731748749,0.926893672688797
2003,"E06000050","Cheshire West and Chester",324378,51244.9192626189,65805.4068979645,NA,106705.673729429,102185.375629569,21499.2093013575,347440.584820938,1.07109786983377
2004,"E06000050","Cheshire West and Chester",325496,57898.0598762319,78955.3566089647,NA,123424.865759904,97728.1130719385,21746.1137872431,379752.509104283,1.16668871231684
2005,"E06000050","Cheshire West and Chester",327169,67812.7816030287,88050.676444641,NA,118394.792701459,117050.176480719,22429.9087913401,413738.336021188,1.26460127952584
2006,"E06000050","Cheshire West and Chester",328358,235061.224266961,93557.5273167089,NA,14128.3817671651,73194.6727824576,20188.2134316022,436130.019564895,1.32821499572081
2007,"E06000050","Cheshire West and Chester",329364,237665.386786654,102651.634333054,NA,12936.8249285275,77087.0473713613,20570.5307637041,450911.424183301,1.36903676231556
2008,"E06000050","Cheshire West and Chester",329353,240355.215360217,106551.475455112,14025.9711778779,11929.4998824713,85692.8651219801,20591.1121580248,479146.139155683,1.45481030734708
2009,"E06000050","Cheshire West and Chester",329116,251129.249894204,122832.321557318,15109,21605.8056134604,93605.9773949092,21055.9288501928,525338.283310084,1.59621010011693
2010,"E06000050","Cheshire West and Chester",329553,246407.109191336,138524,0,14916.604883309,102726.579671421,21558.1173780027,524132.411124069,1.59043434932793
2011,"E06000050","Cheshire West and Chester",329526,247695.877757504,127835,1658,28246.3211531526,91383.0596698918,22267.7420416004,519086.000622149,1.57525051322854
2012,"E06000050","Cheshire West and Chester",330224,239872.313220621,132420,1716,2165.50212123238,111733.990972531,20568.4759233586,508476.282237743,1.53979202673865
2013,"E06000050","Cheshire West and Chester",331069,236577.244951773,107176,681,73510.099952285,50891.5636801975,37562.8564416206,506398.765025876,1.529586778061
2014,"E06000050","Cheshire West and Chester",332272,234515.500328827,110021,407,61016.3573255389,50054.4884910486,38427.2762879065,494441.622433321,1.48806285944443
2015,"E06000050","Cheshire West and Chester",333949,242676.47443891,102302,334,47041.1871522959,54552.4125674818,36816.0054109911,483722.079569679,1.44849087606095
2016,"E06000050","Cheshire West and Chester",335724,251230.316764644,98340.71846,295.931,34105.0212826382,55147.7823018262,36635.7160065796,475755.485815688,1.41710299476859
2017,"E06000050","Cheshire West and Chester",337986,262576.78355157,89666,278,20998.1823625337,58677.7444710382,36237.2795544387,468433.989939581,1.38595678501352
2018,"E06000050","Cheshire West and Chester",340502,269332.517161331,78847,338,12721.7010255166,60347.9209815052,36329.8868164993,457917.025984852,1.34482918157559
2002,"E09000001","City of London",7280,6419.31556145042,3705.86914368283,NA,57790.9964291481,8810.146404252,30845.5827205795,107571.910259113,14.7763612993287
2003,"E09000001","City of London",7115,12084.1391037804,3567.80496799312,NA,62285.3041366676,13042.8168131814,33508.4395183816,124488.504540004,17.4966274827834
2004,"E09000001","City of London",7118,12899.3049199957,6655.63337481652,NA,72389.2895504075,6609.05129609175,33796.5283606427,132349.807501954,18.5936790533793
2005,"E09000001","City of London",7131,11460.2160280697,6510.69878051749,NA,74765.974360185,7173.66212555405,36847.4881140587,136758.039408385,19.1779609323215
2006,"E09000001","City of London",7254,26757.2296787568,7156.11982376535,NA,12274.4857084758,69186.1020765811,22735.9623105297,138109.899598109,19.039136972444
2007,"E09000001","City of London",7607,24810.8127109824,7172.83245291171,NA,11134.9287362158,71952.0594537733,23792.1719755174,138862.805329401,18.2546082988564
2008,"E09000001","City of London",7429,25565.9256582142,6741.94080293532,847,10052.7450651619,77814.3915409577,21165.6248084237,142187.627875693,19.1395380099196
2009,"E09000001","City of London",7472,32188.8770630854,7166.46374572337,871.771415484664,15609.3978037906,83027.2255381554,21991.424622233,160855.160188472,21.5277248646243
2010,"E09000001","City of London",7338,27367.1232897868,6897.41996862865,1476.16640213757,10642.3336851291,89790.9907508471,22817.7081716233,158991.742268153,21.6669040975951
2011,"E09000001","City of London",7412,23856.6963344212,7129.27542831554,311.555440630871,16456.2036102061,69940.2759318254,32667.8157696223,150361.822515022,20.286268553025
2012,"E09000001","City of London",6612,26073.2249861082,6772.51834752245,551.258216767626,1218.85222509587,73140.3510417167,31044.8482187571,138801.053035968,20.9922947725299
2013,"E09000001","City of London",6031,25900.4815471607,8567.80003155347,0,22046.5656793298,31551.0105862126,59202.1986283745,147268.056472631,24.4185137576904
2014,"E09000001","City of London",6139,31697.0661317109,7970.57152799296,0,17485.2500995972,32813.003845353,56664.4367381635,146630.328342818,23.8850510413451
2015,"E09000001","City of London",6687,29745.7341554542,7356.81989458782,10,12208.0149816602,1299.41078028783,53883.6360840574,104503.615896047,15.6278773584638
2016,"E09000001","City of London",7246,28628.3991012649,6466.66955374206,0,10776.910477591,44044.9701599572,53681.6940950612,143598.643387616,19.8176433049429
2017,"E09000001","City of London",7654,33043.4456940005,6098.738128075,0,8833,44088.8552382034,53013.3347868176,145077.373847096,18.9544517699368
2018,"E09000001","City of London",8706,34922.810881209,5175.15681305946,0,0,53646.6634775554,58479.6632881987,152224.294460023,17.4849867286954
2002,"E06000018","City of Nottingham",271769,48526.09077659,72262.1845999902,NA,145290.779927759,93845.454790843,17957.156241519,377881.666336701,1.39045169366889
2003,"E06000018","City of Nottingham",275547,87507.7832588643,68222.5689480248,NA,173927.8496763,84739.3764342672,19336.0553997052,433733.633717161,1.57408222088123
2004,"E06000018","City of Nottingham",279624,120529.227715046,125255.066973544,NA,191158.535945954,81832.2830375076,19926.4245245486,538701.5381966,1.92652110761809
2005,"E06000018","City of Nottingham",284834,125291.230753543,126197.236055878,NA,191370.684613032,99030.2203528092,21037.3188538799,562926.690629142,1.97633249762719
2006,"E06000018","City of Nottingham",286459,274857.416828071,134245.165472177,NA,25924.0291903715,134298.415577936,19424.4767643694,588749.503832926,2.05526621203357
2007,"E06000018","City of Nottingham",288164,282990.756368606,137115.563725703,NA,24136.3833811234,143824.292573625,19858.8141697829,607925.81021884,2.10965217799184
2008,"E06000018","City of Nottingham",290783,270932.724070023,138488.858602958,35049,22473.3967393851,161439.101975528,20791.5129961551,649174.594384049,2.23250531971968
2009,"E06000018","City of Nottingham",294808,269922.382830052,160532.628829496,34897,35864.5708452684,155384.607270542,21516.9663330893,678118.156108448,2.30020269500301
2010,"E06000018","City of Nottingham",299753,232207.647445352,209514.979566143,52725,25053.2462059188,172529.317990249,22323.8097218197,714354.000929483,2.38314212344658
2011,"E06000018","City of Nottingham",303899,253347.266470462,181390.474114212,0,48875.7284263703,158121.838932057,24198.908173229,665934.21611633,2.19130111029102
2012,"E06000018","City of Nottingham",308463,232441.534016002,183761.566175145,212,3704.01354687201,191068.292026433,22654.2563174135,633841.662081866,2.05483854492067
2013,"E06000018","City of Nottingham",310657,252762.595980417,150429.906328359,663,130815.718982368,88666.7711646855,38584.0663339596,661922.058789789,2.13071670295467
2014,"E06000018","City of Nottingham",314385,250766.411117015,156883.254356403,181,106788.432984379,92465.3163088564,40377.0265886859,647461.441355339,2.05945398589417
2015,"E06000018","City of Nottingham",318936,259520.812297528,150011.524363353,209,76723.5445206119,85346.8296764973,38693.4396868692,610505.150544859,1.91419328813574
2016,"E06000018","City of Nottingham",324779,253391.209390622,138595.427274695,0,60913.4642283206,92966.2920426803,38810.1446849406,584676.537621259,1.80022888678535
2017,"E06000018","City of Nottingham",329209,259587.032123864,140245.367723572,0,46487.7029117919,91884,38463.4908043171,576667.593563545,1.75167627119412
2018,"E06000018","City of Nottingham",331069,270736.092019113,139492.708142905,0,36690.8517226292,98013.7195647183,38441.6890057573,583375.060455122,1.76209509333439
2002,"E06000052","Cornwall",504644,85187.6266806093,114189.967626068,NA,161263.540154488,163967.811136932,29841.0815586744,554450.027156771,1.09869537170118
2003,"E06000052","Cornwall",508579,95921.1705674464,121610.142311648,NA,195956.580297391,156020.398925326,31776.0004930966,601284.292594907,1.18228297392324
2004,"E06000052","Cornwall",511810,124009.013427006,151534.984354658,NA,218208.154700747,149809.786083843,32228.1689604511,675790.107526706,1.32039254318342
2005,"E06000052","Cornwall",515098,121611.546718158,164247.931131653,NA,210865.49247473,179395.510180736,33287.8734612277,709408.353966505,1.37722987463843
2006,"E06000052","Cornwall",517984,344618.567712891,166689.00885807,NA,29687.1343391131,153794.101129716,30749.290211879,725538.102251669,1.40069597178999
2007,"E06000052","Cornwall",521957,370821.286954408,177744.06243522,NA,27434.3485642683,163470.038533224,31385.0860442824,770854.822531402,1.4768550331376
2008,"E06000052","Cornwall",524973,359253.438124547,198227.417070294,26320.5853882009,25863.699963955,185789.024729432,32066.6177636621,827520.783040092,1.57631113036307
2009,"E06000052","Cornwall",526365,400595.691771022,212681.846990469,22512,43027.4805517055,186420.218877258,34303.3004737176,899540.538664173,1.70896723502545
2010,"E06000052","Cornwall",529794,388626.64619403,255386,38883,30320.2256945113,208803.950779971,35474.1338781897,957493.956546702,1.80729482883291
2011,"E06000052","Cornwall",533760,346532.298128898,237471,2619,56697.7663201663,183428.747193347,37981.6715176715,864730.483160083,1.62007359704752
2012,"E06000052","Cornwall",538249,297267.075900227,242985.935382986,0,4353.94987681641,224620.443422899,35327.9340014048,804555.338584334,1.49476420501354
2013,"E06000052","Cornwall",541734,319170.256765139,200428.897072289,0,147248,97124,58557.8455576285,822528.999395057,1.51832633616324
2014,"E06000052","Cornwall",545961,286373.923488236,197112.882585481,1370,123252,84204,61176.1428854342,753488.948959151,1.38011496967577
2015,"E06000052","Cornwall",550283,333755.972053847,193363.828194496,0,89971,94736,58304.3085447573,770131.1087931,1.39951826386259
2016,"E06000052","Cornwall",555057,274215.590823322,188521,840,65297,98922,58071.8673441125,685867.458167434,1.23567031524228
2017,"E06000052","Cornwall",561349,245340.544118219,179837,933,0,188372,57444.4498815388,671926.993999758,1.19698617793878
2018,"E06000052","Cornwall",565968,233311.782670667,164074.046850388,1107,0,186829,57480.703504814,642802.53302587,1.13575773369849
2002,"E06000047","County Durham",493538,70844.2084951411,96655.381868878,NA,200854.808062962,168264.66057378,36645.2810738854,573264.340074646,1.16154042864915
2003,"E06000047","County Durham",493931,101716.901393593,111031.583658695,NA,249394.781002962,156453.592814118,38956.5576039745,657553.416473342,1.33126573645578
2004,"E06000047","County Durham",495147,126196.386089543,174433.487783742,NA,280262.821447795,148555.750144874,39382.6707072888,768831.116173242,1.55273305942123
2005,"E06000047","County Durham",497218,138448.839632261,176810.007831665,NA,275787.293258351,177226.800906324,40919.9199672593,809192.86159586,1.6274408038242
2006,"E06000047","County Durham",499348,390691.350585047,185571.530908324,NA,37194.193218537,192734.494739425,35094.8345739934,841286.404025326,1.68476974780179
2007,"E06000047","County Durham",502960,393868.878290398,195048.18508532,NA,34340.6736303494,204629.073442335,35700.9156486642,863587.726097066,1.71701074856264
2008,"E06000047","County Durham",505617,381368.49271758,208356.836759027,40269.6099300459,31902.7544274335,229174.564729645,36337.3483833587,927409.606947091,1.83421365766398
2009,"E06000047","County Durham",507311,403246.828231013,228051,48087.9887309565,51453.0894720321,222919.825208529,37358.3121720024,991117.043814533,1.95366756055858
2010,"E06000047","County Durham",510628,398822.613469733,258037,55603.346784568,35859.5858401445,246957.58947854,38265.416739218,1033545.5523122,2.02406752530649
2011,"E06000047","County Durham",512994,394965.393973989,246011,115,66860.5414191905,216301.787344522,39628.6616885825,963882.384426284,1.87893500591875
2012,"E06000047","County Durham",514261,366171.15106302,260847,0,5123.72544871919,264356.369167941,36730.5578026475,933228.803482328,1.81469876868424
2013,"E06000047","County Durham",515923,389359.41110475,206908,0,174924.302873486,116294.837229691,72948.882494784,960435.433702711,1.86158677496974
2014,"E06000047","County Durham",517573,396912.915764132,212050.929159513,1170,145548.986885877,121354.087557944,75175.7245039698,952212.643871435,1.83976491020868
2015,"E06000047","County Durham",519347,406849.51388629,197523.144619927,1060,105902.326949124,126486.176537751,71622.0410813231,909443.203074415,1.75112824965662
2016,"E06000047","County Durham",521776,403632.804734501,195103.642548446,996,81971.9594031552,122464.288820464,71260.5875660521,875429.283072619,1.67778756223479
2017,"E06000047","County Durham",523662,422124.015413286,200392.225688687,971,59764.4941548454,130078.126764856,70375.8425927249,883705.7046144,1.68754980238092
2018,"E06000047","County Durham",526980,424682.77982526,166828.504389691,1146,45056.5857885615,139445.333787918,70426.3662622761,847585.570053706,1.60838280400339
2002,"E08000026","Coventry",301295,48755.6148052061,113531.181976227,NA,149955.755351728,100539.715425693,24107.2112869144,436889.478845769,1.45003892811287
2003,"E08000026","Coventry",300665,73555.1373980847,117208.520087179,NA,180645.903141776,95299.9729083188,26893.6485913641,493603.182126723,1.64170482805356
2004,"E08000026","Coventry",298174,81345.8196794747,128781.923809326,NA,200514.341391184,92029.8641954177,27121.2734102495,529793.222485651,1.77679214983752
2005,"E08000026","Coventry",298386,98714.3702116076,130615.948684904,NA,203711.467524905,109826.909020113,27883.303759041,570751.999200571,1.91279751463061
2006,"E08000026","Coventry",300129,267333.54050528,146761.461917771,NA,26007.446565307,134726.895567755,27644.4891372065,602473.833693319,2.00738293764788
2007,"E08000026","Coventry",301429,280551.578452682,163226.209536226,NA,23876.0023915892,142271.491475374,28160.9768093822,638086.258665252,2.1168708341442
2008,"E08000026","Coventry",305186,281435.870794453,154696.55682576,23522,21848.0793822499,156943.850682392,29229.2935415605,667675.651226416,2.18776631702115
2009,"E08000026","Coventry",307393,285364.221382702,173911.799510702,22661,34550.6705274354,149693.986628043,29947.8458127598,696129.523861642,2.26462386541542
2010,"E08000026","Coventry",311674,277767.399468572,191766.995193105,30774,24017.8803807462,165404.016469403,30848.8462597596,720579.137771586,2.31196422470782
2011,"E08000026","Coventry",316915,264225.66980286,182336.457158417,127,45514.0725782403,147244.385801463,31565.9593544334,671013.544695414,2.11732970889801
2012,"E08000026","Coventry",322504,264054.378637504,178232.789325921,10,3468.12390695202,178899.646075672,29530.5244508555,654195.462396905,2.02848790215596
2013,"E08000026","Coventry",328423,266043.654007383,149329.490879672,154,111412.496782065,72533.4322447032,55821.519247036,655294.593160859,1.99527619308288
2014,"E08000026","Coventry",335018,273228.118514226,146216.295373555,625,91791.6190489937,78872.043484583,56827.0389077837,647560.115329141,1.93291141171263
2015,"E08000026","Coventry",344288,259078.232230137,142214.344167734,82,65656.2187391735,81928.5065687302,54974.4061584271,603933.707864201,1.75415265087427
2016,"E08000026","Coventry",353215,248777.982628009,142746.998830944,49,51046.1137429713,80875.1833320502,55387.0163219535,578882.294855928,1.63889499272661
2017,"E08000026","Coventry",360149,250085.865446219,143708.627047982,65,2884.12261265045,120874.774275939,55203.315049893,572821.704432684,1.5905131054999
2018,"E08000026","Coventry",366785,246124.136016625,137329.519698209,77,2588.47165637222,122295.253736896,55851.224793911,564265.605902014,1.53840971114417
2002,"E09000008","Croydon",335415,98180.4586598752,92814.0836302717,NA,160782.676824546,112850.146453597,46192.4839592277,510819.849527517,1.52294873374034
2003,"E09000008","Croydon",335919,201854.567618103,105662.604644172,NA,183654.759702776,105032.312729037,49169.2651546347,645373.509848722,1.92121764427949
2004,"E09000008","Croydon",337134,196054.136962327,169472.706404242,NA,201152.766126309,101794.057552205,50940.879226879,719414.546271962,2.13391276546406
2005,"E09000008","Croydon",339052,205493.142581556,176815.289150472,NA,198324.822152494,121453.445658863,53084.7746526171,755171.474196001,2.22730281548553
2006,"E09000008","Croydon",340449,413260.387772685,200984.770868637,NA,24661.7401385265,127758.356475044,44865.7861397176,811531.04139461,2.38370810721902
2007,"E09000008","Croydon",344029,455991.339706398,211193.288936869,NA,22520.3774407215,134194.713792848,45911.4762147082,869811.196091544,2.52830777664541
2008,"E09000008","Croydon",349308,417294.778546167,227632.135144936,23559,20237.5894765866,145372.874194221,47095.915813819,881192.293175729,2.52267996488981
2009,"E09000008","Croydon",352763,467643.899545665,281451.849080917,25235.4195450504,31510.6792637267,136518.82287424,48128.3843700182,990489.054679617,2.8078031275378
2010,"E09000008","Croydon",357951,465784.664990799,288851.188224393,30393.6780882454,21631.6391285984,148967.935575969,49497.9292369467,1005127.03524495,2.80800175232071
2011,"E09000008","Croydon",364815,512451.234517254,297728.092604011,1771.31409521736,41192.8012759484,133265.65179019,50145.6118449511,1036554.70612757,2.84131602628064
2012,"E09000008","Croydon",369189,374835.079612263,302115.778766404,45826.7626724475,3146.96432712031,162341.264631026,46726.4302835308,934992.280292792,2.53255725466575
2013,"E09000008","Croydon",373628,410620.770933933,268406.46546,17854,106618.683574305,106772.702090108,86991.8628954252,997264.484953771,2.6691374440721
2014,"E09000008","Croydon",377073,367266.809330939,319646.104703517,0,89058.0954235884,107857.39761831,88475.2894884393,972303.696564793,2.5785556021375
2015,"E09000008","Croydon",380070,323834.093384697,286564.949055779,0,68984.0291729597,110536.996300882,83927.7817358626,873847.84965018,2.29917607190828
2016,"E09000008","Croydon",383301,310516.675844079,231315.891099421,0,54149.1265485921,107591.374728367,83245.7245833618,786818.792803821,2.05274390832223
2017,"E09000008","Croydon",384837,307671.04105652,193242.594982344,0,32577,166644.583516722,82072.4878958087,782207.707451395,2.03256887318889
2018,"E09000008","Croydon",385346,311880.310945332,184430.374267028,0,0,210324.026109554,73902.8336152309,780537.544937145,2.0255498822802
2002,"E10000006","Cumbria",488681,71551,91552,NA,168945,163289,32733,528070,1.08060268355021
2003,"E10000006","Cumbria",491329,91349,106228,NA,203603,154725,34882,590787,1.20242648001645
2004,"E10000006","Cumbria",494918,101857,132325,NA,228104,147850,34780,644916,1.30307646923329
2005,"E10000006","Cumbria",497040,107466,126220,NA,223051,176850,36572,670159,1.34829993561886
2006,"E10000006","Cumbria",498813,364104,141996,NA,29759,154165,29461,719485,1.4423942439351
2007,"E10000006","Cumbria",500779,387591,139749,NA,27655,164788,30068,749851,1.49736909894385
2008,"E10000006","Cumbria",500916,352555,170172,30039,26037,187027,30766,796596,1.59027860958724
2009,"E10000006","Cumbria",500786,375618,168381,32531,41559,180056,31577,829722,1.65683944838714
2010,"E10000006","Cumbria",500165,381091,186913,37951,29144,200708,32405,868212,1.73585116911419
2011,"E10000006","Cumbria",499817,299469,189525,3478,54633,176749,33055,756909,1.51437226024725
2012,"E10000006","Cumbria",499205,329708,179478,4128,4206,216970,30545,765035,1.53250668563015
2013,"E10000006","Cumbria",498499,324579,149848,876,138475,92986,65831,772595,1.54984262756796
2014,"E10000006","Cumbria",498376,323313,144700,590,117692,101846,67959,756100,1.51712763054401
2015,"E10000006","Cumbria",498581,323051.004,142520,419,91702,93738,64734,716164.004,1.43640452403922
2016,"E10000006","Cumbria",498793,328343.563,128656.93517,237,67353,106778,64393,695761.49817,1.39489026143109
2017,"E10000006","Cumbria",429686,285824.759608728,110354.499936795,245.719608728367,39579.1261941309,89633.3021921244,54799.7836167545,580437.191157261,1.35084036053598
2018,"E10000006","Cumbria",498888,355133,109040,296,32196,109725,63560,669950,1.34288657975337
2002,"E06000005","Darlington",98474,15981.3999364805,18175.9888502966,NA,38785.3815191978,33463.8199120187,7312.71892611463,113719.309144108,1.15481557714837
2003,"E06000005","Darlington",98911,17055.5016079179,18199.0293054639,NA,49035.8700515378,31059.910993094,7808.44239602553,123158.754354039,1.24514719651039
2004,"E06000005","Darlington",99343,19295.5800176447,30047.8433688195,NA,54498.8244876546,29649.8813403215,7928.32929271119,141420.458507151,1.42355735690639
2005,"E06000005","Darlington",100287,22611.9243175238,30796.520121868,NA,53557.417958862,35509.485213648,8316.08003274067,150791.427644643,1.50359894746719
2006,"E06000005","Darlington",101509,80321.6845703798,34537.7534064228,NA,6643.43855329348,34414.4380289052,7219.16542600663,163136.479985008,1.60711345777229
2007,"E06000005","Darlington",102632,83892.6483152212,37413.9529375845,NA,6166.05463830016,36744.9945948848,7425.08435133584,171642.734837326,1.67240952955537
2008,"E06000005","Darlington",103694,79823.8467456176,38389.3349163714,6110,5725.10567616266,41128.5127301713,7635.65161664132,178812.451684964,1.72442428380585
2009,"E06000005","Darlington",104355,83658.5258670582,43273,6318.18917513807,9022.91052796788,39089.1747914712,7684.68782799763,189046.488189633,1.81157096631338
2010,"E06000005","Darlington",105028,86479.8987421547,53522,8859.65321543199,6266.4141598555,43153.41052146,7870.58326078199,206151.959899684,1.96282857809045
2011,"E06000005","Darlington",105584,68261.1557637032,47379,454,12063.4585808095,39027.2126554776,8156.33831141748,175341.165311408,1.66067931989135
2012,"E06000005","Darlington",105503,41139.0149895767,47796,420,923.27455128081,47630.6308320587,7535.44219735254,145444.362570269,1.37858034909215
2013,"E06000005","Darlington",105726,44715.4622302939,39971,107,31669.6971265135,21100.1627703093,14949.117505216,152512.439632333,1.44252539235697
2014,"E06000005","Darlington",105877,44539.8110786751,39769,59,26129.013114123,22125.9124420563,15378.2754960302,148001.012130885,1.39785800627978
2015,"E06000005","Darlington",105998,44627.1810584557,40158,38,19093.6730508759,22570.8234622488,14617.9589186769,141105.636490257,1.33121036708483
2016,"E06000005","Darlington",106327,45486.0965870241,43676.493716391,29,14270.0405968448,22265.7111795358,14521.4124339479,140248.754513744,1.31903236726084
2017,"E06000005","Darlington",106347,43464.278812318,40480.8096972923,28,9858.50584515459,23159.8732351443,14292.1574072751,131283.624997184,1.23448357731938
2018,"E06000005","Darlington",106566,47749.1011521293,38472.0753658696,31,6980.41421143847,27217.6662120825,14241.6337377239,134691.890679244,1.26392930840271
2002,"E06000015","Derby City",231979,40814.6280590856,50270.2390579851,NA,97288.9062138031,78503.0181679905,13499.8434739506,280376.634972815,1.20862938012844
2003,"E06000015","Derby City",232827,67337.3865295687,46706.4326801488,NA,121882.155487458,70405.3024585952,14275.7025625879,320606.979718358,1.37701804223032
2004,"E06000015","Derby City",234501,59841.2291333111,82105.2392938158,NA,136874.024337455,67731.5995830489,14721.834137949,361273.92648558,1.54060718924687
2005,"E06000015","Derby City",236470,63149.1019412895,84376.1997718876,NA,135652.008846459,84230.1218514042,15161.7572977202,382569.189708761,1.61783393119111
2006,"E06000015","Derby City",238110,208125.474318174,94204.9861409283,NA,16618.9613205633,86091.8415184722,14577.9916003791,419619.254898517,1.76229160849405
2007,"E06000015","Derby City",239917,211470.447307656,96632.6038448146,NA,15371.1602932632,91591.4930241613,14940.6572220477,430006.361691943,1.79231301530089
2008,"E06000015","Derby City",241865,205507.267828927,92901,12986,14383.6045550656,103321.270047044,15292.1106107748,444391.253041811,1.83735246125653
2009,"E06000015","Derby City",243980,218954.476719657,108366,14625,22925.8299072595,99324.6012355486,15779.9851829372,479975.893045402,1.96727556785557
2010,"E06000015","Derby City",247035,205172.790466441,121347,22207,16025.3460885552,110361.468190108,16320.8900986519,491434.494843756,1.98933145037649
2011,"E06000015","Derby City",248943,204961.033685716,119421,0,30389.7833510358,98316.3504208876,17128.3495352731,470216.516992912,1.88885213479757
2012,"E06000015","Derby City",250582,199685.282229564,126185,0,2301.0732123541,118725.446424318,15910.5973164322,462807.399182668,1.84692994382145
2013,"E06000015","Derby City",251312,211671.417603563,107858,314,78677.8693206194,39671.5559253311,26923.2035379118,465116.046387425,1.85075144198218
2014,"E06000015","Derby City",252313,211028.732847549,116010,168,64635.0006274844,53832.2363572981,27978.1215712287,473652.091403561,1.87724013984044
2015,"E06000015","Derby City",253875,223318.310634867,104035,0,47037.9598768319,58206.9977810073,26712.0871453686,459310.355438075,1.80919883973639
2016,"E06000015","Derby City",256203,222011.889454492,104959,0,36406.5814704052,60573.4326397472,26661.7065067209,450612.610071366,1.75881082606904
2017,"E06000015","Derby City",257034,222933.384080076,101193,0,26576.3799523356,62066.1963203051,26251.5268427073,439020.487195424,1.70802495854799
2018,"E06000015","Derby City",257174,200107.974116789,93066,0,0,95017.5425703208,26158.2002343077,414349.716921418,1.61116488028112
2002,"E10000007","Derbyshire",738409,90429.3719409144,118209.760942015,NA,208364.093786197,246647.981832009,42971.1565260494,706622.365027185,0.956952535826602
2003,"E10000007","Derbyshire",742242,117967.613470431,134173.567319851,NA,275380.844512542,233008.697541405,45510.2974374121,806041.020281642,1.08595447344888
2004,"E10000007","Derbyshire",745470,128158.770866689,183331.760706184,NA,314221.975662545,223572.400416951,46800.165862051,896085.07351442,1.20204042216913
2005,"E10000007","Derbyshire",749009,136648.898058711,191222.800228112,NA,304529.991153541,268223.878148596,48024.2427022798,948649.810291239,1.26653993515597
2006,"E10000007","Derbyshire",752649,532187.525681826,198226.013859072,NA,37860.0386794367,196126.158481528,46080.0083996209,1010479.74510148,1.34256438937869
2007,"E10000007","Derbyshire",756594,555731.552692344,210014.396155185,NA,35307.8397067368,210399.506975839,47116.3427779523,1058569.63830806,1.39912507673608
2008,"E10000007","Derbyshire",761238,498822.732171073,228183,36755,33834.3954449344,243049.729952956,48129.8893892252,1088774.74695819,1.43026851912042
2009,"E10000007","Derbyshire",764317,554832.523280343,268447,36759,54336.1700927405,235407.398764451,49434.0148170628,1199216.1069546,1.56900357699043
2010,"E10000007","Derbyshire",767948,579545.209533559,291251,49742,38293.6539114448,263712.531809892,50736.1099013481,1273280.50515624,1.65802958684214
2011,"E10000007","Derbyshire",770688,554166.966314284,282656,6006,71583.2166489642,231584.649579112,53026.6504647269,1199023.48300709,1.5557832521164
2012,"E10000007","Derbyshire",773726,538162.717770436,281452,4605,5481.9267876459,282842.553575682,49127.4026835678,1161671.60081733,1.50139920439191
2013,"E10000007","Derbyshire",776639,554874.582396437,227271,2850,186301.130679381,122842.444074669,83201.7964620882,1177340.95361257,1.51594364127036
2014,"E10000007","Derbyshire",780382,551394.267152451,231201,2242,156605.999372516,128367.763642702,86533.8784287713,1156344.90859644,1.48176778628472
2015,"E10000007","Derbyshire",783082,550117.383585133,231631.1066,999,116800.040123168,137665.002218993,82393.9128546314,1119606.44538192,1.42974355863361
2016,"E10000007","Derbyshire",786734,542580.110545508,230892.5,0,85042.4185295948,137070.567360253,81871.2934932791,1077456.88992863,1.36953136629234
2017,"E10000007","Derbyshire",791966,545889.615919924,214286,0,55492.6200476644,145716.803679695,80885.4731572927,1042270.51280458,1.31605461952227
2018,"E10000007","Derbyshire",796142,545551.825883211,185991,0,0,210296.457429679,80978.7997656923,1022818.08307858,1.28471815716114
2002,"E10000008","Devon",709940,121644.664683661,112794.562079663,NA,183350.785159961,235176.898191309,42445.9691408481,695412.879255442,0.979537537334763
2003,"E10000008","Devon",714055,110398.23546497,136972.739533646,NA,228011.147391871,223853.228291169,45460.1795022743,744695.53018393,1.04291060238207
2004,"E10000008","Devon",718827,121586.211393972,178886.946142063,NA,252503.597690253,215244.842781343,46415.2037597306,814636.801767362,1.13328631474244
2005,"E10000008","Devon",725620,131165.923922846,199189.247865418,NA,243943.152218418,258247.749512895,48394.4484445158,880940.521964093,1.21405215121426
2006,"E10000008","Devon",729592,463742.051188249,209442.92255421,NA,35650.4587128928,184686.027304756,44948.5210678627,938469.98082797,1.28629423133473
2007,"E10000008","Devon",736326,500521.659724753,222526.526868097,NA,32739.5697176112,195095.708421759,46301.3557356481,997184.820467868,1.35427082632946
2008,"E10000008","Devon",739921,483348.940554249,230545.056950931,36582,30886.4613951245,221887.00739182,47537.7646836326,1050787.23097576,1.42013435349957
2009,"E10000008","Devon",740988,497594.194220362,264697.989884916,37299,49081.962991635,212650.198588635,48290.3194768252,1109613.66516237,1.49747858961599
2010,"E10000008","Devon",743908,467931.458208925,296085,51998,34471.1691863166,237388.648563097,49810.8547568609,1137685.1307152,1.52933579248402
2011,"E10000008","Devon",747709,411472.741816121,279485,2623,65889.1429226556,213165.130971573,53206.0057494129,1025841.02145976,1.37197896703097
2012,"E10000008","Devon",753102,410490.130723164,284084.268018694,2987,5091.1156328887,262624.127880363,49429.7950434203,1014706.43729853,1.3473691973976
2013,"E10000008","Devon",757930,427722.613144332,227967.520971548,0,172227.454520883,120873.866414596,81927.1965272502,1030718.65157861,1.3599127248936
2014,"E10000008","Devon",764702,414904.647806481,231963.304777964,915,146269.768383959,118749.666364827,85686.5578617837,998488.945195015,1.30572294200226
2015,"E10000008","Devon",772406,431170.664762965,222154.2903277,673,109044.263106247,127764.923856903,81838.9769369975,972646.118990812,1.25924205533206
2016,"E10000008","Devon",778831,429671.786835913,216146.294,514,73066.1445492224,126795.551423883,81483.8305173747,927677.607326393,1.1911154118498
2017,"E10000008","Devon",787171,435554.796238715,204532.34376,545,41738.1420925005,133637.125470119,80553.4614966817,896560.869058016,1.13896582706682
2018,"E10000008","Devon",795286,406868.624927837,194360.095880788,721,3370.46667788192,192187.898705779,80770.6420990753,878278.728291362,1.10435582707524
2002,"E08000017","Doncaster",288647,49207.04027817,53701.3804252153,NA,141345.950438485,96675.2514101607,20904.6790229598,361834.301574991,1.25355296114282
2003,"E08000017","Doncaster",290111,58152.637076665,61244.4912397248,NA,171637.147079399,91028.93060875,22374.3246013908,404437.53060593,1.39407857890921
2004,"E08000017","Doncaster",290850,56793.6973257007,93884.7468987618,NA,188249.394658414,87046.7006659452,22601.9433724548,448576.482921276,1.54229493870131
2005,"E08000017","Doncaster",292174,63659.2834143218,92252.814942607,NA,183408.682773116,104103.287863791,23466.0916757656,466890.160669601,1.59798668146242
2006,"E08000017","Doncaster",293990,232157.773395831,101511.402397213,NA,23612.9554196584,122320.689625722,21960.4202662818,501563.241104706,1.70605544782035
2007,"E08000017","Doncaster",296215,248131.263519022,110946.850179401,NA,21643.1503158949,128965.842639722,22460.8734858825,532147.980139923,1.79649234555955
2008,"E08000017","Doncaster",298388,245159.896132724,111705.731750704,28939,20068.0068995506,144155.559198083,23060.5993121735,573088.793293235,1.92061608809079
2009,"E08000017","Doncaster",300184,254956.125617232,124197.33943521,30673.1639809496,31824.9889149491,137880.1146334,23653.8701957541,603185.602777494,2.00938625235687
2010,"E08000017","Doncaster",301299,232826.589778756,142899.923166608,36975,22143.0474066883,152489.035000386,24197.3520745819,611530.94742702,2.02964811508508
2011,"E08000017","Doncaster",302468,228200.521146297,132330.137189548,4092,41014.8871413635,132690.077266419,24932.4718690584,563260.094612686,1.86221383621635
2012,"E08000017","Doncaster",302920,193467.122852863,127337.008385205,1339,3104.79258375222,160183.127675464,23014.5211633991,508445.572660683,1.6784813569942
2013,"E08000017","Doncaster",303693,186069.438196714,107724.813713453,576,104880.043286812,73597.4903939581,43587.4074971292,516435.193088066,1.70051727595982
2014,"E08000017","Doncaster",304398,184785.400318281,99306.6608505455,345,87398.4517542062,74943.1585359069,44472.891662909,491251.563121849,1.61384622475131
2015,"E08000017","Doncaster",305496,180480.567678961,95950.2913518925,200,64181.7364141518,78422.834289258,42187.3070026907,461422.736736954,1.51040516647339
2016,"E08000017","Doncaster",307374,179000.076122427,92982.5364270438,130,50843.5444167191,81377.3201745617,41915.0901774417,446248.567318193,1.45180974096115
2017,"E08000017","Doncaster",308940,172667.687845591,87650.0558041401,0,38460.6564521743,84687.8233873601,41333.7462763152,424799.969765581,1.37502417869354
2018,"E08000017","Doncaster",310542,183268.849227111,74656.9168005543,143,30148.6448872992,89795.0086533924,41267.5339143129,419279.95348267,1.35015538472306
2002,"E10000009","Dorset",395606,50411.4779492108,87079.779223231,NA,70548.8674378293,131044.869271343,21274.4509556581,360359.444837272,0.910904902446556
2003,"E10000009","Dorset",398682,61550.066980124,90876.4623723018,NA,94995.1962470613,124221.504005129,22545.1163325497,394188.345937166,0.988728725995069
2004,"E10000009","Dorset",400773,72281.6064937888,105802.88400437,NA,108661.373344548,119466.75390126,22855.8898255355,429068.507569504,1.07060232992119
2005,"E10000009","Dorset",403444,70663.7325174998,116266.527440628,NA,99145.4176160836,143763.233866022,23756.3243840715,453595.235824304,1.12430779940786
2006,"E10000009","Dorset",405855,261767.367694306,126755.910740682,NA,12190.4127281924,63150.033246136,21766.5117968578,485630.236206174,1.19656092990397
2007,"E10000009","Dorset",409550,302793.289796562,113021.001435233,NA,11447.5435919012,68206.4630002035,22216.2131451799,517684.51096908,1.26403250145057
2008,"E10000009","Dorset",411044,301880.886077968,119644.825840881,16249,11268.1363601987,80940.9476488602,22380.5650490964,552364.360977005,1.34380835379425
2009,"E10000009","Dorset",410844,295389.401983532,158214.622484138,17155,17988.8551651917,77936.5814254327,22876.3140305127,589560.775088807,1.43499911180109
2010,"E10000009","Dorset",412015,316159.847125706,173212,23933,12651.4738421601,87125.0385095322,23328.3341033524,636409.693580751,1.54462748584578
2011,"E10000009","Dorset",413813,280896.815214037,166029,1277,24714.4455710027,79950.15430449,25464.8858075128,578332.300897043,1.39756919404911
2012,"E10000009","Dorset",414965,263836.242671596,163943,1196,1969.91762764854,101613.135713847,23471.4796053105,556029.775618403,1.33994379193041
2013,"E10000009","Dorset",417025,267954.045013287,132810,933,70145.3419898027,46482.0735724719,35756.7927568516,554081.253332413,1.3286523669622
2014,"E10000009","Dorset",418498,265171.871059045,144823,991,59895.7155109963,47618.6772893594,38333.0810840768,556833.344943478,1.33055198577646
2015,"E10000009","Dorset",420847,240452.28190361,130928,112.138,44519.1794078883,53339.1739483951,36560.8847814826,505911.658041376,1.20212727675705
2016,"E10000009","Dorset",422933,238495.269974907,127865,305,25515.7796006676,50252.6072821028,0,442433.656857678,1.04610814681682
2017,"E10000009","Dorset",424667,239531.748769241,121999.165,362,9175.8808502483,48996.0594387043,36184.5472765279,456249.401334721,1.07436980348066
2018,"E10000009","Dorset",426516,240770.174968082,109431.227253446,472,1774.12546571531,57312.6707018886,36267.7887572708,446027.987146402,1.04574737441597
2002,"E08000027","Dudley",305645,50391.9382237914,34191.5850582449,NA,124713.465140407,103720.764371416,24455.2634255097,337473.01621937,1.10413393387548
2003,"E08000027","Dudley",305585,58798.3365100484,36503.0176969073,NA,154252.245128564,96692.6913049028,27333.7289168742,373580.019557297,1.22250771326242
2004,"E08000027","Dudley",306171,65957.1020916795,79469.362377756,NA,175392.46139194,92238.9179357531,27848.6635363563,440906.507333484,1.44006619612401
2005,"E08000027","Dudley",307004,86201.1107171395,83155.8751619055,NA,179741.857292285,109987.421517132,28688.630791125,487774.895479587,1.58882260647935
2006,"E08000027","Dudley",307846,245507.750861758,102609.662117083,NA,21567.3995593345,111726.561505056,28355.2919009241,509766.665944156,1.65591453500827
2007,"E08000027","Dudley",308686,253099.141825254,104071.302140469,NA,19992.845228064,119130.985670148,28838.9613719349,525133.23623587,1.70118902780129
2008,"E08000027","Dudley",310377,241548.870058161,106640.417495917,21070,18550.4786734142,133261.373694235,29726.4633421878,550797.603263915,1.77460830945565
2009,"E08000027","Dudley",311088,253770.695225662,118872.461032572,21615,29466.1119773021,127662.840449017,30307.8321829054,581694.940867458,1.86987264332748
2010,"E08000027","Dudley",312206,272755.494871195,142639.623328409,19418,20545.7575741038,141490.26385854,30901.5025166505,627750.642148899,2.01069371552404
2011,"E08000027","Dudley",313261,270890.237480441,127080.750787759,675,38296.2183106894,123895.752821899,31202.0068262126,592039.966227001,1.88992554523864
2012,"E08000027","Dudley",313570,255087.616095807,130825.207547593,580,2930.58511988362,151173.881446272,28712.4703943355,569309.760603891,1.81557470613863
2013,"E08000027","Dudley",314357,255132.613643986,103968.386174114,77,95448.5231208522,63315.127077422,53430.7442716877,571372.394288062,1.81759081009191
2014,"E08000027","Dudley",315653,258289.809268072,101994.885282429,63,79859.5802335158,67489.1934733031,53542.273287879,561238.741545199,1.77802441777901
2015,"E08000027","Dudley",316331,244206.728147921,97679.9824359938,37,59945.2259764543,64718.9220170119,50510.354338523,517098.212915904,1.63467447994633
2016,"E08000027","Dudley",317558,236629.116762837,102025.395727126,9,47989.8537859108,65549.4164646439,49795.7055310984,501998.488271616,1.5808088231807
2017,"E08000027","Dudley",319419,230002.906935646,91220.9052004571,0,2557.95118356623,106687.681610795,48960.257254419,479429.702184883,1.50094296890568
2018,"E08000027","Dudley",320626,214166.342158121,80395.4312683399,22,2262.71879519609,103809.506069348,48822.4840186281,449478.482309634,1.40187783370542
2002,"E09000009","Ealing",309242,84533.436655776,96860.7502377427,NA,166646.219470138,103494.489332925,42588.006274375,494122.901970957,1.59785185056026
2003,"E09000009","Ealing",308108,168601.934783917,116448.147305471,NA,193101.614468079,95596.444227085,45098.5027588918,618846.643543444,2.00853805660172
2004,"E09000009","Ealing",310073,154670.504559967,180961.013406783,NA,209484.71646017,93302.3722299882,46851.9675989845,685270.574255893,2.21002981315978
2005,"E09000009","Ealing",312774,169853.863548375,188361.911425828,NA,212812.587650048,110183.108492223,48970.4744617276,730181.945578201,2.33453530529456
2006,"E09000009","Ealing",315329,333306.626877955,209521.626676055,NA,27934.1397805293,144708.597698684,41555.3679924189,757026.359025642,2.40075083175237
2007,"E09000009","Ealing",318671,405920.408757917,219662.477665548,NA,25486.9206387024,151868.684000711,42527.3916931924,845465.882756071,2.65309953762994
2008,"E09000009","Ealing",324022,383896.54255295,235724.607194603,13412,22853.1703464637,164167.652427542,43686.6972237259,863740.669745286,2.66568526132573
2009,"E09000009","Ealing",329966,440844.964266334,265704.828201467,14095.06596384,35676.1145242977,154568.212248794,45018.1296707348,955907.314875468,2.89698731043643
2010,"E09000009","Ealing",334073,458566.620848862,288936.352027757,23343.6285719956,24476.2605876453,168560.218875407,46196.0483808524,1010079.12929252,3.02352817884869
2011,"E09000009","Ealing",339314,499963.453051512,301962.879746824,378.56141632174,45545.1777918867,147346.384448382,46640.3742651967,1041836.83072012,3.07042099860343
2012,"E09000009","Ealing",340332,432365.516934689,304880.152185271,1849.17837703562,3443.41552802903,177666.123219831,43074.1421636468,963278.528408502,2.83040833188916
2013,"E09000009","Ealing",342108,441503.468601566,289570.831569341,126,109845.551222709,102924.647260491,79653.056600223,1023623.55525433,2.99210645543024
2014,"E09000009","Ealing",342997,434707.734155148,304100.93229956,0,91576.1541637947,103810.451530307,80479.7979931372,1014675.07014195,2.95826223011264
2015,"E09000009","Ealing",344285,403257.316391587,294778.15573623,0,69003.8576283644,110850.981230955,76025.669836955,953915.980824091,2.7707160661199
2016,"E09000009","Ealing",344802,398997.666148821,291813.371718102,0,54981.0759721672,121227.09344377,74884.4702408611,941903.677523721,2.73172335869201
2017,"E09000009","Ealing",342736,390301.621815907,281047.503143966,0,35007,168544.668267686,73093.7935059724,947994.586733531,2.76596151770906
2018,"E09000009","Ealing",341982,397970.519501221,262733.252842143,0,0,213000.429517729,65586.3531615844,939290.555022677,2.74660816950213
2002,"E06000011","East Riding of Yorkshire",318633,38396.106937214,47910,NA,91553.3149411761,106057.126747764,21889.2585026904,305805.807128845,0.959743049617725
2003,"E06000011","East Riding of Yorkshire",321869,51228.9276426595,51830.5314179035,NA,120867.254373525,99865.2355051959,23565.7186525553,347357.667591839,1.07918956964429
2004,"E06000011","East Riding of Yorkshire",325117,58899.007814115,73185.7899519398,NA,136009.102691975,96064.8333525157,23956.934033136,388115.667843682,1.19377229687676
2005,"E06000011","East Riding of Yorkshire",327268,61948.495153919,74640.9063653449,NA,131718.925476588,115959.376825398,24890.1128136132,409157.816634863,1.25022249848706
2006,"E06000011","East Riding of Yorkshire",328587,217516.816246375,81687.1747864983,NA,17409.7463094273,90187.9601020958,22422.3400228133,429224.03746721,1.30627212113446
2007,"E06000011","East Riding of Yorkshire",330865,238069.475923332,84773.2958527163,NA,16076.4539721767,95794.4477189829,22933.8604551021,457647.53392231,1.38318508733867
2008,"E06000011","East Riding of Yorkshire",332464,227926.765836984,88946,15552,15060.1977177602,108183.863783472,24086.630331738,479755.457669954,1.44302979471448
2009,"E06000011","East Riding of Yorkshire",332748,229524.328174283,98231,16530,24089.9266445293,104370.128307458,24788.6123309035,497533.995457174,1.49522760604774
2010,"E06000011","East Riding of Yorkshire",333599,235787.818857531,111041,20004,16960.0184952303,116794.496101121,25511.714562918,526099.048016799,1.57704024297675
2011,"E06000011","East Riding of Yorkshire",334673,228654.546335863,104364,1084,31198.5791675154,100931.030179283,27266.4330203138,493498.588702975,1.47456947140335
2012,"E06000011","East Riding of Yorkshire",335901,218283.661664054,104459,1284,2402.0507669491,123910.154054277,25331.1947197335,475670.061205013,1.41610195029194
2013,"E06000011","East Riding of Yorkshire",336072,226001.866569263,80507,688,76015.3209789368,56242.1084008812,45328.9785983671,484783.274547448,1.44249825795499
2014,"E06000011","East Riding of Yorkshire",337242,222346.181615088,80210,432,64100.0236478881,60958.5808885926,47698.5160798712,475745.302231439,1.41069410758873
2015,"E06000011","East Riding of Yorkshire",336756,220841.831906368,79865,310,48886.9286802132,68319.0970375839,45321.1215004588,463543.979124624,1.37649805534162
2016,"E06000011","East Riding of Yorkshire",337804,219396.631517953,78301,179,36182.7384353251,72648.8009464993,45062.1689180311,451770.339817809,1.3373741572563
2017,"E06000011","East Riding of Yorkshire",338061,210873.325415603,74651,232,23450.7065786672,72311.3883469878,44450.7310868158,425969.151428074,1.26003635861005
2018,"E06000011","East Riding of Yorkshire",339614,211804,70071.0863751696,262,15379.3626718593,75874.8935032749,44548.0466867292,417939.389237033,1.23063062546607
2002,"E10000011","East Sussex",496927,77718.0196943614,118205,NA,144308.386308433,165975.131891514,30171.4871280835,536378.025022391,1.07938998086719
2003,"E10000011","East Sussex",501148,94742.4980788781,129575,NA,177898.105781753,156453.64518013,31441.6400223034,590110.889063065,1.17751819634732
2004,"E10000011","East Sussex",505007,106325.020324539,158333,NA,193428.514234013,149675.182592733,31995.4219310237,639757.139082309,1.26682825996929
2005,"E10000011","East Sussex",508519,99376.2454222089,173386.132453759,NA,183439.883594212,179204.633789544,32966.8787414011,668373.774001124,1.3143535915101
2006,"E10000011","East Sussex",511525,333328,181313,NA,24148.190291852,125095.352609598,30480.3775483315,694364.920449782,1.35744082977329
2007,"E10000011","East Sussex",515891,360369.820894095,194551.015838058,NA,22049.5544323293,131390.258444837,31237.8011589292,739598.450768249,1.43363317206202
2008,"E10000011","East Sussex",519197,336075.938928656,204340.786542246,28842,20428.9002278846,146756.169837451,31835.199725352,768278.99526159,1.47974467352775
2009,"E10000011","East Sussex",520370,360124.103657854,236247.224391006,28837,32073.409638472,138953.837240368,32629.5143278131,828865.089255513,1.59283796001982
2010,"E10000011","East Sussex",523651,368589.901132333,261139.490266241,37447,22260.0349035547,153302.724681586,33484.4027902023,876223.553773917,1.6732968213064
2011,"E10000011","East Sussex",527209,374922.32349902,253965.404239068,4800,42357.1278229051,137030.618020275,35706.2311395331,848781.704720802,1.60995298775401
2012,"E10000011","East Sussex",531088,352979.366578894,258020.270236361,4428,3289.95033049423,169736.895562045,33098.6638172214,821553.146525015,1.54692470273291
2013,"E10000011","East Sussex",534904,340063.767069796,215248.045688593,1095,125030.549419052,81342.8400236193,54812.2627917852,817592.464992846,1.5284844850531
2014,"E10000011","East Sussex",540503,337952.787645228,209966.893706048,863,107114.589697657,83853.229796396,56943.9847226889,796694.485568018,1.47398716670956
2015,"E10000011","East Sussex",545021,326098.736375728,204728.444419259,58,82256.4734420946,92478.7326853167,54185.1116064281,759805.498528826,1.39408481238122
2016,"E10000011","East Sussex",549557,320926.058262057,199998.173691419,58,57044.4790099554,92181.3099912756,53832.9000723442,724040.921027051,1.31749922396958
2017,"E10000011","East Sussex",552259,330039.083584478,184906.707391508,58,33794.8439983151,93876.2589283377,53112.9004759663,695787.794378605,1.25989398883242
2018,"E10000011","East Sussex",554590,342198.015345732,166061.958116722,58,19430.1721095641,100653.617937031,52990.5454571065,681392.308966156,1.22864153512713
2002,"E09000010","Enfield",280745,89932.9639147523,104368.874003192,NA,165007.944024886,90015.5085524351,38663.4733364142,487988.76383168,1.73819218091749
2003,"E09000010","Enfield",281835,177579.351976661,117095.04401326,NA,185032.414807831,87006.067679971,41252.8610910858,607965.739568809,2.15716905128465
2004,"E09000010","Enfield",282217,166837.221636196,182165.026150688,NA,204296.527682964,85218.3642356173,42642.9316318499,681160.071337315,2.41360396906393
2005,"E09000010","Enfield",284779,161648.60696363,198945.524052305,NA,204669.551159601,101197.900638502,44587.3466040538,711048.929418092,2.49684467400367
2006,"E09000010","Enfield",287429,376053.128113506,191625.627353881,NA,22706.5024402378,117630.282019525,37878.5898749971,745894.129802147,2.59505523034261
2007,"E09000010","Enfield",291534,403819.64189346,235314.061959664,NA,21018.5300623009,125241.574707028,38905.8954529378,824299.70407539,2.82745650275916
2008,"E09000010","Enfield",297443,381408.096319315,252853.229539304,15919,19264.8212972057,138391.713436141,40103.1481884462,847940.008780413,2.85076471384572
2009,"E09000010","Enfield",301971,430648.725744257,296195.786638093,17920.1757367933,30408.0532934203,131740.564906629,41198.6981531474,948112.00447234,3.13974522213173
2010,"E09000010","Enfield",307648,427965.445605933,320533.239644135,26605.8271034095,21132.9080897526,145535.0107,42541.9650563574,984314.396199588,3.19948251313055
2011,"E09000010","Enfield",313935,466868.3654542,335884.81119647,1206.72035273238,41325.5903089644,133696.174265733,43151.9061840789,1022133.56776218,3.25587643226203
2012,"E09000010","Enfield",317257,400902.889052891,343478.853354496,1096.31776724842,3191.60350532981,164654.203787343,40153.653257443,953477.520724752,3.00537898525407
2013,"E09000010","Enfield",320317,415140.335888222,316561.714592458,116,105436.919367581,101741.10925947,74579.4548242474,1013575.53393198,3.16428891982623
2014,"E09000010","Enfield",324409,411337.130757812,318394.201795841,122,87844.5250953287,105546.718759917,76118.3648462105,999362.94125511,3.08056478474737
2015,"E09000010","Enfield",328738,380039.969013862,325160.949679529,71,65913.278307313,104984.908343093,72592.5516675455,948762.657011342,2.88607540658927
2016,"E09000010","Enfield",332127,348791.608247301,347121.958791508,0,52921.0880749183,104307.493005258,72131.700070436,925273.848189421,2.78590373016774
2017,"E09000010","Enfield",332705,338546.508958771,332190.361889364,0,34050,160894.844267893,70954.5264238497,936636.241539878,2.8152154056593
2018,"E09000010","Enfield",333869,329270.18689391,309680.855963628,0,0,206647.616309205,64030.4172257751,909629.076392518,2.72450894330566
2002,"E10000012","Essex",1319145,160966.852706901,220434.958251284,NA,394952.897896165,437864.763778806,74963.3017503655,1289182.77438352,0.977286632162135
2003,"E10000012","Essex",1326079,202668.458787396,237961.859896553,NA,484320.09398571,416366.358511484,76854.4615795721,1418171.23276072,1.06944701843609
2004,"E10000012","Essex",1334632,230125.798838347,357574.34052104,NA,549373.06866702,399004.492645949,78124.0590904444,1614201.7597628,1.20947329283488
2005,"E10000012","Essex",1345170,251508.127404428,393120.618310753,NA,529234.65534533,478036.041444217,81630.931548548,1733530.37405328,1.28870728164713
2006,"E10000012","Essex",1354301,921565.875919134,425062.541765995,NA,60591.7003290209,313881.402583375,80227.9105091882,1801329.43110671,1.33008055897966
2007,"E10000012","Essex",1362888,989256.259343427,442845.944336446,NA,55448.6714672946,330406.202694193,82105.4887057471,1900062.56654711,1.39414432187172
2008,"E10000012","Essex",1373172,991927.289906812,483577.712374665,52755,50899.6287795251,365636.458746692,85236.9527757374,2030033.04258343,1.47835307054282
2009,"E10000012","Essex",1379503,1014731.13641209,548964.062341341,55337,79958.2979567843,346420.342010268,87709.3526807269,2133120.19140121,1.54629615984975
2010,"E10000012","Essex",1388913,1019584.01896985,614275.805356831,76396,55588.7157386383,382625.687716142,90263.7385090998,2238733.96629056,1.61186047383138
2011,"E10000012","Essex",1396599,949121.74941604,572004.449824508,4681,104504.608492309,338088.240170119,94991.6799092729,2063391.72781225,1.47744035890921
2012,"E10000012","Essex",1407084,837456.390674691,578198.701751768,4602,8110.38703292515,418383.015090596,88474.4415400124,1935224.93608999,1.37534428370303
2013,"E10000012","Essex",1417596,784703.758827374,460387,2063,298283.280429391,201805.418050557,141660.497178283,1888902.9544856,1.33246916221942
2014,"E10000012","Essex",1433282,763465.845035486,454987,1386,255440.735665071,212125.684404871,146394.932709123,1833800.19781455,1.27944130869888
2015,"E10000012","Essex",1445323,758289.607126562,445867,1090,200815.35460017,215696.109053573,139440.082594241,1761198.15337454,1.21854986973469
2016,"E10000012","Essex",1457910,752219.670574185,433843,0,145839.523560221,211101.738709113,138646.938920077,1681650.8717636,1.15346686130392
2017,"E10000012","Essex",1468177,758229.995440235,418114.4,0,89996.3650333255,233873.225810669,136802.381668872,1637016.3679531,1.11499932770579
2018,"E10000012","Essex",1477764,719445.098641562,382279.6206,0,55612.5680179315,260247.355433979,136766.092564624,1554350.7352581,1.05182609351567
2002,"E08000037","Gateshead",191559,37213.7377832719,26013.404481193,NA,104984.018559405,65376.4153089058,15556.8774086341,249144.45354141,1.30061471161057
2003,"E08000037","Gateshead",192115,50597.0209866149,47267.4675407155,NA,120410.302437686,60632.0017935422,17053.7563554619,295960.549114021,1.5405384749448
2004,"E08000037","Gateshead",192317,57023.4165610273,53586.4772303102,NA,131288.563027394,57720.7590439219,17275.7716171066,316894.98747976,1.64777418262432
2005,"E08000037","Gateshead",192857,49217.3888721119,84937.5263626173,NA,130036.668927023,69018.8484844273,18006.6102333905,351217.04287957,1.82112675650648
2006,"E08000037","Gateshead",193615,152585.842360213,106175.455382673,NA,18940.4441446525,98117.5520484425,14685.1410505243,390504.434986505,2.01691209351809
2007,"E08000037","Gateshead",194934,162517.716839861,89518.4151829346,NA,17315.806695542,103181.527826879,15019.2946435284,387552.761188746,1.98812296053406
2008,"E08000037","Gateshead",196078,156437.097470562,93585.3845746214,17327,15605.291147627,112101.725116608,15261.0076627722,410317.505972192,2.09262388423072
2009,"E08000037","Gateshead",197481,156796.00962344,104352.401661454,19471.2507871374,24387.2380331422,105657.032845119,15601.1345194578,426265.067469751,2.15851179338646
2010,"E08000037","Gateshead",198731,160731.272515681,110895.446801701,23155,16765.1139025441,115454.647420198,15987.7784995553,442989.25913968,2.22908987092945
2011,"E08000037","Gateshead",200349,165212.163108338,113084.969613896,302,30604.8480891903,99010.9399036965,17530.3030056624,425745.223720783,2.12501796225977
2012,"E08000037","Gateshead",200272,141224.739614136,112810.046595463,545,2323.06703061193,119844.199441974,16170.562020204,392917.614702388,1.96191986249894
2013,"E08000037","Gateshead",200098,171835.557751098,91872.0047531471,110,80448.3562822286,42828.1420859478,33505.2418716426,420599.302744064,2.10196655011077
2014,"E08000037","Gateshead",200781,161361.021128006,98331.5447092689,96,67260.4784289719,43725.786899507,33362.2343218767,404137.06548763,2.01282524485699
2015,"E08000037","Gateshead",201724,150164.454947415,93992.0725404147,15,60325.5030606298,47588.3108973415,31854.4383795392,383939.77982534,1.90329251762477
2016,"E08000037","Gateshead",202628,148494.579356538,91110.4472166597,0,39628.9132940998,56468.3969187255,31669.4267993941,367371.763585417,1.8130355310491
2017,"E08000037","Gateshead",202419,156048.473565755,83617.4991241844,0,29735.9774668935,57681.6982545076,31108.8795665789,358192.527977919,1.76955981393999
2018,"E08000037","Gateshead",202508,157398.115667764,71596.1981546997,0,23137.3406158728,62123.6463681315,30949.9850629357,345205.285869404,1.70465011688133
2002,"E10000013","Gloucestershire",566445,77124,102043,NA,141606,187832,33654,542259,0.957302121123851
2003,"E10000013","Gloucestershire",569281,113132,116955,NA,189501,179215,36000,634803,1.11509605976662
2004,"E10000013","Gloucestershire",572641,125488,138541,NA,215889,171598,36225,687741,1.20099853136607
2005,"E10000013","Gloucestershire",576908,126039,148561,NA,206906,205235,37862,724603,1.2560113570968
2006,"E10000013","Gloucestershire",580702,400726,160692,NA,25138,130227,32962,749745,1.29110111554636
2007,"E10000013","Gloucestershire",585415,455463,196232,NA,23057,137390,33771,845913,1.44498005688272
2008,"E10000013","Gloucestershire",587610,449326,192544,25840,21523,154606,33823,877662,1.49361311073671
2009,"E10000013","Gloucestershire",590480,464823,219839,26758,33946,147070,34754,927190,1.57023099850969
2010,"E10000013","Gloucestershire",594097,444243,240859,44544,23634,162759,35710,951749,1.60200943616951
2011,"E10000013","Gloucestershire",598289,370364,207741,1684,45732,147950,39052,812523,1.35807778515065
2012,"E10000013","Gloucestershire",602216,321215,215146,1408,3495,180314,36214,757792,1.25833920055263
2013,"E10000013","Gloucestershire",605959,318674,181303,885,119627,79631,59527,759647,1.25362772068737
2014,"E10000013","Gloucestershire",611739,323405,183363,912,101778,85327,62747,757532,1.2383254950232
2015,"E10000013","Gloucestershire",617527,354174.757,167960,647,78871,89134,59827,750613.757,1.21551568919254
2016,"E10000013","Gloucestershire",623094,368180.007,160438,0,57077,84311,60004,730010.007,1.1715888886749
2017,"E10000013","Gloucestershire",628139,361396,157192,122,34817,92927,59250,705704,1.12348381488811
2018,"E10000013","Gloucestershire",633558,375655,137902,122,0,123004,59250,695933,1.09845191758292
2002,"E09000011","Greenwich",221476,80711.6073197517,81976.4124266895,NA,178587.956750274,72629.0012401258,30501.1003603116,444406.078097153,2.00656539804382
2003,"E09000011","Greenwich",224303,156512.221840513,87315.7403704514,NA,205904.734190718,68337.012318628,32831.7650444899,550901.4737648,2.45605932049415
2004,"E09000011","Greenwich",227190,151318.996175026,147625.355496567,NA,226271.508985258,67092.1357065304,34328.3630590644,626636.359422446,2.75820396770301
2005,"E09000011","Greenwich",230494,168351.087810109,148166.409439994,NA,235591.967630974,80833.0280419933,36088.0397366195,669030.53265969,2.90259413546422
2006,"E09000011","Greenwich",233990,327156.145372524,164717.036609161,NA,28983.7638442581,150146.989095564,30836.1760464343,701840.110967941,2.99944489494398
2007,"E09000011","Greenwich",236535,350065.193583834,170110.42266984,NA,26555.6972026808,158240.666609475,31566.1500235329,736538.130089363,3.11386530572373
2008,"E09000011","Greenwich",239748,325640.901562193,172699.61026008,19789,23767.6645419878,170736.860164428,32324.3430569339,744958.379585623,3.10725586693371
2009,"E09000011","Greenwich",243672,371351.790647237,191723.283973221,21704.1568996225,37216.0767726514,161238.953604578,33244.8121719428,816479.074069252,3.35072997336277
2010,"E09000011","Greenwich",249171,371797.291937786,181128.430226652,29888.562903655,25743.4251372729,177282.915696282,34455.6895382308,820296.315439878,3.29210187156562
2011,"E09000011","Greenwich",255483,443341.775311244,193207.44215493,329.364899986068,47650.882615526,154158.296666292,35117.3919684872,873805.153616465,3.42020859946245
2012,"E09000011","Greenwich",259986,384550.505329449,185863.701920595,1824.43447437203,3609.63499603374,186186.166958826,32905.1453420715,794939.589021346,3.05762459909898
2013,"E09000011","Greenwich",264097,370875.655141849,178128.613154233,132,116265.048783611,102563.448646492,61489.7438497466,829454.509575931,3.14071916597285
2014,"E09000011","Greenwich",268853,364433.550042169,173105.029649046,113,96030.3559255582,111044.508850741,63082.8699080427,807809.314375557,3.0046505502098
2015,"E09000011","Greenwich",274542,329679.191791042,177516.885972772,0,70751.1296687524,111188.718774006,60624.8876610288,749760.813867602,2.73095123466574
2016,"E09000011","Greenwich",279139,343394.618372619,174293.710454044,0,58473.2740552398,108722.597223336,60623.7090810486,745507.909186287,2.67074077497694
2017,"E09000011","Greenwich",282849,323479.819715488,167079.957902781,0,41394,157454.589922993,60321.957423121,749730.324964382,2.6506380611718
2018,"E09000011","Greenwich",286186,327887.600832723,166131.749793503,0,0,210894.764069339,54885.6257519437,759799.740447509,2.65491582553832
2002,"E09000012","Hackney",210961,115487.553318563,115838.499783032,NA,207870.678254053,67754.4765916766,29053.0018291449,536004.20977647,2.54077393345912
2003,"E09000012","Hackney",212405,176869.414805126,121138.768689611,NA,236803.127919731,64574.7097967401,31090.2264092539,630476.247620462,2.96827404072626
2004,"E09000012","Hackney",213581,168470.05410475,228414.234030161,NA,259898.077334304,63645.483825593,32272.045910991,752699.895205799,3.52418939515125
2005,"E09000012","Hackney",216512,174363.604917882,215129.167209003,NA,272860.644744407,75346.347234323,33898.902615491,771598.666721107,3.56376859814286
2006,"E09000012","Hackney",220193,330736.719693202,235735.312428228,NA,36712.9144756559,190186.303632289,29017.9499644964,822389.200193871,3.73485624063377
2007,"E09000012","Hackney",224480,339705.082865957,235606.065469912,NA,33677.4236500213,200675.346547002,29957.382024997,839621.300557888,3.74029446078888
2008,"E09000012","Hackney",231041,316901.069726674,251428.328449452,28241,30139.2555660335,216502.662271425,31150.4101982793,874362.726211864,3.78444832827015
2009,"E09000012","Hackney",236622,361937.427782991,290315.593742044,31484.4290517682,47089.1663715909,204014.497495906,32282.9621201839,967124.076564485,4.08721114927811
2010,"E09000012","Hackney",241739,349039.10138318,313278.711882846,48941.3687498411,32350.3578235799,222785.986115975,33427.9829245072,999823.508879929,4.13596278995085
2011,"E09000012","Hackney",247182,377041.653984743,324765.541408782,7775.66337372098,61289.2691281649,198282.874714041,33976.3787866692,1003131.38139612,4.05827034895794
2012,"E09000012","Hackney",252212,320753.274076877,338616.916737044,1548.42791400429,4627.82114275254,238731.035228894,31921.2285162068,936198.703615779,3.71195146787535
2013,"E09000012","Hackney",257436,357944.991473198,308920.520630575,82,152273.650509691,128493.821799408,59938.8622275276,1007653.8466404,3.91419166954272
2014,"E09000012","Hackney",263112,364865.163389269,328943.495174016,84,124165.133605671,132333.40588997,61735.8187085319,1012127.01676746,3.84675353753329
2015,"E09000012","Hackney",268626,321381.277589806,319626.07180403,53,89635.5663920212,134205.518657933,59318.50526634,924219.93971013,3.4405453668302
2016,"E09000012","Hackney",273239,321655.472264771,319050.501820994,0,74378.167262832,131711.812798308,59342.3407176949,906138.294864601,3.31628462578402
2017,"E09000012","Hackney",275929,334416.189169044,309584.961842384,0,54904,178116.337996109,58846.1595756193,935867.648583156,3.39169731555275
2018,"E09000012","Hackney",279665,327088.523557699,308295.39307653,0,0,249884.994078857,53635.0084417733,938903.919154859,3.35724498651908
2002,"E06000006","Halton",118788,23812.1506019055,33176.7613082113,NA,63831.6985686721,40122.9852051075,7204.34927773166,168147.944961628,1.41552972490174
2003,"E06000006","Halton",119178,28144.4187103061,31859.0516694286,NA,77106.1069279448,37509.9422825252,7957.96132607343,182577.480916278,1.53197302284212
2004,"E06000006","Halton",119960,36513.1573122428,45794.8669521238,NA,84309.3420252946,35803.9995484915,8102.17010202063,210523.535940173,1.75494778209548
2005,"E06000006","Halton",120396,32563.8027734577,50440.0104464659,NA,83643.5988881415,42822.8031394604,8387.31220775221,217857.527455278,1.80950801899796
2006,"E06000006","Halton",121275,107907.737150401,53434.2950935155,NA,10125.0865302031,52450.5652917247,7604.18045077834,231521.864516622,1.90906505476497
2007,"E06000006","Halton",122040,119597.550055559,57849.6526734853,NA,9250.01812498551,55118.4263578624,7797.06114650837,249612.708358401,2.04533520451
2008,"E06000006","Halton",122907,110068.994618447,62403.1100588441,13891,8502.63308713998,61079.4650662089,7860.30984780105,263805.512678441,2.14638314073601
2009,"E06000006","Halton",123636,110522.915097074,68180.5772031791,15398,13376.7289309113,57953.7964523056,7909.88836556848,273341.906049038,2.21086015439709
2010,"E06000006","Halton",124802,119114.538179314,62423,19787,9271.18976203139,63847.6712764037,8164.0772956383,282607.476513388,2.26444669567305
2011,"E06000006","Halton",125722,118050.583383952,65008,622,17898.8487585703,57906.5518769934,8495.67276923241,267981.656788748,2.13154147077479
2012,"E06000006","Halton",125781,117984.429755413,68406,415,1360.11922304475,70159.5928658,7834.45016145393,266159.592005711,2.11605562052863
2013,"E06000006","Halton",126074,114286.734820372,57567,20,48923.1339883359,32645.9247571268,14304.2675787249,267747.06114456,2.12372940609927
2014,"E06000006","Halton",126501,112373.185663119,58768,20,40292.4663048286,33614.9649010634,14629.8480693422,259698.464938353,2.05293606325921
2015,"E06000006","Halton",126719,110715.976042598,56349,0,29334.1729927378,34227.1243876721,13970.0594691866,244596.332892194,1.93022619253777
2016,"E06000006","Halton",127306,111897.664099845,51560,0,23145.1578719649,35268.6328582892,13892.2044951616,235763.659325261,1.85194460061003
2017,"E06000006","Halton",127595,114081.372067363,43830,0,665.251396648045,61744.7877094972,13680.1396648045,234001.550838313,1.83393981612378
2018,"E06000006","Halton",128432,117201.833930522,39150,0,547.181614525461,65507.6967697596,13703.0620190678,236109.774333875,1.83840300185215
2002,"E09000013","Hammersmith and Fulham",171989,65606.956881634,79169.3915045147,NA,112643.701216036,55466.4225166067,23685.8790562843,336572.351175076,1.95694114841691
2003,"E09000013","Hammersmith and Fulham",171510,123406.222444044,91153.5347941673,NA,123730.808500332,52515.3986828883,25104.327729814,415910.292151246,2.42499149991981
2004,"E09000013","Hammersmith and Fulham",172083,115520.636070192,135745.32818749,NA,136506.922829835,52383.063386535,26001.706502456,466157.656976508,2.70891172850606
2005,"E09000013","Hammersmith and Fulham",173292,121125.019718791,141766.33376433,NA,139041.328540902,62782.5271436701,27132.0233153066,491847.232482999,2.83825700253329
2006,"E09000013","Hammersmith and Fulham",174675,198241.227479575,154544.580267794,NA,21295.7859288678,110318.462948278,23019.3984824604,507419.455106975,2.90493462205224
2007,"E09000013","Hammersmith and Fulham",176472,209209.923982186,159451.369416188,NA,19554.7307660662,116519.292746982,23550.601927634,528285.918839056,2.99359625798459
2008,"E09000013","Hammersmith and Fulham",177088,192670.061914367,169049.466571522,10659,17456.459025358,125393.508036765,23876.1251950645,539104.620743076,3.04427527976529
2009,"E09000013","Hammersmith and Fulham",180116,227008.166634729,185772.114564335,11320.5953254063,27247.9977017584,118050.347300643,24573.6998471784,593972.92137405,3.29772436304409
2010,"E09000013","Hammersmith and Fulham",180842,221744.705365444,200230.731529946,21382.3900920363,18668.2431570075,128558.529758066,25007.0666629453,615591.666565445,3.4040304053563
2011,"E09000013","Hammersmith and Fulham",182445,235315.654308349,176470.705412713,2172.20539205332,35434.6412120949,114637.339366148,25077.9604814827,589108.506172841,3.22896492736354
2012,"E09000013","Hammersmith and Fulham",182117,191831.676617523,175793.820462152,2227.28579296274,2680.16767661596,138268.888636467,23049.6501898642,533851.489375584,2.93136549237899
2013,"E09000013","Hammersmith and Fulham",181421,187476.564544427,160754.228904736,177,85784.3097512337,76025.3534341365,42240.2784543742,552457.735088907,3.0451697162341
2014,"E09000013","Hammersmith and Fulham",181679,180964.557866608,170062.913932926,177,70174.9999747055,68222.8311809568,42628.6212987145,532230.924253911,2.92951262531119
2015,"E09000013","Hammersmith and Fulham",182183,152883.989200106,158242.169997854,114.833,51442.1516978907,76571.2768334347,40229.9972636216,479484.417992907,2.63188342486899
2016,"E09000013","Hammersmith and Fulham",181783,142694.519986923,147873.321486046,0,41937.8969566548,76969.0025652081,39479.8279992415,448954.568994074,2.46972802183963
2017,"E09000013","Hammersmith and Fulham",182998,157659.354730951,129872.009401812,0,29499,99886.4179358167,39027.1755053626,455943.957573942,2.49152426569658
2018,"E09000013","Hammersmith and Fulham",185426,160323.88771641,116855.624996366,0,0,138957.792555615,35561.564998567,451698.870266958,2.43600611708692
2002,"E10000014","Hampshire",1245073,131650.803920878,166924.788859767,NA,277225.003557214,416307.868832764,75463.4645279756,1067571.9296986,0.857437218298524
2003,"E10000014","Hampshire",1250515,168556.582366751,153286,NA,359585.790511635,393524.792900972,79328.6083323598,1154281.77411172,0.923045124697998
2004,"E10000014","Hampshire",1255419,189771.68295139,213606.647116594,NA,409931.575218722,376771.29187471,81372.5654568559,1271453.76261827,1.01277243901699
2005,"E10000014","Hampshire",1263075,203734.590963714,231353,NA,379591.384214751,451495.147311486,83856.2139409958,1350030.33643095,1.06884415923912
2006,"E10000014","Hampshire",1272498,803984.425568208,260173.980239814,NA,44118.8957865316,228553.135751834,78465.1339444276,1415295.57129082,1.11221830705495
2007,"E10000014","Hampshire",1283441,870593.63603995,258854.282352948,NA,40375.7399793318,240589.182389542,80535.7730966559,1490948.61385843,1.16168068018587
2008,"E10000014","Hampshire",1293565,855264.77456761,280204.228215393,65205,37236.6398841478,267480.94261871,82538.5545824552,1587930.13986832,1.22756115067145
2009,"E10000014","Hampshire",1301706,897503.787594786,351778.028150362,46021,57998.8572635784,251274.758191386,84862.7565550085,1689439.18775512,1.29786540720802
2010,"E10000014","Hampshire",1312347,897039.437631988,378153,69796,39810.8673545531,274147.051514892,87181.3473662282,1746127.70386766,1.33053811519946
2011,"E10000014","Hampshire",1322118,896146.643731857,390509,2795,75715.0380403479,244946.35217576,95913.0335663916,1706025.06751436,1.29037277120072
2012,"E10000014","Hampshire",1331394,857866.314708136,409315,2381,5836.16537361829,301117.13952252,89075.3843726374,1665591.00397691,1.25101285117472
2013,"E10000014","Hampshire",1340180,854743.035890718,341755,1668,208608.595152649,141444.555929676,140873.006607409,1689092.19358045,1.260347261995
2014,"E10000014","Hampshire",1349627,862270.566449962,347781,1010,181999.367844225,134993.566464604,144119.218268044,1672173.71902683,1.23898952749673
2015,"E10000014","Hampshire",1356994,907101.794840502,344741.498,847,147971.886315841,165809.2355896,136958.268142559,1703429.6828885,1.25529639990192
2016,"E10000014","Hampshire",1365103,928967.518300026,337738,0,102473.923408327,152092.253473424,135947.434251241,1657219.12943302,1.21398834332136
2017,"E10000014","Hampshire",1370728,945162.44046171,320143.474,0,56455.5248799519,165080.559495706,134063.041967587,1620905.04080496,1.18251399315178
2018,"E10000014","Hampshire",1376316,955514.421931864,304031.81,0,28275.2695292654,179494.838366378,134181.215973749,1601497.55580126,1.16361181284041
2002,"E09000014","Haringey",224474,106652.13370069,132604.423373497,NA,176234.045664365,74815.7802126461,30913.9771455173,521220.360096716,2.32196316765735
2003,"E09000014","Haringey",225027,189127.33381678,150538.324459956,NA,192074.556424723,68814.1905860551,32937.738651139,633492.143938653,2.81518281778921
2004,"E09000014","Haringey",226472,177096.462748142,231372.254518326,NA,205953.616052245,68107.5876831259,34219.8734042539,716749.794406093,3.16484949312097
2005,"E09000014","Haringey",229271,175732.099140592,244053.788123408,NA,207116.19836404,81147.6425729774,35896.5567800225,743946.284981039,3.24483377741206
2006,"E09000014","Haringey",233174,325549.085623715,262478.900715007,NA,26357.2609026925,136543.136421937,30728.6401703119,781657.023833663,3.35224777991398
2007,"E09000014","Haringey",236793,342916.633531176,270980.471542306,NA,23958.0535342101,142759.583704135,31600.5807281055,812215.323039933,3.43006475292738
2008,"E09000014","Haringey",244459,324418.730984167,283149.375117077,22279,21462.2088954644,154170.001576388,32959.5098993736,838438.82647247,3.42977279000761
2009,"E09000014","Haringey",249805,363294.361569635,314442.390524682,24545.7900756352,33527.0252109072,145255.261450604,34081.5535006573,915146.382332121,3.66344301488009
2010,"E09000014","Haringey",252742,357589.368561911,316497.744032589,41645.617172125,22999.2845798453,158387.464206949,34949.4920567463,932068.970610166,3.68782778726989
2011,"E09000014","Haringey",255540,392036.271626822,329391.444003205,1254.43838354192,44631.7682881895,144392.397142292,35125.226898178,946831.546342228,3.70521854246783
2012,"E09000014","Haringey",257898,327494.592175941,328043.22244243,1091.08977434015,3391.31324074031,174957.635050915,32640.8774835166,867618.730167883,3.36419332514359
2013,"E09000014","Haringey",261033,330650.388443043,276714.190621207,106,114222.047085474,101447.007022191,60776.3522733348,883915.98544525,3.38622314207495
2014,"E09000014","Haringey",264398,333182.63024794,286222.614897912,171,94198.3037682516,98720.7187984446,62037.5619314148,874532.829643963,3.30763784008942
2015,"E09000014","Haringey",268251,293860.887422385,273365.351509358,54,69437.0509713359,103591.641875728,59235.6970516665,799544.628830473,2.9805839636403
2016,"E09000014","Haringey",272078,293032.922472871,265134.100562864,0,56203.9101465633,104597.719456367,59090.1934855164,778058.846124181,2.85969040541382
2017,"E09000014","Haringey",271224,296230.258284503,257641.770657909,0,38590,147855.324944666,57842.7449986691,798160.098885747,2.94280778576286
2018,"E09000014","Haringey",270624,298272.686585839,256874.806958121,0,0,193255.283316098,51901.0978297121,800303.87468977,2.95725388247077
2002,"E09000015","Harrow",212336,52502.032562656,59310.8953973954,NA,89394.634310382,71350.3668809413,29242.3632633203,301800.292414695,1.42133360529865
2003,"E09000015","Harrow",213728,116100.658098774,70250.9009415649,NA,108248.854184356,65964.1004705052,31283.8770744428,391848.390769643,1.8333975462721
2004,"E09000015","Harrow",216267,110323.099765766,103315.508720349,NA,120108.729727166,64099.3891053489,32677.8999678449,430524.627286475,1.99070883346269
2005,"E09000015","Harrow",221109,110172.631012544,103190.060252621,NA,120338.455308672,76264.8361967648,34618.6468113019,444584.629581904,2.01070345206167
2006,"E09000015","Harrow",223632,237761.668806139,110817.890050771,NA,14609.8943972782,75686.2709663621,29471.1556973213,468346.879917871,2.09427487979301
2007,"E09000015","Harrow",226355,263135.896436759,122035.292740743,NA,13371.3504779961,79678.3021767932,30207.605168693,508428.447000984,2.24615514126476
2008,"E09000015","Harrow",229567,251400.85712468,125689.340464053,8642,12099.1158128974,86914.8871830727,30951.6761872931,515697.876771997,2.24639376204767
2009,"E09000015","Harrow",233495,290903.502655933,146816.352557238,9267.1062176916,18880.0452617873,81799.7083821734,31856.3372816236,579523.052356447,2.48195058719222
2010,"E09000015","Harrow",237451,301949.267005065,158868.866853481,12030.1028010313,12971.2748524932,89329.372278467,32835.0327146516,607983.916505189,2.56046054346029
2011,"E09000015","Harrow",240499,304343.357896921,160193.079092614,910.047749093871,24514.1822788655,79307.6206594822,33057.7676441454,602326.055321122,2.50448465615708
2012,"E09000015","Harrow",241978,239415.989971034,160413.566651057,927.837080610478,1894.73740536126,97733.4607338961,30625.9616271021,531011.553469061,2.19446211419659
2013,"E09000015","Harrow",243004,232721.771826601,147348.82024003,52,58205.9584380463,62117.1489789435,56578.6575177447,557024.357001366,2.29224357212789
2014,"E09000015","Harrow",245149,227087.513947353,149518.822856482,53,48198.6813269507,63312.7536544145,57521.0337064744,545691.805491675,2.22595974485588
2015,"E09000015","Harrow",246818,192368.691906818,156130.902907489,0,36980.5096072081,64750.8790143684,54502.8211447421,504733.804580625,2.04496351392777
2016,"E09000015","Harrow",248697,196724.933658196,155474.9122284,0,26702.6813477012,61679.3668052543,54012.2826883006,494594.176727852,1.98874203037372
2017,"E09000015","Harrow",248880,206486.544855349,152111.615536361,0,13019,101141.765832774,53077.538769684,525836.464994168,2.11281125439637
2018,"E09000015","Harrow",250149,211359.920299053,148264.568071446,0,0,128380.539541351,47974.33975185,535979.367663701,2.14264045694247
2002,"E06000001","Hartlepool",89993,18870.0538693471,27697.4841791875,NA,51935.7657417762,30656.2836563736,7270.90206000257,136430.489506687,1.51601223991518
2003,"E06000001","Hartlepool",90134,25712.541546812,32309.0323173993,NA,62181.5741677628,28130.2488038623,7738.24642965554,156071.643265492,1.73155128215204
2004,"E06000001","Hartlepool",90317,30822.3138901244,48794.0918028993,NA,67737.6956018644,26708.2872998998,7738.12596682685,181800.514561615,2.01291578065718
2005,"E06000001","Hartlepool",90457,29840.4101690873,50276.3894970379,NA,68230.6370955066,32564.5538382044,8328.56604414446,189240.556643981,2.0920498871727
2006,"E06000001","Hartlepool",90781,85863.1797212557,50464.7024597312,NA,8526.26666859261,44169.0602681997,7466.17630330727,196489.385421087,2.16443292562416
2007,"E06000001","Hartlepool",90969,93133.5618172826,50842.8247713145,NA,7869.2743395736,46888.3267838191,7604.44856651914,206338.436278509,2.26822803678736
2008,"E06000001","Hartlepool",91379,88155.0639294179,51805.152209295,10672,7264.27067761326,52185.4882762723,7866.48486071934,217948.459953318,2.38510445456087
2009,"E06000001","Hartlepool",91530,98302.5710324386,62042.1868860971,0,11541.9589541475,50007.230192843,8076.25412874472,229970.201194271,2.51251175783099
2010,"E06000001","Hartlepool",91773,85990.261465653,70600.1113356426,14497,8047.67354536866,55419.803003284,8281.65761302803,242836.506962976,2.64605610542291
2011,"E06000001","Hartlepool",92088,92096.6967659532,63400.4976786906,2280,14874.7471243748,48124.1481906703,8483.68489032082,229259.77465001,2.489572741834
2012,"E06000001","Hartlepool",92261,92129.9403563434,65111.8033002059,403,1122.72026322858,57967.9706383741,7842.47411585639,224577.908674008,2.43415862253832
2013,"E06000001","Hartlepool",92662,87142.2170596072,53443.5934538883,118,39447.0472635839,25661.7747327516,15314.8145387399,221127.447048571,2.38638759198561
2014,"E06000001","Hartlepool",92606,79960.2454760284,52657.1626990209,96,32698.4235798988,28926.7046667213,16078.5835237257,210417.119945395,2.27217588434221
2015,"E06000001","Hartlepool",92498,70896.027533357,53028.085377228,57,24115.2463984633,49605.1449898623,15272.8796713264,212974.383970237,2.30247555590647
2016,"E06000001","Hartlepool",92845,69711.5559081689,56122.3262436132,7,19480.4503431481,4806.25737436352,15186.0463847687,165313.636254062,1.78053353712168
2017,"E06000001","Hartlepool",93019,69174.9439492044,49427.7780999136,0,14844.9198180694,26173.2847531573,14978.9917724985,174599.918392843,1.87703499707418
2018,"E06000001","Hartlepool",93242,73191.2330397108,40789.7033456813,0,11739.1242764894,28387.334088403,14973.4316262652,169080.82637655,1.81335477978325
2002,"E09000016","Havering",225054,52073.0667177288,37050.2920690105,NA,94707.9107644898,76559.824843754,30993.8532413876,291384.947636371,1.29473347568304
2003,"E09000016","Havering",225248,113490.337560749,42922.6919789902,NA,111906.395808307,71135.4342284603,32970.0869481963,372424.946524703,1.65339957080508
2004,"E09000016","Havering",225769,108861.182343213,75209.97041289,NA,123113.329517553,67836.3853705166,34113.6502464101,409134.517890583,1.81218199970139
2005,"E09000016","Havering",226990,109929.433329012,74983.3513097271,NA,119453.70719652,81036.3758069714,35539.4246263038,420942.292268534,1.85445302554533
2006,"E09000016","Havering",228198,262093.857199377,74947.3269290883,NA,12888.4292394205,66768.6230592308,30072.8821806241,446771.11860774,1.95782223598691
2007,"E09000016","Havering",229789,276375.762951835,85439.1137796935,NA,11785.6436658711,70228.1211809023,30665.8805156007,474494.522093903,2.06491399542146
2008,"E09000016","Havering",231793,261415.196867807,92599.8311394248,8574,10666.5914509442,76623.4606882782,31251.7995987282,481130.879745183,2.07569201721011
2009,"E09000016","Havering",234127,304944.196015663,106153.984929735,9044.17146589641,16597.249144549,71910.2445893621,31942.5627047033,540592.408849908,2.30897081007277
2010,"E09000016","Havering",236234,229307.399324563,123836.110230174,12104.743505392,11369.8298954474,78303.8025396034,32666.7443738413,487588.629869021,2.06400700097793
2011,"E09000016","Havering",237927,305668.777525246,110391.872886243,985.731964784292,21219.0954351728,68648.3500582065,32704.2336237098,539618.061493363,2.26799842595991
2012,"E09000016","Havering",239742,239124.458007287,110542.053186892,922.397066591662,1639.03843752787,84536.469667762,30342.9621387263,467107.378504786,1.94837524716064
2013,"E09000016","Havering",242142,231634.691398691,93147.4200365478,115,51463.2954276695,56915.5279997833,56377.9579293416,489653.892792034,2.02217662690501
2014,"E09000016","Havering",246030,222437.107079125,93952.9048757301,0,44470.6649297761,58294.3583763165,57727.7489314821,476882.78419243,1.93831152376714
2015,"E09000016","Havering",249375,184571.580595653,98522.7459567575,0,35440.7547557209,62059.0601666334,55067.4627578624,435661.604232627,1.74701395181003
2016,"E09000016","Havering",253371,186715.700512618,96489.2300578299,0,25747.2849320595,58655.9983989115,55027.387049371,422635.60095079,1.66805041204712
2017,"E09000016","Havering",256039,184200.435959225,94571.2929714538,0,12284,102349.057529965,54604.3070919765,448009.093552621,1.74976895532564
2018,"E09000016","Havering",257810,182210.594278881,88790.126708116,0,0,116351.601785959,49443.5897462091,436795.912519165,1.69425512012399
2002,"E06000019","Herefordshire",175258,23252.3103778179,32298.6849469933,NA,46952.4100916626,56392.4119775687,9313.36982515792,168209.1872192,0.959780365057233
2003,"E06000019","Herefordshire",175648,31565.8432852462,38291.0881897868,NA,56738.4526648027,55461.190733657,10049.2096402902,192105.784513783,1.09369753435156
2004,"E06000019","Herefordshire",176033,36573.0251273703,42578.0051451943,NA,66398.1578542369,53393.1110193834,10332.5148591875,209274.814005372,1.18883853598685
2005,"E06000019","Herefordshire",176587,41107.2777403506,45505.6735002454,NA,62742.3904946152,63859.7569935574,10606.5715449158,223821.670273684,1.26748667950463
2006,"E06000019","Herefordshire",178103,115965.90010745,46639.6542523202,NA,9105.60685722557,47167.4538149083,9631.3057251889,228509.920757093,1.28302117739226
2007,"E06000019","Herefordshire",179930,125653.46077041,49642.2522883877,NA,8318.84660820553,49571.3319788065,9906.35332366404,243092.244969473,1.35103787567095
2008,"E06000019","Herefordshire",181791,115172.794622932,51839.6513834854,8832,7812.02895901007,56117.0808745647,10097.7599405972,249871.31578059,1.37449772420301
2009,"E06000019","Herefordshire",182367,118743.972428199,58616.4737955263,10274,12390.1738099181,53681.3798422264,10224.6269064336,263930.626782304,1.44724992340886
2010,"E06000019","Herefordshire",182865,122702.204141043,61046.5783319325,14529,8681.10067522421,59785.8193924441,10489.6814541672,277234.383994811,1.51606039425156
2011,"E06000019","Herefordshire",183619,111624.090301982,59309.2001258052,948,16657.2122894019,53890.1616135177,11121.5559951475,253550.220325854,1.38084958705719
2012,"E06000019","Herefordshire",185197,104013.158505937,62502.2133831685,1045,1275.05606570611,65758.5369300501,10322.18685084,244916.151735702,1.3224628462432
2013,"E06000019","Herefordshire",186389,103110.437517812,50719.5002041676,434,44695.1709784691,24698.4684954717,18256.861998061,241914.439193982,1.29790083746349
2014,"E06000019","Herefordshire",187737,92920.7772669135,50986,217,37452.8213308368,33098.2543425032,19355.6178295421,234030.470769796,1.24658682502541
2015,"E06000019","Herefordshire",188522,95228.9730501667,49403,152,28045.3537153518,32151.267865425,18429.4145489007,223410.009179844,1.1850606782224
2016,"E06000019","Herefordshire",189532,97682.0930736547,51123,213,18569.4963448694,30953.0525896383,18291.6109240672,216832.25293223,1.14404033583896
2017,"E06000019","Herefordshire",191041,101992.666685784,47786,201,10855.0257117233,33958.6313074873,18040.2708837863,212833.594588781,1.11407286702216
2018,"E06000019","Herefordshire",192107,110598.000581795,41135,191,5967.32922449896,37329.9677082855,18005.129269394,213226.426783974,1.10993574822351
2002,"E10000015","Hertfordshire",1040387,108593,166898,NA,304798,349444,61640,991373,0.95288868469137
2003,"E10000015","Hertfordshire",1045337,143048,196896,NA,373489,328262,64816,1106511,1.05852084064756
2004,"E10000015","Hertfordshire",1047366,173905,290457,NA,424314,313593,66003,1268272,1.21091576392589
2005,"E10000015","Hertfordshire",1055483,170574,309468,NA,401263,375817,68903,1326025,1.2563205660347
2006,"E10000015","Hertfordshire",1063202,737838,338418,NA,42258,218903,69543,1406960,1.32332331955734
2007,"E10000015","Hertfordshire",1072954,784805,362155,NA,38573,229857,71224,1486614,1.38553376938806
2008,"E10000015","Hertfordshire",1085434,793176,396377,41751,35664,256190,73066,1596224,1.47058595916472
2009,"E10000015","Hertfordshire",1096599,834595,450846,43653,55631,241019,75203,1700947,1.55111120838155
2010,"E10000015","Hertfordshire",1107641,855169,498520,59117,38220,263202,77399,1791627,1.6175159641075
2011,"E10000015","Hertfordshire",1119824,832981,471283,2357,71552,231481,79480,1689134,1.50839239023275
2012,"E10000015","Hertfordshire",1129291,730633,467106,2907,5446,280983,73854,1560929,1.38222034887376
2013,"E10000015","Hertfordshire",1140618,710872,395463,1082,197551,141715,119096,1565779,1.37274617794915
2014,"E10000015","Hertfordshire",1154195,723849,392906,654,171587,125822,123090,1537908,1.33245075572152
2015,"E10000015","Hertfordshire",1165332,730704,399079,397,138309,147417,117931,1533837,1.31622318789838
2016,"E10000015","Hertfordshire",1176386,748163.83265,390865.49125,0,91221,137409,117992,1485651.3239,1.26289442742433
2017,"E10000015","Hertfordshire",1180934,765847.65737,379068.48425,0,48583,142053,116485,1452037.14162,1.22956671720858
2018,"E10000015","Hertfordshire",1184365,773139.772,348472.19911,0,23783,164583,116485,1426462.97111,1.2044116223546
2002,"E09000017","Hillingdon",247063,79621.4003514593,66184.7750337517,NA,112029.012469039,84709.3960266088,34024.8756448539,376569.459525713,1.52418395116109
2003,"E09000017","Hillingdon",248054,146321.922874089,76902.590798393,NA,136556.296179473,77043.549652412,36308.2555576426,473132.615062009,1.90737748660376
2004,"E09000017","Hillingdon",248691,140681.770842746,128347.260974501,NA,151733.120340037,74603.6775606002,37577.1598112672,532942.98952915,2.14299266772481
2005,"E09000017","Hillingdon",251430,159643.029580361,135989.195117867,NA,154204.904975642,89390.5392270444,39365.9523934604,578593.621294375,2.30121155508243
2006,"E09000017","Hillingdon",254387,308536.495490749,127097.330522222,NA,17525.2693578754,90787.9535367029,33524.1775970097,577471.226504559,2.27005006743489
2007,"E09000017","Hillingdon",256981,325470.601193765,148505.032152189,NA,16067.1760958932,95739.0345063926,34294.716634737,620076.560582977,2.4129276506161
2008,"E09000017","Hillingdon",261051,315361.731996563,157626.062127752,10754,14559.4495901966,104585.681539717,35196.548373107,638083.473627336,2.44428664754142
2009,"E09000017","Hillingdon",265665,361875.910996332,177820.87379652,11585.4274752052,22751.7555599594,98573.742852524,36245.3750355362,708853.085716077,2.66822157874043
2010,"E09000017","Hillingdon",269465,373174.026748761,182467.634756953,15985.5543134369,15672.7044785117,107932.432771465,37261.9702189234,732494.32328805,2.71832825520216
2011,"E09000017","Hillingdon",275499,379644.270970955,181425.24908601,1124.1692307561,29391.051458198,95084.5269754414,37868.6893841322,724537.957105492,2.62991138663114
2012,"E09000017","Hillingdon",281179,293777.501719435,174628.568578042,259.083050892947,2247.65030251541,115973.639527958,35587.4387933901,622473.881972234,2.21379933057673
2013,"E09000017","Hillingdon",285996,283166.247647449,153940.780272619,117,69194.3947978119,73641.0922922336,66588.4912818098,646648.006291923,2.26103863792474
2014,"E09000017","Hillingdon",291368,275014.875332196,159481.125748208,58,58627.0605993537,77390.1380375994,68365.7226788118,638936.922396169,2.19288639245274
2015,"E09000017","Hillingdon",296056,230739.857802773,152701.392958291,13,45441.2943637482,82380.9590203221,65375.6501423226,576652.154287457,1.94778067084422
2016,"E09000017","Hillingdon",299899,231933.73586396,149888.040918809,0,35180.2565993729,81062.2895391942,65132.3882714254,563196.711192761,1.87795461536304
2017,"E09000017","Hillingdon",302343,230924.360037046,148025.736758876,0,19513,130388.693966326,64479.3567351437,593331.147497392,1.96244380553673
2018,"E09000017","Hillingdon",304824,229444.45244003,143473.924549051,0,0,162420.450939851,58460.0783553719,593798.906284304,1.94800575507278
2002,"E09000018","Hounslow",216888,63771.1013038266,66336.3476421817,NA,125016.685923772,70958.5309512923,29869.2528984958,355951.918719569,1.64117848253278
2003,"E09000018","Hounslow",216498,123350.749499683,76046.1770851124,NA,142866.121571365,67399.8239522357,31689.328580545,441352.200688942,2.03859712648127
2004,"E09000018","Hounslow",219440,118876.327570085,120632.304547589,NA,154861.536518883,65576.5184622608,33157.3396262208,493104.026725039,2.24710183523988
2005,"E09000018","Hounslow",223776,123721.97179881,124180.739771292,NA,156104.166375649,77059.63999551,35036.2143053692,516102.73224663,2.30633639106352
2006,"E09000018","Hounslow",228126,270404.784628627,137694.844350192,NA,18253.7966269294,94561.1654703813,30063.3937209662,550977.984797096,2.41523537342125
2007,"E09000018","Hounslow",233454,293444.160724292,143056.246018411,NA,16754.7326389525,99837.5171186017,31154.9833538117,584247.639854069,2.50262424226644
2008,"E09000018","Hounslow",237907,278846.916216012,153586.176148059,11630,15052.0164514019,108128.332391255,32076.1277826967,599319.568989426,2.51913381695127
2009,"E09000018","Hounslow",243366,324790.570039461,174188.746780208,12407.1253079284,23525.7470446053,101927.864871351,33203.0637867175,670043.117830271,2.75323224209738
2010,"E09000018","Hounslow",249236,330778.455471969,184673.019528636,17088.5820936439,16191.623922982,111509.171269845,34464.6778226619,694705.530109738,2.78734023218852
2011,"E09000018","Hounslow",254927,359272.039320697,183439.669740177,328.648113020234,29842.4890365629,96546.7902688153,35040.9670402748,704470.603519547,2.76342091469145
2012,"E09000018","Hounslow",258518,287376.158342212,179684.364816214,166.489062663794,2256.89345543472,116402.153146176,32719.3478246584,618605.406647359,2.39289104297325
2013,"E09000018","Hounslow",261275,271723.363162727,167603.302975316,0,71304.1288122851,71602.13263351,60832.697169383,643065.624753221,2.46125968712361
2014,"E09000018","Hounslow",264030,280383.916558989,156799.580637886,0,59968.9564744494,73930.2777795343,61951.2155037158,633033.946954575,2.39758340701653
2015,"E09000018","Hounslow",266412,307243.249861352,160896.025984287,0,45976.1953482952,80510.470135792,58829.6055669078,653455.546896634,2.45280072555528
2016,"E09000018","Hounslow",268270,237280.019720721,147547.928123431,0,36224.9083388533,76141.1419833998,58263.1679384569,555457.166104862,2.07051539905641
2017,"E09000018","Hounslow",269100,236128.338157242,124715.057782203,0,21767,122056.088659593,57389.7688963435,562056.253495382,2.08865200109767
2018,"E09000018","Hounslow",270782,249834.451876355,103312.009436465,0,0,175300.737856582,51931.3995526085,580378.598722011,2.14334261037296
2002,"E06000046","Isle of Wight",133908,19154.5848865383,45557.8715510125,NA,50367.3841656991,43153.6797164968,8116.11978415093,166349.640103897,1.24226812515979
2003,"E06000046","Isle of Wight",134783,26666.8664391373,46004,NA,59438.1285290698,42163.0843433079,8550.19557291232,182822.274884427,1.3564193917959
2004,"E06000046","Isle of Wight",135891,31295.0214915875,50420.3990351596,NA,66335.7502330813,40815.5860443203,8808.0547550241,197674.811559173,1.45465712636726
2005,"E06000046","Isle of Wight",137179,33154.5653629526,54282,NA,66127.2947619797,49175.772679979,9107.38600020733,211847.018805119,1.54431085519736
2006,"E06000046","Isle of Wight",137727,101852.339621592,58533.8785527968,NA,8750.9295248425,45335.3185128161,8492.56148360483,222965.027695652,1.61889119559456
2007,"E06000046","Isle of Wight",138289,107278.015892204,58051,NA,8165.37182052867,48654.8560546896,8677.6186250583,230826.862392481,1.66916285743972
2008,"E06000046","Isle of Wight",138675,99103.500176386,62843,8076,7698.58145614612,55305.0355782742,8848.44136685979,241874.558577666,1.74418286336878
2009,"E06000046","Isle of Wight",138361,107224.008736979,71439,8489,12277.2401208731,53193.2634555102,9020.23641260586,261642.748725969,1.89101516125186
2010,"E06000046","Isle of Wight",138364,106304.176030058,77597,13006,8600.51687149085,59228.1307567045,9191.74574025071,273927.569398504,1.9797604102115
2011,"E06000046","Isle of Wight",138392,98274.3635709715,75761,847,16292.4315271796,52708.464472059,10039.6458873717,253922.905457582,1.83480913244683
2012,"E06000046","Isle of Wight",138826,91501.917328023,73680,614,1244.81088794396,64200.9950878629,9287.99387027113,240529.717174101,1.73259848424719
2013,"E06000046","Isle of Wight",138555,109453.692585896,59695,296,43031,30118,14564.2073680323,257157.899953928,1.85599870054439
2014,"E06000046","Isle of Wight",139332,107075.459693198,57610,291,35956,29252,14878.4952581143,245062.954951313,1.75884186655838
2015,"E06000046","Isle of Wight",139763,109347.081800538,55228,224,26103,31336,14105.9565704848,236344.038371023,1.69103438228303
2016,"E06000046","Isle of Wight",140264,110503.409322836,53120,181,19170,30197,13968.5656817223,227139.975004558,1.61937471485597
2017,"E06000046","Isle of Wight",140984,112600.333357422,51304,165,12718,33962,13788.8362306441,224538.169588066,1.59265001410136
2018,"E06000046","Isle of Wight",141538,116713.643661971,48720,214,0,46605,13798.9683666342,226051.612028605,1.59710898860098
2002,"E06000053","Isles of Scilly",2170,1106.81735409125,422.356874824449,NA,1789.71813645817,715.128953256811,129.740193587684,4163.76151221837,1.91878410701307
2003,"E06000053","Isles of Scilly",2155,873.357083735861,661.378428405386,NA,2077.10079423781,681.539576037516,137.197676407841,4430.57355882442,2.05595060734312
2004,"E06000053","Isles of Scilly",2210,959.754452188895,1245.34029602945,NA,2324.17964758399,654.996046675542,142.701373639283,5326.97181611716,2.41039448693084
2005,"E06000053","Isles of Scilly",2210,1094.22052509651,924.173338362469,NA,2365.79613951618,769.784756740473,147.393582126154,5301.36834184178,2.3988092044533
2006,"E06000053","Isles of Scilly",2264,2834.51341341993,250.713374958514,NA,285.371815223898,1475.8140644725,139.479944541115,4985.89261261597,2.20224938719786
2007,"E06000053","Isles of Scilly",2293,3054.35094643159,473.574266165456,NA,281.363593072044,1678.55072041808,144.187504857687,5632.02703094485,2.45618274354333
2008,"E06000053","Isles of Scilly",2333,3495.36492497199,707.627147852977,197,276.572479313327,1985.49686271085,149.888440802349,6811.94985565149,2.91982419873617
2009,"E06000053","Isles of Scilly",2251,3639.71250591618,1302.65862771185,205,436.05456426983,1888.89086602017,146.698069526542,7619.01463344457,3.38472440401803
2010,"E06000053","Isles of Scilly",2228,3890.8476119403,1742,313,302.584417428984,2085.54489167068,149.183211362542,8483.1601324025,3.80752250107832
2011,"E06000053","Isles of Scilly",2224,3849.76374220374,1032,307,636.70735966736,2058.46561330561,158.256964656965,8042.19367983368,3.61609428050076
2012,"E06000053","Isles of Scilly",2279,4336.14296724493,945.281906214086,294,51.8119825011558,2673.44846076962,149.581999389133,8450.26731611893,3.70788385963972
2013,"E06000053","Isles of Scilly",2265,4961.06628081871,640.614179410441,115,2002,1262,244.831448991624,9225.51190922077,4.0730736906052
2014,"E06000053","Isles of Scilly",2292,4321.2355637766,593.444505900461,96,1947,1357,256.823691606937,8571.503761284,3.73974858694764
2015,"E06000053","Isles of Scilly",2335,3489.48077579306,664.152028745478,113,1901,1436,247.400992674693,7851.03379721323,3.36232710801423
2017,"E06000053","Isles of Scilly",2259,3423.22980385296,1697,2,1862,1458,231.169935783971,8673.39973963693,3.83948638319475
2018,"E06000053","Isles of Scilly",2242,2877.71943040532,883.958095239608,0,1820,1358.86,227.701455308061,7168.23898095299,3.19725199864094
2002,"E09000019","Islington",180118,90901.9181727096,55727.7063766298,NA,167247.617421056,59328.3739067392,24805.3838551292,398010.999732264,2.20972362413676
2003,"E09000019","Islington",180899,161201.033694275,85707.5693471522,NA,184070.120592978,55850.1704409994,26478.6180514001,513307.512126805,2.83753648238412
2004,"E09000019","Islington",180831,140452.80935484,174187.728407059,NA,203352.774331235,54733.6819223892,27323.5275334904,600050.521549014,3.31829454877213
2005,"E09000019","Islington",183477,135773.263382714,164916.983894686,NA,205204.3432455,65029.557398721,28726.6708320205,599650.818753642,3.26826151917484
2006,"E09000019","Islington",185283,280012.004214101,185887.606466324,NA,27414.3241692195,142015.547705429,24417.3648720522,659746.847427126,3.56075218680141
2007,"E09000019","Islington",188636,303924.425995646,183290.763978895,NA,25008.267264992,149020.097163401,25173.9162315901,686417.470634524,3.63884661800782
2008,"E09000019","Islington",192089,245466.478632481,194490.343369907,21830,22378.4851018815,160752.508104864,25898.6549771568,670816.47018629,3.49221699413444
2009,"E09000019","Islington",196704,287115.055948414,219114.908543733,23683.3078843008,34965.5451815868,151488.686865273,26836.8443377567,743204.348761064,3.77828792887315
2010,"E09000019","Islington",200129,276842.645116073,234220.31410489,36431.0842046047,24008.9505411837,165343.148947435,27674.0980756051,764520.240989792,3.82013721644435
2011,"E09000019","Islington",206285,322461.341385063,235380.724059643,1452.93956699125,45749.3155331031,148005.83669679,28354.885460948,781405.042702538,3.78798770003896
2012,"E09000019","Islington",211273,282402.055881735,239105.515704191,1408.06264838877,3471.47854698728,179096.342806505,26739.7812645891,732223.236852395,3.46576816182094
2013,"E09000019","Islington",215855,310188.661641911,213618.215687444,95,117373.674135588,79040.0364926086,50257.5518036443,770573.139761196,3.56986467657083
2014,"E09000019","Islington",221405,292810.85679939,215310.612340003,102,96570.0994137994,101271.385303859,51949.8120236345,758014.765880686,3.42365694487788
2015,"E09000019","Islington",227507,272242.672275297,212198.983813069,56,71065.4955035982,106665.400237916,50238.5293219168,712467.081151797,3.13162707587809
2016,"E09000019","Islington",232055,275608.743229925,208051.594161415,0,57366.6435105401,103512.920296559,50397.9551793291,694937.856377768,2.99471184149347
2017,"E09000019","Islington",235000,271295.424626354,199703.582975911,0,40818,142890.711389834,50117.4124512847,704825.131443385,2.99925587848249
2018,"E09000019","Islington",239142,254862.719016091,190883.462507313,0,0,203332.170382443,45863.3836510916,694941.735556939,2.90597944132331
2002,"E09000020","Kensington and Chelsea",163827,50520.9280887002,70379.5151376549,NA,80548.8340656646,62326.2737595319,22561.8295830192,286337.380634571,1.74780335741099
2003,"E09000020","Kensington and Chelsea",165268,108686.196261922,75388.9327407291,NA,99567.7250961045,50514.2954435519,24190.6713034278,358347.820845736,2.16828315733073
2004,"E09000020","Kensington and Chelsea",165752,99267.2682072401,115303.553405815,NA,105579.915644723,49932.1503835065,25045.0936826711,395127.981323955,2.38385045926417
2005,"E09000020","Kensington and Chelsea",168375,100252.524681759,118501.120343519,NA,100639.517023719,62700.3028172995,26362.1772829372,408455.642149234,2.42586869873339
2006,"E09000020","Kensington and Chelsea",165245,167311.505137325,127471.987785039,NA,18627.959042884,96504.7537420249,21776.6738356043,431692.879542877,2.61244140241991
2007,"E09000020","Kensington and Chelsea",162883,175114.003654916,135143.185625011,NA,17251.6098778796,102798.202051921,21737.118034469,452044.119244197,2.77526886933687
2008,"E09000020","Kensington and Chelsea",162579,156012.618466388,138155.641978742,9777,15424.1580224729,110802.184592458,21919.9299675212,452091.533027582,2.78074986946397
2009,"E09000020","Kensington and Chelsea",161893,179032.842662485,161016.705190899,10465.7139677541,23984.9433416841,103917.180681022,22087.4880041709,500504.873848015,3.09157822665597
2010,"E09000020","Kensington and Chelsea",160463,171932.218240537,174974.448681665,18915.3735876534,16394.3961729183,112903.216932839,22189.0320718428,517308.685687456,3.22385026883117
2011,"E09000020","Kensington and Chelsea",158251,189191.937482258,173530.464760707,2702.014845558,30799.2558713872,99639.9548687675,21752.3764649901,517616.004293668,3.27085455569739
2012,"E09000020","Kensington and Chelsea",156912,155886.990777405,162313.032508536,2608.0534345798,2317.92685182143,119592.915102518,19859.5776923185,462578.496367179,2.94801223849788
2013,"E09000020","Kensington and Chelsea",157141,153883.307544748,153607.956351906,76,73189.1265819206,61764.8251580228,36587.1624376385,479108.378074236,3.04890752937957
2014,"E09000020","Kensington and Chelsea",157830,153141.020454135,150105.693641168,75,59877.036360877,64799.3533005488,37032.7627275365,465030.866484265,2.94640351317408
2015,"E09000020","Kensington and Chelsea",158589,128041.14879308,145173.30869789,46,44441.3014694938,66876.6667018194,35019.9252182722,419598.350880555,2.64582254053279
2016,"E09000020","Kensington and Chelsea",156773,122986.876095861,143499.301124593,0,34553.4391807025,64154.7282482705,34048.129225093,399242.47387452,2.54662776035746
2017,"E09000020","Kensington and Chelsea",155741,172510.642909502,129335.45280958,0,22311,86029.9827087838,33214.1954577682,443401.273885635,2.8470426790995
2018,"E09000020","Kensington and Chelsea",156197,169729.650839904,129155.167784223,0,0,111814.994050508,29955.9380458036,440655.750720439,2.8211537399594
2002,"E10000016","Kent",1338968,226549.944753119,288261.682059865,NA,454669.562843641,449829.072521913,86314.2872309231,1505624.54940946,1.12446641697894
2003,"E10000016","Kent",1349046,257007.43387066,310029.218154549,NA,551821.140860702,422250.327004978,89453.0537787346,1630561.17366962,1.20867722351174
2004,"E10000016","Kent",1361384,285156.376132085,421162.362386171,NA,613218.500979327,405123.546452445,89309.7440383224,1813970.52998835,1.33244590063373
2005,"E10000016","Kent",1375217,273800.663829683,444506.147484046,NA,586061.873375468,487059.622387798,94122.0160767891,1885550.32315378,1.37109294253473
2006,"E10000016","Kent",1389634,980396.216505022,495461.720571696,NA,67360.006576545,348946.876232418,87170.5434650833,1979335.36335076,1.42435732239623
2007,"E10000016","Kent",1407791,1055391.35818804,511395.907162414,NA,61103.6735699065,364102.84384488,89499.1927417101,2081492.97550695,1.47855255183969
2008,"E10000016","Kent",1423308,1030901.67876436,556325.423399614,64459,56139.5799568489,403279.807827624,92635.5693117942,2203741.05926025,1.54832338415877
2009,"E10000016","Kent",1435269,1074212.46049747,645468.570141298,68886,88187.1543321465,382071.073337112,95470.2054203512,2354295.46372838,1.64031652862869
2010,"E10000016","Kent",1451905,1075447.67371167,680379.548289644,91478,61125.7047711973,420943.79797019,98408.0018289522,2427782.72657165,1.67213607403491
2011,"E10000016","Kent",1466466,1022300.47574928,652704.541020278,5095,117012.776631082,378558.235207072,99843.4627917736,2275514.49139949,1.55169945392494
2012,"E10000016","Kent",1480151,954327.472075713,662025.319172948,4515,9005.14213790575,464512.213899253,92701.1467801801,2187086.294066,1.4776102533228
2013,"E10000016","Kent",1493114,965589.853619707,553246.177986997,2651,316175.612586553,214434.972987913,161763.617739623,2213861.23492079,1.48271413630894
2014,"E10000016","Kent",1509301,937815.327747399,552180.989703862,2146,268345.996494275,221399.526435992,166410.546646224,2148298.38702775,1.42337306278055
2015,"E10000016","Kent",1523100,949005.716875496,537628.758230661,1766,201571.449381519,243539.676605816,158530.544365826,2092042.14545932,1.37354221355086
2016,"E10000016","Kent",1540438,957527.455361427,527039.327278055,1393,138474.948650679,232601.585814311,157807.602001766,2014843.91910624,1.30796820067165
2017,"E10000016","Kent",1554636,962501.853090077,500129.272707029,1483,81955.9898310931,246734.468915848,155919.066062965,1948723.65060701,1.25349191103706
2018,"E10000016","Kent",1568623,972870.688526481,465677.986376767,1916,568,340450.257810698,156109.793740299,1937592.72645425,1.23521886804812
2002,"E06000010","Kingston upon Hull",249463,46780.5116415381,56547,NA,147461.70134346,84461.0212497686,17137.4593775807,352387.693612347,1.41258500704452
2003,"E06000010","Kingston upon Hull",250604,66535.7153934087,59498.0852969758,NA,169310.989321813,77228.6171658163,18348.0340051542,390921.441183168,1.55991700524799
2004,"E06000010","Kingston upon Hull",253049,68108.9596064001,107414.186476094,NA,184543.539652192,73183.9562619634,18646.450970423,451897.092967073,1.78580864957804
2005,"E06000010","Kingston upon Hull",255159,73699.9932562267,112588.265987738,NA,181037.789547651,89567.4199322625,19405.9189881343,476299.387712013,1.86667680823335
2006,"E06000010","Kingston upon Hull",255497,213764.028319745,119855.352538067,NA,23703.6879329363,122794.547624237,17434.7755961397,497552.392011126,1.9473903490496
2007,"E06000010","Kingston upon Hull",255761,208159.908320999,121458.73177455,NA,21743.7048928653,129566.647644975,17728.0373682843,498657.030001674,1.94969925047867
2008,"E06000010","Kingston upon Hull",256746,216498.129065349,130004,21743,20176.0480811278,144932.560965853,18600.9492490988,551954.687361429,2.14980832169315
2009,"E06000010","Kingston upon Hull",256079,213552.92229117,148804,30494,32118.2156232477,139154.276193532,19077.028433185,583200.442541135,2.27742392988545
2010,"E06000010","Kingston upon Hull",256174,219256.152641372,173567,27866,22425.8921129774,154434.144464487,19590.7001113341,617139.889330171,2.40906528113771
2011,"E06000010","Kingston upon Hull",256123,218340.566248787,163629,1076,42162.7821309802,136403.181952558,20866.8181313157,582478.348463641,2.27421336023567
2012,"E06000010","Kingston upon Hull",257012,215179.873270999,162288,1198,3215.63214671919,165898.517217269,19381.9637848895,567161.986419876,2.20675293923971
2013,"E06000010","Kingston upon Hull",257188,202986.973812801,139457,480,111808.972469979,76015.2122027596,34689.2015632271,565437.360048767,2.19853710145406
2014,"E06000010","Kingston upon Hull",257414,180058.207436399,135149,435,91549.2612524462,78019.6746575342,36407.8786692759,521619.022015656,2.02638171201122
2015,"E06000010","Kingston upon Hull",258587,162333.090534904,140146,285,66178.7819775454,83572.2842285147,34801.0216460557,487316.17838702,1.88453471515204
2016,"E06000010","Kingston upon Hull",260035,147265.30209462,133519,27,53811.6192645136,84382.3851911847,34687.9879888936,453693.294539212,1.74473934100876
2017,"E06000010","Kingston upon Hull",260673,122809.899763834,127111,0,42072.9251140502,81782.858633721,34275.1912364737,408051.874748079,1.5653783657996
2018,"E06000010","Kingston upon Hull",260645,117307,124372.985543164,0,34038.4415530772,90933.3296158612,34189.4787277984,400841.235439901,1.53788192921368
2002,"E09000021","Kingston upon Thames",149642,35818.9985778246,36456.5574723883,NA,47826.3746772765,50439.5873935546,20608.3081693626,191149.826290407,1.27738085758281
2003,"E09000021","Kingston upon Thames",149683,79219.6477120394,41895.4133554623,NA,58746.0834980771,46771.5118829851,21909.4576851598,248542.114133724,1.66045652568243
2004,"E09000021","Kingston upon Thames",151055,73886.2949831354,63641.1814319907,NA,66733.9665688112,45428.4229462122,22824.3799546062,272514.245884756,1.80407299251766
2005,"E09000021","Kingston upon Thames",152489,73212.4466280064,65732.4218682276,NA,66207.93846729,54284.646594252,23874.9342342854,283312.387792061,1.85792016336956
2006,"E09000021","Kingston upon Thames",153667,155932.963750415,68601.4784889096,NA,8753.42588424977,45345.7264684301,20250.8768089552,298884.47140096,1.94501403294761
2007,"E09000021","Kingston upon Thames",154485,168903.791725532,74457.7172982865,NA,7977.2592105022,47533.288249793,20616.3852553977,319488.441739511,2.06808713946021
2008,"E09000021","Kingston upon Thames",156027,157980.803698234,79806.3672983698,5016,7175.96557841038,51545.5154073246,21036.5478508443,322561.199833183,2.06734218970552
2009,"E09000021","Kingston upon Thames",157307,186532.457998231,89819.7588930015,6061.24050530595,11158.1063063276,48344.3214307568,21461.8079563175,363377.69308994,2.30999061128837
2010,"E09000021","Kingston upon Thames",158648,191702.036478346,100103.070480103,9802.8377441157,7642.92238734875,52635.6959171965,21938.0515142663,383824.614521376,2.41934732566043
2011,"E09000021","Kingston upon Thames",160436,204552.962912737,90039.8689445806,839.831715198917,14610.5399901541,47267.8064487781,22052.7154364721,379363.725447921,2.36457980408338
2012,"E09000021","Kingston upon Thames",163200,147743.384412107,86597.4764542746,778.102990997653,1125.9532873028,58068.666365421,20655.4188295757,314969.002339679,1.9299571221794
2013,"E09000021","Kingston upon Thames",165657,150802.674126678,71083.9101023135,49,33137.1430510256,37052.377662116,38569.9439861773,330695.048928311,1.99626365881496
2014,"E09000021","Kingston upon Thames",168433,144536.396117033,74313.6807581752,37,27694.5427635531,37431.1851578999,39520.619175614,323533.423972275,1.9208434450035
2015,"E09000021","Kingston upon Thames",171609,121389.162805942,71943.693328895,25,21998.2368756872,43472.0685799932,37895.0264317353,296723.188022253,1.72906542210638
2016,"E09000021","Kingston upon Thames",173703,126584.543622278,75175.8842801071,0,15288.9981629844,38206.4537255097,37725.0048846825,292980.884675562,1.68667717123804
2017,"E09000021","Kingston upon Thames",174609,139419.997410992,71279.5281950676,0,5522,66317.6956215642,37238.0905136441,319777.311741268,1.83139077448051
2018,"E09000021","Kingston upon Thames",175470,142466.498156057,70372.8772976732,0,0,74230.773536256,33652.1728899861,320722.321879972,1.82779006029505
2002,"E08000034","Kirklees",392118,61403.8863103141,68917.0363445441,NA,162824.941759201,131477.036751579,29209.4976373371,453832.398802975,1.15738731403041
2003,"E08000034","Kirklees",394486,91060.0990197752,67520.5971409833,NA,200833.463650929,123398.76240999,31928.0083150987,514740.930536777,1.30483953939247
2004,"E08000034","Kirklees",397530,92133.2822297201,108916.538579452,NA,224878.057561021,117939.278956718,32435.9515380465,576303.108864958,1.44970972974356
2005,"E08000034","Kirklees",400724,106535.806977398,109812.18796419,NA,220184.168978804,141315.29382954,33571.0970313336,611418.554781264,1.52578471661609
2006,"E08000034","Kirklees",404266,338859.218875902,110963.642392769,NA,26533.4316911049,137450.75772941,31372.6436456664,645179.694334853,1.59592865671328
2007,"E08000034","Kirklees",407974,362478.058690087,112444.194681338,NA,24306.3935917109,144836.640389964,32157.0605002914,676222.347853391,1.65751334117711
2008,"E08000034","Kirklees",411807,362485.143006339,122807.661889949,21657.559080073,22589.012210286,162270.103645558,33544.3653520777,725353.845184282,1.76139270382554
2009,"E08000034","Kirklees",414785,374992.737509937,144483.597759745,21513.3369305795,35996.7836228225,155957.915490349,34583.7405573426,767528.111870776,1.85042398319798
2010,"E08000034","Kirklees",418339,381958.740341487,165103.276892427,28135.1925365957,25182.1208019142,173416.314025046,35665.7822839286,809461.426881399,1.93494134393733
2011,"E08000034","Kirklees",422970,367431.675895035,154428.721843824,850,46697.487581099,151073.925790989,36584.3240214585,757066.135132405,1.78988139852095
2012,"E08000034","Kirklees",425346,351913.5795023,162181.00217998,786,3560.82540613501,183709.140536371,34043.6201184795,736194.167743266,1.73081248617188
2013,"E08000034","Kirklees",427831,382587.961937561,133321.451913319,250,114741.401065206,47664.0259165821,62638.5869093468,741203.427742015,1.73246779158597
2014,"E08000034","Kirklees",429998,357195.185330696,128527.895056808,247,93612.2360386195,79304.3568102144,63793.5016458444,722680.174882182,1.68065938651385
2015,"E08000034","Kirklees",432855,346361.901811758,127857.325167399,160,69001.5677106291,79101.149971288,60669.1682376297,683151.112898703,1.57824470757807
2016,"E08000034","Kirklees",435236,335679.931496607,119215.528053071,168,51733.1176967571,78336.3664474243,60217.6108390976,645350.554532957,1.48276005324228
2017,"E08000034","Kirklees",437145,341333.679142276,109681.104504266,0,35937.0376262172,78710.7109948484,59369.5296495285,625032.061917136,1.42980489749885
2018,"E08000034","Kirklees",438727,347282.73806902,92105.7458329275,0,2773.93597745725,118629.849564738,59245.940168019,620038.209612162,1.41326658631031
2002,"E08000011","Knowsley",150506,45015.1243112296,57247.7680839703,NA,119204.955189202,50961.4724160465,13914.60819714,286343.928197589,1.90254161427178
2003,"E08000011","Knowsley",149795,49369.975788666,73880.2517570312,NA,137971.308820558,47701.8528757661,14746.3040615328,323669.693303554,2.16075098169868
2004,"E08000011","Knowsley",149216,68470.1422684614,79359.1781901668,NA,150597.232328818,45605.0240931422,14759.7470717498,358791.323952339,2.40450973054055
2005,"E08000011","Knowsley",148900,69496.3478721843,85192.6934385876,NA,151614.050879079,54191.6777548722,15220.1233392355,375714.893283959,2.52326993474788
2006,"E08000011","Knowsley",148788,149037.72947032,86745.5888496835,NA,20074.6222574336,103993.123957423,13643.6448528187,373494.709387678,2.51024752928783
2007,"E08000011","Knowsley",148188,152709.005403757,92008.3440082937,NA,18277.728335387,108908.946521194,13835.3373957492,385739.361664381,2.60304047334724
2008,"E08000011","Knowsley",147822,134979.998572645,95918.8997833755,24211,16338.1338386753,117363.015759306,14184.2347283324,402995.282682334,2.72621993128448
2009,"E08000011","Knowsley",147070,144224.878256482,129376.801132972,26545,25495.1610685025,110459.612897465,14400.8179173328,450502.271272754,3.06318264277388
2010,"E08000011","Knowsley",146398,175377.331286673,125839.984456742,29750,17494.0254305903,120476.9165333,14617.2216073529,483555.479314658,3.3030197087027
2011,"E08000011","Knowsley",145903,180179.281263588,112347.741655743,4732,32304.0227546948,104510.061806818,14557.3316301774,448630.439111021,3.0748541093125
2012,"E08000011","Knowsley",145942,179570.770508898,104856.368519753,369,2438.89595540822,125788.641804501,13365.8376753767,426389.514463937,2.92163677669168
2013,"E08000011","Knowsley",146091,185309.698959974,92013.4161530909,0,84704.7047580833,58591.8913418862,27233.1667537134,447852.877966748,3.06557473059085
2014,"E08000011","Knowsley",146429,151234.612193892,84870,0,70075.4336721806,57706.1567739324,27849.9730938583,391736.175733864,2.6752636139963
2015,"E08000011","Knowsley",147262,182452.424585303,84036,41,51410.9190234004,58534.2337468855,26510.2197363426,402984.797091932,2.73651584992688
2016,"E08000011","Knowsley",148001,148321.594798769,79930,0,42775.9212758343,58996.0944283229,26319.5743564669,356343.184859393,2.40770795372594
2017,"E08000011","Knowsley",148560,172779.641782325,75408,0,1432.72728812662,96593.3398126092,25968.2869514584,372181.995834519,2.50526383841222
2018,"E08000011","Knowsley",149571,158693.729698042,69630,0,1266.51315997512,103792.499086127,26030.3664491784,359413.108393323,2.40295985447261
2002,"E09000022","Lambeth",273041,104426.387117305,103430.790502789,NA,211132.032419095,91608.9777971662,37602.4984354053,548200.686271761,2.00775959021451
2003,"E09000022","Lambeth",272195,189356.203563388,123946.913318747,NA,233363.162962789,84566.3404727933,39841.8313008963,671074.451618613,2.46541799672519
2004,"E09000022","Lambeth",274262,176073.020506866,209327.811273381,NA,258300.601106188,82267.0222771445,41440.9327404601,767409.387904041,2.79808864481423
2005,"E09000022","Lambeth",277620,174285.404348329,218621.009738783,NA,259035.514216036,97069.4741686039,43466.4745792963,792477.877051049,2.85454173709044
2006,"E09000022","Lambeth",280524,346085.937469473,219731.485645013,NA,37363.9303673091,193561.175755562,36968.6202369757,833711.149474333,2.97197797505502
2007,"E09000022","Lambeth",284964,357613.671141369,237311.680982335,NA,34133.1304570771,203393.802180238,38029.1135574272,870481.398318446,3.05470655352411
2008,"E09000022","Lambeth",289126,358119.170124758,244401.968930463,20141,30455.3285381599,218775.19823273,38981.7975986414,910874.463424752,3.15044120357475
2009,"E09000022","Lambeth",294050,411760.30626342,282744.796096087,22042.3579661758,47536.4331108955,205953.385638999,40118.0152793911,1010155.29435497,3.4353181239754
2010,"E09000022","Lambeth",297650,408900.014609573,290319.780548149,40415.8753878778,32615.5164048356,224611.176477192,41159.4286295532,1038021.79205718,3.48739053269673
2011,"E09000022","Lambeth",304481,433741.678305574,305039.644993112,944.532395942815,62206.8333026384,201248.351456845,41852.407494655,1045033.44794877,3.43217950528528
2012,"E09000022","Lambeth",309366,347538.4687012,303861.041303634,199.235857309925,4709.49145024337,242960.688803951,39154.9283188144,938423.854435154,3.03337747016529
2013,"E09000022","Lambeth",312700,384000.49109553,275527.178223639,0,154308.495759646,131613.325038747,72805.9875796232,1018255.47769719,3.25633347520686
2014,"E09000022","Lambeth",316637,378670.460131382,273457.478238981,146,127062.233879484,139056.38289315,74294.7658351326,992687.32097813,3.13509577521935
2015,"E09000022","Lambeth",320736,336515.100954651,270041.181951625,95,93607.9092504497,141419.636313204,70825.5347773664,912504.363247297,2.84503256025921
2016,"E09000022","Lambeth",323063,349378.354243991,263512.36213643,0,75538.3253687515,141456.074356369,70163.1707745991,900048.28688014,2.78598380774072
2017,"E09000022","Lambeth",324048,345087.483866897,247955.107426928,0,53556,183322.433006183,69108.2862553783,899029.310555387,2.7743708048048
2018,"E09000022","Lambeth",325917,421878.645183897,220750.665407983,0,0,270746.732094466,62505.3583620311,975881.401048377,2.99426357338947
2002,"E10000017","Lancashire",1138374,157165.219171368,217823.508117875,NA,417763.837394618,379448.196313437,78073.0460778156,1250273.80707511,1.09829792939325
2003,"E10000017","Lancashire",1144581,194526.551034975,233015.549787486,NA,505403.348786272,360243.427097897,84357.9193355878,1377546.79604222,1.20353805981596
2004,"E10000017","Lancashire",1149463,224699.516534591,298200.50630115,NA,564098.368639576,345170.449062917,86254.7729354599,1518423.61347369,1.32098520219763
2005,"E10000017","Lancashire",1154308,264123.572273132,312710.704994858,NA,549957.508228014,414067.163296511,89466.1418291681,1630325.09062168,1.41238308200383
2006,"E10000017","Lancashire",1159140,840790.651327159,331656.6592332,NA,68716.9178130033,355986.163874679,80739.9400961145,1677890.33234416,1.44753035210946
2007,"E10000017","Lancashire",1161832,889009.21042377,353708.617094586,NA,63590.7643012575,378916.436546255,82502.3538882503,1767727.38225412,1.52149999505446
2008,"E10000017","Lancashire",1163352,873368.773575895,368669.018942581,61769,59453.280562303,427088.799536927,85467.601616621,1875816.47423433,1.6124238186158
2009,"E10000017","Lancashire",1164141,886092.001284314,419628.564104876,69996,94775.0235877367,410612.73984112,87863.6741002233,1968968.00291827,1.6913483872815
2010,"E10000017","Lancashire",1167579,914789.076475093,481688.891237756,89800,66400.0096960265,457268.641506404,90365.915434592,2100312.53434987,1.79886117714508
2011,"E10000017","Lancashire",1171558,922057.483821542,458540.882397462,13398,123555.731643508,399725.077520966,91668.533842927,2008945.70922641,1.71476419368602
2012,"E10000017","Lancashire",1175370,950027.648113203,459977.59532875,10713,9421.57719409716,486014.964533281,84772.7995012493,2000927.58467058,1.70238102441834
2013,"E10000017","Lancashire",1178594,965085.505313496,369390.444171503,5386,318802.880765143,217542.934904221,159137.809031581,2035345.57418595,1.72692680786254
2014,"E10000017","Lancashire",1182605,966833.934002484,392484.733388446,4554,268214.98981861,217931.630854588,163452.086148184,2013471.37421231,1.70257302667612
2015,"E10000017","Lancashire",1188875,979789.841386614,381657.125957669,2816,204318.999238943,230515.727253769,155819.112149628,1954916.80598662,1.64434175669151
2016,"E10000017","Lancashire",1195418,1006782.42538706,340550.488886443,2697,153729.580848771,234376.46538342,155110.138514135,1893246.09901983,1.5837523770094
2017,"E10000017","Lancashire",1201855,1042335.74670351,321106.806896778,3501,105705.832760482,247476.85422575,153224.927336318,1873351.16792284,1.55871645741195
2018,"E10000017","Lancashire",1210053,1057631.17208353,308248.420027533,1274,73578.1514289528,270073.376851098,153466.669740372,1864271.79013149,1.54065300456384
2002,"E08000035","Leeds",716380,127241.007444144,143867.226611644,NA,309191.529089346,241464.640159584,53364.2931909159,875128.696495634,1.22159844844305
2003,"E08000035","Leeds",717592,148325.094502209,135392.232113668,NA,370182.108267968,226815.806576937,58078.8249591831,938794.066419966,1.30825603744184
2004,"E08000035","Leeds",723042,163745.668412299,226378.370124429,NA,406401.851218866,216776.214779824,58995.6865443418,1072297.79107976,1.48303665773186
2005,"E08000035","Leeds",735054,209372.544020234,238060.739371312,NA,400696.39344423,258338.736962544,61579.9631598554,1168048.37695817,1.58906471763731
2006,"E08000035","Leeds",736204,565432.043306423,270585.193437307,NA,53375.3814535929,276509.856746357,57132.3478662914,1223034.82280997,1.66127163504949
2007,"E08000035","Leeds",738560,663962.276419945,265053.141444917,NA,48794.4974216347,290754.789865069,58214.2945459642,1326778.99969753,1.79644037004107
2008,"E08000035","Leeds",741665,627632.062686638,279797.357302351,51488.0132006556,44222.3608047988,317675.628615547,60413.4503028087,1381228.8729128,1.86233524962456
2009,"E08000035","Leeds",743885,655732.870830863,312981.705231645,49367.8099560112,69392.9799541046,300645.291378759,62023.2791554632,1450143.93650685,1.94941951579457
2010,"E08000035","Leeds",747571,649444.048500919,359114.295573084,69851.9096492925,47874.0389038741,329688.271509512,63734.6853336142,1519707.2494703,2.03286008883477
2011,"E08000035","Leeds",750683,638205.182556476,349108.408879796,2282,90554.1046808098,292955.961617979,64929.4988046446,1438035.15653971,1.91563570313928
2012,"E08000035","Leeds",757566,617403.300073916,358666.89076535,461,6864.89721691064,354128.444474796,60633.6702794337,1398158.20281041,1.84559259894241
2013,"E08000035","Leeds",760894,637245.164199225,312776.323873522,300,219025.122742646,144925.954140237,111402.224120741,1425674.78907637,1.87368383648231
2014,"E08000035","Leeds",765430,648596.353768331,312490.501465896,0,181782.31506435,158831.282478622,113557.411813029,1415257.86459023,1.84897098962704
2015,"E08000035","Leeds",773213,654767.308721338,303979.905230758,0,132250.94615804,165153.816018643,108373.911773047,1364525.88790183,1.76474773173993
2016,"E08000035","Leeds",781087,632488.119328112,289723.435677171,0,100023.932828183,151267.864196251,108068.250322763,1281571.60235248,1.64075397792113
2017,"E08000035","Leeds",784846,659136.517183311,270734.516439066,0,70715.6371450802,162313.041008047,106591.492221835,1269491.20399734,1.61750356630134
2018,"E08000035","Leeds",789194,672512.490119464,258961.759246345,0,4989.8311017863,237355.810142513,106573.200429788,1280393.0910399,1.62240601302075
2002,"E06000016","Leicester City",285295,57193.5245678887,71456.3739775639,NA,162993.583488025,96254.5339082335,16989.7124607475,404887.728402459,1.41918971030848
2003,"E06000016","Leicester City",288648,82626.6576007642,69988.4227027888,NA,195263.991142834,88797.3850441797,18391.6116814817,455068.068172049,1.57655022093362
2004,"E06000016","Leicester City",294127,91871.4283862319,116099.562938341,NA,215857.344795164,85940.7221342096,19000.0769316429,528769.13518559,1.79775789093007
2005,"E06000016","Leicester City",301543,94261.8012789478,114273.445232777,NA,218928.755171375,102787.508043553,20550.4510373918,550801.960764044,1.82661166322562
2006,"E06000016","Leicester City",306548,265409.285568581,119785.281544374,NA,27775.274756481,143888.8255094,19340.6752031124,576199.342581949,1.87963823799845
2007,"E06000016","Leicester City",311303,285430.335445304,129134.964642796,NA,25621.7057330452,152673.772483947,19892.6875941028,612753.465899195,1.96835066125028
2008,"E06000016","Leicester City",315473,262043.377901545,136946.052723932,27371,23626.5274610532,169726.028357558,20450.3711639036,640163.357607991,2.02921757997671
2009,"E06000016","Leicester City",319708,306749.12727491,155685.464640077,25806,37484.1239008185,162401.564538014,21156.0462046469,709282.326558466,2.2185316806538
2010,"E06000016","Leicester City",324912,305174.105075559,187535.562492442,38837,26073.3713744234,179557.30747348,21898.3900387957,759075.736454701,2.33625023530895
2011,"E06000016","Leicester City",329627,311752.113584521,175064.875012152,1272,49885.4019198988,161387.037181347,23444.7930806265,722806.220778545,2.19280041009549
2012,"E06000016","Leicester City",332067,306685.585498539,181023.351430982,1207,3818.90876924352,197020.991543334,21801.2027551702,711557.039997269,2.14281166149382
2013,"E06000016","Leicester City",334631,322085.175543553,149205.984523956,171,136884.316544716,90739.9985996851,37306.0784805374,736392.553692447,2.20061068368575
2014,"E06000016","Leicester City",338491,334281.4232526,149980.11844713,148,111956.639531318,98120.1308139646,38997.4632598454,733483.775304858,2.16692253355291
2015,"E06000016","Leicester City",344036,343760.823396256,143966.686873815,106,80893.9374861479,102992.085847861,37319.4067501549,709038.940354234,2.06094403014288
2016,"E06000016","Leicester City",349513,338014.279309785,140155.544930996,0,64742.0855670354,96493.6928969959,37250.6553528395,676656.258057652,1.93599739654219
2017,"E06000016","Leicester City",353540,337430.344775698,132676.512480313,0,49974.6483226954,104796.557146893,36703.3728695582,661581.435595157,1.87130575209356
2018,"E06000016","Leicester City",355218,330982.223358761,125945.393189429,0,39907.3100642802,110086.457586699,36541.6866398398,643463.070839009,1.81145964123161
2002,"E10000018","Leicestershire",614065,77420.6730183865,67338.1672007318,NA,136369.908864768,203394.576576384,36568.4213961301,521091.7470564,0.848593792279971
2003,"E10000018","Leicestershire",617968,86185.2745774405,73931.1047947568,NA,184722.282304243,193521.504008279,39374.696819593,577734.862504312,0.934894464607086
2004,"E10000018","Leicestershire",622134,94254.1520521408,107342.102020834,NA,214178.522763278,186157.938639582,40188.7411281207,642121.456603956,1.03212725329906
2005,"E10000018","Leicestershire",624852,102951.984515486,117105.285175219,NA,205780.393928375,223302.213419081,42584.2763108955,691724.153349056,1.10702078788106
2006,"E10000018","Leicestershire",629556,388775.142755502,125711.893980551,NA,26178.9981164162,135613.168601316,39719.8419763647,715999.04543015,1.1373079526367
2007,"E10000018","Leicestershire",634555,420359.833170561,135705.800653734,NA,23974.3193237216,142857.214789291,40548.9326356504,763446.100572959,1.20312045539466
2008,"E10000018","Leicestershire",639236,422411.851319358,147502.52584543,22118,22301.0471010001,160204.860742985,41438.1372140534,815976.422222827,1.27648696603888
2009,"E10000018","Leicestershire",642255,445332.203551202,170310.395165002,23466,35329.7401689047,153072.566646321,42499.9576337329,870010.863165162,1.35461905810801
2010,"E10000018","Leicestershire",646292,446384.855337733,183214.575338447,27815,24654.6812069694,169782.818121986,43558.7306561573,895410.660661292,1.38545836968629
2011,"E10000018","Leicestershire",651179,441919.524416553,182502.552714243,1763,44464.8862131979,143852.17372276,46315.2500051552,860817.387071909,1.32193665193735
2012,"E10000018","Leicestershire",656182,465406.517677465,185199.35341568,1717,3413.193039416,176017.658294525,43080.3326626648,874834.05508975,1.33321861174148
2013,"E10000018","Leicestershire",660917,270203.771882219,129738.822289684,1063,110042.112974542,73846.230981314,73681.8210838844,658575.759211643,0.996457587278952
2014,"E10000018","Leicestershire",666682,243265.379191441,129104.894406557,695,93792.6911971602,78108.1072150089,76808.2661016105,621774.338111777,0.932640056446367
2015,"E10000018","Leicestershire",673410,248982.947230152,121989.554534106,481,73289.4036453943,83162.881282215,73048.3487182207,600954.135410088,0.892404531281222
2016,"E10000018","Leicestershire",680466,257290.684323079,117910.936826428,357,49055.6944246947,81005.9896737666,72523.2092806999,578143.514528668,0.849628805155097
2017,"E10000018","Leicestershire",690212,272717.789128031,102464.187464112,406,27091.9532729089,92423.3040602792,71655.5648442707,566758.798769601,0.821137271982523
2018,"E10000018","Leicestershire",698268,273116.927791596,94116.5397293957,522,13379.5484799892,96800.6284483019,71831.6370415566,549767.281490839,0.787329909849569
2002,"E09000023","Lewisham",253662,80251.7774654719,86875.0569677026,NA,194344.112116834,82071.8331312322,34933.6728114891,478476.45249273,1.88627564433273
2003,"E09000023","Lewisham",251936,177798.954216446,95698.8745490253,NA,223256.483903794,79009.6574343895,36876.4731557252,612640.44325938,2.43173045241403
2004,"E09000023","Lewisham",252455,189392.455827132,151092.241590237,NA,245275.219225641,76721.4279228493,38145.8994501347,700627.244015994,2.77525596251211
2005,"E09000023","Lewisham",254930,167235.894129266,174241.136743419,NA,249287.727898184,89713.0822700172,39913.9412308191,720391.782271706,2.82584153403564
2006,"E09000023","Lewisham",257976,336065.62470457,194026.080184132,NA,31852.6505555208,165010.540847545,33997.1509541217,760952.047245889,2.94970093049698
2007,"E09000023","Lewisham",261188,362715.538629693,205474.972487328,NA,29107.5175173813,173443.48108481,34856.1506430191,805597.660362232,3.08435939002646
2008,"E09000023","Lewisham",266508,335159.350157402,217007.126195812,17904,26066.2234252469,187245.85701946,35932.2956580132,819314.852455934,3.07425988133915
2009,"E09000023","Lewisham",270418,398483.641547837,240790.479281454,18583.918178872,40665.1385580076,176180.297587916,36893.8393328426,911597.31448693,3.37106743813995
2010,"E09000023","Lewisham",272525,399683.110050307,261093.454204214,33808.4577190707,27877.1396211249,191980.079773045,37685.1109936804,952127.352361442,3.49372480455533
2011,"E09000023","Lewisham",276938,441126.906025627,261159.541360881,1194.02436824502,53212.6564224569,172151.537237975,38066.4869950991,966911.152410284,3.49143545634865
2012,"E09000023","Lewisham",280705,396001.581779415,267207.459730987,1139.77778852939,4030.4422028942,207901.317629323,35527.4469519366,911808.026083085,3.24827853470043
2013,"E09000023","Lewisham",284956,406751.042240543,242644.297428511,134,132109.258451186,115064.519417145,66346.3479268919,963049.465464277,3.37964270085303
2014,"E09000023","Lewisham",290284,411206.044791916,242938.024830088,126,108290.472375219,120069.121557983,68111.3761363506,950741.039691557,3.27520993127956
2015,"E09000023","Lewisham",294999,401778.122794202,239552.631087709,0,79566.1108979766,124269.284996879,65142.2413878963,910308.391164663,3.08580161683485
2016,"E09000023","Lewisham",298903,383636.593232873,237962.124154314,0,65338.162639163,119546.116439647,64916.075917205,871399.072383202,2.91532394249373
2017,"E09000023","Lewisham",301307,391277.618071885,228349.6187818,0,46159,168334.159296752,64258.4135891883,898378.809739625,2.98160616825903
2018,"E09000023","Lewisham",303536,395594.526721648,210697.983966094,0,0,216976.018989576,58213.06177885,881481.591456168,2.9040429848722
2002,"E10000019","Lincolnshire",655580,79510,119302,NA,207164,210944,34305,651225,0.993357027365081
2003,"E10000019","Lincolnshire",663197,119856,124292,NA,255793,205430,36916,742287,1.11925566611429
2004,"E10000019","Lincolnshire",672415,141745,153834,NA,289373,199097,37928,821977,1.22242513923693
2005,"E10000019","Lincolnshire",677324,143231,162962,NA,284460,240190,40041,870884,1.28577165433382
2006,"E10000019","Lincolnshire",685414,492328,181920,NA,36287,187991,35634,934160,1.36291350920757
2007,"E10000019","Lincolnshire",693739,513547,202459,NA,33931,202183,36693,988813,1.42533863599999
2008,"E10000019","Lincolnshire",700780,501470,209162,34855,32306,232076,38077,1047946,1.49539941208368
2009,"E10000019","Lincolnshire",705599,524062,253833,56593,51936,225017,39402,1150843,1.63101563352556
2010,"E10000019","Lincolnshire",711805,493212,275175,51299,36638,252308,40762,1149394,1.61475966030022
2011,"E10000019","Lincolnshire",714768,418547,263219,2220,69271,224099,42863,1020219,1.42734285810221
2012,"E10000019","Lincolnshire",719184,365623,255292,2576,5274,272023,39819,940607,1.30788087610403
2013,"E10000019","Lincolnshire",724523,349182,208367,1378,180269,124511,64772,928479,1.28150383079626
2014,"E10000019","Lincolnshire",731886,352175,205086,2135,150573,129276,69079,908324,1.24107306329128
2015,"E10000019","Lincolnshire",737350,350333,197134,1060,112885,132863,65898,860173,1.16657354038109
2016,"E10000019","Lincolnshire",744811,355459,197182,790,82726,128431,65562,830150,1.11457806074293
2017,"E10000019","Lincolnshire",751171,378128,181111,1564,55972,139675,64740,821190,1.09321312989985
2018,"E10000019","Lincolnshire",755833,376035,167515,0,0,219949,64740,828239,1.09579629362571
2002,"E08000012","Liverpool",443784,149118.973139507,209470.205236846,NA,329697.223138512,152026.331619223,41028.7994110506,881341.532545139,1.98596959905075
2003,"E08000012","Liverpool",444960,190457.215340464,227260.164703819,NA,384942.405673057,139427.829237297,43803.3008793326,985890.91583397,2.21568436676099
2004,"E08000012","Liverpool",448091,211074.438835092,270881.122931924,NA,411510.829136638,133722.350511475,44323.0606980984,1071511.80211323,2.39128168633877
2005,"E08000012","Liverpool",452278,204607.586265519,309051.41836815,NA,411275.95016446,159770.624322486,46230.536894713,1130936.11601533,2.5005331146227
2006,"E08000012","Liverpool",453055,449802.524028656,320468.991936805,NA,55806.4084256902,289101.465121718,41544.4896012699,1156723.87911414,2.55316435998751
2007,"E08000012","Liverpool",453582,464860.109786534,336147.012227507,NA,50884.7733812555,303206.649978245,42347.9634426451,1197446.50881619,2.63997801680002
2008,"E08000012","Liverpool",454468,429013.275583558,336725.27675685,71703,45593.3386599768,327516.170354212,43608.3992133497,1254159.46056795,2.75962105267686
2009,"E08000012","Liverpool",457523,432800.657092137,364725.440128923,76091,71279.0348034574,308818.923728066,44799.7920445491,1298514.84779713,2.83814113781631
2010,"E08000012","Liverpool",461403,433315.800848816,362414.957207708,101203,49011.0896989757,337521.326973142,46069.1396145946,1329535.31434324,2.88150556962836
2011,"E08000012","Liverpool",465656,425898.003023088,366911.730289621,17785,94253.2738385104,304923.900781448,46460.3799619053,1256232.28789457,2.69776892790938
2012,"E08000012","Liverpool",470191,414174.119844522,376144.174971366,1433,7132.62176185984,367935.230514179,43061.603804409,1209880.75089634,2.57316867165968
2013,"E08000012","Liverpool",471789,439794.234214477,336157.849980153,282,241024.518643252,162828.761855947,87947.2966135333,1268034.66130736,2.68771561292731
2014,"E08000012","Liverpool",474569,452878.428407237,314725,186,196983.515856648,165845.119935589,90260.3574509095,1220878.42165038,2.57260466159902
2015,"E08000012","Liverpool",480873,455026.032300312,299860,130,141812.091758496,162817.724820837,86567.131339207,1146212.98021885,2.38360852079208
2016,"E08000012","Liverpool",487605,463931.651683799,286597,89,115140.293036555,163161.900910956,86712.6306855023,1115632.47631681,2.2879840779254
2017,"E08000012","Liverpool",491549,477326.257178648,276113,118,4740.54702309742,265777.537746017,85922.7617306301,1109998.10367839,2.25816369004594
2018,"E08000012","Liverpool",494814,482158.188156841,269647,123,4189.90608299691,274963.655861117,86114.2182922073,1117195.96839316,2.25780994149956
2002,"E06000032","Luton",185631,30599.5702279431,28651,NA,93967.0511897857,60938.6230361969,11229.7651863619,225386.009640288,1.2141614797113
2003,"E06000032","Luton",185016,39121.8865771954,31930,NA,113554.303578614,58467.1094975538,12138.2993497921,255211.599003156,1.37940285706726
2004,"E06000032","Luton",183563,40218.6647739036,54361,NA,127609.222215931,56329.6579419077,12356.8478487441,290875.392780486,1.58460796990944
2005,"E06000032","Luton",185392,42701.6753515214,59851.6384744005,NA,127502.358915204,66920.8299151269,13087.4789369343,310063.981593188,1.67247767753294
2006,"E06000032","Luton",187312,164573.57219398,64734.6203865814,NA,13583.6719331182,70369.4386693948,12621.2788266149,325882.582009689,1.73978486167298
2007,"E06000032","Luton",189742,177277.170956777,68803.5212300066,NA,12629.4105168086,75255.3977812551,13059.4295326213,347024.930017469,1.8289304951854
2008,"E06000032","Luton",192084,172674.458909172,72196.4434852943,10259,11798.5799433807,84756.0552177612,13431.8434323009,365116.380987909,1.90081621055324
2009,"E06000032","Luton",195449,184454.596700556,90731.8447716064,11306,18746.597201733,81218.0771013643,13461.1070454523,399918.222820712,2.04615128663084
2010,"E06000032","Luton",199583,189384.475892983,97794.8470138585,14116,13137.4454482416,90473.3805921344,13986.7286806293,418892.877627847,2.09884047052027
2011,"E06000032","Luton",203641,186414.290710958,102999.668439943,545,24652.9125606644,79755.9306266964,14490.8906202147,408858.692958477,2.00774251235496
2012,"E06000032","Luton",205498,184632.436836425,104893.472736357,592,1886.79888159011,97325.1462708461,13438.3999051978,402768.254630415,1.95996191997205
2013,"E06000032","Luton",207404,193293.4808629,92887.5040853418,122,66552.682199921,43118.3213180561,22915.2329355986,418889.221401817,2.01967764074858
2014,"E06000032","Luton",210173,202745.492375603,92725.7741013492,74,54344.135723609,41447.338830064,23607.1349230084,414943.875953634,1.9742967743413
2015,"E06000032","Luton",213581,202600.027198459,89249,47,39169.9878735948,48329.1547492405,22480.1255790355,401875.295400329,1.88160602019997
2016,"E06000032","Luton",215914,205687.827146139,87241,83,30326.0273894527,48384.4743423251,22294.5431236101,394016.872001526,1.82487875729006
2017,"E06000032","Luton",214658,207927.414459825,86276.03,0,22235.3658170328,46887.2871471562,21772.3158621727,385098.413286187,1.79400913679521
2018,"E06000032","Luton",214109,212727.330054472,86483,342,16854.5822319964,51548.9813098913,21562.9077999456,389518.801396305,1.81925468521316
2002,"E08000003","Manchester",428221,119685.123395796,171688.242415427,NA,316987.666621222,146142.379327318,34574.1734795384,789077.585239302,1.8426877365643
2003,"E08000003","Manchester",436727,181402.285690481,175294.150864173,NA,374632.255559954,125464.362221815,37736.9714782622,894530.025814686,2.04825904012046
2004,"E08000003","Manchester",444925,241385.669920055,275835.531308143,NA,402843.698289088,128190.183030742,39043.4359498492,1087298.51849788,2.44377933021942
2005,"E08000003","Manchester",455745,262264.282946349,282444.219776877,NA,411483.669831575,156624.234829206,41443.8218641956,1154260.2292482,2.53268873876445
2006,"E08000003","Manchester",463749,506304.435557612,312230.761177031,NA,55563.3239836422,287842.192090649,39647.2655677585,1201587.97837669,2.59103087742872
2007,"E08000003","Manchester",470538,509973.472219667,310794.635770769,NA,51230.2433708058,305270.061227521,40808.9955518681,1218077.40814063,2.58869083504548
2008,"E08000003","Manchester",477408,476440.256124507,301092.388433695,54997.4914345649,46468.2063143343,333807.183973173,42405.014545381,1255210.54082565,2.62921974668555
2009,"E08000003","Manchester",483784,475831.450852383,302325.737639843,61636.2935625094,73135.6733471398,316862.487734641,43796.9505858893,1273588.59372241,2.6325562518033
2010,"E08000003","Manchester",492598,454402.453184093,321255.055734358,87979.3649293853,50516.2776920184,347887.306713662,45419.4342697404,1307459.89252326,2.65421275060649
2011,"E08000003","Manchester",502902,462044.503774132,332869.688023249,15582,96395.1581962519,311853.789131246,46532.2548579608,1265277.39398284,2.51595220138882
2012,"E08000003","Manchester",510501,462997.691651702,342323.71792608,2231,7277.96951554707,375452.985910519,43509.364940547,1233792.7299444,2.41682725390233
2013,"E08000003","Manchester",513665,502675.265999944,293094.736073338,261,242706.252576309,150666.098385818,84665.305934392,1274068.6589698,2.48034936966661
2014,"E08000003","Manchester",518834,455300.837583508,305466.742285238,192,198186.177260512,155874.09083327,86830.4646970118,1201850.31265954,2.31644478322458
2015,"E08000003","Manchester",529809,461729.470949163,283301.554808848,109,144177.206069171,149420.794739103,83889.1775914963,1122627.20415778,2.11892814987624
2016,"E08000003","Manchester",541319,469486.991018914,272597.666814104,54,119498.984074979,171224.169127071,84429.0886486261,1117290.89968369,2.06401567224445
2017,"E08000003","Manchester",545501,451506.188461194,257848.933188128,0,38763.3679242418,353464.049358314,48498.6970597031,1150081.23599158,2.10830270887053
2018,"E08000003","Manchester",547627,435871.848322654,245898.676752108,0,3882.06907137212,354619.228530927,83338.3148690752,1123610.13754614,2.05178002097438
2002,"E09000024","Merton",190561,43981.0976243891,40386.393940844,NA,72512.4574910552,63162.2861182232,26243.5667330155,246285.801907527,1.2924250077798
2003,"E09000024","Merton",189298,96227.7581261308,46330.5593578584,NA,86591.1205148146,59634.4525792863,27707.9997119604,316491.89029005,1.67192411060894
2004,"E09000024","Merton",188908,96455.3908157568,72395.587183175,NA,96437.76628103,58064.8356619977,28543.9606002102,351897.54054217,1.86279850796244
2005,"E09000024","Merton",190583,99673.1803782919,70441.9545207354,NA,97149.5831562377,68984.5370739681,29839.2447400981,366088.499869331,1.92088748665585
2006,"E09000024","Merton",192520,202336.753481424,72120.1401256281,NA,14048.424399746,72774.6528513094,25371.0868518293,386651.057709937,2.00836826153094
2007,"E09000024","Merton",194260,210158.450274148,79175.418470176,NA,12834.0269879416,76474.8403431064,25924.4522103347,404567.188285707,2.08260675530581
2008,"E09000024","Merton",195859,195905.566495109,84564.1959512867,7254,11495.3418653302,82579.7741042459,26406.9502427049,408205.828658677,2.08418213438584
2009,"E09000024","Merton",198136,226192.824648219,102387.860375087,7675.45572516989,17911.5261311355,77600.5727018151,27032.2158660004,458800.455447427,2.31558351560255
2010,"E09000024","Merton",199136,238828.562201552,99859.0344607297,10169.7910406196,12260.6367841201,84437.0291851573,27536.7847457575,473091.838417936,2.37572231247959
2011,"E09000024","Merton",200543,272345.028331603,100175.801028155,890.537065628265,22364.3588237395,72351.2940091831,27565.6193857765,495692.638644085,2.47175238549381
2012,"E09000024","Merton",202047,234963.247091379,108456.397090422,136.12098052759,1693.96393284111,87407.3009567047,25572.0919623731,458229.122014247,2.2679333126166
2013,"E09000024","Merton",203637,234992.367736554,97425.5431977207,177,52338.6223249347,46666.52938892,47412.8330436576,479012.895691787,2.35228811901465
2014,"E09000024","Merton",204598,219379.155793418,107508.04764364,37,44378.8685253925,57756.0532255318,48006.2674303271,477065.392618309,2.33172070410419
2015,"E09000024","Merton",205965,197744.4901044,103132.456645548,40,34552.7696571912,58324.8838585289,45481.5838272606,439276.184092928,2.13277102465433
2016,"E09000024","Merton",206706,196744.72158792,94057.2617686731,0,26551.6868866851,55775.8280270647,44892.6320195574,418022.130289901,2.02230283731435
2017,"E09000024","Merton",206052,199527.582435998,89148.4445272445,56,14963,91737.2500055241,43943.800299626,439376.077268393,2.13235531452445
2018,"E09000024","Merton",206186,196337.086647481,80349.2291129654,0,0,105801.009393893,39542.9812474763,422030.306401816,2.04684268767916
2002,"E06000002","Middlesbrough",140090,30069.2536370255,35595.90268868,NA,87180.6634823311,47767.1906861798,11318.4433187666,211931.453812983,1.5128235692268
2003,"E06000002","Middlesbrough",139050,49144.8337151819,41474.8379938133,NA,96008.3340584843,42765.104313323,11937.8166512482,241330.926732051,1.7355694119529
2004,"E06000002","Middlesbrough",138451,46495.6818140727,67557.117433077,NA,101189.572647162,40557.7743166672,11862.1220615515,267662.26827253,1.93326352480322
2005,"E06000002","Middlesbrough",138517,57812.7336788913,72924.2850853025,NA,101158.097002535,50180.1982489643,12753.551220323,294828.865236016,2.12846701297325
2006,"E06000002","Middlesbrough",138169,124088.426167438,75034.9432057215,NA,14190.1699621371,73508.3432898612,11363.5464871687,298185.429112326,2.15812106270094
2007,"E06000002","Middlesbrough",138190,129421.703091496,74253.0928134634,NA,12982.8217083366,77361.6663177122,11551.833563162,305571.11749417,2.21123900060909
2008,"E06000002","Middlesbrough",137885,118502.52737399,77854.9887980678,18127,11824.9357443472,84944.2421888377,11870.0167983923,323123.710903635,2.34342902348794
2009,"E06000002","Middlesbrough",137273,121746.875454342,90254.2687470251,20464,18621.9103737866,80682.0575031371,12112.4399979807,343881.552076272,2.50509242222631
2010,"E06000002","Middlesbrough",137667,128777.482769355,104405.171915966,23235,12876.1341022988,88674.0569454316,12423.1632246165,370391.008957668,2.69048507599982
2011,"E06000002","Middlesbrough",138368,119691.532817646,97496.639375435,1223,24286.7704164006,78569.734524006,12747.2690350959,334014.946168584,2.41396093149127
2012,"E06000002","Middlesbrough",138726,113850.948557615,101889.093827558,501,1856.31174858985,95765.705431104,11792.1447219984,325655.204286865,2.34747058436678
2013,"E06000002","Middlesbrough",138911,119821.155532657,84286.7374465593,95,63477.7700074647,41745.4640942486,22958.6691674137,332384.796248344,2.39278960088361
2014,"E06000002","Middlesbrough",138991,110384.832710177,85307.2742986374,81,51726.1817786506,43955.734416045,24132.1124176204,315587.135621131,2.27055806218482
2015,"E06000002","Middlesbrough",139310,99976.3095624117,91359.5059258756,57,37054.5810479138,45143.7083022089,23002.2796926689,296593.384531079,2.12901718850821
2016,"E06000002","Middlesbrough",140326,98575.3875208111,89652.9038339304,0,29563.6481647111,44337.3011396945,22952.201464689,285081.442123836,2.03156537009418
2017,"E06000002","Middlesbrough",140639,104873.770744134,81881.9643826009,0,22652.021557891,44718.7412399541,22647.313171421,276773.811096001,1.96797340066412
2018,"E06000002","Middlesbrough",140545,97669.3011440799,80501.6621715427,0,17949.5554518264,49613.3041703804,22569.6676166688,268303.490554498,1.90902195421038
2002,"E06000042","Milton Keynes",215061,25264.0141587093,36091.6615080672,NA,76471.8484249808,69945.4546153002,12506.0143782241,220278.993085282,1.02426285140161
2003,"E06000042","Milton Keynes",217597,34063.4263927454,38930.2558273507,NA,97612.0090791861,65964.7955204874,13600.2625060388,250170.749325808,1.14969760302673
2004,"E06000042","Milton Keynes",219521,34718.3936563428,63136.2607733601,NA,113693.018268085,63820.92425311,13876.3733162362,289244.970267134,1.31761868006767
2005,"E06000042","Milton Keynes",223462,41247.5814276066,69096.7273845493,NA,119718.066770838,77980.8416023482,14506.0428450474,322549.26003039,1.44341883644821
2006,"E06000042","Milton Keynes",227225,173776.985534326,78570.7295120844,NA,13399.6485518321,69413.3019425801,14178.1195992674,349338.785140089,1.5374135114538
2007,"E06000042","Milton Keynes",231033,190971.349401794,90024.9374070181,NA,12419.9129448755,74010.1010554348,14606.8416793687,382033.142488492,1.65358690095567
2008,"E06000042","Milton Keynes",235625,194996.129952866,100094.229165423,9806,11557.8805814171,83023.2228204292,14994.5254414236,414471.987961559,1.75903230965118
2009,"E06000042","Milton Keynes",240178,202937.449504185,122630.819316644,10511,18405.0640762606,79739.0478294355,15572.0154785632,449795.396205088,1.87275852161767
2010,"E06000042","Milton Keynes",245450,211708.807953179,135139,14569,12871.9771573844,88641.6950931563,16179.4667664363,479109.946970156,1.95196556109251
2011,"E06000042","Milton Keynes",249895,188878.382552531,128024.673612073,551,24029.0462152432,77738.7387296469,17371.0499047765,436592.89101427,1.74710534830337
2012,"E06000042","Milton Keynes",252773,183222.409678856,126506.564981807,716,1847.48661977679,95299.3522339207,16191.498609981,423783.312124342,1.67653709899531
2013,"E06000042","Milton Keynes",256376,187413.244659962,111543.281693827,127,63267.2187252642,43508.8919704266,26181.2691164708,432040.90616595,1.68518467471975
2014,"E06000042","Milton Keynes",260225,188010.571754223,110462.064648661,0,51913.1786525844,40237.4281004961,27092.8545169753,417716.09767294,1.60521125054449
2015,"E06000042","Milton Keynes",263181,199870.756450164,107483.236020877,77,38680.693506855,50872.3566845292,25854.574179117,422838.616841543,1.60664568050711
2016,"E06000042","Milton Keynes",266240,209172.63612464,97848.2961485715,0,27976.6054127632,43869.1735927616,25780.2964654716,404647.007744208,1.51985805192386
2017,"E06000042","Milton Keynes",267521,195384.676339671,95142.57446724,0,18483.4905823591,48857.4151092989,25433.6086283541,383301.765126924,1.43279131405356
2018,"E06000042","Milton Keynes",268607,187304.497630621,94945.0985810309,0,12350.5789126784,51069.4506792668,25368.2399284264,371037.865732023,1.38134101394239
2002,"E08000021","Newcastle upon Tyne",267001,60873.5102755359,83684.4914302278,NA,148627.70925605,89963.5926889009,21683.6683475206,404832.971998236,1.51622268080732
2003,"E08000021","Newcastle upon Tyne",266862,105328.198128881,87134.3963243392,NA,174872.06265063,82467.4775818039,23688.9338600904,473491.068545745,1.77429183827501
2004,"E08000021","Newcastle upon Tyne",266884,110377.21695676,134772.863444907,NA,190996.610273679,78881.4502185352,23974.1002213007,539002.241115182,2.01961242005958
2005,"E08000021","Newcastle upon Tyne",269608,113282.406161209,137854.359092864,NA,192257.304702846,96327.7051348381,25172.6728705929,564894.447962351,2.09524364248224
2006,"E08000021","Newcastle upon Tyne",270258,219915.706115675,138540.053161224,NA,29305.9211044882,151817.872651953,20498.2922295928,560077.845262933,2.07238211362081
2007,"E08000021","Newcastle upon Tyne",271577,235149.921118014,144541.699929904,NA,26781.1219538676,159579.679499935,20924.4922969082,586976.914798629,2.16136460303571
2008,"E08000021","Newcastle upon Tyne",271649,225244.023887335,151648.489536365,21276,24028.9335874587,172612.85990882,21142.7976141353,615953.104534113,2.26745949565105
2009,"E08000021","Newcastle upon Tyne",273422,236396.362355164,162767.234022909,25201.1154527305,37543.8519224524,162658.488698043,21600.5256332467,646167.578084546,2.36326110585303
2010,"E08000021","Newcastle upon Tyne",276681,235493.079317827,169140.798162046,38149,25831.3739309409,177888.750335216,22258.8048318353,668761.806577865,2.41708612654235
2011,"E08000021","Newcastle upon Tyne",279092,238695.926150029,175085.086316784,118,48258.3586736559,156123.853533596,24420.2233425489,642701.448016614,2.3028300632645
2012,"E08000021","Newcastle upon Tyne",281893,228441.586487614,175426.846803022,0,3662.34116331933,188912.201242792,22760.8863923133,619203.862089061,2.19659183480633
2013,"E08000021","Newcastle upon Tyne",285821,229840.236498999,149912.003296131,140,123941.183969569,70032.2307976476,47859.057746678,621724.712309025,2.17522404690007
2014,"E08000021","Newcastle upon Tyne",288340,235557.579532173,152279.219320905,144,102977.61775372,88297.0820526039,47911.2398303123,627166.738489714,2.17509446656626
2015,"E08000021","Newcastle upon Tyne",290764,237498.866581716,144091.293292524,78,76387.0781261574,90403.0481338592,45914.8337381191,594373.119872376,2.04417713290633
2016,"E08000021","Newcastle upon Tyne",293713,239113.671518974,140678.986795244,66,61199.6822766347,80657.9287768207,45905.4146195513,567621.683987225,1.93257255888308
2017,"E08000021","Newcastle upon Tyne",295842,234935.279967,118914.188573686,0,47316.3405498531,82605.5438719193,45466.6466524181,529237.999614876,1.78892111199517
2018,"E08000021","Newcastle upon Tyne",300196,232993.642162285,104991.897886741,0,37935.3227898283,96600.2511758924,45879.9737094488,518401.087724196,1.72687540048567
2002,"E09000025","Newham",255282,109312.786788216,147557.621255171,NA,266027.976706837,80216.6129629476,35156.7750102994,638271.772723471,2.5002615645579
2003,"E09000025","Newham",256224,203363.339941599,162278.018990734,NA,296087.629952709,77600.3983331839,37504.1179420667,776833.505160292,3.03185300815026
2004,"E09000025","Newham",254434,186018.179414858,243995.01434224,NA,316195.156710926,76830.0387004506,38444.9259499538,861483.315118428,3.38588127026431
2005,"E09000025","Newham",253798,215587.516313655,266629.165909098,NA,323779.912027237,90455.1809201186,39736.7059839934,936188.481154101,3.68871496684017
2006,"E09000025","Newham",257994,422429.410846265,280151.700828856,NA,36199.0587086436,187526.655244758,33999.5230690362,960306.348697558,3.72220419349891
2007,"E09000025","Newham",266285,457812.032153974,292001.228700354,NA,33560.3362065481,199977.029268836,35536.3572368422,1018886.98356655,3.82630258394785
2008,"E09000025","Newham",276478,460213.594278592,258849.24031686,32399,30685.0303036509,220425.950391831,37276.5141719429,1039849.32946288,3.76105632080266
2009,"E09000025","Newham",286447,481825.87716965,301054.677538975,36966.5730261423,48657.4693124186,210810.710349037,39080.7179824375,1118396.02537866,3.90437332343736
2010,"E09000025","Newham",299171,499649.176089507,294713.970214582,42661.3244336193,33917.5679904286,233578.356898565,41369.7544852413,1145890.15011194,3.83021800278752
2011,"E09000025","Newham",310460,540841.826150408,298788.733604269,400.240434195914,62197.630440445,201219.259281506,42674.2503827516,1146121.94029357,3.69168955837652
2012,"E09000025","Newham",316295,484638.992706388,300591.632445495,203.698226333349,4696.1516238201,242234.71925889,40031.8976636069,1072397.09192453,3.39049650460656
2013,"E09000025","Newham",321465,581056.336692851,272146.247578069,0,154452.76987328,74723.7877792797,74846.7438352529,1157225.88575873,3.59985032821219
2014,"E09000025","Newham",328066,516033.478880706,278861.542254852,0,126728.476327488,147296.476385338,76976.4324714693,1145896.40631985,3.4928837682657
2015,"E09000025","Newham",336254,520371.530762348,301198.367105538,0,92553.9073789681,148562.316063243,74252.2491115078,1136938.3704216,3.38118913208945
2016,"E09000025","Newham",344533,429281.767951133,275483.502161314,0,77265.9190692591,147709.87801829,74826.0485307354,1004567.11573073,2.9157355484982
2017,"E09000025","Newham",347996,407477.997430339,289103.49609979,12615,56374,199582.070743901,74215.5704825416,1039368.13475657,2.98672437256914
2018,"E09000025","Newham",352005,382153.334682663,263094.097401906,0,0,284995.977994129,67508.5947349379,997752.004813636,2.83448247841262
2002,"E10000020","Norfolk",803463,100735,123357,NA,224241,267351,46284,761968,0.948354809120022
2003,"E10000020","Norfolk",810127,121780,137413,NA,286211,253091,49982,848477,1.04733825684121
2004,"E10000020","Norfolk",815690,135224,210153,NA,324450,242958,50953,963738,1.18150032487832
2005,"E10000020","Norfolk",822890,146350,226693,NA,313562,292696,53393,1032694,1.25495995819611
2006,"E10000020","Norfolk",829062,542496,240143,NA,44414,230068,45882,1103003,1.33042281518149
2007,"E10000020","Norfolk",834945,584539,268165,NA,42037,250493,47130,1192364,1.42807490313733
2008,"E10000020","Norfolk",841495,558433,294733,42604,39936,286882,48836,1271424,1.51091093827058
2009,"E10000020","Norfolk",846355,591691,333288,48058,64013,277332,50394,1364776,1.61253374765908
2010,"E10000020","Norfolk",852926,584812,363918,57757,45053,310253,51999,1413792,1.65757873484921
2011,"E10000020","Norfolk",859426,601074,345064,7281,83378,269741,57661,1364199,1.58733736237908
2012,"E10000020","Norfolk",864847,576091,350944,6018,6425,331391,53682,1324551,1.53154372970017
2013,"E10000020","Norfolk",870296,539804,293033,4029,240982,162045,87244,1327137,1.52492600218776
2014,"E10000020","Norfolk",877388,524091,280692,1177,205014,167411,93029,1271414,1.44908979835603
2015,"E10000020","Norfolk",884748,516528,268588,1043,160551,171240,88751,1206701,1.36389231736042
2016,"E10000020","Norfolk",891731,501808.29463,245510.77868,848,124271,173414,88298,1134150.07331,1.27185224390539
2017,"E10000020","Norfolk",898390,489464.653,226910.54382,820,88485,180640,87193,1073513.19682,1.19493003797905
2018,"E10000020","Norfolk",903680,460129.276,224218.688,961,65294,192166.145,87193,1029962.109,1.13974206466891
2002,"E06000012","North East Lincolnshire",158003,24189.7376681029,37487,NA,77072.4393852823,51679.3235651266,10854.3952170698,201282.895835581,1.27391819038614
2003,"E06000012","North East Lincolnshire",158373,39216.5172742666,32831.2137305787,NA,91440.6066657498,50061.7959904942,11595.3184685731,225145.452129662,1.42161512460876
2004,"E06000012","North East Lincolnshire",158542,41464.0143052053,51820.5269504838,NA,99258.98822575,47728.3572971409,11682.5027158883,251954.389494468,1.58919648733123
2005,"E06000012","North East Lincolnshire",158725,38641.8304609855,53282.4095873699,NA,98025.539992518,56779.6233044822,12071.7062356868,258801.109581042,1.63049998160997
2006,"E06000012","North East Lincolnshire",158610,142409.071870882,58148.6346534905,NA,11526.6534285844,59713.3308676041,10823.3355276332,282621.026348194,1.78186133502424
2007,"E06000012","North East Lincolnshire",158589,144645.496478036,60028.4142867527,NA,10718.7229806523,63873.4079135169,10992.5739975948,290258.615656552,1.83025692612068
2008,"E06000012","North East Lincolnshire",158708,129551.436788513,61243,18018,10005.5243737376,71877.2842333224,11498.2101120406,302193.455507613,1.90408457990532
2009,"E06000012","North East Lincolnshire",158689,132584.357813267,70097,20756,15972.6700394705,69202.3830375605,11821.7993862585,320434.210276556,2.01925911863176
2010,"E06000012","North East Lincolnshire",158951,117043.903063928,85239,21876,11185.7903465998,77033.7176363515,12155.6495717624,324534.060618642,2.0417239313917
2011,"E06000012","North East Lincolnshire",159735,99811.276565361,76509,1172,20840.6019049134,67423.6503054855,13013.9081386901,278770.43691445,1.74520572770182
2012,"E06000012","North East Lincolnshire",159788,76490.7186521499,77384,608,1578.13467643521,81422.3611392191,12050.0413570569,249533.255824861,1.56165203785554
2013,"E06000012","North East Lincolnshire",159963,68634.2794610056,64257,498,55085.664374758,37528.5316989519,21575.6129743942,247579.08850911,1.54772721510043
2014,"E06000012","North East Lincolnshire",160019,60477.9259044386,80586,154,45860.2942044923,43060.4275215178,22632.6164729924,252771.264103441,1.57963281924922
2015,"E06000012","North East Lincolnshire",159971,55167.4375895118,65598,114,33482.7749257694,30497.9761910681,21529.1342323519,206389.322938701,1.29016711115578
2016,"E06000012","North East Lincolnshire",159828,50821.9572718245,60828,0,26162.1607045539,39826.6727145833,21320.6366231041,198959.427314066,1.24483461792718
2017,"E06000012","North East Lincolnshire",159826,54638.2582340884,55330,0,19306.5556205598,38965.0021444227,21015.0906099237,189254.906608995,1.18413090866939
2018,"E06000012","North East Lincolnshire",159821,58351,49310.2844922942,0,14753.8402173622,46531.7520172516,20964.1338976595,189911.010624568,1.18827319704274
2002,"E06000013","North Lincolnshire",154240,22197.6437531451,20719,NA,61801.5443300819,50764.5284373406,10595.8869026591,166078.603423227,1.07675443090785
2003,"E06000013","North Lincolnshire",156196,30331.8396896652,24463.1695545419,NA,75829.1496389122,48516.3513384936,11435.9288737174,190576.43909533,1.22011088053043
2004,"E06000013","North Lincolnshire",158211,29606.0182742796,39271.4966214819,NA,84327.3694300825,46532.8530883801,11658.1122805528,211395.849694777,1.33616404481848
2005,"E06000013","North Lincolnshire",159679,35094.6811288688,40514.4180595472,NA,82137.7449832432,56006.5799378574,12144.2619625657,225897.686072082,1.41469877737262
2006,"E06000013","North Lincolnshire",161163,123849.083562997,40612.8380219437,NA,10182.9123290521,52753.1614060631,10997.5488534138,238395.54417347,1.47922007019893
2007,"E06000013","North Lincolnshire",162801,129154.119277634,41693.5580859809,NA,9412.11815430565,56086.4967225247,11284.5281790189,247630.820419464,1.52106449235241
2008,"E06000013","North Lincolnshire",164519,123239.668309154,44814,8823,8841.22982737438,63512.2910173524,11919.2103071226,261149.399461004,1.58735100177489
2009,"E06000013","North Lincolnshire",165572,124143.39172128,53175,9316,14164.1876927525,61367.2124614495,12334.559849653,274500.351725135,1.65789113935409
2010,"E06000013","North Lincolnshire",166539,132310.125437169,65722,11952,9946.29904519247,68494.6417980406,12735.9357539855,301161.002034388,1.8083512092326
2011,"E06000013","North Lincolnshire",167516,122822.610849989,59685,0,18407.036796591,59548.1375626738,13647.8407096804,274110.625918934,1.636325043094
2012,"E06000013","North Lincolnshire",168351,102135.746412798,61718,202,1409.18240989651,72704.9675892349,12695.8001383201,250865.696550249,1.49013487624219
2013,"E06000013","North Lincolnshire",168716,95654.8801569301,50780,269,46630.0421763262,32136.1476974073,22756.2068640116,248226.276894675,1.47126696279354
2014,"E06000013","North Lincolnshire",169213,96105.6850440746,50291,231,38874.4208951734,35363.3169323554,23932.9887778605,244798.411649464,1.4466879710747
2015,"E06000013","North Lincolnshire",169843,100233.639969216,50289,0,28997.514416472,37330.6425428333,22857.7226211335,239708.519549655,1.41135354150395
2016,"E06000013","North Lincolnshire",170807,100958.109115603,49510,0,22538.4815956074,37508.1411477327,22785.2064699712,233299.938328914,1.36586871924988
2017,"E06000013","North Lincolnshire",171294,109052.862506475,42972.47668,0,15952.8126867229,44943.7318748685,22522.9870667868,235444.870814853,1.37450740139674
2018,"E06000013","North Lincolnshire",172005,109550.71946,36674.5261093722,0,1461.35555770128,45491.0248636122,22562.3406878128,215739.966678499,1.25426567064038
2002,"E06000024","North Somerset",189718,22874.7947124271,33062.9475775568,NA,43016.1915276981,63539.9229508339,11511.5004142894,174005.357182805,0.917178956044262
2003,"E06000024","North Somerset",191323,31709.8220626279,35826.5474937446,NA,59726.3498022668,59883.4228111515,12360.5918021555,199506.733971946,1.04277443889102
2004,"E06000024","North Somerset",192776,35030.0221347735,53683.526293343,NA,68308.3877309915,57330.3606869915,12563.6107664158,226915.907612515,1.17709625478543
2005,"E06000024","North Somerset",194745,37278.2862877644,56707.9725277112,NA,68495.9104514656,69093.2981345892,13338.067639976,244913.535041506,1.25761141514034
2006,"E06000024","North Somerset",197028,130842.163501156,60232.0672650346,NA,8810.925842137,45645.6451346289,12573.3057572765,258104.107500233,1.3099869434813
2007,"E06000024","North Somerset",199498,137799.406544164,62651.6469922377,NA,8051.75607615448,47978.9338059808,12942.1510214842,269423.894440022,1.35050925041866
2008,"E06000024","North Somerset",200853,136640.146787608,67979.9818345891,10595,7583.31552408899,54471.2466227393,13363.4430623354,290633.133831361,1.44699423872863
2009,"E06000024","North Somerset",201711,142767.850947287,79235.5617878704,11056,12029.37602916,52119.147702246,13780.6700464381,310988.606513001,1.54175333280288
2010,"E06000024","North Somerset",202967,144581.992317338,83530,15447,8401.58549498949,57859.0210617277,14215.3397505467,324034.938624602,1.59649075280515
2011,"E06000024","North Somerset",203091,131432.246380159,82327.4440204508,818,16443.4551382488,53196.2099457912,15333.3165478451,299550.672032495,1.47495788603382
2012,"E06000024","North Somerset",204454,117972.555671533,80258.8084615704,936,1270.89402721832,65584.9399203479,14256.7712883559,280279.969369025,1.37087055948539
2013,"E06000024","North Somerset",206182,119480.089665868,66792,483,44436.9227139771,29254.0627075177,22414.5571156141,282860.632202976,1.37189780001638
2014,"E06000024","North Somerset",208185,127309.290554633,66062,293,36960.9277973141,28909.0655282369,23505.9654345748,283040.249314759,1.35956120428829
2015,"E06000024","North Somerset",209941,130153.174508304,64623.8162802065,218,28394.8486816467,30266.5282056095,22333.0035855703,275989.371261337,1.31460444249259
2016,"E06000024","North Somerset",211747,118231.945002729,62383.4041028487,0,20817.4195579386,32544.579456501,22174.2803488509,256151.628468868,1.20970605708165
2017,"E06000024","North Somerset",212834,94395.1003014478,58338.2828754928,188,12949.7764353289,37050.0337675942,21843.9805060337,224765.173885897,1.05605858972672
2018,"E06000024","North Somerset",213919,76990.6198890627,50740.1247083652,223,7971.81494938693,39845.2320293662,21743.8376164859,197514.629192667,0.923315036030773
2002,"E08000022","North Tyneside",192739,36948.2366770032,44790.0784108325,NA,90634.8379043594,64589.9463832198,15652.7074941022,252615.806869517,1.31066264154902
2003,"E08000022","North Tyneside",193037,49044.3414319194,44353.1080793124,NA,106395.721409903,60895.3709144003,17135.6008931593,277824.142728695,1.43922741613626
2004,"E08000022","North Tyneside",193195,55608.5934187184,72389.9998622575,NA,117131.470499631,57898.0784459537,17354.6420626721,320382.784289233,1.65833890260738
2005,"E08000022","North Tyneside",194120,57805.0703985562,71882.0995634655,NA,115803.281374872,68976.9299159327,18124.5336104251,332591.914863252,1.71333152103468
2006,"E08000022","North Tyneside",195365,149290.177453725,74887.8571951338,NA,16328.2252424659,84588.5525188852,14817.873518765,339912.685928975,1.73988527079556
2007,"E08000022","North Tyneside",196470,160468.065896804,77406.6634296282,NA,14941.2891823548,89030.2856256322,15137.6405276351,356983.944662054,1.81698958956611
2008,"E08000022","North Tyneside",197964,160170.045694379,82198.5050435559,14788,13515.8808267569,97094.2843816455,15407.797514015,383174.513460352,1.93557673849969
2009,"E08000022","North Tyneside",199017,155052.722187087,91284.077047704,10345.3694072023,21116.8307819075,91487.9036552233,15722.4795735232,385009.382652647,1.93455525232843
2010,"E08000022","North Tyneside",200164,161988.996879343,99562.1445502502,16889,14519.2563223093,99985.9104025867,16103.0624089094,409048.370563399,2.04356612859155
2011,"E08000022","North Tyneside",201206,167331.648420388,99842.5041758805,321,27002.7973617718,87357.4186507702,17605.2895026045,399460.658111415,1.98533174016388
2012,"E08000022","North Tyneside",201444,164638.112980496,102748.187317131,542,2042.58380060413,105360.033995711,16265.1928157604,391596.110909702,1.94394526970127
2013,"E08000022","North Tyneside",202167,168657.024082531,86664.2219408964,137,67135.3178617943,45717.0524547462,33851.6838422392,402162.300182207,1.98925789165495
2014,"E08000022","North Tyneside",202857,174696.18187958,88970.0613608267,113,56328.5805114326,43977.8508876502,33707.1872728642,397792.861912353,1.96095210868914
2015,"E08000022","North Tyneside",202725,175932.258631668,87315.020462392,87,42535.8539438351,45670.2588867143,32012.5072896239,383552.899214233,1.89198618430994
2016,"E08000022","North Tyneside",203575,176341.501640973,84428.5010123551,0,33565.9939684859,48279.494022196,31817.4366853873,374432.927329398,1.83928737482204
2017,"E08000022","North Tyneside",204473,184732.520121187,80396.8675145088,0,24568.7948541793,47669.6057494303,31424.5497291118,368792.337968418,1.80362364697744
2018,"E08000022","North Tyneside",205985,189147.825136905,75190.4128276207,0,18657.7753163359,50323.1488343156,31481.3867757758,364800.548890953,1.7710054076314
2002,"E10000023","North Yorkshire",573186,70222.0762398812,98898.0319751507,NA,148802.08453356,191028.595969145,31894.0077852541,540844.796502991,0.943576424586419
2003,"E10000023","North Yorkshire",576130,93605.1207751714,103715.693154758,NA,190168.666855241,180820.292912681,33817.8585167546,602127.632214606,1.04512459378023
2004,"E10000023","North Yorkshire",579959,106630.3242817,136114.421617736,NA,213304.72697958,173373.477543758,34382.8696403088,663805.820063084,1.14457370273258
2005,"E10000023","North Yorkshire",584001,112397.273937958,144164.882985956,NA,202775.927961772,207926.022649133,35706.4071715779,702970.514706396,1.20371457361613
2006,"E10000023","North Yorkshire",587299,399234.411445156,153236.804020735,NA,24710.5187420454,128008.161923079,30772.3020240224,735962.198155038,1.2531303444328
2007,"E10000023","North Yorkshire",591247,419260.016191709,157887.536559383,NA,22998.97693136,137045.306951065,31524.6644067927,768716.50104031,1.30016135564377
2008,"E10000023","North Yorkshire",594979,407907.014121594,169038.805317742,27766,21518.6049466304,154574.720742173,32555.6790239097,813360.824152049,1.36704123028216
2009,"E10000023","North Yorkshire",596396,426413.814258222,194236.366876523,30934,34126.3886312523,147851.716686486,33514.2624005761,867076.548853059,1.45386043644334
2010,"E10000023","North Yorkshire",599028,431952.138970253,220661.706386365,41178,23977.5465219658,164408.217560049,34465.5071439545,916643.116582588,1.53021747995517
2011,"E10000023","North Yorkshire",601206,415069.219740197,212515.473351949,1644,45540.4888915867,147329.217676338,35549.8980211242,857648.297681195,1.42654647106182
2012,"E10000023","North Yorkshire",603508,412744.67452355,205566.463609252,1262,3499.50550944806,180520.220838651,32965.1426429661,836558.007123868,1.38615893596086
2013,"E10000023","North Yorkshire",604724,426060.495185521,167906.712058322,831,117567.4556794,83315.7727607931,56851.7923347591,852533.228018794,1.40978897483611
2014,"E10000023","North Yorkshire",604730,424201.235430192,164742.209546453,696,101096.077171245,81283.3098057359,60397.1454284103,832415.977382036,1.37650848706371
2015,"E10000023","North Yorkshire",606017,423998.498664081,161700.657737549,335,76640.6766719923,82228.3221195835,57492.4140953263,802395.569288532,1.32404795457641
2016,"E10000023","North Yorkshire",609538,427738.5926888,152257.104045744,315,48913.6695702657,85094.8475512519,57202.4661378785,771521.67999394,1.26574828803773
2017,"E10000023","North Yorkshire",611633,406943.372620529,139023.41876803,645,25605.2185751089,93475.320890807,56448.375913032,722140.706767507,1.18067649516541
2018,"E10000023","North Yorkshire",614505,401152.56014097,124274.261344345,370,11322.4193399305,103791.504284338,56396.8475178251,697307.592627408,1.13474681675073
2002,"E10000021","Northamptonshire",636780,77372,86286,NA,191882,208134,35505,599179,0.940951348974528
2003,"E10000021","Northamptonshire",642666,100409,92634,NA,247501,199974,39929,680447,1.05878792405386
2004,"E10000021","Northamptonshire",646616,121089,144767,NA,283349,193165,41055,783425,1.21157688643646
2005,"E10000021","Northamptonshire",654450,123652,158326,NA,276222,232045,42630,832875,1.2726335090534
2006,"E10000021","Northamptonshire",663603,464868,174033,NA,33506,173575,39657,885639,1.33459161577027
2007,"E10000021","Northamptonshire",672062,486238,188312,NA,30614,182421,40695,928280,1.38124161163702
2008,"E10000021","Northamptonshire",678201,517673,197488,28946,28201,202593,42075,1016976,1.49952005378936
2009,"E10000021","Northamptonshire",683464,524002,234317,30258,44531,192928,43450,1069486,1.5648022426931
2010,"E10000021","Northamptonshire",688011,508190,263505,40255,30976,213318,44859,1101103,1.60041481894912
2011,"E10000021","Northamptonshire",693967,500805,245245,2152,57227,185141,48560,1039130,1.49737667641257
2012,"E10000021","Northamptonshire",700331,454542,245611,1502,4366,225207,45234,976462,1.39428641599472
2013,"E10000021","Northamptonshire",705655,372735,201213,722,147493,109544,74040,905747,1.28355499500464
2014,"E10000021","Northamptonshire",713351,345787,199741,535,124272,110117,78029,858481,1.20344823235686
2015,"E10000021","Northamptonshire",722167,340624.34044,190983.75808,456.568,92623,104308,74381,803376.66652,1.1124527519535
2016,"E10000021","Northamptonshire",732452,364923,178741,0,65423,118437,73995,801519,1.09429559889249
2017,"E10000021","Northamptonshire",741209,336633,171334,377,40729,132303,73053,754429,1.01783572514635
2018,"E10000021","Northamptonshire",747622,354735.24671,160323,371,25042,140218,73053,753742.24671,1.00818628492741
2002,"E06000057","Northumberland",308499,48855.7974485144,60653.1343118136,NA,116350.961086156,102891.541113745,24947.4948770786,353698.928837307,1.14651564133857
2003,"E06000057","Northumberland",309448,57449.4381984702,68054.2154906749,NA,139289.347639968,96870.8051836181,27268.7890838005,388932.595596532,1.25685929654266
2004,"E06000057","Northumberland",310140,63179.3454414194,99558.05190547,NA,157527.063211559,92526.6203743831,27594.774684812,440385.855617643,1.41995826277695
2005,"E06000057","Northumberland",310752,70594.1607676758,100047.822212875,NA,155039.833733096,110494.699277213,28681.6169368766,464858.132927736,1.49591356749992
2006,"E06000057","Northumberland",311375,230053.798975893,94181.1320479365,NA,21988.482468977,113906.490203807,23299.4782393439,483429.381935957,1.55256324989468
2007,"E06000057","Northumberland",312960,244851.2332199,97683.1654324793,NA,20105.4618457937,119798.400588702,23668.4063403279,506106.667427203,1.61716087495911
2008,"E06000057","Northumberland",314057,233066.541112007,107828.722404249,16744.3201170488,18404.4928888715,132206.528788027,23909.0002138282,532159.605524031,1.69446821922145
2009,"E06000057","Northumberland",314489,238289.501861828,119254.02769942,25208.2869177088,29540.3415866703,127984.311308349,24844.8468150848,565121.31618906,1.79695097821883
2010,"E06000057","Northumberland",315463,237961.03460371,133474.745185226,25689,20535.3823030519,141419.362219505,25378.7912746638,584458.315586156,1.85270004909025
2011,"E06000057","Northumberland",316278,230924.082780547,132448.281441603,1372,37134.254635428,120135.991513772,27673.9548189654,549688.565190315,1.73799178314747
2012,"E06000057","Northumberland",316489,219234.779387883,134083.000733759,1105,2825.34312966192,145749.394350265,25554.2712072199,528551.788808789,1.67004789679511
2013,"E06000057","Northumberland",316389,216674.966088618,102346.212090293,425,90493,61911,52977.4908821035,524827.669061015,1.65880504398388
2014,"E06000057","Northumberland",316832,215174.344025467,106690.932440455,487,76539,62147,52645.5363040768,513683.812769999,1.6213129127424
2015,"E06000057","Northumberland",316453,221431.824452391,100793.946806686,384,56995,66395,49971.4093936286,495971.180652705,1.56728228410761
2016,"E06000057","Northumberland",317444,225305.885721812,97017.9560170063,305,41459,65226.61309,49614.4142019211,478928.869030739,1.50870348480595
2017,"E06000057","Northumberland",319030,225783.402535079,92760.5041700065,319,27799,70721,49030.3076693673,466413.214374453,1.46197290027412
2018,"E06000057","Northumberland",320274,218178.907145625,87983.5591472845,375,18990,77570,48948.5626051646,452046.028898074,1.41143529883186
2002,"E10000024","Nottinghamshire",752581,96965.90922341,111641.81540001,NA,229762.220072241,249073.545209157,49726.843758481,737170.333663299,0.979522913365204
2003,"E10000024","Nottinghamshire",756426,134147.216741136,120477.431051975,NA,293842.1503237,237454.623565733,53080.9446002948,839002.366282839,1.10916648328169
2004,"E10000024","Nottinghamshire",760966,153625.772284954,178205.933026456,NA,331359.464054046,227828.716962492,54227.5754754514,945247.4618034,1.24216779961707
2005,"E10000024","Nottinghamshire",764515,163990.769246457,186595.763944122,NA,319530.315386968,272588.779647191,56465.6811461201,999171.309370858,1.30693486638046
2006,"E10000024","Nottinghamshire",767827,555685.583171929,200886.834527823,NA,39767.9708096285,206007.584422064,52065.5232356306,1054413.49616707,1.37324357722127
2007,"E10000024","Nottinghamshire",771330,599316.243631394,212026.436274297,NA,36918.6166188766,220007.707426375,53156.1858302171,1121425.18978116,1.45388509429318
2008,"E10000024","Nottinghamshire",776071,573345.275929977,226337.141397042,36031,34925.6032606149,250892.898024472,55490.487003845,1177022.40561595,1.51664268554804
2009,"E10000024","Nottinghamshire",780105,624224.617169948,258281.371170504,37598,55969.4291547316,242499.392729458,56937.0336669107,1275509.84389155,1.6350489278899
2010,"E10000024","Nottinghamshire",783645,584249.352554647,295722.020433857,54434,39330.7537940812,270854.682009751,58361.1902781803,1302951.99907052,1.66268144257989
2011,"E10000024","Nottinghamshire",786796,569928.733529538,269121.525885788,1925,73189.2715736297,236784.161067943,62651.091826771,1213599.78388367,1.54245799913023
2012,"E10000024","Nottinghamshire",790167,478874.465983998,250162.433824855,1592,5576.98645312799,287718.707973567,58031.7436825865,1081956.33791813,1.36927553025896
2013,"E10000024","Nottinghamshire",796423,451215.404019583,194454.093671641,585,184378.281017632,136817.228835315,98916.9336660404,1066366.94121021,1.3389454362948
2014,"E10000024","Nottinghamshire",801616,439335.588882985,198797.745643597,331,154934.567015621,125061.683691144,102952.973411314,1021413.55864466,1.27419307828768
2015,"E10000024","Nottinghamshire",806217,448434.187702472,196026.475636647,245,114409.455479388,134185.170323503,97810.5603131307,991110.849455141,1.22933509148919
2016,"E10000024","Nottinghamshire",811483,437655.921349378,194675.572725305,0,80837.5357716794,136702.70795732,96969.8553150594,946841.593118741,1.1668039787879
2017,"E10000024","Nottinghamshire",817851,451599.967876135,183075.632276428,0,50104.2970882081,135650,95554.5091956829,915984.406436455,1.11998934578114
2018,"E10000024","Nottinghamshire",823126,445946.907980887,176564.291857095,0,30497.1482773708,148708.280435282,95576.3109942427,897292.939544878,1.09010399324633
2002,"E08000004","Oldham",218455,43882.8083919953,52013.9130632598,NA,125636.26571032,72739.8105416346,17637.8577124255,311910.655419635,1.42780277594761
2003,"E08000004","Oldham",218490,63544.6668754469,51685.471144017,NA,150144.323575814,68891.2028929844,18879.4164278497,353145.080916112,1.61629859909429
2004,"E08000004","Oldham",218988,53742.9248962252,73455.4396788393,NA,165815.233356028,66089.7724437514,19216.8207041312,378320.191078976,1.72758411912514
2005,"E08000004","Oldham",219288,64336.136334439,75902.1758800026,NA,170622.529197307,78687.5475830277,19941.2671756261,409489.656170402,1.86736007519975
2006,"E08000004","Oldham",220033,179201.665467846,97195.4009778256,NA,19574.7885302022,101406.042728463,18811.2681314043,416189.165835741,1.89148521283508
2007,"E08000004","Oldham",220723,227852.823913779,83590.5375447497,NA,18084.4344803913,107759.693783121,19142.9468506157,456430.436572657,2.06788797077177
2008,"E08000004","Oldham",221907,232209.796760467,94588.975310753,17232.1877697273,16767.2291741969,120445.783099434,19710.5401726026,500954.512287181,2.2574975655891
2009,"E08000004","Oldham",222811,249677.441407468,110455.950259354,19529.7687334767,26700.3233863657,115679.518782438,20171.0729519632,542214.075521065,2.43351573989195
2010,"E08000004","Oldham",223807,233967.626575366,106667.34993187,24851.3348851415,18642.1231621273,128382.283260721,20635.868041705,533146.585856931,2.38217118256771
2011,"E08000004","Oldham",225157,212262.355196981,107104.256219404,559,34610.7566424343,111970.21398488,20833.2098640568,487339.791907756,2.16444432954674
2012,"E08000004","Oldham",225734,216451.510837991,108696.855556259,462,2629.9569219698,135650.507230201,19239.0279068786,483129.8584533,2.14026180572399
2013,"E08000004","Oldham",226966,234400.009895444,87169.2547859427,0,88598.6115157438,59007.9738433327,37409.8796427734,506585.729683237,2.23198950364035
2014,"E08000004","Oldham",228182,219986.085872322,91874.6897777133,0,72560.325934033,60628.2986283036,38187.8386834586,483237.23889583,2.11777107263426
2015,"E08000004","Oldham",230197,211869.512465972,85568.283621706,0,53407.3900037654,62975.5684964908,36449.0543083067,450269.808896241,1.95601944810854
2016,"E08000004","Oldham",232349,221907.727480937,81181.6703396523,0,43002.8959556883,63776.3206436607,36239.2864806512,446107.90090059,1.9199906214384
2017,"E08000004","Oldham",233759,217725.884008462,70934.3925769589,0,16610.9431927766,114085.601989639,20782.7427007084,440139.564468545,1.88287751260292
2018,"E08000004","Oldham",235623,208559.157164144,68287.3879435491,0,1670.30617702179,112586.439547616,35857.2965985901,426960.587430922,1.8120497041075
2002,"E10000025","Oxfordshire",609491,74282.617808928,107478.742590304,NA,132283.328741101,209805.603000702,35442.5172829951,559292.80942403,0.917639160256722
2003,"E10000025","Oxfordshire",616031,100372.145067024,107102.077964148,NA,182757.292591626,192236.280308466,38503.2114958275,620971.007427093,1.0080190890184
2004,"E10000025","Oxfordshire",620412,111430.720727111,148753.742566414,NA,212120.790215119,183920.052871924,39217.5168747989,695442.823255368,1.12093709221512
2005,"E10000025","Oxfordshire",627568,100863.28784026,165117.360146863,NA,198455.328806229,222145.81412991,40738.5967018139,727320.387625076,1.15895072346754
2006,"E10000025","Oxfordshire",630873,396816.053366735,172375.952539065,NA,25941.7121714578,134386.715192869,39364.4750619369,768884.908332065,1.21876337762444
2007,"E10000025","Oxfordshire",635094,421005.016504547,181897.032010893,NA,23564.9120807766,140415.119940163,40153.2140842086,807035.294620588,1.27073361521379
2008,"E10000025","Oxfordshire",638784,411882.48405124,193002.773076735,26121,21626.4254865471,155346.169818077,40650.4527939493,848629.305226549,1.32850745357828
2009,"E10000025","Oxfordshire",643095,430760.730842992,238656.479362962,27176,33734.6622196281,146150.262945051,41695.2647377637,918173.400108397,1.42774146915836
2010,"E10000025","Oxfordshire",648688,449340.050181679,249443,40285,23171.2380986175,159572.316057286,42759.9345601385,964571.538897721,1.48695758037411
2011,"E10000025","Oxfordshire",654791,466477.349790543,245193.714828719,2117,43973.8472437041,142259.460461688,45516.7455859401,945538.117910594,1.44403041262112
2012,"E10000025","Oxfordshire",660009,407314.243898974,239517.084946088,2556,3325.76860836417,171565.797742761,42277.2005161745,866556.095712361,1.31294587757494
2013,"E10000025","Oxfordshire",663998,406317.632212632,204684,777,117073,41920,67807.8694214683,838579.501634101,1.26292474018612
2014,"E10000025","Oxfordshire",669377,353338.383987623,201374.190720824,546,98125,84710,69690.9738803319,807784.54858878,1.20677069661608
2015,"E10000025","Oxfordshire",673590,342405.568053827,197110.708342558,422,74728,89713,66172.64400284,770551.920399225,1.14394798081804
2016,"E10000025","Oxfordshire",678484,338506.69201796,185834.202905902,676,47365,84166,65698.3123012282,722246.20722509,1.06449998411914
2017,"E10000025","Oxfordshire",682444,328192.124054228,176023.204314394,1742,23005.36,93874.09,64880.9387179642,687717.717086586,1.00772769206937
2018,"E10000025","Oxfordshire",687524,319070.097904422,166915.414936412,393,7492,107002,64932.3129648574,665804.825805691,0.968409576692145
2002,"E06000031","Peterborough",158794,27420.4983962882,35313.5413690766,NA,71760.0155104429,52153.890537961,9036.33020022015,195684.276013989,1.2323153016738
2003,"E06000031","Peterborough",160778,31344.9336783999,38182.491294973,NA,88336.4995387384,49626.6369069568,10071.752012622,217562.31343169,1.35318459883622
2004,"E06000031","Peterborough",163485,32876.978121231,59486.1670619164,NA,100335.468601358,47824.0358841625,10318.9202837668,250841.569952435,1.53433996973688
2005,"E06000031","Peterborough",167220,31832.5533560359,61412.8566131866,NA,106207.227296034,57446.1653839341,11010.8011096447,267909.603758835,1.60213852265778
2006,"E06000031","Peterborough",169887,151027.147909069,57787.1536841523,NA,11512.2505900943,59635.599624132,9971.64821680151,289933.80002425,1.70662734655535
2007,"E06000031","Peterborough",172443,153539.701937059,76398.6574145682,NA,10653.5319693628,63480.8443271286,10306.3557965051,314379.091444624,1.82308989894994
2008,"E06000031","Peterborough",176027,144002.724931292,68279,9500,9989.17939845656,71755.1168343342,10646.1173106258,314172.138474708,1.78479516480261
2009,"E06000031","Peterborough",178963,156251.131617255,79463,10387,15938.2713878357,69051.9139073944,11059.1335033959,342150.450415881,1.91185021717272
2010,"E06000031","Peterborough",181762,162508.087193926,90480,13996,11148.9867798223,76780.8496022775,11430.5535227656,366344.477098791,2.0155174189258
2011,"E06000031","Peterborough",184457,142404.526036573,88905,717,20887.2306471865,67573.3900087881,12286.7074999163,332773.854192464,1.80407278765492
2012,"E06000031","Peterborough",186596,153925.004849207,95741,672,1592.7243878184,82143.1549481603,11487.3673483454,345561.251533531,1.85192207514379
2013,"E06000031","Peterborough",188371,150753.966188215,82554,155,57016.7763226961,35809.878049258,18487.2502639825,344776.870824152,1.83030758887595
2014,"E06000031","Peterborough",190493,153779.725851087,86013,70,47571.1331861413,41897.5942696859,19210.8205779728,348542.273884887,1.82968546815309
2015,"E06000031","Peterborough",193657,158397.223994559,83819,41,35686.3626782697,43182.3647005859,18392.2685501706,339518.219923585,1.75319363577658
2016,"E06000031","Peterborough",196735,163246.599743258,77617,0,28170.6918912173,43831.8807514471,18574.4348516005,331440.607237522,1.68470585934136
2017,"E06000031","Peterborough",198914,168148.912625425,73044,0,20713.9576214866,44212.4478021038,18411.1754032044,324530.493452219,1.63151157511397
2018,"E06000031","Peterborough",201041,143416.310046965,62215.5184259752,0,15796.4712130934,48252.4069790492,18490.7924490014,288171.499114085,1.43339666592429
2002,"E06000026","Plymouth",242550,36331.1978040706,58722.7603634424,NA,101963.494929922,84255.2200978984,14501.605509075,295774.278704408,1.2194363170662
2003,"E06000026","Plymouth",243390,50043.3436707523,61266.6824545647,NA,122818.42566568,76441.2006551141,15495.3793322063,326065.031778318,1.33968130070388
2004,"E06000026","Plymouth",244037,55373.7444085305,89925.0008244968,NA,135715.486287433,72822.776793068,15757.6538999139,369594.662213442,1.51450256401055
2005,"E06000026","Plymouth",247516,59110.9699811017,93855.4117729072,NA,132429.924247532,87295.7668813343,16507.814422415,389199.88730529,1.5724231455958
2006,"E06000026","Plymouth",249178,186417.293063775,95477.7585447936,NA,17167.6826598444,88935.7056241631,15351.2957689337,403349.735661509,1.61872129827477
2007,"E06000026","Plymouth",251237,196818.749923631,100688.487531012,NA,15617.1077405164,93056.2084548929,15798.1841072528,421978.737757306,1.67960426910569
2008,"E06000026","Plymouth",252488,187978.71228234,106034.097431248,14988,14333.1255441219,102962.433107515,16221.617077284,442517.98544251,1.75262977029605
2009,"E06000026","Plymouth",253116,197956.181779301,122343.506091476,14727,22538.0496912105,97646.1745263904,16495.6146451712,471706.526733549,1.86359821873587
2010,"E06000026","Plymouth",254227,192369.179757551,130089,20182,15600.4953659992,107435.911410081,17022.6213083775,482699.207842009,1.89869371798435
2011,"E06000026","Plymouth",256589,150640.787410419,122004,1212,30265.6275548125,97915.346805863,18258.5415037616,420296.303274856,1.63801372340535
2012,"E06000026","Plymouth",257744,153315.406735225,128798.31179337,1042,2346.18681623906,121022.701395556,16917.008710203,423441.615450593,1.64287671274828
2013,"E06000026","Plymouth",258592,150960.765991872,108493.120036249,1178,79807.2414200047,53070.6704971214,27952.0768466411,421461.874791888,1.62983338537885
2014,"E06000026","Plymouth",260512,144095.514160237,108970.523176763,2352,65140.9632029757,55419.5462258942,29190.9483193309,405169.495085201,1.55528150367431
2015,"E06000026","Plymouth",261386,167813.217898013,106595.018494932,64,46674.9534937449,56972.5459295504,27694.7134352323,405814.449251472,1.5525485268969
2016,"E06000026","Plymouth",262355,151009.037213556,105945,21,35078.5862198747,59167.8570303607,27448.4327862987,378669.91325009,1.44334932915359
2017,"E06000026","Plymouth",263070,132779.171239111,99425,0,24419.2309018931,63115.0073120723,26920.7060675915,346659.115520668,1.31774476573029
2018,"E06000026","Plymouth",263100,127995.356836037,84857.1205266374,0,1094.5214463108,78323.38699649,26720.8978106829,318991.283616158,1.21243361313629
2002,"E06000029","Poole",138998,12999.5028689767,27679.57665574,NA,26029.2865429832,46815.6349877861,7474.8768571118,120998.877912598,0.870508049846744
2003,"E06000029","Poole",138961,21469.71746812,28520.0606867564,NA,35034.5635862364,43879.7292555389,7858.12228966303,136762.193286315,0.984176807063239
2004,"E06000029","Poole",139089,22557.3441165313,40371.2110254031,NA,39701.0712051957,41740.0204813508,7932.17821545841,152301.825043939,1.09499547084197
2005,"E06000029","Poole",139853,23235.256243171,44701.9264015678,NA,35954.2024912061,49661.0064218696,8235.07905455417,161787.470612369,1.15683947153346
2006,"E06000029","Poole",141136,88563.6860994778,46782.3476790896,NA,4724.87396928992,24474.0576763294,7569.30038797434,172114.265812161,1.21949230396328
2007,"E06000029","Poole",142883,93678.6812745751,51589.9124992561,NA,4293.9064925934,25588.0860184546,7750.74882876998,182901.335113649,1.28007765174058
2008,"E06000029","Poole",144226,91963.890716033,55385.5529279759,5429,4037.41647289833,29000.0006559018,7852.83175224787,193668.692525057,1.34281400389012
2009,"E06000029","Poole",145420,97177.93622992,64150.175691122,5617,6300.5694475815,27298.00779587,8097.16969535191,208640.858859845,1.43474665699247
2010,"E06000029","Poole",146754,94071.0946351126,75030,9032,4323.6489065504,29776.1492310423,8309.22743832961,220542.120211035,1.50280142422718
2011,"E06000029","Poole",148075,83092.5704311333,67136,454,8750.96530299005,28311.9360571982,9112.11819335657,196857.589984678,1.32944514593738
2012,"E06000029","Poole",148499,84089.675725638,65219,500,693.789769711132,35770.7598625683,8399.48248625549,194672.707844173,1.31093615340287
2013,"E06000029","Poole",148794,87658.96221739,56548,42,24266.334438057,16005.5844377253,12757.9790695114,197278.860162684,1.32585225320029
2014,"E06000029","Poole",149709,78712.6189500992,53888,32,20618.2846117204,16547.1285437749,13712.8665752669,183510.898680861,1.22578401218939
2015,"E06000029","Poole",150005,75038.3125602439,51742,0,15892.2628700698,16727.5579489197,13031.6136782401,172431.747057474,1.14950666349437
2016,"E06000029","Poole",150711,65891.260837268,49056,13,10764.7271988618,16637.8616828032,0,142362.849718933,0.944608221821453
2017,"E06000029","Poole",151270,59780.4469614146,45860,15,5458.22122325742,18434.6173243808,12889.2437286636,142437.529237716,0.941611219922763
2018,"E06000029","Poole",151397,60288.1574304216,39006.8497166787,0,2180.81582668153,15210.4740144258,12873.68918044,129559.986168648,0.855763232882076
2002,"E06000044","Portsmouth",188476,26951.6824168473,35437.7326406833,NA,84500.432879397,62855.3513923473,11423.4682949311,221168.667624206,1.17345798735227
2003,"E06000044","Portsmouth",190283,37871.819759453,36766,NA,98073.9741873752,59293.7230889479,12070.935238127,244076.452273903,1.28270235530186
2004,"E06000044","Portsmouth",193483,40189.0363324784,65102.1634068466,NA,108116.290320637,57118.9229164084,12540.9987281448,283067.411704515,1.46300921375271
2005,"E06000044","Portsmouth",196318,55300.8668668246,73742,NA,105033.573522769,68271.0084618065,13033.655332002,315381.104183402,1.60648083305353
2006,"E06000044","Portsmouth",195964,145312.291004032,81292.1748715636,NA,14430.2774526262,74757.2032415551,12083.5879571408,327875.534526917,1.67314167156681
2007,"E06000044","Portsmouth",194907,153726.767583113,88524.340933916,NA,13128.6237685656,78231.3910121294,12230.3915232176,345841.514820942,1.77439247857153
2008,"E06000044","Portsmouth",196036,148531.503394214,98501.6224762055,10227,11826.4985248741,84949.9198982668,12508.4770275372,366545.021321097,1.86978423004498
2009,"E06000044","Portsmouth",198983,141711.235238966,111444.646523442,10881,18483.3082707452,80079.5357194302,12972.3961382872,375572.12189087,1.88745833508828
2010,"E06000044","Portsmouth",202700,141062.266004345,120373,0,12722.012144477,87612.6613434317,13465.6909423609,375235.630434614,1.85118712597244
2011,"E06000044","Portsmouth",205433,163373.70826792,120373,989,24248.6282856317,78447.122413826,14903.1343833489,402334.593350727,1.95847109934006
2012,"E06000044","Portsmouth",206517,167075.598865235,126650,963,1855.18435899781,95711.9984465697,13816.7823758286,406072.564046631,1.96629122080328
2013,"E06000044","Portsmouth",206670,178500.077719064,109389,198,65926.5516648495,39865.6240683984,21724.1148767727,415603.368329084,2.0109516055987
2014,"E06000044","Portsmouth",208037,146536.504009293,107819,84,54015.9079354584,39040.4234574418,22215.1230012655,369710.958403459,1.77714040484846
2015,"E06000044","Portsmouth",210538,149972.95891007,108444,58,40209.1060352252,46506.1509738165,21249.1137456747,366439.329664787,1.7404902187006
2016,"E06000044","Portsmouth",213335,150192.995834523,105127,0,31824.1834493921,47259.2860595522,21245.5367001527,355649.00204362,1.66709167292577
2017,"E06000044","Portsmouth",214718,141905.533758566,103112,17,23438.578182669,46410.0470648409,21000.3357669767,335883.494773052,1.56430059321087
2018,"E06000044","Portsmouth",215133,130431.256049532,98447,18,946.972714579679,77685.1251102755,20973.967850465,328502.321724852,1.52697318275138
2002,"E06000038","Reading",143915,21011.3814854885,33849.2325988138,NA,38467.177419807,49063.9260068582,8368.80261526788,150760.520126235,1.04756641160571
2003,"E06000038","Reading",144070,28896.0675027819,35128.1226907329,NA,52071.3947344786,45424.4841640124,9004.67294698459,170524.74203899,1.18362422460603
2004,"E06000038","Reading",144590,28692.9851342257,57455.4701838099,NA,61179.4013557373,43680.6471703227,9139.83089451393,200148.33473861,1.38424742194211
2005,"E06000038","Reading",146940,31388.5184191161,61789.8203540972,NA,59874.392709715,52054.020187907,9538.61477858101,214645.366449416,1.46076879304081
2006,"E06000038","Reading",148321,89366.6577938944,64856.6715750186,NA,9323.7688284222,48299.2778492525,9254.76015879826,221101.136205386,1.49069340285857
2007,"E06000038","Reading",149678,92799.0062421745,66895.8176070417,NA,8476.51135735929,50508.2844204919,9463.2491846816,228142.868811749,1.52422446058705
2008,"E06000038","Reading",151460,93832.4636946795,69861.5021512786,8283,7656.48537219722,55003.6966741673,9638.49686305787,244275.64475538,1.61280631688486
2009,"E06000038","Reading",152326,101876.578748867,85208.2962104238,9070,11948.3423099058,51765.285096943,9876.10368055201,269744.606046692,1.77083758548568
2010,"E06000038","Reading",154296,98826.1313238548,92153,12244,8206.91687441271,56519.4223413528,10170.8168840662,278120.287423686,1.80251132513925
2011,"E06000038","Reading",155339,94079.6403241021,91398.4185606985,907,15251.6778383223,49341.8208773443,10798.14130398,261776.698904447,1.68519624115288
2012,"E06000038","Reading",156795,97761.8042326445,96276.3015445575,0,1155.25774728649,59578.2539077786,10043.5807010716,264815.198133339,1.68892629314289
2013,"E06000038","Reading",158621,98850.6961163325,84765,0,41997.408830462,27441.9499356646,16198.4705609094,269253.525443368,1.69746455666884
2014,"E06000038","Reading",160268,103380.638022016,81837.2845234376,0,34638.9282451294,29656.3766679306,16686.012518884,266199.239977398,1.66096313660492
2015,"E06000038","Reading",161701,99345.9277350218,79163.654079633,0,25535.777194056,32169.2635160609,15885.3051676884,252099.92769246,1.55904989884082
2016,"E06000038","Reading",162701,103070.335427822,76484.0697478543,0,17855.7862895846,31938.1364641233,15754.5072687376,245102.835198121,1.50646176236238
2017,"E06000038","Reading",163075,107995.992011224,74280.3159207274,19.1,11131.6942172391,35479.162111661,15503.7762533365,244410.040514188,1.49875848851258
2018,"E06000038","Reading",163203,108562.26820834,67602.4368267394,14,622.97714293238,43529.0368892795,15413.4957802253,235744.214847517,1.44448456736406
2002,"E09000026","Redbridge",244273,67608.1186574767,82143.3032053348,NA,128571.523452923,78065.16409421,33640.6440802362,390028.753490181,1.59669203510081
2003,"E09000026","Redbridge",247412,138658.857084547,92776.9982770365,NA,145780.948286888,75938.3169898592,36214.2844865532,489369.405124884,1.97795339403458
2004,"E09000026","Redbridge",248774,133853.958817422,133031.781004019,NA,160632.009077418,73898.5904936679,37589.7010944834,539006.04048701,2.16664941065791
2005,"E09000026","Redbridge",251560,133892.326306208,142539.981521102,NA,162143.124112765,88553.0879686406,39386.3062645623,566514.826173279,2.25200678237112
2006,"E09000026","Redbridge",255590,298640.587146201,156182.810277941,NA,18952.5475915805,98181.2657503957,33682.7139437931,605639.924709911,2.36957597992845
2007,"E09000026","Redbridge",259965,328351.462958513,166645.558646141,NA,17307.1268450542,103130.184159352,34692.9384271577,650127.271036218,2.50082615365998
2008,"E09000026","Redbridge",265452,317190.037226979,178719.313907765,10371,15894.4964379254,114177.331583028,35789.9190531276,672142.098208825,2.53206643087573
2009,"E09000026","Redbridge",270435,368804.177042783,193584.953569955,11190.9199339662,25146.6013206768,108950.30251754,36896.1586875774,744573.113072499,2.75324241711501
2010,"E09000026","Redbridge",275088,375480.528778225,199503.121603995,15427.2143950967,17501.4086637776,120528.603389074,38039.5259628642,766480.402793033,2.78630984555136
2011,"E09000026","Redbridge",281395,416929.562873136,202497.878865468,362.770266638405,33177.1027919507,107334.551650838,38679.1235149597,798980.989962992,2.83935745113805
2012,"E09000026","Redbridge",284625,361898.532790767,197933.359900723,644.302321156292,2553.43323773627,131742.722360649,36023.5820120587,730795.93262309,2.56757464250537
2013,"E09000026","Redbridge",288850,355965.469891683,176873.105308277,3,77432.1189644189,78202.9951629102,67252.9885269401,755729.67785423,2.61633954597275
2014,"E09000026","Redbridge",293853,345395.634721465,172983.357096484,0,64720.4275153822,80182.7302440992,68948.7957028118,732230.945280242,2.49182736021154
2015,"E09000026","Redbridge",297928,304172.807742162,173147.742269293,0,48915.8113438092,83399.9919170917,65789.0287499726,675425.382022328,2.26707587746814
2016,"E09000026","Redbridge",301328,305810.454187993,171194.639277667,0,38824.6514479069,81160.4896990864,65442.7400326512,662432.974645305,2.19837842698091
2017,"E09000026","Redbridge",301785,304024.454403254,170424.15635661,0,23224,128989.238837367,64360.35453877,691022.204136001,2.28978313745216
2018,"E09000026","Redbridge",303858,316377.848266333,163703.396611833,0,0,165089.876977145,58274.8159229805,703445.937778292,2.31504827181872
2002,"E06000003","Redcar and Cleveland",138520,27572.9652637645,42276.8468158752,NA,74521.7119392712,45424.8629013464,11191.5966058644,200987.983526122,1.45096725040515
2003,"E06000003","Redcar and Cleveland",138565,42751.7826950319,43285.4234923606,NA,87862.0731306284,44090.3338308206,11896.1780962258,229885.791245067,1.65904659362081
2004,"E06000003","Redcar and Cleveland",138643,41371.5991415626,46650.2451789737,NA,96505.5128639048,42097.15204358,11878.5721228426,238503.081350864,1.72026774774683
2005,"E06000003","Redcar and Cleveland",138177,43548.3760011274,49504.2009300796,NA,95240.0812645325,50202.7280221716,12722.246705968,251217.632923879,1.81808573730707
2006,"E06000003","Redcar and Cleveland",137621,129589.997977759,52225.8363447271,NA,11796.6708694373,61112.9540120721,11318.4768733265,266043.936077322,1.93316380550441
2007,"E06000003","Redcar and Cleveland",136940,132547.089813658,60310.4768787588,NA,10831.5713491542,64540.08919276,11447.3412558029,279676.568490134,2.04232925726694
2008,"E06000003","Redcar and Cleveland",136512,131931.419080234,58474.5507763849,12750,9961.86615898993,71560.884662455,11751.820235574,296430.540913638,2.17146141667866
2009,"E06000003","Redcar and Cleveland",135867,135039.129153986,62223.5285442299,16215,15763.1627031919,68294.8471715394,11988.3799815378,309524.047554485,2.27814000128423
2010,"E06000003","Redcar and Cleveland",135383,132556.90091862,71345.6758954519,16444,10946.4376733096,75385.460396779,12217.0535192766,318895.528403437,2.35550644027269
2011,"E06000003","Redcar and Cleveland",135164,130918.759552529,76119.7295656604,190,19863.4918807988,64260.6785470828,12452.097825073,303804.757371144,2.24767510114486
2012,"E06000003","Redcar and Cleveland",134976,117271.890002686,78424.7073113081,148,1510.11271555197,77905.5050550631,11473.3829707225,286733.598055332,2.12433023689642
2013,"E06000003","Redcar and Cleveland",134960,116425.595846891,61456.3782622516,76,50309.9979570188,30501.740712829,22305.663272413,281075.376051403,2.08265690613073
2014,"E06000003","Redcar and Cleveland",135102,109611.089716675,62445.839632023,59,41182.8405124019,21586.8933101892,23456.8903874737,258342.553558763,1.91220376869893
2015,"E06000003","Redcar and Cleveland",135324,103544.865574789,62846.8891530629,24,29744.9045992957,52224.0539536869,22344.1281826913,270728.841463525,2.00059739191515
2016,"E06000003","Redcar and Cleveland",135496,101070.978289981,67755.4518897584,0,23403.6085809165,28325.2427292451,22162.1901120213,242717.471601922,1.79132573361518
2017,"E06000003","Redcar and Cleveland",136005,100379.397934115,63196.3267006708,0,17010.2685242427,35078.4912743972,21901.0930672083,237565.577500634,1.74674149847898
2018,"E06000003","Redcar and Cleveland",136718,89234.760488216,60870.2627398269,0,12780.0102832744,38625.8778865564,21955.1020471431,223466.013445017,1.63450323618702
2002,"E09000027","Richmond upon Thames",175441,47301.4422275305,45303.1272578105,NA,38291.3879843631,64166.674355546,24161.2795441196,219223.91136937,1.2495591758447
2003,"E09000027","Richmond upon Thames",177182,96561.0168216468,50455.293020233,NA,54652.9848971246,54796.9775956592,25934.5518968218,282400.824231485,1.59384601275234
2004,"E09000027","Richmond upon Thames",179312,89367.5903082717,61720.0064210593,NA,59948.0997278254,52864.6729425124,27094.006940653,290994.376340322,1.62283827262159
2005,"E09000027","Richmond upon Thames",181508,86551.6315836302,59429.6344487684,NA,56411.9780070751,64675.8076125458,28418.3879689464,295487.439620966,1.62795821462947
2006,"E09000027","Richmond upon Thames",182520,176425.746755815,61824.3375011928,NA,7996.67266487449,41427.9877333316,24053.2452326817,311727.989887896,1.7079114063549
2007,"E09000027","Richmond upon Thames",182421,189533.289279627,61803.9626518479,NA,7242.23780586479,43153.2415691847,24344.5099179525,326077.241224477,1.78749837586943
2008,"E09000027","Richmond upon Thames",182927,177115.756882507,66147.6310753196,6263,6565.00720620069,47160.3470740042,24663.3761381774,327915.118376209,1.79260097402903
2009,"E09000027","Richmond upon Thames",184394,206662.368465013,76832.4678705723,6673.03698967869,10198.4505664019,44183.8819436068,25157.3586445436,369707.564479816,2.00498695445522
2010,"E09000027","Richmond upon Thames",186304,211758.401114806,76683.2817982273,8723.00264156958,6987.9780422862,48125.2519550034,25762.3591177567,378040.274669649,2.02915812150919
2011,"E09000027","Richmond upon Thames",187527,240544.115286699,79520.0280957539,1268.75703119068,13464.763816934,43562.2449632253,25776.5063181288,404136.415511932,2.15508388398434
2012,"E09000027","Richmond upon Thames",188971,188641.164526595,78795.394381377,1131.69986097927,1054.63669518932,54385.0580314949,23917.1271546798,347925.080650315,1.84115594800427
2013,"E09000027","Richmond upon Thames",191138,169395.016408754,68844.7402472338,82,34445.5086744716,41414.5251910969,44502.6890118133,358684.47953337,1.87657336339906
2014,"E09000027","Richmond upon Thames",193315,173200.222227024,69756.9972200616,0,30170.9377754732,43585.7977462814,45358.8578006318,362072.812769472,1.87296801991295
2015,"E09000027","Richmond upon Thames",194124,155584.531507909,70501.9218209908,2,25474.4627336323,42239.4305836092,42866.8316407309,336669.178286872,1.73429961409652
2016,"E09000027","Richmond upon Thames",195187,157763.632263124,68854.6591479783,2,16075.860252491,42293.7778928462,42390.9231759182,327380.852732358,1.67726771113014
2017,"E09000027","Richmond upon Thames",195680,161386.893833553,65021.8307945801,0,3453,72234.4822330332,41731.8096530527,343828.016514219,1.75709329780365
2018,"E09000027","Richmond upon Thames",196904,158594.359264138,62439.3341510061,0,0,83752.4508826748,37762.8509188455,342548.995216664,1.73967514736452
2002,"E08000005","Rochdale",206697,39236.8721210329,55357.0545899,NA,110970.616577904,70136.8705523986,16688.5275026217,292389.941343857,1.41458241456749
2003,"E08000005","Rochdale",207528,61048.6477519691,57700.1802809078,NA,135586.779591933,65047.3469631345,17932.2052837146,337315.159871659,1.62539589776637
2004,"E08000005","Rochdale",207286,62109.3488229443,80469.5062892391,NA,148383.011897628,62368.9444753843,18189.9368754295,371520.748360625,1.79230989242218
2005,"E08000005","Rochdale",207200,67237.890994928,84372.7485057848,NA,149883.911977317,74539.8371602793,18842.0276476129,394876.416285922,1.90577420987414
2006,"E08000005","Rochdale",207845,201068.106284805,79681.7317640362,NA,17950.1249951593,92989.9948184923,17769.2801751179,409459.23803761,1.97002207432274
2007,"E08000005","Rochdale",208393,212260.637101091,90591.485461701,NA,16549.9770874453,98616.8210949739,18073.5860016416,436092.506746853,2.09264469894312
2008,"E08000005","Rochdale",209666,206546.447325141,92002.3500723471,18318.6880176274,15289.7141461836,109835.159500719,18623.2526050503,460615.611667068,2.19690179460222
2009,"E08000005","Rochdale",210248,214815.023760215,101123.724255663,20258.2030181455,24291.6115826266,105242.319880841,19033.7449497752,484764.627447267,2.30568008945277
2010,"E08000005","Rochdale",210758,214750.485519984,103413.315324995,31933.6828281629,16944.1416282941,116686.727490485,19432.6999456391,503161.05273756,2.38738768036117
2011,"E08000005","Rochdale",211929,216264.617256141,133387.18740844,1745,32653.5427744838,105638.733011195,19609.2563556971,509298.336805956,2.40315547568269
2012,"E08000005","Rochdale",211947,229182.656164245,107999.650112887,656,2454.08597615216,126573.410447339,18063.9790540158,484929.781754638,2.28797662507437
2013,"E08000005","Rochdale",212137,225008.422782222,86901.7299706807,213,83858.7202978215,56363.0045346134,34965.6760826689,487310.553668007,2.29715020796941
2014,"E08000005","Rochdale",212976,223842.436908887,92925.3254161076,181,69075.6522167683,59198.7430764108,35643.0092270568,480866.16684523,2.25784204250822
2015,"E08000005","Rochdale",214314,225678.489587755,86591.7102225585,93,51253.9376067758,59698.5545804547,33934.1634557811,457249.855453325,2.13355103004622
2016,"E08000005","Rochdale",216350,224742.54411898,83109.2172937425,0,41563.5133657264,63759.9432287464,33743.9353304249,446919.15333762,2.0657229181309
2017,"E08000005","Rochdale",218459,227820.604732244,79533.2434044031,0,15523.7233173944,115519.852219827,19422.4700980671,457819.893771936,2.0956787945195
2018,"E08000005","Rochdale",220001,223090.28015206,79414.8992838931,0,1559.56349444227,114215.357146438,33479.9281436295,451760.028220463,2.05344533988692
2002,"E08000018","Rotherham",249610,51977.6890590722,40976.7997725179,NA,126675.324527711,84284.8598027702,18077.5027314367,321992.175893508,1.28998107404955
2003,"E08000018","Rotherham",250886,64544.1657766034,49587.4963278525,NA,154166.451324362,78789.4357011863,19349.1622239231,366436.711353928,1.46057058326861
2004,"E08000018","Rotherham",251722,82359.5653505932,85609.4528411557,NA,170012.310758828,75480.3328074026,19561.3078549117,433022.969612892,1.72024284573018
2005,"E08000018","Rotherham",252675,92578.4572915926,85321.7552815213,NA,168913.615125566,90734.6753612004,20293.7109878842,457842.214047764,1.81198066309593
2006,"E08000018","Rotherham",253638,242520.249262124,91699.85474072,NA,19716.8764676735,102141.305674645,18946.2127130146,475024.498858177,1.87284436424423
2007,"E08000018","Rotherham",254180,243939.249552741,90670.9021946905,NA,18321.1392815832,109168.618578278,19273.516947628,481373.42655492,1.89382888722527
2008,"E08000018","Rotherham",255271,234589.103327536,93398.4892044383,14486,17099.6687174255,122836.580747396,19728.3478123042,502138.189809099,1.96707886837557
2009,"E08000018","Rotherham",256313,240706.985929728,105466.441291531,15418.2711052192,27240.1145555971,118017.699371155,20196.9273228564,527046.439576086,2.05626105416458
2010,"E08000018","Rotherham",256893,233119.623284624,107925.259164615,20269,19035.0185644372,131090.198680893,20631.1018838282,532070.201578397,2.07117438613897
2011,"E08000018","Rotherham",257716,225948.040796842,111012.260258743,0,34869.9856861673,112809.02540696,21243.5593854763,505882.871534188,1.96294708723629
2012,"E08000018","Rotherham",258424,231241.922158088,119481.03580793,759,2638.99944098635,136131.450159792,19633.9119804907,509886.319547288,1.97306101425289
2013,"E08000018","Rotherham",258817,245277.750869328,98512.9819023643,247,88223.1579468834,40548.5481038189,37146.598855372,509956.037677767,1.97033439719094
2014,"E08000018","Rotherham",260256,194005.523509466,101637.290423457,127,73487.8706027723,61360.5918564543,38023.695597941,468641.971990091,1.80069612992627
2015,"E08000018","Rotherham",260929,188033.826805927,94834.9424678489,74,53691.2563627943,62874.6928577193,36032.8509339078,435541.569428197,1.66919571771707
2016,"E08000018","Rotherham",262142,163611.517779372,92524.6465095543,0,41820.7178502006,64450.7585651355,35747.0233959115,398154.664100174,1.51885109635302
2017,"E08000018","Rotherham",263375,153963.773406916,91813.2695585402,0,30912.8619249414,68699.1723462354,35237.5070418997,380626.584278533,1.4451887395483
2018,"E08000018","Rotherham",264671,155639.4678684,77081.8519186438,0,23642.6130957048,73134.7957001051,35171.7946964826,364670.523279336,1.37782576587286
2002,"E06000017","Rutland",35295,4934.80241372485,2309.45882170427,NA,6229.50764720672,12504.8895153827,2101.86614312233,28080.5245411408,0.795594972124688
2003,"E06000017","Rutland",35559,4955.06782179531,2700.47250245443,NA,9862.72655292276,10978.1109475416,2265.69149892536,30762.0693236395,0.865099393223641
2004,"E06000017","Rutland",35623,6096.41956162726,4772.3350408243,NA,11361.132441558,10502.3392262082,2301.18194023642,35033.4082104542,0.983449125858412
2005,"E06000017","Rutland",36115,7099.2142055667,5525.26959200424,NA,10651.8509002504,12859.2785373658,2461.27265171271,38596.8858868999,1.06872174683372
2006,"E06000017","Rutland",36510,25771.5716759167,6185.82447507439,NA,1213.72712710284,6289.00588928393,2303.48282052284,41763.6119879006,1.14389515168175
2007,"E06000017","Rutland",37110,27186.8313841346,6074.23470346949,NA,1151.97494323315,6866.01272676221,2371.37977024684,43650.4335278463,1.1762445035798
2008,"E06000017","Rutland",37478,25318.7707790971,6601.42143063757,2118,1146.42543794668,8236.11089945746,2429.49162204302,45850.2201691818,1.22339026013079
2009,"E06000017","Rutland",37417,27569.6691738878,7417.14019492085,2256,1857.13593027677,8046.86881566571,2475.9961616202,49622.8102763714,1.32621028613655
2010,"E06000017","Rutland",37670,28273.0395867076,9439.86216911131,2591,1319.94741860728,9092.87440453416,2538.87930504701,53255.6028840073,1.41374045351758
2011,"E06000017","Rutland",37581,19060.3619989258,8763.57227360522,288,2480.71186690325,8025.7890958938,2672.95691421827,41291.3921495463,1.09873053270393
2012,"E06000017","Rutland",37096,16242.8968239958,9211.29515333863,275,190.898191340476,9851.35016214055,2435.46458216503,38206.9049129805,1.02994675741267
2013,"E06000017","Rutland",37791,15901.0525742278,7969.19318635995,0,6281.57048074252,4237.77041900093,4213.10043557826,38602.6870959095,1.0214783174806
2014,"E06000017","Rutland",38263,14380.1975559594,8320.98714631276,23,5470.66927152216,4668.76197102649,4408.27063854419,37271.886583365,0.974097341645061
2015,"E06000017","Rutland",38352,13128.3993735923,6456.75859207917,19,4402.65886845779,4871.03286992398,4160.24453162442,33038.0942356777,0.861443842190177
2016,"E06000017","Rutland",38949,13426.886367136,6442.51824257574,0,2653.22000826997,5087.31742923752,4151.1353664606,31761.0774136799,0.815452961916349
2017,"E06000017","Rutland",39474,13707.8660962717,6320.30005557474,0,1093.39840439576,5116.13879282809,4098.06228617112,30335.7656352414,0.768499914760131
2018,"E06000017","Rutland",39697,14199.8488496437,5221.06708117488,3,173.141455730651,5533.91396499946,4083.67631860356,29214.6476701522,0.735940944407693
2002,"E08000006","Salford",216310,48531.5311083404,58362.6350036105,NA,130987.298165752,74488.7418839623,17464.6723662757,329834.878527941,1.52482492038251
2003,"E08000006","Salford",217312,70394.5695823017,56214.7861744181,NA,153090.346125256,68395.0632938818,18777.6270894269,366872.392265285,1.6882288703122
2004,"E08000006","Salford",217921,77248.7347859713,99727.8867027068,NA,165906.888688782,65395.260442192,19123.188415187,427401.959034839,1.96127018063812
2005,"E08000006","Salford",219536,84626.3021885256,104564.246196747,NA,165326.637161449,78181.3530251886,19963.81940949,452662.357981401,2.06190491755976
2006,"E08000006","Salford",221931,206665.778146662,110380.439554112,NA,21805.5044302278,112961.342115821,18973.5337320797,470786.597978902,2.12131968034615
2007,"E08000006","Salford",223468,220534.949445071,112250.43965083,NA,20071.8355788209,119600.347921723,19381.0162367011,491838.588833146,2.20093520697883
2008,"E08000006","Salford",226782,200798.042941107,117946.215571943,23743.7850486659,18315.3493246392,131567.579034713,20143.5543782898,512514.526299357,2.25994358590786
2009,"E08000006","Salford",228948,211273.667078183,132911.014653578,26336.533582238,28784.6575692478,124709.526635586,20726.6553725179,544742.054891351,2.3793265496591
2010,"E08000006","Salford",231837,214243.856529748,142571.448092129,35844.3515161123,19852.8018897447,136717.917702823,21376.2649925371,570606.640723094,2.46124061613588
2011,"E08000006","Salford",234487,212773.8790092,145408.12604147,1073,37967.1903730041,122831.12232208,21696.4912545161,541749.80900027,2.31036180683906
2012,"E08000006","Salford",236946,212026.789695033,153992.275548359,709,2884.80917731957,148818.722514851,20194.6127141824,538626.209649745,2.27320237374653
2013,"E08000006","Salford",238674,235820.673994278,118785.827281531,123,99075.1184534628,66895.958782741,39339.6615081524,560040.240020165,2.34646522042688
2014,"E08000006","Salford",241539,241370.476389525,126528.447293034,84,82218.4767851119,74224.4527455356,40423.2251788656,564849.078392072,2.33854192652976
2015,"E08000006","Salford",245186,253762.672191566,120790.099599785,0,60815.0230692113,76720.069194562,38822.3905161079,550910.254571232,2.24690746849833
2016,"E08000006","Salford",248121,252852.686352417,112282.060204024,0,49381.875279951,74079.9827217924,38699.2326236207,527295.837181805,2.12515602138394
2017,"E08000006","Salford",251332,243850.12464382,111897.158159268,0,17859.6827267696,140250.490271006,22345.1002462128,536202.556047076,2.13344323861297
2018,"E08000006","Salford",254408,228181.012731421,109030.191071935,0,1803.47102737746,146711.299802778,38716.0129234163,524441.987556927,2.06142097558617
2002,"E08000028","Sandwell",285637,47023.0754745836,62405.1315260577,NA,173452.908025031,95984.4114275001,22854.383611943,401719.910065115,1.4064001164594
2003,"E08000028","Sandwell",287135,91806.0898401844,67883.4016604267,NA,205206.96267811,89709.4973177128,25683.4276962111,480289.379192645,1.67269534954863
2004,"E08000028","Sandwell",288849,89441.1263577528,120372.080286678,NA,229622.870838846,86263.0800102699,26273.0912261873,551972.248719734,1.91093702494983
2005,"E08000028","Sandwell",290447,99494.512486681,124101.331569458,NA,235238.139216337,102949.031007369,27141.4273018914,588924.441581737,2.02764856094825
2006,"E08000028","Sandwell",292516,268995.405680366,130621.304846711,NA,29085.2044837298,150674.092823077,26943.265677289,606319.273511174,2.07277302271046
2007,"E08000028","Sandwell",294603,275209.242972293,136633.716341164,NA,26820.7426145771,159817.224646996,27523.2583824862,626004.184957517,2.12490770615885
2008,"E08000028","Sandwell",298358,249048.884091968,142556.847972778,26970,24960.7947819668,179305.116695711,28575.339505983,651416.983048406,2.18334009159602
2009,"E08000028","Sandwell",302303,258047.64171811,158669.37809086,30716,39786.6145112455,172375.825342858,29451.9511919098,689047.410854983,2.27932706871908
2010,"E08000028","Sandwell",306181,257590.886223063,167471.509578021,36653,27776.5468786528,191289.901979691,30305.1605095692,711087.005168997,2.32244001152585
2011,"E08000028","Sandwell",309042,288939.894303569,169498.471319285,0,51973.8518205971,168144.170572096,30781.7781134147,709338.166128962,2.29528079073059
2012,"E08000028","Sandwell",311245,278928.041559267,173503.974210386,0,3960.02079484063,204276.423894967,28499.5785562552,689168.039015716,2.21423007282275
2013,"E08000028","Sandwell",313980,272755.563578794,141969.302961118,39,138624.520129932,95395.0985655448,53366.6661993355,702150.151434725,2.23628941790791
2014,"E08000028","Sandwell",316289,263235.266829681,154918.030121983,38,115127.219153559,96398.151211861,53650.1540487496,683366.821365834,2.16057726119414
2015,"E08000028","Sandwell",319101,275952.397114825,137444.612761026,0,85187.8412052962,102346.59588074,50952.6558566091,651884.102818497,2.04287702896104
2016,"E08000028","Sandwell",322631,253085.842701157,136358.487645843,0,70548.9746811675,98544.5849117469,50591.1936440077,609129.083583921,1.88800544146074
2017,"E08000028","Sandwell",325460,302797.059426497,127048.515406224,0,2606.32834052911,156666.476768912,49886.2163053019,639004.596247465,1.9633890378156
2018,"E08000028","Sandwell",327378,310992.245928407,123460.963083987,0,2310.36894616689,155051.2140624,49850.6271264664,641665.419147428,1.96001386515718
2002,"E08000014","Sefton",280866,68636.0285224363,64550.8588007947,NA,128457.675522374,95341.1507953525,25966.674723253,382952.388364211,1.36347008311512
2003,"E08000014","Sefton",279913,81317.9602719241,65626.6434932132,NA,157689.270622443,89636.65689118,27555.5406307008,421826.071909461,1.50698992869021
2004,"E08000014","Sefton",278853,93487.0576076779,93493.3529304001,NA,175427.179401592,85173.7874520493,27582.831266075,475164.208657795,1.70399532605995
2005,"E08000014","Sefton",276957,74518.8968142146,109873.600031369,NA,172573.543877213,101506.703767335,28309.7360622206,486782.480552353,1.757610316953
2006,"E08000014","Sefton",275852,220011.616621277,119155.992925255,NA,22572.655234008,116938.376333461,25295.2302600998,503973.871374102,1.82697196820796
2007,"E08000014","Sefton",275085,230257.772582749,123373.191510254,NA,20597.5944957751,122735.585153876,25682.874372484,522647.018115138,1.89994735487263
2008,"E08000014","Sefton",274735,215314.712132535,125562.72667117,25226,18785.5058392422,134944.713903431,26362.1499376846,546195.808484062,1.98808236476627
2009,"E08000014","Sefton",274153,225570.245683344,143985.427796339,27211,29545.7838676356,128007.267258303,26844.5463690116,581164.270974633,2.11985377134167
2010,"E08000014","Sefton",273820,237680.229982082,137888.693492705,30354,20431.6287613507,140706.205652728,27339.769809187,594400.527698053,2.17077104557028
2011,"E08000014","Sefton",273969,230253.660490217,141976.969573499,585,38032.0659827488,123040.388046525,27334.993724516,561223.077817505,2.0484911716928
2012,"E08000014","Sefton",273798,213745.790230333,142710.345369882,519,2878.91783584479,148493.29880904,25075.3013104027,533422.653555502,1.94823429519391
2013,"E08000014","Sefton",273372,226954.780028106,123955.688595483,172,90481.1213498897,58936.2129831004,50959.9171872062,551459.720143785,2.01725019440098
2014,"E08000014","Sefton",273856,226947.965675997,119991,155,75203.5324882961,56129.1435472621,52085.8725497794,530512.514261335,1.93719514730857
2015,"E08000014","Sefton",274089,219032.839043074,115501,94,54669.7572435848,64616.3914618171,49341.7148844537,503255.70263293,1.83610324614607
2016,"E08000014","Sefton",274853,219037.818989238,107670,58,41795.2121163161,64865.3828346284,48878.142516591,482304.556456773,1.75477275655268
2017,"E08000014","Sefton",274589,223563.518614478,100762,77,2648.16339067987,95622.7910729977,47998.1552619413,470671.628340096,1.71409498683522
2018,"E08000014","Sefton",275396,216124.183377272,86097,105,2331.95377582893,107199.412020533,47928.1331183045,459785.682291938,1.66954379254578
2002,"E08000019","Sheffield",514201,105728.343423196,95475.5530701033,NA,252552.767987956,176149.431178415,37239.974287919,667146.069947589,1.29744218690277
2003,"E08000019","Sheffield",515339,143869.651862396,107522.496058366,NA,302378.53159222,162708.625115844,39744.6565823293,756223.961211155,1.4674301017605
2004,"E08000019","Sheffield",519640,129527.10661278,188053.702006095,NA,332381.989101936,155051.349059831,40381.2063058704,845395.353086512,1.62688660050518
2005,"E08000019","Sheffield",525721,150253.868783193,193161.775642057,NA,334522.683757505,185171.659952768,42223.5283833441,905333.516518867,1.72207980377209
2006,"E08000019","Sheffield",527629,412142.811388377,207968.898083061,NA,47654.0167118574,246863.416056771,39412.7507217183,954041.892961784,1.80816803655937
2007,"E08000019","Sheffield",529905,432572.154533185,206935.513425436,NA,43420.3011094788,258727.639616501,40180.7105127579,981836.31919736,1.85285347222117
2008,"E08000019","Sheffield",534035,416376.365139481,215051.218850916,46014,39247.39056732,281934.718461695,41272.327150142,1039896.02016955,1.94724319598819
2009,"E08000019","Sheffield",538385,439257.179974393,227823.758247693,48931.5893847891,61504.2998326856,266468.623440634,42423.6098704163,1086409.06075061,2.01790365769962
2010,"E08000019","Sheffield",544613,416822.599046719,265369.308947377,65091,42398.5572414735,291985.966636681,43737.9231441002,1125405.35501635,2.06643130996938
2011,"E08000019","Sheffield",551756,452565.568012472,247666.712456048,1491,79372.6229735713,256784.842549328,45481.310249627,1083362.05624105,1.9634803359475
2012,"E08000019","Sheffield",557276,454377.369704714,255400.761101523,1368,6014.77129243069,310308.294211251,42339.3645049993,1069808.56081492,1.91971045014484
2013,"E08000019","Sheffield",560199,471396.082808497,219554.465343168,234,198592.188865825,105413.174034979,80402.3210692518,1075592.23212172,1.92001812234888
2014,"E08000019","Sheffield",563463,433984.66943784,224136.673167468,155,164768.873483992,135020.620585936,82322.5808154379,1040388.41749067,1.84641834067308
2015,"E08000019","Sheffield",569177,419711.064641788,213879.848851691,110,121871.168290248,147678.928749499,78600.1939071887,981851.204440415,1.72503668356314
2016,"E08000019","Sheffield",574050,398294.275176428,200651.001457327,0,95882.0444488394,143844.178057374,78280.3929947243,916951.892134692,1.59733802305495
2017,"E08000019","Sheffield",577789,393438.229619397,192004.303084801,0,72111.460092074,148634.34674422,77303.6315376639,883491.971078155,1.52909101952124
2018,"E08000019","Sheffield",582506,401153.41622675,184948.594778882,0,56199.6418607502,156166.252612056,77408.4861638385,875876.391642277,1.50363496966946
2002,"E06000051","Shropshire",284901,30034.7748447238,41757.139116086,NA,76524.5769851633,94063.5544120377,15048.0712635055,257428.116621516,0.903570421379765
2003,"E06000051","Shropshire",286913,41580.1724855101,49149.7492179709,NA,96465.2506274824,88852.9263249703,16200.9521399043,292249.050795838,1.01859814925025
2004,"E06000051","Shropshire",288810,44922.5941259797,60146.0363570197,NA,109457.315021321,84878.7405998071,16621.2541411026,316025.94024523,1.09423475726336
2005,"E06000051","Shropshire",291523,48720.6551299117,62543.4525653835,NA,104346.394894415,100947.105898363,17008.5832144407,333566.191702514,1.14421912405716
2006,"E06000051","Shropshire",294531,176335.369266742,67234.6391040472,NA,14513.7766276583,75182.1815762359,15313.1936919587,348579.160266642,1.18350584579091
2007,"E06000051","Shropshire",297633,188143.552589291,72366.0486337201,NA,13253.9966970716,78971.4011790801,15590.5729434887,368325.572042651,1.23751590731757
2008,"E06000051","Shropshire",300473,180694.413847765,74485.0836714114,14109.2223028359,12313.3669914489,88443.2452967456,15729.1228699921,385774.454980199,1.283890582449
2009,"E06000051","Shropshire",302069,201328.161239364,84251.3539811542,15646,20392.5169993999,88348.4565768728,16935.8646301112,426902.353426903,1.4132610543515
2010,"E06000051","Shropshire",304523,203635.598205345,89151.8556004433,20007,14279.4441992679,98338.6695368318,17468.3469524915,442880.91449438,1.45434306930636
2011,"E06000051","Shropshire",307108,206624.974532189,94829.0775858477,1118,26719.8366591944,86441.9758148075,18601.1187216887,434334.983313727,1.41427440286064
2012,"E06000051","Shropshire",308416,198410.083783074,98036.0167161632,0,2054.83813518991,106012.310576537,17189.9522119076,421703.201422872,1.3673194692327
2013,"E06000051","Shropshire",309085,187723.73623425,74792.8562554933,411,70405.355910384,49413.7052563493,30274.9743314825,413021.627987959,1.33627198986673
2014,"E06000051","Shropshire",310774,173972.031044082,74490,305,59958.5193926858,52969.2111116198,32040.6887047205,393735.450253108,1.26695106493178
2015,"E06000051","Shropshire",312227,181755.509895182,71252,241,46167.3347957446,53915.4575122338,30522.48976968,383853.79197284,1.22940614352007
2016,"E06000051","Shropshire",314392,188867.521190009,70667,184,33513.7246491122,52051.2087154977,30341.7688920042,375625.223446623,1.19476711699605
2017,"E06000051","Shropshire",317459,186053.456715437,67305.0006,184.148,21753.2952332293,54995.074002437,29978.1007977131,360269.075348816,1.1348522969858
2018,"E06000051","Shropshire",320274,180023.936273505,63462.66361,251.99,14304.7639342024,50768.9493818878,30017.5150912039,338829.818290799,1.05793732332565
2002,"E06000039","Slough",120927,23145.2780939837,26358.9242502641,NA,63119.3946763367,37234.0647967991,7032.02719561198,156889.689012996,1.29739172404009
2003,"E06000039","Slough",120869,30593.5564169761,31566.1106997029,NA,73093.6274461143,37771.851297425,7554.56246567002,180579.708325888,1.49401176749943
2004,"E06000039","Slough",120833,31000.1235197724,50203.4637507456,NA,82014.4854624649,36653.1016773747,7638.10212654265,207509.2765369,1.71732288809266
2005,"E06000039","Slough",122874,33113.767362396,53524.9363426524,NA,81977.2412536649,42951.3064690954,7976.3696223177,219543.621050126,1.78673780498825
2006,"E06000039","Slough",125200,104519.839084119,57892.2021102361,NA,9317.98382776855,48268.5610987413,7812.08306228749,227810.669183152,1.8195740350092
2007,"E06000039","Slough",127991,123030.056694652,63254.7870852287,NA,8496.32347532552,50625.6601254906,8092.10923713961,253498.936617837,1.98059970324348
2008,"E06000039","Slough",131453,123115.80029088,69333.0013686255,7597,7676.38173531916,55143.3807599981,8365.30653730058,271230.870692123,2.06332963638809
2009,"E06000039","Slough",134742,129873.377767288,83967.2654962707,8450,12005.4444121248,52014.9043402458,8736.03956071149,295047.031576641,2.18971836232682
2010,"E06000039","Slough",137800,140397.406960823,103850,11100,8256.12885164924,56853.3387685903,9083.44070244415,329540.315283507,2.39143915300078
2011,"E06000039","Slough",140713,131076.598284561,88644.2135776049,661,15390.9007246335,49792.6558952597,9781.438385125,295346.806867184,2.09893049588299
2012,"E06000039","Slough",141820,113879.549770552,83600.0760869234,565,1164.37898989235,60066.7806958204,9084.34972432779,268360.135267516,1.89225874536395
2013,"E06000039","Slough",142672,106355.818229045,80155,122,41283.4418624247,27253.2134409765,14569.7492252985,269739.222757745,1.89062480905675
2014,"E06000039","Slough",144340,101005.030224985,82689.5667264394,98,33791.8354188108,28684.2592672842,15027.6976500345,261296.389287553,1.81028397732821
2015,"E06000039","Slough",146038,104104.36982676,78996.1159303296,51.929,25126.5905953925,31560.2207553354,14346.5915243497,254185.817632167,1.74054573215305
2016,"E06000039","Slough",147736,99347.9646576521,77181.5916759516,38.229,19412.0680529196,30684.1625046172,14305.4307340103,240969.446625151,1.63108143326712
2017,"E06000039","Slough",148768,94847.7047308042,72404.9027199081,40,13877.693308663,31204.8425535955,14143.5890581412,226518.732371112,1.52263075642014
2018,"E06000039","Slough",149112,96229.1198328586,69547.4233568547,59,569.18909417678,42076.3067139344,14082.6895509332,222563.728548758,1.49259434887036
2002,"E08000029","Solihull",200028,24820.9781086834,18927.5185493975,NA,70056.765427556,68060.6520724556,16004.6375124012,197870.551670494,0.989214268354899
2003,"E08000029","Solihull",200536,33400.4571375528,20701.0415984653,NA,89100.8936305831,63269.8846295465,17937.387836688,224409.664832836,1.11904927211491
2004,"E08000029","Solihull",201153,36772.6541280775,44119.3386714377,NA,101795.396462672,60411.7599136775,18296.4494231285,261395.598598993,1.29948645359002
2005,"E08000029","Solihull",201557,42769.7696766637,47361.832086905,NA,101465.438076576,72275.5327641611,18834.915363861,282707.487968167,1.4026180582573
2006,"E08000029","Solihull",202351,156645.008532278,48259.9138954345,NA,11033.8927425755,57161.9604870931,18638.2856085312,291739.061265912,1.44174756371805
2007,"E08000029","Solihull",203170,168500.916136906,50502.5567595518,NA,10098.2022993779,60175.4710696438,18981.138703848,308258.284969327,1.51724312137288
2008,"E08000029","Solihull",204778,166859.821464767,56239.1955911003,8572,9213.70912079314,66183.0653668219,19612.6829961194,326680.474539602,1.59529087372473
2009,"E08000029","Solihull",205470,179212.651018415,65358.2159400636,10526,14461.9390268228,62656.4477930986,20017.970087633,352233.223866033,1.7142805463865
2010,"E08000029","Solihull",206329,178370.220541178,79310.6137765686,12018,9984.06283513856,68753.1157013914,20422.0165940372,368858.029448313,1.78771781692498
2011,"E08000029","Solihull",206856,156866.114528314,71408.8207467662,891,18131.1686832257,58656.9172470456,20603.6574104119,326557.678615763,1.57867153292997
2012,"E08000029","Solihull",207450,150277.811873187,73996.2713134172,433,1373.2555828678,70844.8899002747,18995.4459396782,315920.674609425,1.52287623335466
2013,"E08000029","Solihull",209140,147273.009640324,61641.1622437362,31,43004.1472704442,32149.8089496084,35547.1831611218,319646.311265235,1.52838438971614
2014,"E08000029","Solihull",210227,150617.792145169,63414.876076797,50,36751.556987424,29608.8498487646,35659.5105590345,316102.585617189,1.50362506061157
2015,"E08000029","Solihull",210834,149405.945475906,61259.9761544405,0,28747.2278547464,31621.6907528338,33665.0535249727,304699.893762899,1.44521231757164
2016,"E08000029","Solihull",212166,148085.07578176,62957.7804112681,0,21254.3630717587,32559.2873542397,33269.3733419124,298125.879960938,1.40515388875191
2017,"E08000029","Solihull",213933,148505.578395348,58098.9306655189,0,1713.20482048305,48175.8643538491,32791.4579759176,289285.036211116,1.35222259404167
2018,"E08000029","Solihull",214909,156418.278046259,51919.6763875907,0,1516.65377591585,52194.8498339424,32724.7048522557,294774.162895963,1.37162316560015
2002,"E10000027","Somerset",503132,67817.7029868167,97573.1324839567,NA,133394.593785059,165304.616252011,30528.4908466369,494618.53635448,0.983079065443024
2003,"E10000027","Somerset",506790,92233.0598209269,96272.3065567383,NA,171278.929717236,158179.690489191,32741.6166347714,550705.603218864,1.08665443915402
2004,"E10000027","Somerset",510659,104641.28821313,122820.961043111,NA,187551.996087414,152320.879254222,33280.7035645886,600615.828162465,1.17615831339987
2005,"E10000027","Somerset",514338,118071.505694172,132351.290658127,NA,178413.700299297,183158.27809755,35226.9636386557,647221.738387801,1.25835878038916
2006,"E10000027","Somerset",517252,356443.082121394,140907,NA,23341.6672088925,120913.357644416,33008.3417055585,674613.448680261,1.30422588734362
2007,"E10000027","Somerset",522150,372646.273787503,157382,NA,21990.3596581752,131036.486592356,33873.7438764698,716928.863914504,1.37303239282678
2008,"E10000027","Somerset",525668,374398.771690855,161180,22006,20953.0386055753,150513.995272719,34974.5056717686,764026.311240919,1.45343888393609
2009,"E10000027","Somerset",526592,368846.337788443,187394.516258401,40871,33539.1406720405,145305.785828566,35976.1768128359,811932.957360285,1.54186344904648
2010,"E10000027","Somerset",528609,364190.223809127,217217,36861,23626.3761868629,162704.880181713,37022.5530760998,841622.033253803,1.59214472938184
2011,"E10000027","Somerset",531581,313258.128460635,201644.363993654,331,45254.4975164778,146409.182540355,40134.2242828093,747031.396793932,1.40530116161776
2012,"E10000027","Somerset",535197,285655.274303362,208269.07763705,311,3499.56506483782,180513.035910629,37319.7942970751,715567.747212954,1.33701748554823
2013,"E10000027","Somerset",538370,306848.953523463,174184,299,114796.164712319,79762.8381138443,58527.5393309464,734418.495680572,1.36415196924155
2014,"E10000027","Somerset",542203,291026.362127797,172862,0,96207.280357692,83064.9671466901,61219.6122512321,704380.221883411,1.29910793906233
2015,"E10000027","Somerset",546466,299256.129639657,167499.544779321,34,72413.7604765091,86258.3787460695,58131.6995603158,683593.513201872,1.25093512350608
2016,"E10000027","Somerset",551446,299905.789221972,154162.333495445,495,52611.4938941702,79935.3166624012,57747.7754171366,644857.708691125,1.16939411781231
2017,"E10000027","Somerset",555195,317558.869920892,126335.054339924,108.977,32646.8041607806,91113.4433909313,56981.8203719677,624744.969184496,1.12527124557047
2018,"E10000027","Somerset",559399,321127.140479912,111382.53312809,0,20001.1539435379,99402.4908546162,56860.2182079413,608773.536614097,1.08826354107551
2002,"E06000025","South Gloucestershire",247755,28557.8033448454,28430.7871265646,NA,56286.1504440529,82495.6520028877,15033.0057513904,210803.398669741,0.850854265987532
2003,"E06000025","South Gloucestershire",249176,33881.7770120548,32634.8109129656,NA,78393.0652996745,78013.149121598,16098.2360871086,239021.038433402,0.959245827982637
2004,"E06000025","South Gloucestershire",251226,36238.0573350967,48739.6407777493,NA,92826.446166048,74525.3444720822,16372.9181973045,268702.406948281,1.06956448356572
2005,"E06000025","South Gloucestershire",253178,37387.3577024499,51474.8221398283,NA,94209.1627630038,89136.0460351691,17340.1385861196,289547.527226571,1.14365200462351
2006,"E06000025","South Gloucestershire",255258,167343.083008395,52385.3623136722,NA,10667.5581369765,55263.9795956671,16289.242549236,301949.225603947,1.18291777575609
2007,"E06000025","South Gloucestershire",256640,180318.758491285,44983.063068742,NA,9771.60975741253,58227.5418198023,16649.157576285,309950.130713527,1.20772338962565
2008,"E06000025","South Gloucestershire",257970,180170.136581477,61111.9228235024,9934,9059.75679103243,65081.511046726,17163.6341343702,342520.961377108,1.32775501561076
2009,"E06000025","South Gloucestershire",259730,182127.834553092,73069.8576882945,10323,14363.0591442892,62229.1565740309,17744.4632725105,359857.371232218,1.3855056067155
2010,"E06000025","South Gloucestershire",261471,182692.616490398,81267,13409,10041.763966361,69154.8698065745,18312.8247444915,374878.075007825,1.43372716288929
2011,"E06000025","South Gloucestershire",263417,194259.660791086,81064.6666643774,502,18449.6975944384,59688.1452614369,19887.913521937,373852.083833275,1.41924053433634
2012,"E06000025","South Gloucestershire",266193,193183.922563864,82500.6018459448,342,1424.22106580124,73463.6026843063,18561.8903008076,369476.238460724,1.38800133159296
2013,"E06000025","South Gloucestershire",268951,175394.769934935,65524,227,52984.4823304016,36482.8469083121,29238.3309445128,359851.430118161,1.33798137994713
2014,"E06000025","South Gloucestershire",270994,173804.149619628,63361,0,46199.9572808096,37432.5722783055,30597.668405395,351395.347584138,1.2966905082184
2015,"E06000025","South Gloucestershire",273952,164979.740669517,62072.1994636357,121,37375.2467456785,42045.7795570333,29142.3352192957,335736.30165516,1.22552966087183
2016,"E06000025","South Gloucestershire",276677,169049.124545571,58780.7545748647,38,27398.6909662558,41142.3585566092,28973.7911945814,325382.719837882,1.17603819557781
2017,"E06000025","South Gloucestershire",279027,172581.28355765,57684.6955616663,38,1642.39947762353,71836.3503775574,28637.6253261089,332420.354300606,1.19135551147597
2018,"E06000025","South Gloucestershire",282644,178390.12353239,65250.8974684791,0,1391.04908191661,65945.0645855875,28729.4033689109,339706.538037284,1.20188837561485
2002,"E08000023","South Tyneside",152210,27965.2089956192,21597.9312122238,NA,89951.0868605863,50844.1481536684,12361.2689060195,202719.644128117,1.33184182463778
2003,"E08000023","South Tyneside",151181,45632.0458151494,34374.0295722506,NA,103548.707851192,48398.8807596986,13420.1074334387,245373.77143173,1.6230463578871
2004,"E08000023","South Tyneside",150265,52740.7272448237,64890.4456600954,NA,113328.434300199,46033.5568864683,13498.2545591109,290491.418650698,1.93319414800983
2005,"E08000023","South Tyneside",149585,53917.677856831,64836.8877663352,NA,114488.034846797,54702.9136434926,13966.4040805452,301911.918194001,2.01833016809173
2006,"E08000023","South Tyneside",148887,140672.658324433,69794.1855153783,NA,15779.0378915109,81743.7400244633,11292.6508565422,319282.272612327,2.14446038010254
2007,"E08000023","South Tyneside",148642,145625.157891957,75414.795498075,NA,14455.5389354282,86138.1918764454,11452.5839227808,333086.268124686,2.24086239504774
2008,"E08000023","South Tyneside",148626,132852.871003681,71406.7130518859,20783,13021.8110553311,93543.7069593787,11567.7563259886,343175.858396266,2.30898939886874
2009,"E08000023","South Tyneside",148509,139476.970777783,83261.9856357873,22075.4688458484,20318.6754729008,88031.2533448577,11732.3129128886,364896.666990066,2.45706769953381
2010,"E08000023","South Tyneside",148468,138140.795411175,91212.8976493603,23630,13949.3096843619,96063.9124000882,11944.1531430525,374941.068288037,2.52539987261927
2011,"E08000023","South Tyneside",148164,132840.187601554,91304.418718702,3732,25404.5134454716,82188.0537706267,12964.1765845149,348433.350120869,2.35167348425305
2012,"E08000023","South Tyneside",148311,141420.785271591,97166.807654688,488,1928.48521699033,99459.9424055217,11975.0750168694,352439.09556566,2.37635169047246
2013,"E08000023","South Tyneside",148384,141884.226255829,78567.57621411,92,67670.5186187879,45438.5153039075,24846.0344925078,358498.870885142,2.41602107292661
2014,"E08000023","South Tyneside",148572,142781.429278817,78933.8073002201,68,56359.9993233882,45737.3077294842,24687.0663940805,348567.61002599,2.34611912087062
2015,"E08000023","South Tyneside",148495,142470.850242987,78984.3143596641,38,41940.5588427169,48034.790891023,23448.993809213,334917.508145604,2.25541269501063
2016,"E08000023","South Tyneside",149194,139478.35195787,77308.5628246951,25,33726.6917997509,48707.823923112,23318.0432216121,322564.47372704,2.16204722527072
2017,"E08000023","South Tyneside",149555,144528.157545124,73630.0694327973,35,26119.9354213847,48564.1774114727,22984.4455489835,315861.785359762,2.1120108679734
2018,"E08000023","South Tyneside",150265,148069.177848858,67697.7954634679,38,20968.0751409531,49355.9071271618,22965.5100316137,309094.465612055,2.05699574493099
2002,"E06000045","Southampton",220459,32339.9287757367,44068.6069485367,NA,95275.1793976898,71592.100058392,13361.9473929424,256637.762573298,1.16410653488085
2003,"E06000045","Southampton",221989,53345.731434659,47081,NA,109567.10677192,69044.3996667724,14082.2608566009,293120.498729952,1.32042803350595
2004,"E06000045","Southampton",223589,54164.2592245444,74282.7904414001,NA,122382.38422756,66946.1991645614,14492.3810599752,332268.014118041,1.48606601450895
2005,"E06000045","Southampton",226655,65660.9768065085,76004,NA,118772.7475005,79874.071546729,15047.7447267949,355359.540580533,1.56784337685263
2006,"E06000045","Southampton",226698,161769.943806168,87160.9663358256,NA,16400.8972359997,84964.342493795,13978.7166148268,364274.866486616,1.60687287266149
2007,"E06000045","Southampton",227223,166979.580484732,86311.3767131359,NA,14927.264431574,88947.5705436392,14258.2167550682,371424.00892815,1.63462329486077
2008,"E06000045","Southampton",228447,163522.22186179,93735.1493084012,10678,13491.280134832,96915.1019047489,14576.5270231478,392918.28023292,1.71995377585576
2009,"E06000045","Southampton",230017,167403.968429269,112406.325326196,11545,21122.5943448033,91511.4426336731,14995.6108940985,418984.94162804,1.82153902375929
2010,"E06000045","Southampton",233085,163988.12033361,128151,19104,14565.6036294791,100305.156384972,15484.2159511602,441598.096299221,1.89457964390339
2011,"E06000045","Southampton",235870,166874.284429251,126237,1088,27859.9021468408,90132.0609383553,17111.1861628877,429302.433677335,1.82008069562613
2012,"E06000045","Southampton",238519,165312.169098606,133246,1018,2142.83937943994,110528.866943048,15957.8393812629,428205.714802357,1.79526878279029
2013,"E06000045","Southampton",239858,169348.193804322,122188,129,75254.853182501,54375.8200019253,25212.671147786,446508.538136534,1.86155366148527
2014,"E06000045","Southampton",242106,172088.469847546,116339,122,61680.724220317,40225.0100779544,25853.1634725765,416308.367618394,1.71952932855193
2015,"E06000045","Southampton",246054,173575.67544889,114095,65,44817.0076489342,54578.6134365837,24833.6615412812,411964.958075689,1.6742867747555
2016,"E06000045","Southampton",250377,178687.981442615,108838,0,34253.8931422807,55584.4604670237,24934.4633668837,402298.798418803,1.60677218122592
2017,"E06000045","Southampton",252359,182833.989422302,92469,0,24570.8969373791,59571.3471494527,24681.786034792,384127.019543926,1.52214511685308
2018,"E06000045","Southampton",252796,180712.478356633,84015,0,1112.75775615496,83428.0365233469,24645.8478091514,373914.120445286,1.47911407002202
2002,"E06000033","Southend-on-Sea",161159,22928.2843390161,47018.7143853167,NA,67952.821178906,58441.7386752999,9158.21289303842,205499.771471577,1.27513679950594
2003,"E06000033","Southend-on-Sea",161437,29325.5274084431,51925.8996463407,NA,85037.8677686406,50854.9923782961,9356.27041376975,226500.55761549,1.40302754396756
2004,"E06000033","Southend-on-Sea",161488,30591.6492597263,68344.484812339,NA,92685.2432557438,48064.7917301616,9452.86644887705,249139.035506848,1.54277119976003
2005,"E06000033","Southend-on-Sea",162645,33425.3608738622,74560.6835159514,NA,89750.5650539644,57860.6601884481,9870.02599055405,265467.29562278,1.63218848180258
2006,"E06000033","Southend-on-Sea",163776,127115.715924696,82726.1450838976,NA,10164.2248119773,52652.6749766077,9701.98373297576,282360.744530155,1.72406667967318
2007,"E06000033","Southend-on-Sea",165429,134864.953662314,87039.5531713786,NA,9223.57342067952,54962.0193665933,9966.06389600835,296056.163516974,1.78962674934246
2008,"E06000033","Southend-on-Sea",168150,136798.61493668,96089.2814853492,8434,8430.32724762604,60555.7347894192,10437.5807322318,320745.539191306,1.90749651615406
2009,"E06000033","Southend-on-Sea",170013,141281.946363168,109093.57278153,8911,13199.8187242266,57186.9519248539,10809.4945623956,340482.784356173,2.0026867613428
2010,"E06000033","Southend-on-Sea",172122,142278.600157194,115654.781685122,12464,9116.65802564013,62781.4922101513,11185.9959548678,353481.528032976,2.05366849114567
2011,"E06000033","Southend-on-Sea",174274,125307.63823598,114706.112079929,651,17447.2994677704,56443.3783179047,11853.4955448977,326408.923646481,1.87296397423873
2012,"E06000033","Southend-on-Sea",175091,112111.799265447,113940.2820325,0,1336.9500669341,68946.9999575204,11009.3487266448,307345.380049047,1.75534653436811
2013,"E06000033","Southend-on-Sea",176236,116721.487594985,101737,132,48524.1270134468,33461.1351552614,17611.2795046768,318187.02926837,1.80545989053525
2014,"E06000033","Southend-on-Sea",178367,116157.103248659,98202,80,40091.0396407489,34223.3414626316,18218.3443052576,306971.828657297,1.72101245553997
2015,"E06000033","Southend-on-Sea",179234,107139.851411568,94502,29,30256.8869639567,35361.7886487021,17291.9158995575,284581.442923785,1.58776483771932
2016,"E06000033","Southend-on-Sea",180606,90888.6104284361,90067,0,22760.703638851,36234.9477205713,17175.5931783165,257126.854966175,1.42368943980917
2017,"E06000033","Southend-on-Sea",181808,80010.6772051315,82638,11,15782.9066161497,34902.7516874233,16940.5782861701,230285.913794875,1.26664345790545
2018,"E06000033","Southend-on-Sea",182463,77906.0479475674,68712,12,11248.5577955992,39056.3005791291,16886.8314207269,213821.737743023,1.1718635435295
2002,"E09000028","Southwark",256269,99282.1101122715,81266.4150525352,NA,235727.236799635,80010.425119678,35292.7020906856,531578.889174805,2.07430039987203
2003,"E09000028","Southwark",255242,211364.498682658,94943.1687477865,NA,267058.144546917,77907.0985284693,37360.38026012,688633.290765951,2.69796228977187
2004,"E09000028","Southwark",257257,209984.212813058,194425.749804042,NA,291784.480875129,76131.1014721374,38871.4806791044,811197.025643472,3.15325540468664
2005,"E09000028","Southwark",261811,227761.119832414,195742.553979254,NA,304274.357763902,91727.9198925018,40991.2872850664,860497.238753139,3.28671155433935
2006,"E09000028","Southwark",267553,374738.383545686,200876.297657553,NA,39521.8106920073,204736.517631033,35259.2478727794,855132.257399058,3.19612285191741
2007,"E09000028","Southwark",272626,389865.709628538,204859.472500001,NA,36096.9815485152,215091.472281374,36382.5785457361,882296.214504165,3.23628786140781
2008,"E09000028","Southwark",276973,350681.818189871,208467.027326882,24137,32228.8085789579,231512.009190159,37343.2532054831,884369.916491352,3.19298240800133
2009,"E09000028","Southwark",281120,387459.513915227,225847.057842312,26047.0230622389,50288.4612689507,217874.459754584,38353.9413546758,945870.457197988,3.36465017500707
2010,"E09000028","Southwark",283777,380282.757536908,233203.574603098,41237.7796537739,34489.658648799,237515.183061206,39241.0521693557,965970.005673141,3.40397567693344
2011,"E09000028","Southwark",288717,414206.890257029,245753.572428087,2553.20968060214,64517.3290242671,208724.195252137,39685.568342965,975440.764985087,3.37853595384091
2012,"E09000028","Southwark",293440,344381.702952749,253952.384134451,2365.9792994997,4875.90032246406,251531.725602139,37139.2530720018,894246.945383305,3.04746096436513
2013,"E09000028","Southwark",298663,353079.64754098,232713.661221,264,159655.730473499,133930.927492956,69537.7507786793,949181.717507114,3.17810280318323
2014,"E09000028","Southwark",302818,352940.151795478,233081.191719135,255,131149.779387493,140617.653435757,71052.316692816,929096.09303068,3.06816666456644
2015,"E09000028","Southwark",308434,311199.251309011,223363.314844818,171,96225.3633697284,148879.24384736,68108.9836922647,847947.157063182,2.74920131069591
2016,"E09000028","Southwark",311655,308475.985634105,207613.861685272,0,79454.6266759061,146444.079657943,67685.5690306772,809674.122683904,2.59798213628501
2017,"E09000028","Southwark",314232,296790.601426334,171354.685845475,0,57790,210580.318423193,67014.8712740089,803530.476969011,2.55712491715997
2018,"E09000028","Southwark",317256,318090.968404417,153022.566262806,0,0,299164.185416415,60844.3253113662,831122.045395005,2.61972049510491
2002,"E08000013","St Helens",176295,34177.5977133683,58419.4362375158,NA,87634.0916779424,59592.0861067793,16298.8575346816,256122.069270287,1.45280393244441
2003,"E08000013","St Helens",175997,44987.3729622341,61228.3554957256,NA,106813.406832616,56056.7569383237,17325.713648103,286411.605877003,1.62736640895585
2004,"E08000013","St Helens",175738,54633.0656362245,64849.4028440886,NA,119275.514241113,53443.372333266,17383.1789546374,309584.534009329,1.76162545385363
2005,"E08000013","St Helens",175361,50483.3530773279,75934.8214780669,NA,117601.262848933,63754.0291321165,17924.8895157265,325698.356052171,1.8573021142225
2006,"E08000013","St Helens",175199,156075.982347169,80920.428293113,NA,15263.9545855856,79074.0917964924,16065.495433563,347399.952455923,1.98288775881097
2007,"E08000013","St Helens",174970,161730.346070501,82612.9421217045,NA,13932.589486616,83018.1566038633,16335.7963136977,357629.830596382,2.04394942330904
2008,"E08000013","St Helens",175106,144430.184343748,86118.1208309166,20083,12848.5229529778,92295.0132155501,16802.2662820106,372577.107625203,2.12772325120329
2009,"E08000013","St Helens",175272,158230.675445503,97709.8399277775,20654,20341.9079676248,88133.3217907419,17162.3047392857,402232.049870933,2.29490192313052
2010,"E08000013","St Helens",175203,151641.919755864,93108.4744175094,27020,14116.4165870825,97211.5108975785,17493.2791245307,400591.600782565,2.28644258821233
2011,"E08000013","St Helens",175405,149245.297067502,94770.5532999703,1674,26748.8669546702,86536.6598166241,17500.865332387,376476.242471153,2.14632560343863
2012,"E08000013","St Helens",176124,149482.610510403,100177.028553624,483,2016.77560435185,104033.234375135,16130.0022936375,372322.651337151,2.11398021471889
2013,"E08000013","St Helens",176221,163558.087427874,80806.45177262,143,64049.6134476059,42885.0340894274,32849.7708859966,384291.957623524,2.18073871799345
2014,"E08000013","St Helens",177191,167082.347405555,83974,67,53106.8292538183,44703.2014828337,33700.7326586526,382634.110800859,2.15944438939257
2015,"E08000013","St Helens",177592,167855.240448678,76421,42,38458.2305360766,45843.6644319437,31970.249917946,360590.385334644,2.03044273016039
2016,"E08000013","St Helens",178480,168587.273874395,71690,0,30146.7952669976,46389.5738242787,31739.7695363018,348553.412501973,1.95289899429613
2017,"E08000013","St Helens",179331,165808.074531947,65859,0,1729.48584617013,72583.9031094172,31347.0575342756,337327.52102181,1.88103295594075
2018,"E08000013","St Helens",180049,163031.536002318,61820,0,1524.58984656358,78113.1055348842,31334.559833177,335823.791216943,1.86517998554251
2002,"E10000028","Staffordshire",810199,89873.0788931909,127495.281306361,NA,214445.509481467,269759.101417506,47035.5702439833,748608.541342508,0.923981072974057
2003,"E10000028","Staffordshire",815228,112022.465847721,137226.19586566,NA,282085.69781447,256050.765286058,49783.9134999086,837169.038313817,1.02691399009089
2004,"E10000028","Staffordshire",818563,121967.698914066,173328.012173934,NA,322201.887169334,244837.04716503,50107.6204063452,912442.26582871,1.11468789308668
2005,"E10000028","Staffordshire",822713,137290.305386988,186931.48188958,NA,306879.19406518,292799.720705059,52585.2788683266,976485.980915134,1.18690962816333
2006,"E10000028","Staffordshire",827321,541677.988108073,206026.179258962,NA,36802.3274815721,190645.937312568,49131.9182793188,1024284.35044049,1.2380736744752
2007,"E10000028","Staffordshire",833122,580458.33541663,210176.431866451,NA,33843.6050561886,201661.344618734,50138.080854814,1076277.79781282,1.29186097331821
2008,"E10000028","Staffordshire",838142,569902.960260268,222815.274449062,32780,31764.8950806118,228184.086072915,51870.163999295,1137317.37986215,1.35695070747218
2009,"E10000028","Staffordshire",841270,581681.589835338,260617.351986269,34114,50506.1179315616,218824.729049367,53219.9681733431,1198963.75697588,1.42518306486132
2010,"E10000028","Staffordshire",845272,602759.280008383,295272.551899825,44952,35305.2332378166,243122.50798744,54554.764149277,1275966.33728274,1.50953342507825
2011,"E10000028","Staffordshire",849546,578319.651747074,269243.192713052,2234,65368.1800394258,211478.200806727,57374.6098728449,1184017.83517912,1.39370656230401
2012,"E10000028","Staffordshire",852039,543621.986604116,273084.075351846,2167,5027.81596996273,259441.277343803,53065.7353959001,1136407.89066563,1.33375102626245
2013,"E10000028","Staffordshire",856837,546651.683985363,218467.226547405,1075,171846.337019469,120533.103957342,90891.06424933,1149464.41575891,1.34152051762343
2014,"E10000028","Staffordshire",859870,558926.237547555,212542.283261285,806,145825.947106027,126125.035481705,95567.343877439,1139792.84727401,1.32554089254656
2015,"E10000028","Staffordshire",862166,535318.646047444,210086.923132168,409,112926.311945647,129405.767096503,91596.5074188984,1079743.15564066,1.25236109477834
2016,"E10000028","Staffordshire",866430,492914.017572711,196318.233826062,297,80877.5560459928,118847.919812622,91578.2417915005,980832.969048888,1.13203948276132
2017,"E10000028","Staffordshire",870825,479309.493389735,186290.586887089,289,51154.551652766,141935.658474538,90391.7344386403,949371.024842768,1.09019725529557
2018,"E10000028","Staffordshire",875219,456219.786133617,173799.976639447,1608.438,32396.3699325937,146717.823034662,90458.3530200203,901200.74676034,1.02968599488853
2002,"E08000007","Stockport",283502,38620.1619910162,39176.269681446,NA,92823.6246247841,96782.2380360921,22889.6932420318,290291.98757537,1.02395040449581
2003,"E08000007","Stockport",282932,47778.4459627623,39946.0558731247,NA,117243.161325242,90075.5679569676,24447.7598460542,319490.990964151,1.1292147617242
2004,"E08000007","Stockport",282368,50610.6261032446,61957.887314531,NA,129647.921275481,85565.7899309423,24778.5962179851,352560.820842184,1.24858631587922
2005,"E08000007","Stockport",281195,59676.4126608049,59204.7286973173,NA,125581.729746437,101866.356082455,25570.8685539117,371900.095740926,1.32257008745151
2006,"E08000007","Stockport",280498,201967.405786404,67773.487129104,NA,16071.1688753263,83256.1641492336,23980.5987661971,393048.824706265,1.40125357295334
2007,"E08000007","Stockport",280953,207879.78593553,67678.3312967388,NA,14730.7871792671,87775.3581794792,24366.5968046874,402430.859395702,1.43237786888092
2008,"E08000007","Stockport",281477,200075.430602666,75241.3501536446,11425.4862120597,13483.9640176534,96862.0095331806,25001.7517075336,422089.992226738,1.49955411002227
2009,"E08000007","Stockport",282263,214736.55148981,88193.9490153354,12109.1781824835,21195.5568621197,91830.827872445,25553.260676717,453619.324098911,1.60708036157382
2010,"E08000007","Stockport",282614,218887.774636051,94250.0390365164,18233.7800928004,14649.2861677313,100886.365656326,26058.1001074069,472965.345696832,1.67353827374734
2011,"E08000007","Stockport",283253,217184.841091374,100368.126013914,0,27682.9810809321,89558.1416116715,26208.6863549598,461002.776152851,1.62753007436056
2012,"E08000007","Stockport",283766,206955.694447684,102153.557035171,621,2125.06163856433,109633.841639653,24185.0230493559,445674.177810428,1.57056933462933
2013,"E08000007","Stockport",284890,216322.937061556,84858.9293020417,106,67335.5964713669,44777.5857010612,46957.2562032627,460358.304739288,1.61591598420193
2014,"E08000007","Stockport",286388,216519.76846904,84645.3063785038,0,55614.2988649229,44563.0503350948,47929.0160699719,449271.440117533,1.5687509257285
2015,"E08000007","Stockport",288169,224663.316362971,79243.9762550485,0,42349.1308183646,48739.4591808983,45628.2554984228,440624.138115705,1.5290476703452
2016,"E08000007","Stockport",289821,217523.828435899,74412.6666803316,0,31357.3562475997,50247.791284948,45203.1480536125,418744.790702391,1.44483936879105
2017,"E08000007","Stockport",291045,228650.228231824,70510.9278383335,0,20681.693374551,88694.757631041,25875.8522637746,434413.459339524,1.49259894291097
2018,"E08000007","Stockport",291775,221095.344591013,76172.4502413985,0,2068.36168286005,86122.9643838071,44402.5528707029,429861.673769781,1.47326424049278
2002,"E06000004","Stockton-on-Tees",184940,30910.7272298629,31424.7663162573,NA,86099.8588366215,61273.6627561002,14942.0580153665,224651.073154208,1.21472408972752
2003,"E06000004","Stockton-on-Tees",185699,40816.8420429742,34315.7061964268,NA,103353.018643125,56698.313051994,15942.7588228704,251126.63875739,1.35233166983877
2004,"E06000004","Stockton-on-Tees",185687,42900.4051542403,56316.54558505,NA,113581.218887069,54423.786339853,15909.1798487791,283131.135814991,1.52477629459785
2005,"E06000004","Stockton-on-Tees",186350,47651.480150894,58198.12448758,NA,112323.184637426,67267.5198906596,17157.6360295645,302597.945196124,1.62381510703582
2006,"E06000004","Stockton-on-Tees",187270,149258.396133547,62150.5179898202,NA,14238.892499833,73763.6424298671,15401.8003361976,314813.249389265,1.6810661044976
2007,"E06000004","Stockton-on-Tees",187937,163814.645277563,68793.6055364633,NA,13075.3326029355,77909.9177057086,15710.376614516,339303.877737187,1.80541286567939
2008,"E06000004","Stockton-on-Tees",189039,161150.989616359,69215.3082162523,12244,11929.9274190496,85699.384872435,16273.6781053144,356513.28822941,1.88592453530441
2009,"E06000004","Stockton-on-Tees",189978,140852.424359233,79201.0158226479,16486,18837.967968874,81614.8651324804,16762.9258917367,353755.199174972,1.86208507919323
2010,"E06000004","Stockton-on-Tees",190902,153173.354846372,81057.0408529399,17677,13065.7546790229,89978.6796545054,17227.1256430789,372178.955675919,1.94958122846235
2011,"E06000004","Stockton-on-Tees",191824,160972.010863872,88138.133380214,698,23572.9905784258,76263.438738241,17671.9482495103,367316.521810263,1.91486217475531
2012,"E06000004","Stockton-on-Tees",192487,157544.221083356,94500.3955609276,647,1790.8552726296,92384.8188754589,16361.9981914227,363229.288983794,1.88703283330196
2013,"E06000004","Stockton-on-Tees",193433,154632.031560845,78809.2908373008,186,56340.1847719326,38414.0204601708,31969.8530214334,360351.380651682,1.86292608113239
2014,"E06000004","Stockton-on-Tees",194423,141211.83209712,78897.7233703188,139,46037.5541290486,42016.6676070445,33756.4136711802,342059.190874712,1.7593555848573
2015,"E06000004","Stockton-on-Tees",195128,134104.681489443,108216.146423834,101,33165.2679543272,42660.0927542418,32218.7124533134,350465.901075159,1.79608206446619
2016,"E06000004","Stockton-on-Tees",195958,121844.289866476,85079.9503263069,21,24639.2929112243,37637.1987566969,32051.5620385211,301273.293899225,1.53743809336299
2017,"E06000004","Stockton-on-Tees",196487,119955.889150255,77550.0039295224,0,16884.7900997969,42951.4827324914,31640.6019888722,288982.767900937,1.47074751968801
2018,"E06000004","Stockton-on-Tees",197213,117005.633750951,70968.0008170795,0,11826.3099884097,52381.4838546602,31669.7987099229,283851.227121024,1.43931296172678
2002,"E06000021","Stoke-on-Trent",239955,45527.9211068091,42520.7186936392,NA,105563.490518533,82635.8985824936,13930.4297560167,290178.458657492,1.20930365550829
2003,"E06000021","Stoke-on-Trent",240031,59343.5341522792,43874.8041343405,NA,129032.30218553,76233.2347139423,14658.0865000914,323141.961686183,1.34625094961144
2004,"E06000021","Stoke-on-Trent",241078,66294.3010859338,83322.9878260656,NA,143169.112830666,72199.9528349696,14757.3795936548,379743.73417129,1.57519032915193
2005,"E06000021","Stoke-on-Trent",241481,72379.6946130123,83743.5181104197,NA,144116.80593482,85925.2792949406,15434.7211316734,401600.019084866,1.66307087963387
2006,"E06000021","Stoke-on-Trent",243069,201153.011891927,96850.8207410383,NA,18620.6725184279,96459.0626874317,14435.0817206812,427518.649559506,1.75883658368408
2007,"E06000021","Stoke-on-Trent",243697,209290.66458337,96728.5681335489,NA,17289.3949438114,103021.655381266,14665.919145186,440996.202187183,1.80960866234374
2008,"E06000021","Stoke-on-Trent",245509,199955.039739732,95931.7255509384,22011,16302.1049193883,117105.913927085,15193.836000705,466499.620137849,1.90013246006398
2009,"E06000021","Stoke-on-Trent",245869,211704.410164662,110814.648013731,25473,26043.8820684383,112835.270950633,15554.0318266569,502425.243024121,2.04346722451436
2010,"E06000021","Stoke-on-Trent",247381,212572.719991617,128957.448100175,28603,18202.7667621834,125357.49201256,15966.235850723,529659.662717258,2.14106848431067
2011,"E06000021","Stoke-on-Trent",248719,209200.348252926,123575.807286948,1273,34319.8199605742,111031.799193273,16797.3901271551,496198.164820877,1.99501511674169
2012,"E06000021","Stoke-on-Trent",249792,198726.013395884,127514.924648154,1198,2643.18403003727,136333.722656197,15557.2646040999,481973.109334372,1.92949777949002
2013,"E06000021","Stoke-on-Trent",250194,187584.316014637,102241.773452595,244,98538.6629805308,63005.8960426582,26539.93575067,478154.584241092,1.91113529597469
2014,"E06000021","Stoke-on-Trent",250956,168832.762452445,103459.716738715,253,82327.0528939726,69416.9645182954,27891.656122561,452181.152725989,1.80183439617299
2015,"E06000021","Stoke-on-Trent",251746,180471.353952556,97864.0768678316,66,61607.6880543526,70623.2329034969,26745.4925811016,437377.844359339,1.73737753274864
2016,"E06000021","Stoke-on-Trent",253659,177587.982427289,94722.766173938,38,50366.4439540072,73335.080187378,26810.7582084995,422861.030951112,1.66704524953229
2017,"E06000021","Stoke-on-Trent",255378,170249.506610265,91567.4131129113,32,39170.448347234,82758.3415254621,26508.2655613597,410285.975157232,1.606583085298
2018,"E06000021","Stoke-on-Trent",255833,165712.213866383,85721.0233605528,46,31596.6300674063,84148.1769653385,26441.6469799797,393665.69123966,1.53876040713927
2002,"E10000029","Suffolk",674579,77200,125462,NA,175671,226099,37703,642135,0.951904817671466
2003,"E10000029","Suffolk",681408,106003,132422,NA,230362,212318,40324,721429,1.05873280031934
2004,"E10000029","Suffolk",689087,124009,176913,NA,262347,203361,40383,807013,1.17113368848926
2005,"E10000029","Suffolk",697837,126557,187335,NA,253334,244813,42856,854895,1.22506401924805
2006,"E10000029","Suffolk",702961,448421,217524,NA,33519,173641,38165,911270,1.2963308064032
2007,"E10000029","Suffolk",709144,482987,228202,NA,31007,184760,39154,966110,1.36236081811311
2008,"E10000029","Suffolk",714348,454840,234321,31068,29219,209902,40241,999591,1.39930538057081
2009,"E10000029","Suffolk",718183,490206,267610,32479,46452,201251,41498,1079496,1.50309322275799
2010,"E10000029","Suffolk",723976,490898,278722,44602,32454,223501,42792,1112969,1.53730096025283
2011,"E10000029","Suffolk",730133,472660,278448,2189,60261,194957,45906,1054421,1.44414921664957
2012,"E10000029","Suffolk",732802,435848,282080,2169,4611,237832,42761,1005301,1.37185897418402
2013,"E10000029","Suffolk",735844,423116,232635,1243,161414,113643,70199,1002250,1.36204141095123
2014,"E10000029","Suffolk",742499,412148,233895,1905,136640,111543,73751,969882,1.30624014308437
2015,"E10000029","Suffolk",747734,405122,215495,1918,104849,121940,70741,920065,1.23047099637037
2016,"E10000029","Suffolk",751175,384589,202457,2269,77176,129855,70376,866722,1.15382167936899
2017,"E10000029","Suffolk",756978,356125.756,188131.481,2290.42,49934,134978,69487,800946.657,1.0580844582009
2018,"E10000029","Suffolk",758556,349438,170832,4898,0,193335,69487,787990,1.03880267244607
2002,"E08000024","Sunderland",283037,48048.3172754292,104659.650019803,NA,159515.721981209,96185.582780171,22985.982966645,431395.255023257,1.52416558620695
2003,"E08000024","Sunderland",281528,73569.7096807627,103871.585195339,NA,186454.384393082,89041.2970248671,24990.8123740492,477927.7886681,1.69762080030441
2004,"E08000024","Sunderland",280113,83598.0240756617,117923.738044031,NA,205286.98721014,84408.6066758013,25162.4568549977,516379.812860632,1.84346964568096
2005,"E08000024","Sunderland",279199,91454.5839285313,116346.711879353,NA,203339.52559542,102093.107359358,26068.1622681696,539302.091030831,1.93160466559992
2006,"E08000024","Sunderland",278370,235251.937132001,117558.915734187,NA,27878.5109704667,144424.074832657,21113.5641052318,546227.002774544,1.96223372768094
2007,"E08000024","Sunderland",277834,243088.094978229,123895.784747327,NA,25274.0737246926,150603.757980923,21406.5822688195,564268.29369999,2.03095479207005
2008,"E08000024","Sunderland",276812,239703.985011176,128634.76948393,25382,22849.9365107606,164142.74934964,21544.6406692607,602258.081024767,2.17569354299946
2009,"E08000024","Sunderland",276209,240140.079096626,145878.273932726,28945.330683278,35760.0622029268,154931.010148407,21820.7005457989,627475.456609763,2.27174153126713
2010,"E08000024","Sunderland",275980,225884.309060376,163673.967651416,35938,24615.563856792,169516.417222407,22202.4098419837,641830.667632975,2.32564195823239
2011,"E08000024","Sunderland",275330,226053.442201452,157247.739733135,773,45025.2277944824,145662.742627539,24091.0527457039,598853.205102312,2.17503797298628
2012,"E08000024","Sunderland",275764,210589.830205683,161880.110895938,172,3410.17965881236,175917.228563736,22266.0125476329,574235.361871802,2.08234345988527
2013,"E08000024","Sunderland",276089,190053.115987881,132477.981705422,51,117822.62326762,78810.0593577509,46229.4911648289,565444.271483503,2.04805070641533
2014,"E08000024","Sunderland",276782,177383.717313151,132516.505708811,51,98381.3239824869,81155.9724307547,45990.7358767895,535479.255311993,1.93466069076744
2015,"E08000024","Sunderland",276813,173424.050199077,133343.207918393,39,73587.0060266608,86749.591191062,43711.8173898762,510854.672725069,1.84548656575041
2016,"E08000024","Sunderland",277307,173257.91333687,130539.406465593,14,60475.7186610287,86860.3563591459,43341.2644721341,494488.659294772,1.78318130914392
2017,"E08000024","Sunderland",277249,168083.305962543,123061.645496129,14,47386.9517076893,90394.9747126701,42609.1708335404,471550.048712572,1.70081785222876
2018,"E08000024","Sunderland",277417,169973.373828215,116086.632130495,14,38505.4861370098,94418.0464944987,42398.5818150613,461396.12040528,1.66318617966916
2002,"E10000030","Surrey",1059472,122691,149619,NA,157776,359357,54443,843886,0.796515622876301
2003,"E10000030","Surrey",1062774,146107,162519,NA,235303,336055,53950,933934,0.87877008658473
2004,"E10000030","Surrey",1065142,158035,225065,NA,283417,320781,54988,1042286,0.97854182822572
2005,"E10000030","Surrey",1071781,162170,247980,NA,261969,384357,57791,1114267,1.03964056089817
2006,"E10000030","Surrey",1082841,656948,262005,NA,31541,163407,61759,1175660,1.08571803247199
2007,"E10000030","Surrey",1095639,732822,284325,NA,28776,171458,63221,1280602,1.168817466337
2008,"E10000030","Surrey",1104242,725245,298674,39017,27004,193990,64348,1348278,1.22099865790289
2009,"E10000030","Surrey",1113665,735319,340572,40352,42005,181979,66132,1406359,1.26282050706451
2010,"E10000030","Surrey",1125804,786345,404705,18938,28785,198241,67964,1504978,1.33680285378272
2011,"E10000030","Surrey",1135367,778035,373722,1944,55662,180079,70029,1459471,1.28546188148854
2012,"E10000030","Surrey",1144046,749444,382354,2205,4339,223846,65023,1427211,1.24751190074525
2013,"E10000030","Surrey",1154136,694635,326037,1701,179134,124811,101043,1427361,1.23673553203435
2014,"E10000030","Surrey",1164095,682922,328460,761,155070,130250,106076,1403539,1.20569111627487
2015,"E10000030","Surrey",1172382,689919,328153,184,125208,133017,101127,1377608,1.17505045283875
2016,"E10000030","Surrey",1180956,670670,320403,197,73686,132852,100602,1298410,1.09945671134234
2017,"E10000030","Surrey",1185321,653162,305840,182,28665,148584,99324,1235757,1.04255049897876
2018,"E10000030","Surrey",1189934,658082.62912,299342.75139,78,0,186504.417,99324,1243331.79751,1.04487458759057
2002,"E09000029","Sutton",181265,44509.2946766909,42884.2225727567,NA,76813.1851276816,59523.9914789476,24963.3457205832,248694.03957666,1.3719915018159
2003,"E09000029","Sutton",181267,95944.3447540352,49648.5071164033,NA,92590.1517837426,57049.9019360452,26532.4830890338,321765.38867926,1.77509082557366
2004,"E09000029","Sutton",181094,95409.0144958851,74974.0509102308,NA,105346.939848481,54718.7433850012,27363.2667803082,357812.015419906,1.97583583895605
2005,"E09000029","Sutton",182103,92233.1485569441,77139.9645251123,NA,105930.057903907,64468.0499298511,28511.5460712974,368282.766987112,2.02238714896027
2006,"E09000029","Sutton",182882,204315.741399282,86808.8193561973,NA,11910.8810776768,61705.5106106024,24100.9510992949,388841.903543053,2.12619013103014
2007,"E09000029","Sutton",184174,225980.297914089,87823.8567349232,NA,10839.6317948994,64589.1046193312,24578.4518757653,413811.342939008,2.24684995134497
2008,"E09000029","Sutton",185860,214344.878023379,94273.0983488436,7240,9757.02070413039,70084.9863780329,25058.821765194,420758.80521958,2.26384808576122
2009,"E09000029","Sutton",188167,247016.608181156,106889.732018406,8318.42651733174,15199.156657636,65849.8583830421,25672.1189630239,468945.900720596,2.49217929137732
2010,"E09000029","Sutton",189321,254694.868539892,112508.049861099,10141.8933522876,10404.6201420456,71651.4375771491,26179.5537966593,485580.423269133,2.56485241082148
2011,"E09000029","Sutton",191123,250002.321441391,101822.232418504,878.392941135173,19369.7266046163,62664.1100807164,26270.7941631857,461007.577649549,2.41209889782783
2012,"E09000029","Sutton",193476,204018.625137971,100946.428887667,124.601141459938,1476.11873905758,76167.3790301237,24487.3027786213,407220.4557149,2.10475953459292
2013,"E09000029","Sutton",195787,189848.3365402,89289.8986532514,56,52741.3431701115,54001.6283606048,45585.1163743258,431522.323098494,2.2040397120263
2014,"E09000029","Sutton",197954,189184.998865728,89226.4291012083,58,46197.1635796809,55692.808308033,46447.3389911092,426806.738845759,2.15609050004425
2015,"E09000029","Sutton",199870,161883.097599914,85894.0634561488,37,37801.6190196529,55302.7398917494,44135.6743114344,385054.1942789,1.92652321148196
2016,"E09000029","Sutton",201945,156275.106059198,73130.8795239359,1,28622.4154564049,56371.7475783266,43858.6329046546,358259.78152252,1.77404630727436
2017,"E09000029","Sutton",203243,150329.559992911,62164.4769224389,13,16830,88247.3348808686,43344.7372716445,360929.109067863,1.7758501353939
2018,"E09000029","Sutton",204525,142791.49235921,57325.1005273357,15,0,111703.853749944,39224.4295909523,351059.876227442,1.71646437466052
2002,"E06000030","Swindon",182110,21748.0446460071,22520.8530848682,NA,54838.4112696986,60355.0086297296,10234.0891554473,169696.406785751,0.931834642720064
2003,"E06000030","Swindon",184368,29249.0589188147,23603,NA,71776.5975660129,57186.8627274067,11297.8749831941,193113.394195428,1.04743444738473
2004,"E06000030","Swindon",186390,32480.1977499463,44433.712875971,NA,80925.7902764615,54765.5888178661,11480.1912933126,224085.481013557,1.20223982517065
2005,"E06000030","Swindon",189684,40091.6339654095,49326.9671103031,NA,78190.8443139642,65650.7729921931,12088.2778223002,245348.49620417,1.29345910147493
2006,"E06000030","Swindon",192345,137386.063190249,50553.0507837612,NA,8836.55868694008,45777.3154922775,10979.621208729,253532.609361957,1.31811385459438
2007,"E06000030","Swindon",196942,143127.520171769,58074.6057547447,NA,8079.2379067017,48141.2724367573,11450.4398339458,268873.076103919,1.36523989856871
2008,"E06000030","Swindon",201521,146294.216797952,60239.7133857846,13060,7376.92932793691,52993.3220534788,11898.2680718809,291862.449637034,1.44829794233372
2009,"E06000030","Swindon",204371,149288.719029865,75532.600762649,13854,11418.8600171067,49470.4358632775,11750.6579449307,311315.273617829,1.52328497496136
2010,"E06000030","Swindon",206939,155594.515063399,86316.8621374077,16955,7841.55060120684,53999.8818040045,12144.2630335323,332852.072639551,1.60845501640363
2011,"E06000030","Swindon",209709,138172.705484278,81285.6738203699,578,15264.3312612934,49382.7870525768,12759.5345088213,297443.03212734,1.41836083395248
2012,"E06000030","Swindon",211918,117445.080245982,83653,0,1181.20199410016,60959.5916159528,11899.5289446483,275138.402800683,1.29832483696846
2013,"E06000030","Swindon",214028,108928.947682721,72637,0,44317.5517314922,30321.0471842626,19819.0694744063,276023.616072882,1.28966124092587
2014,"E06000030","Swindon",215991,111362.338313699,74841,0,37844.9868317938,31088.8273359113,20622.0161358702,275759.168617274,1.27671601417316
2015,"E06000030","Swindon",217584,117231.548528406,66614,0,29642.9272381956,29490.3521203958,19640.9905292811,262619.818416278,1.20698129649367
2016,"E06000030","Swindon",218580,116282.955548339,62445,0,22016.2222009489,32122.0719232645,19496.6767114037,252362.926383956,1.15455634725938
2017,"E06000030","Swindon",220363,122491.475314737,49883,0,14422.2389067275,34357.4032620646,19252.0718796325,240406.189363162,1.09095532990185
2018,"E06000030","Swindon",221996,121312.397657858,44513.9146126712,0,9617.37051104047,38540.0427439544,19296.3192567286,233280.044782253,1.05082994640558
2002,"E08000008","Tameside",213211,40945.8815502768,65885.230478271,NA,109639.863937026,72900.9517813392,17214.461929111,306586.389676024,1.43794827507035
2003,"E08000008","Tameside",213470,106843.610498886,9141.76779309489,NA,134303.241401112,67484.287114126,18445.6452233653,336218.552030584,1.57501546835895
2004,"E08000008","Tameside",213667,117080.580400761,8530.73453731971,NA,145555.53797232,64359.5340554689,18749.887799284,354276.274765154,1.65807670236936
2005,"E08000008","Tameside",213474,123991.369093877,10009.5274060034,NA,144936.014263735,76975.0038704318,19412.5627897998,375324.477423846,1.75817419181655
2006,"E08000008","Tameside",214187,253120.98964047,12431.2020753139,NA,17591.1008844965,91128.9867650817,18311.4764024537,392583.755767816,1.83290188371757
2007,"E08000008","Tameside",214750,203224.990107438,85391.5746013556,NA,16197.1715438085,96513.9294225125,18624.9182738986,419952.583949013,1.95554171803964
2008,"E08000008","Tameside",216360,193481.648952465,90652.4262381742,14775.5081581843,14977.1324614782,107586.503293693,19217.8366241006,440691.055728095,2.03684163305646
2009,"E08000008","Tameside",217417,193374.118730617,99821.1357991206,16685.0964841337,23751.5264851981,102904.826203021,19682.7542984727,456219.458000563,2.0983614804756
2010,"E08000008","Tameside",218774,187864.742221643,106200.408083729,21244.6976866763,16528.6186744437,113825.973030696,20171.8060425097,465836.245739697,2.12930350836798
2011,"E08000008","Tameside",219727,183197.108219452,106559.586001417,556,30767.1537317168,99538.042251654,20330.7856464583,440948.675850697,2.00680242232724
2012,"E08000008","Tameside",220201,193410.251034565,111077.167827371,470,2342.17307173342,120825.238752681,18767.4572023823,446892.287888732,2.02947437972004
2013,"E08000008","Tameside",220545,197782.622623612,93491.2955278135,139,77345.0679517625,52844.1706919883,36351.5324137336,457953.68920891,2.07646371130114
2014,"E08000008","Tameside",220696,204815.751784443,95840.0646553287,63,63461.0408197726,55017.7485256159,36935.0047159047,456132.610501065,2.06679147107816
2015,"E08000008","Tameside",221507,196252.672649079,88840.7813967742,37,46808.9425864111,57612.0966126934,35073.0924932562,424624.585738214,1.91698043735961
2016,"E08000008","Tameside",223109,198298.980709921,84353.4905449022,0,36855.0713959503,54191.7932785874,34798.1311191854,408497.467048546,1.83093226650895
2017,"E08000008","Tameside",224119,198684.521641159,79884.778327061,0,15925.9236111632,93617.4694549341,19925.6820543383,408038.375088655,1.82063267767862
2018,"E08000008","Tameside",225197,188001.160510195,78431.7636466874,0,1596.39738118425,92052.7690115336,34270.6595795516,394352.750129152,1.75114566414807
2002,"E06000020","Telford and Wrekin",159401,20086.3419959976,41981.0844596862,NA,61241.7223123687,50454.7762706206,8470.71439534856,182234.639434022,1.14324652564301
2003,"E06000020","Telford and Wrekin",159848,27474.4471070553,44548.5500145805,NA,74803.4525275743,50292.0116163782,9145.25677822186,206263.71804381,1.29037409316232
2004,"E06000020","Telford and Wrekin",160603,29027.926967308,49198.6689616926,NA,85094.297280567,48605.9771614881,9426.82840109579,221353.698772151,1.37826627629715
2005,"E06000020","Telford and Wrekin",161535,33578.8029083417,51269.4943890939,NA,87086.334876894,57916.870353579,9702.48395696159,239553.98648487,1.48298502791884
2006,"E06000020","Telford and Wrekin",162710,125478.444489881,54781.6511946354,NA,10255.1421488716,53128.2429127502,8798.89588915114,252442.376635289,1.55148655052111
2007,"E06000020","Telford and Wrekin",163368,133453.072791527,60343,NA,9508.25082560926,56659.121232009,8994.50413927832,268957.948988423,1.64633189479227
2008,"E06000020","Telford and Wrekin",164089,126377.068770418,64384,9343,9058.99285604248,65076.4266587372,9114.48493540744,283353.973220605,1.72683100768854
2009,"E06000020","Telford and Wrekin",164889,130768.150854929,76708.3798522805,10063,14545.7146827846,63020.1829168302,9244.7016509288,304350.129957753,1.84578795406457
2010,"E06000020","Telford and Wrekin",165641,139724.075722791,79808.1770622023,12553,10263.2862365435,70679.2698934082,9501.6614756772,322529.470390623,1.94715964278544
2011,"E06000020","Telford and Wrekin",166831,136563.122814057,81678.9932588033,610,19026.2408686523,61554.948617946,10104.7294028747,309538.034962334,1.85539878657044
2012,"E06000020","Telford and Wrekin",167811,134517.755634343,86597.8178374535,780,1450.27565464941,74830.9227444727,9353.15635580654,307529.928226725,1.83259695864231
2013,"E06000020","Telford and Wrekin",168642,126675.927217485,71927.268494553,0,52688.644089616,34810.2947436507,16518.537687723,302620.672233028,1.79445613923594
2014,"E06000020","Telford and Wrekin",169768,132794.003019209,73271,76,43655.4806073142,36289.7888883802,17503.02032996,303589.292844864,1.78825981836897
2015,"E06000020","Telford and Wrekin",171677,136725.103316738,71882,42,32767.6652042554,39089.5424877662,16782.6916832604,297289.00269202,1.73167636137642
2016,"E06000020","Telford and Wrekin",173727,138946.999158556,72452.8362,0,25975.2753508878,39863.7912845023,16766.2805806166,294005.182574563,1.69234018071205
2017,"E06000020","Telford and Wrekin",175768,147526.99448182,69663,0,19179.7047667707,42377.925997563,16598.019967972,295345.645214126,1.68031521786745
2018,"E06000020","Telford and Wrekin",177799,139584.640953923,67342,0,14704.2360657976,44364.4956181122,16664.1193656087,282659.492003442,1.58976986374188
2002,"E06000035","The Medway Towns",250262,30777.0552468806,63790.3179401345,NA,104855.437156359,81580.9274780869,16132.7127690769,297136.450590538,1.18730151037927
2003,"E06000035","The Medway Towns",251159,38419.5661293397,68418.7818454511,NA,125047.859139298,79191.6729950225,16653.9462212654,327731.826330376,1.3048778914169
2004,"E06000035","The Medway Towns",251459,41791.6238679152,84190.6376138285,NA,137400.499020673,75868.4535475555,16496.2559616776,355747.47001165,1.41473349536764
2005,"E06000035","The Medway Towns",252098,44735.3361703174,89900.8525159542,NA,132996.126624532,90575.3776122017,17253.9839232109,375461.676846216,1.48934809814523
2006,"E06000035","The Medway Towns",253478,197493.783494978,99871.2794283043,NA,13550.993423455,70201.1237675825,15900.4565349167,397017.636649236,1.5662804529357
2007,"E06000035","The Medway Towns",255824,207549.641811958,103327.092837586,NA,12561.3264300935,74852.15615512,16263.8072582899,414554.024493047,1.62046572836421
2008,"E06000035","The Medway Towns",258224,215186.321235635,113474.576600386,0,11663.4200431511,83786.1921723761,16806.4306882058,440916.940739754,1.70749791165714
2009,"E06000035","The Medway Towns",260230,213945.53950253,129032.429858702,11852,18538.8456678535,80321.926662888,17309.7945796488,471000.536271623,1.80993942386206
2010,"E06000035","The Medway Towns",262738,204677.326288329,141154.451710356,16199,12946.2952288027,89157.2020298103,17807.9981710479,481942.273428346,1.83430746001091
2011,"E06000035","The Medway Towns",264885,183721.524250715,128607.458979722,0,24304.2233689183,78627.7647929276,18034.5372082264,433295.508600509,1.63578726088872
2012,"E06000035","The Medway Towns",268130,165399.527924287,129696.680827052,112,1851.85786209425,95553.786100747,16792.8532198199,409406.705934,1.52689630378548
2013,"E06000035","The Medway Towns",270689,182830.146380293,106603.822013003,429,66314.387413447,39812.027012087,29326.3822603771,425315.765079207,1.57123401792909
2014,"E06000035","The Medway Towns",273212,153936.672252601,110703.010296138,0,55046.0035057248,46930.4735640077,30123.4533537764,396739.612972248,1.45213099341262
2015,"E06000035","The Medway Towns",275176,153828.283124504,105176.241769339,0,40981.5506184813,48034.3233941842,28641.4556341741,376661.854540682,1.36880343685744
2016,"E06000035","The Medway Towns",276957,143879.697958573,100732.372721945,0,29872.0513493214,44825.4141856889,28372.3979982337,347681.934213763,1.2553643136435
2017,"E06000035","The Medway Towns",277616,134249.634739923,99173.3636929706,0,20218.0101689069,48448.5310841522,27842.9339370349,329932.473622987,1.188449057774
2018,"E06000035","The Medway Towns",277855,125596.631473519,89794.013623233,0,0,68521.4104793017,27652.2062597009,311564.261835754,1.12131961575554
2002,"E06000034","Thurrock",144728,25674.8629540834,15588.3273633996,NA,59549.2809249295,45386.4975458945,8224.48535659605,154423.454144903,1.066990866625
2003,"E06000034","Thurrock",145977,30997.0138041608,19052.2404571063,NA,71378.038245649,45443.6491102196,8460.26800665813,175331.209623794,1.20108790853212
2004,"E06000034","Thurrock",147056,29757.5519019265,36684.1746666212,NA,82264.6880772358,43954.7156238893,8608.07446067859,201269.204730351,1.3686568703783
2005,"E06000034","Thurrock",148556,28926.5117217097,33973.6981732957,NA,83016.7796007054,52475.2983673344,9015.04246089795,207407.330323943,1.39615586259689
2006,"E06000034","Thurrock",150206,111222.40815617,44113.313150107,NA,9240.07485900174,47865.9224400177,8898.10575783605,221339.824363133,1.4735751192571
2007,"E06000034","Thurrock",151741,118209.786994259,48973.5024921759,NA,8560.75511202589,51011.777939214,9141.44739824459,235897.269935919,1.55460468782939
2008,"E06000034","Thurrock",153633,120787.095156509,51308.006139986,6552,7950.04397284884,57106.8064638884,9536.46649203076,253240.418225263,1.64834650254348
2009,"E06000034","Thurrock",155003,124560.917224742,61253.3648771296,7229,12604.8833189891,54612.7060648781,9855.15275687745,270116.024242616,1.74265029865626
2010,"E06000034","Thurrock",156585,124877.380872952,65336.4129580466,9121,8777.62623572152,60447.8200737066,10176.2655360324,278736.505676459,1.78009710812951
2011,"E06000034","Thurrock",158268,114903.612347981,70601.4380955631,0,16536.0920399204,53497.3815119762,10764.8245458294,266303.34854127,1.68261018362063
2012,"E06000034","Thurrock",159837,97897.8100598618,76131.0162157321,0,1284.66290014076,66245.9849518832,10050.2097333428,251609.683860961,1.57416420391374
2013,"E06000034","Thurrock",161305,81832.7535776409,61560,493,45598.5925571622,26512.4467941819,16119.2233170402,232116.016246025,1.43898835278525
2014,"E06000034","Thurrock",163822,71925.0517158546,60761,117,37621.2246941797,30737.9741324978,16732.722985619,217894.973528151,1.33007150155749
2015,"E06000034","Thurrock",166040,69653.54146187,58823,75,28304.7584358736,32172.1022977253,16019.0015062016,205047.40370167,1.2349277505521
2016,"E06000034","Thurrock",168428,69655.718997379,53181,0,21999.772800928,32863.3135703154,16017.4679016062,193717.273270229,1.15014886640124
2017,"E06000034","Thurrock",170394,64522.8273546333,51433,0,15692.7283505248,33895.0225019076,15877.0400449577,181420.618252023,1.06471247961796
2018,"E06000034","Thurrock",172525,71066.0325608702,43350,0,11577.8741864693,40225.7619868918,15967.076014649,182186.74474888,1.05600199825463
2002,"E06000027","Torbay",130521,19670.2331213568,48546.204911964,NA,45459.6322067544,42061.7442894158,7803.6035978148,163541.418127306,1.25298931304009
2003,"E06000027","Torbay",131238,30084.0343180171,46767.9453304251,NA,53882.0028000845,41228.8389234392,8355.24299601497,180318.064367981,1.37397753979778
2004,"E06000027","Torbay",131937,31002.7197680199,52087.0156729579,NA,60577.2446895552,39607.9740438828,8519.27200626517,191794.226180681,1.45368036396675
2005,"E06000027","Torbay",132178,32919.5257686859,55197.1762525223,NA,59844.7788069871,47382.9463260597,8815.47008971529,204159.89724397,1.54458304138336
2006,"E06000027","Torbay",131857,95003.6256271024,60853.5103718661,NA,8396.21022914986,43496.6230705972,8123.41300678348,215873.382305499,1.63717802092797
2007,"E06000027","Torbay",132172,103236.00825876,63263.7430909815,NA,7837.15197713527,46699.7033752994,8311.18660795908,229347.793310136,1.7352222354972
2008,"E06000027","Torbay",132070,97108.0063493261,69805.11205184,7527,7557.86047896207,54292.8969555368,8485.11203461904,244775.987870284,1.85338069107507
2009,"E06000027","Torbay",131641,99569.6936527483,79612.9984054266,7930,12155.9217331209,52667.5994596492,8579.06733475946,260515.280585704,1.97898284414206
2010,"E06000027","Torbay",131443,97888.1369125694,90102,12218,8595.48994950587,59193.4697356113,8801.20684520944,276798.303442896,2.10584286301207
2011,"E06000027","Torbay",131193,85033.8038409092,85091,586,16652.5915288594,53873.9526226829,9335.52426449693,250572.872256948,1.90995611242176
2012,"E06000027","Torbay",131480,71779.2436741393,89190.6837893112,591,1284.13086861037,66224.4830975221,8629.6802455828,237699.221675166,1.80787360568273
2013,"E06000027","Torbay",132201,69167.8064205057,70159.8477405032,218,44369.1393467936,29583.6249744383,14290.0496194886,227788.468101729,1.72304648302002
2014,"E06000027","Torbay",133264,62491.5659894741,69876.8449538914,112,36744.9880553731,30557.8202625889,14932.5272418442,214715.746503172,1.61120592585523
2015,"E06000027","Torbay",133791,62307.3325457102,68346.7109541269,56,26868.0229234987,31895.3498674775,14175.6000903383,203649.016381152,1.52214286746606
2016,"E06000027","Torbay",134406,59072.4933648118,65953,37,21011.7753367326,31017.2748833552,14061.9925561749,191153.536141074,1.42220984287215
2017,"E06000027","Torbay",135247,58000.9786276504,62367,12,14887.8228448259,33072.3728168771,13840.212618404,182180.386907757,1.34701980012686
2018,"E06000027","Torbay",135780,68202.373642566,59177.1864369465,10,564.857932269406,45036.5384431145,13790.0551301198,186781.011585016,1.37561505070714
2002,"E09000030","Tower Hamlets",207031,88875.1508245386,112006.630863434,NA,259647.247489416,62827.8810739967,28511.77242092,551868.682672306,2.66563308235146
2003,"E09000030","Tower Hamlets",208651,162714.491657468,126737.593728283,NA,288866.168435676,62517.6390565176,30540.7444764353,671376.637354379,3.21770150804156
2004,"E09000030","Tower Hamlets",211154,158298.856852597,197050.064010397,NA,316436.162085802,62642.5478189037,31905.3267017637,766332.957469463,3.62926090658696
2005,"E09000030","Tower Hamlets",213382,166783.566049861,198928.002269581,NA,333618.291673677,74668.9044558931,33408.844026653,807407.608475665,3.78385997167364
2006,"E09000030","Tower Hamlets",218400,370290.2268873,215634.489317667,NA,38247.2578895934,198136.686176636,28781.6609621833,851090.321233379,3.89693370528104
2007,"E09000030","Tower Hamlets",225251,419267.15340627,241150.130123678,NA,35403.4303616845,210959.726701972,30060.2737816848,936840.714375289,4.15909680478794
2008,"E09000030","Tower Hamlets",231893,389632.340511543,241111.222454581,21931,31606.3648398951,227044.199839455,31265.2822317666,942590.409877241,4.06476439511862
2009,"E09000030","Tower Hamlets",240495,453509.294337089,270561.647822235,31195.8289035043,49456.5945961735,214270.267639011,32811.3657018098,1051804.99899982,4.37350048441682
2010,"E09000030","Tower Hamlets",248520,459926.177156967,291305.512756009,42126.3707085348,34026.4188373248,234325.232951828,34365.6684126207,1096075.38082328,4.41041115734462
2011,"E09000030","Tower Hamlets",256012,494214.644625992,309147.740009973,4625.04687895176,62699.3829811222,202842.91336461,35190.1056142144,1108719.83347486,4.33073384636214
2012,"E09000030","Tower Hamlets",263624,453495.333898635,313848.537333221,2374.77739521302,4737.9072880632,244399.494104888,33365.5890534808,1052221.6390735,3.99137270913688
2013,"E09000030","Tower Hamlets",273616,497938.764053708,294188.032570641,135,153318.271748549,131258.426721464,63706.0540376917,1140544.54913205,4.16841321096739
2014,"E09000030","Tower Hamlets",284596,480559.731034436,284570.495289246,135,124725.452247102,141350.131026566,66776.7606995247,1098117.57029688,3.85851371873419
2015,"E09000030","Tower Hamlets",293828,444259.071994735,296413.197047547,88,90188.6427443166,162012.272431645,64883.6589362092,1057844.84315445,3.6002179613735
2016,"E09000030","Tower Hamlets",300943,439033.379344738,287849.001864725,0,74434.2707504362,158695.675800165,65359.1253174154,1025371.45307748,3.40719489430716
2017,"E09000030","Tower Hamlets",307964,415731.874798428,274294.258951462,0,53958,212537.041099825,65678.1225878615,1022199.29743758,3.31921684819517
2018,"E09000030","Tower Hamlets",317705,476309.217552782,229705.141660126,0,0,274481.061927031,60930.4359036475,1041425.85704359,3.27796495819577
2002,"E08000009","Trafford",211062,35910.4433765824,36815.9351168787,NA,83438.6764063611,73043.7375410885,17040.9536266048,246249.746067515,1.16671758093601
2003,"E08000009","Trafford",213031,44577.7049711352,39937.3945319286,NA,103150.063896193,66617.8004553772,18407.7118451245,272690.675699758,1.28005161549145
2004,"E08000009","Trafford",214129,45031.5802423138,58088.7059290472,NA,113912.460405561,63515.1474994431,18790.4296151155,299338.323691481,1.39793453334897
2005,"E08000009","Trafford",215430,54542.4352656242,58798.0820009711,NA,110955.833529312,76483.6790513464,19590.4344407589,320370.464288013,1.48712094085324
2006,"E08000009","Trafford",217369,167374.534711067,64866.9432500988,NA,13572.2726410199,70311.4349476815,18583.5149384648,334708.700488332,1.5398180075739
2007,"E08000009","Trafford",219359,180930.281755425,64774.0892851164,NA,12384.3652278383,73794.1490672546,19024.6493487502,350907.534684384,1.59969517860851
2008,"E08000009","Trafford",220939,179974.236082957,68626.5304753003,10025.0691715709,11222.2986499654,80618.8956193629,19624.5590954528,370091.589094609,1.67508492884737
2009,"E08000009","Trafford",223065,192589.868541305,79858.035701122,10319.800389267,17568.6349200877,76117.5310025293,20194.0675641224,396647.938118434,1.778172004207
2010,"E08000009","Trafford",225234,190899.828835006,84771.9005015702,13884.5155492007,12097.6802660264,83313.8520463844,20767.4429419338,405735.220140121,1.8013941951043
2011,"E08000009","Trafford",227091,166029.991965773,80280.8510999908,571,22413.7665925867,72513.770546953,21012.1580108037,362821.538216107,1.59769228290028
2012,"E08000009","Trafford",228308,159499.047207776,80745.640702501,479,1695.97366343165,87500.288191911,19458.406723682,349378.356489302,1.53029397344509
2013,"E08000009","Trafford",230146,170048.74817989,68219.2251084548,25,51388.9104619299,34173.562851474,37934.0260667489,361789.472668497,1.57199982910195
2014,"E08000009","Trafford",232319,153827.823131412,73974.7457663995,25,43382.1940234927,25383.7078955783,38880.1942971068,335473.665113989,1.44402164745023
2015,"E08000009","Trafford",232975,157432.093940233,67698.0835274437,17,33204.9024232603,31617.1297039924,36888.9187412423,326858.128336172,1.40297511894483
2016,"E08000009","Trafford",234210,158812.955572481,64042.1883169282,0,25468.5984995922,43463.581620544,36529.5451524789,328316.869162024,1.40180551283901
2017,"E08000009","Trafford",235493,164156.222326434,58805.8628165152,0,16734.1614453199,76905.2536302178,20936.9069290078,337538.407147494,1.4333267109744
2018,"E08000009","Trafford",236370,161241.311441959,57917.0641712257,0,1675.60157990791,75197.0443711781,35970.9756560639,332001.997220335,1.4045860186163
2002,"E08000036","Wakefield",316306,46380.4253700932,41419.4011343457,NA,137043.827016576,106546.232273818,23562.1403752838,354952.026170116,1.12217923836448
2003,"E08000036","Wakefield",317469,65928.5460338492,44262.2678846672,NA,168448.292727237,100008.840233968,25694.581992228,404342.52887195,1.27364413177964
2004,"E08000036","Wakefield",318037,69094.5923816906,87534.4367675224,NA,185820.278249527,95700.1219720721,25949.821948798,464099.25131961,1.45926181959838
2005,"E08000036","Wakefield",318765,78358.2436468746,94740.9295435385,NA,184016.208765955,114735.090629893,26704.8910102541,498555.363596515,1.56402165732284
2006,"E08000036","Wakefield",320318,255158.025245485,96363.4181849748,NA,23623.1103640458,122375.819149692,24857.9461723038,522378.319116501,1.63081162818356
2007,"E08000036","Wakefield",321650,271963.110648391,103327.946254546,NA,21504.5980498115,128138.993135425,25352.8864827629,550287.534570936,1.71082709333417
2008,"E08000036","Wakefield",323288,261369.205184063,111553.052430089,18032.1586614085,19902.8537140917,142969.196425425,26333.9156108141,580160.382025891,1.79456206857629
2009,"E08000036","Wakefield",324467,270581.7350691,131694.458857748,17435.1012979118,31584.2477180861,136839.67094617,27053.2505934865,615188.464482503,1.89599701813282
2010,"E08000036","Wakefield",325595,270597.985773467,151939.946922925,19763.8201672636,22001.195799338,151513.08755575,27758.8280861592,643574.864304903,1.97661163195044
2011,"E08000036","Wakefield",326433,248756.180337717,143249.364072263,1136,40038.0588707494,129530.880603186,28234.4625937933,590944.946477709,1.81031006815398
2012,"E08000036","Wakefield",327890,223318.383896896,151416.860388468,1155,3035.87636516532,156608.039818103,26243.4878913831,561777.648360016,1.71331131891798
2013,"E08000036","Wakefield",329847,199882.785125946,125411.071762571,487,99482.3087858409,64504.201288609,48292.7837774433,538060.15074041,1.63124160820141
2014,"E08000036","Wakefield",331720,188214.615356115,124367.692259602,326,81920.1860955885,70686.717470975,49213.2064938895,514728.417676169,1.55169545905031
2015,"E08000036","Wakefield",334017,184726.734129115,132599.801911585,229,59926.2395767663,73030.1925124111,46815.9858780154,497327.954007892,1.48893006645737
2016,"E08000036","Wakefield",337094,175832.529945518,119055.791904705,192.7,45925.6058618098,71880.6117031405,46639.0540033333,459526.293418507,1.36319926613499
2017,"E08000036","Wakefield",340790,184352.855539686,113942.42230612,194,33041.4198895986,76689.915508434,46283.3659524021,454503.979196241,1.33367757034021
2018,"E08000036","Wakefield",345038,193049.107861742,109138.970117412,0,2181.56922594209,109318.62468031,46594.1250565681,460282.396941973,1.33400494131653
2002,"E08000030","Walsall",254287,45530.5722165036,54280.019659101,NA,137996.378858345,86673.5759221135,20346.0078544802,344826.554510543,1.35605262758435
2003,"E08000030","Walsall",255352,60183.4072435292,92134.7271624611,NA,165580.406302892,80333.5813017312,22840.5266828597,421072.648693473,1.64898903745995
2004,"E08000030","Walsall",256702,62759.5175413031,97782.2775282268,NA,184124.333804422,76450.1857260932,23349.0684196405,444465.383019686,1.73144495570617
2005,"E08000030","Walsall",258172,79922.3552789714,102030.626644277,NA,189720.561037849,91199.2755140679,24125.422432953,486998.240908118,1.88633252602187
2006,"E08000030","Walsall",259454,236035.682367439,109044.594209201,NA,22576.2988353513,116954.449798707,23897.9681557089,508508.993366407,1.95991965190904
2007,"E08000030","Walsall",260939,257045.948859812,118410.898450956,NA,20800.5613761745,123944.303388501,24378.2022554678,544579.914330911,2.0870008482094
2008,"E08000030","Walsall",263034,234477.965773489,124846.966964759,19707,19261.5426993071,138364.740107319,25192.1713230975,561850.386867972,2.13603711637268
2009,"E08000030","Walsall",264774,239153.181947486,144225.032419888,22179,30616.9083753734,132650.032637221,25795.6782595169,594619.833639486,2.24576368389451
2010,"E08000030","Walsall",266834,244956.501247447,158921.052360342,25985,21352.9455120287,147049.7365279,26410.6760361041,624675.911683822,2.34106565011888
2011,"E08000030","Walsall",269524,226270.979000508,153889.38693077,667,39295.8181738877,127129.380729071,26845.6325167452,574098.197350983,2.13004480992781
2012,"E08000030","Walsall",270844,197256.451515938,151389.166014033,568,2987.70754922269,154137.931193782,24800.2051582849,531139.461431261,1.96105308380935
2013,"E08000030","Walsall",271955,195676.677664408,126986.027029718,79,102501.353834435,67762.0316911674,46223.7457998607,539228.836019589,1.98278699056678
2014,"E08000030","Walsall",273933,201827.624566314,135321.384172087,76,84060.8888117892,69108.7833276489,46465.5667729074,536860.247650746,1.95982319636826
2015,"E08000030","Walsall",275880,203546.557613539,128599.777642539,46,62027.1441635003,67565.9839442016,44051.3150937206,505836.7784575,1.83353914186422
2016,"E08000030","Walsall",278887,199578.741945211,120408.337460089,0,48459.409839435,68987.8726014622,43731.7747575291,481166.136603727,1.72530858951377
2017,"E08000030","Walsall",281293,205612.489155776,116698.223905128,0,2252.63294381016,117665.812351004,43116.3382386999,485345.496594418,1.72540908090289
2018,"E08000030","Walsall",283378,228897.384866118,109421.421631308,0,1999.85255950883,99719.2733493848,43150.6424189891,483188.574825309,1.70510263614433
2002,"E09000031","Waltham Forest",223776,87436.0998735066,80915.546908897,NA,159105.628699043,72927.454087623,30817.8503956595,431202.579964729,1.92693845615584
2003,"E09000031","Waltham Forest",224115,146340.562929549,91922.17433616,NA,175900.305212827,69331.5516635503,32804.2470361336,516298.84117822,2.30372282613042
2004,"E09000031","Waltham Forest",225002,143098.863670818,136767.200983488,NA,189935.189016687,67543.7080251805,33997.7567015081,571342.718397682,2.53927839929281
2005,"E09000031","Waltham Forest",226747,144835.228820181,141605.273648296,NA,190320.128347898,80028.7423899878,35501.3785441672,592290.75175053,2.61212166754369
2006,"E09000031","Waltham Forest",230731,300645.812380648,155915.665433858,NA,22867.8654538634,118462.165733615,30406.6914627541,628298.200464738,2.72307665838027
2007,"E09000031","Waltham Forest",235665,324896.896086982,165248.653216174,NA,20930.6351545004,124722.039197252,31450.046484858,667248.270139767,2.83134224488051
2008,"E09000031","Waltham Forest",242098,304670.871450038,178963.306166245,17065,18784.3391823338,134937.230217094,32641.1849333366,687061.931949047,2.83794964001787
2009,"E09000031","Waltham Forest",248140,355195.12894013,198636.938150937,16975.6181796526,29403.7016906567,127390.896284514,33854.3931692845,761456.676415174,3.06865751759158
2010,"E09000031","Waltham Forest",254009,358780.817758989,224109.723195884,23436.9912292943,20275.6516797443,139632.384387015,35124.6944625035,801360.26271343,3.15484987820679
2011,"E09000031","Waltham Forest",259742,399480.596505025,223302.299554983,1411.85553971177,38326.7787536625,123994.119951997,35702.8124167901,822218.462722169,3.1655198724972
2012,"E09000031","Waltham Forest",262456,332685.164088627,219128.269119382,960.025187532353,2916.9303674776,150494.924531881,33217.761055975,739403.074350875,2.81724584063948
2013,"E09000031","Waltham Forest",265650,310474.794561969,188310.334170482,63,98800.0773858331,91109.5233340042,61851.3290710806,750609.058523369,2.82555640325002
2014,"E09000031","Waltham Forest",267801,288977.216344407,197828.931710057,63,82154.4935530584,94439.1828945085,62836.0317505988,726298.85625263,2.71208418285455
2015,"E09000031","Waltham Forest",270671,267423.082786143,183955.095810973,1,61415.5504861583,94479.7933768935,59770.0860636927,667044.608523861,2.46441106924591
2016,"E09000031","Waltham Forest",274222,261451.125082401,178211.406619687,0,49741.0120046857,94825.5739999697,59555.8297178944,643784.947424638,2.34767796684671
2017,"E09000031","Waltham Forest",275505,261800.282326314,173920.533182036,0,33463,140968.501750878,58755.7349676221,668908.05222685,2.42793434684252
2018,"E09000031","Waltham Forest",276700,254808.281608208,159259.593403808,0,0,187452.742733698,53066.3716798264,654586.989425541,2.3656920470746
2002,"E09000032","Wandsworth",274917,77245.6184350637,78080.7106282766,NA,149227.789191222,90279.0462936465,37860.8562903239,432694.020838533,1.57390783705094
2003,"E09000032","Wandsworth",276828,166177.494704331,87783.4369191286,NA,169684.963253046,82936.2671481931,40519.9745600195,547102.136584719,1.97632514263268
2004,"E09000032","Wandsworth",278615,153023.484305228,151159.86776124,NA,182013.777899238,81647.3475499581,42098.6701602238,609943.147675888,2.18919709159912
2005,"E09000032","Wandsworth",283229,156138.435599643,154551.378475275,NA,179563.015293904,99088.5887194709,44344.6658332235,633686.083921517,2.23736299574379
2006,"E09000032","Wandsworth",287538,294073.678986815,169670.403956153,NA,28153.9740341479,145850.085869311,37892.9543486458,675641.097195073,2.34974541519755
2007,"E09000032","Wandsworth",291440,319871.497106443,182688.4089411,NA,25725.5785306584,153289.945998121,38893.3509326672,720468.78150899,2.47209985420323
2008,"E09000032","Wandsworth",294305,293502.486315886,194525.084897519,12920,23003.1723519267,165242.958872199,39680.0631637008,728873.765601232,2.4765932131674
2009,"E09000032","Wandsworth",299347,345000.76233986,212839.578813043,13898.9048328544,35904.6245143589,155559.098122351,40840.6989282091,804043.667550677,2.68599206790339
2010,"E09000032","Wandsworth",302620,342565.826377117,223885.301022949,24088.3426839563,24626.1774044393,169594.410332699,41846.686685286,826606.744506447,2.73150070883103
2011,"E09000032","Wandsworth",307710,386107.215200319,232225.398819074,396.695174922453,46229.655004926,149561.938070966,42296.2493888955,856817.151659102,2.7844956343931
2012,"E09000032","Wandsworth",309497,313365.70606859,223895.071385837,1427.32022306863,3488.8253343159,179981.912788595,39171.5083425073,761330.344142914,2.45989571512135
2013,"E09000032","Wandsworth",313091,307685.627936011,214714.359754453,166,104922.322020734,99125.1519562082,72897.0241678663,799510.485835272,2.55360417845059
2014,"E09000032","Wandsworth",316536,294946.641972186,215328.468836094,162,85630.9429102614,103881.734678721,74271.0674949218,774220.855892183,2.44591722866335
2015,"E09000032","Wandsworth",319477,248561.999369229,210458.274482314,104,63422.6774780689,106569.327329747,70547.5199979693,699663.798657328,2.19002869895901
2016,"E09000032","Wandsworth",321497,251206.889022823,203655.920717556,0,53120.3041421565,104076.994964913,69823.065205614,681883.174053062,2.12096278986448
2017,"E09000032","Wandsworth",323257,260056.319010389,194776.810042741,0,37014,153872.795105292,68939.5931777231,714659.517336145,2.21080910030145
2018,"E09000032","Wandsworth",326474,262101.816176412,184315.379208221,0,0,205811.088923894,62612.1815243934,714840.46583292,2.18957854479352
2002,"E06000007","Warrington",191615,22587.9841819322,26688.6750112529,NA,59799.4814563433,63482.0911377974,11621.2192044024,184179.450991728,0.961195370882907
2003,"E06000007","Warrington",191987,33030.1172969675,27827.6206631179,NA,76979.5793332271,60657.8711674567,12819.6908918497,211314.879352619,1.10067285468609
2004,"E06000007","Warrington",191837,35514.8060806526,41672.4463592689,NA,87015.9526017543,58140.8909835275,12956.7856440591,235300.881669262,1.22656672940706
2005,"E06000007","Warrington",192992,36975.2025251829,44163.7901083495,NA,84735.7905297536,69766.4806761915,13444.6672447466,249085.931084224,1.29065417781164
2006,"E06000007","Warrington",194603,145505.246255808,48685.6866255888,NA,9702.47640517104,50260.6626053638,12201.9899258942,266356.061817825,1.3687150856761
2007,"E06000007","Warrington",196559,152715.602458517,52503,NA,8868.15211102121,52839.8936453218,12558.0345943669,279484.682809227,1.42188697952893
2008,"E06000007","Warrington",198187,151604.481825985,58109.5993022288,8687,8140.67864028096,58481.078564091,12674.7152546734,297697.55358726,1.50210434381296
2009,"E06000007","Warrington",200057,158419.523824684,66376.0593006489,9004,12680.1011576831,54937.028040853,12799.0919857528,314215.804309622,1.5706313916015
2010,"E06000007","Warrington",201309,154292.264322275,70925,14180,8723.41745168169,60075.5557681892,13168.8773922505,321365.114934396,1.59637728533944
2011,"E06000007","Warrington",202709,153995.303351923,65368,0,16888.401099259,54636.0435280497,13698.0745722971,304585.822551529,1.50257671120438
2012,"E06000007","Warrington",203795,159079.496292809,68582,0,1292.53223507847,66688.5170740072,12693.6641516088,308336.209753503,1.51297239752449
2013,"E06000007","Warrington",205165,143851.790519591,56343,0,43604.0076440577,29074.0169011527,23277.8769436132,296150.692008415,1.44347570008732
2014,"E06000007","Warrington",206681,141826.50376036,60387,0,36117.2748543353,31157.0262821376,23902.6697719362,293390.474668769,1.41953287756866
2015,"E06000007","Warrington",207781,146673.519415812,53586,0,26691.6805341271,33382.9978250689,22906.690603359,283240.888378367,1.36317030131902
2016,"E06000007","Warrington",208973,145851.23039609,52214,0,18659.7615585921,30149.8605430637,22804.0756128336,269678.92811058,1.29049651443287
2017,"E06000007","Warrington",209704,148669.812278563,43383,0,11352.3491036693,33561.8898846538,22483.4829598978,259450.534226784,1.23722262916675
2018,"E06000007","Warrington",209547,143917.570240801,37674,0,6706.77022688245,30806.5583811886,22357.6331203252,241462.531969198,1.15230727220718
2002,"E10000031","Warwickshire",510691,62546,76970,NA,115191,169582,28079,452368,0.885795911813602
2003,"E10000031","Warwickshire",515056,77158,83751,NA,158105,160564,30647,510225,0.990620437389332
2004,"E10000031","Warwickshire",518637,86622,121408,NA,183939,155163,31521,578653,1.11571870113393
2005,"E10000031","Warwickshire",523653,83983,131687,NA,176011,187490,32902,612073,1.16885227431142
2006,"E10000031","Warwickshire",529059,339059,136450,NA,21321,110454,30577,637861,1.20565192161933
2007,"E10000031","Warwickshire",534381,372410,141686,NA,19526,116345,31378,681345,1.27501726296407
2008,"E10000031","Warwickshire",539384,362056,157021,23054,18120,130161,31691,722103,1.33875495009122
2009,"E10000031","Warwickshire",542131,376143,175821,24179,28429,123168,32649,760389,1.40259273127713
2010,"E10000031","Warwickshire",544166,385188,188445,31214,19691,135605,33634,793777,1.45870377789131
2011,"E10000031","Warwickshire",546554,358897,184973,1392,37301,120678,35186,738427,1.35105954763848
2012,"E10000031","Warwickshire",548320,330583,190772,1648,2891,149144,32678,707716,1.29069886197841
2013,"E10000031","Warwickshire",549517,330778,149600,586,102477,71672,53484,708597,1.28949058900817
2014,"E10000031","Warwickshire",552450,312061,155529,496,87687,75122,56517,687412,1.24429722146801
2015,"E10000031","Warwickshire",555154,312756,141510,393,66239,76382,53893,651173,1.17295921492054
2016,"E10000031","Warwickshire",558991,316988,137905,320,43781,71858,53615,624467,1.11713247619371
2017,"E10000031","Warwickshire",564562,322557,121485,453,23414,87184,52937,608030,1.07699420081408
2018,"E10000031","Warwickshire",571010,319670,111709,0,10722,100164,52937,595202,1.0423670338523
2002,"E06000037","West Berkshire",143913,21377.3628580836,28586.2321369773,NA,34299.1542091977,48009.8756448249,8368.68631324772,140641.311162331,0.977266203625324
2003,"E06000037","West Berkshire",144297,29403.0077215861,31406.171728359,NA,46390.0985909701,45796.6897439752,9018.8609164367,162014.828701327,1.1227872284339
2004,"E06000037","West Berkshire",145147,31424.7342573999,35638.587563244,NA,54213.054011904,43573.5316607707,9175.04000861756,174024.947501936,1.19895655784781
2005,"E06000037","West Berkshire",146492,32127.5288706489,38791.7294359086,NA,57196.4521357804,52054.7393042525,9509.53284431666,189679.982590907,1.2948146150705
2006,"E06000037","West Berkshire",148107,113206.448148815,42523.6302071944,NA,5455.82713082522,28261.219573892,9241.40723727007,198688.532297996,1.34152020024709
2007,"E06000037","West Berkshire",150056,120136.569894545,46193.8878582172,NA,4960.66942529901,29562.1020524148,9487.1478751492,210340.377105625,1.40174586224893
2008,"E06000037","West Berkshire",152024,121377.08488525,48372.6008388087,6917,4571.57586308537,32838.0796988882,9674.38826825241,223750.729554285,1.47181188203366
2009,"E06000037","West Berkshire",153039,127962.116868741,57544.9068166108,7305,7127.3667185226,30882.0503653418,9922.33125774982,240743.772026966,1.57308772291355
2010,"E06000037","West Berkshire",153943,130407.501856096,58958,11015,4890.20372140377,33674.7391150443,10147.5479829924,249092.992675536,1.6180858673375
2011,"E06000037","West Berkshire",154148,110947.471920636,58178.2390081985,552,9703.81707376581,31395.5063351822,10715.350850243,221492.385188026,1.43688134252813
2012,"E06000037","West Berkshire",154704,115085.62639757,58907.9907978522,575,746.040553182243,38472.8286332408,9909.64066952762,223697.127051373,1.44596860489304
2013,"E06000037","West Berkshire",156031,110749.80159454,47345,242,25431.8074481047,1151.83039705765,15933.9782253879,200854.41766509,1.2872725142125
2014,"E06000037","West Berkshire",156633,112052.748560551,46711.8924973145,134,21122.8159633823,16992.8769974541,16307.5610781339,213321.895096836,1.36192178593806
2015,"E06000037","West Berkshire",157460,117549.819697014,45612.2951879024,0,16771.2348097789,19182.9477816398,15644.6746012963,214760.972077632,1.36390811684004
2016,"E06000037","West Berkshire",158576,116385.078867384,44906.6623274334,0,10532.6778548206,18595.720320925,15355.079222914,205775.218593477,1.29764414913655
2017,"E06000037","West Berkshire",158473,119433.288764094,41395.59544315,0,4438.1426563761,20664.4414255481,15066.2574532884,200997.725742457,1.26834051063876
2018,"E06000037","West Berkshire",158527,117529.455930734,39580.6916713082,0,605.127954373642,26833.995777938,14971.877021573,199521.148355927,1.25859410924276
2002,"E10000032","West Sussex",757263,79975.5983551129,129503,NA,165954.494734805,254028.04184229,45978.0830123416,675439.217944549,0.891947999498918
2003,"E10000032","West Sussex",760883,107460.461727376,137012,NA,218773.097401442,239220.810769659,47737.214126546,750203.584025023,0.985964443974991
2004,"E10000032","West Sussex",765987,120310.905185355,185688,NA,242608.105464674,228757.273121253,48530.1733613179,825894.4571326,1.07820949589562
2005,"E10000032","West Sussex",770798,131301.579972327,203936.832360428,NA,222914.021317339,273886.693167905,49970.215862366,882009.342680364,1.14428078780739
2006,"E10000032","West Sussex",777402,491667,214756,NA,26422.6083460506,136877.7816491,46323.2617503113,916046.651745462,1.17834357481131
2007,"E10000032","West Sussex",784283,526012.12494361,242657.703849301,NA,24098.7762483676,143599.337856751,47489.2494855086,983857.192383538,1.25446706403624
2008,"E10000032","West Sussex",790978,517103.954342785,253973.440057652,28907,22439.2771540917,161203.267698516,48499.7844909725,1032126.72374402,1.30487412259762
2009,"E10000032","West Sussex",796039,524559.627683561,298711.000958917,30293,34893.208015459,151175.366338536,49915.1871860368,1089547.39018251,1.36871106840558
2010,"E10000032","West Sussex",803154,538047.138301071,335764.949663597,41271,23905.1108551024,164628.53465514,51356.9763803796,1154973.70985529,1.43804763452002
2011,"E10000032","West Sussex",808919,556269.284118254,324627.975267233,1820,45521.8155287494,147270.396137544,54785.5760944142,1130295.0471462,1.39729076353281
2012,"E10000032","West Sussex",815960,536495.246196015,338660.189976164,1940,3534.43873322931,182334.879443323,50852.5625288087,1113817.31687754,1.36503911573795
2013,"E10000032","West Sussex",822940,551326.8499054,286708.424993963,965,127996,84480,84327.6616773697,1135803.93657673,1.38017830774629
2014,"E10000032","West Sussex",830512,522918.800130172,291886.808303742,862,111391,89837,87497.5025855727,1104393.11101949,1.32977381545298
2015,"E10000032","West Sussex",838525,527431.264531647,283299.683991367,677,90022,96322,83364.807429035,1081116.75595205,1.28930772004657
2016,"E10000032","West Sussex",846888,533195.596240953,275977.02170326,536,60988,96566,82958.5230949063,1050221.14103912,1.24009448833744
2017,"E10000032","West Sussex",852353,552812.313078528,267376.559076943,555,30670,95623,81974.1100813048,1029010.98223678,1.20725917810669
2018,"E10000032","West Sussex",858852,582747.507193684,252699.591778545,457,12899,107719.772229301,82062.4893108907,1038585.36051242,1.2092716329617
2002,"E09000033","Westminster",208100,69517.9132332186,121811.819890165,NA,151269.840234301,80006.6685061595,28658.9923286534,451265.234192497,2.16850184619172
2003,"E09000033","Westminster",211009,146214.73480669,131237.863456256,NA,184800.857424328,58200.587060099,30885.8905599692,551339.933307342,2.61287401630898
2004,"E09000033","Westminster",214557,137550.09675745,196497.385220639,NA,193889.600318456,58196.9780746778,32419.5193136304,618553.579684853,2.88293357795296
2005,"E09000033","Westminster",223132,142453.188721812,206750.98251219,NA,187965.726957901,80076.060075603,34935.3843592952,652181.342626801,2.92284989435312
2006,"E09000033","Westminster",222829,248867.564666072,211509.202400029,NA,30964.686232968,160409.945357388,29365.3330153037,681116.731671761,3.05667903043034
2007,"E09000033","Westminster",220619,263643.231560961,205632.578273817,NA,28564.2655258555,170205.703514135,29442.1225274983,697487.901402267,3.1615042285672
2008,"E09000033","Westminster",218673,227657.692887154,232948.890590965,16592,25359.922820587,182171.084053823,29482.8781440884,714212.468496617,3.26612095913358
2009,"E09000033","Westminster",216980,254313.919853892,277734.595228461,16260.4011953777,39441.4849393032,170878.978221221,29603.1523731416,788232.531811396,3.63274279570189
2010,"E09000033","Westminster",217187,244152.915363714,321102.395847172,30678.1202481674,27017.5487969663,186059.665468006,30032.9004729272,839043.546196952,3.86323097697814
2011,"E09000033","Westminster",219582,268702.385389218,310917.435928276,9508.08186246733,51326.2065753198,166048.96001917,30182.6233574224,836685.693131874,3.81035646424513
2012,"E09000033","Westminster",223737,223823.457004973,278300.377876532,8821.08963172084,3871.24595981168,199709.119482844,28317.2882516714,742842.578207553,3.32015973311322
2013,"E09000033","Westminster",225306,273217.703277165,233184.603533276,156,124345.188185554,51743.3924949789,52458.0295414601,735104.917032434,3.26269569843872
2014,"E09000033","Westminster",229899,280729.237435121,230010.403113545,160,101497.767657158,87504.988604466,53942.8189716652,753845.215781956,3.27902781561449
2015,"E09000033","Westminster",238047,228535.851447615,224483.681085311,113.263,74809.7289276595,108076.547329771,52565.992209006,688585.063999362,2.89264331833362
2016,"E09000033","Westminster",241974,171183.411672421,218624.129778062,0,62489.7971162847,117770.695113312,52552.174297313,622620.207977394,2.57308722415381
2017,"E09000033","Westminster",244796,186777.560428864,212564.278177537,0,46166,153024.253528238,52206.5621209561,650738.654255595,2.65828957276914
2018,"E09000033","Westminster",255324,184526.910777911,215404.158207968,0,0,304359.799924419,48966.8170682328,753257.685978531,2.95020321622147
2002,"E08000010","Wigan",302305,53668.4658439593,42956.6008495514,NA,130386.724270712,103664.585341552,24407.8303346446,355084.20664042,1.17458926131033
2003,"E08000010","Wigan",303846,62773.3872096527,43995.4781602132,NA,164264.820409249,95528.1533352636,26254.9094417887,392816.748556167,1.29281527009132
2004,"E08000010","Wigan",304958,66830.5404337363,79313.2806892592,NA,183653.59609562,91267.7459901983,26760.9330570189,447826.096265833,1.46848450037655
2005,"E08000010","Wigan",306143,73833.661563032,82844.8023349733,NA,181031.332526408,109654.961610808,27839.5505314824,475204.308566704,1.55222986828608
2006,"E08000010","Wigan",308023,242786.25904479,91719.5486740297,NA,22726.1162663713,117727.851523859,26333.7919477512,501293.567456801,1.62745498698734
2007,"E08000010","Wigan",309403,259369.28916513,99564.6809936355,NA,20930.2448296576,124719.941146047,26834.0190393436,531418.175173813,1.71755986585073
2008,"E08000010","Wigan",311971,256050.731532397,105232.363389487,20133.2222990244,19379.3022469024,139213.157071718,27710.3332846057,567719.109824134,1.81978167786151
2009,"E08000010","Wigan",314363,252565.334939369,125199.746971115,31748.1787764605,30770.8176199025,133315.065135939,28459.27268581,602058.416128596,1.91516945737442
2010,"E08000010","Wigan",316296,275499.281650181,141306.034333381,29012.0443722972,21430.5029676829,147585.865192925,29163.7103313083,643997.438847775,2.03605938376639
2011,"E08000010","Wigan",318122,262262.090052603,128264.851397155,891,39940.6046341196,129215.832802435,29435.0270627761,590009.405949089,1.85466395266309
2012,"E08000010","Wigan",318740,258582.310996577,132498.225141104,862,3045.22617465093,157073.005336167,27165.8135462025,579226.581194702,1.81723844260119
2013,"E08000010","Wigan",319810,270697.19520396,111336.584541704,312,97655.9547106176,65230.4499036694,52712.9773118237,597945.161671774,1.86968875792431
2014,"E08000010","Wigan",321114,268244.327584142,113713.446640316,225,80144.8618996287,71703.4279554438,53740.6527727872,587771.716852318,1.8304144847385
2015,"E08000010","Wigan",322244,267514.326346933,101452.7879138,115,59519.3967270355,69159.0575054548,51023.6408664144,548784.209359637,1.70300830848561
2016,"E08000010","Wigan",323526,269920.522055175,93189.0478861813,62,47412.1935620984,70133.9649689087,50460.0897698684,531177.818242232,1.64183966123969
2017,"E08000010","Wigan",324650,265557.991308772,88584.0411026301,52,23069.6687936504,137468.847239834,28863.5621207525,543596.110565639,1.67440662425886
2018,"E08000010","Wigan",326088,248164.660166204,89516.2660382732,65,2311.6028598765,137757.565870917,49624.3326553055,527439.427590576,1.61747573535541
2002,"E06000054","Wiltshire",438386,60180.553251736,72657.1927263575,NA,87841.886981158,142237.244012919,24331.9108445527,387248.787816723,0.88335117411761
2003,"E06000054","Wiltshire",442633,60679.7104544584,77742.2445095598,NA,123204.352186943,134924.368995036,26532.1250168059,423082.801162803,0.955832035033093
2004,"E06000054","Wiltshire",445632,70475.7149695173,97902.3570000703,NA,143526.862813981,128818.430767801,26667.8087066874,467391.174258057,1.04882767453427
2005,"E06000054","Wiltshire",448670,78526.0104324776,108197.856000224,NA,142674.844831733,154229.3107687,27592.7221776998,511220.744210834,1.13941369873367
2006,"E06000054","Wiltshire",453041,273263.863266739,115236.098253522,NA,17500.4391741807,90663.8010733313,24715.378791271,521379.580559044,1.15084414116834
2007,"E06000054","Wiltshire",458840,291583.573540636,127411.705107429,NA,15927.7057359624,94913.9098359303,25173.5601660541,555010.454386012,1.20959474846572
2008,"E06000054","Wiltshire",464007,283615.353255948,125378.378720585,17057.5358195027,14519.3743032583,104296.600255883,25563.7319281191,570430.974283295,1.22935855339099
2009,"E06000054","Wiltshire",466711,312402.280970135,143718.399237351,19391,23596.1399828933,102229.564136722,26834.3420550693,628171.726382171,1.34595440515045
2010,"E06000054","Wiltshire",470199,326865.484936601,149165.137862592,24740,16214.4493987932,111663.118195995,27593.7369664677,656241.927360449,1.39566848793904
2011,"E06000054","Wiltshire",474319,287123.294515722,146052.32617963,1607,30243.6687387066,97842.2129474232,28859.4654911787,591727.96787266,1.24753165669657
2012,"E06000054","Wiltshire",476914,266865.919754018,148201,1723,2320.79800589984,119716.408384047,26779.4710553517,565606.597199317,1.18597188843128
2013,"E06000054","Wiltshire",479911,272503.052317279,117222,670,80313.4482685078,56513.9528157374,44439.9305255938,571662.383927118,1.19118416524547
2014,"E06000054","Wiltshire",484560,276589.661686301,117052,385,69297.0131682062,52186.1726640887,46263.9838641298,561773.831382726,1.15934833948887
2015,"E06000054","Wiltshire",488487,278066.451471594,115312,335,54890.0727618044,52606.6478796042,44095.009470719,545305.181583722,1.11631462369259
2016,"E06000054","Wiltshire",492240,278929.909228266,110996,237,37413.1246051564,55916.2717700967,43906.3232885963,527398.628892115,1.07142578598268
2017,"E06000054","Wiltshire",496043,286244.28252723,101272,0,20190.6553596105,67456.7317077927,43336.9281203675,518500.597715001,1.0452734898285
2018,"E06000054","Wiltshire",498064,444055.489932537,88212.0853873288,0,9545.53733495585,60436.1953243523,43292.6807432714,645541.988722446,1.29610248627174
2002,"E06000040","Windsor and Maidenhead",133631,14493.5993696787,27609.8578356119,NA,23489.8284667076,47223.9644319388,7770.77762763341,120588.02773157,0.902395609787926
2003,"E06000040","Windsor and Maidenhead",134201,42174.2392235776,8683.99074213259,NA,34121.8909471907,42342.1191038706,8387.84003719219,135710.080053964,1.0112449240614
2004,"E06000040","Windsor and Maidenhead",135066,45850.5836097886,9087.46314300068,NA,38132.5631199531,40339.3385760205,8537.79929177964,141947.747740542,1.05095099981152
2005,"E06000040","Windsor and Maidenhead",136446,49534.218594084,9482.6906767058,NA,35095.2713193805,48817.3514533766,8857.39643445124,151786.928477998,1.11243223310319
2006,"E06000040","Windsor and Maidenhead",138012,87386.8669942284,40557.6787670759,NA,3783.23162969643,19599.7415843409,8611.51124275096,159939.030218093,1.15887770786665
2007,"E06000040","Windsor and Maidenhead",139743,94302.2102466641,39770.9711905612,NA,3448.50764047795,20545.6993063296,8835.11825929636,166902.506643329,1.19435325306691
2008,"E06000040","Windsor and Maidenhead",141345,126784.241455992,10656.7322499173,5235,3256.124884017,23389.7298389685,8994.80614755655,178316.634576451,1.26157016220206
2009,"E06000040","Windsor and Maidenhead",142424,98426.7884781894,49389.489446801,5456,5078.90094367359,22004.4720707365,9234.1044247137,189589.755364114,1.33116437794272
2010,"E06000040","Windsor and Maidenhead",143988,105165.738820573,49658,6553,3490.68973215726,24035.8509623497,9491.33860568598,198394.618120766,1.37785522488517
2011,"E06000040","Windsor and Maidenhead",145098,144574.035269614,15521.8746504112,442,6722.29657062869,21749.5847511629,10086.2546232748,199096.045865092,1.37214879505639
2012,"E06000040","Windsor and Maidenhead",145742,97529.2826587204,47560.6589413368,182,525.537686820551,27095.403329363,9335.57535977282,182228.457976014,1.25034964509897
2013,"E06000040","Windsor and Maidenhead",146278,91709.8543856418,39731,133,18271.8706596372,12112.8331538015,14937.9960831712,176896.554282252,1.20931756164462
2014,"E06000040","Windsor and Maidenhead",147476,94472.0710368561,39018.9049365967,87,15983.4021631186,11810.1211563115,15354.1966096472,176725.69590253,1.19833529457356
2015,"E06000040","Windsor and Maidenhead",148277,87986.9749219752,37632.3448594984,120,13122.7710713171,15624.8095149131,14566.5481001931,169053.448467897,1.14011915852018
2016,"E06000040","Windsor and Maidenhead",149689,80274.3341273575,36238.7845710018,0,8568.42921003329,15091.0366204151,14494.5417578875,154667.126286695,1.03325646030567
2017,"E06000040","Windsor and Maidenhead",150140,84585.5824212394,34769.9857189208,108,3920.11850238405,15087.9541097335,14274.0270837096,152745.667835987,1.01735492098033
2018,"E06000040","Windsor and Maidenhead",150906,82587.3818572439,34147.5779353072,157,576.037136151626,16820.587242965,14252.121555429,148540.705727097,0.984326042218975
2002,"E08000015","Wirral",315050,73269.7208633069,89050.9762989838,NA,157547.054471969,108756.959062599,29127.0601338748,457751.770830733,1.45294959793916
2003,"E08000015","Wirral",315371,84240.8023061343,92875.4413089001,NA,194605.608051325,99085.9040574333,31046.1407803308,501853.896504124,1.59131276022248
2004,"E08000015","Wirral",315130,101615.835038201,127053.533488817,NA,211496.244891838,93967.465610068,31171.1820094395,565304.261038364,1.79387637177788
2005,"E08000015","Wirral",314925,88661.8106356458,148099.981740411,NA,207452.192230315,113314.965023191,32190.7141881044,589719.663817667,1.87257176730227
2006,"E08000015","Wirral",315350,264849.780307991,178229.681666181,NA,27285.3594972827,141349.942790906,28917.1398522486,640631.904114608,2.03149486004315
2007,"E08000015","Wirral",315670,284556.295731125,183886.857458756,NA,24930.3143009664,148555.661742822,29472.028475424,671401.157709093,2.12690834640318
2008,"E08000015","Wirral",316711,252588.939149388,174437.253232216,29107,22964.4987091279,164968.086767501,30389.9498386227,674455.727696856,2.12956205403935
2009,"E08000015","Wirral",317771,306020.845491539,193819.19859812,31976,36426.1122927797,157814.874325425,31115.5389298208,757172.569637685,2.38276170461648
2010,"E08000015","Wirral",319078,286217.132080282,194637.890425336,37662,25403.8395220008,174948.039943252,31858.5898443348,750727.491815205,2.3528024239064
2011,"E08000015","Wirral",319837,277232.088288125,189036.005181167,1495,47090.7704693758,152345.989548585,31911.4293510143,699111.282838268,2.18583616916826
2012,"E08000015","Wirral",320389,253525.650892651,178871.082585377,812,3556.78884253529,183471.594497145,29342.254916174,649579.371733883,2.02747089236485
2013,"E08000015","Wirral",320670,264917.91171595,147669.593498653,257,113075.041801169,76941.0997296388,59776.8485595504,662637.495304961,2.06641561513382
2014,"E08000015","Wirral",321503,269482.137596876,146119,17,92743.6887290571,79971.3782603828,61148.0642468003,649481.268833116,2.02014061714235
2015,"E08000015","Wirral",321700,260081.779203678,138569,98,68580.0014384424,82111.9855385169,57912.6841220507,607353.450302688,1.8879497988893
2016,"E08000015","Wirral",322216,256749.280718916,133307,0,54484.7783042968,80858.0480018141,57300.882905138,582699.989930165,1.80841420019541
2017,"E08000015","Wirral",322796,254594.545508665,133244,17,3113.07645192596,124079.428258959,56424.7385216946,571472.788741245,1.7703837369151
2018,"E08000015","Wirral",323235,275546.329147673,114715,0,2737.03713463545,139210.327497338,56253.7223071328,588462.41608678,1.82054052341726
2002,"E06000041","Wokingham",149445,14353.886259937,14577.5095766927,NA,21119.3547545638,48670.1770287664,8690.37770099509,107411.305320955,0.718734687148817
2003,"E06000041","Wokingham",148794,16040.2551399245,17054.1431918158,NA,31498.2846819047,47646.1941188316,9299.93271655185,121538.809849028,0.816826013475197
2004,"E06000041","Wokingham",149008,22372.517676746,24181.4012113503,NA,38149.4182945965,45672.8440801954,9419.10174928924,139795.283012177,0.938173004215729
2005,"E06000041","Wokingham",149598,29310.0546240841,25932.3597749574,NA,40410.1695970324,54488.8831092317,9711.15893321194,159852.626038518,1.06854788191365
2006,"E06000041","Wokingham",150548,97297.4656424594,18993.1020710209,NA,4056.9751861254,21016.9497148027,9393.71789825285,150758.210512661,1.00139630226015
2007,"E06000041","Wokingham",152144,93976.3500695452,30204.2759123301,NA,3711.11399106129,22112.0470668457,9619.15968916072,159622.946728943,1.04915702708581
2008,"E06000041","Wokingham",153191,111785.338306164,30741.8050380068,5542,3433.039697955,24659.8775532309,9748.65293112834,185910.713526485,1.21358770114749
2009,"E06000041","Wokingham",154165,113139.655330141,38195.3465677559,5744,5352.03920674493,23185.9531594751,9995.33581865407,195612.330082772,1.26885045297423
2010,"E06000041","Wokingham",154650,115160.79090342,39657,6462,3668.63771340751,25262.158494648,10194.1517027067,200404.738814183,1.29585993413632
2011,"E06000041","Wokingham",154943,117163.944532522,36376.3588606229,462,6962.40423398614,22525.7591152148,10770.6139994629,194261.080741808,1.2537583546324
2012,"E06000041","Wokingham",156658,119699.36838214,32052.2811847782,456,550.112479188798,28390.7568907477,10034.8050988136,191183.324035668,1.22038660033747
2013,"E06000041","Wokingham",158065,113920.126481538,28757,148,20227.4835916239,12978.8455096162,16141.6915112762,192173.147094055,1.2157855761494
2014,"E06000041","Wokingham",159414,110783.91708664,35572.1924215644,73,17103.1489085098,15388.1508856508,16597.0998557752,195517.509158141,1.22647640206093
2015,"E06000041","Wokingham",161200,112067.222120912,30637.6822322487,39,13686.9328803275,13818.3278445341,15836.087550673,186085.252628695,1.15437501630704
2016,"E06000041","Wokingham",163087,112424.535435659,29669.1078725288,0,7177.22940614674,15763.0762535232,15791.8840507225,180825.83301858,1.10876914173772
2017,"E06000041","Wokingham",164980,109995.122338192,28800.0715592617,0,930.61549569282,15004.1403291849,15684.8873602665,170414.837082598,1.03294239957933
2018,"E06000041","Wokingham",167979,101093.209918744,28186.4169085057,0,641.208050664744,29972.0412408122,15864.5589092509,175757.435027978,1.04630599674946
2002,"E08000031","Wolverhampton",239088,45765.7649431524,61444.1172582756,NA,137844.297461073,80069.843295435,19129.9056810295,344253.928638966,1.439862848152
2003,"E08000031","Wolverhampton",239851,61014.225041385,66591.0087786407,NA,163495.736153055,75007.5459632254,21454.0053158408,387562.521252147,1.61584701023613
2004,"E08000031","Wolverhampton",240567,71226.9806248439,107344.357395474,NA,181875.288510913,72430.8154497007,21881.4631070566,454758.905087988,1.89036278911068
2005,"E08000031","Wolverhampton",241647,78735.7883430333,111226.097631461,NA,186524.20226482,86228.7632126953,22581.2092506383,485296.060702648,2.00828506334715
2006,"E08000031","Wolverhampton",242889,215198.815248733,119492.724790825,NA,24394.7866743995,126375.730704318,22372.1876994457,507834.245117721,2.0908079209751
2007,"E08000031","Wolverhampton",243910,226976.798567469,127172.215529961,NA,22246.4617947594,132562.412849322,22787.2694849415,531745.158226454,2.18008756601391
2008,"E08000031","Wolverhampton",245349,209891.346436429,136753.000493612,19917,20193.1091673787,145059.342984522,23498.3843987874,555312.183480729,2.26335621290785
2009,"E08000031","Wolverhampton",246016,212890.662232669,142268.367784643,22774,31746.6932964561,137543.734132803,23968.175057571,571191.632504142,2.3217661961179
2010,"E08000031","Wolverhampton",247640,209853.717115952,149430.389899769,30748,21937.7446674666,151074.547830371,24510.8937151218,587555.29322868,2.37261869338023
2011,"E08000031","Wolverhampton",249852,219864.817356655,151973.432983433,615,40661.5359759509,131546.715164215,24886.2252547967,569547.72673505,2.27954039485396
2012,"E08000031","Wolverhampton",251076,218381.424660748,155122.177364606,615,3094.89998902924,159632.985011335,22990.1209195018,559836.60794522,2.22974958954747
2013,"E08000031","Wolverhampton",251708,215678.04989264,128572.558028337,84,108629.959783633,72515.678163374,42782.3963809871,568262.64224897,2.25762646498709
2014,"E08000031","Wolverhampton",253250,211340.499178336,128083.673926036,78,90396.9473286739,77712.5146065902,42957.2369347206,550568.871974357,2.17401331480496
2015,"E08000031","Wolverhampton",255106,201576.562985934,123402.050432353,51,66177.5409996154,77817.9410398343,40734.2133837128,509759.308841449,1.99822547819906
2016,"E08000031","Wolverhampton",258017,185845.342715715,120325.371628509,0,52782.3295942138,75038.9131118033,40459.1871532678,474451.144203508,1.83883675960696
2017,"E08000031","Wolverhampton",259926,183510.601370472,114138.494842617,0,2081.52307577081,118360.021067524,39841.223681472,457931.864037856,1.76177782922007
2018,"E08000031","Wolverhampton",262008,186328.941209275,102303.064566676,0,1849.04039626149,118496.833507632,39896.5816644711,448874.461344316,1.71320899111598
2002,"E10000034","Worcestershire",544474,77222.2571560329,89006.3487876687,NA,115511.755561788,179943.729387958,28933.844515988,490617.935409436,0.90108606730429
2003,"E10000034","Worcestershire",547271,95052.8600528329,94764.1142837539,NA,152050.302601335,172019.982891916,31310.5814415836,545197.84127142,0.9962118242542
2004,"E10000034","Worcestershire",548660,101835.793438634,124646.11409203,NA,178670.902213253,165262.766866979,32204.4025986141,602619.97920951,1.09834866622227
2005,"E10000034","Worcestershire",551332,102391.570269289,134305.513346041,NA,169029.435899456,198361.534143351,33115.3612836819,637203.414941819,1.15575264077148
2006,"E10000034","Worcestershire",554700,362717.854711052,144426.048319018,NA,22196.0972005133,114976.193270914,29996.6046937013,674312.798195198,1.21563511482819
2007,"E10000034","Worcestershire",558035,391618.381931949,157153.747711612,NA,20357.7858723391,121306.312375887,30723.569593569,721159.797485356,1.29232001126337
2008,"E10000034","Worcestershire",560790,386001.180650276,160306.348616515,25102,18996.1677526569,136461.982290912,31149.6322540033,758017.311564362,1.35169548594726
2009,"E10000034","Worcestershire",562296,394919.715477507,188167.792371039,26145,29901.5945078974,129546.980664071,31525.8068125264,800206.889833041,1.42310613952979
2010,"E10000034","Worcestershire",564080,406745.121930821,211838.389005422,37545,20849.1688889644,143576.241177316,32357.3101176641,852911.231120187,1.51203948220144
2011,"E10000034","Worcestershire",566557,364437.812351772,197271.729029544,1828,40544.7101827515,131175.913953729,34315.595880289,769573.761398085,1.3583342212665
2012,"E10000034","Worcestershire",569301,339481.002076646,199553.952063215,1605,3131.83014445457,161523.22974894,31730.7045814459,737025.718614701,1.29461518355791
2013,"E10000034","Worcestershire",572613,324335.899030453,163584.375045786,635,107243.829021531,72232.5315045283,56087.6259827335,724119.260585032,1.2645875322164
2014,"E10000034","Worcestershire",575993,311086.188669795,168879,523,91307.1786691632,75917.7456574968,59384.6731357774,707097.786132232,1.22761524208147
2015,"E10000034","Worcestershire",579050,313699.413737914,161384,417,68403.6462846482,73497.732134575,56606.403998159,674008.196155296,1.16398963156083
2016,"E10000034","Worcestershire",583491,323157.55157778,154193,326,45493.5036551306,73091.9474103617,56312.3396033119,652574.342246584,1.11839658580267
2017,"E10000034","Worcestershire",588370,322871.346966959,148235,302,24700.9742882767,84503.3686925127,55560.6083505286,636173.298298277,1.08124700154372
2018,"E10000034","Worcestershire",592057,328287.116140776,138269,415,12024.670775501,93340.0322917145,55490.2362737934,627826.055481785,1.06041488485363
2002,"E06000014","York",182088,21978.9237601188,24726.9680248493,NA,37704.91546644,59687.404030855,10131.9922147459,154230.203497009,0.847009157643607
2003,"E06000014","York",183960,33243.8792248286,22600.306845242,NA,49007.3331447592,57522.7070873186,10798.1414832454,173172.367785394,0.941358815967568
2004,"E06000014","York",186643,33851.6757182997,37832.5783822635,NA,57211.27302042,55228.522456242,11065.1303596912,195189.179936916,1.04578891218485
2005,"E06000014","York",188214,36417.7260620423,39314.117014044,NA,52883.0720382277,66169.9773508673,11507.5928284221,206292.485293603,1.09605281909743
2006,"E06000014","York",188977,116474.588554844,43843.1959792651,NA,7672.48125795465,39746.8380769211,9901.69797597762,217638.801844962,1.15166820218843
2007,"E06000014","York",189770,121074.983808291,45494.4634406165,NA,7049.02306863999,42004.6930489349,10118.3355932073,225741.49895969,1.18955313779675
2008,"E06000014","York",190768,118538.985878406,47583.1946822578,7189,6501.3950533696,46703.2792578273,10438.3209760903,236954.175847951,1.2421065160192
2009,"E06000014","York",192398,123443.185741778,57724.6331234771,8703,10223.6113687477,44292.283313514,10811.7375994239,255198.451146941,1.32640906426751
2010,"E06000014","York",195070,123193.861029747,64854.2936136346,15236,7079.4534780342,48756.7824399507,11223.4928560455,270343.883417412,1.38588139343524
2011,"E06000014","York",197783,121637.780259803,61919.5266480515,786,14317.5111084133,46320.7823236615,11695.1019788758,256676.702318805,1.29776928410837
2012,"E06000014","York",199567,121065.32547645,62751.5363907481,742,1093.49449055194,56418.7791613486,10900.8573570339,252971.992876132,1.26760432775024
2013,"E06000014","York",202113,124959.504814479,50051.2879416784,0,36894.5443206001,24824.2272392069,19001.2076652409,255730.771981206,1.26528611213136
2014,"E06000014","York",203654,125414.764569808,51263.7904535468,0,30587.9228287547,27244.6901942641,20339.8545715897,254851.022617964,1.2513921779978
2015,"E06000014","York",205784,128478.501335919,51727.342262451,0,22672.3233280077,30575.6778804165,19522.5859046737,252976.430711467,1.22932993192604
2016,"E06000014","York",206920,120657.1313112,46690.1059542561,0,16133.3304297343,28745.1524487481,19418.5338621215,231644.25400606,1.11948701916712
2017,"E06000014","York",208163,117948.870379471,43933.3132319699,0,9488.78142489107,28804.679109193,19211.624086968,219387.268232493,1.05392057297643
2018,"E06000014","York",209893,110249.95885903,36199.7486556554,0,737.58066006953,35860.4957156616,19263.1524821749,202310.936372592,0.963876529339196
