Stat-Xplore,,,,,
,,,,,
Pension Credit - Data to February 2018 (I II),,,,,
Quarter and National - Regional - LA - OAs by Measures,,,,,
"Counting: Pension Credit Caseload, Mean of Weekly Award Amount",,,,,
,,,,,
,Measures,Pension Credit Caseload,Pension Credit Caseload - Annotations,Mean of Weekly Award Amount,Mean of Weekly Award Amount - Annotations
Quarter,National - Regional - LA - OAs,,,,
Nov-03,County Durham,24914,,38.14,
,Darlington,4371,,39.63,
,Hartlepool,5050,,39.17,
,Middlesbrough,6850,,41.17,
,Northumberland,11420,,38.15,
,Redcar and Cleveland,6284,,39.34,
,Stockton-on-Tees,7177,,39.78,
,Gateshead,10340,,38.75,
,Newcastle upon Tyne,13818,,42.51,
,North Tyneside,9586,,38.89,
,South Tyneside,9070,,39.81,
,Sunderland,15350,,39.15,
,Blackburn with Darwen,5886,,48.92,
,Blackpool,8072,,44.47,
,Cheshire East,9727,,37.81,
,Cheshire West and Chester,9718,,40.42,
,Halton,5069,,43.51,
,Warrington,6247,,40.62,
,Allerdale,3718,,40.57,
,Barrow-in-Furness,2784,,45.58,
,Carlisle,3361,,41.38,
,Copeland,2311,,41.78,
,Eden,1188,,38.65,
,South Lakeland,2710,,40,
,Bolton,11362,,44.96,
,Bury,6741,,40.88,
,Manchester,23283,,49.94,
,Oldham,9101,,43.62,
,Rochdale,9226,,42.92,
,Salford,11855,,44.28,
,Stockport,9402,,43.29,
,Tameside,9874,,41.98,
,Trafford,6943,,45.64,
,Wigan,12626,,40.08,
,Burnley,3946,,41.48,
,Chorley,3054,,39.83,
,Fylde,2519,,39.39,
,Hyndburn,3394,,42.1,
,Lancaster,5214,,41.37,
,Pendle,3584,,43.22,
,Preston,5017,,45.93,
,Ribble Valley,1239,,37.08,
,Rossendale,2769,,38.68,
,South Ribble,2993,,38.45,
,West Lancashire,4331,,41.07,
,Wyre,4156,,41.85,
,Knowsley,9199,,43.5,
,Liverpool,27373,,46.42,
,Sefton,13839,,41.16,
,St. Helens,8004,,41.56,
,Wirral,14163,,43.03,
,East Riding of Yorkshire,11521,,38.23,
,"Kingston upon Hull, City of",13540,,41.26,
,North East Lincolnshire,7669,,39.4,
,North Lincolnshire,6204,,37.3,
,York,4928,,37.72,
,Craven,1617,,37.06,
,Hambleton,2048,,34.94,
,Harrogate,3640,,38.21,
,Richmondshire,1055,,34.63,
,Ryedale,1728,,37.4,
,Scarborough,5012,,40.59,
,Selby,1840,,39.73,
,Barnsley,9790,,40,
,Doncaster,11506,,41.72,
,Rotherham,11083,,41.07,
,Sheffield,25597,,41.86,
,Bradford,20709,,44.51,
,Calderdale,7497,,40.54,
,Kirklees,14779,,41.83,
,Leeds,27130,,42.13,
,Wakefield,11873,,41.43,
,Derby,9330,,45.02,
,Leicester,13688,,58.76,
,Nottingham,11830,,46.54,
,Rutland,719,,38.27,
,Amber Valley,4108,,41.94,
,Bolsover,2764,,43.59,
,Chesterfield,4531,,43.05,
,Derbyshire Dales,1877,,39.56,
,Erewash,3748,,41.02,
,High Peak,2730,,40.43,
,North East Derbyshire,3717,,41.22,
,South Derbyshire,2202,,41.1,
,Blaby,2070,,39.56,
,Charnwood,4112,,42.31,
,Harborough,1834,,37.29,
,Hinckley and Bosworth,2916,,37.6,
,Melton,1175,,37.8,
,North West Leicestershire,2421,,40.15,
,Oadby and Wigston,1625,,43.24,
,Boston,2661,,37.78,
,East Lindsey,6390,,40.81,
,Lincoln,3682,,39.68,
,North Kesteven,3029,,37.36,
,South Holland,3136,,35.68,
,South Kesteven,3519,,36.68,
,West Lindsey,2908,,39.09,
,Corby,1726,,43.45,
,Daventry,1587,,38.11,
,East Northamptonshire,2449,,37.11,
,Kettering,2763,,38.71,
,Northampton,6063,,43.97,
,South Northamptonshire,1664,,38.48,
,Wellingborough,2544,,41.6,
,Ashfield,3900,,40.65,
,Bassetlaw,3887,,41.14,
,Broxtowe,3098,,39.47,
,Gedling,3138,,39.29,
,Mansfield,3452,,41.15,
,Newark and Sherwood,3325,,38.67,
,Rushcliffe,2328,,40.56,
,"Herefordshire, County of",5589,,42.6,
,Shropshire,9843,,41.41,
,Stoke-on-Trent,10888,,40.43,
,Telford and Wrekin,5481,,43.57,
,Cannock Chase,3224,,40.89,
,East Staffordshire,3231,,41.24,
,Lichfield,2820,,38.77,
,Newcastle-under-Lyme,4111,,38.58,
,South Staffordshire,3566,,38.71,
,Stafford,3323,,38.97,
,Staffordshire Moorlands,2786,,37.4,
,Tamworth,2379,,40.6,
,North Warwickshire,1923,,41.25,
,Nuneaton and Bedworth,4357,,41.83,
,Rugby,2408,,42.1,
,Stratford-on-Avon,3147,,40,
,Warwick,3395,,42.28,
,Birmingham,50647,,51.66,
,Coventry,13129,,47.64,
,Dudley,14558,,40.32,
,Sandwell,16805,,45.89,
,Solihull,5898,,42.98,
,Walsall,13506,,42.99,
,Wolverhampton,13029,,45.11,
,Bromsgrove,2337,,38.32,
,Malvern Hills,2208,,41.13,
,Redditch,2634,,42.92,
,Worcester,2902,,40.29,
,Wychavon,3171,,40.84,
,Wyre Forest,3495,,39.71,
,Bedford,4202,,44.6,
,Central Bedfordshire,5201,,38.81,
,Luton,5851,,55.47,
,Peterborough,5335,,47.7,
,Southend-on-Sea,6416,,44.84,
,Thurrock,4163,,42.51,
,Cambridge,2250,,47.78,
,East Cambridgeshire,1966,,42.42,
,Fenland,3477,,41.67,
,Huntingdonshire,3090,,40.87,
,South Cambridgeshire,2505,,41.56,
,Basildon,5577,,45.21,
,Braintree,3981,,41.37,
,Brentwood,1603,,40.52,
,Castle Point,2682,,43.92,
,Chelmsford,3189,,41.4,
,Colchester,3815,,42.31,
,Epping Forest,3342,,43.43,
,Harlow,2647,,40.73,
,Maldon,1658,,41.91,
,Rochford,2039,,40.21,
,Tendring,6431,,40.46,
,Uttlesford,1461,,40.93,
,Broxbourne,2595,,44.82,
,Dacorum,3281,,42.52,
,East Hertfordshire,2621,,42.18,
,Hertsmere,2389,,46.84,
,North Hertfordshire,3144,,40.27,
,St Albans,2327,,45.22,
,Stevenage,2428,,44.61,
,Three Rivers,1935,,44.77,
,Watford,1947,,48.76,
,Welwyn Hatfield,2463,,43.07,
,Breckland,4275,,38.37,
,Broadland,3438,,36.19,
,Great Yarmouth,4482,,40.99,
,King's Lynn and West Norfolk,5421,,40.23,
,North Norfolk,4158,,38.56,
,Norwich,5184,,41.62,
,South Norfolk,3613,,37.95,
,Babergh,2303,,39.77,
,Forest Heath,1559,,41.46,
,Ipswich,4411,,44.05,
,Mid Suffolk,2174,,39.69,
,St Edmundsbury,2510,,41.26,
,Suffolk Coastal,3607,,38.73,
,Waveney,4829,,39.92,
,Camden,7524,,64.85,
,City of London,140,,64.02,
,Hackney,9502,,68.44,
,Hammersmith and Fulham,5202,,61.21,
,Haringey,8413,,66.14,
,Islington,7774,,64.93,
,Kensington and Chelsea,4658,,65.82,
,Lambeth,9010,,62.31,
,Lewisham,8400,,54.41,
,Newham,10289,,67.95,
,Southwark,9106,,58.81,
,Tower Hamlets,10483,,68.86,
,Wandsworth,8023,,58.32,
,Westminster,6714,,68.41,
,Barking and Dagenham,6422,,50.65,
,Barnet,8863,,62.22,
,Bexley,5279,,45.5,
,Brent,9645,,72.31,
,Bromley,6953,,45.31,
,Croydon,8867,,54.37,
,Ealing,9279,,70.19,
,Enfield,9408,,58.35,
,Greenwich,7478,,54.09,
,Harrow,6291,,73.63,
,Havering,6719,,43.59,
,Hillingdon,5980,,55.49,
,Hounslow,6437,,62.62,
,Kingston upon Thames,3025,,51.43,
,Merton,4515,,53.76,
,Redbridge,7313,,61.22,
,Richmond upon Thames,3384,,48.77,
,Sutton,4448,,45.65,
,Waltham Forest,7969,,58.48,
,Bracknell Forest,2003,,38.74,
,Brighton and Hove,9756,,45.49,
,Isle of Wight,5727,,39.39,
,Medway,6960,,42.02,
,Milton Keynes,4897,,45.88,
,Portsmouth,6061,,44.87,
,Reading,3409,,45.68,
,Slough,3457,,55.42,
,Southampton,6932,,45.58,
,West Berkshire,2645,,39.84,
,Windsor and Maidenhead,2655,,43.39,
,Wokingham,1969,,39.71,
,Aylesbury Vale,3267,,41.01,
,Chiltern,1593,,40.12,
,South Bucks,1091,,42.76,
,Wycombe,3445,,43.13,
,Eastbourne,3681,,41.15,
,Hastings,3925,,42.47,
,Lewes,2933,,40.41,
,Rother,3215,,39.28,
,Wealden,3732,,38.68,
,Basingstoke and Deane,2688,,39.73,
,East Hampshire,2108,,40.61,
,Eastleigh,2435,,39.39,
,Fareham,2217,,38.27,
,Gosport,2073,,37.42,
,Hart,988,,42.85,
,Havant,3778,,41.73,
,New Forest,4488,,38.65,
,Rushmoor,1467,,42.68,
,Test Valley,2324,,38.34,
,Winchester,2296,,38.09,
,Ashford,2896,,39.32,
,Canterbury,4783,,40.62,
,Dartford,2049,,39.26,
,Dover,3775,,38.46,
,Gravesham,2875,,42.36,
,Maidstone,3493,,39.91,
,Sevenoaks,2447,,41.19,
,Shepway,3893,,41.54,
,Swale,4002,,41.09,
,Thanet,6774,,42.19,
,Tonbridge and Malling,2486,,37.63,
,Tunbridge Wells,2674,,39.72,
,Cherwell,2752,,40.01,
,Oxford,3431,,47.08,
,South Oxfordshire,2333,,38.87,
,Vale of White Horse,2239,,37.57,
,West Oxfordshire,2229,,38.52,
,Elmbridge,2190,,44.15,
,Epsom and Ewell,1023,,46.96,
,Guildford,2070,,42.02,
,Mole Valley,1546,,39.87,
,Reigate and Banstead,2400,,39.77,
,Runnymede,1611,,40.74,
,Spelthorne,1824,,44.65,
,Surrey Heath,1075,,40.65,
,Tandridge,1522,,40.3,
,Waverley,2220,,40.57,
,Woking,1719,,45.39,
,Adur,2120,,39.14,
,Arun,5193,,39.27,
,Chichester,3155,,38.47,
,Crawley,2354,,43.63,
,Horsham,2305,,36.13,
,Mid Sussex,2483,,37.78,
,Worthing,3356,,39.39,
,Bath and North East Somerset,4867,,38.88,
,Bournemouth,7262,,42.75,
,"Bristol, City of",14598,,46.53,
,Cornwall,22318,,40.06,
,Isles of Scilly,42,,29.15,
,North Somerset,6273,,39.71,
,Plymouth,9274,,41.63,
,Poole,4618,,40.03,
,South Gloucestershire,6016,,39.76,
,Swindon,5225,,41.45,
,Torbay,7285,,44.51,
,Wiltshire,11090,,38.21,
,East Devon,4398,,39.02,
,Exeter,3755,,39.04,
,Mid Devon,2419,,38.31,
,North Devon,3531,,39.69,
,South Hams,2804,,39.71,
,Teignbridge,4850,,39.28,
,Torridge,2375,,39.85,
,West Devon,1663,,39.49,
,Christchurch,1764,,38.24,
,East Dorset,2379,,37.03,
,North Dorset,1685,,38.36,
,Purbeck,1474,,37.18,
,West Dorset,3066,,38.25,
,Weymouth and Portland,2412,,39.1,
,Cheltenham,3035,,41.98,
,Cotswold,2283,,35.94,
,Forest of Dean,2949,,38.98,
,Gloucester,3655,,43.02,
,Stroud,3110,,37.62,
,Tewkesbury,2004,,39.82,
,Mendip,3267,,39.27,
,Sedgemoor,3762,,39.09,
,South Somerset,5281,,37.55,
,Taunton Deane,3287,,39.87,
,West Somerset,1515,,41.08,
,Total,1743003,,44.58,
Feb-04,County Durham,27174,,36.36,
,Darlington,4707,,38.02,
,Hartlepool,5516,,37.1,
,Middlesbrough,7452,,39.46,
,Northumberland,12920,,35.61,
,Redcar and Cleveland,6943,,37.08,
,Stockton-on-Tees,7826,,37.4,
,Gateshead,11690,,36.25,
,Newcastle upon Tyne,14660,,40.98,
,North Tyneside,10490,,36.74,
,South Tyneside,9665,,38.21,
,Sunderland,16865,,37.14,
,Blackburn with Darwen,6397,,46.42,
,Blackpool,8821,,42.38,
,Cheshire East,10796,,35.84,
,Cheshire West and Chester,10628,,38.54,
,Halton,5413,,41.31,
,Warrington,6745,,38.73,
,Allerdale,4113,,37.93,
,Barrow-in-Furness,3076,,42.9,
,Carlisle,3785,,38.59,
,Copeland,2602,,39.17,
,Eden,1370,,36.6,
,South Lakeland,3049,,37.75,
,Bolton,12211,,42.84,
,Bury,7342,,39.5,
,Manchester,24330,,48.67,
,Oldham,9791,,42.09,
,Rochdale,9963,,41.26,
,Salford,12624,,42.56,
,Stockport,10304,,41.29,
,Tameside,10575,,40.37,
,Trafford,7672,,43.32,
,Wigan,13668,,38.32,
,Burnley,4348,,39.66,
,Chorley,3376,,38.05,
,Fylde,2844,,37.33,
,Hyndburn,3779,,40.27,
,Lancaster,5752,,39.18,
,Pendle,3919,,41.15,
,Preston,5341,,44.93,
,Ribble Valley,1407,,34.9,
,Rossendale,2986,,37.27,
,South Ribble,3303,,36.64,
,West Lancashire,4678,,40.02,
,Wyre,4917,,38.2,
,Knowsley,9602,,42.83,
,Liverpool,28715,,45.43,
,Sefton,14669,,40.61,
,St. Helens,8626,,39.85,
,Wirral,15096,,41.78,
,East Riding of Yorkshire,12632,,36.35,
,"Kingston upon Hull, City of",14371,,39.59,
,North East Lincolnshire,8328,,37.4,
,North Lincolnshire,6844,,35.39,
,York,5545,,35.26,
,Craven,1842,,34.42,
,Hambleton,2361,,32.6,
,Harrogate,4055,,36.09,
,Richmondshire,1200,,32.9,
,Ryedale,1927,,35.37,
,Scarborough,5530,,38.69,
,Selby,2160,,35.92,
,Barnsley,10982,,37.35,
,Doncaster,12913,,38.74,
,Rotherham,12152,,38.58,
,Sheffield,27891,,39.66,
,Bradford,22827,,42.39,
,Calderdale,8281,,38.01,
,Kirklees,16242,,39.41,
,Leeds,28868,,40.45,
,Wakefield,13221,,38.86,
,Derby,10096,,43.03,
,Leicester,14817,,55.55,
,Nottingham,12849,,44.09,
,Rutland,821,,35.79,
,Amber Valley,4625,,39.05,
,Bolsover,3127,,40.13,
,Chesterfield,4889,,40.99,
,Derbyshire Dales,2149,,37.34,
,Erewash,4256,,37.77,
,High Peak,2977,,38.21,
,North East Derbyshire,4102,,38.5,
,South Derbyshire,2482,,38.61,
,Blaby,2402,,36.37,
,Charnwood,4796,,39.47,
,Harborough,2073,,35.04,
,Hinckley and Bosworth,3390,,35.05,
,Melton,1317,,35.97,
,North West Leicestershire,2863,,37.62,
,Oadby and Wigston,1842,,40.05,
,Boston,2944,,36.4,
,East Lindsey,7145,,38.78,
,Lincoln,3902,,38.64,
,North Kesteven,3408,,35.78,
,South Holland,3564,,33.58,
,South Kesteven,3984,,34.62,
,West Lindsey,3218,,36.8,
,Corby,1923,,40.41,
,Daventry,1815,,35.56,
,East Northamptonshire,2766,,34.63,
,Kettering,3040,,36.82,
,Northampton,6687,,41.85,
,South Northamptonshire,1876,,36.61,
,Wellingborough,2795,,40.04,
,Ashfield,4448,,37.79,
,Bassetlaw,4274,,38.48,
,Broxtowe,3514,,36.64,
,Gedling,3562,,36.55,
,Mansfield,3913,,37.99,
,Newark and Sherwood,3633,,36.46,
,Rushcliffe,2652,,37.51,
,"Herefordshire, County of",6400,,39.92,
,Shropshire,10878,,39.05,
,Stoke-on-Trent,11947,,38.33,
,Telford and Wrekin,5963,,41.7,
,Cannock Chase,3607,,38.78,
,East Staffordshire,3561,,39.19,
,Lichfield,3092,,37.8,
,Newcastle-under-Lyme,4618,,36.38,
,South Staffordshire,3970,,36.41,
,Stafford,3747,,36.6,
,Staffordshire Moorlands,3201,,35.34,
,Tamworth,2657,,39.02,
,North Warwickshire,2181,,38.52,
,Nuneaton and Bedworth,4799,,39.49,
,Rugby,2677,,39.71,
,Stratford-on-Avon,3580,,36.88,
,Warwick,3779,,39.94,
,Birmingham,53604,,49.71,
,Coventry,13985,,45.76,
,Dudley,15734,,38.56,
,Sandwell,18370,,43.78,
,Solihull,6663,,40.67,
,Walsall,14577,,41.33,
,Wolverhampton,14195,,42.63,
,Bromsgrove,2661,,36.31,
,Malvern Hills,2505,,38.4,
,Redditch,2823,,41.18,
,Worcester,3210,,38.08,
,Wychavon,3639,,38.39,
,Wyre Forest,3899,,37.69,
,Bedford,4669,,41.59,
,Central Bedfordshire,6031,,36.18,
,Luton,6427,,51.91,
,Peterborough,5998,,44.8,
,Southend-on-Sea,7127,,42.86,
,Thurrock,4780,,40.05,
,Cambridge,2557,,44.13,
,East Cambridgeshire,2307,,39.47,
,Fenland,4035,,38.47,
,Huntingdonshire,3584,,38.06,
,South Cambridgeshire,2906,,38.26,
,Basildon,6200,,42.62,
,Braintree,4507,,38.86,
,Brentwood,1837,,38.04,
,Castle Point,3139,,40.99,
,Chelmsford,3787,,38.27,
,Colchester,4388,,39.69,
,Epping Forest,3721,,41.48,
,Harlow,2985,,38.58,
,Maldon,1921,,39.03,
,Rochford,2417,,38.02,
,Tendring,7472,,38.14,
,Uttlesford,1692,,38.04,
,Broxbourne,2723,,44,
,Dacorum,3770,,39.04,
,East Hertfordshire,2971,,39.15,
,Hertsmere,2665,,44.3,
,North Hertfordshire,3625,,37.26,
,St Albans,2606,,42.45,
,Stevenage,2734,,41.06,
,Three Rivers,2110,,42.13,
,Watford,2152,,46.21,
,Welwyn Hatfield,2747,,40.27,
,Breckland,4895,,35.94,
,Broadland,3915,,34.22,
,Great Yarmouth,5147,,38.48,
,King's Lynn and West Norfolk,6318,,37,
,North Norfolk,4731,,35.94,
,Norwich,5878,,38.85,
,South Norfolk,4036,,35.31,
,Babergh,2734,,36.31,
,Forest Heath,1829,,38.23,
,Ipswich,4993,,40.86,
,Mid Suffolk,2575,,36.53,
,St Edmundsbury,3050,,37.62,
,Suffolk Coastal,4038,,36.83,
,Waveney,5549,,37.41,
,Camden,7791,,63.86,
,City of London,147,,61.05,
,Hackney,9825,,67.05,
,Hammersmith and Fulham,5512,,59.58,
,Haringey,8732,,65.04,
,Islington,8123,,63.44,
,Kensington and Chelsea,4871,,65,
,Lambeth,9567,,60.02,
,Lewisham,8988,,52.32,
,Newham,10586,,66.86,
,Southwark,9622,,56.97,
,Tower Hamlets,10769,,67.58,
,Wandsworth,8495,,56.48,
,Westminster,7037,,67.05,
,Barking and Dagenham,7040,,47.97,
,Barnet,9424,,60.58,
,Bexley,5930,,43.27,
,Brent,10133,,70.59,
,Bromley,7583,,44.02,
,Croydon,9478,,53.1,
,Ealing,9773,,68.13,
,Enfield,9814,,57.63,
,Greenwich,8031,,52.16,
,Harrow,6631,,71.45,
,Havering,7644,,41.07,
,Hillingdon,6378,,53.8,
,Hounslow,6887,,60.41,
,Kingston upon Thames,3252,,49.37,
,Merton,4851,,52,
,Redbridge,7756,,60.03,
,Richmond upon Thames,3680,,46.95,
,Sutton,4785,,44.13,
,Waltham Forest,8751,,55.17,
,Bracknell Forest,2300,,36.46,
,Brighton and Hove,10263,,44.06,
,Isle of Wight,6480,,37.55,
,Medway,7591,,40.09,
,Milton Keynes,5417,,42.9,
,Portsmouth,6696,,42.41,
,Reading,3800,,42.98,
,Slough,3763,,52.44,
,Southampton,7843,,42.7,
,West Berkshire,3034,,37.1,
,Windsor and Maidenhead,3013,,40.75,
,Wokingham,2250,,37.34,
,Aylesbury Vale,3636,,38.55,
,Chiltern,1787,,37.89,
,South Bucks,1242,,40.02,
,Wycombe,3848,,39.96,
,Eastbourne,4050,,38.98,
,Hastings,4220,,41.05,
,Lewes,3244,,38.13,
,Rother,3650,,37.24,
,Wealden,4234,,36.66,
,Basingstoke and Deane,3105,,36.41,
,East Hampshire,2410,,37.79,
,Eastleigh,2849,,36.65,
,Fareham,2530,,35.29,
,Gosport,2306,,34.98,
,Hart,1163,,39.43,
,Havant,4323,,39.23,
,New Forest,5202,,35.88,
,Rushmoor,1688,,39.65,
,Test Valley,2667,,35.6,
,Winchester,2664,,35.77,
,Ashford,3266,,36.81,
,Canterbury,5302,,38.38,
,Dartford,2355,,36.76,
,Dover,4182,,36.38,
,Gravesham,3243,,39.63,
,Maidstone,3904,,37.6,
,Sevenoaks,2757,,38.86,
,Shepway,4292,,39.66,
,Swale,4525,,38.54,
,Thanet,7392,,40.02,
,Tonbridge and Malling,2786,,36.01,
,Tunbridge Wells,2947,,38.39,
,Cherwell,3076,,37.62,
,Oxford,3783,,44.38,
,South Oxfordshire,2654,,36.45,
,Vale of White Horse,2568,,35.78,
,West Oxfordshire,2480,,36.47,
,Elmbridge,2410,,42.21,
,Epsom and Ewell,1120,,45.39,
,Guildford,2302,,39.6,
,Mole Valley,1696,,37.96,
,Reigate and Banstead,2611,,37.95,
,Runnymede,1778,,38.48,
,Spelthorne,2086,,41.92,
,Surrey Heath,1288,,36.8,
,Tandridge,1637,,37.86,
,Waverley,2508,,37.84,
,Woking,1865,,43.19,
,Adur,2428,,36.36,
,Arun,6050,,36.42,
,Chichester,3571,,35.95,
,Crawley,2605,,41.07,
,Horsham,2686,,33.8,
,Mid Sussex,2834,,35.41,
,Worthing,3799,,37.23,
,Bath and North East Somerset,5453,,36.79,
,Bournemouth,7961,,40.73,
,"Bristol, City of",15644,,44.52,
,Cornwall,24226,,38.56,
,Isles of Scilly,47,,26.65,
,North Somerset,6904,,37.82,
,Plymouth,9956,,40.01,
,Poole,5185,,37.86,
,South Gloucestershire,6750,,37.69,
,Swindon,5815,,39.22,
,Torbay,7874,,42.8,
,Wiltshire,12453,,36.34,
,East Devon,4855,,37.35,
,Exeter,4069,,37.77,
,Mid Devon,2641,,36.76,
,North Devon,3936,,37.83,
,South Hams,3127,,38.23,
,Teignbridge,5343,,37.62,
,Torridge,2655,,38.34,
,West Devon,1804,,38.6,
,Christchurch,1977,,36.3,
,East Dorset,2705,,34.44,
,North Dorset,1936,,35.81,
,Purbeck,1663,,34.96,
,West Dorset,3497,,36.39,
,Weymouth and Portland,2599,,37.61,
,Cheltenham,3285,,40.18,
,Cotswold,2526,,34.13,
,Forest of Dean,3191,,37.16,
,Gloucester,3968,,41.09,
,Stroud,3446,,35.6,
,Tewkesbury,2188,,38.6,
,Mendip,3637,,37.65,
,Sedgemoor,4223,,37.27,
,South Somerset,5755,,36.3,
,Taunton Deane,3649,,38.12,
,West Somerset,1652,,39.13,
,Total,1910937,,42.41,
May-04,County Durham,29279,,36.83,
,Darlington,5028,,38.76,
,Hartlepool,5919,,37.37,
,Middlesbrough,7975,,40.1,
,Northumberland,14620,,35.64,
,Redcar and Cleveland,7515,,37.47,
,Stockton-on-Tees,8542,,37.59,
,Gateshead,12723,,36.71,
,Newcastle upon Tyne,15699,,41.19,
,North Tyneside,11401,,37.04,
,South Tyneside,10587,,38.31,
,Sunderland,18247,,37.16,
,Blackburn with Darwen,6854,,46.84,
,Blackpool,9481,,42.34,
,Cheshire East,11903,,36.12,
,Cheshire West and Chester,11505,,38.98,
,Halton,5793,,41.67,
,Warrington,7387,,38.83,
,Allerdale,4549,,38.13,
,Barrow-in-Furness,3453,,42.69,
,Carlisle,4185,,38.82,
,Copeland,2943,,38.86,
,Eden,1588,,36.57,
,South Lakeland,3438,,38.24,
,Bolton,13093,,42.86,
,Bury,7910,,40.09,
,Manchester,25468,,49.69,
,Oldham,10653,,42.1,
,Rochdale,10658,,41.55,
,Salford,13417,,43.01,
,Stockport,11207,,41.67,
,Tameside,11246,,40.58,
,Trafford,8378,,43.85,
,Wigan,15087,,38.2,
,Burnley,4702,,40.11,
,Chorley,3654,,38.57,
,Fylde,3148,,38.08,
,Hyndburn,4099,,40.85,
,Lancaster,6304,,39.35,
,Pendle,4263,,41.46,
,Preston,5758,,44.61,
,Ribble Valley,1583,,35.42,
,Rossendale,3235,,37.55,
,South Ribble,3624,,37.01,
,West Lancashire,5098,,40.68,
,Wyre,5314,,39.19,
,Knowsley,10180,,43.78,
,Liverpool,30350,,46.01,
,Sefton,15649,,41.49,
,St. Helens,9295,,40.16,
,Wirral,16258,,42.13,
,East Riding of Yorkshire,14152,,36.01,
,"Kingston upon Hull, City of",15637,,39.25,
,North East Lincolnshire,8933,,37.84,
,North Lincolnshire,7642,,35.3,
,York,6154,,35.21,
,Craven,2058,,34.9,
,Hambleton,2652,,32.63,
,Harrogate,4569,,36.05,
,Richmondshire,1356,,33.41,
,Ryedale,2153,,35.28,
,Scarborough,6089,,38.66,
,Selby,2452,,35.73,
,Barnsley,11841,,37.7,
,Doncaster,14513,,38.19,
,Rotherham,13326,,38.6,
,Sheffield,29985,,39.92,
,Bradford,24777,,42.69,
,Calderdale,9055,,37.86,
,Kirklees,17809,,39.49,
,Leeds,31960,,39.98,
,Wakefield,14691,,38.9,
,Derby,10753,,43.52,
,Leicester,16001,,55.69,
,Nottingham,14089,,43.83,
,Rutland,933,,35.53,
,Amber Valley,5207,,38.75,
,Bolsover,3603,,39.72,
,Chesterfield,5401,,40.7,
,Derbyshire Dales,2451,,36.92,
,Erewash,4801,,37.03,
,High Peak,3309,,38.52,
,North East Derbyshire,4629,,37.99,
,South Derbyshire,2755,,38.54,
,Blaby,2706,,36.45,
,Charnwood,5356,,39.62,
,Harborough,2301,,35.38,
,Hinckley and Bosworth,3781,,35.04,
,Melton,1455,,36.11,
,North West Leicestershire,3273,,37.13,
,Oadby and Wigston,2022,,40.58,
,Boston,3218,,36.53,
,East Lindsey,7966,,38.64,
,Lincoln,4200,,38.66,
,North Kesteven,3835,,35.83,
,South Holland,3982,,33.3,
,South Kesteven,4560,,34.38,
,West Lindsey,3576,,36.49,
,Corby,2101,,40.23,
,Daventry,2070,,35.3,
,East Northamptonshire,3062,,34.98,
,Kettering,3441,,37.04,
,Northampton,7281,,42.23,
,South Northamptonshire,2110,,37,
,Wellingborough,3074,,40.22,
,Ashfield,5070,,37.64,
,Bassetlaw,4732,,38.04,
,Broxtowe,3970,,36.51,
,Gedling,4024,,36.35,
,Mansfield,4411,,37.64,
,Newark and Sherwood,4068,,36.37,
,Rushcliffe,2993,,36.85,
,"Herefordshire, County of",7064,,40.18,
,Shropshire,12058,,39.09,
,Stoke-on-Trent,13024,,38.18,
,Telford and Wrekin,6452,,41.6,
,Cannock Chase,4125,,39.05,
,East Staffordshire,3916,,39.08,
,Lichfield,3404,,38,
,Newcastle-under-Lyme,5154,,36.14,
,South Staffordshire,4426,,36.58,
,Stafford,4226,,36.59,
,Staffordshire Moorlands,3640,,35.16,
,Tamworth,2945,,39.19,
,North Warwickshire,2459,,38.8,
,Nuneaton and Bedworth,5270,,39.99,
,Rugby,2997,,39.78,
,Stratford-on-Avon,4008,,36.97,
,Warwick,4248,,39.93,
,Birmingham,57099,,49.95,
,Coventry,15134,,45.71,
,Dudley,16909,,39.05,
,Sandwell,19757,,43.88,
,Solihull,7372,,40.44,
,Walsall,15534,,41.55,
,Wolverhampton,15191,,43.05,
,Bromsgrove,2919,,36.9,
,Malvern Hills,2792,,38.77,
,Redditch,3019,,41.66,
,Worcester,3487,,38.68,
,Wychavon,4040,,38.33,
,Wyre Forest,4293,,38.41,
,Bedford,5096,,41.77,
,Central Bedfordshire,6728,,36.54,
,Luton,7039,,51.66,
,Peterborough,6572,,44.55,
,Southend-on-Sea,7736,,42.95,
,Thurrock,5224,,40.44,
,Cambridge,2839,,44.11,
,East Cambridgeshire,2637,,39.39,
,Fenland,4519,,37.95,
,Huntingdonshire,4080,,37.56,
,South Cambridgeshire,3259,,38.05,
,Basildon,6783,,42.29,
,Braintree,4997,,38.92,
,Brentwood,2039,,37.79,
,Castle Point,3477,,41.06,
,Chelmsford,4324,,37.85,
,Colchester,4957,,39.52,
,Epping Forest,4144,,41.36,
,Harlow,3247,,38.38,
,Maldon,2183,,39.09,
,Rochford,2711,,38.07,
,Tendring,8285,,38.19,
,Uttlesford,1901,,37.76,
,Broxbourne,2933,,44.18,
,Dacorum,4124,,39.08,
,East Hertfordshire,3290,,38.79,
,Hertsmere,2914,,44.19,
,North Hertfordshire,4137,,36.52,
,St Albans,2916,,42.06,
,Stevenage,3007,,40.83,
,Three Rivers,2323,,42.31,
,Watford,2408,,45.76,
,Welwyn Hatfield,3074,,39.76,
,Breckland,5482,,36.01,
,Broadland,4363,,34.97,
,Great Yarmouth,5698,,38.66,
,King's Lynn and West Norfolk,7031,,37.06,
,North Norfolk,5328,,36.07,
,Norwich,6477,,38.96,
,South Norfolk,4397,,35.8,
,Babergh,3079,,36.29,
,Forest Heath,2037,,37.71,
,Ipswich,5509,,40.54,
,Mid Suffolk,2889,,36.22,
,St Edmundsbury,3503,,37.04,
,Suffolk Coastal,4475,,37.22,
,Waveney,6120,,37.52,
,Camden,8139,,64.99,
,City of London,159,,62.32,
,Hackney,10175,,68.13,
,Hammersmith and Fulham,5919,,60.2,
,Haringey,9230,,65.51,
,Islington,8518,,63.85,
,Kensington and Chelsea,5162,,65.72,
,Lambeth,10185,,60.63,
,Lewisham,9555,,52.83,
,Newham,11140,,67.4,
,Southwark,10259,,57.4,
,Tower Hamlets,11106,,68.58,
,Wandsworth,9041,,56.84,
,Westminster,7409,,67.73,
,Barking and Dagenham,7679,,47.85,
,Barnet,10266,,60.22,
,Bexley,6506,,43.28,
,Brent,10806,,70.84,
,Bromley,8199,,44.51,
,Croydon,10083,,53.55,
,Ealing,10561,,67.39,
,Enfield,10505,,57.89,
,Greenwich,8631,,52.36,
,Harrow,7144,,71.29,
,Havering,8404,,41.28,
,Hillingdon,7021,,53.22,
,Hounslow,7444,,60.21,
,Kingston upon Thames,3500,,49.47,
,Merton,5245,,52.36,
,Redbridge,8462,,59.67,
,Richmond upon Thames,3994,,47.7,
,Sutton,5154,,43.91,
,Waltham Forest,9239,,55.61,
,Bracknell Forest,2481,,36.93,
,Brighton and Hove,10924,,44.45,
,Isle of Wight,7204,,37.65,
,Medway,8443,,39.73,
,Milton Keynes,5986,,43.15,
,Portsmouth,7372,,41.84,
,Reading,4222,,41.98,
,Slough,4024,,51.99,
,Southampton,8705,,42.5,
,West Berkshire,3385,,36.75,
,Windsor and Maidenhead,3277,,40.47,
,Wokingham,2490,,37.16,
,Aylesbury Vale,3980,,38.77,
,Chiltern,1944,,38.11,
,South Bucks,1405,,39.35,
,Wycombe,4205,,40.03,
,Eastbourne,4432,,39.27,
,Hastings,4586,,41.7,
,Lewes,3575,,38.76,
,Rother,4035,,37.61,
,Wealden,4685,,37.16,
,Basingstoke and Deane,3535,,36.35,
,East Hampshire,2683,,38.16,
,Eastleigh,3189,,36.72,
,Fareham,2844,,35.42,
,Gosport,2562,,35.59,
,Hart,1309,,38.63,
,Havant,4730,,39.73,
,New Forest,5808,,36.24,
,Rushmoor,1903,,39.59,
,Test Valley,2996,,35.58,
,Winchester,2972,,35.83,
,Ashford,3619,,37.03,
,Canterbury,5851,,38.36,
,Dartford,2627,,36.89,
,Dover,4682,,36.06,
,Gravesham,3570,,39.59,
,Maidstone,4393,,37.05,
,Sevenoaks,3101,,38.35,
,Shepway,4692,,39.78,
,Swale,5026,,38.94,
,Thanet,8023,,40.17,
,Tonbridge and Malling,3142,,36.14,
,Tunbridge Wells,3255,,38.37,
,Cherwell,3410,,38.01,
,Oxford,4063,,44.41,
,South Oxfordshire,2976,,36.03,
,Vale of White Horse,2853,,35.59,
,West Oxfordshire,2710,,36.66,
,Elmbridge,2695,,42,
,Epsom and Ewell,1292,,44.28,
,Guildford,2681,,38.93,
,Mole Valley,1951,,37.69,
,Reigate and Banstead,2910,,37.96,
,Runnymede,2046,,38.46,
,Spelthorne,2277,,41.57,
,Surrey Heath,1428,,36.87,
,Tandridge,1838,,37.77,
,Waverley,2874,,37.41,
,Woking,2066,,43.14,
,Adur,2669,,37.24,
,Arun,6656,,36.89,
,Chichester,3933,,36.28,
,Crawley,2867,,41.69,
,Horsham,2989,,34.53,
,Mid Sussex,3118,,35.65,
,Worthing,4178,,37.61,
,Bath and North East Somerset,6099,,37.25,
,Bournemouth,8567,,41.56,
,"Bristol, City of",16932,,44.54,
,Cornwall,26300,,38.93,
,Isles of Scilly,63,,28.17,
,North Somerset,7568,,38.24,
,Plymouth,10711,,40.44,
,Poole,5620,,38.25,
,South Gloucestershire,7316,,38.17,
,Swindon,6403,,39.19,
,Torbay,8284,,43.88,
,Wiltshire,13855,,36.7,
,East Devon,5336,,37.74,
,Exeter,4342,,38.2,
,Mid Devon,2912,,37.24,
,North Devon,4317,,38.41,
,South Hams,3364,,39.21,
,Teignbridge,5808,,38.31,
,Torridge,2955,,38.73,
,West Devon,2011,,38.56,
,Christchurch,2189,,37.35,
,East Dorset,2994,,34.92,
,North Dorset,2150,,36.55,
,Purbeck,1797,,35.84,
,West Dorset,3825,,36.73,
,Weymouth and Portland,2780,,38.48,
,Cheltenham,3624,,40.41,
,Cotswold,2848,,34.14,
,Forest of Dean,3475,,37.93,
,Gloucester,4377,,41.39,
,Stroud,3893,,35.75,
,Tewkesbury,2470,,39.16,
,Mendip,3874,,38.41,
,Sedgemoor,4557,,38.04,
,South Somerset,6167,,37.16,
,Taunton Deane,4018,,38.58,
,West Somerset,1789,,39.57,
,Total,2084656,,42.5,
Aug-04,County Durham,30252,,36.3,
,Darlington,5185,,38.24,
,Hartlepool,6118,,36.53,
,Middlesbrough,8167,,39.65,
,Northumberland,15248,,35.04,
,Redcar and Cleveland,7799,,37.06,
,Stockton-on-Tees,8846,,37.09,
,Gateshead,13154,,36.18,
,Newcastle upon Tyne,16212,,40.63,
,North Tyneside,11986,,36.17,
,South Tyneside,10980,,37.75,
,Sunderland,18789,,36.75,
,Blackburn with Darwen,7061,,46.35,
,Blackpool,9793,,42.23,
,Cheshire East,12325,,35.57,
,Cheshire West and Chester,12013,,38.37,
,Halton,5953,,41.25,
,Warrington,7607,,38.24,
,Allerdale,4775,,37.31,
,Barrow-in-Furness,3621,,42.15,
,Carlisle,4376,,38.07,
,Copeland,3068,,37.81,
,Eden,1696,,36.08,
,South Lakeland,3660,,37.68,
,Bolton,13555,,42.07,
,Bury,8144,,39.45,
,Manchester,26045,,49.26,
,Oldham,11024,,41.32,
,Rochdale,10946,,40.97,
,Salford,13738,,42.31,
,Stockport,11645,,40.86,
,Tameside,11655,,39.93,
,Trafford,8641,,43.4,
,Wigan,15744,,37.77,
,Burnley,4863,,39.75,
,Chorley,3796,,38.14,
,Fylde,3266,,37.7,
,Hyndburn,4266,,40.64,
,Lancaster,6583,,38.66,
,Pendle,4417,,40.94,
,Preston,5947,,43.86,
,Ribble Valley,1669,,35.43,
,Rossendale,3351,,37.42,
,South Ribble,3759,,36.52,
,West Lancashire,5286,,40.13,
,Wyre,5531,,38.48,
,Knowsley,10545,,43.31,
,Liverpool,31241,,45.3,
,Sefton,16122,,41.3,
,St. Helens,9538,,39.7,
,Wirral,16888,,41.62,
,East Riding of Yorkshire,14705,,35.43,
,"Kingston upon Hull, City of",16184,,38.55,
,North East Lincolnshire,9230,,37.26,
,North Lincolnshire,7993,,34.64,
,York,6403,,34.69,
,Craven,2161,,34.21,
,Hambleton,2781,,32.27,
,Harrogate,4814,,35.61,
,Richmondshire,1420,,33.34,
,Ryedale,2249,,34.57,
,Scarborough,6354,,38.08,
,Selby,2569,,35.29,
,Barnsley,12200,,37.14,
,Doncaster,15114,,37.37,
,Rotherham,13754,,37.97,
,Sheffield,30890,,39.31,
,Bradford,25485,,42.19,
,Calderdale,9416,,37.54,
,Kirklees,18519,,38.84,
,Leeds,33340,,39.13,
,Wakefield,15367,,38.32,
,Derby,11063,,42.87,
,Leicester,16736,,54.67,
,Nottingham,14581,,43.42,
,Rutland,979,,35.29,
,Amber Valley,5434,,38.22,
,Bolsover,3758,,38.82,
,Chesterfield,5580,,40.3,
,Derbyshire Dales,2561,,36.15,
,Erewash,4973,,36.67,
,High Peak,3450,,37.77,
,North East Derbyshire,4829,,37.22,
,South Derbyshire,2914,,37.87,
,Blaby,2858,,35.47,
,Charnwood,5563,,39.05,
,Harborough,2425,,34.88,
,Hinckley and Bosworth,3937,,34.56,
,Melton,1554,,35.03,
,North West Leicestershire,3414,,36.28,
,Oadby and Wigston,2099,,39.48,
,Boston,3361,,36.05,
,East Lindsey,8381,,38.15,
,Lincoln,4362,,38.03,
,North Kesteven,4045,,35.35,
,South Holland,4138,,32.66,
,South Kesteven,4797,,34.11,
,West Lindsey,3725,,35.92,
,Corby,2216,,38.98,
,Daventry,2165,,34.91,
,East Northamptonshire,3201,,34.39,
,Kettering,3583,,36.46,
,Northampton,7564,,41.49,
,South Northamptonshire,2216,,36.55,
,Wellingborough,3231,,40.02,
,Ashfield,5317,,36.97,
,Bassetlaw,4978,,37.43,
,Broxtowe,4139,,36,
,Gedling,4197,,35.73,
,Mansfield,4685,,37.05,
,Newark and Sherwood,4271,,35.66,
,Rushcliffe,3118,,36.17,
,"Herefordshire, County of",7407,,39.39,
,Shropshire,12561,,38.62,
,Stoke-on-Trent,13661,,37.42,
,Telford and Wrekin,6650,,41.2,
,Cannock Chase,4330,,38.51,
,East Staffordshire,4084,,38.5,
,Lichfield,3602,,37.35,
,Newcastle-under-Lyme,5390,,35.49,
,South Staffordshire,4592,,36.18,
,Stafford,4449,,35.88,
,Staffordshire Moorlands,3848,,34.84,
,Tamworth,3077,,38.82,
,North Warwickshire,2609,,37.7,
,Nuneaton and Bedworth,5492,,39.19,
,Rugby,3175,,38.38,
,Stratford-on-Avon,4187,,36.33,
,Warwick,4443,,39.29,
,Birmingham,58980,,49.05,
,Coventry,15743,,44.76,
,Dudley,17422,,38.61,
,Sandwell,20522,,43.42,
,Solihull,7687,,39.54,
,Walsall,16005,,40.84,
,Wolverhampton,15678,,42.59,
,Bromsgrove,3083,,36.23,
,Malvern Hills,2938,,37.82,
,Redditch,3143,,41.5,
,Worcester,3675,,38.09,
,Wychavon,4255,,37.5,
,Wyre Forest,4469,,37.88,
,Bedford,5320,,41.17,
,Central Bedfordshire,7129,,36.31,
,Luton,7320,,51.04,
,Peterborough,6821,,43.99,
,Southend-on-Sea,8085,,42.6,
,Thurrock,5436,,39.76,
,Cambridge,2960,,43.07,
,East Cambridgeshire,2741,,38.54,
,Fenland,4800,,37.3,
,Huntingdonshire,4326,,37.03,
,South Cambridgeshire,3425,,37.54,
,Basildon,7095,,41.76,
,Braintree,5225,,38.25,
,Brentwood,2132,,37.37,
,Castle Point,3657,,40.51,
,Chelmsford,4541,,37.57,
,Colchester,5212,,39.03,
,Epping Forest,4348,,40.69,
,Harlow,3406,,37.49,
,Maldon,2298,,39.05,
,Rochford,2866,,37.59,
,Tendring,8677,,37.88,
,Uttlesford,2014,,36.71,
,Broxbourne,3044,,43.65,
,Dacorum,4310,,38.43,
,East Hertfordshire,3454,,38.02,
,Hertsmere,3020,,42.77,
,North Hertfordshire,4336,,36.07,
,St Albans,3029,,40.83,
,Stevenage,3123,,39.73,
,Three Rivers,2404,,41.44,
,Watford,2491,,44.76,
,Welwyn Hatfield,3203,,39.26,
,Breckland,5760,,35.45,
,Broadland,4565,,34.27,
,Great Yarmouth,5948,,38.38,
,King's Lynn and West Norfolk,7318,,36.38,
,North Norfolk,5544,,35.7,
,Norwich,6735,,38.29,
,South Norfolk,4591,,35.28,
,Babergh,3284,,35.38,
,Forest Heath,2132,,37.28,
,Ipswich,5729,,39.98,
,Mid Suffolk,3061,,35.05,
,St Edmundsbury,3712,,36.09,
,Suffolk Coastal,4621,,36.69,
,Waveney,6405,,37.02,
,Camden,8338,,64.13,
,City of London,166,,63.04,
,Hackney,10477,,67,
,Hammersmith and Fulham,6213,,58.71,
,Haringey,9548,,64.39,
,Islington,8797,,62.72,
,Kensington and Chelsea,5354,,65.37,
,Lambeth,10631,,59.3,
,Lewisham,9932,,51.66,
,Newham,11506,,66.34,
,Southwark,10724,,55.95,
,Tower Hamlets,11329,,67.83,
,Wandsworth,9451,,55.35,
,Westminster,7684,,66.79,
,Barking and Dagenham,8056,,46.73,
,Barnet,10651,,59.39,
,Bexley,6875,,42.2,
,Brent,11337,,69.39,
,Bromley,8633,,43.55,
,Croydon,10487,,52.7,
,Ealing,11025,,65.76,
,Enfield,10934,,56.86,
,Greenwich,9013,,51.22,
,Harrow,7407,,70.19,
,Havering,8869,,40.42,
,Hillingdon,7435,,52.12,
,Hounslow,7662,,58.98,
,Kingston upon Thames,3695,,48.65,
,Merton,5524,,51.28,
,Redbridge,8864,,58.94,
,Richmond upon Thames,4183,,46.99,
,Sutton,5414,,43.12,
,Waltham Forest,9532,,54.83,
,Bracknell Forest,2584,,36.46,
,Brighton and Hove,11285,,43.97,
,Isle of Wight,7480,,37.48,
,Medway,8910,,39.28,
,Milton Keynes,6223,,42.35,
,Portsmouth,7757,,40.84,
,Reading,4371,,41.52,
,Slough,4189,,51.07,
,Southampton,9189,,41.52,
,West Berkshire,3573,,35.83,
,Windsor and Maidenhead,3455,,39.75,
,Wokingham,2597,,36.53,
,Aylesbury Vale,4157,,37.88,
,Chiltern,2027,,37.62,
,South Bucks,1480,,38.59,
,Wycombe,4386,,39.64,
,Eastbourne,4652,,38.56,
,Hastings,4727,,41.34,
,Lewes,3749,,38.33,
,Rother,4260,,37.11,
,Wealden,4922,,36.59,
,Basingstoke and Deane,3749,,35.41,
,East Hampshire,2860,,36.9,
,Eastleigh,3307,,36.23,
,Fareham,2956,,34.72,
,Gosport,2699,,34.93,
,Hart,1407,,37.75,
,Havant,4931,,39.01,
,New Forest,6140,,35.86,
,Rushmoor,2006,,38.46,
,Test Valley,3171,,34.93,
,Winchester,3110,,35.22,
,Ashford,3781,,36.16,
,Canterbury,6104,,37.78,
,Dartford,2759,,36.28,
,Dover,4937,,36.05,
,Gravesham,3752,,38.54,
,Maidstone,4628,,36.33,
,Sevenoaks,3275,,37.51,
,Shepway,4920,,39.1,
,Swale,5330,,38.13,
,Thanet,8388,,39.81,
,Tonbridge and Malling,3321,,35.35,
,Tunbridge Wells,3383,,38.25,
,Cherwell,3597,,37.25,
,Oxford,4164,,43.49,
,South Oxfordshire,3157,,35.37,
,Vale of White Horse,3026,,34.85,
,West Oxfordshire,2839,,36.66,
,Elmbridge,2873,,41.33,
,Epsom and Ewell,1372,,43.3,
,Guildford,2843,,38.21,
,Mole Valley,2055,,37.17,
,Reigate and Banstead,3019,,37.62,
,Runnymede,2179,,37.37,
,Spelthorne,2389,,40.81,
,Surrey Heath,1536,,36.34,
,Tandridge,1923,,37.53,
,Waverley,3071,,36.42,
,Woking,2163,,42.16,
,Adur,2790,,37.05,
,Arun,7015,,36.44,
,Chichester,4132,,35.57,
,Crawley,3054,,40.56,
,Horsham,3199,,34.28,
,Mid Sussex,3262,,35.31,
,Worthing,4367,,36.77,
,Bath and North East Somerset,6328,,36.85,
,Bournemouth,8802,,41.34,
,"Bristol, City of",17453,,43.99,
,Cornwall,27205,,38.41,
,Isles of Scilly,62,,28.84,
,North Somerset,7802,,37.77,
,Plymouth,11081,,40.17,
,Poole,5889,,38.12,
,South Gloucestershire,7673,,37.85,
,Swindon,6673,,38.64,
,Torbay,8575,,43.08,
,Wiltshire,14403,,36.2,
,East Devon,5555,,37.38,
,Exeter,4483,,37.78,
,Mid Devon,3047,,37.06,
,North Devon,4536,,37.69,
,South Hams,3483,,39,
,Teignbridge,6067,,37.97,
,Torridge,3088,,37.77,
,West Devon,2083,,37.67,
,Christchurch,2259,,36.53,
,East Dorset,3115,,34.85,
,North Dorset,2255,,36.18,
,Purbeck,1864,,35.35,
,West Dorset,4039,,35.91,
,Weymouth and Portland,2879,,37.98,
,Cheltenham,3773,,40.03,
,Cotswold,2963,,33.71,
,Forest of Dean,3687,,37.25,
,Gloucester,4578,,40.54,
,Stroud,4076,,35.37,
,Tewkesbury,2586,,38.22,
,Mendip,4078,,37.54,
,Sedgemoor,4744,,37.38,
,South Somerset,6448,,36.78,
,Taunton Deane,4193,,37.9,
,West Somerset,1882,,39.32,
,Total,2169379,,41.82,
Nov-04,County Durham,30565,,36.23,
,Darlington,5282,,38.19,
,Hartlepool,6188,,36.18,
,Middlesbrough,8273,,39.74,
,Northumberland,15411,,35.05,
,Redcar and Cleveland,7901,,36.89,
,Stockton-on-Tees,8951,,36.85,
,Gateshead,13224,,36.06,
,Newcastle upon Tyne,16361,,40.81,
,North Tyneside,12134,,36.25,
,South Tyneside,11034,,37.78,
,Sunderland,19016,,36.58,
,Blackburn with Darwen,7106,,46.38,
,Blackpool,9916,,42.2,
,Cheshire East,12554,,35.66,
,Cheshire West and Chester,12253,,38.44,
,Halton,6037,,40.72,
,Warrington,7723,,38.06,
,Allerdale,4824,,37.24,
,Barrow-in-Furness,3707,,42.04,
,Carlisle,4451,,37.89,
,Copeland,3106,,37.68,
,Eden,1724,,35.3,
,South Lakeland,3731,,37.39,
,Bolton,13817,,41.96,
,Bury,8220,,39.43,
,Manchester,26196,,49.23,
,Oldham,11150,,41.42,
,Rochdale,11083,,41.01,
,Salford,13838,,42.21,
,Stockport,11798,,40.88,
,Tameside,11761,,39.95,
,Trafford,8747,,43.33,
,Wigan,16051,,37.7,
,Burnley,4913,,39.62,
,Chorley,3854,,38.26,
,Fylde,3347,,37.56,
,Hyndburn,4294,,41.01,
,Lancaster,6678,,38.61,
,Pendle,4496,,40.66,
,Preston,6041,,43.89,
,Ribble Valley,1723,,35.17,
,Rossendale,3387,,37.61,
,South Ribble,3809,,36.57,
,West Lancashire,5388,,39.97,
,Wyre,5641,,38.36,
,Knowsley,10650,,43.29,
,Liverpool,31577,,45.24,
,Sefton,16232,,41.44,
,St. Helens,9692,,39.68,
,Wirral,17166,,41.53,
,East Riding of Yorkshire,14894,,35.28,
,"Kingston upon Hull, City of",16363,,38.24,
,North East Lincolnshire,9318,,37.04,
,North Lincolnshire,8113,,34.49,
,York,6466,,34.51,
,Craven,2215,,33.93,
,Hambleton,2837,,32.39,
,Harrogate,4865,,35.56,
,Richmondshire,1429,,33.17,
,Ryedale,2265,,34.4,
,Scarborough,6436,,37.85,
,Selby,2622,,35.59,
,Barnsley,12333,,37.04,
,Doncaster,15355,,37.15,
,Rotherham,13972,,37.73,
,Sheffield,31208,,39.13,
,Bradford,25759,,41.96,
,Calderdale,9538,,37.27,
,Kirklees,18708,,39.02,
,Leeds,33767,,38.92,
,Wakefield,15585,,38.03,
,Derby,11258,,42.42,
,Leicester,16859,,54.38,
,Nottingham,14758,,43.28,
,Rutland,1025,,34.25,
,Amber Valley,5506,,37.96,
,Bolsover,3859,,38.61,
,Chesterfield,5639,,40.32,
,Derbyshire Dales,2603,,36.1,
,Erewash,5030,,36.61,
,High Peak,3508,,37.68,
,North East Derbyshire,4915,,37.09,
,South Derbyshire,2995,,37.29,
,Blaby,2939,,35.13,
,Charnwood,5631,,39.12,
,Harborough,2479,,34.98,
,Hinckley and Bosworth,4011,,34.65,
,Melton,1584,,35.2,
,North West Leicestershire,3468,,36.36,
,Oadby and Wigston,2144,,39.42,
,Boston,3367,,35.86,
,East Lindsey,8541,,38.02,
,Lincoln,4419,,37.75,
,North Kesteven,4098,,35.16,
,South Holland,4215,,32.44,
,South Kesteven,4926,,34.25,
,West Lindsey,3804,,35.92,
,Corby,2260,,38.9,
,Daventry,2213,,34.73,
,East Northamptonshire,3255,,34.45,
,Kettering,3611,,36.23,
,Northampton,7661,,41.38,
,South Northamptonshire,2242,,36.17,
,Wellingborough,3281,,39.41,
,Ashfield,5396,,37,
,Bassetlaw,5023,,37.32,
,Broxtowe,4212,,36.2,
,Gedling,4283,,35.88,
,Mansfield,4743,,37.11,
,Newark and Sherwood,4343,,35.31,
,Rushcliffe,3174,,36.08,
,"Herefordshire, County of",7583,,39.41,
,Shropshire,12814,,38.4,
,Stoke-on-Trent,13797,,37.44,
,Telford and Wrekin,6755,,41.02,
,Cannock Chase,4412,,38.64,
,East Staffordshire,4169,,38.16,
,Lichfield,3710,,37.52,
,Newcastle-under-Lyme,5492,,35.57,
,South Staffordshire,4650,,35.79,
,Stafford,4535,,35.68,
,Staffordshire Moorlands,3880,,34.9,
,Tamworth,3168,,38.5,
,North Warwickshire,2619,,37.53,
,Nuneaton and Bedworth,5551,,39.36,
,Rugby,3248,,38.07,
,Stratford-on-Avon,4260,,36.43,
,Warwick,4502,,38.89,
,Birmingham,59887,,48.65,
,Coventry,16036,,44.68,
,Dudley,17679,,38.62,
,Sandwell,20757,,43.33,
,Solihull,7800,,39.4,
,Walsall,16299,,40.48,
,Wolverhampton,15852,,42.45,
,Bromsgrove,3139,,36.2,
,Malvern Hills,2990,,37.55,
,Redditch,3216,,41.46,
,Worcester,3721,,38.48,
,Wychavon,4330,,37.41,
,Wyre Forest,4570,,37.92,
,Bedford,5402,,41.21,
,Central Bedfordshire,7295,,36.48,
,Luton,7424,,50.87,
,Peterborough,6942,,43.85,
,Southend-on-Sea,8198,,42.48,
,Thurrock,5535,,40.12,
,Cambridge,3034,,42.85,
,East Cambridgeshire,2779,,38.59,
,Fenland,4869,,37.6,
,Huntingdonshire,4429,,36.66,
,South Cambridgeshire,3476,,37.62,
,Basildon,7196,,41.64,
,Braintree,5344,,38.12,
,Brentwood,2168,,37.41,
,Castle Point,3747,,40.72,
,Chelmsford,4641,,37.39,
,Colchester,5318,,39.16,
,Epping Forest,4394,,41.22,
,Harlow,3436,,37.22,
,Maldon,2343,,38.89,
,Rochford,2898,,37.74,
,Tendring,8857,,38.01,
,Uttlesford,2041,,37.17,
,Broxbourne,3083,,43.92,
,Dacorum,4406,,38.31,
,East Hertfordshire,3518,,37.92,
,Hertsmere,3111,,42.86,
,North Hertfordshire,4392,,36.27,
,St Albans,3081,,40.93,
,Stevenage,3178,,39.51,
,Three Rivers,2455,,41.6,
,Watford,2541,,45.05,
,Welwyn Hatfield,3265,,39.66,
,Breckland,5872,,35.36,
,Broadland,4639,,34.24,
,Great Yarmouth,6023,,38.68,
,King's Lynn and West Norfolk,7435,,36.42,
,North Norfolk,5641,,35.92,
,Norwich,6797,,38.35,
,South Norfolk,4660,,35.24,
,Babergh,3328,,35.31,
,Forest Heath,2160,,37.26,
,Ipswich,5803,,40.13,
,Mid Suffolk,3144,,35.29,
,St Edmundsbury,3741,,35.99,
,Suffolk Coastal,4686,,36.7,
,Waveney,6502,,36.92,
,Camden,8476,,63.87,
,City of London,164,,62.87,
,Hackney,10592,,66.8,
,Hammersmith and Fulham,6289,,58.63,
,Haringey,9705,,64.12,
,Islington,8936,,62.3,
,Kensington and Chelsea,5451,,64.93,
,Lambeth,10765,,59.09,
,Lewisham,9993,,51.68,
,Newham,11616,,66.35,
,Southwark,10834,,55.93,
,Tower Hamlets,11361,,67.51,
,Wandsworth,9590,,55.21,
,Westminster,7797,,66.58,
,Barking and Dagenham,8109,,46.63,
,Barnet,10863,,59.26,
,Bexley,7020,,41.94,
,Brent,11513,,69.18,
,Bromley,8778,,43.34,
,Croydon,10628,,52.76,
,Ealing,11240,,65.65,
,Enfield,11156,,56.83,
,Greenwich,9140,,51.3,
,Harrow,7552,,69.88,
,Havering,9005,,40.42,
,Hillingdon,7617,,51.78,
,Hounslow,7778,,59.03,
,Kingston upon Thames,3802,,48.35,
,Merton,5634,,51.14,
,Redbridge,9026,,59.06,
,Richmond upon Thames,4271,,47.35,
,Sutton,5447,,42.96,
,Waltham Forest,9613,,54.89,
,Bracknell Forest,2600,,36.96,
,Brighton and Hove,11388,,43.87,
,Isle of Wight,7607,,37.55,
,Medway,9034,,39.17,
,Milton Keynes,6288,,42.44,
,Portsmouth,7850,,40.55,
,Reading,4430,,41.6,
,Slough,4239,,51.01,
,Southampton,9326,,41.47,
,West Berkshire,3647,,35.98,
,Windsor and Maidenhead,3510,,39.95,
,Wokingham,2617,,36.98,
,Aylesbury Vale,4225,,37.6,
,Chiltern,2056,,37.69,
,South Bucks,1487,,38.74,
,Wycombe,4440,,39.7,
,Eastbourne,4747,,38.65,
,Hastings,4800,,41.3,
,Lewes,3795,,38.31,
,Rother,4353,,37.21,
,Wealden,5011,,36.67,
,Basingstoke and Deane,3800,,35.72,
,East Hampshire,2915,,37.24,
,Eastleigh,3313,,36.16,
,Fareham,3025,,34.31,
,Gosport,2732,,35.11,
,Hart,1432,,37.91,
,Havant,5003,,38.58,
,New Forest,6228,,35.96,
,Rushmoor,2034,,38.13,
,Test Valley,3227,,35.14,
,Winchester,3170,,35.28,
,Ashford,3860,,36.7,
,Canterbury,6211,,37.85,
,Dartford,2797,,36.17,
,Dover,4973,,36.47,
,Gravesham,3817,,38.48,
,Maidstone,4734,,36.58,
,Sevenoaks,3321,,37.67,
,Shepway,5011,,39.27,
,Swale,5460,,38.37,
,Thanet,8485,,40.12,
,Tonbridge and Malling,3354,,35.41,
,Tunbridge Wells,3453,,38.29,
,Cherwell,3658,,36.92,
,Oxford,4233,,43.21,
,South Oxfordshire,3197,,35.1,
,Vale of White Horse,3095,,34.54,
,West Oxfordshire,2875,,36.51,
,Elmbridge,2917,,41.15,
,Epsom and Ewell,1392,,43.43,
,Guildford,2889,,37.8,
,Mole Valley,2094,,37.33,
,Reigate and Banstead,3084,,37.99,
,Runnymede,2199,,37.33,
,Spelthorne,2411,,41.16,
,Surrey Heath,1568,,36.3,
,Tandridge,1967,,37.57,
,Waverley,3124,,36.09,
,Woking,2221,,41.75,
,Adur,2837,,37.24,
,Arun,7118,,36.48,
,Chichester,4213,,35.38,
,Crawley,3086,,40.4,
,Horsham,3260,,34.49,
,Mid Sussex,3326,,35.58,
,Worthing,4424,,37,
,Bath and North East Somerset,6385,,36.86,
,Bournemouth,8915,,41.67,
,"Bristol, City of",17628,,44.08,
,Cornwall,27588,,38.64,
,Isles of Scilly,63,,32.02,
,North Somerset,7939,,38.03,
,Plymouth,11184,,40.33,
,Poole,5960,,38.28,
,South Gloucestershire,7773,,37.97,
,Swindon,6741,,38.96,
,Torbay,8715,,43.13,
,Wiltshire,14650,,36.22,
,East Devon,5698,,37.72,
,Exeter,4501,,38.09,
,Mid Devon,3080,,37.62,
,North Devon,4605,,37.91,
,South Hams,3522,,38.71,
,Teignbridge,6126,,38.34,
,Torridge,3161,,38.36,
,West Devon,2144,,37.75,
,Christchurch,2286,,36.75,
,East Dorset,3176,,34.77,
,North Dorset,2297,,36.57,
,Purbeck,1903,,35.32,
,West Dorset,4115,,36.44,
,Weymouth and Portland,2952,,38.24,
,Cheltenham,3823,,40.35,
,Cotswold,3010,,33.82,
,Forest of Dean,3761,,37.19,
,Gloucester,4624,,40.61,
,Stroud,4169,,35.72,
,Tewkesbury,2619,,38.21,
,Mendip,4143,,37.34,
,Sedgemoor,4835,,37.48,
,South Somerset,6549,,36.82,
,Taunton Deane,4277,,38.07,
,West Somerset,1920,,39.83,
,Total,2200654,,41.76,
Feb-05,County Durham,30700,,36.23,
,Darlington,5382,,38.13,
,Hartlepool,6240,,36.28,
,Middlesbrough,8302,,39.5,
,Northumberland,15611,,35,
,Redcar and Cleveland,7967,,36.88,
,Stockton-on-Tees,9040,,36.77,
,Gateshead,13304,,35.97,
,Newcastle upon Tyne,16321,,40.8,
,North Tyneside,12153,,36.25,
,South Tyneside,11160,,37.55,
,Sunderland,19173,,36.55,
,Blackburn with Darwen,7140,,45.96,
,Blackpool,10020,,42.29,
,Cheshire East,12698,,35.69,
,Cheshire West and Chester,12445,,38.33,
,Halton,6097,,40.62,
,Warrington,7786,,38.08,
,Allerdale,4852,,37.2,
,Barrow-in-Furness,3760,,41.88,
,Carlisle,4469,,37.91,
,Copeland,3117,,38.17,
,Eden,1727,,35.61,
,South Lakeland,3796,,37.17,
,Bolton,13920,,41.84,
,Bury,8323,,39.27,
,Manchester,26341,,49.35,
,Oldham,11254,,41.21,
,Rochdale,11163,,40.96,
,Salford,13859,,42.08,
,Stockport,11891,,40.89,
,Tameside,11834,,39.9,
,Trafford,8793,,43.01,
,Wigan,16154,,37.59,
,Burnley,4960,,39.75,
,Chorley,3897,,38.31,
,Fylde,3388,,37.98,
,Hyndburn,4339,,40.8,
,Lancaster,6751,,38.54,
,Pendle,4527,,40.41,
,Preston,6053,,44.13,
,Ribble Valley,1743,,35.4,
,Rossendale,3391,,37.73,
,South Ribble,3831,,36.65,
,West Lancashire,5433,,39.7,
,Wyre,5671,,38.64,
,Knowsley,10774,,43.41,
,Liverpool,31827,,45.07,
,Sefton,16285,,41.36,
,St. Helens,9777,,39.5,
,Wirral,17299,,41.55,
,East Riding of Yorkshire,15065,,35.3,
,"Kingston upon Hull, City of",16473,,38.28,
,North East Lincolnshire,9306,,37.08,
,North Lincolnshire,8142,,34.36,
,York,6486,,34.5,
,Craven,2253,,33.62,
,Hambleton,2897,,32.63,
,Harrogate,4946,,35.61,
,Richmondshire,1460,,33.03,
,Ryedale,2288,,34.65,
,Scarborough,6477,,37.83,
,Selby,2644,,35.95,
,Barnsley,12401,,37.02,
,Doncaster,15491,,37.01,
,Rotherham,14131,,37.65,
,Sheffield,31269,,38.96,
,Bradford,25973,,42.02,
,Calderdale,9533,,37.34,
,Kirklees,18840,,39.19,
,Leeds,33972,,38.95,
,Wakefield,15802,,37.95,
,Derby,11380,,42.25,
,Leicester,16896,,54.03,
,Nottingham,14907,,43.18,
,Rutland,1033,,33.95,
,Amber Valley,5568,,37.75,
,Bolsover,3896,,38.18,
,Chesterfield,5659,,40.26,
,Derbyshire Dales,2648,,35.89,
,Erewash,5081,,36.44,
,High Peak,3565,,37.75,
,North East Derbyshire,4935,,36.78,
,South Derbyshire,3021,,37.51,
,Blaby,2972,,35.17,
,Charnwood,5656,,38.93,
,Harborough,2469,,34.89,
,Hinckley and Bosworth,4059,,34.58,
,Melton,1618,,35.04,
,North West Leicestershire,3523,,35.96,
,Oadby and Wigston,2198,,39.19,
,Boston,3404,,35.73,
,East Lindsey,8681,,37.97,
,Lincoln,4430,,37.68,
,North Kesteven,4177,,35.24,
,South Holland,4285,,32.23,
,South Kesteven,5105,,33.93,
,West Lindsey,3824,,35.63,
,Corby,2288,,38.77,
,Daventry,2239,,34.92,
,East Northamptonshire,3281,,34.44,
,Kettering,3638,,36.21,
,Northampton,7713,,41.5,
,South Northamptonshire,2268,,36.33,
,Wellingborough,3330,,38.87,
,Ashfield,5473,,36.75,
,Bassetlaw,5089,,37.03,
,Broxtowe,4288,,36.18,
,Gedling,4338,,36.02,
,Mansfield,4794,,36.87,
,Newark and Sherwood,4402,,35.34,
,Rushcliffe,3186,,35.94,
,"Herefordshire, County of",7698,,39.27,
,Shropshire,12927,,38.52,
,Stoke-on-Trent,13880,,37.3,
,Telford and Wrekin,6882,,40.99,
,Cannock Chase,4472,,38.51,
,East Staffordshire,4247,,38.17,
,Lichfield,3711,,37.4,
,Newcastle-under-Lyme,5528,,35.39,
,South Staffordshire,4666,,35.63,
,Stafford,4568,,35.61,
,Staffordshire Moorlands,3924,,35.02,
,Tamworth,3200,,38.36,
,North Warwickshire,2665,,37.24,
,Nuneaton and Bedworth,5614,,39.11,
,Rugby,3277,,38.22,
,Stratford-on-Avon,4301,,36.32,
,Warwick,4543,,38.92,
,Birmingham,60292,,48.49,
,Coventry,16264,,44.41,
,Dudley,17779,,38.62,
,Sandwell,20941,,43.38,
,Solihull,7923,,39.43,
,Walsall,16469,,40.15,
,Wolverhampton,15971,,42.3,
,Bromsgrove,3183,,36.18,
,Malvern Hills,3001,,37.56,
,Redditch,3219,,41.2,
,Worcester,3733,,38.29,
,Wychavon,4349,,36.96,
,Wyre Forest,4644,,37.86,
,Bedford,5473,,41.03,
,Central Bedfordshire,7378,,36.43,
,Luton,7464,,50.87,
,Peterborough,7008,,43.77,
,Southend-on-Sea,8297,,42.77,
,Thurrock,5584,,40.12,
,Cambridge,3067,,43.14,
,East Cambridgeshire,2810,,38.28,
,Fenland,4906,,37.55,
,Huntingdonshire,4495,,36.4,
,South Cambridgeshire,3525,,37.32,
,Basildon,7285,,41.53,
,Braintree,5377,,37.89,
,Brentwood,2202,,37.19,
,Castle Point,3813,,40.5,
,Chelmsford,4750,,37.4,
,Colchester,5384,,39.21,
,Epping Forest,4459,,40.9,
,Harlow,3483,,37.14,
,Maldon,2377,,38.94,
,Rochford,2917,,37.53,
,Tendring,8987,,37.95,
,Uttlesford,2087,,36.98,
,Broxbourne,3099,,44.06,
,Dacorum,4456,,38.47,
,East Hertfordshire,3566,,38.14,
,Hertsmere,3112,,43.2,
,North Hertfordshire,4454,,36.05,
,St Albans,3143,,40.85,
,Stevenage,3260,,39.53,
,Three Rivers,2496,,41.41,
,Watford,2580,,45.2,
,Welwyn Hatfield,3272,,39.46,
,Breckland,6019,,35.42,
,Broadland,4734,,34.23,
,Great Yarmouth,6118,,38.25,
,King's Lynn and West Norfolk,7548,,36.47,
,North Norfolk,5732,,35.86,
,Norwich,6873,,38.31,
,South Norfolk,4695,,35.2,
,Babergh,3335,,35.33,
,Forest Heath,2202,,37.25,
,Ipswich,5840,,39.82,
,Mid Suffolk,3190,,35.42,
,St Edmundsbury,3789,,35.76,
,Suffolk Coastal,4723,,36.78,
,Waveney,6569,,36.75,
,Camden,8552,,64.1,
,City of London,162,,63.28,
,Hackney,10677,,66.67,
,Hammersmith and Fulham,6352,,58.64,
,Haringey,9862,,64.32,
,Islington,9055,,62.14,
,Kensington and Chelsea,5550,,64.65,
,Lambeth,10867,,59.06,
,Lewisham,10072,,52,
,Newham,11747,,66.27,
,Southwark,10909,,56.09,
,Tower Hamlets,11342,,67.67,
,Wandsworth,9645,,55.5,
,Westminster,7900,,66.8,
,Barking and Dagenham,8194,,46.68,
,Barnet,11045,,59.49,
,Bexley,7155,,42.04,
,Brent,11668,,68.93,
,Bromley,8867,,43.63,
,Croydon,10668,,52.71,
,Ealing,11448,,65.39,
,Enfield,11341,,56.8,
,Greenwich,9211,,51.41,
,Harrow,7618,,69.57,
,Havering,9071,,40.54,
,Hillingdon,7712,,51.56,
,Hounslow,7880,,59.15,
,Kingston upon Thames,3834,,48.6,
,Merton,5609,,51.35,
,Redbridge,9174,,59.28,
,Richmond upon Thames,4331,,47.96,
,Sutton,5486,,43.06,
,Waltham Forest,9683,,55.13,
,Bracknell Forest,2619,,37.27,
,Brighton and Hove,11440,,44.11,
,Isle of Wight,7707,,37.61,
,Medway,9172,,39.11,
,Milton Keynes,6385,,42.41,
,Portsmouth,7898,,40.46,
,Reading,4421,,41.44,
,Slough,4254,,51.23,
,Southampton,9409,,41.21,
,West Berkshire,3677,,36.07,
,Windsor and Maidenhead,3568,,40.04,
,Wokingham,2605,,37.28,
,Aylesbury Vale,4293,,37.63,
,Chiltern,2079,,37.84,
,South Bucks,1501,,38.84,
,Wycombe,4489,,39.39,
,Eastbourne,4778,,38.62,
,Hastings,4843,,41.71,
,Lewes,3822,,38.68,
,Rother,4409,,37.73,
,Wealden,5051,,36.71,
,Basingstoke and Deane,3850,,35.02,
,East Hampshire,2937,,37.37,
,Eastleigh,3308,,36.15,
,Fareham,3049,,34.3,
,Gosport,2790,,34.73,
,Hart,1431,,38.5,
,Havant,5058,,39,
,New Forest,6285,,35.83,
,Rushmoor,2049,,38.34,
,Test Valley,3289,,35.1,
,Winchester,3176,,35.35,
,Ashford,3905,,36.56,
,Canterbury,6274,,37.91,
,Dartford,2798,,36.31,
,Dover,5012,,36.72,
,Gravesham,3880,,38.58,
,Maidstone,4797,,36.78,
,Sevenoaks,3352,,37.73,
,Shepway,5077,,39.5,
,Swale,5532,,38.72,
,Thanet,8586,,40.3,
,Tonbridge and Malling,3394,,35.23,
,Tunbridge Wells,3496,,38.52,
,Cherwell,3699,,36.81,
,Oxford,4272,,43.14,
,South Oxfordshire,3238,,35.2,
,Vale of White Horse,3117,,34.73,
,West Oxfordshire,2919,,36.33,
,Elmbridge,2949,,41.87,
,Epsom and Ewell,1412,,43.98,
,Guildford,2878,,38.18,
,Mole Valley,2102,,37.64,
,Reigate and Banstead,3103,,38.12,
,Runnymede,2243,,37.52,
,Spelthorne,2456,,40.88,
,Surrey Heath,1555,,36.76,
,Tandridge,1982,,38.17,
,Waverley,3120,,36.51,
,Woking,2219,,42.02,
,Adur,2851,,37.66,
,Arun,7157,,36.61,
,Chichester,4262,,35.65,
,Crawley,3103,,40.7,
,Horsham,3294,,34.72,
,Mid Sussex,3335,,35.94,
,Worthing,4443,,37.3,
,Bath and North East Somerset,6460,,36.68,
,Bournemouth,8972,,41.74,
,"Bristol, City of",17729,,43.97,
,Cornwall,27869,,38.93,
,Isles of Scilly,68,,34.29,
,North Somerset,8074,,38.08,
,Plymouth,11266,,40.55,
,Poole,6076,,38.16,
,South Gloucestershire,7806,,37.92,
,Swindon,6824,,38.72,
,Torbay,8814,,43.19,
,Wiltshire,14770,,36.33,
,East Devon,5734,,37.71,
,Exeter,4507,,37.88,
,Mid Devon,3123,,37.78,
,North Devon,4636,,37.78,
,South Hams,3558,,39.22,
,Teignbridge,6127,,38.3,
,Torridge,3204,,38.31,
,West Devon,2172,,37.58,
,Christchurch,2361,,36.59,
,East Dorset,3179,,35.16,
,North Dorset,2330,,36.67,
,Purbeck,1929,,35.54,
,West Dorset,4130,,36.26,
,Weymouth and Portland,2959,,38.36,
,Cheltenham,3869,,40.36,
,Cotswold,3041,,34.1,
,Forest of Dean,3779,,37.48,
,Gloucester,4666,,40.17,
,Stroud,4159,,36.04,
,Tewkesbury,2644,,37.96,
,Mendip,4147,,37.7,
,Sedgemoor,4912,,37.11,
,South Somerset,6634,,36.85,
,Taunton Deane,4341,,37.85,
,West Somerset,1950,,39.95,
,Total,2220625,,41.74,
May-05,County Durham,30907,,38.07,
,Darlington,5433,,40.04,
,Hartlepool,6282,,38.11,
,Middlesbrough,8351,,41.17,
,Northumberland,15770,,36.75,
,Redcar and Cleveland,7997,,38.64,
,Stockton-on-Tees,9091,,38.43,
,Gateshead,13414,,37.57,
,Newcastle upon Tyne,16435,,42.69,
,North Tyneside,12303,,38.16,
,South Tyneside,11287,,39.32,
,Sunderland,19335,,38.54,
,Blackburn with Darwen,7245,,48.36,
,Blackpool,10120,,44.29,
,Cheshire East,12958,,37.61,
,Cheshire West and Chester,12648,,40.36,
,Halton,6177,,42.53,
,Warrington,7834,,40,
,Allerdale,4881,,39,
,Barrow-in-Furness,3786,,43.74,
,Carlisle,4529,,40.13,
,Copeland,3159,,40.06,
,Eden,1775,,37.15,
,South Lakeland,3834,,38.99,
,Bolton,14138,,43.89,
,Bury,8359,,41.25,
,Manchester,26421,,51.63,
,Oldham,11425,,42.97,
,Rochdale,11277,,43.04,
,Salford,13949,,44.04,
,Stockport,11943,,43.11,
,Tameside,11917,,41.94,
,Trafford,8912,,45.28,
,Wigan,16382,,39.64,
,Burnley,5060,,41.36,
,Chorley,3988,,40.64,
,Fylde,3440,,39.66,
,Hyndburn,4388,,42.87,
,Lancaster,6823,,40.49,
,Pendle,4599,,42.53,
,Preston,6127,,46.38,
,Ribble Valley,1754,,37.14,
,Rossendale,3442,,39.53,
,South Ribble,3874,,38.54,
,West Lancashire,5511,,41.56,
,Wyre,5733,,40.54,
,Knowsley,10853,,45.8,
,Liverpool,32038,,47.31,
,Sefton,16369,,43.65,
,St. Helens,9845,,41.21,
,Wirral,17577,,43.49,
,East Riding of Yorkshire,15374,,37.26,
,"Kingston upon Hull, City of",16597,,40.13,
,North East Lincolnshire,9396,,38.92,
,North Lincolnshire,8281,,35.77,
,York,6638,,36.21,
,Craven,2291,,35.25,
,Hambleton,2972,,34.42,
,Harrogate,5031,,37.02,
,Richmondshire,1503,,34.9,
,Ryedale,2311,,36.66,
,Scarborough,6571,,39.74,
,Selby,2704,,37.52,
,Barnsley,12524,,38.75,
,Doncaster,15782,,38.6,
,Rotherham,14232,,39.67,
,Sheffield,31453,,40.72,
,Bradford,26188,,43.83,
,Calderdale,9610,,39.24,
,Kirklees,19025,,41.07,
,Leeds,34357,,40.69,
,Wakefield,15982,,39.79,
,Derby,11486,,44.3,
,Leicester,17082,,56.57,
,Nottingham,14939,,45.17,
,Rutland,1045,,35.78,
,Amber Valley,5641,,39.56,
,Bolsover,3944,,40.08,
,Chesterfield,5725,,42.58,
,Derbyshire Dales,2688,,37.32,
,Erewash,5128,,38.07,
,High Peak,3560,,39.77,
,North East Derbyshire,5002,,39.04,
,South Derbyshire,3020,,39.78,
,Blaby,3029,,37.48,
,Charnwood,5732,,40.36,
,Harborough,2500,,36.89,
,Hinckley and Bosworth,4070,,36.4,
,Melton,1644,,36.65,
,North West Leicestershire,3550,,38.08,
,Oadby and Wigston,2230,,41.29,
,Boston,3451,,37.81,
,East Lindsey,8803,,39.94,
,Lincoln,4456,,39.45,
,North Kesteven,4226,,36.67,
,South Holland,4337,,33.84,
,South Kesteven,5138,,35.66,
,West Lindsey,3865,,37.4,
,Corby,2308,,40.44,
,Daventry,2277,,36.6,
,East Northamptonshire,3302,,36.13,
,Kettering,3658,,38.14,
,Northampton,7841,,43.18,
,South Northamptonshire,2312,,38.31,
,Wellingborough,3371,,41.07,
,Ashfield,5541,,38.61,
,Bassetlaw,5148,,38.78,
,Broxtowe,4354,,38.09,
,Gedling,4380,,37.82,
,Mansfield,4801,,38.57,
,Newark and Sherwood,4466,,37.42,
,Rushcliffe,3221,,37.51,
,"Herefordshire, County of",7863,,41.22,
,Shropshire,13103,,40.14,
,Stoke-on-Trent,14023,,39.08,
,Telford and Wrekin,7071,,42.71,
,Cannock Chase,4522,,40.71,
,East Staffordshire,4300,,40.04,
,Lichfield,3762,,39.25,
,Newcastle-under-Lyme,5575,,37.29,
,South Staffordshire,4720,,37.48,
,Stafford,4589,,37.28,
,Staffordshire Moorlands,3966,,36.75,
,Tamworth,3240,,40.41,
,North Warwickshire,2797,,38.78,
,Nuneaton and Bedworth,5687,,41.25,
,Rugby,3333,,39.89,
,Stratford-on-Avon,4366,,38.06,
,Warwick,4651,,40.71,
,Birmingham,60768,,50.52,
,Coventry,16437,,46.65,
,Dudley,17892,,40.5,
,Sandwell,21125,,45.24,
,Solihull,8038,,41.14,
,Walsall,16602,,42.2,
,Wolverhampton,16089,,44.24,
,Bromsgrove,3205,,38.05,
,Malvern Hills,3027,,39.8,
,Redditch,3239,,43.27,
,Worcester,3777,,40.53,
,Wychavon,4424,,38.74,
,Wyre Forest,4704,,40.1,
,Bedford,5544,,42.85,
,Central Bedfordshire,7510,,38.55,
,Luton,7562,,53.01,
,Peterborough,7049,,45.9,
,Southend-on-Sea,8347,,44.91,
,Thurrock,5609,,42.28,
,Cambridge,3133,,45.27,
,East Cambridgeshire,2838,,40.39,
,Fenland,4998,,39.27,
,Huntingdonshire,4563,,38.14,
,South Cambridgeshire,3563,,39.56,
,Basildon,7399,,43.48,
,Braintree,5422,,40.29,
,Brentwood,2228,,39.03,
,Castle Point,3853,,42.76,
,Chelmsford,4808,,39.62,
,Colchester,5441,,41.45,
,Epping Forest,4469,,43.22,
,Harlow,3532,,38.66,
,Maldon,2404,,40.98,
,Rochford,2950,,39.94,
,Tendring,9128,,40.21,
,Uttlesford,2122,,38.78,
,Broxbourne,3144,,46.2,
,Dacorum,4496,,40.48,
,East Hertfordshire,3593,,40.84,
,Hertsmere,3157,,45.35,
,North Hertfordshire,4505,,38.4,
,St Albans,3202,,43.36,
,Stevenage,3298,,41.76,
,Three Rivers,2516,,43.58,
,Watford,2601,,47.7,
,Welwyn Hatfield,3320,,41.7,
,Breckland,6089,,37.15,
,Broadland,4803,,36.11,
,Great Yarmouth,6196,,40.17,
,King's Lynn and West Norfolk,7673,,38.24,
,North Norfolk,5807,,37.88,
,Norwich,6917,,40.37,
,South Norfolk,4749,,37.18,
,Babergh,3387,,37.37,
,Forest Heath,2237,,39.26,
,Ipswich,5908,,42.24,
,Mid Suffolk,3230,,37.27,
,St Edmundsbury,3829,,37.95,
,Suffolk Coastal,4774,,38.78,
,Waveney,6711,,38.89,
,Camden,8611,,67.04,
,City of London,172,,66.86,
,Hackney,10679,,69.85,
,Hammersmith and Fulham,6455,,61.27,
,Haringey,9881,,66.89,
,Islington,9109,,64.84,
,Kensington and Chelsea,5630,,67.73,
,Lambeth,11009,,61.78,
,Lewisham,10151,,54.55,
,Newham,11862,,69.26,
,Southwark,11073,,58.81,
,Tower Hamlets,11388,,70.67,
,Wandsworth,9702,,58.25,
,Westminster,8012,,69.91,
,Barking and Dagenham,8270,,49.15,
,Barnet,11163,,62.07,
,Bexley,7214,,44.5,
,Brent,11750,,71.82,
,Bromley,8991,,45.7,
,Croydon,10831,,55.5,
,Ealing,11526,,68.06,
,Enfield,11423,,59.36,
,Greenwich,9281,,53.95,
,Harrow,7699,,72.23,
,Havering,9149,,42.52,
,Hillingdon,7817,,54.1,
,Hounslow,8018,,61.73,
,Kingston upon Thames,3846,,51.67,
,Merton,5706,,53.57,
,Redbridge,9312,,61.9,
,Richmond upon Thames,4363,,50.22,
,Sutton,5572,,45.42,
,Waltham Forest,9721,,57.63,
,Bracknell Forest,2644,,39.08,
,Brighton and Hove,11536,,46.33,
,Isle of Wight,7771,,39.97,
,Medway,9262,,41.31,
,Milton Keynes,6505,,44.38,
,Portsmouth,8027,,42.65,
,Reading,4513,,43.65,
,Slough,4325,,53.23,
,Southampton,9509,,43.3,
,West Berkshire,3719,,37.79,
,Windsor and Maidenhead,3593,,42.23,
,Wokingham,2633,,39.19,
,Aylesbury Vale,4360,,39.72,
,Chiltern,2081,,39.51,
,South Bucks,1528,,40.48,
,Wycombe,4524,,41.48,
,Eastbourne,4847,,40.59,
,Hastings,4950,,44.24,
,Lewes,3846,,41.06,
,Rother,4433,,39.6,
,Wealden,5138,,38.85,
,Basingstoke and Deane,3945,,36.84,
,East Hampshire,2975,,39.32,
,Eastleigh,3332,,38.41,
,Fareham,3052,,35.87,
,Gosport,2826,,36.88,
,Hart,1466,,39.97,
,Havant,5139,,40.53,
,New Forest,6493,,37.2,
,Rushmoor,2084,,40.31,
,Test Valley,3402,,36.89,
,Winchester,3204,,37.18,
,Ashford,3956,,38.64,
,Canterbury,6319,,39.67,
,Dartford,2798,,38.71,
,Dover,5081,,38.66,
,Gravesham,3900,,40.52,
,Maidstone,4799,,39.06,
,Sevenoaks,3376,,39.51,
,Shepway,5110,,41.45,
,Swale,5656,,40.67,
,Thanet,8646,,42.63,
,Tonbridge and Malling,3393,,37.37,
,Tunbridge Wells,3545,,40.65,
,Cherwell,3768,,38.52,
,Oxford,4297,,45.21,
,South Oxfordshire,3335,,37.08,
,Vale of White Horse,3153,,36.74,
,West Oxfordshire,2947,,38.79,
,Elmbridge,2977,,43.57,
,Epsom and Ewell,1428,,46.08,
,Guildford,2913,,40.25,
,Mole Valley,2095,,39.83,
,Reigate and Banstead,3150,,40.52,
,Runnymede,2263,,39.94,
,Spelthorne,2498,,43.07,
,Surrey Heath,1587,,38.55,
,Tandridge,1989,,41.06,
,Waverley,3139,,38.82,
,Woking,2248,,44.46,
,Adur,2890,,40.13,
,Arun,7228,,38.78,
,Chichester,4333,,37.83,
,Crawley,3129,,42.54,
,Horsham,3319,,36.32,
,Mid Sussex,3381,,37.35,
,Worthing,4454,,39.23,
,Bath and North East Somerset,6468,,38.65,
,Bournemouth,9105,,43.81,
,"Bristol, City of",17846,,46.14,
,Cornwall,28064,,41.01,
,Isles of Scilly,77,,35,
,North Somerset,8220,,39.64,
,Plymouth,11403,,42.69,
,Poole,6160,,40.2,
,South Gloucestershire,7913,,39.84,
,Swindon,6847,,40.85,
,Torbay,8945,,45.33,
,Wiltshire,14926,,38.5,
,East Devon,5810,,39.94,
,Exeter,4506,,40.29,
,Mid Devon,3138,,39.77,
,North Devon,4688,,39.77,
,South Hams,3583,,41.76,
,Teignbridge,6162,,40.44,
,Torridge,3208,,40.15,
,West Devon,2195,,40.05,
,Christchurch,2394,,38.56,
,East Dorset,3185,,37.4,
,North Dorset,2344,,38.52,
,Purbeck,2032,,36.5,
,West Dorset,4179,,38.47,
,Weymouth and Portland,3051,,40.29,
,Cheltenham,3919,,42.12,
,Cotswold,3060,,35.66,
,Forest of Dean,3812,,39.45,
,Gloucester,4726,,42.37,
,Stroud,4210,,38.06,
,Tewkesbury,2672,,40.32,
,Mendip,4176,,39.48,
,Sedgemoor,4983,,39.27,
,South Somerset,6700,,38.93,
,Taunton Deane,4377,,39.99,
,West Somerset,1974,,41.91,
,Total,2244508,,43.8,
Aug-05,County Durham,30961,,37.88,
,Darlington,5429,,39.8,
,Hartlepool,6283,,37.69,
,Middlesbrough,8366,,41.26,
,Northumberland,15847,,36.68,
,Redcar and Cleveland,8015,,38.51,
,Stockton-on-Tees,9164,,38.32,
,Gateshead,13441,,37.61,
,Newcastle upon Tyne,16498,,42.72,
,North Tyneside,12386,,38.29,
,South Tyneside,11364,,39.05,
,Sunderland,19421,,38.54,
,Blackburn with Darwen,7279,,48.33,
,Blackpool,10147,,44.29,
,Cheshire East,12982,,37.44,
,Cheshire West and Chester,12656,,40.34,
,Halton,6188,,42.02,
,Warrington,7857,,40,
,Allerdale,4903,,39.03,
,Barrow-in-Furness,3840,,43.52,
,Carlisle,4569,,40.64,
,Copeland,3183,,40.07,
,Eden,1788,,37.41,
,South Lakeland,3887,,39.02,
,Bolton,14179,,43.84,
,Bury,8388,,41.14,
,Manchester,26450,,51.73,
,Oldham,11522,,42.77,
,Rochdale,11300,,43.12,
,Salford,13968,,44.06,
,Stockport,11992,,43.19,
,Tameside,11905,,41.94,
,Trafford,8945,,45.14,
,Wigan,16459,,39.56,
,Burnley,5106,,41.7,
,Chorley,4022,,40.6,
,Fylde,3467,,39.63,
,Hyndburn,4426,,42.86,
,Lancaster,6849,,40.68,
,Pendle,4612,,42.78,
,Preston,6173,,46.61,
,Ribble Valley,1768,,36.75,
,Rossendale,3432,,39.66,
,South Ribble,3887,,38.64,
,West Lancashire,5541,,41.48,
,Wyre,5760,,40.57,
,Knowsley,10874,,46.15,
,Liverpool,32166,,47.21,
,Sefton,16403,,43.91,
,St. Helens,9917,,41.3,
,Wirral,17668,,43.68,
,East Riding of Yorkshire,15485,,37.06,
,"Kingston upon Hull, City of",16693,,40.05,
,North East Lincolnshire,9407,,38.87,
,North Lincolnshire,8354,,35.61,
,York,6700,,36.16,
,Craven,2332,,35.25,
,Hambleton,2998,,34.35,
,Harrogate,5063,,36.92,
,Richmondshire,1498,,35.2,
,Ryedale,2329,,36.86,
,Scarborough,6615,,39.86,
,Selby,2729,,36.88,
,Barnsley,12570,,38.62,
,Doncaster,15965,,38.2,
,Rotherham,14276,,39.44,
,Sheffield,31490,,40.59,
,Bradford,26219,,43.71,
,Calderdale,9659,,39.3,
,Kirklees,19046,,40.82,
,Leeds,34502,,40.51,
,Wakefield,16160,,39.69,
,Derby,11462,,44.26,
,Leicester,17186,,56.62,
,Nottingham,15020,,45.02,
,Rutland,1060,,35.56,
,Amber Valley,5668,,39.65,
,Bolsover,3972,,39.99,
,Chesterfield,5772,,42.79,
,Derbyshire Dales,2716,,37.28,
,Erewash,5137,,38.06,
,High Peak,3539,,39.88,
,North East Derbyshire,5049,,39.35,
,South Derbyshire,3040,,40.03,
,Blaby,3058,,37.14,
,Charnwood,5818,,40,
,Harborough,2519,,37.05,
,Hinckley and Bosworth,4087,,36.44,
,Melton,1646,,36.34,
,North West Leicestershire,3577,,37.67,
,Oadby and Wigston,2240,,41.37,
,Boston,3465,,37.73,
,East Lindsey,8932,,39.69,
,Lincoln,4466,,39.42,
,North Kesteven,4243,,36.61,
,South Holland,4362,,33.84,
,South Kesteven,5190,,35.64,
,West Lindsey,3887,,37.27,
,Corby,2318,,40.31,
,Daventry,2283,,36.37,
,East Northamptonshire,3337,,35.97,
,Kettering,3660,,38.05,
,Northampton,7934,,42.97,
,South Northamptonshire,2309,,37.84,
,Wellingborough,3370,,40.64,
,Ashfield,5598,,38.62,
,Bassetlaw,5192,,38.67,
,Broxtowe,4383,,38.51,
,Gedling,4422,,37.73,
,Mansfield,4850,,38.63,
,Newark and Sherwood,4517,,37.25,
,Rushcliffe,3233,,37.56,
,"Herefordshire, County of",7919,,41.31,
,Shropshire,13204,,40.07,
,Stoke-on-Trent,14092,,38.93,
,Telford and Wrekin,7128,,42.66,
,Cannock Chase,4538,,40.42,
,East Staffordshire,4325,,39.62,
,Lichfield,3784,,39.01,
,Newcastle-under-Lyme,5632,,37.12,
,South Staffordshire,4763,,37.25,
,Stafford,4584,,37,
,Staffordshire Moorlands,4039,,36.74,
,Tamworth,3274,,40.27,
,North Warwickshire,2820,,38.62,
,Nuneaton and Bedworth,5708,,40.99,
,Rugby,3396,,39.88,
,Stratford-on-Avon,4413,,37.92,
,Warwick,4643,,40.78,
,Birmingham,60789,,50.45,
,Coventry,16475,,46.58,
,Dudley,17915,,40.49,
,Sandwell,21241,,45.27,
,Solihull,8073,,40.84,
,Walsall,16658,,41.95,
,Wolverhampton,16127,,44.32,
,Bromsgrove,3230,,38.18,
,Malvern Hills,3044,,39.45,
,Redditch,3277,,43.43,
,Worcester,3785,,40.68,
,Wychavon,4449,,39.02,
,Wyre Forest,4772,,40.05,
,Bedford,5566,,42.63,
,Central Bedfordshire,7546,,38.26,
,Luton,7593,,52.73,
,Peterborough,7135,,45.81,
,Southend-on-Sea,8351,,45.16,
,Thurrock,5659,,42.15,
,Cambridge,3181,,44.91,
,East Cambridgeshire,2854,,40.21,
,Fenland,5059,,39.27,
,Huntingdonshire,4631,,38.1,
,South Cambridgeshire,3614,,39.63,
,Basildon,7484,,43.42,
,Braintree,5419,,40.39,
,Brentwood,2243,,39.24,
,Castle Point,3888,,42.61,
,Chelmsford,4775,,39.65,
,Colchester,5425,,41.53,
,Epping Forest,4484,,43.01,
,Harlow,3536,,38.69,
,Maldon,2417,,40.9,
,Rochford,3004,,40.07,
,Tendring,9144,,40.35,
,Uttlesford,2128,,38.92,
,Broxbourne,3160,,46.33,
,Dacorum,4478,,40.34,
,East Hertfordshire,3614,,40.96,
,Hertsmere,3149,,45.67,
,North Hertfordshire,4526,,38.57,
,St Albans,3237,,43.64,
,Stevenage,3319,,41.47,
,Three Rivers,2502,,43.89,
,Watford,2612,,47.69,
,Welwyn Hatfield,3338,,42.11,
,Breckland,6159,,37.32,
,Broadland,4841,,35.96,
,Great Yarmouth,6218,,39.97,
,King's Lynn and West Norfolk,7761,,38.34,
,North Norfolk,5834,,37.68,
,Norwich,6903,,40.59,
,South Norfolk,4792,,37.13,
,Babergh,3421,,38.06,
,Forest Heath,2245,,38.61,
,Ipswich,5952,,42.47,
,Mid Suffolk,3281,,37.27,
,St Edmundsbury,3840,,37.66,
,Suffolk Coastal,4825,,39.24,
,Waveney,6759,,39.02,
,Camden,8585,,67.32,
,City of London,165,,68.42,
,Hackney,10696,,69.46,
,Hammersmith and Fulham,6507,,61.42,
,Haringey,9945,,66.81,
,Islington,9156,,64.69,
,Kensington and Chelsea,5685,,67.72,
,Lambeth,11084,,61.76,
,Lewisham,10215,,54.38,
,Newham,11972,,68.88,
,Southwark,11132,,58.97,
,Tower Hamlets,11406,,70.47,
,Wandsworth,9804,,58.06,
,Westminster,8054,,70.04,
,Barking and Dagenham,8328,,49.31,
,Barnet,11207,,61.98,
,Bexley,7255,,44.5,
,Brent,11842,,71.67,
,Bromley,9075,,45.75,
,Croydon,10934,,55.5,
,Ealing,11647,,67.84,
,Enfield,11474,,59.27,
,Greenwich,9372,,54.04,
,Harrow,7802,,72.18,
,Havering,9151,,42.43,
,Hillingdon,7894,,54.11,
,Hounslow,8092,,61.52,
,Kingston upon Thames,3881,,51.96,
,Merton,5759,,53.68,
,Redbridge,9498,,61.23,
,Richmond upon Thames,4371,,50.17,
,Sutton,5603,,45.41,
,Waltham Forest,9763,,57.71,
,Bracknell Forest,2679,,39.59,
,Brighton and Hove,11594,,46.76,
,Isle of Wight,7882,,39.84,
,Medway,9277,,41.07,
,Milton Keynes,6558,,44.21,
,Portsmouth,8069,,43,
,Reading,4564,,43.88,
,Slough,4355,,53.24,
,Southampton,9543,,43.46,
,West Berkshire,3763,,37.99,
,Windsor and Maidenhead,3625,,42.06,
,Wokingham,2649,,39.13,
,Aylesbury Vale,4360,,39.66,
,Chiltern,2098,,39.72,
,South Bucks,1532,,40.91,
,Wycombe,4536,,41.46,
,Eastbourne,4900,,40.93,
,Hastings,4966,,44.61,
,Lewes,3881,,41.27,
,Rother,4468,,39.83,
,Wealden,5186,,39.21,
,Basingstoke and Deane,4099,,36.71,
,East Hampshire,3003,,39.34,
,Eastleigh,3393,,38.31,
,Fareham,3116,,35.66,
,Gosport,2858,,36.96,
,Hart,1484,,40.46,
,Havant,5218,,40.56,
,New Forest,6547,,37.13,
,Rushmoor,2093,,39.96,
,Test Valley,3434,,36.78,
,Winchester,3250,,37.16,
,Ashford,4006,,38.3,
,Canterbury,6313,,40.01,
,Dartford,2785,,38.89,
,Dover,5117,,38.68,
,Gravesham,3915,,40.6,
,Maidstone,4816,,38.97,
,Sevenoaks,3401,,39.68,
,Shepway,5130,,41.52,
,Swale,5672,,40.84,
,Thanet,8674,,42.82,
,Tonbridge and Malling,3415,,37.13,
,Tunbridge Wells,3534,,40.3,
,Cherwell,3780,,38.69,
,Oxford,4307,,45.17,
,South Oxfordshire,3356,,37.03,
,Vale of White Horse,3152,,37.11,
,West Oxfordshire,2972,,38.63,
,Elmbridge,3005,,43.6,
,Epsom and Ewell,1453,,45.68,
,Guildford,2929,,40.35,
,Mole Valley,2096,,39.92,
,Reigate and Banstead,3199,,40.73,
,Runnymede,2275,,40.27,
,Spelthorne,2509,,43.36,
,Surrey Heath,1623,,38.65,
,Tandridge,1994,,41.12,
,Waverley,3238,,37.99,
,Woking,2291,,43.94,
,Adur,2903,,39.97,
,Arun,7286,,39.09,
,Chichester,4386,,37.76,
,Crawley,3135,,42.58,
,Horsham,3343,,36.36,
,Mid Sussex,3398,,37.83,
,Worthing,4472,,39.13,
,Bath and North East Somerset,6487,,38.63,
,Bournemouth,9185,,43.58,
,"Bristol, City of",17967,,45.95,
,Cornwall,28231,,40.76,
,Isles of Scilly,73,,35,
,North Somerset,8321,,39.48,
,Plymouth,11454,,42.71,
,Poole,6196,,40.31,
,South Gloucestershire,7943,,39.72,
,Swindon,6891,,41.09,
,Torbay,9012,,45.14,
,Wiltshire,15068,,38.41,
,East Devon,5824,,39.98,
,Exeter,4550,,40.6,
,Mid Devon,3136,,39.63,
,North Devon,4657,,39.73,
,South Hams,3600,,41.63,
,Teignbridge,6215,,40.64,
,Torridge,3250,,40.2,
,West Devon,2215,,40.14,
,Christchurch,2399,,38.6,
,East Dorset,3213,,37.57,
,North Dorset,2355,,38.37,
,Purbeck,2037,,36.93,
,West Dorset,4245,,38.29,
,Weymouth and Portland,3065,,40.2,
,Cheltenham,3911,,42.1,
,Cotswold,3069,,35.78,
,Forest of Dean,3847,,39.33,
,Gloucester,4742,,42.08,
,Stroud,4216,,38.08,
,Tewkesbury,2693,,40.17,
,Mendip,4210,,39.43,
,Sedgemoor,4981,,39.53,
,South Somerset,6703,,38.65,
,Taunton Deane,4386,,40.02,
,West Somerset,1998,,41.9,
,Total,2256801,,43.76,
Nov-05,County Durham,31106,,37.8,
,Darlington,5435,,39.78,
,Hartlepool,6280,,37.41,
,Middlesbrough,8380,,41.11,
,Northumberland,15854,,36.76,
,Redcar and Cleveland,8066,,38.47,
,Stockton-on-Tees,9227,,38.22,
,Gateshead,13437,,37.43,
,Newcastle upon Tyne,16542,,42.43,
,North Tyneside,12415,,38.16,
,South Tyneside,11411,,38.89,
,Sunderland,19476,,38.67,
,Blackburn with Darwen,7293,,48.59,
,Blackpool,10165,,43.96,
,Cheshire East,12986,,37.57,
,Cheshire West and Chester,12698,,40.1,
,Halton,6205,,42.11,
,Warrington,7907,,40.07,
,Allerdale,4905,,39.03,
,Barrow-in-Furness,3841,,43.15,
,Carlisle,4575,,40.71,
,Copeland,3206,,39.99,
,Eden,1788,,37,
,South Lakeland,3891,,38.95,
,Bolton,14170,,43.65,
,Bury,8425,,40.92,
,Manchester,26534,,51.66,
,Oldham,11594,,42.62,
,Rochdale,11312,,42.96,
,Salford,13977,,43.82,
,Stockport,12072,,43,
,Tameside,11917,,41.81,
,Trafford,8985,,44.94,
,Wigan,16501,,39.48,
,Burnley,5103,,41.74,
,Chorley,4035,,40.72,
,Fylde,3462,,39.47,
,Hyndburn,4459,,43.08,
,Lancaster,6823,,40.87,
,Pendle,4656,,42.63,
,Preston,6182,,46.7,
,Ribble Valley,1781,,36.51,
,Rossendale,3407,,39.71,
,South Ribble,3910,,38.68,
,West Lancashire,5545,,41.44,
,Wyre,5803,,40.36,
,Knowsley,10877,,46.27,
,Liverpool,32183,,47.16,
,Sefton,16446,,44.22,
,St. Helens,10046,,40.99,
,Wirral,17704,,43.63,
,East Riding of Yorkshire,15646,,36.89,
,"Kingston upon Hull, City of",16842,,39.84,
,North East Lincolnshire,9451,,38.76,
,North Lincolnshire,8385,,35.32,
,York,6760,,36.26,
,Craven,2366,,35.57,
,Hambleton,3013,,34.15,
,Harrogate,5179,,36.51,
,Richmondshire,1517,,34.96,
,Ryedale,2351,,36.67,
,Scarborough,6659,,39.98,
,Selby,2745,,36.39,
,Barnsley,12604,,38.58,
,Doncaster,16021,,38.12,
,Rotherham,14302,,39.04,
,Sheffield,31448,,40.47,
,Bradford,26167,,43.59,
,Calderdale,9703,,39.17,
,Kirklees,19077,,40.64,
,Leeds,34474,,40.25,
,Wakefield,16321,,39.36,
,Derby,11525,,43.99,
,Leicester,17222,,56.35,
,Nottingham,15053,,45.12,
,Rutland,1050,,35.59,
,Amber Valley,5708,,39.6,
,Bolsover,3991,,40.01,
,Chesterfield,5857,,42.4,
,Derbyshire Dales,2717,,37.24,
,Erewash,5150,,38.1,
,High Peak,3534,,40.22,
,North East Derbyshire,5080,,38.98,
,South Derbyshire,3070,,40.01,
,Blaby,3078,,37.14,
,Charnwood,5840,,40.09,
,Harborough,2517,,37.01,
,Hinckley and Bosworth,4104,,36.49,
,Melton,1654,,36.3,
,North West Leicestershire,3593,,37.28,
,Oadby and Wigston,2242,,41.21,
,Boston,3513,,37.99,
,East Lindsey,9042,,39.6,
,Lincoln,4468,,39.22,
,North Kesteven,4282,,36.49,
,South Holland,4389,,33.77,
,South Kesteven,5209,,35.35,
,West Lindsey,3909,,37.18,
,Corby,2337,,39.84,
,Daventry,2283,,36.15,
,East Northamptonshire,3325,,35.8,
,Kettering,3650,,37.94,
,Northampton,7985,,42.76,
,South Northamptonshire,2304,,37.87,
,Wellingborough,3389,,41.19,
,Ashfield,5617,,38.42,
,Bassetlaw,5197,,39.06,
,Broxtowe,4399,,38.38,
,Gedling,4432,,37.82,
,Mansfield,4866,,38.77,
,Newark and Sherwood,4550,,37.66,
,Rushcliffe,3218,,37.8,
,"Herefordshire, County of",7974,,41.34,
,Shropshire,13283,,40.12,
,Stoke-on-Trent,14165,,38.77,
,Telford and Wrekin,7185,,42.7,
,Cannock Chase,4581,,40.3,
,East Staffordshire,4324,,39.53,
,Lichfield,3777,,38.79,
,Newcastle-under-Lyme,5642,,37.32,
,South Staffordshire,4778,,37.15,
,Stafford,4584,,37.07,
,Staffordshire Moorlands,4082,,36.85,
,Tamworth,3294,,40.24,
,North Warwickshire,2843,,38.12,
,Nuneaton and Bedworth,5735,,41.04,
,Rugby,3456,,39.88,
,Stratford-on-Avon,4461,,37.87,
,Warwick,4661,,40.58,
,Birmingham,60800,,50.43,
,Coventry,16481,,46.71,
,Dudley,17951,,40.39,
,Sandwell,21270,,45.1,
,Solihull,8124,,41.04,
,Walsall,16669,,41.89,
,Wolverhampton,16164,,44.17,
,Bromsgrove,3262,,38.25,
,Malvern Hills,3079,,39.4,
,Redditch,3307,,43.19,
,Worcester,3780,,40.93,
,Wychavon,4460,,39.2,
,Wyre Forest,4782,,39.92,
,Bedford,5597,,42.71,
,Central Bedfordshire,7671,,38.26,
,Luton,7629,,52.24,
,Peterborough,7135,,45.71,
,Southend-on-Sea,8394,,45.01,
,Thurrock,5680,,42.01,
,Cambridge,3177,,45.03,
,East Cambridgeshire,2856,,40.37,
,Fenland,5044,,39.19,
,Huntingdonshire,4713,,38.36,
,South Cambridgeshire,3648,,39.87,
,Basildon,7478,,43.53,
,Braintree,5436,,40.4,
,Brentwood,2246,,39.39,
,Castle Point,3913,,42.24,
,Chelmsford,4778,,39.63,
,Colchester,5464,,41.89,
,Epping Forest,4528,,42.97,
,Harlow,3552,,38.64,
,Maldon,2421,,41.33,
,Rochford,3043,,40.16,
,Tendring,9195,,40.52,
,Uttlesford,2135,,38.9,
,Broxbourne,3203,,46.06,
,Dacorum,4484,,40.3,
,East Hertfordshire,3640,,40.87,
,Hertsmere,3166,,45.53,
,North Hertfordshire,4532,,38.67,
,St Albans,3255,,43.21,
,Stevenage,3306,,41.29,
,Three Rivers,2502,,43.91,
,Watford,2618,,47.12,
,Welwyn Hatfield,3359,,41.95,
,Breckland,6213,,37.15,
,Broadland,4839,,36.34,
,Great Yarmouth,6302,,40.28,
,King's Lynn and West Norfolk,7846,,38.44,
,North Norfolk,5843,,37.56,
,Norwich,6955,,40.47,
,South Norfolk,4804,,37.13,
,Babergh,3435,,37.53,
,Forest Heath,2238,,38.54,
,Ipswich,5924,,42.6,
,Mid Suffolk,3292,,37,
,St Edmundsbury,3886,,37.89,
,Suffolk Coastal,4834,,39.7,
,Waveney,6804,,38.87,
,Camden,8641,,67.52,
,City of London,169,,68.39,
,Hackney,10750,,69.55,
,Hammersmith and Fulham,6525,,61.47,
,Haringey,10018,,66.88,
,Islington,9235,,64.83,
,Kensington and Chelsea,5722,,67.58,
,Lambeth,11177,,61.81,
,Lewisham,10270,,54.12,
,Newham,11993,,68.92,
,Southwark,11218,,58.97,
,Tower Hamlets,11337,,70.56,
,Wandsworth,9852,,57.92,
,Westminster,8138,,70.08,
,Barking and Dagenham,8351,,49.26,
,Barnet,11262,,62.25,
,Bexley,7259,,44.26,
,Brent,11930,,71.85,
,Bromley,9198,,45.7,
,Croydon,10990,,55.17,
,Ealing,11776,,67.8,
,Enfield,11563,,59.27,
,Greenwich,9395,,54.16,
,Harrow,7879,,72.14,
,Havering,9187,,42.16,
,Hillingdon,7975,,54.08,
,Hounslow,8153,,61.08,
,Kingston upon Thames,3936,,52.19,
,Merton,5778,,53.33,
,Redbridge,9628,,60.9,
,Richmond upon Thames,4390,,50.18,
,Sutton,5630,,45.43,
,Waltham Forest,9829,,57.42,
,Bracknell Forest,2706,,39.65,
,Brighton and Hove,11640,,46.61,
,Isle of Wight,7902,,39.65,
,Medway,9329,,41.01,
,Milton Keynes,6581,,44.15,
,Portsmouth,8109,,42.78,
,Reading,4554,,43.48,
,Slough,4387,,52.93,
,Southampton,9627,,43.43,
,West Berkshire,3769,,37.61,
,Windsor and Maidenhead,3619,,41.68,
,Wokingham,2692,,38.84,
,Aylesbury Vale,4350,,39.47,
,Chiltern,2094,,39.39,
,South Bucks,1540,,40.64,
,Wycombe,4536,,41.86,
,Eastbourne,4948,,41.01,
,Hastings,5002,,44.38,
,Lewes,3913,,41.24,
,Rother,4510,,39.64,
,Wealden,5238,,38.73,
,Basingstoke and Deane,4112,,36.82,
,East Hampshire,3010,,39.24,
,Eastleigh,3420,,38.26,
,Fareham,3119,,35.39,
,Gosport,2854,,36.35,
,Hart,1485,,39.72,
,Havant,5266,,40.36,
,New Forest,6571,,37.15,
,Rushmoor,2109,,39.19,
,Test Valley,3469,,36.29,
,Winchester,3312,,37.06,
,Ashford,4020,,38.15,
,Canterbury,6322,,39.95,
,Dartford,2822,,39.09,
,Dover,5142,,38.77,
,Gravesham,3918,,40.93,
,Maidstone,4851,,38.82,
,Sevenoaks,3409,,39.3,
,Shepway,5169,,41.43,
,Swale,5680,,41.07,
,Thanet,8767,,42.83,
,Tonbridge and Malling,3433,,37.1,
,Tunbridge Wells,3538,,40.02,
,Cherwell,3823,,38.87,
,Oxford,4296,,44.91,
,South Oxfordshire,3362,,37.31,
,Vale of White Horse,3155,,36.73,
,West Oxfordshire,2981,,38.73,
,Elmbridge,2987,,43.91,
,Epsom and Ewell,1447,,44.69,
,Guildford,2959,,40.03,
,Mole Valley,2123,,39.37,
,Reigate and Banstead,3229,,40.61,
,Runnymede,2281,,40.14,
,Spelthorne,2504,,43.13,
,Surrey Heath,1640,,38.56,
,Tandridge,1997,,41.33,
,Waverley,3276,,38.24,
,Woking,2305,,43.61,
,Adur,2931,,39.96,
,Arun,7315,,39.04,
,Chichester,4401,,37.02,
,Crawley,3155,,42.86,
,Horsham,3358,,36.44,
,Mid Sussex,3412,,37.74,
,Worthing,4480,,39.14,
,Bath and North East Somerset,6491,,38.34,
,Bournemouth,9259,,43.48,
,"Bristol, City of",17960,,45.85,
,Cornwall,28254,,40.75,
,Isles of Scilly,76,,34.55,
,North Somerset,8436,,39.47,
,Plymouth,11578,,42.72,
,Poole,6267,,40.35,
,South Gloucestershire,8007,,39.72,
,Swindon,6954,,40.95,
,Torbay,9079,,45.04,
,Wiltshire,15203,,38.47,
,East Devon,5849,,39.93,
,Exeter,4573,,40.74,
,Mid Devon,3163,,39.78,
,North Devon,4701,,40.07,
,South Hams,3620,,41.67,
,Teignbridge,6234,,40.2,
,Torridge,3262,,40.01,
,West Devon,2243,,40.13,
,Christchurch,2412,,38.74,
,East Dorset,3232,,37.33,
,North Dorset,2375,,38.16,
,Purbeck,2043,,37.13,
,West Dorset,4326,,38.13,
,Weymouth and Portland,3084,,40.32,
,Cheltenham,3940,,41.8,
,Cotswold,3094,,35.74,
,Forest of Dean,3905,,39.56,
,Gloucester,4789,,42.32,
,Stroud,4213,,38.36,
,Tewkesbury,2688,,40.3,
,Mendip,4233,,39.52,
,Sedgemoor,5045,,39.54,
,South Somerset,6734,,38.5,
,Taunton Deane,4378,,40.14,
,West Somerset,1980,,42.07,
,Total,2266435,,43.69,
Feb-06,County Durham,31054,,37.82,
,Darlington,5445,,39.93,
,Hartlepool,6270,,37.38,
,Middlesbrough,8337,,41.18,
,Northumberland,15840,,36.75,
,Redcar and Cleveland,8078,,38.46,
,Stockton-on-Tees,9243,,38.43,
,Gateshead,13388,,37.45,
,Newcastle upon Tyne,16421,,42.6,
,North Tyneside,12389,,38.33,
,South Tyneside,11378,,38.87,
,Sunderland,19503,,38.8,
,Blackburn with Darwen,7275,,48.57,
,Blackpool,10220,,44.16,
,Cheshire East,12950,,37.59,
,Cheshire West and Chester,12729,,39.97,
,Halton,6195,,42.2,
,Warrington,7901,,40.01,
,Allerdale,4913,,39.09,
,Barrow-in-Furness,3822,,43.18,
,Carlisle,4551,,40.94,
,Copeland,3186,,40.09,
,Eden,1787,,37.28,
,South Lakeland,3913,,39.32,
,Bolton,14140,,43.5,
,Bury,8415,,41.02,
,Manchester,26444,,51.74,
,Oldham,11598,,42.69,
,Rochdale,11246,,42.85,
,Salford,13948,,43.8,
,Stockport,12042,,43.05,
,Tameside,11915,,41.62,
,Trafford,8935,,44.98,
,Wigan,16481,,39.5,
,Burnley,5103,,41.57,
,Chorley,4060,,40.46,
,Fylde,3457,,39.61,
,Hyndburn,4468,,43.02,
,Lancaster,6840,,40.78,
,Pendle,4659,,42.67,
,Preston,6146,,47.14,
,Ribble Valley,1773,,36.6,
,Rossendale,3392,,39.81,
,South Ribble,3907,,38.66,
,West Lancashire,5552,,41.46,
,Wyre,5791,,40.45,
,Knowsley,10827,,46.43,
,Liverpool,32293,,47.15,
,Sefton,16448,,44.05,
,St. Helens,10037,,41.12,
,Wirral,17730,,43.69,
,East Riding of Yorkshire,15663,,36.83,
,"Kingston upon Hull, City of",16839,,39.85,
,North East Lincolnshire,9444,,38.81,
,North Lincolnshire,8380,,35.45,
,York,6753,,36.21,
,Craven,2354,,35.73,
,Hambleton,3023,,34.04,
,Harrogate,5173,,36.22,
,Richmondshire,1531,,34.95,
,Ryedale,2349,,36.83,
,Scarborough,6684,,39.9,
,Selby,2736,,36.11,
,Barnsley,12548,,38.76,
,Doncaster,16080,,38.11,
,Rotherham,14305,,38.93,
,Sheffield,31368,,40.44,
,Bradford,26143,,43.54,
,Calderdale,9667,,39.44,
,Kirklees,19069,,40.59,
,Leeds,34510,,40.3,
,Wakefield,16301,,39.37,
,Derby,11522,,43.78,
,Leicester,17091,,56.22,
,Nottingham,15034,,45.48,
,Rutland,1061,,35.5,
,Amber Valley,5718,,39.46,
,Bolsover,3999,,39.71,
,Chesterfield,5850,,42.34,
,Derbyshire Dales,2723,,37.62,
,Erewash,5177,,38.28,
,High Peak,3513,,39.84,
,North East Derbyshire,5066,,39.38,
,South Derbyshire,3070,,39.83,
,Blaby,3096,,36.89,
,Charnwood,5841,,40.11,
,Harborough,2516,,37,
,Hinckley and Bosworth,4121,,36.6,
,Melton,1670,,36.29,
,North West Leicestershire,3598,,37.31,
,Oadby and Wigston,2244,,40.82,
,Boston,3488,,37.64,
,East Lindsey,9068,,39.57,
,Lincoln,4439,,38.94,
,North Kesteven,4324,,36.14,
,South Holland,4402,,33.91,
,South Kesteven,5239,,35.1,
,West Lindsey,3923,,37.02,
,Corby,2347,,39.62,
,Daventry,2277,,36.22,
,East Northamptonshire,3283,,35.99,
,Kettering,3643,,38.46,
,Northampton,7957,,42.66,
,South Northamptonshire,2301,,37.98,
,Wellingborough,3362,,41.06,
,Ashfield,5621,,38.7,
,Bassetlaw,5217,,39.09,
,Broxtowe,4403,,38.56,
,Gedling,4441,,37.91,
,Mansfield,4892,,38.96,
,Newark and Sherwood,4568,,37.87,
,Rushcliffe,3229,,37.89,
,"Herefordshire, County of",7966,,41.43,
,Shropshire,13374,,40.19,
,Stoke-on-Trent,14158,,38.72,
,Telford and Wrekin,7191,,43.09,
,Cannock Chase,4579,,40.38,
,East Staffordshire,4311,,39.51,
,Lichfield,3794,,38.81,
,Newcastle-under-Lyme,5672,,37.29,
,South Staffordshire,4764,,36.84,
,Stafford,4610,,36.75,
,Staffordshire Moorlands,4120,,37.12,
,Tamworth,3313,,40.33,
,North Warwickshire,2828,,38.02,
,Nuneaton and Bedworth,5744,,40.87,
,Rugby,3466,,39.56,
,Stratford-on-Avon,4450,,38.13,
,Warwick,4673,,40.91,
,Birmingham,60643,,50.52,
,Coventry,16500,,46.6,
,Dudley,17999,,40.38,
,Sandwell,21267,,45,
,Solihull,8182,,41.11,
,Walsall,16634,,41.95,
,Wolverhampton,16180,,44.17,
,Bromsgrove,3276,,38.05,
,Malvern Hills,3061,,39.38,
,Redditch,3311,,43.45,
,Worcester,3755,,40.75,
,Wychavon,4474,,39.34,
,Wyre Forest,4792,,40.07,
,Bedford,5641,,42.53,
,Central Bedfordshire,7704,,38.2,
,Luton,7623,,52.32,
,Peterborough,7171,,45.57,
,Southend-on-Sea,8386,,45.12,
,Thurrock,5688,,42.2,
,Cambridge,3156,,45.57,
,East Cambridgeshire,2883,,41.19,
,Fenland,5052,,39.52,
,Huntingdonshire,4717,,38.57,
,South Cambridgeshire,3648,,39.86,
,Basildon,7496,,43.46,
,Braintree,5411,,40.31,
,Brentwood,2252,,39.18,
,Castle Point,3929,,42.32,
,Chelmsford,4805,,39.33,
,Colchester,5483,,41.91,
,Epping Forest,4557,,43.16,
,Harlow,3558,,38.79,
,Maldon,2427,,41.37,
,Rochford,3057,,40.21,
,Tendring,9220,,40.62,
,Uttlesford,2139,,38.91,
,Broxbourne,3231,,46.02,
,Dacorum,4479,,40.4,
,East Hertfordshire,3618,,40.77,
,Hertsmere,3153,,45.63,
,North Hertfordshire,4501,,38.86,
,St Albans,3260,,43.62,
,Stevenage,3321,,41.01,
,Three Rivers,2504,,44.3,
,Watford,2629,,47.26,
,Welwyn Hatfield,3355,,41.97,
,Breckland,6245,,37.16,
,Broadland,4801,,36.31,
,Great Yarmouth,6271,,40.61,
,King's Lynn and West Norfolk,7895,,38.8,
,North Norfolk,5849,,37.6,
,Norwich,6941,,40.82,
,South Norfolk,4831,,37.28,
,Babergh,3452,,38.04,
,Forest Heath,2247,,38.51,
,Ipswich,5942,,42.72,
,Mid Suffolk,3303,,37.14,
,St Edmundsbury,3896,,37.71,
,Suffolk Coastal,4842,,39.56,
,Waveney,6798,,38.65,
,Camden,8636,,67.72,
,City of London,165,,68.68,
,Hackney,10728,,69.38,
,Hammersmith and Fulham,6543,,61.55,
,Haringey,10076,,67.2,
,Islington,9233,,64.78,
,Kensington and Chelsea,5743,,67.87,
,Lambeth,11122,,61.81,
,Lewisham,10327,,54.16,
,Newham,11927,,68.83,
,Southwark,11289,,59.3,
,Tower Hamlets,11265,,70.75,
,Wandsworth,9836,,57.96,
,Westminster,8159,,70.25,
,Barking and Dagenham,8406,,49.24,
,Barnet,11282,,62.32,
,Bexley,7255,,44.25,
,Brent,11995,,71.64,
,Bromley,9220,,45.67,
,Croydon,11006,,55.26,
,Ealing,11798,,67.83,
,Enfield,11616,,59.44,
,Greenwich,9419,,54.32,
,Harrow,7942,,72.36,
,Havering,9278,,42.25,
,Hillingdon,7997,,54.04,
,Hounslow,8126,,61.43,
,Kingston upon Thames,3933,,52.67,
,Merton,5783,,53.46,
,Redbridge,9620,,61.12,
,Richmond upon Thames,4385,,50.49,
,Sutton,5594,,45.69,
,Waltham Forest,9867,,57.23,
,Bracknell Forest,2713,,39.73,
,Brighton and Hove,11646,,46.8,
,Isle of Wight,7933,,39.81,
,Medway,9317,,41.26,
,Milton Keynes,6609,,44.6,
,Portsmouth,8126,,42.65,
,Reading,4556,,43.54,
,Slough,4366,,53.38,
,Southampton,9677,,43.58,
,West Berkshire,3755,,37.72,
,Windsor and Maidenhead,3620,,42.29,
,Wokingham,2692,,39.27,
,Aylesbury Vale,4360,,39.79,
,Chiltern,2082,,39.96,
,South Bucks,1549,,41.11,
,Wycombe,4507,,42.21,
,Eastbourne,4966,,41.51,
,Hastings,4983,,44.87,
,Lewes,3924,,41.32,
,Rother,4516,,40.09,
,Wealden,5240,,38.82,
,Basingstoke and Deane,4121,,36.92,
,East Hampshire,3017,,39.23,
,Eastleigh,3437,,38.17,
,Fareham,3110,,35.49,
,Gosport,2873,,36.41,
,Hart,1513,,39.93,
,Havant,5282,,40.18,
,New Forest,6540,,37.09,
,Rushmoor,2116,,38.95,
,Test Valley,3463,,36.37,
,Winchester,3309,,37.14,
,Ashford,4045,,38.37,
,Canterbury,6275,,40.24,
,Dartford,2832,,39.83,
,Dover,5167,,39.08,
,Gravesham,3901,,41.28,
,Maidstone,4815,,38.91,
,Sevenoaks,3441,,39.3,
,Shepway,5159,,41.62,
,Swale,5675,,41.37,
,Thanet,8777,,43.06,
,Tonbridge and Malling,3435,,37.34,
,Tunbridge Wells,3494,,39.92,
,Cherwell,3825,,39,
,Oxford,4273,,45.34,
,South Oxfordshire,3367,,37.29,
,Vale of White Horse,3152,,36.73,
,West Oxfordshire,2964,,39.03,
,Elmbridge,2999,,44.16,
,Epsom and Ewell,1423,,44.75,
,Guildford,2947,,40.65,
,Mole Valley,2106,,40.08,
,Reigate and Banstead,3240,,40.81,
,Runnymede,2272,,40.74,
,Spelthorne,2480,,43.74,
,Surrey Heath,1674,,38.56,
,Tandridge,2017,,42.09,
,Waverley,3300,,38.68,
,Woking,2296,,44.35,
,Adur,2939,,39.73,
,Arun,7312,,38.93,
,Chichester,4393,,37.53,
,Crawley,3165,,42.77,
,Horsham,3365,,35.92,
,Mid Sussex,3391,,37.73,
,Worthing,4503,,39.3,
,Bath and North East Somerset,6488,,38.69,
,Bournemouth,9342,,43.63,
,"Bristol, City of",17962,,46.01,
,Cornwall,28285,,40.97,
,Isles of Scilly,72,,34.16,
,North Somerset,8450,,39.44,
,Plymouth,11581,,42.82,
,Poole,6281,,40.53,
,South Gloucestershire,8086,,39.63,
,Swindon,6997,,40.86,
,Torbay,9081,,45.09,
,Wiltshire,15257,,38.53,
,East Devon,5852,,40.3,
,Exeter,4532,,40.61,
,Mid Devon,3181,,39.8,
,North Devon,4711,,40.33,
,South Hams,3607,,41.95,
,Teignbridge,6226,,40.47,
,Torridge,3269,,40.01,
,West Devon,2241,,40.33,
,Christchurch,2407,,38.8,
,East Dorset,3232,,37.54,
,North Dorset,2403,,37.83,
,Purbeck,2025,,37.5,
,West Dorset,4303,,38.35,
,Weymouth and Portland,3101,,40.17,
,Cheltenham,3921,,42.05,
,Cotswold,3087,,35.96,
,Forest of Dean,3891,,39.83,
,Gloucester,4801,,42.32,
,Stroud,4199,,38.17,
,Tewkesbury,2665,,40.1,
,Mendip,4244,,39.99,
,Sedgemoor,5063,,39.76,
,South Somerset,6717,,38.75,
,Taunton Deane,4414,,39.95,
,West Somerset,1993,,42.58,
,Total,2267025,,43.76,
May-06,County Durham,31070,,40.89,
,Darlington,5485,,43.07,
,Hartlepool,6265,,40.32,
,Middlesbrough,8332,,44.25,
,Northumberland,15834,,39.92,
,Redcar and Cleveland,8072,,41.37,
,Stockton-on-Tees,9256,,41.58,
,Gateshead,13385,,40.44,
,Newcastle upon Tyne,16404,,46.05,
,North Tyneside,12385,,41.56,
,South Tyneside,11346,,41.87,
,Sunderland,19514,,41.97,
,Blackburn with Darwen,7275,,52.03,
,Blackpool,10240,,47.39,
,Cheshire East,12950,,40.87,
,Cheshire West and Chester,12796,,43,
,Halton,6189,,45.37,
,Warrington,7921,,43.13,
,Allerdale,4904,,42.46,
,Barrow-in-Furness,3805,,46.18,
,Carlisle,4572,,43.96,
,Copeland,3209,,43.05,
,Eden,1798,,40.36,
,South Lakeland,3926,,42.25,
,Bolton,14224,,46.8,
,Bury,8438,,43.84,
,Manchester,26379,,55.06,
,Oldham,11603,,45.76,
,Rochdale,11281,,46.04,
,Salford,13932,,46.86,
,Stockport,12070,,46.13,
,Tameside,11946,,44.72,
,Trafford,8946,,47.89,
,Wigan,16505,,42.52,
,Burnley,5116,,44.42,
,Chorley,4078,,43.34,
,Fylde,3481,,42.94,
,Hyndburn,4446,,46.26,
,Lancaster,6841,,44.07,
,Pendle,4641,,46.19,
,Preston,6137,,50.73,
,Ribble Valley,1772,,39.28,
,Rossendale,3400,,43.14,
,South Ribble,3908,,42.12,
,West Lancashire,5574,,44.93,
,Wyre,5789,,43.59,
,Knowsley,10878,,49.74,
,Liverpool,32338,,50.53,
,Sefton,16516,,47.42,
,St. Helens,10069,,44.52,
,Wirral,17794,,47.11,
,East Riding of Yorkshire,15763,,39.7,
,"Kingston upon Hull, City of",16989,,42.82,
,North East Lincolnshire,9505,,42.09,
,North Lincolnshire,8399,,38.53,
,York,6731,,39.45,
,Craven,2347,,39.04,
,Hambleton,3044,,36.94,
,Harrogate,5192,,39.39,
,Richmondshire,1526,,37.94,
,Ryedale,2361,,39.67,
,Scarborough,6684,,42.83,
,Selby,2742,,38.96,
,Barnsley,12597,,41.84,
,Doncaster,16165,,41,
,Rotherham,14308,,42.11,
,Sheffield,31320,,43.51,
,Bradford,26161,,46.57,
,Calderdale,9675,,42.57,
,Kirklees,19110,,43.59,
,Leeds,34718,,43.3,
,Wakefield,16313,,42.18,
,Derby,11551,,46.88,
,Leicester,17169,,59.81,
,Nottingham,15028,,48.58,
,Rutland,1062,,37.8,
,Amber Valley,5753,,42.25,
,Bolsover,4019,,42.99,
,Chesterfield,5869,,45.44,
,Derbyshire Dales,2752,,40.61,
,Erewash,5176,,41,
,High Peak,3529,,43.05,
,North East Derbyshire,5071,,42.44,
,South Derbyshire,3075,,42.65,
,Blaby,3101,,40.4,
,Charnwood,5844,,43.78,
,Harborough,2532,,40.06,
,Hinckley and Bosworth,4143,,39.83,
,Melton,1661,,39.21,
,North West Leicestershire,3632,,40.64,
,Oadby and Wigston,2241,,43.77,
,Boston,3492,,40.68,
,East Lindsey,9067,,42.92,
,Lincoln,4483,,42.31,
,North Kesteven,4376,,39.45,
,South Holland,4435,,36.84,
,South Kesteven,5269,,38.32,
,West Lindsey,3921,,40.16,
,Corby,2354,,42.9,
,Daventry,2281,,39.47,
,East Northamptonshire,3280,,39.26,
,Kettering,3655,,41.5,
,Northampton,7988,,46.26,
,South Northamptonshire,2311,,40.62,
,Wellingborough,3373,,44.46,
,Ashfield,5650,,41.77,
,Bassetlaw,5251,,42.29,
,Broxtowe,4429,,41.77,
,Gedling,4461,,40.95,
,Mansfield,4910,,42.13,
,Newark and Sherwood,4563,,40.95,
,Rushcliffe,3256,,41.33,
,"Herefordshire, County of",8006,,44.45,
,Shropshire,13444,,43.17,
,Stoke-on-Trent,14165,,41.84,
,Telford and Wrekin,7223,,46.61,
,Cannock Chase,4583,,43.39,
,East Staffordshire,4325,,42.63,
,Lichfield,3841,,41.84,
,Newcastle-under-Lyme,5694,,40.14,
,South Staffordshire,4793,,39.61,
,Stafford,4591,,39.73,
,Staffordshire Moorlands,4136,,40,
,Tamworth,3331,,43.39,
,North Warwickshire,2823,,41.17,
,Nuneaton and Bedworth,5756,,44.17,
,Rugby,3467,,42.55,
,Stratford-on-Avon,4453,,41.1,
,Warwick,4683,,43.68,
,Birmingham,60511,,54.01,
,Coventry,16542,,50.12,
,Dudley,18080,,43.33,
,Sandwell,21269,,48.08,
,Solihull,8199,,44.11,
,Walsall,16618,,44.99,
,Wolverhampton,16127,,47.36,
,Bromsgrove,3311,,40.96,
,Malvern Hills,3079,,42.15,
,Redditch,3315,,45.83,
,Worcester,3781,,44.2,
,Wychavon,4511,,42.74,
,Wyre Forest,4818,,43.24,
,Bedford,5637,,45.35,
,Central Bedfordshire,7740,,41.16,
,Luton,7648,,55.59,
,Peterborough,7173,,48.78,
,Southend-on-Sea,8376,,48.53,
,Thurrock,5700,,45.51,
,Cambridge,3140,,48.43,
,East Cambridgeshire,2888,,44.48,
,Fenland,5080,,42.42,
,Huntingdonshire,4742,,41.35,
,South Cambridgeshire,3663,,42.8,
,Basildon,7523,,46.68,
,Braintree,5428,,43.74,
,Brentwood,2262,,41.98,
,Castle Point,3950,,45.5,
,Chelmsford,4793,,42.5,
,Colchester,5532,,45.75,
,Epping Forest,4559,,46.41,
,Harlow,3560,,42.27,
,Maldon,2451,,44.69,
,Rochford,3073,,43.5,
,Tendring,9229,,44.05,
,Uttlesford,2153,,42.32,
,Broxbourne,3247,,49.23,
,Dacorum,4489,,43.66,
,East Hertfordshire,3645,,43.8,
,Hertsmere,3227,,49.1,
,North Hertfordshire,4491,,41.86,
,St Albans,3277,,46.54,
,Stevenage,3310,,44.21,
,Three Rivers,2503,,46.96,
,Watford,2647,,50.74,
,Welwyn Hatfield,3346,,45.24,
,Breckland,6256,,40.36,
,Broadland,4819,,39.21,
,Great Yarmouth,6261,,43.62,
,King's Lynn and West Norfolk,7945,,42.09,
,North Norfolk,5865,,40.68,
,Norwich,6958,,44.27,
,South Norfolk,4872,,40.4,
,Babergh,3456,,41.04,
,Forest Heath,2257,,41.61,
,Ipswich,5978,,45.71,
,Mid Suffolk,3351,,40.48,
,St Edmundsbury,3919,,40.68,
,Suffolk Coastal,4870,,42.6,
,Waveney,6841,,41.8,
,Camden,8633,,71.44,
,City of London,171,,72.43,
,Hackney,10709,,73.22,
,Hammersmith and Fulham,6541,,65.32,
,Haringey,10087,,70.89,
,Islington,9245,,68.53,
,Kensington and Chelsea,5768,,71.79,
,Lambeth,11182,,65.47,
,Lewisham,10372,,57.78,
,Newham,11915,,72.67,
,Southwark,11255,,63.1,
,Tower Hamlets,11241,,74.53,
,Wandsworth,9869,,61.62,
,Westminster,8209,,74.33,
,Barking and Dagenham,8382,,52.82,
,Barnet,11353,,66,
,Bexley,7302,,47.43,
,Brent,12073,,75.42,
,Bromley,9279,,48.94,
,Croydon,11073,,59.21,
,Ealing,11890,,71.77,
,Enfield,11659,,63.2,
,Greenwich,9385,,58.29,
,Harrow,7980,,76.11,
,Havering,9282,,45.18,
,Hillingdon,8009,,57.45,
,Hounslow,8139,,65.3,
,Kingston upon Thames,3951,,56.39,
,Merton,5806,,56.9,
,Redbridge,9636,,65.11,
,Richmond upon Thames,4397,,54.12,
,Sutton,5608,,49,
,Waltham Forest,9827,,60.96,
,Bracknell Forest,2732,,42.26,
,Brighton and Hove,11642,,50.06,
,Isle of Wight,7951,,42.68,
,Medway,9330,,44.38,
,Milton Keynes,6657,,47.96,
,Portsmouth,8181,,45.64,
,Reading,4555,,46.57,
,Slough,4363,,56.43,
,Southampton,9767,,46.45,
,West Berkshire,3785,,40.73,
,Windsor and Maidenhead,3638,,45.06,
,Wokingham,2730,,41.82,
,Aylesbury Vale,4349,,43.05,
,Chiltern,2087,,43.16,
,South Bucks,1579,,43.82,
,Wycombe,4497,,44.97,
,Eastbourne,5010,,44.53,
,Hastings,5023,,48.25,
,Lewes,3963,,44.02,
,Rother,4528,,43.45,
,Wealden,5309,,41.93,
,Basingstoke and Deane,4153,,39.58,
,East Hampshire,3050,,42.1,
,Eastleigh,3461,,41.41,
,Fareham,3152,,38.15,
,Gosport,2886,,38.84,
,Hart,1534,,43.36,
,Havant,5317,,43.06,
,New Forest,6635,,39.98,
,Rushmoor,2141,,42.31,
,Test Valley,3502,,39.38,
,Winchester,3340,,40.43,
,Ashford,4041,,41.76,
,Canterbury,6274,,43.57,
,Dartford,2848,,42.78,
,Dover,5206,,42.14,
,Gravesham,3917,,44.58,
,Maidstone,4884,,42.04,
,Sevenoaks,3460,,42.16,
,Shepway,5199,,44.88,
,Swale,5712,,44.55,
,Thanet,8793,,46.17,
,Tonbridge and Malling,3481,,40.64,
,Tunbridge Wells,3491,,42.68,
,Cherwell,3850,,41.92,
,Oxford,4288,,48.63,
,South Oxfordshire,3369,,40.18,
,Vale of White Horse,3177,,39.68,
,West Oxfordshire,3003,,42.19,
,Elmbridge,3027,,47.54,
,Epsom and Ewell,1446,,48.01,
,Guildford,2959,,43.77,
,Mole Valley,2115,,43.56,
,Reigate and Banstead,3251,,43.5,
,Runnymede,2313,,43.06,
,Spelthorne,2515,,46.1,
,Surrey Heath,1688,,41.66,
,Tandridge,2030,,45.28,
,Waverley,3290,,41.56,
,Woking,2276,,47.44,
,Adur,2964,,42.84,
,Arun,7360,,42.11,
,Chichester,4407,,40.54,
,Crawley,3167,,45.7,
,Horsham,3378,,38.98,
,Mid Sussex,3451,,40.71,
,Worthing,4515,,42.56,
,Bath and North East Somerset,6496,,41.96,
,Bournemouth,9388,,46.84,
,"Bristol, City of",18002,,49.29,
,Cornwall,28370,,44.02,
,Isles of Scilly,75,,38.03,
,North Somerset,8472,,42.59,
,Plymouth,11643,,45.92,
,Poole,6357,,43.69,
,South Gloucestershire,8158,,42.54,
,Swindon,7021,,44.03,
,Torbay,9100,,48.44,
,Wiltshire,15357,,41.76,
,East Devon,5879,,43.46,
,Exeter,4535,,44.03,
,Mid Devon,3202,,43.27,
,North Devon,4748,,43.63,
,South Hams,3645,,44.9,
,Teignbridge,6227,,43.76,
,Torridge,3302,,43.18,
,West Devon,2244,,43.51,
,Christchurch,2415,,42.15,
,East Dorset,3260,,40.69,
,North Dorset,2409,,40.57,
,Purbeck,2052,,40.71,
,West Dorset,4349,,41.4,
,Weymouth and Portland,3102,,43.55,
,Cheltenham,3891,,45.16,
,Cotswold,3090,,39.26,
,Forest of Dean,3896,,42.71,
,Gloucester,4811,,45.36,
,Stroud,4238,,41.58,
,Tewkesbury,2672,,42.71,
,Mendip,4238,,42.94,
,Sedgemoor,5058,,42.66,
,South Somerset,6707,,41.7,
,Taunton Deane,4431,,42.97,
,West Somerset,2011,,45.77,
,Total,2273337,,46.97,
Aug-06,County Durham,31177,,40.97,
,Darlington,5519,,43.12,
,Hartlepool,6286,,40.52,
,Middlesbrough,8347,,44.29,
,Northumberland,15930,,39.91,
,Redcar and Cleveland,8112,,41.81,
,Stockton-on-Tees,9280,,41.68,
,Gateshead,13376,,40.56,
,Newcastle upon Tyne,16442,,46.26,
,North Tyneside,12408,,41.58,
,South Tyneside,11357,,41.85,
,Sunderland,19577,,42.1,
,Blackburn with Darwen,7297,,52.14,
,Blackpool,10283,,47.62,
,Cheshire East,12952,,40.93,
,Cheshire West and Chester,12876,,42.87,
,Halton,6226,,45.67,
,Warrington,7946,,43.08,
,Allerdale,4901,,42.62,
,Barrow-in-Furness,3796,,45.72,
,Carlisle,4591,,43.88,
,Copeland,3219,,43.06,
,Eden,1805,,40.04,
,South Lakeland,3934,,41.97,
,Bolton,14344,,46.74,
,Bury,8467,,44.01,
,Manchester,26303,,55.19,
,Oldham,11629,,45.89,
,Rochdale,11300,,46,
,Salford,13960,,46.67,
,Stockport,12067,,46.11,
,Tameside,11921,,44.81,
,Trafford,8934,,48.08,
,Wigan,16579,,42.66,
,Burnley,5087,,44.32,
,Chorley,4136,,43.75,
,Fylde,3536,,43.01,
,Hyndburn,4471,,46.31,
,Lancaster,6880,,44.04,
,Pendle,4656,,46.17,
,Preston,6180,,50.89,
,Ribble Valley,1782,,39.66,
,Rossendale,3423,,43,
,South Ribble,3899,,42.28,
,West Lancashire,5614,,44.8,
,Wyre,5827,,43.78,
,Knowsley,10957,,50.11,
,Liverpool,32549,,50.76,
,Sefton,16620,,47.48,
,St. Helens,10090,,44.45,
,Wirral,17877,,47.18,
,East Riding of Yorkshire,15815,,39.89,
,"Kingston upon Hull, City of",17177,,42.78,
,North East Lincolnshire,9485,,42.17,
,North Lincolnshire,8390,,38.52,
,York,6734,,39.76,
,Craven,2374,,39.35,
,Hambleton,3061,,37.24,
,Harrogate,5239,,39.59,
,Richmondshire,1521,,38.06,
,Ryedale,2375,,39.84,
,Scarborough,6676,,43.11,
,Selby,2781,,39.1,
,Barnsley,12678,,41.93,
,Doncaster,16267,,41.33,
,Rotherham,14331,,42.04,
,Sheffield,31363,,43.57,
,Bradford,26159,,46.73,
,Calderdale,9678,,42.73,
,Kirklees,19160,,43.81,
,Leeds,34853,,43.44,
,Wakefield,16429,,42,
,Derby,11530,,46.93,
,Leicester,17225,,59.97,
,Nottingham,15090,,48.65,
,Rutland,1071,,38.28,
,Amber Valley,5785,,42.12,
,Bolsover,4047,,43.17,
,Chesterfield,5902,,45.26,
,Derbyshire Dales,2746,,41.01,
,Erewash,5165,,41,
,High Peak,3535,,43.24,
,North East Derbyshire,5073,,42.5,
,South Derbyshire,3088,,42.56,
,Blaby,3100,,40.45,
,Charnwood,5834,,43.87,
,Harborough,2554,,39.9,
,Hinckley and Bosworth,4123,,39.94,
,Melton,1661,,39.81,
,North West Leicestershire,3646,,40.87,
,Oadby and Wigston,2268,,44.08,
,Boston,3488,,40.57,
,East Lindsey,9174,,42.97,
,Lincoln,4490,,42.34,
,North Kesteven,4413,,39.48,
,South Holland,4446,,36.81,
,South Kesteven,5288,,38.37,
,West Lindsey,3939,,40.38,
,Corby,2340,,42.55,
,Daventry,2286,,39.48,
,East Northamptonshire,3308,,39.12,
,Kettering,3668,,41.58,
,Northampton,7992,,46.55,
,South Northamptonshire,2299,,40.77,
,Wellingborough,3395,,44.44,
,Ashfield,5689,,41.86,
,Bassetlaw,5271,,42.14,
,Broxtowe,4438,,41.64,
,Gedling,4472,,41.19,
,Mansfield,4972,,42.4,
,Newark and Sherwood,4563,,41.21,
,Rushcliffe,3268,,41.74,
,"Herefordshire, County of",8059,,44.28,
,Shropshire,13563,,43.14,
,Stoke-on-Trent,14220,,42.04,
,Telford and Wrekin,7284,,46.66,
,Cannock Chase,4598,,43.89,
,East Staffordshire,4328,,42.98,
,Lichfield,3856,,41.78,
,Newcastle-under-Lyme,5703,,40.43,
,South Staffordshire,4838,,39.79,
,Stafford,4632,,40.02,
,Staffordshire Moorlands,4142,,40.43,
,Tamworth,3348,,43.93,
,North Warwickshire,2836,,41.8,
,Nuneaton and Bedworth,5767,,44.23,
,Rugby,3481,,42.68,
,Stratford-on-Avon,4451,,41.35,
,Warwick,4706,,43.85,
,Birmingham,60578,,54.07,
,Coventry,16535,,50.17,
,Dudley,18189,,43.44,
,Sandwell,21321,,48.35,
,Solihull,8268,,44.26,
,Walsall,16674,,45.23,
,Wolverhampton,16182,,47.45,
,Bromsgrove,3326,,40.68,
,Malvern Hills,3111,,42.15,
,Redditch,3347,,46.06,
,Worcester,3789,,44.38,
,Wychavon,4509,,42.63,
,Wyre Forest,4848,,43.46,
,Bedford,5685,,45.52,
,Central Bedfordshire,7803,,41.33,
,Luton,7692,,55.63,
,Peterborough,7220,,48.75,
,Southend-on-Sea,8431,,48.45,
,Thurrock,5703,,45.54,
,Cambridge,3145,,47.88,
,East Cambridgeshire,2897,,44.71,
,Fenland,5120,,42.52,
,Huntingdonshire,4785,,41.5,
,South Cambridgeshire,3694,,42.66,
,Basildon,7556,,46.7,
,Braintree,5471,,44.01,
,Brentwood,2286,,42.37,
,Castle Point,3977,,45.31,
,Chelmsford,4839,,42.42,
,Colchester,5578,,45.51,
,Epping Forest,4604,,46.72,
,Harlow,3547,,42,
,Maldon,2479,,44.7,
,Rochford,3107,,43.19,
,Tendring,9332,,44.12,
,Uttlesford,2162,,41.85,
,Broxbourne,3279,,49.35,
,Dacorum,4458,,43.56,
,East Hertfordshire,3666,,43.86,
,Hertsmere,3239,,49.25,
,North Hertfordshire,4486,,41.85,
,St Albans,3281,,46.6,
,Stevenage,3301,,44.22,
,Three Rivers,2503,,46.87,
,Watford,2643,,51.05,
,Welwyn Hatfield,3327,,45.59,
,Breckland,6283,,40.39,
,Broadland,4842,,39.38,
,Great Yarmouth,6317,,43.5,
,King's Lynn and West Norfolk,7965,,42.23,
,North Norfolk,5886,,41.21,
,Norwich,6991,,44.27,
,South Norfolk,4974,,40.69,
,Babergh,3488,,41.09,
,Forest Heath,2266,,41.57,
,Ipswich,6015,,46.08,
,Mid Suffolk,3367,,40.73,
,St Edmundsbury,3937,,40.84,
,Suffolk Coastal,4883,,42.69,
,Waveney,6901,,42,
,Camden,8690,,71.74,
,City of London,172,,72.93,
,Hackney,10692,,73.33,
,Hammersmith and Fulham,6586,,65.22,
,Haringey,10122,,71.09,
,Islington,9243,,68.74,
,Kensington and Chelsea,5847,,71.77,
,Lambeth,11200,,65.63,
,Lewisham,10393,,57.89,
,Newham,11915,,72.68,
,Southwark,11244,,63.2,
,Tower Hamlets,11224,,74.64,
,Wandsworth,9903,,61.82,
,Westminster,8231,,74.71,
,Barking and Dagenham,8430,,52.87,
,Barnet,11391,,66.27,
,Bexley,7335,,47.83,
,Brent,12176,,75.29,
,Bromley,9308,,49.02,
,Croydon,11081,,59.53,
,Ealing,11974,,71.99,
,Enfield,11707,,63.53,
,Greenwich,9404,,58.69,
,Harrow,8007,,76.12,
,Havering,9289,,45.32,
,Hillingdon,8011,,57.74,
,Hounslow,8157,,65.62,
,Kingston upon Thames,3972,,56.34,
,Merton,5823,,57.25,
,Redbridge,9669,,65.5,
,Richmond upon Thames,4443,,54.5,
,Sutton,5647,,49.83,
,Waltham Forest,9797,,61.12,
,Bracknell Forest,2752,,42.2,
,Brighton and Hove,11675,,50.13,
,Isle of Wight,7904,,43.07,
,Medway,9372,,44.49,
,Milton Keynes,6737,,48.08,
,Portsmouth,8231,,45.53,
,Reading,4611,,46.62,
,Slough,4392,,56.59,
,Southampton,9827,,46.44,
,West Berkshire,3812,,40.8,
,Windsor and Maidenhead,3641,,45.38,
,Wokingham,2763,,41.9,
,Aylesbury Vale,4372,,42.84,
,Chiltern,2108,,43.58,
,South Bucks,1604,,44.05,
,Wycombe,4555,,45.27,
,Eastbourne,5067,,44.76,
,Hastings,5047,,48.67,
,Lewes,3980,,44.19,
,Rother,4576,,43.45,
,Wealden,5313,,41.81,
,Basingstoke and Deane,4183,,39.81,
,East Hampshire,3065,,42.12,
,Eastleigh,3465,,41.16,
,Fareham,3180,,38.05,
,Gosport,2913,,39.05,
,Hart,1528,,43.56,
,Havant,5344,,42.83,
,New Forest,6700,,39.91,
,Rushmoor,2139,,41.77,
,Test Valley,3558,,39.81,
,Winchester,3339,,40.4,
,Ashford,4054,,41.85,
,Canterbury,6337,,43.47,
,Dartford,2833,,43.06,
,Dover,5193,,42.61,
,Gravesham,3958,,44.52,
,Maidstone,4885,,41.96,
,Sevenoaks,3475,,42.24,
,Shepway,5236,,44.93,
,Swale,5748,,44.67,
,Thanet,8850,,46.12,
,Tonbridge and Malling,3508,,40.77,
,Tunbridge Wells,3499,,42.72,
,Cherwell,3871,,41.78,
,Oxford,4272,,48.78,
,South Oxfordshire,3352,,40.15,
,Vale of White Horse,3167,,39.65,
,West Oxfordshire,3001,,42.34,
,Elmbridge,3017,,47.33,
,Epsom and Ewell,1468,,48.87,
,Guildford,2975,,44.03,
,Mole Valley,2139,,43.25,
,Reigate and Banstead,3281,,43.62,
,Runnymede,2311,,43.74,
,Spelthorne,2533,,46.26,
,Surrey Heath,1704,,41.95,
,Tandridge,2049,,45.25,
,Waverley,3260,,42.05,
,Woking,2310,,47.37,
,Adur,2987,,43.19,
,Arun,7392,,42.46,
,Chichester,4426,,40.66,
,Crawley,3210,,46.25,
,Horsham,3399,,38.87,
,Mid Sussex,3469,,40.3,
,Worthing,4583,,42.59,
,Bath and North East Somerset,6475,,42.05,
,Bournemouth,9433,,46.9,
,"Bristol, City of",18054,,49.31,
,Cornwall,28509,,44.04,
,Isles of Scilly,73,,40.2,
,North Somerset,8537,,42.71,
,Plymouth,11716,,46.11,
,Poole,6391,,43.36,
,South Gloucestershire,8204,,42.32,
,Swindon,7053,,44.21,
,Torbay,9166,,48.67,
,Wiltshire,15416,,41.68,
,East Devon,5920,,43.35,
,Exeter,4556,,44.35,
,Mid Devon,3217,,43.43,
,North Devon,4746,,43.91,
,South Hams,3659,,44.86,
,Teignbridge,6277,,43.9,
,Torridge,3324,,43.56,
,West Devon,2244,,43.58,
,Christchurch,2436,,41.98,
,East Dorset,3298,,40.51,
,North Dorset,2427,,40.42,
,Purbeck,2060,,40.84,
,West Dorset,4398,,41.28,
,Weymouth and Portland,3105,,43.58,
,Cheltenham,3895,,45.37,
,Cotswold,3092,,39.69,
,Forest of Dean,3908,,42.76,
,Gloucester,4819,,45.43,
,Stroud,4264,,41.76,
,Tewkesbury,2678,,43.05,
,Mendip,4266,,43.2,
,Sedgemoor,5076,,43.04,
,South Somerset,6744,,41.75,
,Taunton Deane,4465,,43.17,
,West Somerset,2011,,46.46,
,Total,2282309,,47.07,
Nov-06,County Durham,31304,,41.12,
,Darlington,5538,,43.33,
,Hartlepool,6272,,40.76,
,Middlesbrough,8352,,44.52,
,Northumberland,16003,,39.95,
,Redcar and Cleveland,8149,,41.76,
,Stockton-on-Tees,9321,,41.46,
,Gateshead,13386,,40.62,
,Newcastle upon Tyne,16454,,46.47,
,North Tyneside,12484,,41.76,
,South Tyneside,11391,,41.91,
,Sunderland,19600,,42.14,
,Blackburn with Darwen,7307,,52.31,
,Blackpool,10330,,48.15,
,Cheshire East,13051,,41,
,Cheshire West and Chester,13041,,43.09,
,Halton,6275,,45.68,
,Warrington,7962,,43.14,
,Allerdale,4932,,42.82,
,Barrow-in-Furness,3799,,45.52,
,Carlisle,4612,,44.11,
,Copeland,3216,,42.51,
,Eden,1829,,40.01,
,South Lakeland,3953,,42.23,
,Bolton,14339,,47.02,
,Bury,8525,,44.14,
,Manchester,26222,,55.39,
,Oldham,11643,,45.95,
,Rochdale,11371,,45.67,
,Salford,13955,,46.51,
,Stockport,12061,,46.15,
,Tameside,11944,,44.83,
,Trafford,8916,,48.28,
,Wigan,16676,,42.77,
,Burnley,5089,,44.36,
,Chorley,4158,,43.86,
,Fylde,3546,,43.55,
,Hyndburn,4462,,46.24,
,Lancaster,6872,,44.12,
,Pendle,4635,,46.71,
,Preston,6185,,50.77,
,Ribble Valley,1767,,39.47,
,Rossendale,3442,,42.92,
,South Ribble,3901,,42.61,
,West Lancashire,5615,,45.14,
,Wyre,5829,,44.06,
,Knowsley,11023,,50.16,
,Liverpool,32668,,51.02,
,Sefton,16706,,47.49,
,St. Helens,10136,,44.46,
,Wirral,18063,,47.35,
,East Riding of Yorkshire,15909,,39.77,
,"Kingston upon Hull, City of",17254,,42.89,
,North East Lincolnshire,9492,,42.05,
,North Lincolnshire,8423,,38.62,
,York,6746,,39.93,
,Craven,2384,,39.72,
,Hambleton,3056,,37.19,
,Harrogate,5271,,39.57,
,Richmondshire,1519,,37.77,
,Ryedale,2408,,39.61,
,Scarborough,6700,,43.25,
,Selby,2797,,39.25,
,Barnsley,12758,,41.94,
,Doncaster,16305,,41.17,
,Rotherham,14389,,42.13,
,Sheffield,31539,,43.49,
,Bradford,26102,,46.81,
,Calderdale,9673,,42.64,
,Kirklees,19236,,43.82,
,Leeds,34809,,43.54,
,Wakefield,16538,,42.08,
,Derby,11571,,46.88,
,Leicester,17260,,60.1,
,Nottingham,15154,,48.75,
,Rutland,1067,,37.94,
,Amber Valley,5772,,42.19,
,Bolsover,4119,,42.83,
,Chesterfield,5926,,45.1,
,Derbyshire Dales,2746,,41.42,
,Erewash,5155,,40.79,
,High Peak,3523,,43.44,
,North East Derbyshire,5088,,42.38,
,South Derbyshire,3080,,42.23,
,Blaby,3146,,40.39,
,Charnwood,5826,,44.16,
,Harborough,2550,,39.79,
,Hinckley and Bosworth,4144,,39.95,
,Melton,1658,,39.7,
,North West Leicestershire,3653,,40.94,
,Oadby and Wigston,2284,,44,
,Boston,3493,,40.86,
,East Lindsey,9277,,42.97,
,Lincoln,4518,,42.09,
,North Kesteven,4434,,39.64,
,South Holland,4473,,36.86,
,South Kesteven,5330,,38.54,
,West Lindsey,3979,,40.17,
,Corby,2377,,42.61,
,Daventry,2285,,39.57,
,East Northamptonshire,3330,,38.97,
,Kettering,3678,,41.87,
,Northampton,8053,,46.61,
,South Northamptonshire,2310,,40.54,
,Wellingborough,3404,,44.3,
,Ashfield,5736,,41.95,
,Bassetlaw,5284,,42.1,
,Broxtowe,4474,,41.54,
,Gedling,4481,,41.02,
,Mansfield,4987,,42.35,
,Newark and Sherwood,4599,,41.27,
,Rushcliffe,3277,,42.3,
,"Herefordshire, County of",8102,,44.43,
,Shropshire,13629,,43.27,
,Stoke-on-Trent,14270,,41.98,
,Telford and Wrekin,7307,,46.92,
,Cannock Chase,4630,,44.03,
,East Staffordshire,4339,,42.82,
,Lichfield,3890,,41.99,
,Newcastle-under-Lyme,5732,,40.28,
,South Staffordshire,4876,,39.92,
,Stafford,4653,,39.97,
,Staffordshire Moorlands,4198,,40.19,
,Tamworth,3366,,43.77,
,North Warwickshire,2852,,41.75,
,Nuneaton and Bedworth,5812,,44.47,
,Rugby,3479,,43.06,
,Stratford-on-Avon,4506,,41.47,
,Warwick,4723,,43.67,
,Birmingham,60655,,54.1,
,Coventry,16448,,50.48,
,Dudley,18275,,43.33,
,Sandwell,21361,,48.55,
,Solihull,8361,,44.4,
,Walsall,16713,,45.28,
,Wolverhampton,16214,,47.72,
,Bromsgrove,3333,,41.19,
,Malvern Hills,3130,,41.96,
,Redditch,3368,,46.56,
,Worcester,3820,,44.22,
,Wychavon,4534,,42.62,
,Wyre Forest,4863,,43.39,
,Bedford,5721,,45.33,
,Central Bedfordshire,7875,,41.44,
,Luton,7717,,55.64,
,Peterborough,7234,,48.8,
,Southend-on-Sea,8452,,48.38,
,Thurrock,5741,,45.39,
,Cambridge,3159,,47.91,
,East Cambridgeshire,2923,,44.62,
,Fenland,5146,,42.48,
,Huntingdonshire,4805,,41.49,
,South Cambridgeshire,3717,,42.72,
,Basildon,7579,,46.49,
,Braintree,5541,,43.94,
,Brentwood,2277,,42.36,
,Castle Point,4024,,45.08,
,Chelmsford,4861,,42.61,
,Colchester,5611,,45.25,
,Epping Forest,4663,,47.22,
,Harlow,3567,,42.36,
,Maldon,2514,,44.4,
,Rochford,3139,,42.78,
,Tendring,9443,,44.18,
,Uttlesford,2165,,41.87,
,Broxbourne,3301,,49.45,
,Dacorum,4476,,43.92,
,East Hertfordshire,3694,,43.63,
,Hertsmere,3261,,48.89,
,North Hertfordshire,4504,,41.44,
,St Albans,3313,,46.76,
,Stevenage,3322,,43.92,
,Three Rivers,2505,,46.9,
,Watford,2661,,50.55,
,Welwyn Hatfield,3370,,45.56,
,Breckland,6292,,40.88,
,Broadland,4914,,39.61,
,Great Yarmouth,6378,,43.77,
,King's Lynn and West Norfolk,8027,,42.32,
,North Norfolk,5902,,41.58,
,Norwich,7019,,44.56,
,South Norfolk,5030,,40.74,
,Babergh,3507,,41.18,
,Forest Heath,2280,,41.88,
,Ipswich,6024,,46.05,
,Mid Suffolk,3386,,40.51,
,St Edmundsbury,3951,,40.93,
,Suffolk Coastal,4910,,43.14,
,Waveney,6924,,42.01,
,Camden,8697,,71.99,
,City of London,175,,72.98,
,Hackney,10661,,73.31,
,Hammersmith and Fulham,6628,,65.36,
,Haringey,10135,,71.13,
,Islington,9297,,68.65,
,Kensington and Chelsea,5867,,71.54,
,Lambeth,11226,,65.52,
,Lewisham,10422,,58.08,
,Newham,11919,,72.74,
,Southwark,11245,,63.31,
,Tower Hamlets,11214,,75.06,
,Wandsworth,9893,,61.76,
,Westminster,8261,,74.67,
,Barking and Dagenham,8441,,52.86,
,Barnet,11384,,66.45,
,Bexley,7346,,48.14,
,Brent,12219,,75.35,
,Bromley,9329,,49.27,
,Croydon,11214,,59.39,
,Ealing,12035,,72.26,
,Enfield,11718,,63.63,
,Greenwich,9397,,59.26,
,Harrow,8083,,75.94,
,Havering,9360,,45.35,
,Hillingdon,8077,,57.79,
,Hounslow,8189,,65.76,
,Kingston upon Thames,3989,,56.67,
,Merton,5827,,57.3,
,Redbridge,9713,,65.75,
,Richmond upon Thames,4481,,54.9,
,Sutton,5691,,49.96,
,Waltham Forest,9828,,61.28,
,Bracknell Forest,2745,,42.41,
,Brighton and Hove,11627,,50.16,
,Isle of Wight,7957,,43.04,
,Medway,9368,,44.37,
,Milton Keynes,6778,,48.23,
,Portsmouth,8302,,45.34,
,Reading,4649,,46.89,
,Slough,4418,,56.83,
,Southampton,9845,,46.37,
,West Berkshire,3858,,40.71,
,Windsor and Maidenhead,3669,,45.57,
,Wokingham,2778,,41.89,
,Aylesbury Vale,4392,,42.63,
,Chiltern,2119,,43.81,
,South Bucks,1595,,44.18,
,Wycombe,4584,,45.44,
,Eastbourne,5080,,44.6,
,Hastings,5072,,49.01,
,Lewes,4015,,44.58,
,Rother,4588,,43.74,
,Wealden,5341,,42.14,
,Basingstoke and Deane,4231,,39.85,
,East Hampshire,3094,,42.1,
,Eastleigh,3503,,41.17,
,Fareham,3225,,38.3,
,Gosport,2945,,38.74,
,Hart,1528,,43.81,
,Havant,5358,,42.77,
,New Forest,6740,,40.04,
,Rushmoor,2170,,41.36,
,Test Valley,3610,,39.56,
,Winchester,3349,,40.26,
,Ashford,4069,,42.1,
,Canterbury,6369,,43.69,
,Dartford,2849,,42.79,
,Dover,5226,,42.98,
,Gravesham,3950,,44.74,
,Maidstone,4889,,41.98,
,Sevenoaks,3486,,42.3,
,Shepway,5273,,45.3,
,Swale,5773,,44.63,
,Thanet,8901,,46.31,
,Tonbridge and Malling,3521,,41.26,
,Tunbridge Wells,3490,,42.8,
,Cherwell,3880,,42.05,
,Oxford,4272,,48.87,
,South Oxfordshire,3367,,40.48,
,Vale of White Horse,3165,,39.82,
,West Oxfordshire,3035,,42.28,
,Elmbridge,3035,,46.94,
,Epsom and Ewell,1526,,49.17,
,Guildford,2973,,43.92,
,Mole Valley,2152,,43.19,
,Reigate and Banstead,3284,,43.52,
,Runnymede,2323,,43.72,
,Spelthorne,2565,,45.92,
,Surrey Heath,1698,,41.84,
,Tandridge,2096,,44.23,
,Waverley,3307,,42.82,
,Woking,2315,,47.22,
,Adur,3004,,43.06,
,Arun,7462,,42.68,
,Chichester,4429,,40.66,
,Crawley,3205,,46.25,
,Horsham,3414,,39.2,
,Mid Sussex,3469,,40.15,
,Worthing,4584,,42.64,
,Bath and North East Somerset,6475,,42.13,
,Bournemouth,9442,,47.23,
,"Bristol, City of",18030,,49.3,
,Cornwall,28735,,44.04,
,Isles of Scilly,74,,39.71,
,North Somerset,8575,,42.3,
,Plymouth,11755,,46.27,
,Poole,6420,,43.24,
,South Gloucestershire,8278,,42.2,
,Swindon,7052,,44.18,
,Torbay,9163,,48.83,
,Wiltshire,15422,,41.6,
,East Devon,5941,,43.37,
,Exeter,4568,,44.26,
,Mid Devon,3204,,43.85,
,North Devon,4781,,44.07,
,South Hams,3666,,45.2,
,Teignbridge,6282,,44.09,
,Torridge,3339,,43.42,
,West Devon,2270,,43,
,Christchurch,2432,,41.84,
,East Dorset,3317,,40.32,
,North Dorset,2448,,40.46,
,Purbeck,2066,,40.65,
,West Dorset,4410,,40.97,
,Weymouth and Portland,3145,,43.93,
,Cheltenham,3887,,45.36,
,Cotswold,3094,,39.54,
,Forest of Dean,3900,,42.62,
,Gloucester,4824,,45.36,
,Stroud,4256,,41.51,
,Tewkesbury,2697,,42.75,
,Mendip,4281,,43.51,
,Sedgemoor,5108,,43.44,
,South Somerset,6740,,41.77,
,Taunton Deane,4494,,43.19,
,West Somerset,2041,,46.49,
,Total,2290841,,47.12,
Feb-07,County Durham,31122,,41.14,
,Darlington,5529,,43.37,
,Hartlepool,6228,,40.76,
,Middlesbrough,8292,,44.53,
,Northumberland,15955,,40.01,
,Redcar and Cleveland,8117,,42.04,
,Stockton-on-Tees,9290,,41.57,
,Gateshead,13385,,40.88,
,Newcastle upon Tyne,16329,,46.73,
,North Tyneside,12419,,41.92,
,South Tyneside,11349,,42.17,
,Sunderland,19522,,42.41,
,Blackburn with Darwen,7249,,52.63,
,Blackpool,10263,,48.22,
,Cheshire East,13004,,40.95,
,Cheshire West and Chester,13045,,43.35,
,Halton,6255,,46.01,
,Warrington,7929,,43.41,
,Allerdale,4927,,42.97,
,Barrow-in-Furness,3771,,45.8,
,Carlisle,4580,,44.31,
,Copeland,3183,,42.89,
,Eden,1839,,40.3,
,South Lakeland,3942,,43.29,
,Bolton,14292,,47.41,
,Bury,8526,,44.36,
,Manchester,26178,,55.54,
,Oldham,11612,,46.16,
,Rochdale,11363,,45.79,
,Salford,13922,,46.68,
,Stockport,12105,,46.24,
,Tameside,11873,,44.93,
,Trafford,8841,,48.51,
,Wigan,16552,,42.81,
,Burnley,5077,,44.35,
,Chorley,4199,,43.92,
,Fylde,3552,,44.1,
,Hyndburn,4431,,46.23,
,Lancaster,6865,,44.52,
,Pendle,4617,,47.18,
,Preston,6145,,50.44,
,Ribble Valley,1752,,39.79,
,Rossendale,3434,,43.15,
,South Ribble,3901,,42.98,
,West Lancashire,5614,,45.54,
,Wyre,5814,,44.02,
,Knowsley,11001,,50.64,
,Liverpool,32627,,51.38,
,Sefton,16636,,47.56,
,St. Helens,10081,,44.52,
,Wirral,18008,,47.57,
,East Riding of Yorkshire,15863,,39.91,
,"Kingston upon Hull, City of",17249,,42.9,
,North East Lincolnshire,9489,,41.92,
,North Lincolnshire,8376,,38.66,
,York,6746,,40.19,
,Craven,2363,,40.3,
,Hambleton,3034,,37.64,
,Harrogate,5239,,39.47,
,Richmondshire,1512,,38.04,
,Ryedale,2408,,39.86,
,Scarborough,6749,,43.07,
,Selby,2786,,39.61,
,Barnsley,12665,,42.02,
,Doncaster,16226,,41.25,
,Rotherham,14335,,42.28,
,Sheffield,31404,,43.7,
,Bradford,25939,,47.08,
,Calderdale,9604,,43.05,
,Kirklees,19132,,43.95,
,Leeds,34654,,43.67,
,Wakefield,16502,,42.23,
,Derby,11544,,47,
,Leicester,17173,,60.3,
,Nottingham,15132,,48.77,
,Rutland,1057,,38.29,
,Amber Valley,5755,,42.2,
,Bolsover,4103,,42.93,
,Chesterfield,5899,,44.98,
,Derbyshire Dales,2722,,41.45,
,Erewash,5134,,40.79,
,High Peak,3517,,43.3,
,North East Derbyshire,5061,,42.31,
,South Derbyshire,3073,,42.34,
,Blaby,3121,,40.5,
,Charnwood,5820,,43.79,
,Harborough,2548,,39.91,
,Hinckley and Bosworth,4112,,39.85,
,Melton,1646,,39.83,
,North West Leicestershire,3641,,41.05,
,Oadby and Wigston,2280,,43.71,
,Boston,3484,,41.65,
,East Lindsey,9276,,42.97,
,Lincoln,4484,,42.18,
,North Kesteven,4402,,39.37,
,South Holland,4458,,36.81,
,South Kesteven,5320,,38.5,
,West Lindsey,3970,,40.29,
,Corby,2377,,42.73,
,Daventry,2273,,40.1,
,East Northamptonshire,3312,,38.99,
,Kettering,3646,,42.23,
,Northampton,8013,,46.87,
,South Northamptonshire,2296,,40.84,
,Wellingborough,3361,,44.52,
,Ashfield,5713,,42.11,
,Bassetlaw,5241,,42.21,
,Broxtowe,4473,,41.46,
,Gedling,4446,,41.01,
,Mansfield,4968,,42.19,
,Newark and Sherwood,4543,,41.37,
,Rushcliffe,3253,,42.27,
,"Herefordshire, County of",8089,,44.89,
,Shropshire,13622,,43.39,
,Stoke-on-Trent,14193,,42.01,
,Telford and Wrekin,7330,,47.11,
,Cannock Chase,4634,,43.9,
,East Staffordshire,4340,,42.52,
,Lichfield,3846,,42.14,
,Newcastle-under-Lyme,5715,,40.36,
,South Staffordshire,4879,,40.06,
,Stafford,4613,,40.11,
,Staffordshire Moorlands,4232,,40.17,
,Tamworth,3383,,43.89,
,North Warwickshire,2839,,41.07,
,Nuneaton and Bedworth,5835,,44.13,
,Rugby,3492,,43.12,
,Stratford-on-Avon,4467,,41.96,
,Warwick,4724,,43.54,
,Birmingham,60331,,54.34,
,Coventry,16397,,50.88,
,Dudley,18170,,43.64,
,Sandwell,21285,,48.84,
,Solihull,8393,,44.78,
,Walsall,16640,,45.36,
,Wolverhampton,16152,,47.84,
,Bromsgrove,3311,,40.97,
,Malvern Hills,3116,,42.2,
,Redditch,3354,,46.88,
,Worcester,3829,,44.21,
,Wychavon,4518,,42.84,
,Wyre Forest,4859,,43.48,
,Bedford,5682,,45.23,
,Central Bedfordshire,7873,,41.48,
,Luton,7680,,55.63,
,Peterborough,7211,,49.03,
,Southend-on-Sea,8451,,48.43,
,Thurrock,5722,,46,
,Cambridge,3133,,48.25,
,East Cambridgeshire,2910,,45.13,
,Fenland,5138,,42.64,
,Huntingdonshire,4752,,41.61,
,South Cambridgeshire,3697,,42.71,
,Basildon,7552,,46.5,
,Braintree,5534,,43.93,
,Brentwood,2232,,42.55,
,Castle Point,4042,,45.62,
,Chelmsford,4842,,42.37,
,Colchester,5627,,45.34,
,Epping Forest,4664,,47.4,
,Harlow,3550,,42.65,
,Maldon,2511,,44.77,
,Rochford,3124,,42.92,
,Tendring,9445,,44.59,
,Uttlesford,2156,,42.41,
,Broxbourne,3311,,49.39,
,Dacorum,4447,,44.03,
,East Hertfordshire,3688,,43.95,
,Hertsmere,3253,,48.91,
,North Hertfordshire,4488,,41.51,
,St Albans,3307,,46.94,
,Stevenage,3328,,44.08,
,Three Rivers,2492,,47.49,
,Watford,2646,,50.52,
,Welwyn Hatfield,3386,,45.48,
,Breckland,6294,,41.11,
,Broadland,4948,,39.98,
,Great Yarmouth,6401,,43.78,
,King's Lynn and West Norfolk,8012,,42.32,
,North Norfolk,5899,,41.82,
,Norwich,7022,,44.78,
,South Norfolk,5029,,41.05,
,Babergh,3504,,41.23,
,Forest Heath,2279,,41.83,
,Ipswich,5987,,46.3,
,Mid Suffolk,3402,,40.76,
,St Edmundsbury,3935,,41.12,
,Suffolk Coastal,4912,,43.13,
,Waveney,6891,,42.37,
,Camden,8690,,72.12,
,City of London,177,,72.58,
,Hackney,10645,,73.33,
,Hammersmith and Fulham,6612,,65.45,
,Haringey,10133,,71.36,
,Islington,9327,,68.84,
,Kensington and Chelsea,5845,,71.84,
,Lambeth,11251,,65.78,
,Lewisham,10412,,58.47,
,Newham,11945,,72.97,
,Southwark,11264,,63.54,
,Tower Hamlets,11141,,75.18,
,Wandsworth,9875,,61.86,
,Westminster,8297,,75.22,
,Barking and Dagenham,8476,,53.06,
,Barnet,11385,,67.14,
,Bexley,7337,,48.52,
,Brent,12196,,75.44,
,Bromley,9307,,49.4,
,Croydon,11201,,59.68,
,Ealing,12073,,72.62,
,Enfield,11747,,63.9,
,Greenwich,9406,,59.67,
,Harrow,8074,,76.22,
,Havering,9415,,45.49,
,Hillingdon,8063,,58.12,
,Hounslow,8216,,66.25,
,Kingston upon Thames,3979,,57.12,
,Merton,5803,,57.97,
,Redbridge,9690,,65.9,
,Richmond upon Thames,4457,,54.83,
,Sutton,5700,,50.32,
,Waltham Forest,9815,,61.5,
,Bracknell Forest,2718,,42.64,
,Brighton and Hove,11537,,50.29,
,Isle of Wight,7977,,43.27,
,Medway,9389,,44.64,
,Milton Keynes,6786,,48.5,
,Portsmouth,8349,,45.38,
,Reading,4644,,47.22,
,Slough,4403,,57.03,
,Southampton,9807,,46.5,
,West Berkshire,3855,,40.95,
,Windsor and Maidenhead,3692,,45.29,
,Wokingham,2754,,42.07,
,Aylesbury Vale,4395,,42.59,
,Chiltern,2121,,43.41,
,South Bucks,1592,,44.2,
,Wycombe,4536,,46.02,
,Eastbourne,5092,,44.72,
,Hastings,5081,,49.35,
,Lewes,4010,,44.73,
,Rother,4614,,44.14,
,Wealden,5338,,42.3,
,Basingstoke and Deane,4218,,40.08,
,East Hampshire,3077,,42.09,
,Eastleigh,3474,,41.31,
,Fareham,3225,,38.47,
,Gosport,2911,,38.87,
,Hart,1525,,43.8,
,Havant,5360,,42.91,
,New Forest,6795,,40.17,
,Rushmoor,2187,,42.09,
,Test Valley,3626,,39.53,
,Winchester,3326,,40.39,
,Ashford,4068,,42.28,
,Canterbury,6349,,43.8,
,Dartford,2823,,43.28,
,Dover,5226,,43.35,
,Gravesham,3952,,45.22,
,Maidstone,4900,,42.16,
,Sevenoaks,3461,,42.21,
,Shepway,5287,,45.47,
,Swale,5758,,44.59,
,Thanet,8891,,46.67,
,Tonbridge and Malling,3534,,41.27,
,Tunbridge Wells,3485,,43.2,
,Cherwell,3897,,42.34,
,Oxford,4244,,49.49,
,South Oxfordshire,3338,,41.02,
,Vale of White Horse,3158,,40.13,
,West Oxfordshire,3023,,42.06,
,Elmbridge,3014,,47.14,
,Epsom and Ewell,1538,,48.84,
,Guildford,2943,,43.75,
,Mole Valley,2140,,43.12,
,Reigate and Banstead,3270,,43.56,
,Runnymede,2336,,43.77,
,Spelthorne,2583,,45.69,
,Surrey Heath,1694,,42.5,
,Tandridge,2091,,44.04,
,Waverley,3273,,42.72,
,Woking,2300,,47.38,
,Adur,2999,,43.44,
,Arun,7426,,42.82,
,Chichester,4429,,40.84,
,Crawley,3202,,46.87,
,Horsham,3370,,39.38,
,Mid Sussex,3454,,40.82,
,Worthing,4563,,42.82,
,Bath and North East Somerset,6452,,42.18,
,Bournemouth,9399,,47.36,
,"Bristol, City of",17915,,49.47,
,Cornwall,28712,,44.07,
,Isles of Scilly,71,,38.12,
,North Somerset,8593,,42.24,
,Plymouth,11727,,46.19,
,Poole,6403,,43.13,
,South Gloucestershire,8225,,42.38,
,Swindon,7043,,44.2,
,Torbay,9121,,49.1,
,Wiltshire,15370,,41.67,
,East Devon,5893,,43.63,
,Exeter,4561,,44.18,
,Mid Devon,3202,,44.31,
,North Devon,4797,,44.45,
,South Hams,3667,,45.85,
,Teignbridge,6227,,43.89,
,Torridge,3336,,43.52,
,West Devon,2269,,42.55,
,Christchurch,2430,,41.87,
,East Dorset,3309,,40.73,
,North Dorset,2453,,40.33,
,Purbeck,2050,,40.28,
,West Dorset,4411,,41.25,
,Weymouth and Portland,3123,,44.15,
,Cheltenham,3888,,45.24,
,Cotswold,3076,,39.42,
,Forest of Dean,3854,,42.5,
,Gloucester,4818,,45.5,
,Stroud,4236,,41.41,
,Tewkesbury,2674,,42.61,
,Mendip,4272,,43.59,
,Sedgemoor,5072,,43.24,
,South Somerset,6681,,41.78,
,Taunton Deane,4479,,43.2,
,West Somerset,2035,,46.52,
,Total,2284696,,47.29,
May-07,County Durham,31108,,43.83,
,Darlington,5512,,46.28,
,Hartlepool,6248,,43.67,
,Middlesbrough,8314,,47.31,
,Northumberland,15908,,42.78,
,Redcar and Cleveland,8115,,44.91,
,Stockton-on-Tees,9280,,44.44,
,Gateshead,13399,,43.74,
,Newcastle upon Tyne,16249,,49.67,
,North Tyneside,12394,,44.68,
,South Tyneside,11319,,44.8,
,Sunderland,19536,,45.08,
,Blackburn with Darwen,7247,,55.61,
,Blackpool,10292,,51.33,
,Cheshire East,13047,,43.64,
,Cheshire West and Chester,13068,,46.35,
,Halton,6281,,48.91,
,Warrington,7924,,46.3,
,Allerdale,4925,,45.89,
,Barrow-in-Furness,3807,,48.73,
,Carlisle,4598,,47.07,
,Copeland,3209,,45.46,
,Eden,1825,,43,
,South Lakeland,3929,,46.53,
,Bolton,14312,,50.45,
,Bury,8487,,47.29,
,Manchester,26103,,58.92,
,Oldham,11652,,48.99,
,Rochdale,11333,,48.74,
,Salford,13897,,49.7,
,Stockport,12112,,49.37,
,Tameside,11845,,47.87,
,Trafford,8831,,51.47,
,Wigan,16532,,45.68,
,Burnley,5096,,47.27,
,Chorley,4190,,46.76,
,Fylde,3564,,47.12,
,Hyndburn,4427,,49.06,
,Lancaster,6830,,47.07,
,Pendle,4664,,50.09,
,Preston,6164,,53.25,
,Ribble Valley,1761,,42.35,
,Rossendale,3449,,46.41,
,South Ribble,3923,,45.45,
,West Lancashire,5606,,48.02,
,Wyre,5862,,46.77,
,Knowsley,11046,,53.92,
,Liverpool,32676,,54.5,
,Sefton,16624,,50.58,
,St. Helens,10065,,47.44,
,Wirral,18068,,50.57,
,East Riding of Yorkshire,15930,,42.46,
,"Kingston upon Hull, City of",17336,,45.71,
,North East Lincolnshire,9446,,44.63,
,North Lincolnshire,8363,,41.29,
,York,6744,,42.75,
,Craven,2363,,43,
,Hambleton,3058,,40.38,
,Harrogate,5239,,42.3,
,Richmondshire,1501,,40.33,
,Ryedale,2431,,42.2,
,Scarborough,6782,,45.92,
,Selby,2772,,41.99,
,Barnsley,12716,,44.85,
,Doncaster,16305,,43.93,
,Rotherham,14355,,44.94,
,Sheffield,31402,,46.58,
,Bradford,25908,,50.1,
,Calderdale,9616,,45.6,
,Kirklees,19115,,46.75,
,Leeds,34531,,46.53,
,Wakefield,16468,,45.01,
,Derby,11528,,49.86,
,Leicester,17172,,63.95,
,Nottingham,15079,,51.84,
,Rutland,1059,,41.1,
,Amber Valley,5771,,44.71,
,Bolsover,4099,,45.6,
,Chesterfield,5903,,47.77,
,Derbyshire Dales,2716,,44.53,
,Erewash,5125,,43.41,
,High Peak,3520,,46.18,
,North East Derbyshire,5069,,44.76,
,South Derbyshire,3072,,45.72,
,Blaby,3122,,43.39,
,Charnwood,5827,,46.57,
,Harborough,2540,,42.19,
,Hinckley and Bosworth,4132,,42.36,
,Melton,1640,,41.96,
,North West Leicestershire,3655,,43.98,
,Oadby and Wigston,2283,,46.34,
,Boston,3463,,44.08,
,East Lindsey,9303,,45.74,
,Lincoln,4465,,44.52,
,North Kesteven,4403,,42.05,
,South Holland,4516,,39.64,
,South Kesteven,5331,,41.42,
,West Lindsey,3946,,42.46,
,Corby,2375,,45.03,
,Daventry,2257,,42.6,
,East Northamptonshire,3294,,41.37,
,Kettering,3620,,44.75,
,Northampton,8057,,49.97,
,South Northamptonshire,2298,,43.6,
,Wellingborough,3369,,47.49,
,Ashfield,5754,,44.93,
,Bassetlaw,5240,,44.88,
,Broxtowe,4465,,44.35,
,Gedling,4403,,43.64,
,Mansfield,4962,,44.78,
,Newark and Sherwood,4525,,44.2,
,Rushcliffe,3244,,44.82,
,"Herefordshire, County of",8091,,47.61,
,Shropshire,13671,,46.21,
,Stoke-on-Trent,14184,,44.74,
,Telford and Wrekin,7351,,49.88,
,Cannock Chase,4663,,46.93,
,East Staffordshire,4342,,45.38,
,Lichfield,3851,,44.88,
,Newcastle-under-Lyme,5706,,43.38,
,South Staffordshire,4912,,42.87,
,Stafford,4600,,43.02,
,Staffordshire Moorlands,4230,,42.73,
,Tamworth,3388,,46.54,
,North Warwickshire,2841,,43.66,
,Nuneaton and Bedworth,5849,,47.19,
,Rugby,3494,,45.85,
,Stratford-on-Avon,4472,,44.37,
,Warwick,4729,,46.01,
,Birmingham,60110,,57.44,
,Coventry,16309,,54.09,
,Dudley,18146,,46.4,
,Sandwell,21253,,52.01,
,Solihull,8351,,47.51,
,Walsall,16620,,48.13,
,Wolverhampton,16144,,50.8,
,Bromsgrove,3315,,43.28,
,Malvern Hills,3150,,45.02,
,Redditch,3367,,49.4,
,Worcester,3832,,47.01,
,Wychavon,4543,,45.95,
,Wyre Forest,4892,,46.34,
,Bedford,5660,,48.19,
,Central Bedfordshire,7907,,44.45,
,Luton,7728,,58.76,
,Peterborough,7254,,52.08,
,Southend-on-Sea,8463,,51.49,
,Thurrock,5759,,49.1,
,Cambridge,3122,,50.74,
,East Cambridgeshire,2921,,47.57,
,Fenland,5191,,45.35,
,Huntingdonshire,4753,,44.37,
,South Cambridgeshire,3702,,45.28,
,Basildon,7569,,49.44,
,Braintree,5561,,46.88,
,Brentwood,2239,,45.26,
,Castle Point,4072,,48.46,
,Chelmsford,4851,,44.99,
,Colchester,5672,,48.37,
,Epping Forest,4653,,50.31,
,Harlow,3547,,45.59,
,Maldon,2524,,47.94,
,Rochford,3152,,45.58,
,Tendring,9477,,47.41,
,Uttlesford,2168,,45.36,
,Broxbourne,3309,,51.78,
,Dacorum,4462,,46.77,
,East Hertfordshire,3715,,46.42,
,Hertsmere,3267,,52.12,
,North Hertfordshire,4508,,43.99,
,St Albans,3314,,49.95,
,Stevenage,3327,,46.51,
,Three Rivers,2502,,49.99,
,Watford,2656,,53.25,
,Welwyn Hatfield,3392,,48.06,
,Breckland,6302,,44.11,
,Broadland,4971,,42.54,
,Great Yarmouth,6457,,46.53,
,King's Lynn and West Norfolk,8038,,45.11,
,North Norfolk,5886,,44.7,
,Norwich,7005,,47.78,
,South Norfolk,5047,,44.04,
,Babergh,3502,,44.08,
,Forest Heath,2291,,44.36,
,Ipswich,5977,,49.06,
,Mid Suffolk,3416,,43.41,
,St Edmundsbury,3920,,43.84,
,Suffolk Coastal,4906,,46.14,
,Waveney,6907,,45.23,
,Camden,8752,,75.83,
,City of London,171,,76.74,
,Hackney,10703,,77.13,
,Hammersmith and Fulham,6599,,69.12,
,Haringey,10135,,74.98,
,Islington,9324,,72.37,
,Kensington and Chelsea,5869,,75.59,
,Lambeth,11293,,69.38,
,Lewisham,10417,,61.88,
,Newham,11970,,76.73,
,Southwark,11289,,66.87,
,Tower Hamlets,11128,,78.81,
,Wandsworth,9858,,65.29,
,Westminster,8339,,79.5,
,Barking and Dagenham,8513,,56.05,
,Barnet,11401,,70.77,
,Bexley,7381,,51.64,
,Brent,12233,,78.89,
,Bromley,9279,,52.75,
,Croydon,11233,,63.4,
,Ealing,12130,,76.3,
,Enfield,11730,,67.34,
,Greenwich,9401,,63.18,
,Harrow,8099,,79.82,
,Havering,9461,,48.56,
,Hillingdon,8043,,61.64,
,Hounslow,8229,,69.41,
,Kingston upon Thames,3987,,60.29,
,Merton,5805,,61.45,
,Redbridge,9672,,69.58,
,Richmond upon Thames,4467,,58.09,
,Sutton,5724,,53.31,
,Waltham Forest,9783,,65.07,
,Bracknell Forest,2717,,45.46,
,Brighton and Hove,11593,,53.05,
,Isle of Wight,8000,,46.02,
,Medway,9432,,47.71,
,Milton Keynes,6846,,51.48,
,Portsmouth,8405,,48.26,
,Reading,4646,,50.2,
,Slough,4435,,60.5,
,Southampton,9827,,49.16,
,West Berkshire,3834,,43.58,
,Windsor and Maidenhead,3738,,48.16,
,Wokingham,2760,,44.82,
,Aylesbury Vale,4435,,45.58,
,Chiltern,2127,,46.77,
,South Bucks,1602,,47.75,
,Wycombe,4559,,49.09,
,Eastbourne,5112,,47.63,
,Hastings,5084,,52.74,
,Lewes,4024,,47.49,
,Rother,4615,,46.97,
,Wealden,5334,,45.51,
,Basingstoke and Deane,4218,,43.17,
,East Hampshire,3097,,44.83,
,Eastleigh,3476,,44.2,
,Fareham,3230,,41.16,
,Gosport,2916,,41.69,
,Hart,1527,,46.87,
,Havant,5385,,45.84,
,New Forest,6857,,42.55,
,Rushmoor,2200,,44.91,
,Test Valley,3629,,42.66,
,Winchester,3351,,42.93,
,Ashford,4096,,45.11,
,Canterbury,6362,,46.55,
,Dartford,2843,,46.06,
,Dover,5234,,46.15,
,Gravesham,3930,,48.05,
,Maidstone,4910,,44.9,
,Sevenoaks,3436,,44.75,
,Shepway,5322,,48.49,
,Swale,5798,,47.83,
,Thanet,8899,,49.63,
,Tonbridge and Malling,3514,,44.31,
,Tunbridge Wells,3510,,46.18,
,Cherwell,3912,,45.45,
,Oxford,4236,,52.69,
,South Oxfordshire,3334,,44.19,
,Vale of White Horse,3142,,43.02,
,West Oxfordshire,3015,,45.06,
,Elmbridge,2987,,49.72,
,Epsom and Ewell,1559,,51.47,
,Guildford,2928,,46.27,
,Mole Valley,2165,,45.65,
,Reigate and Banstead,3272,,46.19,
,Runnymede,2348,,46.72,
,Spelthorne,2593,,48.17,
,Surrey Heath,1745,,44.84,
,Tandridge,2114,,46.99,
,Waverley,3262,,45.48,
,Woking,2283,,50.63,
,Adur,3007,,46.05,
,Arun,7446,,45.61,
,Chichester,4413,,43.95,
,Crawley,3228,,50.08,
,Horsham,3394,,42.21,
,Mid Sussex,3450,,43.28,
,Worthing,4592,,45.95,
,Bath and North East Somerset,6432,,45.16,
,Bournemouth,9397,,50.25,
,"Bristol, City of",17877,,52.59,
,Cornwall,28778,,46.95,
,Isles of Scilly,74,,40.21,
,North Somerset,8573,,45.29,
,Plymouth,11683,,49.15,
,Poole,6383,,45.69,
,South Gloucestershire,8219,,45.39,
,Swindon,7027,,47.41,
,Torbay,9115,,52.48,
,Wiltshire,15372,,44.76,
,East Devon,5898,,46.5,
,Exeter,4563,,47.2,
,Mid Devon,3214,,46.87,
,North Devon,4801,,47.61,
,South Hams,3649,,49.05,
,Teignbridge,6239,,46.64,
,Torridge,3346,,46.29,
,West Devon,2288,,45.41,
,Christchurch,2421,,44.2,
,East Dorset,3283,,43.55,
,North Dorset,2460,,43.37,
,Purbeck,2036,,43.51,
,West Dorset,4407,,43.85,
,Weymouth and Portland,3135,,46.56,
,Cheltenham,3887,,48.11,
,Cotswold,3063,,42.5,
,Forest of Dean,3836,,44.91,
,Gloucester,4789,,48.07,
,Stroud,4227,,44.61,
,Tewkesbury,2667,,44.73,
,Mendip,4276,,46.39,
,Sedgemoor,5092,,46.04,
,South Somerset,6735,,44.43,
,Taunton Deane,4490,,46.19,
,West Somerset,2041,,50.13,
,Total,2286537,,50.25,
Aug-07,County Durham,31105,,44,
,Darlington,5521,,46.48,
,Hartlepool,6253,,44.18,
,Middlesbrough,8321,,47.63,
,Northumberland,15891,,42.64,
,Redcar and Cleveland,8148,,44.75,
,Stockton-on-Tees,9292,,44.72,
,Gateshead,13369,,44.25,
,Newcastle upon Tyne,16223,,49.95,
,North Tyneside,12354,,44.52,
,South Tyneside,11292,,44.99,
,Sunderland,19543,,45.16,
,Blackburn with Darwen,7235,,55.63,
,Blackpool,10312,,51.84,
,Cheshire East,13062,,43.76,
,Cheshire West and Chester,13089,,46.74,
,Halton,6316,,49.12,
,Warrington,7897,,46.68,
,Allerdale,4896,,46.03,
,Barrow-in-Furness,3798,,49.26,
,Carlisle,4595,,47.05,
,Copeland,3216,,45.47,
,Eden,1822,,42.99,
,South Lakeland,3930,,46.93,
,Bolton,14314,,50.37,
,Bury,8516,,47.35,
,Manchester,26165,,59.1,
,Oldham,11643,,49.01,
,Rochdale,11330,,48.78,
,Salford,13933,,49.98,
,Stockport,12091,,49.43,
,Tameside,11873,,47.89,
,Trafford,8774,,51.39,
,Wigan,16552,,45.78,
,Burnley,5051,,47.35,
,Chorley,4186,,46.86,
,Fylde,3567,,47.5,
,Hyndburn,4457,,48.83,
,Lancaster,6841,,47.3,
,Pendle,4682,,50.41,
,Preston,6172,,52.99,
,Ribble Valley,1754,,43.18,
,Rossendale,3445,,46.43,
,South Ribble,3923,,45.92,
,West Lancashire,5600,,47.87,
,Wyre,5856,,46.85,
,Knowsley,11080,,54.34,
,Liverpool,32724,,54.74,
,Sefton,16662,,50.91,
,St. Helens,10094,,47.54,
,Wirral,18030,,50.74,
,East Riding of Yorkshire,16002,,42.86,
,"Kingston upon Hull, City of",17378,,45.99,
,North East Lincolnshire,9467,,44.48,
,North Lincolnshire,8367,,41.6,
,York,6761,,42.8,
,Craven,2376,,43.22,
,Hambleton,3072,,41.15,
,Harrogate,5234,,42.85,
,Richmondshire,1504,,40.3,
,Ryedale,2417,,42.27,
,Scarborough,6761,,46.16,
,Selby,2775,,42.03,
,Barnsley,12725,,45.22,
,Doncaster,16313,,43.94,
,Rotherham,14342,,45.08,
,Sheffield,31372,,46.8,
,Bradford,25808,,50.19,
,Calderdale,9602,,45.54,
,Kirklees,19201,,47,
,Leeds,34462,,46.72,
,Wakefield,16431,,45.1,
,Derby,11518,,49.99,
,Leicester,17205,,64.32,
,Nottingham,15051,,52.17,
,Rutland,1077,,42.05,
,Amber Valley,5773,,44.86,
,Bolsover,4110,,46.03,
,Chesterfield,5919,,47.66,
,Derbyshire Dales,2700,,44.14,
,Erewash,5118,,43.61,
,High Peak,3518,,46.46,
,North East Derbyshire,5061,,44.72,
,South Derbyshire,3072,,45.62,
,Blaby,3132,,43.4,
,Charnwood,5867,,46.69,
,Harborough,2526,,42.12,
,Hinckley and Bosworth,4143,,42.17,
,Melton,1661,,41.99,
,North West Leicestershire,3680,,43.83,
,Oadby and Wigston,2290,,46.63,
,Boston,3449,,44.61,
,East Lindsey,9340,,45.97,
,Lincoln,4447,,44.77,
,North Kesteven,4411,,42.48,
,South Holland,4527,,39.79,
,South Kesteven,5326,,41.68,
,West Lindsey,3946,,42.69,
,Corby,2399,,45.53,
,Daventry,2274,,42.93,
,East Northamptonshire,3330,,41.17,
,Kettering,3627,,44.8,
,Northampton,8021,,50.09,
,South Northamptonshire,2299,,43.93,
,Wellingborough,3344,,47.72,
,Ashfield,5743,,45.23,
,Bassetlaw,5241,,44.94,
,Broxtowe,4455,,44.42,
,Gedling,4405,,43.68,
,Mansfield,4964,,44.81,
,Newark and Sherwood,4543,,44.65,
,Rushcliffe,3259,,44.81,
,"Herefordshire, County of",8087,,48.13,
,Shropshire,13651,,46.52,
,Stoke-on-Trent,14141,,44.84,
,Telford and Wrekin,7375,,50.31,
,Cannock Chase,4638,,47.54,
,East Staffordshire,4300,,45.27,
,Lichfield,3850,,44.98,
,Newcastle-under-Lyme,5642,,43.48,
,South Staffordshire,4919,,43,
,Stafford,4590,,43.27,
,Staffordshire Moorlands,4226,,43.16,
,Tamworth,3376,,46.56,
,North Warwickshire,2864,,44.14,
,Nuneaton and Bedworth,5838,,47.46,
,Rugby,3492,,46.14,
,Stratford-on-Avon,4456,,44.54,
,Warwick,4728,,46.22,
,Birmingham,59844,,57.63,
,Coventry,16258,,54.48,
,Dudley,18131,,46.7,
,Sandwell,21274,,52.1,
,Solihull,8346,,48.08,
,Walsall,16604,,48.38,
,Wolverhampton,16097,,51.09,
,Bromsgrove,3310,,43.44,
,Malvern Hills,3136,,45.57,
,Redditch,3376,,49.68,
,Worcester,3816,,47.18,
,Wychavon,4573,,46.35,
,Wyre Forest,4891,,46.03,
,Bedford,5659,,48.23,
,Central Bedfordshire,7908,,44.94,
,Luton,7696,,58.98,
,Peterborough,7367,,51.84,
,Southend-on-Sea,8469,,51.49,
,Thurrock,5794,,49.22,
,Cambridge,3126,,50.91,
,East Cambridgeshire,2907,,47.68,
,Fenland,5165,,45.13,
,Huntingdonshire,4767,,44.25,
,South Cambridgeshire,3681,,45.5,
,Basildon,7569,,49.79,
,Braintree,5567,,46.61,
,Brentwood,2232,,46.33,
,Castle Point,4092,,48.43,
,Chelmsford,4861,,45.52,
,Colchester,5678,,48.58,
,Epping Forest,4687,,50.2,
,Harlow,3545,,46.21,
,Maldon,2523,,47.84,
,Rochford,3116,,45.71,
,Tendring,9519,,47.66,
,Uttlesford,2166,,46.08,
,Broxbourne,3309,,51.8,
,Dacorum,4461,,46.93,
,East Hertfordshire,3706,,46.44,
,Hertsmere,3273,,51.59,
,North Hertfordshire,4498,,44.28,
,St Albans,3286,,49.66,
,Stevenage,3317,,46.86,
,Three Rivers,2501,,49.73,
,Watford,2649,,52.97,
,Welwyn Hatfield,3368,,48.05,
,Breckland,6266,,44.41,
,Broadland,4968,,42.61,
,Great Yarmouth,6472,,46.44,
,King's Lynn and West Norfolk,8043,,45.4,
,North Norfolk,5885,,45.07,
,Norwich,7002,,47.77,
,South Norfolk,5062,,44.44,
,Babergh,3497,,43.86,
,Forest Heath,2280,,44.18,
,Ipswich,5984,,48.85,
,Mid Suffolk,3439,,43.93,
,St Edmundsbury,3922,,43.77,
,Suffolk Coastal,4916,,46.46,
,Waveney,6902,,45.45,
,Camden,8823,,76.19,
,City of London,179,,78.01,
,Hackney,10723,,77.48,
,Hammersmith and Fulham,6650,,69.36,
,Haringey,10153,,74.99,
,Islington,9385,,72.28,
,Kensington and Chelsea,5881,,75.95,
,Lambeth,11305,,69.52,
,Lewisham,10405,,61.97,
,Newham,12059,,76.94,
,Southwark,11304,,67.33,
,Tower Hamlets,11121,,79.02,
,Wandsworth,9815,,65.77,
,Westminster,8307,,79.74,
,Barking and Dagenham,8528,,56.19,
,Barnet,11418,,70.92,
,Bexley,7364,,51.91,
,Brent,12279,,78.73,
,Bromley,9263,,53.24,
,Croydon,11279,,63.79,
,Ealing,12183,,76.65,
,Enfield,11825,,67.83,
,Greenwich,9377,,63.22,
,Harrow,8136,,80.55,
,Havering,9498,,48.89,
,Hillingdon,8125,,61.87,
,Hounslow,8241,,69.88,
,Kingston upon Thames,4009,,61.1,
,Merton,5810,,61.73,
,Redbridge,9713,,70.14,
,Richmond upon Thames,4477,,58.25,
,Sutton,5755,,53.96,
,Waltham Forest,9806,,65.38,
,Bracknell Forest,2734,,45.66,
,Brighton and Hove,11633,,53.11,
,Isle of Wight,8041,,46.18,
,Medway,9439,,47.96,
,Milton Keynes,6905,,51.73,
,Portsmouth,8450,,48.56,
,Reading,4653,,50.68,
,Slough,4453,,61.01,
,Southampton,9837,,49.47,
,West Berkshire,3852,,43.95,
,Windsor and Maidenhead,3733,,48.13,
,Wokingham,2773,,44.78,
,Aylesbury Vale,4462,,45.31,
,Chiltern,2126,,46.85,
,South Bucks,1619,,48.36,
,Wycombe,4584,,49.61,
,Eastbourne,5082,,47.86,
,Hastings,5079,,52.81,
,Lewes,4014,,47.47,
,Rother,4638,,47.12,
,Wealden,5344,,45.57,
,Basingstoke and Deane,4219,,43.44,
,East Hampshire,3112,,44.41,
,Eastleigh,3506,,44.76,
,Fareham,3238,,41.72,
,Gosport,2913,,41.58,
,Hart,1533,,46.98,
,Havant,5432,,46.17,
,New Forest,6849,,43.04,
,Rushmoor,2213,,45.94,
,Test Valley,3647,,42.67,
,Winchester,3345,,43.53,
,Ashford,4089,,45.53,
,Canterbury,6351,,46.69,
,Dartford,2870,,46.38,
,Dover,5261,,46.44,
,Gravesham,3919,,48.33,
,Maidstone,4944,,45.31,
,Sevenoaks,3415,,45.03,
,Shepway,5363,,48.94,
,Swale,5834,,48.29,
,Thanet,8933,,49.78,
,Tonbridge and Malling,3513,,44.88,
,Tunbridge Wells,3495,,46.3,
,Cherwell,3924,,45.67,
,Oxford,4238,,53.01,
,South Oxfordshire,3322,,44.45,
,Vale of White Horse,3158,,43.18,
,West Oxfordshire,3016,,45.36,
,Elmbridge,2994,,49.95,
,Epsom and Ewell,1552,,52.66,
,Guildford,2932,,47.03,
,Mole Valley,2148,,45.73,
,Reigate and Banstead,3299,,46.8,
,Runnymede,2348,,46.81,
,Spelthorne,2574,,48.16,
,Surrey Heath,1744,,45.11,
,Tandridge,2111,,47.17,
,Waverley,3258,,45.69,
,Woking,2292,,50.64,
,Adur,3003,,46.13,
,Arun,7486,,45.73,
,Chichester,4425,,44.32,
,Crawley,3245,,50.38,
,Horsham,3397,,42.59,
,Mid Sussex,3468,,43.87,
,Worthing,4588,,46.17,
,Bath and North East Somerset,6408,,45.84,
,Bournemouth,9364,,50.33,
,"Bristol, City of",17788,,52.83,
,Cornwall,28820,,47.35,
,Isles of Scilly,72,,39.83,
,North Somerset,8537,,46.39,
,Plymouth,11687,,49.02,
,Poole,6382,,46.08,
,South Gloucestershire,8210,,45.62,
,Swindon,7026,,47.88,
,Torbay,9099,,52.35,
,Wiltshire,15390,,44.92,
,East Devon,5899,,46.64,
,Exeter,4589,,47.37,
,Mid Devon,3224,,47.03,
,North Devon,4800,,47.57,
,South Hams,3619,,48.6,
,Teignbridge,6254,,46.48,
,Torridge,3353,,46.37,
,West Devon,2305,,44.98,
,Christchurch,2426,,44.51,
,East Dorset,3329,,43.37,
,North Dorset,2435,,43.11,
,Purbeck,2020,,43.24,
,West Dorset,4410,,44.01,
,Weymouth and Portland,3122,,46.56,
,Cheltenham,3839,,48.36,
,Cotswold,3062,,42.94,
,Forest of Dean,3818,,45.05,
,Gloucester,4770,,48.63,
,Stroud,4211,,45.38,
,Tewkesbury,2685,,44.87,
,Mendip,4281,,46.45,
,Sedgemoor,5125,,46.35,
,South Somerset,6713,,44.52,
,Taunton Deane,4489,,46.4,
,West Somerset,2043,,49.51,
,Total,2287638,,50.46,
Nov-07,County Durham,31099,,44.03,
,Darlington,5520,,45.75,
,Hartlepool,6239,,44.31,
,Middlesbrough,8331,,47.72,
,Northumberland,15925,,42.37,
,Redcar and Cleveland,8147,,44.7,
,Stockton-on-Tees,9259,,44.66,
,Gateshead,13391,,44.65,
,Newcastle upon Tyne,16158,,50.09,
,North Tyneside,12319,,44.67,
,South Tyneside,11259,,45.11,
,Sunderland,19488,,45.33,
,Blackburn with Darwen,7262,,55.83,
,Blackpool,10300,,52.14,
,Cheshire East,13037,,43.97,
,Cheshire West and Chester,13082,,46.67,
,Halton,6335,,49.38,
,Warrington,7917,,46.67,
,Allerdale,4921,,46.33,
,Barrow-in-Furness,3798,,49.57,
,Carlisle,4596,,47.39,
,Copeland,3220,,45.31,
,Eden,1819,,44.28,
,South Lakeland,3932,,46.79,
,Bolton,14348,,50.41,
,Bury,8522,,47.72,
,Manchester,26112,,59.36,
,Oldham,11584,,48.97,
,Rochdale,11357,,48.99,
,Salford,13896,,50,
,Stockport,12103,,49.59,
,Tameside,11855,,47.68,
,Trafford,8758,,51.44,
,Wigan,16583,,45.76,
,Burnley,5067,,47.6,
,Chorley,4189,,47.14,
,Fylde,3559,,47.51,
,Hyndburn,4430,,48.96,
,Lancaster,6893,,47.39,
,Pendle,4669,,51.02,
,Preston,6182,,53.14,
,Ribble Valley,1753,,43.32,
,Rossendale,3438,,46.58,
,South Ribble,3903,,45.73,
,West Lancashire,5619,,47.66,
,Wyre,5869,,46.79,
,Knowsley,11118,,54.24,
,Liverpool,32722,,54.81,
,Sefton,16676,,51.16,
,St. Helens,10078,,47.65,
,Wirral,18032,,50.99,
,East Riding of Yorkshire,16026,,43.1,
,"Kingston upon Hull, City of",17383,,46.07,
,North East Lincolnshire,9457,,44.46,
,North Lincolnshire,8376,,41.49,
,York,6771,,42.87,
,Craven,2386,,43.22,
,Hambleton,3082,,40.83,
,Harrogate,5213,,42.82,
,Richmondshire,1497,,40.27,
,Ryedale,2386,,42.48,
,Scarborough,6792,,46.21,
,Selby,2774,,42.44,
,Barnsley,12680,,45.04,
,Doncaster,16333,,44.26,
,Rotherham,14323,,45.24,
,Sheffield,31243,,46.87,
,Bradford,25802,,50.3,
,Calderdale,9607,,45.64,
,Kirklees,19214,,46.88,
,Leeds,34518,,46.66,
,Wakefield,16412,,45.16,
,Derby,11486,,49.55,
,Leicester,17135,,64.2,
,Nottingham,15062,,52.21,
,Rutland,1084,,42.12,
,Amber Valley,5725,,44.66,
,Bolsover,4100,,45.66,
,Chesterfield,5872,,47.53,
,Derbyshire Dales,2670,,43.88,
,Erewash,5108,,43.64,
,High Peak,3523,,46.32,
,North East Derbyshire,5057,,44.68,
,South Derbyshire,3058,,45.37,
,Blaby,3131,,43.48,
,Charnwood,5891,,46.64,
,Harborough,2539,,42.55,
,Hinckley and Bosworth,4172,,42.24,
,Melton,1661,,42.46,
,North West Leicestershire,3713,,43.7,
,Oadby and Wigston,2315,,46.76,
,Boston,3463,,44.76,
,East Lindsey,9389,,46.18,
,Lincoln,4439,,45.25,
,North Kesteven,4433,,42.75,
,South Holland,4532,,40.04,
,South Kesteven,5364,,41.47,
,West Lindsey,3955,,42.77,
,Corby,2396,,45.14,
,Daventry,2275,,42.52,
,East Northamptonshire,3368,,41.14,
,Kettering,3635,,45.55,
,Northampton,8011,,50.53,
,South Northamptonshire,2296,,43.66,
,Wellingborough,3365,,48.03,
,Ashfield,5801,,45.3,
,Bassetlaw,5231,,44.78,
,Broxtowe,4474,,44.73,
,Gedling,4437,,43.84,
,Mansfield,5002,,44.6,
,Newark and Sherwood,4560,,44.69,
,Rushcliffe,3272,,44.71,
,"Herefordshire, County of",8068,,47.87,
,Shropshire,13625,,46.51,
,Stoke-on-Trent,14151,,44.91,
,Telford and Wrekin,7412,,50.09,
,Cannock Chase,4637,,47.35,
,East Staffordshire,4291,,45.31,
,Lichfield,3861,,45.06,
,Newcastle-under-Lyme,5625,,43.33,
,South Staffordshire,4888,,43.19,
,Stafford,4548,,43.1,
,Staffordshire Moorlands,4220,,43.32,
,Tamworth,3390,,46.45,
,North Warwickshire,2883,,44.36,
,Nuneaton and Bedworth,5778,,47.43,
,Rugby,3462,,46.24,
,Stratford-on-Avon,4450,,44.74,
,Warwick,4713,,46.09,
,Birmingham,59535,,57.8,
,Coventry,16190,,54.82,
,Dudley,18077,,46.82,
,Sandwell,21268,,51.74,
,Solihull,8300,,48.23,
,Walsall,16552,,48.49,
,Wolverhampton,15998,,50.99,
,Bromsgrove,3311,,43.34,
,Malvern Hills,3155,,45.43,
,Redditch,3370,,49.95,
,Worcester,3837,,46.65,
,Wychavon,4565,,46.15,
,Wyre Forest,4900,,46.19,
,Bedford,5675,,48.09,
,Central Bedfordshire,7895,,45.18,
,Luton,7654,,58.77,
,Peterborough,7405,,51.58,
,Southend-on-Sea,8456,,51.74,
,Thurrock,5796,,49.83,
,Cambridge,3107,,50.85,
,East Cambridgeshire,2893,,47.25,
,Fenland,5192,,45.13,
,Huntingdonshire,4790,,44.03,
,South Cambridgeshire,3636,,45.72,
,Basildon,7583,,50.05,
,Braintree,5557,,46.64,
,Brentwood,2223,,46.53,
,Castle Point,4117,,48.25,
,Chelmsford,4846,,45.49,
,Colchester,5677,,48.51,
,Epping Forest,4658,,50.38,
,Harlow,3521,,46.31,
,Maldon,2536,,48.27,
,Rochford,3107,,45.75,
,Tendring,9504,,47.68,
,Uttlesford,2174,,46.04,
,Broxbourne,3320,,51.95,
,Dacorum,4457,,47.01,
,East Hertfordshire,3702,,46.59,
,Hertsmere,3284,,51.47,
,North Hertfordshire,4488,,44.48,
,St Albans,3262,,49.75,
,Stevenage,3297,,47.05,
,Three Rivers,2491,,50.17,
,Watford,2629,,53,
,Welwyn Hatfield,3340,,48.29,
,Breckland,6281,,44.64,
,Broadland,4965,,42.45,
,Great Yarmouth,6516,,46.18,
,King's Lynn and West Norfolk,8041,,45.67,
,North Norfolk,5916,,45.13,
,Norwich,6984,,47.54,
,South Norfolk,5003,,44.27,
,Babergh,3473,,43.78,
,Forest Heath,2290,,44.19,
,Ipswich,5961,,48.91,
,Mid Suffolk,3448,,43.71,
,St Edmundsbury,3931,,43.67,
,Suffolk Coastal,4930,,46.75,
,Waveney,6954,,45.64,
,Camden,8849,,76.24,
,City of London,173,,76.83,
,Hackney,10741,,78.02,
,Hammersmith and Fulham,6666,,69.81,
,Haringey,10170,,74.98,
,Islington,9407,,72.42,
,Kensington and Chelsea,5880,,76.47,
,Lambeth,11294,,69.72,
,Lewisham,10441,,62.33,
,Newham,12081,,76.84,
,Southwark,11313,,67.58,
,Tower Hamlets,11085,,79.07,
,Wandsworth,9803,,65.92,
,Westminster,8322,,79.93,
,Barking and Dagenham,8523,,56.58,
,Barnet,11389,,70.86,
,Bexley,7363,,52.21,
,Brent,12319,,78.94,
,Bromley,9203,,53.47,
,Croydon,11334,,63.66,
,Ealing,12235,,76.89,
,Enfield,11810,,68,
,Greenwich,9379,,63.45,
,Harrow,8175,,80.88,
,Havering,9520,,49.14,
,Hillingdon,8106,,62.03,
,Hounslow,8255,,69.99,
,Kingston upon Thames,4026,,61.39,
,Merton,5812,,61.98,
,Redbridge,9765,,70.16,
,Richmond upon Thames,4467,,58.52,
,Sutton,5785,,53.98,
,Waltham Forest,9793,,65.48,
,Bracknell Forest,2733,,45.63,
,Brighton and Hove,11586,,53.12,
,Isle of Wight,8102,,46.09,
,Medway,9504,,48.32,
,Milton Keynes,6964,,51.55,
,Portsmouth,8445,,48.83,
,Reading,4637,,51.17,
,Slough,4444,,61.1,
,Southampton,9833,,49.64,
,West Berkshire,3864,,44.33,
,Windsor and Maidenhead,3717,,47.84,
,Wokingham,2753,,45.09,
,Aylesbury Vale,4465,,45.63,
,Chiltern,2126,,46.86,
,South Bucks,1632,,48.51,
,Wycombe,4568,,49.64,
,Eastbourne,5093,,47.96,
,Hastings,5088,,52.74,
,Lewes,4021,,47.35,
,Rother,4649,,47.15,
,Wealden,5369,,45.55,
,Basingstoke and Deane,4176,,43.21,
,East Hampshire,3111,,44.42,
,Eastleigh,3494,,44.44,
,Fareham,3235,,41.97,
,Gosport,2886,,41.38,
,Hart,1533,,46.85,
,Havant,5445,,46.17,
,New Forest,6819,,43.13,
,Rushmoor,2232,,46.26,
,Test Valley,3626,,42.25,
,Winchester,3353,,43.69,
,Ashford,4109,,45.67,
,Canterbury,6377,,46.62,
,Dartford,2872,,46.44,
,Dover,5281,,46.66,
,Gravesham,3907,,48.31,
,Maidstone,4972,,46.18,
,Sevenoaks,3400,,45.22,
,Shepway,5378,,49.43,
,Swale,5824,,48.34,
,Thanet,8946,,50.16,
,Tonbridge and Malling,3498,,44.88,
,Tunbridge Wells,3468,,46.44,
,Cherwell,3893,,45.67,
,Oxford,4206,,53.19,
,South Oxfordshire,3299,,44.6,
,Vale of White Horse,3135,,43.46,
,West Oxfordshire,3004,,45.38,
,Elmbridge,2984,,50.18,
,Epsom and Ewell,1554,,53.22,
,Guildford,2926,,47.19,
,Mole Valley,2150,,46.06,
,Reigate and Banstead,3314,,46.96,
,Runnymede,2329,,47.04,
,Spelthorne,2561,,47.95,
,Surrey Heath,1736,,45.22,
,Tandridge,2085,,47.66,
,Waverley,3218,,45.76,
,Woking,2285,,51.02,
,Adur,2989,,46.53,
,Arun,7496,,45.89,
,Chichester,4404,,44.64,
,Crawley,3259,,50.17,
,Horsham,3396,,42.68,
,Mid Sussex,3485,,44.19,
,Worthing,4572,,46.51,
,Bath and North East Somerset,6393,,45.92,
,Bournemouth,9348,,50.59,
,"Bristol, City of",17702,,52.69,
,Cornwall,28820,,47.61,
,Isles of Scilly,68,,39.94,
,North Somerset,8518,,46.31,
,Plymouth,11642,,49.11,
,Poole,6380,,46.26,
,South Gloucestershire,8229,,46.12,
,Swindon,7001,,47.92,
,Torbay,9104,,52.48,
,Wiltshire,15382,,45.15,
,East Devon,5871,,46.85,
,Exeter,4561,,47.73,
,Mid Devon,3220,,47.25,
,North Devon,4824,,47.49,
,South Hams,3628,,48.75,
,Teignbridge,6267,,46.66,
,Torridge,3347,,46.86,
,West Devon,2304,,45.59,
,Christchurch,2404,,44.65,
,East Dorset,3322,,43.15,
,North Dorset,2429,,43.09,
,Purbeck,2015,,43.66,
,West Dorset,4395,,44.42,
,Weymouth and Portland,3102,,47.08,
,Cheltenham,3830,,48,
,Cotswold,3070,,42.75,
,Forest of Dean,3834,,45.23,
,Gloucester,4749,,48.65,
,Stroud,4180,,45.38,
,Tewkesbury,2669,,45.55,
,Mendip,4247,,46.93,
,Sedgemoor,5157,,46.59,
,South Somerset,6695,,44.79,
,Taunton Deane,4467,,46.83,
,West Somerset,2065,,49.91,
,Total,2286524,,50.55,
Feb-08,County Durham,30902,,44.14,
,Darlington,5507,,45.8,
,Hartlepool,6206,,44.49,
,Middlesbrough,8370,,47.55,
,Northumberland,15881,,42.22,
,Redcar and Cleveland,8106,,44.78,
,Stockton-on-Tees,9260,,44.72,
,Gateshead,13308,,44.78,
,Newcastle upon Tyne,16085,,50.28,
,North Tyneside,12221,,45.04,
,South Tyneside,11193,,45.22,
,Sunderland,19403,,45.37,
,Blackburn with Darwen,7226,,56.29,
,Blackpool,10270,,52.15,
,Cheshire East,12921,,44.06,
,Cheshire West and Chester,13094,,46.9,
,Halton,6322,,49.47,
,Warrington,7849,,46.71,
,Allerdale,4910,,46.16,
,Barrow-in-Furness,3783,,49.36,
,Carlisle,4570,,47.09,
,Copeland,3210,,45.77,
,Eden,1801,,45.17,
,South Lakeland,3909,,46.67,
,Bolton,14336,,50.64,
,Bury,8450,,47.85,
,Manchester,25856,,59.59,
,Oldham,11553,,49.07,
,Rochdale,11331,,49.21,
,Salford,13862,,50.07,
,Stockport,12068,,49.73,
,Tameside,11853,,47.93,
,Trafford,8732,,51.76,
,Wigan,16560,,45.78,
,Burnley,5052,,47.97,
,Chorley,4167,,47.4,
,Fylde,3536,,47.51,
,Hyndburn,3986,,48.64,
,Lancaster,6884,,47.16,
,Pendle,4671,,51.41,
,Preston,6169,,53.06,
,Ribble Valley,1756,,43.17,
,Rossendale,3475,,47.12,
,South Ribble,3915,,45.63,
,West Lancashire,5620,,47.5,
,Wyre,5898,,46.76,
,Knowsley,11163,,54.34,
,Liverpool,32621,,55,
,Sefton,16630,,51.29,
,St. Helens,10015,,47.65,
,Wirral,17976,,51.11,
,East Riding of Yorkshire,16046,,43.08,
,"Kingston upon Hull, City of",17375,,45.85,
,North East Lincolnshire,9411,,44.67,
,North Lincolnshire,8341,,41.66,
,York,6750,,43.26,
,Craven,2362,,43.13,
,Hambleton,3058,,40.76,
,Harrogate,5198,,43.05,
,Richmondshire,1485,,40.33,
,Ryedale,2367,,42.65,
,Scarborough,6760,,46.34,
,Selby,2769,,42.64,
,Barnsley,12669,,45.28,
,Doncaster,16284,,44.25,
,Rotherham,14281,,45.28,
,Sheffield,31050,,46.94,
,Bradford,25666,,50.27,
,Calderdale,9577,,45.64,
,Kirklees,19141,,47.1,
,Leeds,34410,,46.66,
,Wakefield,16366,,45.24,
,Derby,11518,,49.47,
,Leicester,17069,,64.33,
,Nottingham,14966,,52.34,
,Rutland,1091,,41.6,
,Amber Valley,5656,,44.4,
,Bolsover,4089,,45.61,
,Chesterfield,5840,,47.4,
,Derbyshire Dales,2656,,44.17,
,Erewash,5089,,43.6,
,High Peak,3499,,46.71,
,North East Derbyshire,5023,,45.13,
,South Derbyshire,3054,,45.34,
,Blaby,3081,,43.69,
,Charnwood,5851,,46.83,
,Harborough,2511,,42.52,
,Hinckley and Bosworth,4135,,42.06,
,Melton,1633,,42.65,
,North West Leicestershire,3675,,43.76,
,Oadby and Wigston,2293,,46.54,
,Boston,3452,,44.89,
,East Lindsey,9429,,46.14,
,Lincoln,4404,,45.5,
,North Kesteven,4430,,42.87,
,South Holland,4484,,40.04,
,South Kesteven,5356,,41.38,
,West Lindsey,3967,,43.12,
,Corby,2398,,45.2,
,Daventry,2278,,42.53,
,East Northamptonshire,3381,,41.31,
,Kettering,3627,,45.78,
,Northampton,8030,,50.69,
,South Northamptonshire,2279,,43.88,
,Wellingborough,3363,,47.68,
,Ashfield,5783,,45.56,
,Bassetlaw,5198,,45.02,
,Broxtowe,4482,,44.82,
,Gedling,4423,,43.91,
,Mansfield,4989,,44.86,
,Newark and Sherwood,4576,,44.77,
,Rushcliffe,3227,,44.73,
,"Herefordshire, County of",7782,,47.61,
,Shropshire,13629,,46.55,
,Stoke-on-Trent,14120,,45.06,
,Telford and Wrekin,7409,,49.89,
,Cannock Chase,4584,,47.32,
,East Staffordshire,4254,,45.67,
,Lichfield,3828,,45.3,
,Newcastle-under-Lyme,5585,,43.49,
,South Staffordshire,4861,,43.67,
,Stafford,4490,,43.27,
,Staffordshire Moorlands,4227,,43.37,
,Tamworth,3381,,46.18,
,North Warwickshire,2857,,44.29,
,Nuneaton and Bedworth,5734,,47.56,
,Rugby,3423,,46.5,
,Stratford-on-Avon,4443,,44.43,
,Warwick,4650,,46.3,
,Birmingham,59249,,57.85,
,Coventry,16134,,55,
,Dudley,18014,,46.63,
,Sandwell,21262,,51.81,
,Solihull,8293,,48.17,
,Walsall,16505,,48.58,
,Wolverhampton,15913,,51.09,
,Bromsgrove,3262,,43.38,
,Malvern Hills,3145,,45.52,
,Redditch,3368,,50.1,
,Worcester,3822,,47.03,
,Wychavon,4553,,46.11,
,Wyre Forest,4907,,46.24,
,Bedford,5656,,48.22,
,Central Bedfordshire,7828,,45.16,
,Luton,7670,,58.99,
,Peterborough,7359,,51.54,
,Southend-on-Sea,8470,,51.55,
,Thurrock,5784,,49.87,
,Cambridge,3094,,50.64,
,East Cambridgeshire,2861,,47.39,
,Fenland,5173,,45.29,
,Huntingdonshire,4770,,43.93,
,South Cambridgeshire,3594,,46.2,
,Basildon,7567,,50.23,
,Braintree,5580,,46.73,
,Brentwood,2241,,46.3,
,Castle Point,4128,,48.69,
,Chelmsford,4850,,45.63,
,Colchester,5654,,48.21,
,Epping Forest,4648,,50.71,
,Harlow,3530,,46.62,
,Maldon,2506,,48.62,
,Rochford,3111,,45.97,
,Tendring,9504,,47.86,
,Uttlesford,2178,,45.86,
,Broxbourne,3298,,51.98,
,Dacorum,4413,,47.37,
,East Hertfordshire,3683,,46.82,
,Hertsmere,3279,,52.03,
,North Hertfordshire,4489,,45.02,
,St Albans,3238,,49.77,
,Stevenage,3291,,47.48,
,Three Rivers,2458,,50.62,
,Watford,2596,,53.23,
,Welwyn Hatfield,3334,,48.22,
,Breckland,6264,,44.76,
,Broadland,4943,,42.48,
,Great Yarmouth,6556,,45.94,
,King's Lynn and West Norfolk,8029,,45.55,
,North Norfolk,5879,,45.24,
,Norwich,7011,,47.57,
,South Norfolk,4944,,44.06,
,Babergh,3471,,43.83,
,Forest Heath,2287,,44.14,
,Ipswich,5920,,48.97,
,Mid Suffolk,3421,,43.52,
,St Edmundsbury,3895,,43.76,
,Suffolk Coastal,4959,,46.7,
,Waveney,6911,,45.61,
,Camden,8858,,76.3,
,City of London,170,,75.23,
,Hackney,10714,,78.07,
,Hammersmith and Fulham,6660,,70.56,
,Haringey,10159,,75.14,
,Islington,9449,,72.83,
,Kensington and Chelsea,5900,,76.86,
,Lambeth,11273,,69.9,
,Lewisham,10399,,62.84,
,Newham,12081,,77.04,
,Southwark,11321,,68.02,
,Tower Hamlets,11038,,79.06,
,Wandsworth,9773,,66.02,
,Westminster,8228,,79.63,
,Barking and Dagenham,8480,,56.79,
,Barnet,11476,,71.35,
,Bexley,7344,,52.55,
,Brent,12305,,78.88,
,Bromley,9135,,53.67,
,Croydon,11341,,63.98,
,Ealing,12238,,77.1,
,Enfield,11749,,67.97,
,Greenwich,9324,,63.78,
,Harrow,8228,,81.12,
,Havering,9497,,49.37,
,Hillingdon,8146,,62.51,
,Hounslow,8236,,70.44,
,Kingston upon Thames,4007,,61.86,
,Merton,5761,,62.48,
,Redbridge,9762,,70.42,
,Richmond upon Thames,4476,,58.94,
,Sutton,5816,,53.79,
,Waltham Forest,9796,,65.53,
,Bracknell Forest,2705,,45.9,
,Brighton and Hove,11506,,53.39,
,Isle of Wight,8085,,46.13,
,Medway,9473,,48.57,
,Milton Keynes,6936,,51.73,
,Portsmouth,8415,,48.67,
,Reading,4642,,50.95,
,Slough,4456,,60.52,
,Southampton,9770,,49.88,
,West Berkshire,3876,,44.09,
,Windsor and Maidenhead,3699,,47.82,
,Wokingham,2748,,44.91,
,Aylesbury Vale,4475,,45.97,
,Chiltern,2135,,46.37,
,South Bucks,1626,,48.2,
,Wycombe,4542,,50.05,
,Eastbourne,5081,,47.98,
,Hastings,5091,,52.9,
,Lewes,4020,,47.4,
,Rother,4652,,47.46,
,Wealden,5390,,45.49,
,Basingstoke and Deane,4144,,43.19,
,East Hampshire,3080,,44.49,
,Eastleigh,3458,,44.39,
,Fareham,3257,,41.8,
,Gosport,2910,,41.47,
,Hart,1544,,46.87,
,Havant,5432,,46.15,
,New Forest,6812,,43.61,
,Rushmoor,2233,,47.07,
,Test Valley,3608,,42.34,
,Winchester,3354,,43.75,
,Ashford,4118,,46.13,
,Canterbury,6352,,46.86,
,Dartford,2883,,46.1,
,Dover,5313,,47.06,
,Gravesham,3892,,48.35,
,Maidstone,4991,,46.09,
,Sevenoaks,3433,,45.58,
,Shepway,5373,,49.8,
,Swale,5802,,48.57,
,Thanet,8938,,50.35,
,Tonbridge and Malling,3505,,45.16,
,Tunbridge Wells,3438,,46.72,
,Cherwell,3916,,45.95,
,Oxford,4194,,53.16,
,South Oxfordshire,3300,,44.76,
,Vale of White Horse,3150,,43.9,
,West Oxfordshire,2982,,45.51,
,Elmbridge,2970,,50.43,
,Epsom and Ewell,1551,,53.62,
,Guildford,2902,,46.95,
,Mole Valley,2152,,46.19,
,Reigate and Banstead,3292,,47.75,
,Runnymede,2321,,47.44,
,Spelthorne,2524,,48.25,
,Surrey Heath,1749,,44.48,
,Tandridge,2052,,48.5,
,Waverley,3188,,45.74,
,Woking,2253,,51.45,
,Adur,2986,,46.44,
,Arun,7535,,45.95,
,Chichester,4382,,44.54,
,Crawley,3259,,50.31,
,Horsham,3370,,42.8,
,Mid Sussex,3464,,44.32,
,Worthing,4570,,46.15,
,Bath and North East Somerset,6329,,45.66,
,Bournemouth,9288,,50.65,
,"Bristol, City of",17608,,52.81,
,Cornwall,28670,,47.79,
,Isles of Scilly,71,,39.69,
,North Somerset,8496,,46.39,
,Plymouth,11582,,49.09,
,Poole,6348,,46.24,
,South Gloucestershire,8186,,46.41,
,Swindon,6999,,48.04,
,Torbay,9082,,52.57,
,Wiltshire,15300,,45.15,
,East Devon,5839,,47.01,
,Exeter,4527,,47.89,
,Mid Devon,3210,,47.26,
,North Devon,4808,,47.28,
,South Hams,3607,,49.3,
,Teignbridge,6234,,46.82,
,Torridge,3342,,46.92,
,West Devon,2307,,44.98,
,Christchurch,2383,,45.03,
,East Dorset,3322,,43.29,
,North Dorset,2404,,42.93,
,Purbeck,1997,,43.56,
,West Dorset,4363,,44.43,
,Weymouth and Portland,3033,,47.33,
,Cheltenham,3832,,48.19,
,Cotswold,3073,,43.08,
,Forest of Dean,3836,,45.29,
,Gloucester,4744,,48.89,
,Stroud,4164,,45.53,
,Tewkesbury,2663,,45.7,
,Mendip,4203,,47.06,
,Sedgemoor,5124,,46.45,
,South Somerset,6641,,44.91,
,Taunton Deane,4435,,46.68,
,West Somerset,2050,,50.31,
,Total,2278617,,50.67,
May-08,County Durham,30837,,46.12,
,Darlington,5544,,47.47,
,Hartlepool,6188,,46.37,
,Middlesbrough,8408,,49.77,
,Northumberland,15843,,44.18,
,Redcar and Cleveland,8115,,47.01,
,Stockton-on-Tees,9256,,46.86,
,Gateshead,13299,,47,
,Newcastle upon Tyne,16082,,52.63,
,North Tyneside,12157,,46.88,
,South Tyneside,11194,,47.06,
,Sunderland,19421,,47.3,
,Blackburn with Darwen,7258,,58.89,
,Blackpool,10259,,54.58,
,Cheshire East,12896,,45.99,
,Cheshire West and Chester,13090,,49.08,
,Halton,6307,,51.69,
,Warrington,7885,,48.94,
,Allerdale,4906,,48.06,
,Barrow-in-Furness,3774,,51.57,
,Carlisle,4563,,49.62,
,Copeland,3191,,48.08,
,Eden,1804,,47.12,
,South Lakeland,3904,,48.57,
,Bolton,14387,,53.21,
,Bury,8406,,50.09,
,Manchester,25780,,62.36,
,Oldham,11508,,51.2,
,Rochdale,11307,,51.46,
,Salford,13839,,52.58,
,Stockport,12038,,52.13,
,Tameside,11815,,50.44,
,Trafford,8705,,54.27,
,Wigan,16547,,47.81,
,Burnley,5056,,49.88,
,Chorley,4179,,49.81,
,Fylde,3522,,49.27,
,Hyndburn,3998,,51.15,
,Lancaster,6883,,49.57,
,Pendle,4690,,54.04,
,Preston,6198,,55.57,
,Ribble Valley,1747,,45.17,
,Rossendale,3466,,49.36,
,South Ribble,3908,,47.97,
,West Lancashire,5607,,49.65,
,Wyre,5910,,48.69,
,Knowsley,11164,,56.76,
,Liverpool,32574,,57.6,
,Sefton,16627,,53.68,
,St. Helens,10022,,49.95,
,Wirral,17930,,53.2,
,East Riding of Yorkshire,16045,,44.87,
,"Kingston upon Hull, City of",17385,,48.05,
,North East Lincolnshire,9350,,46.83,
,North Lincolnshire,8300,,43.69,
,York,6716,,45.49,
,Craven,2386,,45.04,
,Hambleton,3075,,42.88,
,Harrogate,5158,,44.76,
,Richmondshire,1478,,42.45,
,Ryedale,2374,,44.52,
,Scarborough,6767,,48.32,
,Selby,2771,,44.65,
,Barnsley,12667,,47.26,
,Doncaster,16232,,46.32,
,Rotherham,14268,,47.48,
,Sheffield,30932,,49.1,
,Bradford,25563,,52.28,
,Calderdale,9539,,47.77,
,Kirklees,19135,,49.1,
,Leeds,34323,,48.82,
,Wakefield,16313,,47.22,
,Derby,11509,,51.79,
,Leicester,17027,,67.23,
,Nottingham,14853,,54.67,
,Rutland,1065,,43.92,
,Amber Valley,5626,,46.18,
,Bolsover,4100,,47.65,
,Chesterfield,5840,,49.65,
,Derbyshire Dales,2669,,45.87,
,Erewash,5057,,45.28,
,High Peak,3502,,48.68,
,North East Derbyshire,4971,,47.08,
,South Derbyshire,3057,,47.07,
,Blaby,3072,,45.62,
,Charnwood,5819,,49.01,
,Harborough,2489,,44.64,
,Hinckley and Bosworth,4120,,43.97,
,Melton,1632,,44.32,
,North West Leicestershire,3637,,45.58,
,Oadby and Wigston,2269,,48.52,
,Boston,3446,,46.81,
,East Lindsey,9361,,48.04,
,Lincoln,4418,,47.7,
,North Kesteven,4405,,44.45,
,South Holland,4469,,41.98,
,South Kesteven,5357,,43.67,
,West Lindsey,3941,,45.31,
,Corby,2396,,47.3,
,Daventry,2287,,44.33,
,East Northamptonshire,3354,,43.11,
,Kettering,3607,,47.59,
,Northampton,7994,,53.04,
,South Northamptonshire,2276,,45.29,
,Wellingborough,3354,,49.86,
,Ashfield,5770,,47.86,
,Bassetlaw,5187,,47.25,
,Broxtowe,4456,,46.78,
,Gedling,4372,,45.79,
,Mansfield,4951,,46.63,
,Newark and Sherwood,4528,,46.24,
,Rushcliffe,3207,,46.28,
,"Herefordshire, County of",7776,,49.65,
,Shropshire,13624,,48.62,
,Stoke-on-Trent,14052,,47.13,
,Telford and Wrekin,7440,,51.98,
,Cannock Chase,4565,,49.52,
,East Staffordshire,4270,,47.93,
,Lichfield,3839,,46.97,
,Newcastle-under-Lyme,5561,,45.3,
,South Staffordshire,4852,,45.36,
,Stafford,4478,,45.38,
,Staffordshire Moorlands,4203,,45.35,
,Tamworth,3419,,47.57,
,North Warwickshire,2873,,45.81,
,Nuneaton and Bedworth,5707,,49.05,
,Rugby,3402,,48.77,
,Stratford-on-Avon,4453,,46.29,
,Warwick,4654,,48.2,
,Birmingham,59149,,60.3,
,Coventry,16132,,57.32,
,Dudley,17984,,48.65,
,Sandwell,21219,,53.86,
,Solihull,8323,,50.12,
,Walsall,16482,,50.65,
,Wolverhampton,15887,,53.48,
,Bromsgrove,3280,,45.48,
,Malvern Hills,3135,,47.32,
,Redditch,3375,,52.28,
,Worcester,3800,,49.1,
,Wychavon,4539,,48.18,
,Wyre Forest,4936,,48.48,
,Bedford,5622,,50.48,
,Central Bedfordshire,7808,,47.13,
,Luton,7620,,61.56,
,Peterborough,7342,,53.92,
,Southend-on-Sea,8445,,54.33,
,Thurrock,5766,,52.39,
,Cambridge,3066,,53.05,
,East Cambridgeshire,2865,,49.56,
,Fenland,5180,,47.53,
,Huntingdonshire,4753,,45.75,
,South Cambridgeshire,3586,,48.39,
,Basildon,7566,,52.39,
,Braintree,5598,,48.78,
,Brentwood,2226,,48.6,
,Castle Point,4143,,50.83,
,Chelmsford,4788,,47.98,
,Colchester,5626,,50.59,
,Epping Forest,4662,,52.71,
,Harlow,3539,,48.51,
,Maldon,2499,,50.66,
,Rochford,3128,,47.68,
,Tendring,9487,,50.41,
,Uttlesford,2168,,48.35,
,Broxbourne,3302,,54.37,
,Dacorum,4400,,49.53,
,East Hertfordshire,3667,,49.03,
,Hertsmere,3277,,54.45,
,North Hertfordshire,4441,,47,
,St Albans,3237,,52.17,
,Stevenage,3291,,49.64,
,Three Rivers,2440,,52.99,
,Watford,2594,,55.35,
,Welwyn Hatfield,3340,,50.43,
,Breckland,6257,,46.74,
,Broadland,4905,,44.63,
,Great Yarmouth,6554,,47.58,
,King's Lynn and West Norfolk,7996,,47.68,
,North Norfolk,5921,,47.22,
,Norwich,7091,,49.37,
,South Norfolk,4937,,46.44,
,Babergh,3474,,46.02,
,Forest Heath,2271,,45.8,
,Ipswich,5916,,51.48,
,Mid Suffolk,3439,,45.29,
,St Edmundsbury,3888,,45.52,
,Suffolk Coastal,4937,,48.61,
,Waveney,6909,,47.82,
,Camden,8886,,79.56,
,City of London,175,,78.52,
,Hackney,10714,,81.64,
,Hammersmith and Fulham,6633,,73.76,
,Haringey,10188,,78.49,
,Islington,9480,,75.8,
,Kensington and Chelsea,5921,,80.37,
,Lambeth,11298,,73.08,
,Lewisham,10341,,65.75,
,Newham,12079,,80.22,
,Southwark,11353,,71.34,
,Tower Hamlets,10983,,82.62,
,Wandsworth,9779,,69.01,
,Westminster,8240,,83.2,
,Barking and Dagenham,8480,,59.31,
,Barnet,11463,,74.61,
,Bexley,7322,,54.78,
,Brent,12350,,82.08,
,Bromley,9105,,55.93,
,Croydon,11335,,67.04,
,Ealing,12250,,80.64,
,Enfield,11748,,70.81,
,Greenwich,9285,,66.97,
,Harrow,8256,,84.73,
,Havering,9479,,51.37,
,Hillingdon,8130,,65.23,
,Hounslow,8219,,73.33,
,Kingston upon Thames,3987,,64.19,
,Merton,5763,,65.08,
,Redbridge,9779,,73.58,
,Richmond upon Thames,4464,,61.6,
,Sutton,5777,,56.25,
,Waltham Forest,9744,,68.52,
,Bracknell Forest,2688,,48.06,
,Brighton and Hove,11540,,55.71,
,Isle of Wight,8101,,48.14,
,Medway,9492,,50.74,
,Milton Keynes,6989,,53.79,
,Portsmouth,8410,,50.97,
,Reading,4644,,53.06,
,Slough,4454,,63.36,
,Southampton,9713,,51.91,
,West Berkshire,3892,,46.23,
,Windsor and Maidenhead,3693,,49.79,
,Wokingham,2754,,47.02,
,Aylesbury Vale,4451,,48.04,
,Chiltern,2113,,48.16,
,South Bucks,1628,,50.17,
,Wycombe,4543,,52.06,
,Eastbourne,5096,,50.23,
,Hastings,5118,,55.19,
,Lewes,4021,,49.31,
,Rother,4666,,49.64,
,Wealden,5383,,47.39,
,Basingstoke and Deane,4132,,45.1,
,East Hampshire,3087,,46.04,
,Eastleigh,3463,,46.34,
,Fareham,3252,,43.46,
,Gosport,2907,,43.39,
,Hart,1554,,48.91,
,Havant,5452,,47.96,
,New Forest,6779,,45.15,
,Rushmoor,2223,,49.29,
,Test Valley,3590,,44.29,
,Winchester,3337,,45.58,
,Ashford,4111,,47.57,
,Canterbury,6332,,48.9,
,Dartford,2878,,48.14,
,Dover,5332,,48.9,
,Gravesham,3892,,50.54,
,Maidstone,4985,,48.01,
,Sevenoaks,3416,,47.76,
,Shepway,5406,,52.17,
,Swale,5802,,50.68,
,Thanet,8940,,52.52,
,Tonbridge and Malling,3492,,46.78,
,Tunbridge Wells,3427,,48.37,
,Cherwell,3898,,47.87,
,Oxford,4148,,55.23,
,South Oxfordshire,3292,,46.95,
,Vale of White Horse,3122,,45.79,
,West Oxfordshire,2972,,47.08,
,Elmbridge,2957,,52.45,
,Epsom and Ewell,1557,,56.21,
,Guildford,2927,,49.14,
,Mole Valley,2151,,48.54,
,Reigate and Banstead,3265,,49.96,
,Runnymede,2323,,49.89,
,Spelthorne,2505,,50.54,
,Surrey Heath,1736,,47.04,
,Tandridge,2038,,50.62,
,Waverley,3159,,48.1,
,Woking,2259,,53.29,
,Adur,2982,,48.36,
,Arun,7555,,48.08,
,Chichester,4359,,46.52,
,Crawley,3287,,52.7,
,Horsham,3374,,45.17,
,Mid Sussex,3453,,46.21,
,Worthing,4536,,48.37,
,Bath and North East Somerset,6308,,47.24,
,Bournemouth,9254,,52.79,
,"Bristol, City of",17569,,55.02,
,Cornwall,28737,,49.91,
,Isles of Scilly,67,,44.96,
,North Somerset,8482,,48.78,
,Plymouth,11630,,51.28,
,Poole,6295,,48.32,
,South Gloucestershire,8156,,48.43,
,Swindon,7005,,50.02,
,Torbay,9086,,54.81,
,Wiltshire,15292,,47.28,
,East Devon,5791,,48.92,
,Exeter,4521,,50.08,
,Mid Devon,3199,,49.43,
,North Devon,4836,,49.57,
,South Hams,3600,,51.64,
,Teignbridge,6210,,48.87,
,Torridge,3340,,49.24,
,West Devon,2291,,47.35,
,Christchurch,2387,,47.45,
,East Dorset,3358,,44.62,
,North Dorset,2392,,44.98,
,Purbeck,1991,,45.57,
,West Dorset,4362,,46.27,
,Weymouth and Portland,3040,,49.22,
,Cheltenham,3816,,50.58,
,Cotswold,3080,,45.18,
,Forest of Dean,3823,,47.27,
,Gloucester,4739,,51.11,
,Stroud,4177,,47.8,
,Tewkesbury,2700,,47.6,
,Mendip,4219,,49.54,
,Sedgemoor,5156,,48.81,
,South Somerset,6651,,46.86,
,Taunton Deane,4424,,49.04,
,West Somerset,2051,,52.78,
,Total,2275632,,52.93,
Aug-08,County Durham,31007,,46.11,
,Darlington,5548,,47.5,
,Hartlepool,6214,,46.58,
,Middlesbrough,8438,,49.8,
,Northumberland,15880,,44.33,
,Redcar and Cleveland,8145,,46.88,
,Stockton-on-Tees,9308,,46.87,
,Gateshead,13292,,47.34,
,Newcastle upon Tyne,16088,,52.69,
,North Tyneside,12146,,47.05,
,South Tyneside,11243,,47.15,
,Sunderland,19383,,47.41,
,Blackburn with Darwen,7295,,58.76,
,Blackpool,10306,,54.61,
,Cheshire East,12938,,46.28,
,Cheshire West and Chester,13121,,49.04,
,Halton,6337,,51.88,
,Warrington,7916,,49.14,
,Allerdale,4902,,47.79,
,Barrow-in-Furness,3807,,51.66,
,Carlisle,4568,,49.49,
,Copeland,3189,,48.18,
,Eden,1803,,46.61,
,South Lakeland,3903,,48.1,
,Bolton,14409,,53.58,
,Bury,8394,,49.89,
,Manchester,25852,,62.45,
,Oldham,11456,,51.23,
,Rochdale,11294,,51.39,
,Salford,13824,,52.71,
,Stockport,12026,,52.37,
,Tameside,11849,,50.68,
,Trafford,8664,,54.19,
,Wigan,16599,,47.81,
,Burnley,5069,,50.32,
,Chorley,4211,,49.75,
,Fylde,3556,,49.52,
,Hyndburn,3984,,51.36,
,Lancaster,6891,,49.64,
,Pendle,4723,,54.49,
,Preston,6201,,55.53,
,Ribble Valley,1744,,45.15,
,Rossendale,3453,,50.09,
,South Ribble,3924,,48.55,
,West Lancashire,5618,,49.35,
,Wyre,5949,,48.57,
,Knowsley,11197,,56.69,
,Liverpool,32590,,57.72,
,Sefton,16647,,53.6,
,St. Helens,10024,,49.84,
,Wirral,17978,,53.41,
,East Riding of Yorkshire,16044,,44.7,
,"Kingston upon Hull, City of",17425,,48.41,
,North East Lincolnshire,9294,,46.72,
,North Lincolnshire,8283,,43.82,
,York,6710,,45.44,
,Craven,2402,,44.92,
,Hambleton,3072,,42.72,
,Harrogate,5166,,45.09,
,Richmondshire,1483,,42.87,
,Ryedale,2355,,44.28,
,Scarborough,6801,,48.31,
,Selby,2775,,44.72,
,Barnsley,12666,,47.22,
,Doncaster,16259,,46.44,
,Rotherham,14311,,47.37,
,Sheffield,30869,,49.16,
,Bradford,25631,,52.54,
,Calderdale,9600,,47.72,
,Kirklees,19102,,49.35,
,Leeds,34361,,48.93,
,Wakefield,16318,,47.23,
,Derby,11448,,51.85,
,Leicester,17051,,67.63,
,Nottingham,14811,,54.9,
,Rutland,1065,,44.46,
,Amber Valley,5610,,46.25,
,Bolsover,4130,,47.49,
,Chesterfield,5816,,49.49,
,Derbyshire Dales,2672,,45.91,
,Erewash,5060,,45.21,
,High Peak,3483,,48.49,
,North East Derbyshire,4949,,47.5,
,South Derbyshire,3029,,46.84,
,Blaby,3055,,45.66,
,Charnwood,5832,,48.96,
,Harborough,2476,,45.21,
,Hinckley and Bosworth,4130,,44.46,
,Melton,1633,,44.45,
,North West Leicestershire,3624,,45.47,
,Oadby and Wigston,2259,,48.97,
,Boston,3430,,46.83,
,East Lindsey,9332,,48.23,
,Lincoln,4401,,47.35,
,North Kesteven,4396,,44.63,
,South Holland,4447,,42.06,
,South Kesteven,5321,,43.76,
,West Lindsey,3924,,45.36,
,Corby,2378,,47.3,
,Daventry,2267,,44.49,
,East Northamptonshire,3335,,43.11,
,Kettering,3621,,48.01,
,Northampton,7981,,53.1,
,South Northamptonshire,2298,,45.74,
,Wellingborough,3345,,50.1,
,Ashfield,5767,,48.11,
,Bassetlaw,5215,,47.6,
,Broxtowe,4462,,46.55,
,Gedling,4384,,45.97,
,Mansfield,4945,,46.85,
,Newark and Sherwood,4525,,46.02,
,Rushcliffe,3215,,46.33,
,"Herefordshire, County of",7763,,49.88,
,Shropshire,13601,,48.65,
,Stoke-on-Trent,14081,,46.76,
,Telford and Wrekin,7495,,52.03,
,Cannock Chase,4568,,49.66,
,East Staffordshire,4265,,48.38,
,Lichfield,3848,,47.15,
,Newcastle-under-Lyme,5557,,45.24,
,South Staffordshire,4864,,45.87,
,Stafford,4462,,45.55,
,Staffordshire Moorlands,4226,,45.58,
,Tamworth,3429,,47.73,
,North Warwickshire,2907,,45.83,
,Nuneaton and Bedworth,5737,,48.95,
,Rugby,3424,,48.81,
,Stratford-on-Avon,4476,,46.46,
,Warwick,4662,,48.38,
,Birmingham,59158,,60.36,
,Coventry,16129,,57.35,
,Dudley,17957,,48.44,
,Sandwell,21193,,54.08,
,Solihull,8326,,50.24,
,Walsall,16549,,50.81,
,Wolverhampton,15880,,53.26,
,Bromsgrove,3302,,45.41,
,Malvern Hills,3135,,47.33,
,Redditch,3365,,52.55,
,Worcester,3826,,49.4,
,Wychavon,4562,,48.14,
,Wyre Forest,4964,,48.86,
,Bedford,5610,,50.63,
,Central Bedfordshire,7842,,47.41,
,Luton,7646,,61.94,
,Peterborough,7376,,54.15,
,Southend-on-Sea,8454,,54.72,
,Thurrock,5789,,52.61,
,Cambridge,3029,,53.31,
,East Cambridgeshire,2862,,49.67,
,Fenland,5186,,47.84,
,Huntingdonshire,4762,,46.2,
,South Cambridgeshire,3588,,48.45,
,Basildon,7586,,52.49,
,Braintree,5598,,48.8,
,Brentwood,2238,,48.66,
,Castle Point,4185,,51.23,
,Chelmsford,4799,,48.15,
,Colchester,5683,,50.48,
,Epping Forest,4674,,52.99,
,Harlow,3561,,48.79,
,Maldon,2511,,51.36,
,Rochford,3152,,48.13,
,Tendring,9562,,50.43,
,Uttlesford,2159,,48.54,
,Broxbourne,3302,,54.88,
,Dacorum,4416,,49.43,
,East Hertfordshire,3669,,49.55,
,Hertsmere,3278,,54.43,
,North Hertfordshire,4450,,47.28,
,St Albans,3210,,52.38,
,Stevenage,3294,,49.36,
,Three Rivers,2455,,54.17,
,Watford,2590,,55.82,
,Welwyn Hatfield,3345,,50.04,
,Breckland,6279,,47.04,
,Broadland,4909,,44.75,
,Great Yarmouth,6552,,47.55,
,King's Lynn and West Norfolk,7999,,47.88,
,North Norfolk,5941,,47.2,
,Norwich,7131,,49.41,
,South Norfolk,4952,,46.77,
,Babergh,3465,,45.4,
,Forest Heath,2279,,46.26,
,Ipswich,5938,,51.45,
,Mid Suffolk,3450,,45.37,
,St Edmundsbury,3903,,46.06,
,Suffolk Coastal,4940,,48.99,
,Waveney,6919,,47.5,
,Camden,8903,,79.73,
,City of London,173,,77.66,
,Hackney,10729,,81.63,
,Hammersmith and Fulham,6634,,74.2,
,Haringey,10205,,78.72,
,Islington,9500,,75.82,
,Kensington and Chelsea,5939,,80.77,
,Lambeth,11395,,73.17,
,Lewisham,10364,,66.03,
,Newham,12097,,80.39,
,Southwark,11372,,71.84,
,Tower Hamlets,10941,,82.72,
,Wandsworth,9757,,69.3,
,Westminster,8257,,83.23,
,Barking and Dagenham,8514,,59.67,
,Barnet,11467,,74.9,
,Bexley,7320,,54.98,
,Brent,12436,,82.01,
,Bromley,9116,,56.41,
,Croydon,11372,,67.37,
,Ealing,12296,,80.94,
,Enfield,11761,,71.09,
,Greenwich,9280,,67.32,
,Harrow,8287,,85.11,
,Havering,9466,,51.79,
,Hillingdon,8123,,65.55,
,Hounslow,8227,,73.63,
,Kingston upon Thames,3983,,64.27,
,Merton,5729,,65.61,
,Redbridge,9818,,73.83,
,Richmond upon Thames,4452,,61.88,
,Sutton,5781,,56.83,
,Waltham Forest,9755,,68.65,
,Bracknell Forest,2686,,48.34,
,Brighton and Hove,11561,,55.92,
,Isle of Wight,8097,,48.11,
,Medway,9495,,50.81,
,Milton Keynes,7035,,54.22,
,Portsmouth,8421,,51.24,
,Reading,4627,,53.56,
,Slough,4443,,63.41,
,Southampton,9736,,52.11,
,West Berkshire,3887,,46.15,
,Windsor and Maidenhead,3685,,50.26,
,Wokingham,2764,,47.51,
,Aylesbury Vale,4475,,48.35,
,Chiltern,2124,,48.64,
,South Bucks,1633,,50.22,
,Wycombe,4543,,52.19,
,Eastbourne,5136,,50.54,
,Hastings,5148,,55.66,
,Lewes,4055,,49.29,
,Rother,4710,,49.62,
,Wealden,5371,,47.74,
,Basingstoke and Deane,4130,,44.9,
,East Hampshire,3103,,45.96,
,Eastleigh,3469,,46.21,
,Fareham,3248,,43.69,
,Gosport,2925,,43.46,
,Hart,1553,,49.19,
,Havant,5463,,48.06,
,New Forest,6759,,45.2,
,Rushmoor,2232,,49.27,
,Test Valley,3594,,44.74,
,Winchester,3345,,45.72,
,Ashford,4125,,48.4,
,Canterbury,6360,,49.34,
,Dartford,2896,,47.87,
,Dover,5342,,49.07,
,Gravesham,3926,,50.87,
,Maidstone,5020,,48.08,
,Sevenoaks,3399,,48.2,
,Shepway,5435,,52.54,
,Swale,5813,,51.04,
,Thanet,8970,,52.85,
,Tonbridge and Malling,3507,,47.62,
,Tunbridge Wells,3430,,48.65,
,Cherwell,3875,,48.23,
,Oxford,4113,,55.43,
,South Oxfordshire,3312,,46.9,
,Vale of White Horse,3136,,45.74,
,West Oxfordshire,2946,,47.86,
,Elmbridge,2951,,52.83,
,Epsom and Ewell,1543,,55.87,
,Guildford,2929,,49.65,
,Mole Valley,2162,,48.56,
,Reigate and Banstead,3294,,50.46,
,Runnymede,2347,,50.38,
,Spelthorne,2528,,50.73,
,Surrey Heath,1743,,47.29,
,Tandridge,2063,,50.98,
,Waverley,3149,,48.72,
,Woking,2267,,53.49,
,Adur,2996,,48.55,
,Arun,7609,,48.68,
,Chichester,4369,,46.85,
,Crawley,3313,,53.47,
,Horsham,3396,,45.76,
,Mid Sussex,3449,,46.39,
,Worthing,4536,,48.64,
,Bath and North East Somerset,6321,,47.61,
,Bournemouth,9294,,52.86,
,"Bristol, City of",17584,,54.93,
,Cornwall,28842,,50.03,
,Isles of Scilly,68,,42.77,
,North Somerset,8507,,49.11,
,Plymouth,11697,,51.17,
,Poole,6312,,48.32,
,South Gloucestershire,8200,,48.81,
,Swindon,7058,,50.2,
,Torbay,9136,,54.67,
,Wiltshire,15320,,47.31,
,East Devon,5809,,48.84,
,Exeter,4508,,50.07,
,Mid Devon,3205,,49.08,
,North Devon,4859,,49.2,
,South Hams,3604,,52.01,
,Teignbridge,6251,,49.16,
,Torridge,3352,,48.94,
,West Devon,2326,,47.49,
,Christchurch,2403,,47.4,
,East Dorset,3383,,44.65,
,North Dorset,2411,,44.78,
,Purbeck,2000,,45.17,
,West Dorset,4362,,46.31,
,Weymouth and Portland,3032,,49.32,
,Cheltenham,3818,,51,
,Cotswold,3060,,45.11,
,Forest of Dean,3816,,47.18,
,Gloucester,4746,,51.39,
,Stroud,4192,,47.57,
,Tewkesbury,2723,,47.73,
,Mendip,4211,,49.53,
,Sedgemoor,5169,,48.56,
,South Somerset,6681,,47.25,
,Taunton Deane,4439,,48.71,
,West Somerset,2050,,52.2,
,Total,2279150,,53.07,
Nov-08,County Durham,31204,,46.18,
,Darlington,5536,,47.63,
,Hartlepool,6258,,46.4,
,Middlesbrough,8426,,50.1,
,Northumberland,15915,,44.55,
,Redcar and Cleveland,8161,,46.93,
,Stockton-on-Tees,9315,,47.16,
,Gateshead,13319,,47.61,
,Newcastle upon Tyne,16021,,52.68,
,North Tyneside,12123,,47.39,
,South Tyneside,11285,,47.08,
,Sunderland,19411,,47.54,
,Blackburn with Darwen,7380,,58.55,
,Blackpool,10387,,54.67,
,Cheshire East,12965,,46.41,
,Cheshire West and Chester,13180,,49.09,
,Halton,6357,,52.12,
,Warrington,7943,,49.12,
,Allerdale,4944,,47.1,
,Barrow-in-Furness,3852,,50.8,
,Carlisle,4632,,49.05,
,Copeland,3257,,47.79,
,Eden,1828,,45.69,
,South Lakeland,3912,,48.02,
,Bolton,14570,,53.32,
,Bury,8420,,50.2,
,Manchester,25939,,62.61,
,Oldham,11450,,51.26,
,Rochdale,11366,,51.46,
,Salford,13798,,52.69,
,Stockport,12027,,52.73,
,Tameside,11880,,50.85,
,Trafford,8656,,54.28,
,Wigan,16630,,47.93,
,Burnley,5123,,50.3,
,Chorley,4260,,49.62,
,Fylde,3554,,49.38,
,Hyndburn,4042,,51.4,
,Lancaster,6889,,49.58,
,Pendle,4810,,54.45,
,Preston,6216,,55.88,
,Ribble Valley,1785,,45.22,
,Rossendale,3501,,49.73,
,South Ribble,3937,,48.81,
,West Lancashire,5623,,49.17,
,Wyre,5957,,48.57,
,Knowsley,11210,,56.45,
,Liverpool,32661,,57.77,
,Sefton,16693,,53.45,
,St. Helens,10027,,49.83,
,Wirral,18078,,53.37,
,East Riding of Yorkshire,16097,,44.72,
,"Kingston upon Hull, City of",17452,,48.57,
,North East Lincolnshire,9320,,46.58,
,North Lincolnshire,8340,,43.88,
,York,6676,,45.48,
,Craven,2438,,45.03,
,Hambleton,3072,,43.01,
,Harrogate,5169,,45.17,
,Richmondshire,1482,,43.49,
,Ryedale,2357,,44.41,
,Scarborough,6817,,48.53,
,Selby,2793,,44.66,
,Barnsley,12664,,47.31,
,Doncaster,16393,,46.32,
,Rotherham,14313,,47.5,
,Sheffield,30739,,49.19,
,Bradford,25847,,52.56,
,Calderdale,9573,,47.99,
,Kirklees,19038,,49.46,
,Leeds,34501,,48.96,
,Wakefield,16297,,47.23,
,Derby,11394,,51.79,
,Leicester,17124,,67.77,
,Nottingham,14813,,54.82,
,Rutland,1078,,43.83,
,Amber Valley,5601,,46.02,
,Bolsover,4104,,47.37,
,Chesterfield,5771,,49.12,
,Derbyshire Dales,2711,,45.63,
,Erewash,5119,,45.41,
,High Peak,3476,,48.54,
,North East Derbyshire,4965,,47.53,
,South Derbyshire,3075,,46.43,
,Blaby,3073,,45.32,
,Charnwood,5857,,48.74,
,Harborough,2503,,45.08,
,Hinckley and Bosworth,4139,,44.27,
,Melton,1628,,43.99,
,North West Leicestershire,3630,,46.04,
,Oadby and Wigston,2274,,49,
,Boston,3408,,47.24,
,East Lindsey,9366,,48.17,
,Lincoln,4386,,47.59,
,North Kesteven,4402,,44.54,
,South Holland,4451,,42.08,
,South Kesteven,5338,,44.06,
,West Lindsey,3932,,45.7,
,Corby,2383,,47.47,
,Daventry,2288,,44.43,
,East Northamptonshire,3320,,43.32,
,Kettering,3604,,47.9,
,Northampton,7965,,53.03,
,South Northamptonshire,2279,,45.93,
,Wellingborough,3341,,50.12,
,Ashfield,5799,,47.95,
,Bassetlaw,5278,,47.4,
,Broxtowe,4464,,47.08,
,Gedling,4402,,45.96,
,Mansfield,4973,,46.98,
,Newark and Sherwood,4534,,46.01,
,Rushcliffe,3243,,46.46,
,"Herefordshire, County of",7800,,50.01,
,Shropshire,13708,,48.34,
,Stoke-on-Trent,14111,,46.74,
,Telford and Wrekin,7550,,52.06,
,Cannock Chase,4575,,49.57,
,East Staffordshire,4294,,47.91,
,Lichfield,3877,,47.14,
,Newcastle-under-Lyme,5543,,45.07,
,South Staffordshire,4877,,46.23,
,Stafford,4459,,45.91,
,Staffordshire Moorlands,4216,,45.99,
,Tamworth,3465,,47.55,
,North Warwickshire,2908,,45.73,
,Nuneaton and Bedworth,5743,,49.18,
,Rugby,3432,,48.51,
,Stratford-on-Avon,4502,,46.27,
,Warwick,4667,,48.72,
,Birmingham,59467,,60.04,
,Coventry,16132,,57.46,
,Dudley,17998,,48.56,
,Sandwell,21303,,54.13,
,Solihull,8381,,50.46,
,Walsall,16698,,50.75,
,Wolverhampton,15890,,53.32,
,Bromsgrove,3335,,45.25,
,Malvern Hills,3169,,47.65,
,Redditch,3414,,52.89,
,Worcester,3831,,49.7,
,Wychavon,4595,,48.32,
,Wyre Forest,4969,,49.32,
,Bedford,5614,,50.6,
,Central Bedfordshire,7833,,47.23,
,Luton,7645,,61.77,
,Peterborough,7367,,54.22,
,Southend-on-Sea,8436,,54.69,
,Thurrock,5775,,52.45,
,Cambridge,3069,,53.03,
,East Cambridgeshire,2902,,49.22,
,Fenland,5194,,48.09,
,Huntingdonshire,4753,,46.47,
,South Cambridgeshire,3617,,48.56,
,Basildon,7610,,52.5,
,Braintree,5562,,49.07,
,Brentwood,2256,,49.02,
,Castle Point,4192,,50.78,
,Chelmsford,4871,,48.25,
,Colchester,5701,,50.61,
,Epping Forest,4697,,52.92,
,Harlow,3586,,48.8,
,Maldon,2532,,51.34,
,Rochford,3137,,48.39,
,Tendring,9592,,50.41,
,Uttlesford,2183,,48.3,
,Broxbourne,3306,,54.44,
,Dacorum,4382,,49.66,
,East Hertfordshire,3687,,49.74,
,Hertsmere,3269,,54.69,
,North Hertfordshire,4453,,47.54,
,St Albans,3216,,52.34,
,Stevenage,3291,,49.28,
,Three Rivers,2477,,54.42,
,Watford,2607,,55.66,
,Welwyn Hatfield,3397,,49.67,
,Breckland,6280,,46.65,
,Broadland,4918,,44.7,
,Great Yarmouth,6531,,47.7,
,King's Lynn and West Norfolk,8005,,48.08,
,North Norfolk,5977,,47.32,
,Norwich,7144,,49.77,
,South Norfolk,4938,,46.63,
,Babergh,3478,,45.78,
,Forest Heath,2271,,46.29,
,Ipswich,5952,,51.66,
,Mid Suffolk,3475,,45.71,
,St Edmundsbury,3942,,46.04,
,Suffolk Coastal,4892,,48.67,
,Waveney,6911,,47.38,
,Camden,8959,,79.7,
,City of London,174,,77.56,
,Hackney,10723,,81.53,
,Hammersmith and Fulham,6662,,74.28,
,Haringey,10256,,78.8,
,Islington,9566,,75.58,
,Kensington and Chelsea,5988,,80.92,
,Lambeth,11396,,73.61,
,Lewisham,10345,,66.27,
,Newham,12167,,80.21,
,Southwark,11358,,71.83,
,Tower Hamlets,10972,,82.41,
,Wandsworth,9768,,69.37,
,Westminster,8301,,83.33,
,Barking and Dagenham,8534,,60.04,
,Barnet,11509,,74.9,
,Bexley,7404,,55.07,
,Brent,12502,,81.86,
,Bromley,9228,,55.96,
,Croydon,11445,,67,
,Ealing,12310,,81.06,
,Enfield,11806,,71.08,
,Greenwich,9325,,67.17,
,Harrow,8310,,85.09,
,Havering,9451,,51.96,
,Hillingdon,8177,,65.58,
,Hounslow,8255,,73.49,
,Kingston upon Thames,4018,,64.53,
,Merton,5753,,65.65,
,Redbridge,9810,,73.82,
,Richmond upon Thames,4455,,62.08,
,Sutton,5798,,56.95,
,Waltham Forest,9760,,68.41,
,Bracknell Forest,2688,,48.36,
,Brighton and Hove,11590,,55.88,
,Isle of Wight,8115,,47.9,
,Medway,9498,,50.85,
,Milton Keynes,7115,,54.5,
,Portsmouth,8436,,51.29,
,Reading,4665,,53.57,
,Slough,4455,,63.46,
,Southampton,9759,,52.13,
,West Berkshire,3901,,46.35,
,Windsor and Maidenhead,3703,,50.42,
,Wokingham,2780,,47.72,
,Aylesbury Vale,4498,,48.28,
,Chiltern,2142,,48.28,
,South Bucks,1642,,50.33,
,Wycombe,4542,,52.39,
,Eastbourne,5164,,50.67,
,Hastings,5148,,55.91,
,Lewes,4084,,49.43,
,Rother,4749,,50.17,
,Wealden,5402,,47.28,
,Basingstoke and Deane,4111,,45,
,East Hampshire,3109,,45.74,
,Eastleigh,3502,,46.38,
,Fareham,3278,,43.93,
,Gosport,2932,,43.96,
,Hart,1555,,49.34,
,Havant,5456,,48.06,
,New Forest,6771,,45.19,
,Rushmoor,2243,,50.27,
,Test Valley,3589,,45.13,
,Winchester,3359,,46.13,
,Ashford,4127,,48.51,
,Canterbury,6349,,48.99,
,Dartford,2908,,48.02,
,Dover,5375,,49.35,
,Gravesham,3895,,51.05,
,Maidstone,5033,,48.46,
,Sevenoaks,3397,,48.74,
,Shepway,5449,,53.06,
,Swale,5818,,51.15,
,Thanet,8980,,53.21,
,Tonbridge and Malling,3486,,47.78,
,Tunbridge Wells,3438,,48.81,
,Cherwell,3869,,48.24,
,Oxford,4122,,55,
,South Oxfordshire,3342,,47.39,
,Vale of White Horse,3146,,45.98,
,West Oxfordshire,2948,,47.55,
,Elmbridge,2981,,52.97,
,Epsom and Ewell,1560,,56.47,
,Guildford,2942,,50.07,
,Mole Valley,2174,,48.47,
,Reigate and Banstead,3329,,50.9,
,Runnymede,2362,,50.22,
,Spelthorne,2528,,50.83,
,Surrey Heath,1758,,47.49,
,Tandridge,2092,,51.14,
,Waverley,3182,,48.56,
,Woking,2288,,53.72,
,Adur,3016,,48.48,
,Arun,7673,,48.74,
,Chichester,4332,,46.77,
,Crawley,3321,,53.8,
,Horsham,3394,,45.22,
,Mid Sussex,3448,,46.53,
,Worthing,4585,,48.4,
,Bath and North East Somerset,6395,,47.56,
,Bournemouth,9346,,52.49,
,"Bristol, City of",17730,,54.93,
,Cornwall,28907,,50.06,
,Isles of Scilly,64,,42.13,
,North Somerset,8562,,49.13,
,Plymouth,11779,,51.18,
,Poole,6396,,48.17,
,South Gloucestershire,8247,,48.42,
,Swindon,7067,,50.25,
,Torbay,9147,,54.82,
,Wiltshire,15448,,47.37,
,East Devon,5833,,48.61,
,Exeter,4508,,50.36,
,Mid Devon,3180,,49.16,
,North Devon,4882,,48.92,
,South Hams,3626,,51.82,
,Teignbridge,6279,,48.96,
,Torridge,3359,,48.84,
,West Devon,2355,,47.87,
,Christchurch,2435,,47.12,
,East Dorset,3414,,43.85,
,North Dorset,2422,,45.22,
,Purbeck,2020,,44.7,
,West Dorset,4387,,46.37,
,Weymouth and Portland,3067,,49.04,
,Cheltenham,3811,,51.15,
,Cotswold,3058,,45.07,
,Forest of Dean,3843,,46.79,
,Gloucester,4791,,51.28,
,Stroud,4221,,47.79,
,Tewkesbury,2761,,47.85,
,Mendip,4303,,49.17,
,Sedgemoor,5172,,48.54,
,South Somerset,6764,,47.21,
,Taunton Deane,4432,,48.65,
,West Somerset,2064,,51.96,
,Total,2286604,,53.08,
Feb-09,County Durham,30997,,46.48,
,Darlington,5538,,48.09,
,Hartlepool,6200,,46.97,
,Middlesbrough,8389,,50.31,
,Northumberland,15774,,44.99,
,Redcar and Cleveland,8142,,47.58,
,Stockton-on-Tees,9292,,47.64,
,Gateshead,13267,,47.93,
,Newcastle upon Tyne,15920,,52.97,
,North Tyneside,12056,,48.05,
,South Tyneside,11210,,47.51,
,Sunderland,19325,,47.96,
,Blackburn with Darwen,7356,,59.05,
,Blackpool,10371,,55.48,
,Cheshire East,12903,,46.96,
,Cheshire West and Chester,13133,,49.71,
,Halton,6326,,52.64,
,Warrington,7917,,49.83,
,Allerdale,4914,,47.15,
,Barrow-in-Furness,3846,,50.95,
,Carlisle,4586,,48.79,
,Copeland,3231,,48.01,
,Eden,1828,,46.59,
,South Lakeland,3874,,48.48,
,Bolton,14516,,53.66,
,Bury,8401,,50.41,
,Manchester,25814,,63.07,
,Oldham,11389,,51.41,
,Rochdale,11359,,52.11,
,Salford,13684,,53.05,
,Stockport,12032,,53.46,
,Tameside,11856,,51.26,
,Trafford,8633,,54.61,
,Wigan,16674,,48.29,
,Burnley,5101,,50.74,
,Chorley,4258,,50.35,
,Fylde,3568,,49.92,
,Hyndburn,4049,,51.49,
,Lancaster,6823,,50.09,
,Pendle,4816,,55.12,
,Preston,6178,,56.2,
,Ribble Valley,1789,,46.11,
,Rossendale,3477,,50.68,
,South Ribble,3941,,49.39,
,West Lancashire,5620,,49.83,
,Wyre,5946,,49.33,
,Knowsley,11224,,57.07,
,Liverpool,32518,,58.27,
,Sefton,16616,,54,
,St. Helens,9965,,50,
,Wirral,18030,,54.08,
,East Riding of Yorkshire,16074,,45.32,
,"Kingston upon Hull, City of",17360,,48.99,
,North East Lincolnshire,9290,,46.97,
,North Lincolnshire,8362,,44.18,
,York,6635,,45.69,
,Craven,2431,,45.31,
,Hambleton,3063,,43.98,
,Harrogate,5133,,45.46,
,Richmondshire,1473,,44.22,
,Ryedale,2354,,45.21,
,Scarborough,6786,,49.06,
,Selby,2768,,45.62,
,Barnsley,12656,,47.56,
,Doncaster,16387,,46.61,
,Rotherham,14249,,47.92,
,Sheffield,30514,,49.36,
,Bradford,25739,,53.07,
,Calderdale,9565,,48.49,
,Kirklees,18941,,49.93,
,Leeds,34376,,49.37,
,Wakefield,16203,,47.41,
,Derby,11335,,51.69,
,Leicester,17208,,68.38,
,Nottingham,14747,,55.2,
,Rutland,1076,,43.79,
,Amber Valley,5572,,46.29,
,Bolsover,4095,,47.7,
,Chesterfield,5734,,49.29,
,Derbyshire Dales,2681,,46.09,
,Erewash,5134,,45.43,
,High Peak,3451,,49.14,
,North East Derbyshire,4969,,47.65,
,South Derbyshire,3055,,46.92,
,Blaby,3083,,46.29,
,Charnwood,5894,,49.26,
,Harborough,2497,,45.41,
,Hinckley and Bosworth,4161,,44.62,
,Melton,1643,,43.77,
,North West Leicestershire,3639,,46.51,
,Oadby and Wigston,2285,,49.35,
,Boston,3382,,48.55,
,East Lindsey,9390,,48.56,
,Lincoln,4382,,48.11,
,North Kesteven,4394,,45.25,
,South Holland,4437,,42.99,
,South Kesteven,5342,,45.04,
,West Lindsey,3959,,45.85,
,Corby,2399,,47.79,
,Daventry,2296,,45.24,
,East Northamptonshire,3325,,43.99,
,Kettering,3608,,48.64,
,Northampton,7990,,53.6,
,South Northamptonshire,2268,,46.31,
,Wellingborough,3353,,51.02,
,Ashfield,5798,,48.18,
,Bassetlaw,5287,,47.58,
,Broxtowe,4493,,47.26,
,Gedling,4420,,46.56,
,Mansfield,4984,,47.04,
,Newark and Sherwood,4524,,45.99,
,Rushcliffe,3263,,46.97,
,"Herefordshire, County of",7805,,50.82,
,Shropshire,13697,,48.71,
,Stoke-on-Trent,14082,,47.18,
,Telford and Wrekin,7616,,52.46,
,Cannock Chase,4600,,49.91,
,East Staffordshire,4279,,48.36,
,Lichfield,3874,,47.72,
,Newcastle-under-Lyme,5517,,45.95,
,South Staffordshire,4873,,46.75,
,Stafford,4456,,46.07,
,Staffordshire Moorlands,4236,,46.68,
,Tamworth,3479,,47.64,
,North Warwickshire,2898,,46.48,
,Nuneaton and Bedworth,5710,,49.45,
,Rugby,3412,,49.04,
,Stratford-on-Avon,4500,,46.74,
,Warwick,4638,,49.42,
,Birmingham,59366,,60.47,
,Coventry,16073,,57.9,
,Dudley,17959,,48.76,
,Sandwell,21258,,54.65,
,Solihull,8399,,50.89,
,Walsall,16718,,51.15,
,Wolverhampton,15897,,53.43,
,Bromsgrove,3325,,45.56,
,Malvern Hills,3161,,48.5,
,Redditch,3436,,53.56,
,Worcester,3834,,50.13,
,Wychavon,4596,,48.98,
,Wyre Forest,4977,,49.7,
,Bedford,5590,,51.24,
,Central Bedfordshire,7751,,48.02,
,Luton,7607,,63.15,
,Peterborough,7327,,54.78,
,Southend-on-Sea,8373,,55.5,
,Thurrock,5747,,53.04,
,Cambridge,3046,,53.29,
,East Cambridgeshire,2888,,49.93,
,Fenland,5158,,49.17,
,Huntingdonshire,4765,,47.57,
,South Cambridgeshire,3616,,49.29,
,Basildon,7609,,52.92,
,Braintree,5530,,49.46,
,Brentwood,2244,,49.54,
,Castle Point,4197,,52.08,
,Chelmsford,4825,,49.09,
,Colchester,5666,,51.34,
,Epping Forest,4724,,53.83,
,Harlow,3579,,49.38,
,Maldon,2555,,51.64,
,Rochford,3108,,48.5,
,Tendring,9542,,51.18,
,Uttlesford,2154,,48.56,
,Broxbourne,3296,,54.98,
,Dacorum,4347,,50.69,
,East Hertfordshire,3659,,50.62,
,Hertsmere,3252,,55.72,
,North Hertfordshire,4424,,47.74,
,St Albans,3212,,53.01,
,Stevenage,3287,,49.8,
,Three Rivers,2450,,54.79,
,Watford,2571,,55.95,
,Welwyn Hatfield,3363,,50.69,
,Breckland,6259,,47.51,
,Broadland,4919,,45.15,
,Great Yarmouth,6529,,48.2,
,King's Lynn and West Norfolk,7990,,48.44,
,North Norfolk,5919,,47.73,
,Norwich,7098,,50.19,
,South Norfolk,4930,,46.82,
,Babergh,3438,,46.13,
,Forest Heath,2271,,46.97,
,Ipswich,5904,,51.87,
,Mid Suffolk,3464,,46.19,
,St Edmundsbury,3933,,46.58,
,Suffolk Coastal,4893,,49.47,
,Waveney,6903,,47.7,
,Camden,8956,,80.23,
,City of London,179,,79.12,
,Hackney,10711,,81.78,
,Hammersmith and Fulham,6677,,74.96,
,Haringey,10273,,79.42,
,Islington,9583,,75.48,
,Kensington and Chelsea,6002,,81.25,
,Lambeth,11369,,74.31,
,Lewisham,10317,,66.95,
,Newham,12193,,80.81,
,Southwark,11371,,72.44,
,Tower Hamlets,10948,,82.81,
,Wandsworth,9759,,70.02,
,Westminster,8321,,83.87,
,Barking and Dagenham,8452,,60.96,
,Barnet,11459,,75.72,
,Bexley,7375,,55.58,
,Brent,12519,,82.28,
,Bromley,9174,,56.77,
,Croydon,11430,,68.07,
,Ealing,12261,,81.99,
,Enfield,11772,,72.16,
,Greenwich,9297,,67.81,
,Harrow,8315,,86.07,
,Havering,9367,,52.84,
,Hillingdon,8175,,66.84,
,Hounslow,8237,,74.57,
,Kingston upon Thames,4021,,65.67,
,Merton,5720,,66.47,
,Redbridge,9755,,74.83,
,Richmond upon Thames,4437,,62.98,
,Sutton,5764,,57.43,
,Waltham Forest,9711,,69.17,
,Bracknell Forest,2675,,49.73,
,Brighton and Hove,11575,,56.83,
,Isle of Wight,8091,,48.41,
,Medway,9498,,51.8,
,Milton Keynes,7108,,55.58,
,Portsmouth,8429,,52.42,
,Reading,4658,,54.56,
,Slough,4483,,64.49,
,Southampton,9711,,52.88,
,West Berkshire,3857,,46.94,
,Windsor and Maidenhead,3698,,51.22,
,Wokingham,2788,,48.66,
,Aylesbury Vale,4469,,49.19,
,Chiltern,2136,,48.24,
,South Bucks,1641,,51.14,
,Wycombe,4496,,52.92,
,Eastbourne,5133,,51.62,
,Hastings,5119,,56.56,
,Lewes,4104,,50.54,
,Rother,4769,,50.91,
,Wealden,5409,,48.16,
,Basingstoke and Deane,4064,,45.48,
,East Hampshire,3117,,46.69,
,Eastleigh,3477,,47.03,
,Fareham,3268,,44.57,
,Gosport,2926,,44.99,
,Hart,1545,,49.22,
,Havant,5434,,48.93,
,New Forest,6735,,46.22,
,Rushmoor,2243,,51.83,
,Test Valley,3580,,45.83,
,Winchester,3319,,46.39,
,Ashford,4144,,49.5,
,Canterbury,6327,,49.89,
,Dartford,2906,,49.11,
,Dover,5362,,50.07,
,Gravesham,3903,,51.53,
,Maidstone,5007,,49.44,
,Sevenoaks,3391,,49.21,
,Shepway,5423,,54.19,
,Swale,5813,,52.17,
,Thanet,8983,,53.98,
,Tonbridge and Malling,3469,,48.76,
,Tunbridge Wells,3420,,49.76,
,Cherwell,3852,,48.67,
,Oxford,4090,,55.94,
,South Oxfordshire,3314,,47.37,
,Vale of White Horse,3117,,46.27,
,West Oxfordshire,2931,,47.76,
,Elmbridge,2955,,53.68,
,Epsom and Ewell,1561,,58.26,
,Guildford,2938,,50.98,
,Mole Valley,2154,,48.81,
,Reigate and Banstead,3311,,51.45,
,Runnymede,2340,,51.1,
,Spelthorne,2519,,51.61,
,Surrey Heath,1783,,48.21,
,Tandridge,2074,,51.98,
,Waverley,3178,,49.21,
,Woking,2285,,54.15,
,Adur,3020,,49.49,
,Arun,7696,,49.52,
,Chichester,4308,,47.29,
,Crawley,3337,,54.76,
,Horsham,3412,,46.17,
,Mid Sussex,3458,,47.54,
,Worthing,4568,,49.19,
,Bath and North East Somerset,6317,,48.16,
,Bournemouth,9316,,53.18,
,"Bristol, City of",17653,,55.48,
,Cornwall,28886,,50.75,
,Isles of Scilly,67,,48.08,
,North Somerset,8538,,50.05,
,Plymouth,11746,,51.81,
,Poole,6338,,48.9,
,South Gloucestershire,8263,,49,
,Swindon,7101,,50.84,
,Torbay,9138,,55.86,
,Wiltshire,15341,,47.93,
,East Devon,5779,,49.41,
,Exeter,4488,,50.9,
,Mid Devon,3168,,49.8,
,North Devon,4855,,49.14,
,South Hams,3618,,52.9,
,Teignbridge,6262,,49.81,
,Torridge,3388,,50,
,West Devon,2324,,48.66,
,Christchurch,2459,,47.49,
,East Dorset,3398,,44.77,
,North Dorset,2411,,45.93,
,Purbeck,2018,,45.6,
,West Dorset,4378,,46.67,
,Weymouth and Portland,3032,,49.86,
,Cheltenham,3803,,51.47,
,Cotswold,3051,,45.93,
,Forest of Dean,3840,,46.96,
,Gloucester,4748,,51.68,
,Stroud,4217,,48.66,
,Tewkesbury,2761,,48.19,
,Mendip,4301,,50.13,
,Sedgemoor,5147,,49.18,
,South Somerset,6728,,47.3,
,Taunton Deane,4425,,49.22,
,West Somerset,2052,,52.92,
,Total,2280366,,53.65,
May-09,County Durham,31153,,48.46,
,Darlington,5533,,50.3,
,Hartlepool,6202,,48.94,
,Middlesbrough,8378,,52.16,
,Northumberland,15695,,46.96,
,Redcar and Cleveland,8170,,49.54,
,Stockton-on-Tees,9364,,49.34,
,Gateshead,13219,,50.2,
,Newcastle upon Tyne,15833,,55.25,
,North Tyneside,12054,,50.24,
,South Tyneside,11193,,49.7,
,Sunderland,19352,,50.07,
,Blackburn with Darwen,7356,,62.05,
,Blackpool,10393,,57.48,
,Cheshire East,12902,,49.12,
,Cheshire West and Chester,13180,,51.88,
,Halton,6338,,54.93,
,Warrington,7948,,51.93,
,Allerdale,4896,,49.18,
,Barrow-in-Furness,3829,,52.65,
,Carlisle,4586,,50.9,
,Copeland,3205,,50.11,
,Eden,1826,,48.5,
,South Lakeland,3876,,50.4,
,Bolton,14593,,55.79,
,Bury,8406,,52.66,
,Manchester,25749,,65.95,
,Oldham,11425,,53.55,
,Rochdale,11399,,54.34,
,Salford,13679,,55.54,
,Stockport,12083,,55.47,
,Tameside,11876,,53.31,
,Trafford,8618,,56.65,
,Wigan,16762,,50.49,
,Burnley,5110,,52.65,
,Chorley,4278,,52.23,
,Fylde,3561,,51.2,
,Hyndburn,4038,,53.9,
,Lancaster,6834,,52,
,Pendle,4838,,57.97,
,Preston,6187,,58.69,
,Ribble Valley,1785,,47.44,
,Rossendale,3480,,52.95,
,South Ribble,3966,,51.38,
,West Lancashire,5648,,51.44,
,Wyre,5964,,50.89,
,Knowsley,11231,,59.24,
,Liverpool,32614,,60.81,
,Sefton,16626,,55.88,
,St. Helens,10005,,52.11,
,Wirral,18053,,56.33,
,East Riding of Yorkshire,16100,,47.11,
,"Kingston upon Hull, City of",17381,,51.31,
,North East Lincolnshire,9290,,48.91,
,North Lincolnshire,8373,,46.23,
,York,6638,,47.53,
,Craven,2427,,47.29,
,Hambleton,3054,,46.22,
,Harrogate,5137,,47.2,
,Richmondshire,1482,,46.42,
,Ryedale,2364,,46.58,
,Scarborough,6789,,51.1,
,Selby,2797,,47.47,
,Barnsley,12638,,49.83,
,Doncaster,16390,,48.66,
,Rotherham,14273,,49.85,
,Sheffield,30566,,51.12,
,Bradford,25748,,55.42,
,Calderdale,9597,,50.42,
,Kirklees,18998,,52.29,
,Leeds,34262,,51.42,
,Wakefield,16227,,49.37,
,Derby,11364,,53.76,
,Leicester,17301,,71.59,
,Nottingham,14680,,57.47,
,Rutland,1087,,45.65,
,Amber Valley,5552,,48.71,
,Bolsover,4094,,49.93,
,Chesterfield,5733,,51.24,
,Derbyshire Dales,2680,,48.19,
,Erewash,5149,,46.99,
,High Peak,3480,,51.59,
,North East Derbyshire,4961,,49.38,
,South Derbyshire,3077,,48.38,
,Blaby,3116,,48.83,
,Charnwood,5915,,51.11,
,Harborough,2511,,47.57,
,Hinckley and Bosworth,4219,,46.58,
,Melton,1656,,45.62,
,North West Leicestershire,3657,,48.97,
,Oadby and Wigston,2300,,51.79,
,Boston,3409,,50.55,
,East Lindsey,9431,,50.34,
,Lincoln,4398,,50.4,
,North Kesteven,4443,,47.32,
,South Holland,4503,,44.8,
,South Kesteven,5380,,46.69,
,West Lindsey,3985,,47.6,
,Corby,2425,,49.57,
,Daventry,2300,,46.92,
,East Northamptonshire,3350,,45.85,
,Kettering,3633,,51.15,
,Northampton,8071,,56.03,
,South Northamptonshire,2281,,48.75,
,Wellingborough,3382,,53.21,
,Ashfield,5814,,50.26,
,Bassetlaw,5275,,49.31,
,Broxtowe,4516,,48.83,
,Gedling,4436,,48.37,
,Mansfield,4997,,48.99,
,Newark and Sherwood,4555,,48.06,
,Rushcliffe,3239,,48.65,
,"Herefordshire, County of",7858,,53.33,
,Shropshire,13704,,50.88,
,Stoke-on-Trent,14081,,49.06,
,Telford and Wrekin,7656,,54.74,
,Cannock Chase,4627,,51.83,
,East Staffordshire,4288,,50.68,
,Lichfield,3925,,49.43,
,Newcastle-under-Lyme,5519,,48.04,
,South Staffordshire,4895,,48.35,
,Stafford,4466,,47.77,
,Staffordshire Moorlands,4243,,48.65,
,Tamworth,3497,,49.7,
,North Warwickshire,2923,,48.56,
,Nuneaton and Bedworth,5719,,51.46,
,Rugby,3402,,51.13,
,Stratford-on-Avon,4513,,48.57,
,Warwick,4616,,51.09,
,Birmingham,59459,,62.91,
,Coventry,16059,,60.33,
,Dudley,18011,,50.87,
,Sandwell,21232,,57.27,
,Solihull,8427,,53.39,
,Walsall,16747,,54.06,
,Wolverhampton,15882,,55.84,
,Bromsgrove,3363,,47.74,
,Malvern Hills,3173,,50.34,
,Redditch,3470,,55.64,
,Worcester,3857,,52.09,
,Wychavon,4601,,51.03,
,Wyre Forest,5032,,51.45,
,Bedford,5610,,53.17,
,Central Bedfordshire,7821,,49.66,
,Luton,7615,,64.99,
,Peterborough,7376,,57.46,
,Southend-on-Sea,8396,,57.58,
,Thurrock,5748,,55.35,
,Cambridge,3029,,55.48,
,East Cambridgeshire,2909,,52.14,
,Fenland,5168,,51.07,
,Huntingdonshire,4791,,49.54,
,South Cambridgeshire,3609,,51.8,
,Basildon,7627,,54.6,
,Braintree,5579,,51.52,
,Brentwood,2253,,51.43,
,Castle Point,4236,,53.6,
,Chelmsford,4852,,51.32,
,Colchester,5675,,53.51,
,Epping Forest,4736,,55.96,
,Harlow,3563,,51.1,
,Maldon,2556,,53.35,
,Rochford,3127,,50.07,
,Tendring,9618,,53.08,
,Uttlesford,2174,,50.74,
,Broxbourne,3306,,56.72,
,Dacorum,4345,,53.07,
,East Hertfordshire,3657,,52.47,
,Hertsmere,3277,,58.22,
,North Hertfordshire,4411,,49.58,
,St Albans,3202,,55.41,
,Stevenage,3278,,51.98,
,Three Rivers,2441,,56.62,
,Watford,2574,,58.4,
,Welwyn Hatfield,3382,,52.54,
,Breckland,6280,,49.26,
,Broadland,4913,,46.74,
,Great Yarmouth,6525,,50.13,
,King's Lynn and West Norfolk,7987,,50.33,
,North Norfolk,5927,,49.88,
,Norwich,7096,,52.17,
,South Norfolk,4918,,48.69,
,Babergh,3441,,48.08,
,Forest Heath,2285,,49.11,
,Ipswich,5908,,54.46,
,Mid Suffolk,3464,,47.95,
,St Edmundsbury,3959,,48.29,
,Suffolk Coastal,4896,,51.5,
,Waveney,6940,,49.57,
,Camden,8993,,83.62,
,City of London,180,,82.05,
,Hackney,10781,,85.47,
,Hammersmith and Fulham,6744,,78.37,
,Haringey,10327,,82.8,
,Islington,9610,,78.8,
,Kensington and Chelsea,6027,,84.72,
,Lambeth,11379,,77.68,
,Lewisham,10353,,69.78,
,Newham,12175,,84.25,
,Southwark,11390,,75.82,
,Tower Hamlets,10951,,86.13,
,Wandsworth,9757,,72.96,
,Westminster,8381,,87.63,
,Barking and Dagenham,8457,,63.66,
,Barnet,11515,,78.76,
,Bexley,7392,,58.02,
,Brent,12575,,85.56,
,Bromley,9198,,59.19,
,Croydon,11431,,70.77,
,Ealing,12335,,85.29,
,Enfield,11762,,74.75,
,Greenwich,9343,,70.66,
,Harrow,8363,,89.19,
,Havering,9394,,55.09,
,Hillingdon,8215,,69.54,
,Hounslow,8323,,77.62,
,Kingston upon Thames,4070,,67.93,
,Merton,5765,,69.09,
,Redbridge,9795,,77.72,
,Richmond upon Thames,4452,,65.62,
,Sutton,5791,,59.7,
,Waltham Forest,9708,,71.87,
,Bracknell Forest,2699,,52.02,
,Brighton and Hove,11616,,59.09,
,Isle of Wight,8116,,50.2,
,Medway,9662,,53.78,
,Milton Keynes,7146,,57.54,
,Portsmouth,8469,,54.63,
,Reading,4713,,57.18,
,Slough,4491,,66.89,
,Southampton,9706,,55.04,
,West Berkshire,3837,,48.51,
,Windsor and Maidenhead,3701,,52.94,
,Wokingham,2787,,51.07,
,Aylesbury Vale,4497,,51.41,
,Chiltern,2110,,50.36,
,South Bucks,1671,,53.74,
,Wycombe,4521,,54.7,
,Eastbourne,5216,,53.23,
,Hastings,5125,,58.78,
,Lewes,4126,,52.04,
,Rother,4792,,52.75,
,Wealden,5457,,49.78,
,Basingstoke and Deane,4063,,47.27,
,East Hampshire,3162,,48.24,
,Eastleigh,3492,,48.48,
,Fareham,3274,,46.06,
,Gosport,2936,,46.95,
,Hart,1542,,50.83,
,Havant,5465,,50.97,
,New Forest,6741,,48,
,Rushmoor,2275,,54.38,
,Test Valley,3610,,48.35,
,Winchester,3313,,48.38,
,Ashford,4161,,51.75,
,Canterbury,6338,,51.9,
,Dartford,2958,,50.8,
,Dover,5398,,52,
,Gravesham,3952,,53.42,
,Maidstone,5038,,51.18,
,Sevenoaks,3407,,50.88,
,Shepway,5491,,55.9,
,Swale,5904,,53.99,
,Thanet,9006,,55.94,
,Tonbridge and Malling,3480,,50.86,
,Tunbridge Wells,3443,,51.61,
,Cherwell,3856,,51.16,
,Oxford,4096,,58.6,
,South Oxfordshire,3325,,50.08,
,Vale of White Horse,3102,,48.54,
,West Oxfordshire,2948,,49.81,
,Elmbridge,2952,,55.84,
,Epsom and Ewell,1595,,60.84,
,Guildford,2982,,52.41,
,Mole Valley,2175,,50.58,
,Reigate and Banstead,3377,,53.37,
,Runnymede,2360,,53.03,
,Spelthorne,2542,,53.85,
,Surrey Heath,1774,,50,
,Tandridge,2082,,53.73,
,Waverley,3210,,50.73,
,Woking,2302,,56.49,
,Adur,3049,,51.23,
,Arun,7733,,51.02,
,Chichester,4329,,49.04,
,Crawley,3359,,56.92,
,Horsham,3415,,48.43,
,Mid Sussex,3501,,49.47,
,Worthing,4606,,50.82,
,Bath and North East Somerset,6309,,50.12,
,Bournemouth,9277,,55.24,
,"Bristol, City of",17649,,58,
,Cornwall,29078,,52.72,
,Isles of Scilly,67,,50.6,
,North Somerset,8611,,52.21,
,Plymouth,11775,,53.92,
,Poole,6388,,50.53,
,South Gloucestershire,8300,,51.16,
,Swindon,7141,,53.2,
,Torbay,9186,,57.44,
,Wiltshire,15351,,49.87,
,East Devon,5820,,51.2,
,Exeter,4529,,53.11,
,Mid Devon,3181,,52.07,
,North Devon,4902,,51.43,
,South Hams,3640,,54.96,
,Teignbridge,6285,,51.47,
,Torridge,3393,,51.86,
,West Devon,2329,,50.03,
,Christchurch,2482,,49.04,
,East Dorset,3422,,46.14,
,North Dorset,2403,,47.56,
,Purbeck,2022,,47.13,
,West Dorset,4384,,48.42,
,Weymouth and Portland,3047,,51.58,
,Cheltenham,3807,,53.89,
,Cotswold,3063,,48.26,
,Forest of Dean,3847,,49.11,
,Gloucester,4769,,53.82,
,Stroud,4219,,50.93,
,Tewkesbury,2764,,49.81,
,Mendip,4338,,52.23,
,Sedgemoor,5194,,51.36,
,South Somerset,6720,,49.05,
,Taunton Deane,4434,,50.99,
,West Somerset,2068,,55.51,
,Total,2286584,,55.87,
Aug-09,County Durham,31308,,48.64,
,Darlington,5532,,50.02,
,Hartlepool,6265,,49.33,
,Middlesbrough,8432,,52.53,
,Northumberland,15821,,46.87,
,Redcar and Cleveland,8240,,49.65,
,Stockton-on-Tees,9389,,49.36,
,Gateshead,13251,,50.19,
,Newcastle upon Tyne,15822,,55.13,
,North Tyneside,12140,,50.27,
,South Tyneside,11242,,49.77,
,Sunderland,19382,,50.12,
,Blackburn with Darwen,7391,,62.28,
,Blackpool,10445,,57.52,
,Cheshire East,12983,,49.32,
,Cheshire West and Chester,13214,,52.1,
,Halton,6357,,54.97,
,Warrington,7994,,52.25,
,Allerdale,4895,,49.23,
,Barrow-in-Furness,3858,,52.79,
,Carlisle,4596,,51.02,
,Copeland,3185,,50.17,
,Eden,1818,,48.43,
,South Lakeland,3889,,50.09,
,Bolton,14667,,55.99,
,Bury,8441,,52.89,
,Manchester,25855,,66.28,
,Oldham,11433,,53.73,
,Rochdale,11434,,54.69,
,Salford,13650,,55.6,
,Stockport,12127,,55.65,
,Tameside,11937,,53.65,
,Trafford,8591,,56.65,
,Wigan,16797,,50.56,
,Burnley,5124,,53.07,
,Chorley,4335,,52.22,
,Fylde,3578,,51.52,
,Hyndburn,4066,,53.97,
,Lancaster,6804,,51.83,
,Pendle,4842,,58.48,
,Preston,6210,,58.85,
,Ribble Valley,1788,,47.86,
,Rossendale,3515,,52.84,
,South Ribble,3975,,51.67,
,West Lancashire,5700,,51.51,
,Wyre,5962,,51.16,
,Knowsley,11260,,59.05,
,Liverpool,32705,,60.89,
,Sefton,16735,,55.8,
,St. Helens,10008,,52.37,
,Wirral,18083,,56.57,
,East Riding of Yorkshire,16119,,47.09,
,"Kingston upon Hull, City of",17369,,51.45,
,North East Lincolnshire,9348,,49.19,
,North Lincolnshire,8393,,46.84,
,York,6656,,47.64,
,Craven,2407,,46.96,
,Hambleton,3055,,46.15,
,Harrogate,5150,,46.97,
,Richmondshire,1484,,45.78,
,Ryedale,2374,,46.56,
,Scarborough,6825,,51.56,
,Selby,2827,,48.2,
,Barnsley,12655,,49.9,
,Doncaster,16305,,48.72,
,Rotherham,14303,,49.89,
,Sheffield,30481,,50.97,
,Bradford,25729,,55.61,
,Calderdale,9568,,50.39,
,Kirklees,18970,,52.25,
,Leeds,34379,,51.49,
,Wakefield,16206,,49.41,
,Derby,11363,,53.72,
,Leicester,17410,,72.1,
,Nottingham,14710,,57.4,
,Rutland,1081,,45.47,
,Amber Valley,5584,,48.93,
,Bolsover,4103,,50.07,
,Chesterfield,5713,,51.17,
,Derbyshire Dales,2670,,48.38,
,Erewash,5151,,46.89,
,High Peak,3479,,51.46,
,North East Derbyshire,4959,,48.81,
,South Derbyshire,3087,,48.46,
,Blaby,3166,,49.26,
,Charnwood,5921,,51.05,
,Harborough,2519,,47.7,
,Hinckley and Bosworth,4224,,47.15,
,Melton,1658,,46.04,
,North West Leicestershire,3663,,48.5,
,Oadby and Wigston,2304,,52.15,
,Boston,3420,,50.55,
,East Lindsey,9476,,50.5,
,Lincoln,4423,,50.69,
,North Kesteven,4465,,47.28,
,South Holland,4541,,45.13,
,South Kesteven,5403,,46.71,
,West Lindsey,4009,,47.51,
,Corby,2448,,49.86,
,Daventry,2293,,46.86,
,East Northamptonshire,3368,,46,
,Kettering,3666,,51.28,
,Northampton,8090,,56.26,
,South Northamptonshire,2285,,48.92,
,Wellingborough,3396,,54.17,
,Ashfield,5849,,50.63,
,Bassetlaw,5307,,49.45,
,Broxtowe,4554,,49.2,
,Gedling,4453,,48.88,
,Mansfield,5006,,49.39,
,Newark and Sherwood,4568,,48.34,
,Rushcliffe,3239,,48.98,
,"Herefordshire, County of",7878,,53.5,
,Shropshire,13726,,50.97,
,Stoke-on-Trent,14074,,49.36,
,Telford and Wrekin,7689,,54.72,
,Cannock Chase,4636,,52.08,
,East Staffordshire,4306,,50.3,
,Lichfield,3929,,49.29,
,Newcastle-under-Lyme,5594,,47.92,
,South Staffordshire,4908,,48.57,
,Stafford,4484,,47.85,
,Staffordshire Moorlands,4283,,48.78,
,Tamworth,3549,,49.76,
,North Warwickshire,2947,,49.29,
,Nuneaton and Bedworth,5709,,51.73,
,Rugby,3432,,51.14,
,Stratford-on-Avon,4528,,48.63,
,Warwick,4637,,51.6,
,Birmingham,59381,,63.02,
,Coventry,16087,,60.1,
,Dudley,18050,,50.91,
,Sandwell,21266,,57.28,
,Solihull,8464,,53.49,
,Walsall,16819,,54.42,
,Wolverhampton,15886,,56,
,Bromsgrove,3367,,47.35,
,Malvern Hills,3174,,50.7,
,Redditch,3520,,56.47,
,Worcester,3840,,52.09,
,Wychavon,4617,,51.2,
,Wyre Forest,5053,,51.54,
,Bedford,5656,,53,
,Central Bedfordshire,7878,,49.84,
,Luton,7647,,64.78,
,Peterborough,7373,,57.38,
,Southend-on-Sea,8419,,57.57,
,Thurrock,5803,,55.64,
,Cambridge,3036,,55.92,
,East Cambridgeshire,2916,,52.64,
,Fenland,5180,,50.89,
,Huntingdonshire,4814,,49.78,
,South Cambridgeshire,3603,,52.06,
,Basildon,7674,,54.84,
,Braintree,5594,,51.69,
,Brentwood,2272,,51.34,
,Castle Point,4284,,53.4,
,Chelmsford,4871,,50.84,
,Colchester,5707,,53.37,
,Epping Forest,4718,,56.13,
,Harlow,3605,,51.02,
,Maldon,2563,,53.42,
,Rochford,3126,,50.18,
,Tendring,9635,,53.2,
,Uttlesford,2191,,50.79,
,Broxbourne,3313,,56.71,
,Dacorum,4369,,53.6,
,East Hertfordshire,3690,,52.47,
,Hertsmere,3281,,58.3,
,North Hertfordshire,4419,,49.74,
,St Albans,3218,,55.25,
,Stevenage,3296,,51.87,
,Three Rivers,2435,,56.71,
,Watford,2578,,58.1,
,Welwyn Hatfield,3391,,52.27,
,Breckland,6295,,49.15,
,Broadland,4911,,46.91,
,Great Yarmouth,6527,,50.11,
,King's Lynn and West Norfolk,8007,,50.27,
,North Norfolk,5935,,50.01,
,Norwich,7078,,52.43,
,South Norfolk,4929,,48.44,
,Babergh,3491,,48.43,
,Forest Heath,2273,,49.64,
,Ipswich,5930,,54.48,
,Mid Suffolk,3467,,48.41,
,St Edmundsbury,3971,,48.38,
,Suffolk Coastal,4902,,51.23,
,Waveney,6962,,49.71,
,Camden,9009,,83.83,
,City of London,175,,82.8,
,Hackney,10809,,85.12,
,Hammersmith and Fulham,6776,,78.64,
,Haringey,10352,,82.78,
,Islington,9635,,78.69,
,Kensington and Chelsea,6073,,84.65,
,Lambeth,11401,,77.93,
,Lewisham,10384,,69.99,
,Newham,12215,,84.29,
,Southwark,11428,,76.27,
,Tower Hamlets,10956,,86.26,
,Wandsworth,9808,,73.53,
,Westminster,8439,,87.95,
,Barking and Dagenham,8435,,64.31,
,Barnet,11543,,79,
,Bexley,7408,,57.98,
,Brent,12655,,85.41,
,Bromley,9243,,59.35,
,Croydon,11482,,70.85,
,Ealing,12395,,85.81,
,Enfield,11812,,75.03,
,Greenwich,9340,,70.7,
,Harrow,8424,,89.4,
,Havering,9386,,55.19,
,Hillingdon,8203,,70,
,Hounslow,8327,,78.06,
,Kingston upon Thames,4087,,68.08,
,Merton,5773,,69.27,
,Redbridge,9795,,77.88,
,Richmond upon Thames,4441,,65.88,
,Sutton,5806,,59.86,
,Waltham Forest,9711,,72.01,
,Bracknell Forest,2730,,52.98,
,Brighton and Hove,11628,,59.34,
,Isle of Wight,8141,,50.33,
,Medway,9737,,53.71,
,Milton Keynes,7189,,58,
,Portsmouth,8484,,54.94,
,Reading,4749,,57.67,
,Slough,4497,,67.71,
,Southampton,9720,,55.17,
,West Berkshire,3843,,49.17,
,Windsor and Maidenhead,3685,,53.4,
,Wokingham,2798,,51.03,
,Aylesbury Vale,4498,,51.53,
,Chiltern,2094,,50.75,
,South Bucks,1682,,53.92,
,Wycombe,4528,,54.99,
,Eastbourne,5233,,53.26,
,Hastings,5160,,59.28,
,Lewes,4130,,52.39,
,Rother,4794,,52.96,
,Wealden,5462,,50.03,
,Basingstoke and Deane,4070,,47.15,
,East Hampshire,3182,,48.36,
,Eastleigh,3513,,49.07,
,Fareham,3269,,45.82,
,Gosport,2960,,47.45,
,Hart,1537,,51.36,
,Havant,5476,,51.35,
,New Forest,6734,,47.9,
,Rushmoor,2268,,54.35,
,Test Valley,3600,,48.81,
,Winchester,3329,,48.51,
,Ashford,4167,,51.74,
,Canterbury,6324,,52.14,
,Dartford,2995,,50.75,
,Dover,5444,,52.27,
,Gravesham,3965,,53.87,
,Maidstone,5070,,51.75,
,Sevenoaks,3401,,51.2,
,Shepway,5504,,55.96,
,Swale,5904,,54.21,
,Thanet,9027,,55.7,
,Tonbridge and Malling,3500,,51.4,
,Tunbridge Wells,3441,,51.57,
,Cherwell,3886,,51.42,
,Oxford,4088,,58.53,
,South Oxfordshire,3344,,50.42,
,Vale of White Horse,3090,,48.75,
,West Oxfordshire,2954,,49.99,
,Elmbridge,2970,,55.89,
,Epsom and Ewell,1601,,61.39,
,Guildford,2980,,52.82,
,Mole Valley,2175,,50.66,
,Reigate and Banstead,3368,,53.19,
,Runnymede,2356,,53.6,
,Spelthorne,2565,,54.04,
,Surrey Heath,1786,,50.05,
,Tandridge,2111,,54.1,
,Waverley,3230,,50.77,
,Woking,2297,,56.29,
,Adur,3041,,51.38,
,Arun,7738,,51.11,
,Chichester,4348,,49.51,
,Crawley,3360,,57.27,
,Horsham,3420,,48.57,
,Mid Sussex,3496,,49.59,
,Worthing,4610,,51.01,
,Bath and North East Somerset,6317,,50.49,
,Bournemouth,9323,,55.35,
,"Bristol, City of",17636,,58.06,
,Cornwall,29234,,52.8,
,Isles of Scilly,69,,48.61,
,North Somerset,8657,,52.07,
,Plymouth,11783,,53.94,
,Poole,6429,,50.27,
,South Gloucestershire,8304,,51.08,
,Swindon,7153,,53.64,
,Torbay,9230,,57.17,
,Wiltshire,15334,,50.12,
,East Devon,5896,,51.13,
,Exeter,4547,,53.04,
,Mid Devon,3195,,51.86,
,North Devon,4900,,51.52,
,South Hams,3636,,54.94,
,Teignbridge,6335,,51.07,
,Torridge,3429,,51.54,
,West Devon,2332,,50.43,
,Christchurch,2502,,49.11,
,East Dorset,3445,,46.55,
,North Dorset,2428,,47.77,
,Purbeck,2008,,46.95,
,West Dorset,4395,,48.4,
,Weymouth and Portland,3043,,51.57,
,Cheltenham,3817,,54.18,
,Cotswold,3080,,48.54,
,Forest of Dean,3901,,49.59,
,Gloucester,4794,,54.37,
,Stroud,4253,,51.26,
,Tewkesbury,2758,,49.78,
,Mendip,4383,,52.42,
,Sedgemoor,5204,,51.07,
,South Somerset,6760,,49.09,
,Taunton Deane,4438,,50.96,
,West Somerset,2083,,55.62,
,Total,2292882,,55.99,
Nov-09,County Durham,31523,,49.17,
,Darlington,5581,,50.38,
,Hartlepool,6285,,50.01,
,Middlesbrough,8501,,52.82,
,Northumberland,15824,,47.54,
,Redcar and Cleveland,8306,,50.44,
,Stockton-on-Tees,9474,,50,
,Gateshead,13287,,50.67,
,Newcastle upon Tyne,15860,,55.75,
,North Tyneside,12162,,50.81,
,South Tyneside,11284,,50.36,
,Sunderland,19451,,50.52,
,Blackburn with Darwen,7385,,63,
,Blackpool,10515,,58.45,
,Cheshire East,13022,,50.27,
,Cheshire West and Chester,13232,,53.06,
,Halton,6394,,55.48,
,Warrington,8027,,53.14,
,Allerdale,4848,,49.98,
,Barrow-in-Furness,3888,,53.17,
,Carlisle,4601,,51.93,
,Copeland,3197,,50.64,
,Eden,1820,,49.74,
,South Lakeland,3865,,51.35,
,Bolton,14657,,56.88,
,Bury,8419,,53.73,
,Manchester,26149,,66.62,
,Oldham,11446,,54.52,
,Rochdale,11428,,55.33,
,Salford,13637,,56.22,
,Stockport,12151,,56.81,
,Tameside,11975,,54.39,
,Trafford,8568,,57.1,
,Wigan,16826,,51.45,
,Burnley,5115,,53.96,
,Chorley,4352,,53.31,
,Fylde,3578,,52.37,
,Hyndburn,4086,,55.13,
,Lancaster,6798,,53.03,
,Pendle,4854,,59.84,
,Preston,6227,,59.87,
,Ribble Valley,1769,,49.12,
,Rossendale,3500,,54.06,
,South Ribble,3975,,53.13,
,West Lancashire,5722,,51.99,
,Wyre,5950,,52.47,
,Knowsley,11285,,59.39,
,Liverpool,32682,,61.31,
,Sefton,16820,,56.44,
,St. Helens,10004,,52.85,
,Wirral,18116,,57.28,
,East Riding of Yorkshire,16196,,48.05,
,"Kingston upon Hull, City of",17418,,52.2,
,North East Lincolnshire,9336,,50.36,
,North Lincolnshire,8406,,48.06,
,York,6661,,48.86,
,Craven,2398,,48.09,
,Hambleton,3044,,47.28,
,Harrogate,5161,,47.76,
,Richmondshire,1489,,47.27,
,Ryedale,2370,,48.4,
,Scarborough,6838,,52.67,
,Selby,2825,,49.43,
,Barnsley,12649,,50.54,
,Doncaster,16311,,49.33,
,Rotherham,14356,,50.85,
,Sheffield,30391,,51.61,
,Bradford,25827,,56.44,
,Calderdale,9577,,51.43,
,Kirklees,18922,,53.17,
,Leeds,34328,,52.19,
,Wakefield,16242,,50.13,
,Derby,11326,,54.64,
,Leicester,17465,,73.04,
,Nottingham,14706,,58.02,
,Rutland,1083,,46,
,Amber Valley,5573,,49.61,
,Bolsover,4109,,50.63,
,Chesterfield,5732,,51.81,
,Derbyshire Dales,2669,,49.29,
,Erewash,5149,,47.82,
,High Peak,3530,,52.06,
,North East Derbyshire,4971,,49.54,
,South Derbyshire,3071,,48.85,
,Blaby,3159,,50.1,
,Charnwood,5952,,52.67,
,Harborough,2528,,49.09,
,Hinckley and Bosworth,4223,,48.16,
,Melton,1664,,47.02,
,North West Leicestershire,3665,,50.09,
,Oadby and Wigston,2305,,53.68,
,Boston,3407,,51.53,
,East Lindsey,9498,,51.59,
,Lincoln,4424,,51.98,
,North Kesteven,4445,,48.18,
,South Holland,4566,,46.78,
,South Kesteven,5395,,47.59,
,West Lindsey,4015,,48.32,
,Corby,2460,,50.34,
,Daventry,2313,,48.27,
,East Northamptonshire,3361,,46.85,
,Kettering,3655,,52.34,
,Northampton,8144,,57.26,
,South Northamptonshire,2290,,50.32,
,Wellingborough,3385,,55.43,
,Ashfield,5861,,51.77,
,Bassetlaw,5302,,50.25,
,Broxtowe,4574,,50.07,
,Gedling,4474,,50.05,
,Mansfield,5015,,49.87,
,Newark and Sherwood,4588,,49.13,
,Rushcliffe,3274,,49.81,
,"Herefordshire, County of",7936,,54.56,
,Shropshire,13716,,51.9,
,Stoke-on-Trent,14067,,50.1,
,Telford and Wrekin,7675,,55.33,
,Cannock Chase,4626,,53.25,
,East Staffordshire,4289,,51.5,
,Lichfield,3892,,50.14,
,Newcastle-under-Lyme,5622,,48.56,
,South Staffordshire,4918,,49.48,
,Stafford,4486,,49.02,
,Staffordshire Moorlands,4292,,49.95,
,Tamworth,3537,,50.75,
,North Warwickshire,2935,,50.04,
,Nuneaton and Bedworth,5695,,52.43,
,Rugby,3417,,51.65,
,Stratford-on-Avon,4519,,49.78,
,Warwick,4605,,52.32,
,Birmingham,59315,,63.53,
,Coventry,16005,,60.77,
,Dudley,18038,,51.76,
,Sandwell,21234,,57.8,
,Solihull,8423,,54.31,
,Walsall,16825,,55.28,
,Wolverhampton,15854,,56.9,
,Bromsgrove,3352,,48.4,
,Malvern Hills,3165,,51.83,
,Redditch,3517,,56.91,
,Worcester,3823,,53.04,
,Wychavon,4637,,52.31,
,Wyre Forest,5055,,52.46,
,Bedford,5645,,53.96,
,Central Bedfordshire,7876,,50.79,
,Luton,7683,,65.19,
,Peterborough,7381,,58.53,
,Southend-on-Sea,8415,,58.53,
,Thurrock,5836,,56.37,
,Cambridge,3003,,56.83,
,East Cambridgeshire,2913,,53.43,
,Fenland,5202,,52.14,
,Huntingdonshire,4809,,50.92,
,South Cambridgeshire,3584,,52.6,
,Basildon,7693,,55.69,
,Braintree,5643,,52.8,
,Brentwood,2252,,52.5,
,Castle Point,4295,,54.22,
,Chelmsford,4893,,52.01,
,Colchester,5703,,54.55,
,Epping Forest,4721,,56.48,
,Harlow,3606,,51.25,
,Maldon,2572,,54.49,
,Rochford,3130,,51.36,
,Tendring,9663,,54.13,
,Uttlesford,2207,,51.66,
,Broxbourne,3331,,57.46,
,Dacorum,4376,,54.1,
,East Hertfordshire,3703,,53.52,
,Hertsmere,3281,,59.58,
,North Hertfordshire,4435,,50.45,
,St Albans,3216,,55.98,
,Stevenage,3278,,53.14,
,Three Rivers,2456,,57.85,
,Watford,2598,,59.27,
,Welwyn Hatfield,3397,,53.25,
,Breckland,6290,,50.09,
,Broadland,4916,,48.06,
,Great Yarmouth,6551,,50.83,
,King's Lynn and West Norfolk,8014,,51.09,
,North Norfolk,5950,,50.88,
,Norwich,7060,,53.17,
,South Norfolk,4955,,49.48,
,Babergh,3487,,49.86,
,Forest Heath,2292,,50.55,
,Ipswich,5903,,55.47,
,Mid Suffolk,3435,,49.86,
,St Edmundsbury,3989,,49.13,
,Suffolk Coastal,4904,,52.14,
,Waveney,6992,,50.8,
,Camden,9007,,83.93,
,City of London,176,,84.42,
,Hackney,10873,,84.54,
,Hammersmith and Fulham,6776,,78.91,
,Haringey,10369,,83.23,
,Islington,9624,,79.11,
,Kensington and Chelsea,6116,,84.97,
,Lambeth,11430,,78.44,
,Lewisham,10325,,70.06,
,Newham,12273,,84.26,
,Southwark,11436,,76.8,
,Tower Hamlets,10939,,86.41,
,Wandsworth,9800,,73.84,
,Westminster,8458,,88.5,
,Barking and Dagenham,8446,,65.06,
,Barnet,11574,,79.83,
,Bexley,7415,,58.85,
,Brent,12657,,85.61,
,Bromley,9252,,60.38,
,Croydon,11536,,71.25,
,Ealing,12406,,86.38,
,Enfield,11839,,75.69,
,Greenwich,9338,,71.26,
,Harrow,8410,,90.27,
,Havering,9412,,55.89,
,Hillingdon,8281,,70.87,
,Hounslow,8342,,78.73,
,Kingston upon Thames,4092,,69.09,
,Merton,5751,,69.79,
,Redbridge,9806,,78.57,
,Richmond upon Thames,4458,,66.59,
,Sutton,5784,,60.35,
,Waltham Forest,9676,,72.48,
,Bracknell Forest,2776,,53.93,
,Brighton and Hove,11648,,60.35,
,Isle of Wight,8167,,51.59,
,Medway,9762,,54.68,
,Milton Keynes,7243,,59.09,
,Portsmouth,8508,,55.89,
,Reading,4775,,58.85,
,Slough,4470,,68.57,
,Southampton,9743,,55.64,
,West Berkshire,3849,,50,
,Windsor and Maidenhead,3701,,54.13,
,Wokingham,2809,,52.28,
,Aylesbury Vale,4485,,52.77,
,Chiltern,2095,,51.59,
,South Bucks,1683,,54.65,
,Wycombe,4529,,56.11,
,Eastbourne,5219,,54.41,
,Hastings,5170,,60,
,Lewes,4159,,53.3,
,Rother,4822,,53.94,
,Wealden,5462,,51.2,
,Basingstoke and Deane,4079,,48.6,
,East Hampshire,3194,,49.93,
,Eastleigh,3499,,50.62,
,Fareham,3260,,46.92,
,Gosport,2952,,48.64,
,Hart,1541,,52.25,
,Havant,5519,,52.2,
,New Forest,6721,,48.87,
,Rushmoor,2257,,55.3,
,Test Valley,3626,,49.7,
,Winchester,3312,,49.78,
,Ashford,4167,,52.43,
,Canterbury,6330,,53.03,
,Dartford,2983,,51.37,
,Dover,5432,,53.54,
,Gravesham,3949,,54.77,
,Maidstone,5108,,53.03,
,Sevenoaks,3413,,52.33,
,Shepway,5518,,57.16,
,Swale,5949,,55.53,
,Thanet,9010,,56.86,
,Tonbridge and Malling,3517,,52.17,
,Tunbridge Wells,3463,,52.44,
,Cherwell,3886,,52.33,
,Oxford,4051,,59.65,
,South Oxfordshire,3340,,51.11,
,Vale of White Horse,3076,,49.53,
,West Oxfordshire,2945,,51.14,
,Elmbridge,2950,,56.43,
,Epsom and Ewell,1616,,62.4,
,Guildford,2990,,53.71,
,Mole Valley,2171,,51.66,
,Reigate and Banstead,3370,,54.01,
,Runnymede,2336,,53.97,
,Spelthorne,2565,,54.59,
,Surrey Heath,1784,,51.42,
,Tandridge,2092,,55.02,
,Waverley,3220,,52.04,
,Woking,2303,,57.58,
,Adur,3021,,52.41,
,Arun,7755,,52.13,
,Chichester,4402,,50.12,
,Crawley,3386,,58.68,
,Horsham,3427,,49.64,
,Mid Sussex,3531,,50.76,
,Worthing,4632,,52.52,
,Bath and North East Somerset,6305,,51.75,
,Bournemouth,9367,,56.42,
,"Bristol, City of",17595,,58.9,
,Cornwall,29369,,53.72,
,Isles of Scilly,64,,49.72,
,North Somerset,8683,,52.84,
,Plymouth,11830,,54.68,
,Poole,6449,,51.23,
,South Gloucestershire,8295,,52.05,
,Swindon,7203,,54.92,
,Torbay,9228,,58.09,
,Wiltshire,15342,,51.22,
,East Devon,5956,,52.71,
,Exeter,4512,,53.82,
,Mid Devon,3205,,53.32,
,North Devon,4898,,52.6,
,South Hams,3653,,56.21,
,Teignbridge,6374,,51.94,
,Torridge,3427,,52.54,
,West Devon,2347,,51.65,
,Christchurch,2481,,50.3,
,East Dorset,3450,,48.04,
,North Dorset,2427,,48.81,
,Purbeck,2032,,48.03,
,West Dorset,4368,,49.48,
,Weymouth and Portland,3067,,52.16,
,Cheltenham,3804,,54.97,
,Cotswold,3077,,49.75,
,Forest of Dean,3870,,50.55,
,Gloucester,4796,,55.73,
,Stroud,4260,,52.61,
,Tewkesbury,2780,,50.85,
,Mendip,4421,,53.77,
,Sedgemoor,5239,,51.86,
,South Somerset,6780,,50.45,
,Taunton Deane,4464,,51.63,
,West Somerset,2082,,56.7,
,Total,2295791,,56.8,
Feb-10,County Durham,31420,,49.1,
,Darlington,5614,,50.46,
,Hartlepool,6315,,50.12,
,Middlesbrough,8476,,52.72,
,Northumberland,15747,,47.61,
,Redcar and Cleveland,8303,,50.47,
,Stockton-on-Tees,9464,,50.17,
,Gateshead,13371,,50.63,
,Newcastle upon Tyne,15807,,55.67,
,North Tyneside,12138,,50.62,
,South Tyneside,11346,,50.23,
,Sunderland,19533,,50.56,
,Blackburn with Darwen,7382,,63.18,
,Blackpool,10524,,58.29,
,Cheshire East,12986,,50.24,
,Cheshire West and Chester,13229,,52.87,
,Halton,6396,,55.4,
,Warrington,7996,,52.96,
,Allerdale,4851,,49.62,
,Barrow-in-Furness,3864,,53.15,
,Carlisle,4590,,51.97,
,Copeland,3181,,49.88,
,Eden,1815,,49.99,
,South Lakeland,3837,,51.3,
,Bolton,14657,,56.67,
,Bury,8352,,53.88,
,Manchester,26157,,66.84,
,Oldham,11424,,54.8,
,Rochdale,11404,,55.7,
,Salford,13589,,56.18,
,Stockport,12181,,56.91,
,Tameside,11945,,54.64,
,Trafford,8515,,57.09,
,Wigan,16786,,51.59,
,Burnley,5093,,54.33,
,Chorley,4391,,53.15,
,Fylde,3576,,52.52,
,Hyndburn,4116,,55.23,
,Lancaster,6792,,52.98,
,Pendle,4873,,59.84,
,Preston,6218,,59.89,
,Ribble Valley,1793,,48.66,
,Rossendale,3502,,53.91,
,South Ribble,3996,,52.88,
,West Lancashire,5703,,51.93,
,Wyre,5961,,52.57,
,Knowsley,11309,,59.21,
,Liverpool,32716,,61.14,
,Sefton,16852,,56.27,
,St. Helens,9964,,52.96,
,Wirral,18044,,57.06,
,East Riding of Yorkshire,16163,,48.03,
,"Kingston upon Hull, City of",17361,,52.53,
,North East Lincolnshire,9325,,50.44,
,North Lincolnshire,8382,,48.16,
,York,6649,,48.96,
,Craven,2402,,47.96,
,Hambleton,3049,,47.28,
,Harrogate,5138,,47.82,
,Richmondshire,1494,,47.09,
,Ryedale,2358,,48.83,
,Scarborough,6835,,52.59,
,Selby,2817,,49.4,
,Barnsley,12625,,50.61,
,Doncaster,16314,,49.55,
,Rotherham,14291,,50.79,
,Sheffield,30204,,51.52,
,Bradford,25801,,56.59,
,Calderdale,9545,,51.6,
,Kirklees,18912,,53.21,
,Leeds,34281,,52.32,
,Wakefield,16226,,50.33,
,Derby,11290,,54.64,
,Leicester,17441,,73.18,
,Nottingham,14718,,58.23,
,Rutland,1085,,45.69,
,Amber Valley,5547,,49.94,
,Bolsover,4082,,50.53,
,Chesterfield,5713,,51.74,
,Derbyshire Dales,2651,,49.5,
,Erewash,5140,,47.69,
,High Peak,3521,,51.95,
,North East Derbyshire,4968,,49.6,
,South Derbyshire,3107,,48.78,
,Blaby,3152,,50.03,
,Charnwood,5946,,52.47,
,Harborough,2531,,49.38,
,Hinckley and Bosworth,4191,,48.36,
,Melton,1646,,47.59,
,North West Leicestershire,3629,,50.32,
,Oadby and Wigston,2297,,54.22,
,Boston,3418,,51.95,
,East Lindsey,9482,,51.97,
,Lincoln,4432,,52.2,
,North Kesteven,4435,,48.46,
,South Holland,4563,,46.66,
,South Kesteven,5354,,47.63,
,West Lindsey,4018,,48.41,
,Corby,2448,,50.47,
,Daventry,2294,,48.82,
,East Northamptonshire,3357,,47.01,
,Kettering,3625,,52.14,
,Northampton,8160,,57.38,
,South Northamptonshire,2282,,50.86,
,Wellingborough,3378,,55.66,
,Ashfield,5826,,51.79,
,Bassetlaw,5267,,50.31,
,Broxtowe,4581,,50.28,
,Gedling,4491,,49.96,
,Mansfield,5009,,50.13,
,Newark and Sherwood,4592,,49.16,
,Rushcliffe,3255,,49.63,
,"Herefordshire, County of",7936,,54.47,
,Shropshire,13670,,51.85,
,Stoke-on-Trent,14032,,50.05,
,Telford and Wrekin,7686,,55.38,
,Cannock Chase,4639,,53.34,
,East Staffordshire,4308,,51.38,
,Lichfield,3876,,50.17,
,Newcastle-under-Lyme,5633,,48.48,
,South Staffordshire,4900,,49.65,
,Stafford,4475,,49.36,
,Staffordshire Moorlands,4282,,49.83,
,Tamworth,3549,,51.2,
,North Warwickshire,2922,,49.89,
,Nuneaton and Bedworth,5664,,52.22,
,Rugby,3398,,51.51,
,Stratford-on-Avon,4511,,49.88,
,Warwick,4593,,52.48,
,Birmingham,59201,,63.42,
,Coventry,15889,,60.67,
,Dudley,17942,,51.79,
,Sandwell,21190,,57.87,
,Solihull,8393,,54.09,
,Walsall,16833,,55.6,
,Wolverhampton,15818,,56.85,
,Bromsgrove,3309,,48.42,
,Malvern Hills,3146,,51.7,
,Redditch,3536,,56.57,
,Worcester,3807,,53.17,
,Wychavon,4621,,52.88,
,Wyre Forest,5045,,52.32,
,Bedford,5614,,54.55,
,Central Bedfordshire,7854,,50.73,
,Luton,7660,,65.58,
,Peterborough,7394,,58.75,
,Southend-on-Sea,8371,,58.39,
,Thurrock,5827,,56.66,
,Cambridge,2994,,57.23,
,East Cambridgeshire,2899,,53.91,
,Fenland,5206,,52.21,
,Huntingdonshire,4817,,51.16,
,South Cambridgeshire,3587,,52.58,
,Basildon,7668,,55.74,
,Braintree,5614,,52.85,
,Brentwood,2268,,52.93,
,Castle Point,4308,,54.05,
,Chelmsford,4859,,52.09,
,Colchester,5718,,55.04,
,Epping Forest,4691,,56.44,
,Harlow,3609,,51.22,
,Maldon,2547,,55,
,Rochford,3152,,51.77,
,Tendring,9628,,54.1,
,Uttlesford,2209,,51.67,
,Broxbourne,3335,,57.32,
,Dacorum,4385,,54.5,
,East Hertfordshire,3694,,53.94,
,Hertsmere,3277,,59.64,
,North Hertfordshire,4400,,50.66,
,St Albans,3217,,56.2,
,Stevenage,3253,,53.23,
,Three Rivers,2466,,58.13,
,Watford,2603,,59.32,
,Welwyn Hatfield,3410,,53.35,
,Breckland,6278,,50,
,Broadland,4916,,48.44,
,Great Yarmouth,6550,,50.93,
,King's Lynn and West Norfolk,8022,,51.12,
,North Norfolk,5947,,51.21,
,Norwich,7055,,53.22,
,South Norfolk,4945,,49.46,
,Babergh,3481,,50.18,
,Forest Heath,2288,,50.74,
,Ipswich,5923,,55.44,
,Mid Suffolk,3456,,49.93,
,St Edmundsbury,3964,,49.09,
,Suffolk Coastal,4857,,52.25,
,Waveney,6981,,50.6,
,Camden,8972,,83.88,
,City of London,171,,84.7,
,Hackney,10877,,84.15,
,Hammersmith and Fulham,6802,,79.18,
,Haringey,10410,,83.49,
,Islington,9620,,79.26,
,Kensington and Chelsea,6131,,84.77,
,Lambeth,11446,,78.73,
,Lewisham,10288,,70.09,
,Newham,12292,,84.52,
,Southwark,11458,,77.07,
,Tower Hamlets,10927,,86.24,
,Wandsworth,9767,,74.36,
,Westminster,8521,,88.86,
,Barking and Dagenham,8408,,65.34,
,Barnet,11611,,80.18,
,Bexley,7406,,59.09,
,Brent,12663,,85.77,
,Bromley,9228,,60.68,
,Croydon,11549,,71.42,
,Ealing,12420,,86.65,
,Enfield,11850,,75.94,
,Greenwich,9313,,71.66,
,Harrow,8464,,90.6,
,Havering,9356,,56.11,
,Hillingdon,8295,,71.06,
,Hounslow,8365,,79.06,
,Kingston upon Thames,4090,,69.73,
,Merton,5759,,70.1,
,Redbridge,9787,,78.84,
,Richmond upon Thames,4455,,66.83,
,Sutton,5768,,59.96,
,Waltham Forest,9634,,72.59,
,Bracknell Forest,2787,,54.36,
,Brighton and Hove,11578,,60.47,
,Isle of Wight,8173,,51.77,
,Medway,9738,,54.91,
,Milton Keynes,7269,,59.17,
,Portsmouth,8504,,56.39,
,Reading,4754,,59.22,
,Slough,4494,,69.72,
,Southampton,9768,,55.64,
,West Berkshire,3832,,50.52,
,Windsor and Maidenhead,3707,,54.24,
,Wokingham,2769,,52.32,
,Aylesbury Vale,4479,,53.09,
,Chiltern,2069,,51.81,
,South Bucks,1676,,55.18,
,Wycombe,4515,,56.54,
,Eastbourne,5200,,55.01,
,Hastings,5200,,60.01,
,Lewes,4171,,52.83,
,Rother,4817,,53.48,
,Wealden,5487,,51.45,
,Basingstoke and Deane,4050,,48.89,
,East Hampshire,3181,,50.35,
,Eastleigh,3520,,51.18,
,Fareham,3264,,46.96,
,Gosport,2957,,48.83,
,Hart,1555,,52,
,Havant,5522,,52.47,
,New Forest,6682,,49.09,
,Rushmoor,2298,,56.43,
,Test Valley,3616,,49.93,
,Winchester,3291,,49.9,
,Ashford,4128,,52.47,
,Canterbury,6331,,53.38,
,Dartford,2968,,51.24,
,Dover,5422,,53.24,
,Gravesham,3929,,54.49,
,Maidstone,5108,,53.14,
,Sevenoaks,3383,,52.61,
,Shepway,5504,,57.19,
,Swale,5968,,55.86,
,Thanet,9006,,56.95,
,Tonbridge and Malling,3520,,52.84,
,Tunbridge Wells,3419,,52.4,
,Cherwell,3857,,52.17,
,Oxford,4011,,60.01,
,South Oxfordshire,3317,,51.28,
,Vale of White Horse,3059,,50.04,
,West Oxfordshire,2906,,51.42,
,Elmbridge,2930,,56.25,
,Epsom and Ewell,1610,,62.67,
,Guildford,2973,,53.82,
,Mole Valley,2173,,52.17,
,Reigate and Banstead,3351,,54.63,
,Runnymede,2337,,53.96,
,Spelthorne,2549,,54.72,
,Surrey Heath,1776,,51.8,
,Tandridge,2081,,55.1,
,Waverley,3225,,51.68,
,Woking,2287,,58.25,
,Adur,3015,,52.3,
,Arun,7742,,52.18,
,Chichester,4402,,50.24,
,Crawley,3390,,58.99,
,Horsham,3410,,50.28,
,Mid Sussex,3536,,51.12,
,Worthing,4617,,53.06,
,Bath and North East Somerset,6282,,51.63,
,Bournemouth,9351,,56.41,
,"Bristol, City of",17564,,58.99,
,Cornwall,29433,,53.85,
,Isles of Scilly,63,,48.5,
,North Somerset,8669,,52.92,
,Plymouth,11828,,54.62,
,Poole,6427,,51.67,
,South Gloucestershire,8279,,52.09,
,Swindon,7180,,55.18,
,Torbay,9207,,58.33,
,Wiltshire,15347,,51.28,
,East Devon,5948,,52.82,
,Exeter,4499,,54.13,
,Mid Devon,3196,,53.03,
,North Devon,4911,,52.39,
,South Hams,3646,,55.88,
,Teignbridge,6357,,51.73,
,Torridge,3441,,52.35,
,West Devon,2339,,52.53,
,Christchurch,2485,,50.58,
,East Dorset,3455,,48.45,
,North Dorset,2415,,48.84,
,Purbeck,2027,,47.99,
,West Dorset,4357,,49.77,
,Weymouth and Portland,3055,,52.39,
,Cheltenham,3779,,54.84,
,Cotswold,3076,,49.84,
,Forest of Dean,3867,,50.38,
,Gloucester,4788,,55.57,
,Stroud,4223,,52.49,
,Tewkesbury,2754,,50.85,
,Mendip,4406,,53.42,
,Sedgemoor,5250,,51.96,
,South Somerset,6750,,50.46,
,Taunton Deane,4427,,51.81,
,West Somerset,2098,,56.79,
,Total,2292626,,56.89,
May-10,County Durham,31400,,49.82,
,Darlington,5624,,51.13,
,Hartlepool,6315,,50.82,
,Middlesbrough,8462,,53.8,
,Northumberland,15718,,48.34,
,Redcar and Cleveland,8320,,51.34,
,Stockton-on-Tees,9436,,50.99,
,Gateshead,13340,,51.38,
,Newcastle upon Tyne,15746,,56.75,
,North Tyneside,12113,,51.54,
,South Tyneside,11314,,50.86,
,Sunderland,19507,,51.44,
,Blackburn with Darwen,7367,,64.04,
,Blackpool,10546,,59.03,
,Cheshire East,12946,,50.95,
,Cheshire West and Chester,13243,,53.71,
,Halton,6427,,56.29,
,Warrington,7978,,53.45,
,Allerdale,4806,,50.39,
,Barrow-in-Furness,3847,,53.88,
,Carlisle,4595,,52.89,
,Copeland,3174,,50.87,
,Eden,1785,,50.95,
,South Lakeland,3850,,52.22,
,Bolton,14684,,57.46,
,Bury,8333,,54.79,
,Manchester,26045,,68,
,Oldham,11400,,55.8,
,Rochdale,11380,,56.66,
,Salford,13574,,56.92,
,Stockport,12249,,57.72,
,Tameside,11918,,55.53,
,Trafford,8549,,58,
,Wigan,16732,,52.17,
,Burnley,5094,,55.28,
,Chorley,4372,,53.86,
,Fylde,3583,,52.99,
,Hyndburn,4167,,56.03,
,Lancaster,6813,,53.81,
,Pendle,4868,,60.91,
,Preston,6203,,61.09,
,Ribble Valley,1785,,49.55,
,Rossendale,3518,,54.17,
,South Ribble,4025,,53.71,
,West Lancashire,5719,,52.52,
,Wyre,6019,,52.87,
,Knowsley,11382,,59.72,
,Liverpool,32831,,61.72,
,Sefton,16936,,56.64,
,St. Helens,10002,,53.61,
,Wirral,18103,,57.64,
,East Riding of Yorkshire,16163,,48.75,
,"Kingston upon Hull, City of",17303,,53.2,
,North East Lincolnshire,9278,,51.41,
,North Lincolnshire,8397,,49.14,
,York,6647,,49.89,
,Craven,2389,,48.61,
,Hambleton,3072,,48.27,
,Harrogate,5110,,48.57,
,Richmondshire,1488,,48.14,
,Ryedale,2348,,49.08,
,Scarborough,6826,,53.38,
,Selby,2824,,50.26,
,Barnsley,12625,,51.54,
,Doncaster,16333,,50.5,
,Rotherham,14319,,51.74,
,Sheffield,30057,,52.4,
,Bradford,25790,,57.69,
,Calderdale,9552,,52.47,
,Kirklees,18897,,54.32,
,Leeds,34157,,53.2,
,Wakefield,16194,,51.02,
,Derby,11303,,55.64,
,Leicester,17447,,74.47,
,Nottingham,14661,,59.3,
,Rutland,1073,,46.75,
,Amber Valley,5553,,50.83,
,Bolsover,4095,,51.18,
,Chesterfield,5728,,52.24,
,Derbyshire Dales,2649,,50.34,
,Erewash,5153,,48.57,
,High Peak,3520,,52.41,
,North East Derbyshire,4970,,50.26,
,South Derbyshire,3125,,49.21,
,Blaby,3162,,50.55,
,Charnwood,5971,,53.11,
,Harborough,2543,,50.21,
,Hinckley and Bosworth,4204,,48.88,
,Melton,1652,,48.33,
,North West Leicestershire,3618,,51.37,
,Oadby and Wigston,2276,,54.46,
,Boston,3418,,52.73,
,East Lindsey,9531,,52.54,
,Lincoln,4446,,53.09,
,North Kesteven,4479,,48.9,
,South Holland,4576,,47.87,
,South Kesteven,5347,,48.63,
,West Lindsey,4045,,49.37,
,Corby,2466,,51.37,
,Daventry,2291,,49.89,
,East Northamptonshire,3385,,47.57,
,Kettering,3635,,52.87,
,Northampton,8169,,58.13,
,South Northamptonshire,2288,,51.68,
,Wellingborough,3359,,56.22,
,Ashfield,5833,,52.51,
,Bassetlaw,5285,,51.16,
,Broxtowe,4547,,50.95,
,Gedling,4503,,50.71,
,Mansfield,5035,,51.31,
,Newark and Sherwood,4601,,50.18,
,Rushcliffe,3245,,50.84,
,"Herefordshire, County of",8008,,54.84,
,Shropshire,13684,,52.57,
,Stoke-on-Trent,14005,,50.6,
,Telford and Wrekin,7724,,56.24,
,Cannock Chase,4659,,54.32,
,East Staffordshire,4311,,52.45,
,Lichfield,3868,,50.54,
,Newcastle-under-Lyme,5627,,49.06,
,South Staffordshire,4899,,50.09,
,Stafford,4455,,50.15,
,Staffordshire Moorlands,4291,,50.34,
,Tamworth,3562,,51.69,
,North Warwickshire,2928,,50.36,
,Nuneaton and Bedworth,5657,,52.88,
,Rugby,3414,,52.33,
,Stratford-on-Avon,4530,,50.35,
,Warwick,4584,,53.25,
,Birmingham,58998,,64.28,
,Coventry,15817,,61.4,
,Dudley,17938,,52.41,
,Sandwell,21145,,58.77,
,Solihull,8408,,54.69,
,Walsall,16830,,56.63,
,Wolverhampton,15781,,57.62,
,Bromsgrove,3298,,49.2,
,Malvern Hills,3151,,52.44,
,Redditch,3525,,57.39,
,Worcester,3799,,54.15,
,Wychavon,4622,,53.84,
,Wyre Forest,5055,,52.64,
,Bedford,5597,,55.54,
,Central Bedfordshire,7863,,51.68,
,Luton,7686,,66.81,
,Peterborough,7378,,59.69,
,Southend-on-Sea,8405,,59.4,
,Thurrock,5830,,57.46,
,Cambridge,2989,,57.75,
,East Cambridgeshire,2913,,54.45,
,Fenland,5235,,53.28,
,Huntingdonshire,4804,,52.05,
,South Cambridgeshire,3563,,53.42,
,Basildon,7663,,56.83,
,Braintree,5641,,53.47,
,Brentwood,2262,,53.41,
,Castle Point,4334,,55.19,
,Chelmsford,4863,,53.18,
,Colchester,5755,,55.66,
,Epping Forest,4698,,57.5,
,Harlow,3636,,52.28,
,Maldon,2534,,55.58,
,Rochford,3152,,52.32,
,Tendring,9687,,54.78,
,Uttlesford,2224,,52.57,
,Broxbourne,3347,,58.01,
,Dacorum,4404,,55.47,
,East Hertfordshire,3673,,54.62,
,Hertsmere,3289,,60.97,
,North Hertfordshire,4367,,51.75,
,St Albans,3222,,57.7,
,Stevenage,3249,,53.95,
,Three Rivers,2451,,58.9,
,Watford,2580,,59.52,
,Welwyn Hatfield,3392,,54.37,
,Breckland,6292,,50.82,
,Broadland,4922,,49.36,
,Great Yarmouth,6543,,52.03,
,King's Lynn and West Norfolk,8009,,51.66,
,North Norfolk,5972,,51.69,
,Norwich,7030,,54.32,
,South Norfolk,4965,,50.49,
,Babergh,3498,,50.84,
,Forest Heath,2303,,51.33,
,Ipswich,5912,,56.22,
,Mid Suffolk,3465,,50.68,
,St Edmundsbury,3985,,49.89,
,Suffolk Coastal,4871,,53.27,
,Waveney,7009,,51.28,
,Camden,8974,,84.94,
,City of London,169,,86.61,
,Hackney,10899,,85.59,
,Hammersmith and Fulham,6785,,80.49,
,Haringey,10421,,84.81,
,Islington,9574,,80.13,
,Kensington and Chelsea,6199,,85.89,
,Lambeth,11454,,80.23,
,Lewisham,10295,,71.36,
,Newham,12248,,86.39,
,Southwark,11422,,78.63,
,Tower Hamlets,10907,,87.52,
,Wandsworth,9756,,75.74,
,Westminster,8529,,90.73,
,Barking and Dagenham,8350,,66.52,
,Barnet,11659,,81.64,
,Bexley,7398,,59.75,
,Brent,12688,,87.28,
,Bromley,9183,,61.83,
,Croydon,11585,,72.89,
,Ealing,12426,,88.1,
,Enfield,11832,,77.43,
,Greenwich,9333,,73.12,
,Harrow,8444,,92.21,
,Havering,9326,,57.12,
,Hillingdon,8295,,72.59,
,Hounslow,8377,,80.61,
,Kingston upon Thames,4094,,71.35,
,Merton,5769,,71.41,
,Redbridge,9820,,80.27,
,Richmond upon Thames,4447,,67.72,
,Sutton,5760,,61,
,Waltham Forest,9643,,73.95,
,Bracknell Forest,2803,,55.66,
,Brighton and Hove,11572,,61.57,
,Isle of Wight,8133,,52.51,
,Medway,9739,,55.74,
,Milton Keynes,7294,,60.52,
,Portsmouth,8463,,57.29,
,Reading,4817,,60.37,
,Slough,4511,,71.56,
,Southampton,9740,,56.25,
,West Berkshire,3874,,51.71,
,Windsor and Maidenhead,3706,,55.33,
,Wokingham,2762,,53.16,
,Aylesbury Vale,4489,,54,
,Chiltern,2093,,52.81,
,South Bucks,1682,,55.83,
,Wycombe,4483,,57.4,
,Eastbourne,5170,,55.61,
,Hastings,5222,,60.9,
,Lewes,4210,,53.38,
,Rother,4806,,54.38,
,Wealden,5498,,52.24,
,Basingstoke and Deane,4039,,49.63,
,East Hampshire,3174,,50.84,
,Eastleigh,3511,,51.95,
,Fareham,3274,,47.47,
,Gosport,2977,,49.17,
,Hart,1539,,53.02,
,Havant,5536,,53.46,
,New Forest,6646,,49.96,
,Rushmoor,2364,,58.96,
,Test Valley,3595,,50.54,
,Winchester,3280,,50.72,
,Ashford,4132,,53.29,
,Canterbury,6340,,53.96,
,Dartford,2973,,52.51,
,Dover,5404,,54.27,
,Gravesham,3930,,55.48,
,Maidstone,5064,,54.1,
,Sevenoaks,3385,,53.52,
,Shepway,5522,,57.76,
,Swale,5960,,56.55,
,Thanet,9005,,57.76,
,Tonbridge and Malling,3527,,53.55,
,Tunbridge Wells,3397,,53.45,
,Cherwell,3876,,53.15,
,Oxford,4000,,60.96,
,South Oxfordshire,3297,,51.84,
,Vale of White Horse,3038,,50.2,
,West Oxfordshire,2900,,52.15,
,Elmbridge,2952,,57.3,
,Epsom and Ewell,1624,,63.8,
,Guildford,2944,,55.12,
,Mole Valley,2167,,53.05,
,Reigate and Banstead,3346,,56.27,
,Runnymede,2342,,55.25,
,Spelthorne,2564,,55.47,
,Surrey Heath,1770,,52.62,
,Tandridge,2101,,56.12,
,Waverley,3211,,52.52,
,Woking,2302,,59.34,
,Adur,3016,,52.52,
,Arun,7733,,52.88,
,Chichester,4409,,51.06,
,Crawley,3391,,59.85,
,Horsham,3406,,51.09,
,Mid Sussex,3552,,51.67,
,Worthing,4581,,54.15,
,Bath and North East Somerset,6229,,52.33,
,Bournemouth,9329,,57.26,
,"Bristol, City of",17465,,60.09,
,Cornwall,29495,,54.54,
,Isles of Scilly,58,,48.31,
,North Somerset,8687,,53.71,
,Plymouth,11763,,55.3,
,Poole,6442,,52.31,
,South Gloucestershire,8266,,52.61,
,Swindon,7165,,55.96,
,Torbay,9201,,58.98,
,Wiltshire,15298,,52.16,
,East Devon,5948,,53.37,
,Exeter,4503,,54.59,
,Mid Devon,3184,,53.92,
,North Devon,4915,,53.15,
,South Hams,3633,,56.76,
,Teignbridge,6383,,52.49,
,Torridge,3423,,53.3,
,West Devon,2349,,53.1,
,Christchurch,2505,,51.51,
,East Dorset,3473,,49.16,
,North Dorset,2410,,49.73,
,Purbeck,2041,,48.44,
,West Dorset,4344,,51.03,
,Weymouth and Portland,3069,,53.02,
,Cheltenham,3811,,55.73,
,Cotswold,3063,,50.49,
,Forest of Dean,3874,,51.33,
,Gloucester,4775,,56.74,
,Stroud,4219,,53.44,
,Tewkesbury,2742,,51.58,
,Mendip,4412,,54.31,
,Sedgemoor,5267,,52.72,
,South Somerset,6765,,50.8,
,Taunton Deane,4460,,52.95,
,West Somerset,2105,,57.29,
,Total,2292406,,57.78,
Aug-10,County Durham,31342,,49.79,
,Darlington,5636,,51.15,
,Hartlepool,6307,,50.63,
,Middlesbrough,8437,,53.78,
,Northumberland,15699,,48.55,
,Redcar and Cleveland,8307,,51.47,
,Stockton-on-Tees,9395,,50.94,
,Gateshead,13266,,51.46,
,Newcastle upon Tyne,15667,,56.83,
,North Tyneside,12073,,51.58,
,South Tyneside,11301,,51,
,Sunderland,19436,,51.44,
,Blackburn with Darwen,7383,,63.85,
,Blackpool,10535,,58.71,
,Cheshire East,12913,,50.75,
,Cheshire West and Chester,13230,,53.56,
,Halton,6442,,56.29,
,Warrington,7952,,53.14,
,Allerdale,4796,,49.86,
,Barrow-in-Furness,3841,,54,
,Carlisle,4580,,52.68,
,Copeland,3147,,50.45,
,Eden,1776,,51.58,
,South Lakeland,3834,,52,
,Bolton,14642,,57.51,
,Bury,8280,,54.79,
,Manchester,25900,,67.96,
,Oldham,11411,,55.54,
,Rochdale,11390,,56.51,
,Salford,13518,,56.64,
,Stockport,12202,,57.71,
,Tameside,11871,,55.22,
,Trafford,8521,,57.77,
,Wigan,16674,,51.91,
,Burnley,5059,,55.23,
,Chorley,4373,,53.29,
,Fylde,3603,,52.9,
,Hyndburn,4166,,56.2,
,Lancaster,6770,,53.68,
,Pendle,4894,,60.47,
,Preston,6174,,60.77,
,Ribble Valley,1776,,49.63,
,Rossendale,3513,,54.09,
,South Ribble,4017,,53.47,
,West Lancashire,5691,,52.39,
,Wyre,6034,,52.56,
,Knowsley,11316,,59.18,
,Liverpool,32689,,61.39,
,Sefton,16852,,56.43,
,St. Helens,10026,,53.54,
,Wirral,18054,,57.53,
,East Riding of Yorkshire,16109,,48.5,
,"Kingston upon Hull, City of",17240,,52.97,
,North East Lincolnshire,9259,,51.24,
,North Lincolnshire,8388,,49.02,
,York,6584,,49.87,
,Craven,2369,,47.96,
,Hambleton,3075,,48.74,
,Harrogate,5072,,48.36,
,Richmondshire,1483,,48.92,
,Ryedale,2335,,48.8,
,Scarborough,6819,,53.32,
,Selby,2826,,50.43,
,Barnsley,12621,,51.24,
,Doncaster,16243,,50.49,
,Rotherham,14285,,51.62,
,Sheffield,29828,,52.35,
,Bradford,25644,,57.88,
,Calderdale,9508,,52.3,
,Kirklees,18858,,54.2,
,Leeds,33969,,53.12,
,Wakefield,16103,,50.94,
,Derby,11274,,55.32,
,Leicester,17407,,74.5,
,Nottingham,14640,,59.34,
,Rutland,1083,,47.14,
,Amber Valley,5557,,50.73,
,Bolsover,4078,,51.2,
,Chesterfield,5693,,51.97,
,Derbyshire Dales,2632,,50.48,
,Erewash,5150,,48.38,
,High Peak,3524,,52.5,
,North East Derbyshire,4940,,50.3,
,South Derbyshire,3142,,49.16,
,Blaby,3189,,50.98,
,Charnwood,5932,,53.03,
,Harborough,2541,,50.72,
,Hinckley and Bosworth,4198,,49.02,
,Melton,1650,,48.85,
,North West Leicestershire,3627,,51.2,
,Oadby and Wigston,2283,,54.31,
,Boston,3410,,52.66,
,East Lindsey,9563,,52.4,
,Lincoln,4434,,53.24,
,North Kesteven,4490,,48.75,
,South Holland,4561,,47.64,
,South Kesteven,5343,,48.59,
,West Lindsey,4067,,49.5,
,Corby,2470,,51.5,
,Daventry,2291,,49.89,
,East Northamptonshire,3368,,47.29,
,Kettering,3628,,52.9,
,Northampton,8152,,58.16,
,South Northamptonshire,2287,,51.81,
,Wellingborough,3384,,56.44,
,Ashfield,5814,,52.17,
,Bassetlaw,5300,,50.94,
,Broxtowe,4569,,50.85,
,Gedling,4512,,51,
,Mansfield,5025,,50.93,
,Newark and Sherwood,4615,,50.35,
,Rushcliffe,3247,,51.3,
,"Herefordshire, County of",7972,,54.67,
,Shropshire,13669,,52.24,
,Stoke-on-Trent,13943,,50.43,
,Telford and Wrekin,7737,,56.04,
,Cannock Chase,4662,,54.04,
,East Staffordshire,4305,,52.28,
,Lichfield,3900,,50.29,
,Newcastle-under-Lyme,5623,,48.79,
,South Staffordshire,4909,,49.85,
,Stafford,4477,,49.75,
,Staffordshire Moorlands,4269,,50.04,
,Tamworth,3550,,51.44,
,North Warwickshire,2920,,50.38,
,Nuneaton and Bedworth,5653,,52.84,
,Rugby,3415,,52.34,
,Stratford-on-Avon,4521,,50.16,
,Warwick,4603,,53.26,
,Birmingham,58804,,64.21,
,Coventry,15798,,61.13,
,Dudley,17893,,52.36,
,Sandwell,21067,,58.71,
,Solihull,8399,,54.63,
,Walsall,16811,,56.77,
,Wolverhampton,15729,,57.51,
,Bromsgrove,3292,,49.37,
,Malvern Hills,3156,,52.14,
,Redditch,3522,,57.28,
,Worcester,3754,,54.05,
,Wychavon,4593,,54.02,
,Wyre Forest,5051,,52.69,
,Bedford,5593,,55.31,
,Central Bedfordshire,7844,,51.65,
,Luton,7660,,66.68,
,Peterborough,7347,,59.63,
,Southend-on-Sea,8390,,59.08,
,Thurrock,5809,,57.77,
,Cambridge,2972,,58.18,
,East Cambridgeshire,2925,,54.49,
,Fenland,5207,,53.08,
,Huntingdonshire,4781,,51.32,
,South Cambridgeshire,3551,,53.07,
,Basildon,7652,,56.7,
,Braintree,5663,,53.1,
,Brentwood,2258,,53.33,
,Castle Point,4347,,55.35,
,Chelmsford,4856,,52.85,
,Colchester,5743,,55.72,
,Epping Forest,4675,,57.61,
,Harlow,3596,,51.77,
,Maldon,2551,,55.4,
,Rochford,3125,,52.58,
,Tendring,9743,,54.58,
,Uttlesford,2239,,52.17,
,Broxbourne,3347,,57.89,
,Dacorum,4406,,55.24,
,East Hertfordshire,3631,,54.49,
,Hertsmere,3311,,61.28,
,North Hertfordshire,4340,,51.5,
,St Albans,3194,,57.46,
,Stevenage,3250,,53.97,
,Three Rivers,2449,,58.63,
,Watford,2569,,59.16,
,Welwyn Hatfield,3385,,54.01,
,Breckland,6290,,50.8,
,Broadland,4892,,48.9,
,Great Yarmouth,6567,,51.9,
,King's Lynn and West Norfolk,8032,,51.33,
,North Norfolk,6002,,51.68,
,Norwich,7006,,54.08,
,South Norfolk,4931,,50.16,
,Babergh,3488,,50.54,
,Forest Heath,2320,,51.77,
,Ipswich,5882,,56.24,
,Mid Suffolk,3477,,50.53,
,St Edmundsbury,3983,,50.24,
,Suffolk Coastal,4858,,53.04,
,Waveney,7028,,51.32,
,Camden,8951,,84.6,
,City of London,168,,87.1,
,Hackney,10852,,85.43,
,Hammersmith and Fulham,6758,,80.23,
,Haringey,10388,,84.85,
,Islington,9554,,80.04,
,Kensington and Chelsea,6160,,85.68,
,Lambeth,11427,,80.23,
,Lewisham,10260,,71.36,
,Newham,12233,,86.42,
,Southwark,11372,,78.52,
,Tower Hamlets,10855,,87.44,
,Wandsworth,9685,,75.49,
,Westminster,8531,,90.76,
,Barking and Dagenham,8311,,66.27,
,Barnet,11650,,81.61,
,Bexley,7328,,59.74,
,Brent,12700,,87.66,
,Bromley,9191,,61.95,
,Croydon,11579,,72.92,
,Ealing,12417,,88.05,
,Enfield,11823,,77.39,
,Greenwich,9304,,73.29,
,Harrow,8467,,91.83,
,Havering,9286,,57.1,
,Hillingdon,8266,,72.71,
,Hounslow,8417,,80.58,
,Kingston upon Thames,4086,,71.09,
,Merton,5772,,71.38,
,Redbridge,9820,,80.8,
,Richmond upon Thames,4416,,67.54,
,Sutton,5745,,61.17,
,Waltham Forest,9607,,73.99,
,Bracknell Forest,2797,,55.77,
,Brighton and Hove,11525,,61.73,
,Isle of Wight,8122,,52.39,
,Medway,9748,,55.59,
,Milton Keynes,7300,,60.73,
,Portsmouth,8445,,57.17,
,Reading,4845,,60.61,
,Slough,4502,,71.78,
,Southampton,9724,,56.05,
,West Berkshire,3866,,51.76,
,Windsor and Maidenhead,3726,,55.81,
,Wokingham,2753,,52.97,
,Aylesbury Vale,4488,,54.19,
,Chiltern,2075,,53.3,
,South Bucks,1674,,56.35,
,Wycombe,4481,,58.02,
,Eastbourne,5183,,55.7,
,Hastings,5241,,60.87,
,Lewes,4209,,53.57,
,Rother,4833,,54.27,
,Wealden,5481,,52.22,
,Basingstoke and Deane,4047,,50.25,
,East Hampshire,3186,,50.93,
,Eastleigh,3527,,52.3,
,Fareham,3283,,48.05,
,Gosport,3007,,49.38,
,Hart,1543,,53.61,
,Havant,5537,,53.38,
,New Forest,6628,,50.03,
,Rushmoor,2463,,61.84,
,Test Valley,3573,,50.49,
,Winchester,3272,,51.38,
,Ashford,4126,,53.63,
,Canterbury,6329,,54.11,
,Dartford,2986,,52.71,
,Dover,5403,,54.54,
,Gravesham,3919,,55.44,
,Maidstone,5079,,54.01,
,Sevenoaks,3381,,53.87,
,Shepway,5522,,57.64,
,Swale,5987,,56.52,
,Thanet,8970,,57.78,
,Tonbridge and Malling,3540,,53.3,
,Tunbridge Wells,3387,,53.45,
,Cherwell,3849,,53.17,
,Oxford,3994,,60.76,
,South Oxfordshire,3285,,52.1,
,Vale of White Horse,3024,,50.01,
,West Oxfordshire,2897,,51.92,
,Elmbridge,2929,,57.38,
,Epsom and Ewell,1608,,63.77,
,Guildford,2918,,55.49,
,Mole Valley,2138,,53.38,
,Reigate and Banstead,3362,,56.44,
,Runnymede,2332,,55.08,
,Spelthorne,2561,,56.05,
,Surrey Heath,1757,,52.09,
,Tandridge,2090,,56.13,
,Waverley,3177,,52.31,
,Woking,2309,,59.46,
,Adur,3023,,52.56,
,Arun,7702,,52.95,
,Chichester,4430,,51.3,
,Crawley,3397,,60.03,
,Horsham,3428,,51.14,
,Mid Sussex,3559,,51.72,
,Worthing,4571,,54.06,
,Bath and North East Somerset,6179,,52.42,
,Bournemouth,9283,,57.04,
,"Bristol, City of",17349,,60.13,
,Cornwall,29446,,54.44,
,Isles of Scilly,56,,45.12,
,North Somerset,8690,,53.59,
,Plymouth,11703,,54.9,
,Poole,6444,,52.26,
,South Gloucestershire,8269,,52.47,
,Swindon,7189,,56.32,
,Torbay,9172,,59.11,
,Wiltshire,15239,,52.02,
,East Devon,5932,,52.92,
,Exeter,4496,,54.61,
,Mid Devon,3215,,53.99,
,North Devon,4910,,52.91,
,South Hams,3638,,56.56,
,Teignbridge,6381,,52.54,
,Torridge,3438,,53.33,
,West Devon,2366,,52.94,
,Christchurch,2514,,51.51,
,East Dorset,3470,,49.06,
,North Dorset,2415,,49.77,
,Purbeck,2023,,47.96,
,West Dorset,4360,,50.83,
,Weymouth and Portland,3058,,52.64,
,Cheltenham,3813,,55.82,
,Cotswold,3048,,50.52,
,Forest of Dean,3866,,51.37,
,Gloucester,4788,,56.75,
,Stroud,4180,,53.46,
,Tewkesbury,2741,,51.83,
,Mendip,4429,,54.39,
,Sedgemoor,5272,,52.77,
,South Somerset,6761,,50.57,
,Taunton Deane,4427,,53.21,
,West Somerset,2100,,56.92,
,Total,2287644,,57.72,
Nov-10,County Durham,31221,,49.39,
,Darlington,5617,,50.68,
,Hartlepool,6296,,50.3,
,Middlesbrough,8478,,53.09,
,Northumberland,15619,,48.21,
,Redcar and Cleveland,8273,,50.75,
,Stockton-on-Tees,9351,,50.48,
,Gateshead,13180,,51.12,
,Newcastle upon Tyne,15606,,56.69,
,North Tyneside,11950,,51.36,
,South Tyneside,11205,,50.51,
,Sunderland,19271,,50.98,
,Blackburn with Darwen,7359,,63.46,
,Blackpool,10511,,57.79,
,Cheshire East,12870,,50.45,
,Cheshire West and Chester,13176,,53.21,
,Halton,6446,,55.97,
,Warrington,7922,,52.41,
,Allerdale,4742,,49.37,
,Barrow-in-Furness,3814,,53.58,
,Carlisle,4570,,52.21,
,Copeland,3143,,50.15,
,Eden,1755,,51.35,
,South Lakeland,3819,,51.46,
,Bolton,14627,,57.32,
,Bury,8186,,54.06,
,Manchester,25839,,67.63,
,Oldham,11399,,55.18,
,Rochdale,11336,,56.3,
,Salford,13538,,56.39,
,Stockport,12079,,57.3,
,Tameside,11817,,54.86,
,Trafford,8462,,57.31,
,Wigan,16684,,51.47,
,Burnley,5033,,55,
,Chorley,4371,,52.9,
,Fylde,3602,,52.08,
,Hyndburn,4158,,56.18,
,Lancaster,6757,,53,
,Pendle,4872,,60.13,
,Preston,6171,,60.57,
,Ribble Valley,1767,,49.82,
,Rossendale,3500,,53.48,
,South Ribble,4000,,52.74,
,West Lancashire,5710,,51.54,
,Wyre,5996,,52.08,
,Knowsley,11277,,58.78,
,Liverpool,32589,,61.06,
,Sefton,16767,,55.99,
,St. Helens,9946,,53.38,
,Wirral,17978,,57.01,
,East Riding of Yorkshire,16046,,48.08,
,"Kingston upon Hull, City of",17185,,52.55,
,North East Lincolnshire,9290,,50.67,
,North Lincolnshire,8330,,48.57,
,York,6530,,49.28,
,Craven,2350,,47.31,
,Hambleton,3081,,48.51,
,Harrogate,5045,,47.68,
,Richmondshire,1474,,48.18,
,Ryedale,2300,,48.23,
,Scarborough,6755,,52.84,
,Selby,2823,,50.1,
,Barnsley,12584,,51.03,
,Doncaster,16164,,50.31,
,Rotherham,14271,,51.49,
,Sheffield,29568,,52.24,
,Bradford,25510,,57.49,
,Calderdale,9484,,51.92,
,Kirklees,18768,,54.13,
,Leeds,33682,,52.82,
,Wakefield,16008,,50.57,
,Derby,11228,,54.99,
,Leicester,17370,,74.21,
,Nottingham,14600,,58.89,
,Rutland,1079,,46.49,
,Amber Valley,5536,,50.39,
,Bolsover,4059,,50.33,
,Chesterfield,5650,,51.22,
,Derbyshire Dales,2603,,50.06,
,Erewash,5143,,48.06,
,High Peak,3515,,51.63,
,North East Derbyshire,4949,,49.72,
,South Derbyshire,3131,,48.47,
,Blaby,3166,,50.29,
,Charnwood,5879,,52.69,
,Harborough,2541,,50,
,Hinckley and Bosworth,4179,,48.34,
,Melton,1635,,48.1,
,North West Leicestershire,3617,,50.93,
,Oadby and Wigston,2288,,53.61,
,Boston,3403,,51.49,
,East Lindsey,9590,,52.26,
,Lincoln,4420,,53.05,
,North Kesteven,4493,,48.13,
,South Holland,4551,,47.23,
,South Kesteven,5321,,48.22,
,West Lindsey,4069,,49.25,
,Corby,2461,,51.28,
,Daventry,2290,,49.67,
,East Northamptonshire,3356,,47.06,
,Kettering,3630,,52.46,
,Northampton,8100,,57.66,
,South Northamptonshire,2289,,51.02,
,Wellingborough,3384,,56.07,
,Ashfield,5810,,51.71,
,Bassetlaw,5270,,50.28,
,Broxtowe,4563,,50.04,
,Gedling,4498,,50.81,
,Mansfield,4992,,50.61,
,Newark and Sherwood,4611,,49.28,
,Rushcliffe,3243,,50.7,
,"Herefordshire, County of",7993,,54.26,
,Shropshire,13678,,52.31,
,Stoke-on-Trent,13922,,50.27,
,Telford and Wrekin,7709,,55.96,
,Cannock Chase,4674,,53.36,
,East Staffordshire,4308,,52.01,
,Lichfield,3862,,49.85,
,Newcastle-under-Lyme,5598,,48.34,
,South Staffordshire,4879,,49.37,
,Stafford,4469,,49.12,
,Staffordshire Moorlands,4257,,49.56,
,Tamworth,3546,,50.62,
,North Warwickshire,2900,,49.42,
,Nuneaton and Bedworth,5636,,52.45,
,Rugby,3383,,51.9,
,Stratford-on-Avon,4506,,49.93,
,Warwick,4626,,52.89,
,Birmingham,58437,,63.68,
,Coventry,15737,,60.47,
,Dudley,17813,,52.14,
,Sandwell,20971,,58.41,
,Solihull,8351,,53.91,
,Walsall,16776,,56.35,
,Wolverhampton,15679,,57.21,
,Bromsgrove,3267,,48.48,
,Malvern Hills,3134,,51.73,
,Redditch,3524,,56.12,
,Worcester,3715,,53.36,
,Wychavon,4559,,53.22,
,Wyre Forest,5072,,52.04,
,Bedford,5597,,55.17,
,Central Bedfordshire,7794,,50.98,
,Luton,7613,,66.22,
,Peterborough,7328,,59.28,
,Southend-on-Sea,8354,,58.06,
,Thurrock,5796,,57.12,
,Cambridge,2938,,57.67,
,East Cambridgeshire,2909,,53.71,
,Fenland,5216,,52.09,
,Huntingdonshire,4758,,50.7,
,South Cambridgeshire,3528,,52.69,
,Basildon,7576,,56.02,
,Braintree,5676,,52.36,
,Brentwood,2272,,52.25,
,Castle Point,4344,,53.65,
,Chelmsford,4833,,52.08,
,Colchester,5757,,55.27,
,Epping Forest,4655,,56.6,
,Harlow,3593,,51.4,
,Maldon,2557,,54.09,
,Rochford,3106,,52.1,
,Tendring,9731,,53.85,
,Uttlesford,2222,,51.72,
,Broxbourne,3338,,56.54,
,Dacorum,4374,,54.43,
,East Hertfordshire,3597,,53.63,
,Hertsmere,3303,,60.23,
,North Hertfordshire,4318,,50.98,
,St Albans,3172,,56.42,
,Stevenage,3252,,53.21,
,Three Rivers,2426,,58.21,
,Watford,2600,,58.32,
,Welwyn Hatfield,3375,,52.87,
,Breckland,6267,,50.35,
,Broadland,4864,,48.16,
,Great Yarmouth,6579,,51.17,
,King's Lynn and West Norfolk,7998,,50.63,
,North Norfolk,6011,,51.19,
,Norwich,6982,,53.62,
,South Norfolk,4921,,49.52,
,Babergh,3468,,50.01,
,Forest Heath,2335,,51.7,
,Ipswich,5837,,55.69,
,Mid Suffolk,3499,,49.85,
,St Edmundsbury,3956,,49.86,
,Suffolk Coastal,4859,,52.58,
,Waveney,7033,,50.76,
,Camden,8909,,84.06,
,City of London,167,,87.7,
,Hackney,10823,,84.76,
,Hammersmith and Fulham,6736,,80.14,
,Haringey,10381,,83.99,
,Islington,9560,,79.81,
,Kensington and Chelsea,6150,,84.99,
,Lambeth,11391,,79.41,
,Lewisham,10227,,70.69,
,Newham,12235,,85.78,
,Southwark,11304,,77.87,
,Tower Hamlets,10820,,86.89,
,Wandsworth,9646,,74.77,
,Westminster,8508,,90.09,
,Barking and Dagenham,8259,,65.55,
,Barnet,11618,,80.68,
,Bexley,7284,,59.01,
,Brent,12690,,86.91,
,Bromley,9164,,61.11,
,Croydon,11558,,71.77,
,Ealing,12410,,87.01,
,Enfield,11792,,76.37,
,Greenwich,9279,,72.84,
,Harrow,8458,,91.09,
,Havering,9257,,56.56,
,Hillingdon,8269,,72.31,
,Hounslow,8410,,79.55,
,Kingston upon Thames,4077,,69.88,
,Merton,5759,,70.45,
,Redbridge,9830,,79.64,
,Richmond upon Thames,4372,,66.83,
,Sutton,5737,,60.51,
,Waltham Forest,9601,,72.92,
,Bracknell Forest,2775,,55.02,
,Brighton and Hove,11481,,61.16,
,Isle of Wight,8109,,52.02,
,Medway,9671,,54.94,
,Milton Keynes,7302,,59.97,
,Portsmouth,8394,,56.33,
,Reading,4834,,60.75,
,Slough,4504,,71.44,
,Southampton,9695,,56.04,
,West Berkshire,3846,,51.3,
,Windsor and Maidenhead,3694,,55.64,
,Wokingham,2749,,52.37,
,Aylesbury Vale,4450,,53.89,
,Chiltern,2069,,53.24,
,South Bucks,1666,,57.21,
,Wycombe,4482,,57.11,
,Eastbourne,5156,,54.81,
,Hastings,5260,,60.3,
,Lewes,4190,,52.86,
,Rother,4802,,53.93,
,Wealden,5439,,51.6,
,Basingstoke and Deane,4037,,50.07,
,East Hampshire,3172,,49.92,
,Eastleigh,3510,,51.91,
,Fareham,3242,,47.49,
,Gosport,2985,,48.71,
,Hart,1538,,53.48,
,Havant,5535,,52.71,
,New Forest,6569,,49.86,
,Rushmoor,2597,,64.53,
,Test Valley,3569,,50.43,
,Winchester,3260,,51.39,
,Ashford,4130,,53.98,
,Canterbury,6303,,53.78,
,Dartford,2986,,52.59,
,Dover,5405,,54.13,
,Gravesham,3870,,55.01,
,Maidstone,5052,,53.55,
,Sevenoaks,3354,,53.65,
,Shepway,5519,,57.39,
,Swale,5966,,55.15,
,Thanet,8930,,57.27,
,Tonbridge and Malling,3524,,52.81,
,Tunbridge Wells,3359,,53.38,
,Cherwell,3828,,53.24,
,Oxford,3969,,60.98,
,South Oxfordshire,3266,,51.94,
,Vale of White Horse,3002,,50.18,
,West Oxfordshire,2907,,51.68,
,Elmbridge,2913,,57.34,
,Epsom and Ewell,1609,,62.81,
,Guildford,2903,,55.34,
,Mole Valley,2125,,53.41,
,Reigate and Banstead,3342,,55.43,
,Runnymede,2313,,54.43,
,Spelthorne,2551,,55.2,
,Surrey Heath,1753,,52.31,
,Tandridge,2084,,54.7,
,Waverley,3151,,52.32,
,Woking,2304,,59.1,
,Adur,2994,,51.68,
,Arun,7693,,52.01,
,Chichester,4407,,51.07,
,Crawley,3385,,59.16,
,Horsham,3420,,51.08,
,Mid Sussex,3548,,51.59,
,Worthing,4557,,53.33,
,Bath and North East Somerset,6133,,51.96,
,Bournemouth,9252,,56.17,
,"Bristol, City of",17296,,59.99,
,Cornwall,29442,,53.85,
,Isles of Scilly,60,,46.2,
,North Somerset,8654,,53,
,Plymouth,11632,,54.56,
,Poole,6437,,51.49,
,South Gloucestershire,8212,,52.06,
,Swindon,7214,,56.11,
,Torbay,9149,,57.87,
,Wiltshire,15175,,51.69,
,East Devon,5934,,52.38,
,Exeter,4472,,54.24,
,Mid Devon,3204,,53.2,
,North Devon,4879,,52.3,
,South Hams,3599,,56.05,
,Teignbridge,6320,,52.39,
,Torridge,3426,,51.99,
,West Devon,2348,,52.3,
,Christchurch,2502,,50.49,
,East Dorset,3484,,48.16,
,North Dorset,2418,,49.52,
,Purbeck,2018,,47.35,
,West Dorset,4335,,50.73,
,Weymouth and Portland,3042,,51.9,
,Cheltenham,3788,,55.57,
,Cotswold,3036,,50.14,
,Forest of Dean,3860,,50.58,
,Gloucester,4786,,56.24,
,Stroud,4163,,52.86,
,Tewkesbury,2735,,51.09,
,Mendip,4410,,53.55,
,Sedgemoor,5266,,52.59,
,South Somerset,6726,,50.32,
,Taunton Deane,4427,,52.98,
,West Somerset,2075,,55.83,
,Total,2279515,,57.24,
Feb-11,County Durham,30915,,49.32,
,Darlington,5588,,50.72,
,Hartlepool,6233,,50.39,
,Middlesbrough,8457,,52.89,
,Northumberland,15478,,48.16,
,Redcar and Cleveland,8224,,50.54,
,Stockton-on-Tees,9257,,50.12,
,Gateshead,13050,,50.89,
,Newcastle upon Tyne,15442,,56.46,
,North Tyneside,11811,,51.14,
,South Tyneside,11054,,50.36,
,Sunderland,19079,,50.83,
,Blackburn with Darwen,7277,,63.24,
,Blackpool,10425,,57.54,
,Cheshire East,12729,,50.52,
,Cheshire West and Chester,13102,,53.03,
,Halton,6427,,56.17,
,Warrington,7869,,52.33,
,Allerdale,4685,,49.27,
,Barrow-in-Furness,3751,,53.68,
,Carlisle,4539,,52.29,
,Copeland,3122,,50.32,
,Eden,1723,,51.23,
,South Lakeland,3790,,51.16,
,Bolton,14539,,57.18,
,Bury,8110,,54.07,
,Manchester,25639,,67.33,
,Oldham,11293,,55.09,
,Rochdale,11236,,56.37,
,Salford,13441,,56.22,
,Stockport,11945,,57.32,
,Tameside,11739,,54.91,
,Trafford,8379,,56.97,
,Wigan,16516,,51.15,
,Burnley,4980,,54.74,
,Chorley,4349,,52.89,
,Fylde,3567,,52.19,
,Hyndburn,4110,,55.92,
,Lancaster,6724,,52.95,
,Pendle,4834,,60.03,
,Preston,6109,,60.45,
,Ribble Valley,1759,,49.99,
,Rossendale,3465,,53,
,South Ribble,4006,,52.54,
,West Lancashire,5636,,51.42,
,Wyre,5987,,52.03,
,Knowsley,11195,,58.58,
,Liverpool,32267,,60.92,
,Sefton,16671,,55.94,
,St. Helens,9854,,53.53,
,Wirral,17799,,56.87,
,East Riding of Yorkshire,15914,,47.87,
,"Kingston upon Hull, City of",17007,,52.51,
,North East Lincolnshire,9270,,50.73,
,North Lincolnshire,8248,,48.46,
,York,6471,,49.07,
,Craven,2325,,46.92,
,Hambleton,3046,,48.13,
,Harrogate,4986,,47.49,
,Richmondshire,1461,,48.53,
,Ryedale,2256,,48.08,
,Scarborough,6695,,52.75,
,Selby,2790,,50.04,
,Barnsley,12477,,50.73,
,Doncaster,16004,,50.33,
,Rotherham,14169,,51.13,
,Sheffield,29222,,52.06,
,Bradford,25260,,57.22,
,Calderdale,9384,,51.87,
,Kirklees,18557,,53.9,
,Leeds,33316,,52.54,
,Wakefield,15813,,50.25,
,Derby,11072,,54.97,
,Leicester,17194,,74.18,
,Nottingham,14485,,58.79,
,Rutland,1072,,46.03,
,Amber Valley,5462,,50.51,
,Bolsover,4007,,49.9,
,Chesterfield,5597,,50.89,
,Derbyshire Dales,2579,,49.98,
,Erewash,5080,,47.77,
,High Peak,3495,,51.57,
,North East Derbyshire,4890,,49.7,
,South Derbyshire,3100,,48.52,
,Blaby,3147,,50.42,
,Charnwood,5825,,52.78,
,Harborough,2503,,49.8,
,Hinckley and Bosworth,4131,,48.15,
,Melton,1608,,47.76,
,North West Leicestershire,3556,,50.66,
,Oadby and Wigston,2255,,53.29,
,Boston,3388,,51.44,
,East Lindsey,9518,,52.16,
,Lincoln,4382,,52.67,
,North Kesteven,4467,,47.93,
,South Holland,4521,,46.85,
,South Kesteven,5285,,48.05,
,West Lindsey,4035,,49.21,
,Corby,2438,,51.05,
,Daventry,2273,,49.36,
,East Northamptonshire,3331,,47.3,
,Kettering,3596,,52.49,
,Northampton,7976,,57.71,
,South Northamptonshire,2274,,51.11,
,Wellingborough,3359,,56.23,
,Ashfield,5746,,51.55,
,Bassetlaw,5213,,50.07,
,Broxtowe,4520,,49.89,
,Gedling,4465,,50.63,
,Mansfield,4928,,50.54,
,Newark and Sherwood,4583,,49.27,
,Rushcliffe,3218,,50.44,
,"Herefordshire, County of",7902,,54.17,
,Shropshire,13527,,52.3,
,Stoke-on-Trent,13807,,50.36,
,Telford and Wrekin,7688,,55.69,
,Cannock Chase,4668,,53.24,
,East Staffordshire,4277,,51.62,
,Lichfield,3812,,49.8,
,Newcastle-under-Lyme,5560,,48.38,
,South Staffordshire,4834,,48.95,
,Stafford,4433,,49.23,
,Staffordshire Moorlands,4191,,49.08,
,Tamworth,3508,,50.54,
,North Warwickshire,2889,,49.54,
,Nuneaton and Bedworth,5577,,52.54,
,Rugby,3358,,52.28,
,Stratford-on-Avon,4469,,49.88,
,Warwick,4570,,52.81,
,Birmingham,57836,,63.55,
,Coventry,15584,,60.37,
,Dudley,17623,,52.02,
,Sandwell,20756,,58.29,
,Solihull,8264,,53.73,
,Walsall,16629,,56.36,
,Wolverhampton,15505,,56.82,
,Bromsgrove,3227,,48.4,
,Malvern Hills,3115,,52.12,
,Redditch,3527,,55.74,
,Worcester,3704,,53.44,
,Wychavon,4519,,53.11,
,Wyre Forest,5045,,51.87,
,Bedford,5546,,55.12,
,Central Bedfordshire,7702,,50.78,
,Luton,7559,,65.89,
,Peterborough,7274,,59.27,
,Southend-on-Sea,8286,,57.95,
,Thurrock,5737,,57.17,
,Cambridge,2927,,57.7,
,East Cambridgeshire,2868,,53.94,
,Fenland,5201,,51.75,
,Huntingdonshire,4771,,50.52,
,South Cambridgeshire,3517,,52.41,
,Basildon,7501,,56.11,
,Braintree,5680,,52.38,
,Brentwood,2242,,52.28,
,Castle Point,4307,,53.21,
,Chelmsford,4791,,51.85,
,Colchester,5692,,55.07,
,Epping Forest,4600,,56.7,
,Harlow,3562,,51.16,
,Maldon,2562,,53.57,
,Rochford,3090,,51.83,
,Tendring,9647,,53.79,
,Uttlesford,2234,,50.57,
,Broxbourne,3302,,56.34,
,Dacorum,4330,,54.45,
,East Hertfordshire,3566,,53.96,
,Hertsmere,3283,,59.83,
,North Hertfordshire,4267,,50.65,
,St Albans,3147,,56.2,
,Stevenage,3235,,52.84,
,Three Rivers,2392,,58.32,
,Watford,2573,,58.62,
,Welwyn Hatfield,3325,,53.14,
,Breckland,6209,,50.17,
,Broadland,4830,,48.15,
,Great Yarmouth,6552,,50.82,
,King's Lynn and West Norfolk,7943,,50.48,
,North Norfolk,5936,,51.18,
,Norwich,6919,,53.71,
,South Norfolk,4890,,49.14,
,Babergh,3447,,49.77,
,Forest Heath,2329,,51.58,
,Ipswich,5791,,55.47,
,Mid Suffolk,3487,,49.9,
,St Edmundsbury,3916,,49.25,
,Suffolk Coastal,4790,,52.52,
,Waveney,6990,,50.48,
,Camden,8824,,83.83,
,City of London,162,,84.68,
,Hackney,10788,,84.28,
,Hammersmith and Fulham,6684,,79.99,
,Haringey,10337,,83.81,
,Islington,9529,,79.63,
,Kensington and Chelsea,6119,,84.51,
,Lambeth,11351,,78.94,
,Lewisham,10148,,70.46,
,Newham,12181,,85.65,
,Southwark,11220,,77.72,
,Tower Hamlets,10728,,86.52,
,Wandsworth,9598,,74.34,
,Westminster,8473,,89.99,
,Barking and Dagenham,8180,,65.52,
,Barnet,11564,,80.79,
,Bexley,7261,,59.28,
,Brent,12647,,86.94,
,Bromley,9063,,61.01,
,Croydon,11476,,71.72,
,Ealing,12316,,87.04,
,Enfield,11763,,76.28,
,Greenwich,9244,,72.81,
,Harrow,8417,,91.01,
,Havering,9181,,56.25,
,Hillingdon,8222,,72.25,
,Hounslow,8347,,79.41,
,Kingston upon Thames,4038,,70.28,
,Merton,5716,,70.41,
,Redbridge,9771,,79.83,
,Richmond upon Thames,4338,,67.03,
,Sutton,5683,,60.55,
,Waltham Forest,9527,,72.82,
,Bracknell Forest,2766,,55.51,
,Brighton and Hove,11333,,61.05,
,Isle of Wight,8031,,51.66,
,Medway,9602,,54.99,
,Milton Keynes,7260,,60.06,
,Portsmouth,8299,,56.14,
,Reading,4809,,60.91,
,Slough,4496,,71.99,
,Southampton,9609,,56.2,
,West Berkshire,3797,,51.33,
,Windsor and Maidenhead,3670,,55.78,
,Wokingham,2745,,52.74,
,Aylesbury Vale,4428,,53.98,
,Chiltern,2049,,53.42,
,South Bucks,1660,,57.33,
,Wycombe,4458,,57.49,
,Eastbourne,5093,,55.32,
,Hastings,5229,,60.06,
,Lewes,4137,,52.74,
,Rother,4777,,53.73,
,Wealden,5381,,51.43,
,Basingstoke and Deane,4017,,50.38,
,East Hampshire,3128,,50.12,
,Eastleigh,3506,,51.78,
,Fareham,3235,,47.82,
,Gosport,2956,,48.6,
,Hart,1532,,54.02,
,Havant,5488,,53.01,
,New Forest,6503,,49.94,
,Rushmoor,2642,,67.81,
,Test Valley,3535,,50.62,
,Winchester,3234,,51.98,
,Ashford,4117,,54.38,
,Canterbury,6243,,53.42,
,Dartford,2966,,52.53,
,Dover,5332,,54.07,
,Gravesham,3824,,54.73,
,Maidstone,5022,,53.6,
,Sevenoaks,3332,,53.37,
,Shepway,5504,,57.32,
,Swale,5900,,54.92,
,Thanet,8843,,57.16,
,Tonbridge and Malling,3495,,53.14,
,Tunbridge Wells,3328,,53.56,
,Cherwell,3790,,53.09,
,Oxford,3944,,61.2,
,South Oxfordshire,3242,,51.75,
,Vale of White Horse,2971,,49.97,
,West Oxfordshire,2870,,51.64,
,Elmbridge,2872,,57.35,
,Epsom and Ewell,1588,,62.53,
,Guildford,2884,,55.49,
,Mole Valley,2089,,53.18,
,Reigate and Banstead,3308,,55.59,
,Runnymede,2269,,54.41,
,Spelthorne,2534,,55.12,
,Surrey Heath,1731,,52.77,
,Tandridge,2043,,54.48,
,Waverley,3099,,52.31,
,Woking,2269,,59.36,
,Adur,2953,,51.71,
,Arun,7588,,51.92,
,Chichester,4344,,50.84,
,Crawley,3371,,58.9,
,Horsham,3370,,51.14,
,Mid Sussex,3523,,51.43,
,Worthing,4518,,53.27,
,Bath and North East Somerset,6075,,51.78,
,Bournemouth,9216,,56.16,
,"Bristol, City of",17203,,59.89,
,Cornwall,29249,,53.69,
,Isles of Scilly,57,,47.72,
,North Somerset,8625,,52.62,
,Plymouth,11548,,54.49,
,Poole,6406,,51.32,
,South Gloucestershire,8143,,52.1,
,Swindon,7226,,56.35,
,Torbay,9098,,57.74,
,Wiltshire,15104,,51.56,
,East Devon,5916,,51.95,
,Exeter,4427,,53.59,
,Mid Devon,3170,,53.46,
,North Devon,4877,,52.22,
,South Hams,3564,,55.82,
,Teignbridge,6264,,52.44,
,Torridge,3395,,51.87,
,West Devon,2347,,52.01,
,Christchurch,2466,,50.33,
,East Dorset,3462,,47.73,
,North Dorset,2420,,49.42,
,Purbeck,2028,,47.34,
,West Dorset,4323,,50.83,
,Weymouth and Portland,3049,,52.29,
,Cheltenham,3741,,55.8,
,Cotswold,3010,,50.01,
,Forest of Dean,3798,,50.82,
,Gloucester,4733,,56.07,
,Stroud,4107,,52.75,
,Tewkesbury,2719,,51.54,
,Mendip,4376,,53.65,
,Sedgemoor,5239,,52.24,
,South Somerset,6712,,50.2,
,Taunton Deane,4403,,52.63,
,West Somerset,2055,,56.11,
,Total,2260445,,57.14,
May-11,County Durham,30577,,50.03,
,Darlington,5534,,51.9,
,Hartlepool,6205,,51.3,
,Middlesbrough,8439,,53.62,
,Northumberland,15306,,48.65,
,Redcar and Cleveland,8163,,51.26,
,Stockton-on-Tees,9180,,50.96,
,Gateshead,12887,,51.63,
,Newcastle upon Tyne,15316,,57.14,
,North Tyneside,11704,,51.66,
,South Tyneside,10910,,50.82,
,Sunderland,18936,,51.64,
,Blackburn with Darwen,7217,,64.62,
,Blackpool,10374,,58.68,
,Cheshire East,12609,,51.22,
,Cheshire West and Chester,12934,,53.68,
,Halton,6379,,57.08,
,Warrington,7810,,52.83,
,Allerdale,4629,,49.67,
,Barrow-in-Furness,3732,,54.84,
,Carlisle,4515,,52.93,
,Copeland,3093,,51.09,
,Eden,1724,,51.6,
,South Lakeland,3770,,51.59,
,Bolton,14417,,58.18,
,Bury,8046,,55.18,
,Manchester,25513,,68.84,
,Oldham,11169,,56.05,
,Rochdale,11182,,57.58,
,Salford,13263,,57.2,
,Stockport,11803,,58.44,
,Tameside,11635,,55.87,
,Trafford,8304,,57.86,
,Wigan,16401,,51.77,
,Burnley,4949,,55.68,
,Chorley,4312,,53.35,
,Fylde,3551,,53.26,
,Hyndburn,4075,,56.99,
,Lancaster,6664,,54.16,
,Pendle,4812,,61.05,
,Preston,6093,,61.72,
,Ribble Valley,1741,,51.3,
,Rossendale,3429,,53.61,
,South Ribble,3946,,52.94,
,West Lancashire,5626,,51.75,
,Wyre,5945,,52.98,
,Knowsley,11100,,59.78,
,Liverpool,32023,,62,
,Sefton,16554,,56.7,
,St. Helens,9760,,54.69,
,Wirral,17655,,57.68,
,East Riding of Yorkshire,15792,,48.66,
,"Kingston upon Hull, City of",16859,,53.72,
,North East Lincolnshire,9196,,51.73,
,North Lincolnshire,8165,,49.29,
,York,6370,,49.74,
,Craven,2305,,47.41,
,Hambleton,3047,,48.23,
,Harrogate,4942,,47.77,
,Richmondshire,1450,,49.26,
,Ryedale,2228,,49.04,
,Scarborough,6635,,53.64,
,Selby,2788,,50.78,
,Barnsley,12435,,51.42,
,Doncaster,15919,,51.2,
,Rotherham,14033,,51.77,
,Sheffield,28884,,52.95,
,Bradford,25103,,58.12,
,Calderdale,9295,,52.78,
,Kirklees,18405,,55.11,
,Leeds,32943,,53.4,
,Wakefield,15682,,51.09,
,Derby,11010,,55.93,
,Leicester,17132,,76.23,
,Nottingham,14364,,60.15,
,Rutland,1068,,47.07,
,Amber Valley,5423,,51.41,
,Bolsover,3975,,50.71,
,Chesterfield,5537,,51.98,
,Derbyshire Dales,2538,,50.48,
,Erewash,5065,,48.84,
,High Peak,3473,,52.32,
,North East Derbyshire,4849,,50.4,
,South Derbyshire,3071,,49.26,
,Blaby,3112,,51.19,
,Charnwood,5765,,54.23,
,Harborough,2475,,50.27,
,Hinckley and Bosworth,4071,,48.96,
,Melton,1616,,48.62,
,North West Leicestershire,3520,,51.4,
,Oadby and Wigston,2235,,54.67,
,Boston,3393,,52.17,
,East Lindsey,9457,,53.3,
,Lincoln,4342,,53.95,
,North Kesteven,4466,,48.76,
,South Holland,4503,,47.46,
,South Kesteven,5235,,48.79,
,West Lindsey,4000,,50.31,
,Corby,2418,,51.93,
,Daventry,2258,,50.83,
,East Northamptonshire,3292,,47.88,
,Kettering,3575,,53.57,
,Northampton,7919,,59.03,
,South Northamptonshire,2277,,52.36,
,Wellingborough,3344,,57.33,
,Ashfield,5713,,52.53,
,Bassetlaw,5196,,51.25,
,Broxtowe,4487,,50.96,
,Gedling,4409,,51.62,
,Mansfield,4896,,51.77,
,Newark and Sherwood,4548,,50.59,
,Rushcliffe,3222,,50.96,
,"Herefordshire, County of",7873,,55.06,
,Shropshire,13516,,53.15,
,Stoke-on-Trent,13687,,51.18,
,Telford and Wrekin,7650,,56.66,
,Cannock Chase,4648,,53.57,
,East Staffordshire,4216,,52.68,
,Lichfield,3807,,50.36,
,Newcastle-under-Lyme,5539,,48.87,
,South Staffordshire,4831,,49.86,
,Stafford,4386,,50.19,
,Staffordshire Moorlands,4119,,49.94,
,Tamworth,3490,,51.47,
,North Warwickshire,2854,,50.28,
,Nuneaton and Bedworth,5512,,53.35,
,Rugby,3348,,53.34,
,Stratford-on-Avon,4472,,50.6,
,Warwick,4538,,53.83,
,Birmingham,57476,,64.65,
,Coventry,15515,,61.52,
,Dudley,17502,,52.68,
,Sandwell,20564,,59.38,
,Solihull,8213,,54.68,
,Walsall,16546,,57.26,
,Wolverhampton,15401,,57.82,
,Bromsgrove,3212,,48.6,
,Malvern Hills,3115,,52.71,
,Redditch,3511,,56.38,
,Worcester,3686,,55.24,
,Wychavon,4484,,54.21,
,Wyre Forest,4994,,52.8,
,Bedford,5546,,56.14,
,Central Bedfordshire,7679,,51.57,
,Luton,7495,,67.42,
,Peterborough,7263,,60,
,Southend-on-Sea,8215,,58.66,
,Thurrock,5710,,58.21,
,Cambridge,2904,,58.89,
,East Cambridgeshire,2869,,54.59,
,Fenland,5163,,53.03,
,Huntingdonshire,4746,,51.15,
,South Cambridgeshire,3490,,53.15,
,Basildon,7456,,57.21,
,Braintree,5671,,53.18,
,Brentwood,2237,,52.57,
,Castle Point,4276,,53.71,
,Chelmsford,4791,,52.63,
,Colchester,5654,,55.7,
,Epping Forest,4591,,57.68,
,Harlow,3507,,51.92,
,Maldon,2539,,54.41,
,Rochford,3093,,51.98,
,Tendring,9614,,54.43,
,Uttlesford,2229,,50.96,
,Broxbourne,3292,,57.3,
,Dacorum,4289,,55.56,
,East Hertfordshire,3538,,54.81,
,Hertsmere,3292,,61.3,
,North Hertfordshire,4217,,50.74,
,St Albans,3120,,57.32,
,Stevenage,3201,,53.9,
,Three Rivers,2364,,58.91,
,Watford,2551,,60.55,
,Welwyn Hatfield,3272,,54.03,
,Breckland,6154,,50.69,
,Broadland,4784,,48.54,
,Great Yarmouth,6501,,51.58,
,King's Lynn and West Norfolk,7810,,50.94,
,North Norfolk,5902,,51.91,
,Norwich,6880,,54.39,
,South Norfolk,4833,,49.81,
,Babergh,3416,,50.42,
,Forest Heath,2309,,52.77,
,Ipswich,5706,,56.25,
,Mid Suffolk,3473,,50.49,
,St Edmundsbury,3895,,49.83,
,Suffolk Coastal,4742,,53.73,
,Waveney,6942,,51.27,
,Camden,8778,,86.24,
,City of London,164,,86.74,
,Hackney,10723,,86.11,
,Hammersmith and Fulham,6650,,82.02,
,Haringey,10293,,86.22,
,Islington,9467,,81.57,
,Kensington and Chelsea,6093,,86.53,
,Lambeth,11333,,80.93,
,Lewisham,10092,,72.22,
,Newham,12107,,87.81,
,Southwark,11145,,79.99,
,Tower Hamlets,10629,,88.51,
,Wandsworth,9556,,76,
,Westminster,8445,,92.09,
,Barking and Dagenham,8134,,67,
,Barnet,11580,,82.77,
,Bexley,7218,,60.47,
,Brent,12600,,89.4,
,Bromley,9011,,62.32,
,Croydon,11425,,73.35,
,Ealing,12288,,89.54,
,Enfield,11713,,78.1,
,Greenwich,9248,,74.64,
,Harrow,8397,,93.66,
,Havering,9098,,57.18,
,Hillingdon,8164,,74.3,
,Hounslow,8304,,81.17,
,Kingston upon Thames,4024,,72.47,
,Merton,5650,,71.79,
,Redbridge,9709,,81.81,
,Richmond upon Thames,4323,,68.14,
,Sutton,5632,,61.99,
,Waltham Forest,9462,,74.52,
,Bracknell Forest,2763,,57.48,
,Brighton and Hove,11236,,62.13,
,Isle of Wight,7980,,52.7,
,Medway,9627,,55.42,
,Milton Keynes,7235,,61.37,
,Portsmouth,8253,,57.06,
,Reading,4812,,62.66,
,Slough,4476,,73.79,
,Southampton,9536,,57.8,
,West Berkshire,3783,,52.36,
,Windsor and Maidenhead,3648,,56.74,
,Wokingham,2716,,53.97,
,Aylesbury Vale,4408,,55.44,
,Chiltern,2034,,54.82,
,South Bucks,1650,,58.74,
,Wycombe,4405,,58.6,
,Eastbourne,5110,,55.84,
,Hastings,5191,,61.14,
,Lewes,4127,,53.52,
,Rother,4760,,54.52,
,Wealden,5359,,52.27,
,Basingstoke and Deane,4043,,51.74,
,East Hampshire,3119,,50.9,
,Eastleigh,3470,,52.98,
,Fareham,3173,,48.77,
,Gosport,2935,,49.66,
,Hart,1518,,55.45,
,Havant,5446,,54.38,
,New Forest,6458,,51.25,
,Rushmoor,2716,,73.04,
,Test Valley,3494,,51.91,
,Winchester,3226,,52.64,
,Ashford,4102,,55.43,
,Canterbury,6202,,54.19,
,Dartford,2916,,53.03,
,Dover,5283,,54.81,
,Gravesham,3819,,55.69,
,Maidstone,5025,,54.63,
,Sevenoaks,3319,,53.65,
,Shepway,5483,,58.21,
,Swale,5890,,55.58,
,Thanet,8760,,57.91,
,Tonbridge and Malling,3469,,54.05,
,Tunbridge Wells,3303,,53.85,
,Cherwell,3798,,53.59,
,Oxford,3869,,62.93,
,South Oxfordshire,3222,,52.51,
,Vale of White Horse,2955,,50.78,
,West Oxfordshire,2857,,52.43,
,Elmbridge,2864,,59.24,
,Epsom and Ewell,1572,,63.86,
,Guildford,2862,,56.65,
,Mole Valley,2080,,54.61,
,Reigate and Banstead,3276,,56.68,
,Runnymede,2240,,55.06,
,Spelthorne,2494,,56.79,
,Surrey Heath,1714,,53.76,
,Tandridge,2022,,56.03,
,Waverley,3066,,53.33,
,Woking,2217,,60.88,
,Adur,2920,,52.8,
,Arun,7532,,52.69,
,Chichester,4334,,51.66,
,Crawley,3364,,59.74,
,Horsham,3351,,51.76,
,Mid Sussex,3507,,52.24,
,Worthing,4478,,54.58,
,Bath and North East Somerset,6014,,52.88,
,Bournemouth,9178,,57.23,
,"Bristol, City of",17091,,61.26,
,Cornwall,29135,,54.48,
,Isles of Scilly,53,,47.02,
,North Somerset,8604,,53.59,
,Plymouth,11479,,55.33,
,Poole,6371,,52.31,
,South Gloucestershire,8065,,53.04,
,Swindon,7171,,57.76,
,Torbay,9064,,58.8,
,Wiltshire,15041,,52.36,
,East Devon,5894,,52.54,
,Exeter,4404,,54.53,
,Mid Devon,3139,,54.48,
,North Devon,4808,,53.27,
,South Hams,3552,,56.77,
,Teignbridge,6211,,53.59,
,Torridge,3411,,52.93,
,West Devon,2341,,52.25,
,Christchurch,2446,,50.98,
,East Dorset,3412,,48.71,
,North Dorset,2407,,50.47,
,Purbeck,1995,,48.19,
,West Dorset,4293,,52.17,
,Weymouth and Portland,3032,,53.33,
,Cheltenham,3727,,56.62,
,Cotswold,2984,,51.1,
,Forest of Dean,3778,,52.17,
,Gloucester,4691,,56.99,
,Stroud,4062,,54.12,
,Tewkesbury,2723,,52.8,
,Mendip,4339,,54.64,
,Sedgemoor,5209,,52.92,
,South Somerset,6677,,50.94,
,Taunton Deane,4369,,53.64,
,West Somerset,2049,,57.31,
,Total,2245136,,58.22,
Aug-11,County Durham,30368,,49.85,
,Darlington,5522,,51.51,
,Hartlepool,6166,,50.63,
,Middlesbrough,8367,,53.08,
,Northumberland,15224,,48.27,
,Redcar and Cleveland,8089,,50.79,
,Stockton-on-Tees,9108,,50.81,
,Gateshead,12824,,51.28,
,Newcastle upon Tyne,15205,,56.56,
,North Tyneside,11634,,51.45,
,South Tyneside,10846,,50.54,
,Sunderland,18848,,51.31,
,Blackburn with Darwen,7182,,64.67,
,Blackpool,10303,,58.71,
,Cheshire East,12540,,50.89,
,Cheshire West and Chester,12879,,53.63,
,Halton,6360,,56.43,
,Warrington,7748,,52.94,
,Allerdale,4612,,49.72,
,Barrow-in-Furness,3669,,54.54,
,Carlisle,4473,,52.87,
,Copeland,3055,,50.97,
,Eden,1717,,51.86,
,South Lakeland,3772,,51.39,
,Bolton,14310,,58.08,
,Bury,8028,,55.35,
,Manchester,25342,,68.73,
,Oldham,11101,,55.92,
,Rochdale,11096,,57.76,
,Salford,13194,,56.87,
,Stockport,11759,,58.16,
,Tameside,11539,,55.41,
,Trafford,8239,,57.54,
,Wigan,16299,,51.43,
,Burnley,4942,,55.58,
,Chorley,4273,,53.06,
,Fylde,3540,,53.45,
,Hyndburn,4081,,56.92,
,Lancaster,6597,,53.68,
,Pendle,4766,,61.01,
,Preston,6057,,61.77,
,Ribble Valley,1721,,51.33,
,Rossendale,3379,,53.49,
,South Ribble,3940,,52.85,
,West Lancashire,5598,,51.78,
,Wyre,5944,,53.2,
,Knowsley,11068,,59.58,
,Liverpool,31923,,61.83,
,Sefton,16475,,56.42,
,St. Helens,9708,,54.89,
,Wirral,17551,,57.48,
,East Riding of Yorkshire,15724,,48.23,
,"Kingston upon Hull, City of",16751,,53,
,North East Lincolnshire,9139,,51.35,
,North Lincolnshire,8130,,49.24,
,York,6353,,49.56,
,Craven,2284,,46.93,
,Hambleton,3038,,47.62,
,Harrogate,4908,,47.44,
,Richmondshire,1428,,49.22,
,Ryedale,2217,,48.39,
,Scarborough,6578,,52.96,
,Selby,2771,,50.43,
,Barnsley,12390,,50.91,
,Doncaster,15864,,50.63,
,Rotherham,13939,,51.25,
,Sheffield,28623,,52.44,
,Bradford,24953,,57.73,
,Calderdale,9246,,52.32,
,Kirklees,18265,,54.67,
,Leeds,32661,,52.73,
,Wakefield,15573,,50.71,
,Derby,10964,,55.75,
,Leicester,17107,,76.35,
,Nottingham,14308,,60.04,
,Rutland,1061,,47.08,
,Amber Valley,5395,,50.75,
,Bolsover,3934,,50.63,
,Chesterfield,5481,,51.51,
,Derbyshire Dales,2520,,49.74,
,Erewash,5051,,48.34,
,High Peak,3473,,51.99,
,North East Derbyshire,4833,,49.8,
,South Derbyshire,3045,,49.32,
,Blaby,3087,,51.12,
,Charnwood,5728,,53.49,
,Harborough,2481,,50.34,
,Hinckley and Bosworth,4064,,48.88,
,Melton,1605,,48.9,
,North West Leicestershire,3523,,51.36,
,Oadby and Wigston,2215,,54.77,
,Boston,3406,,51.89,
,East Lindsey,9422,,53,
,Lincoln,4316,,53.61,
,North Kesteven,4446,,48.51,
,South Holland,4472,,47.38,
,South Kesteven,5202,,48.85,
,West Lindsey,4019,,50.18,
,Corby,2404,,52.06,
,Daventry,2247,,50.68,
,East Northamptonshire,3279,,47.62,
,Kettering,3566,,53.36,
,Northampton,7886,,58.62,
,South Northamptonshire,2268,,51.73,
,Wellingborough,3318,,56.91,
,Ashfield,5715,,52.42,
,Bassetlaw,5171,,50.86,
,Broxtowe,4483,,50.82,
,Gedling,4402,,51.88,
,Mansfield,4897,,51.44,
,Newark and Sherwood,4540,,50.42,
,Rushcliffe,3203,,51.16,
,"Herefordshire, County of",7804,,54.84,
,Shropshire,13463,,53.12,
,Stoke-on-Trent,13601,,51.17,
,Telford and Wrekin,7584,,55.94,
,Cannock Chase,4654,,53.74,
,East Staffordshire,4184,,52.24,
,Lichfield,3803,,50.45,
,Newcastle-under-Lyme,5546,,49.09,
,South Staffordshire,4807,,49.14,
,Stafford,4365,,50.24,
,Staffordshire Moorlands,4106,,49.74,
,Tamworth,3463,,50.81,
,North Warwickshire,2815,,50.34,
,Nuneaton and Bedworth,5535,,53.53,
,Rugby,3345,,53.21,
,Stratford-on-Avon,4456,,50.64,
,Warwick,4515,,53.92,
,Birmingham,57012,,64.36,
,Coventry,15383,,61.12,
,Dudley,17376,,52.25,
,Sandwell,20388,,59.03,
,Solihull,8187,,54.48,
,Walsall,16444,,57.03,
,Wolverhampton,15306,,57.22,
,Bromsgrove,3201,,48.36,
,Malvern Hills,3103,,52.67,
,Redditch,3473,,55.67,
,Worcester,3649,,55.13,
,Wychavon,4460,,54.34,
,Wyre Forest,4988,,52.35,
,Bedford,5507,,55.78,
,Central Bedfordshire,7576,,51.38,
,Luton,7448,,67.43,
,Peterborough,7211,,59.89,
,Southend-on-Sea,8164,,58.16,
,Thurrock,5674,,58.13,
,Cambridge,2891,,59.03,
,East Cambridgeshire,2810,,54.18,
,Fenland,5127,,52.89,
,Huntingdonshire,4727,,51.13,
,South Cambridgeshire,3473,,52.83,
,Basildon,7459,,57.11,
,Braintree,5626,,53.06,
,Brentwood,2200,,51.5,
,Castle Point,4256,,52.88,
,Chelmsford,4798,,52.44,
,Colchester,5626,,55.45,
,Epping Forest,4578,,57.07,
,Harlow,3464,,52.03,
,Maldon,2534,,54.25,
,Rochford,3084,,51.54,
,Tendring,9588,,54.05,
,Uttlesford,2220,,50.78,
,Broxbourne,3282,,57.11,
,Dacorum,4253,,55.54,
,East Hertfordshire,3522,,54.2,
,Hertsmere,3271,,61.25,
,North Hertfordshire,4158,,50.6,
,St Albans,3073,,57.23,
,Stevenage,3173,,54.09,
,Three Rivers,2354,,58.51,
,Watford,2551,,60.45,
,Welwyn Hatfield,3247,,53.94,
,Breckland,6150,,50.59,
,Broadland,4767,,48.29,
,Great Yarmouth,6475,,51.03,
,King's Lynn and West Norfolk,7800,,50.78,
,North Norfolk,5883,,51.81,
,Norwich,6835,,54.21,
,South Norfolk,4778,,49.43,
,Babergh,3416,,49.99,
,Forest Heath,2305,,52.52,
,Ipswich,5687,,56.03,
,Mid Suffolk,3468,,50.41,
,St Edmundsbury,3867,,49.61,
,Suffolk Coastal,4711,,53.5,
,Waveney,6905,,50.82,
,Camden,8693,,85.85,
,City of London,154,,84.2,
,Hackney,10638,,85.69,
,Hammersmith and Fulham,6616,,81.41,
,Haringey,10223,,85.72,
,Islington,9424,,81.42,
,Kensington and Chelsea,6072,,86.14,
,Lambeth,11267,,80.68,
,Lewisham,9979,,71.81,
,Newham,12072,,87.56,
,Southwark,11110,,79.77,
,Tower Hamlets,10577,,88.08,
,Wandsworth,9502,,75.81,
,Westminster,8393,,92.19,
,Barking and Dagenham,8074,,66.75,
,Barnet,11537,,82.35,
,Bexley,7174,,60.18,
,Brent,12560,,89.16,
,Bromley,8969,,62.25,
,Croydon,11401,,73.15,
,Ealing,12231,,89.49,
,Enfield,11691,,77.58,
,Greenwich,9204,,74.53,
,Harrow,8353,,93.26,
,Havering,9035,,57.23,
,Hillingdon,8150,,74.33,
,Hounslow,8294,,81.1,
,Kingston upon Thames,4015,,72.36,
,Merton,5610,,71.56,
,Redbridge,9692,,81.34,
,Richmond upon Thames,4265,,67.67,
,Sutton,5603,,62.08,
,Waltham Forest,9414,,74.2,
,Bracknell Forest,2742,,56.55,
,Brighton and Hove,11162,,61.95,
,Isle of Wight,7927,,52.2,
,Medway,9561,,55.07,
,Milton Keynes,7222,,61.13,
,Portsmouth,8185,,56.91,
,Reading,4816,,63.13,
,Slough,4448,,73.23,
,Southampton,9486,,57.88,
,West Berkshire,3767,,52.01,
,Windsor and Maidenhead,3642,,56.36,
,Wokingham,2700,,53.78,
,Aylesbury Vale,4388,,55.44,
,Chiltern,2011,,55.07,
,South Bucks,1614,,58.71,
,Wycombe,4366,,58.74,
,Eastbourne,5084,,55.74,
,Hastings,5172,,60.6,
,Lewes,4074,,53.37,
,Rother,4759,,54.3,
,Wealden,5355,,52.09,
,Basingstoke and Deane,4057,,51.89,
,East Hampshire,3098,,50.63,
,Eastleigh,3486,,53.61,
,Fareham,3141,,47.83,
,Gosport,2936,,48.94,
,Hart,1526,,55.49,
,Havant,5436,,53.81,
,New Forest,6425,,51.26,
,Rushmoor,2814,,75.96,
,Test Valley,3478,,51.44,
,Winchester,3218,,52.59,
,Ashford,4106,,55.49,
,Canterbury,6167,,54.21,
,Dartford,2915,,53.27,
,Dover,5249,,54.17,
,Gravesham,3789,,55.53,
,Maidstone,4995,,54.18,
,Sevenoaks,3291,,53.76,
,Shepway,5500,,57.74,
,Swale,5842,,55.15,
,Thanet,8694,,57.52,
,Tonbridge and Malling,3431,,53.37,
,Tunbridge Wells,3284,,53.5,
,Cherwell,3778,,53.37,
,Oxford,3838,,62.71,
,South Oxfordshire,3209,,52.78,
,Vale of White Horse,2930,,51.05,
,West Oxfordshire,2831,,51.9,
,Elmbridge,2856,,59.51,
,Epsom and Ewell,1565,,63.76,
,Guildford,2848,,56.89,
,Mole Valley,2070,,54.92,
,Reigate and Banstead,3253,,56.41,
,Runnymede,2220,,54.72,
,Spelthorne,2495,,56.66,
,Surrey Heath,1693,,53.6,
,Tandridge,1997,,55.57,
,Waverley,3066,,53.13,
,Woking,2205,,61.3,
,Adur,2900,,52.54,
,Arun,7522,,52.3,
,Chichester,4304,,51.74,
,Crawley,3342,,59.81,
,Horsham,3351,,51.7,
,Mid Sussex,3489,,52.32,
,Worthing,4465,,54.47,
,Bath and North East Somerset,5965,,52.8,
,Bournemouth,9087,,57.03,
,"Bristol, City of",17003,,61.03,
,Cornwall,29016,,54.15,
,Isles of Scilly,52,,48.19,
,North Somerset,8565,,53.12,
,Plymouth,11435,,55.3,
,Poole,6359,,52.24,
,South Gloucestershire,8016,,52.81,
,Swindon,7140,,58,
,Torbay,9056,,58.65,
,Wiltshire,14971,,52.43,
,East Devon,5841,,52.7,
,Exeter,4418,,53.95,
,Mid Devon,3148,,53.91,
,North Devon,4782,,52.77,
,South Hams,3543,,57.08,
,Teignbridge,6191,,53.46,
,Torridge,3400,,52.79,
,West Devon,2323,,52.34,
,Christchurch,2440,,50.97,
,East Dorset,3376,,48.49,
,North Dorset,2406,,50.88,
,Purbeck,1981,,48.21,
,West Dorset,4262,,51.57,
,Weymouth and Portland,3027,,53.44,
,Cheltenham,3718,,56.29,
,Cotswold,2949,,50.34,
,Forest of Dean,3749,,52.34,
,Gloucester,4684,,56.95,
,Stroud,4028,,53.67,
,Tewkesbury,2698,,52.85,
,Mendip,4342,,54.5,
,Sedgemoor,5201,,52.36,
,South Somerset,6662,,50.81,
,Taunton Deane,4371,,53.5,
,West Somerset,2022,,57.22,
,Total,2233158,,57.98,
Nov-11,County Durham,30260,,49.77,
,Darlington,5493,,51.71,
,Hartlepool,6159,,50.17,
,Middlesbrough,8311,,52.93,
,Northumberland,15159,,47.9,
,Redcar and Cleveland,8043,,50.6,
,Stockton-on-Tees,9054,,50.55,
,Gateshead,12731,,51.2,
,Newcastle upon Tyne,15077,,56.47,
,North Tyneside,11539,,51.28,
,South Tyneside,10735,,50.25,
,Sunderland,18769,,51.32,
,Blackburn with Darwen,7158,,64.6,
,Blackpool,10236,,58.84,
,Cheshire East,12443,,50.74,
,Cheshire West and Chester,12767,,53.56,
,Halton,6319,,56.23,
,Warrington,7709,,52.85,
,Allerdale,4572,,49.72,
,Barrow-in-Furness,3616,,54.56,
,Carlisle,4446,,52.66,
,Copeland,3039,,50.97,
,Eden,1715,,51.51,
,South Lakeland,3747,,50.8,
,Bolton,14223,,57.8,
,Bury,7993,,55.57,
,Manchester,25226,,68.25,
,Oldham,11020,,56.03,
,Rochdale,11056,,57.83,
,Salford,13078,,56.63,
,Stockport,11725,,58.09,
,Tameside,11452,,55.08,
,Trafford,8177,,57.54,
,Wigan,16185,,51.09,
,Burnley,4938,,55.07,
,Chorley,4283,,52.78,
,Fylde,3563,,53.42,
,Hyndburn,4101,,56.74,
,Lancaster,6540,,53.76,
,Pendle,4725,,61.19,
,Preston,6001,,61.56,
,Ribble Valley,1700,,51.05,
,Rossendale,3343,,53.53,
,South Ribble,3929,,52.94,
,West Lancashire,5548,,51.83,
,Wyre,5901,,53.66,
,Knowsley,10980,,59.29,
,Liverpool,31749,,61.68,
,Sefton,16425,,56.39,
,St. Helens,9671,,54.77,
,Wirral,17436,,57.4,
,East Riding of Yorkshire,15660,,47.99,
,"Kingston upon Hull, City of",16633,,52.87,
,North East Lincolnshire,9072,,51.05,
,North Lincolnshire,8049,,49.1,
,York,6317,,49.44,
,Craven,2267,,46.79,
,Hambleton,3006,,47.38,
,Harrogate,4889,,47.22,
,Richmondshire,1423,,49.64,
,Ryedale,2198,,48.34,
,Scarborough,6540,,52.79,
,Selby,2767,,50.19,
,Barnsley,12329,,50.62,
,Doncaster,15798,,50.36,
,Rotherham,13878,,51.08,
,Sheffield,28362,,52.31,
,Bradford,24808,,57.8,
,Calderdale,9229,,52.17,
,Kirklees,18166,,54.67,
,Leeds,32355,,52.58,
,Wakefield,15483,,50.51,
,Derby,10881,,55.8,
,Leicester,17054,,76.35,
,Nottingham,14230,,59.84,
,Rutland,1042,,45.79,
,Amber Valley,5362,,50.47,
,Bolsover,3916,,50.18,
,Chesterfield,5472,,51.46,
,Derbyshire Dales,2498,,49.27,
,Erewash,5045,,47.98,
,High Peak,3435,,51.66,
,North East Derbyshire,4806,,49.24,
,South Derbyshire,3009,,49.08,
,Blaby,3090,,51.25,
,Charnwood,5680,,53.18,
,Harborough,2473,,50.43,
,Hinckley and Bosworth,4030,,48.45,
,Melton,1592,,47.98,
,North West Leicestershire,3500,,51.26,
,Oadby and Wigston,2189,,54.46,
,Boston,3377,,51.53,
,East Lindsey,9383,,52.77,
,Lincoln,4273,,53.84,
,North Kesteven,4444,,48.45,
,South Holland,4434,,47.26,
,South Kesteven,5148,,49.24,
,West Lindsey,3977,,50.27,
,Corby,2400,,51.66,
,Daventry,2232,,50.92,
,East Northamptonshire,3240,,47.51,
,Kettering,3538,,52.78,
,Northampton,7848,,58.26,
,South Northamptonshire,2253,,51.5,
,Wellingborough,3292,,56.65,
,Ashfield,5657,,52.04,
,Bassetlaw,5135,,50.68,
,Broxtowe,4445,,50.44,
,Gedling,4376,,51.58,
,Mansfield,4869,,51.13,
,Newark and Sherwood,4539,,50.54,
,Rushcliffe,3166,,50.78,
,"Herefordshire, County of",7783,,54.78,
,Shropshire,13431,,53.01,
,Stoke-on-Trent,13515,,50.72,
,Telford and Wrekin,7531,,55.9,
,Cannock Chase,4614,,53.15,
,East Staffordshire,4143,,52.12,
,Lichfield,3818,,50.91,
,Newcastle-under-Lyme,5520,,49.16,
,South Staffordshire,4789,,49,
,Stafford,4361,,49.91,
,Staffordshire Moorlands,4086,,49.75,
,Tamworth,3463,,50.21,
,North Warwickshire,2776,,50.07,
,Nuneaton and Bedworth,5508,,53.73,
,Rugby,3343,,53.39,
,Stratford-on-Avon,4425,,50.47,
,Warwick,4478,,53.8,
,Birmingham,56637,,64.22,
,Coventry,15255,,61.18,
,Dudley,17270,,52.26,
,Sandwell,20239,,58.84,
,Solihull,8145,,54.28,
,Walsall,16374,,56.9,
,Wolverhampton,15189,,56.89,
,Bromsgrove,3190,,48.1,
,Malvern Hills,3099,,52.34,
,Redditch,3462,,55.17,
,Worcester,3622,,55.3,
,Wychavon,4431,,54.18,
,Wyre Forest,4973,,52.31,
,Bedford,5469,,55.62,
,Central Bedfordshire,7569,,51.73,
,Luton,7424,,67.5,
,Peterborough,7198,,60.12,
,Southend-on-Sea,8104,,58.08,
,Thurrock,5630,,58.03,
,Cambridge,2865,,58.94,
,East Cambridgeshire,2798,,54.4,
,Fenland,5089,,52.5,
,Huntingdonshire,4708,,50.53,
,South Cambridgeshire,3469,,52.94,
,Basildon,7416,,56.95,
,Braintree,5617,,53.13,
,Brentwood,2178,,51.41,
,Castle Point,4210,,52.42,
,Chelmsford,4789,,52.54,
,Colchester,5597,,55.31,
,Epping Forest,4574,,56.8,
,Harlow,3452,,52.14,
,Maldon,2519,,54.06,
,Rochford,3057,,51.33,
,Tendring,9534,,54.31,
,Uttlesford,2220,,50.69,
,Broxbourne,3274,,56.84,
,Dacorum,4221,,55.58,
,East Hertfordshire,3476,,54.45,
,Hertsmere,3254,,61.03,
,North Hertfordshire,4130,,51.02,
,St Albans,3033,,56.84,
,Stevenage,3150,,53.72,
,Three Rivers,2317,,58.55,
,Watford,2545,,60.69,
,Welwyn Hatfield,3205,,53.78,
,Breckland,6099,,50.41,
,Broadland,4714,,48.04,
,Great Yarmouth,6415,,51.15,
,King's Lynn and West Norfolk,7742,,50.6,
,North Norfolk,5867,,51.36,
,Norwich,6781,,54.26,
,South Norfolk,4732,,49.44,
,Babergh,3380,,49.88,
,Forest Heath,2286,,52.43,
,Ipswich,5631,,55.87,
,Mid Suffolk,3432,,50.24,
,St Edmundsbury,3831,,49.31,
,Suffolk Coastal,4680,,52.85,
,Waveney,6845,,50.75,
,Camden,8680,,85.3,
,City of London,157,,80.69,
,Hackney,10584,,85.74,
,Hammersmith and Fulham,6618,,81.43,
,Haringey,10204,,85.05,
,Islington,9376,,81.1,
,Kensington and Chelsea,6070,,86.03,
,Lambeth,11230,,80.38,
,Lewisham,9945,,71.94,
,Newham,12011,,87.54,
,Southwark,11086,,79.69,
,Tower Hamlets,10517,,87.95,
,Wandsworth,9452,,75.79,
,Westminster,8422,,92.02,
,Barking and Dagenham,8013,,66.94,
,Barnet,11518,,82.16,
,Bexley,7138,,60.31,
,Brent,12545,,88.69,
,Bromley,8906,,62.39,
,Croydon,11337,,73.25,
,Ealing,12205,,89.64,
,Enfield,11649,,77.49,
,Greenwich,9199,,74.65,
,Harrow,8344,,93.48,
,Havering,8976,,57.35,
,Hillingdon,8107,,74.41,
,Hounslow,8267,,81.2,
,Kingston upon Thames,3999,,71.8,
,Merton,5570,,71.88,
,Redbridge,9644,,81.22,
,Richmond upon Thames,4259,,67.71,
,Sutton,5583,,61.66,
,Waltham Forest,9395,,74.17,
,Bracknell Forest,2752,,57.11,
,Brighton and Hove,11086,,61.94,
,Isle of Wight,7933,,51.77,
,Medway,9511,,55.03,
,Milton Keynes,7193,,61.09,
,Portsmouth,8115,,57.23,
,Reading,4827,,63.78,
,Slough,4434,,73.32,
,Southampton,9409,,57.86,
,West Berkshire,3761,,52.43,
,Windsor and Maidenhead,3626,,55.95,
,Wokingham,2685,,53.74,
,Aylesbury Vale,4373,,55.37,
,Chiltern,1972,,54.53,
,South Bucks,1607,,58.07,
,Wycombe,4365,,59.14,
,Eastbourne,5051,,55.63,
,Hastings,5142,,60.27,
,Lewes,4056,,53.27,
,Rother,4725,,53.78,
,Wealden,5329,,51.59,
,Basingstoke and Deane,4028,,52.27,
,East Hampshire,3091,,50.37,
,Eastleigh,3469,,53.19,
,Fareham,3100,,47.56,
,Gosport,2928,,49.06,
,Hart,1540,,55.29,
,Havant,5417,,53.38,
,New Forest,6363,,51.13,
,Rushmoor,2901,,78.32,
,Test Valley,3434,,51.28,
,Winchester,3190,,52.62,
,Ashford,4069,,55.11,
,Canterbury,6114,,54.38,
,Dartford,2888,,52.95,
,Dover,5202,,54.46,
,Gravesham,3759,,55.48,
,Maidstone,4960,,54.43,
,Sevenoaks,3269,,53.3,
,Shepway,5485,,58.17,
,Swale,5808,,55.02,
,Thanet,8670,,57.17,
,Tonbridge and Malling,3422,,53.4,
,Tunbridge Wells,3260,,53.46,
,Cherwell,3752,,53.38,
,Oxford,3814,,62.87,
,South Oxfordshire,3196,,52.92,
,Vale of White Horse,2924,,51.03,
,West Oxfordshire,2827,,51.78,
,Elmbridge,2826,,59.53,
,Epsom and Ewell,1551,,63.86,
,Guildford,2802,,56.93,
,Mole Valley,2048,,54.43,
,Reigate and Banstead,3222,,56.59,
,Runnymede,2205,,54.54,
,Spelthorne,2474,,57.03,
,Surrey Heath,1678,,54.14,
,Tandridge,1965,,55.92,
,Waverley,3062,,53.33,
,Woking,2208,,62.07,
,Adur,2886,,52.78,
,Arun,7461,,52.43,
,Chichester,4300,,51.56,
,Crawley,3321,,60.02,
,Horsham,3352,,51.63,
,Mid Sussex,3453,,52.66,
,Worthing,4458,,54.49,
,Bath and North East Somerset,5937,,52.53,
,Bournemouth,9037,,56.65,
,"Bristol, City of",16891,,61.01,
,Cornwall,28888,,54.21,
,Isles of Scilly,56,,48.06,
,North Somerset,8509,,53.02,
,Plymouth,11356,,55.01,
,Poole,6323,,52.07,
,South Gloucestershire,7912,,52.55,
,Swindon,7092,,58.09,
,Torbay,9008,,58.37,
,Wiltshire,14901,,52.35,
,East Devon,5815,,52.55,
,Exeter,4398,,53.97,
,Mid Devon,3125,,53.45,
,North Devon,4768,,52.51,
,South Hams,3517,,56.86,
,Teignbridge,6177,,53.56,
,Torridge,3387,,52.42,
,West Devon,2317,,52.41,
,Christchurch,2409,,50.94,
,East Dorset,3375,,48.53,
,North Dorset,2412,,50.55,
,Purbeck,1945,,48.2,
,West Dorset,4253,,51.31,
,Weymouth and Portland,3011,,52.94,
,Cheltenham,3681,,55.9,
,Cotswold,2938,,50.31,
,Forest of Dean,3731,,52.41,
,Gloucester,4646,,56.93,
,Stroud,3989,,53.87,
,Tewkesbury,2716,,52.66,
,Mendip,4298,,54.07,
,Sedgemoor,5163,,52.22,
,South Somerset,6606,,50.8,
,Taunton Deane,4338,,53.21,
,West Somerset,2021,,57.11,
,Total,2220683,,57.88,
Feb-12,County Durham,29919,,49.49,
,Darlington,5425,,51.09,
,Hartlepool,6096,,50.06,
,Middlesbrough,8250,,52.7,
,Northumberland,15067,,47.7,
,Redcar and Cleveland,7968,,50.26,
,Stockton-on-Tees,8992,,50.2,
,Gateshead,12601,,50.71,
,Newcastle upon Tyne,14928,,56.08,
,North Tyneside,11391,,50.97,
,South Tyneside,10648,,49.82,
,Sunderland,18556,,50.96,
,Blackburn with Darwen,7040,,64.07,
,Blackpool,10140,,58.32,
,Cheshire East,12284,,50.6,
,Cheshire West and Chester,12632,,53.28,
,Halton,6270,,55.93,
,Warrington,7572,,52.61,
,Allerdale,4501,,49.35,
,Barrow-in-Furness,3554,,54.65,
,Carlisle,4383,,52.15,
,Copeland,3006,,50.55,
,Eden,1709,,51.53,
,South Lakeland,3676,,50.68,
,Bolton,14041,,57.56,
,Bury,7909,,55.31,
,Manchester,24945,,67.97,
,Oldham,10859,,55.85,
,Rochdale,10905,,57.86,
,Salford,12921,,56.39,
,Stockport,11595,,57.7,
,Tameside,11260,,54.61,
,Trafford,8102,,57.16,
,Wigan,15951,,50.77,
,Burnley,4859,,54.74,
,Chorley,4217,,52.74,
,Fylde,3506,,53.25,
,Hyndburn,4072,,56.05,
,Lancaster,6520,,53.13,
,Pendle,4637,,61,
,Preston,5941,,61.27,
,Ribble Valley,1690,,51.22,
,Rossendale,3294,,53.14,
,South Ribble,3898,,52.55,
,West Lancashire,5497,,51.6,
,Wyre,5812,,53.37,
,Knowsley,10828,,58.69,
,Liverpool,31386,,61.12,
,Sefton,16253,,56.03,
,St. Helens,9537,,54.57,
,Wirral,17250,,57.12,
,East Riding of Yorkshire,15484,,47.72,
,"Kingston upon Hull, City of",16395,,52.74,
,North East Lincolnshire,8994,,50.95,
,North Lincolnshire,7968,,48.95,
,York,6224,,49.31,
,Craven,2219,,47.1,
,Hambleton,2989,,47.13,
,Harrogate,4847,,47.03,
,Richmondshire,1408,,49.22,
,Ryedale,2164,,48.12,
,Scarborough,6480,,52.24,
,Selby,2718,,49.84,
,Barnsley,12218,,50.41,
,Doncaster,15607,,50.17,
,Rotherham,13717,,50.92,
,Sheffield,28011,,52.21,
,Bradford,24525,,57.57,
,Calderdale,9072,,52.08,
,Kirklees,17903,,54.53,
,Leeds,31890,,52.53,
,Wakefield,15302,,50.42,
,Derby,10751,,55.55,
,Leicester,16907,,76.24,
,Nottingham,14066,,59.48,
,Rutland,1027,,45.76,
,Amber Valley,5324,,50.28,
,Bolsover,3887,,49.83,
,Chesterfield,5430,,51.54,
,Derbyshire Dales,2454,,49.29,
,Erewash,5002,,48,
,High Peak,3396,,51.65,
,North East Derbyshire,4746,,48.85,
,South Derbyshire,2983,,48.67,
,Blaby,3059,,50.68,
,Charnwood,5622,,52.75,
,Harborough,2440,,49.3,
,Hinckley and Bosworth,3987,,47.58,
,Melton,1574,,47.66,
,North West Leicestershire,3459,,51.19,
,Oadby and Wigston,2175,,54.22,
,Boston,3342,,51.63,
,East Lindsey,9301,,52.51,
,Lincoln,4223,,53.75,
,North Kesteven,4404,,48.33,
,South Holland,4385,,46.91,
,South Kesteven,5086,,49.08,
,West Lindsey,3923,,50.02,
,Corby,2356,,51.84,
,Daventry,2192,,50.54,
,East Northamptonshire,3202,,47.45,
,Kettering,3520,,52.52,
,Northampton,7718,,57.94,
,South Northamptonshire,2251,,51.06,
,Wellingborough,3264,,56.09,
,Ashfield,5603,,51.63,
,Bassetlaw,5065,,50.64,
,Broxtowe,4415,,50.57,
,Gedling,4321,,51.41,
,Mansfield,4833,,50.89,
,Newark and Sherwood,4495,,50.49,
,Rushcliffe,3124,,50.21,
,"Herefordshire, County of",7726,,54.58,
,Shropshire,13333,,52.91,
,Stoke-on-Trent,13324,,50.54,
,Telford and Wrekin,7468,,55.74,
,Cannock Chase,4561,,52.68,
,East Staffordshire,4102,,52.06,
,Lichfield,3789,,50.67,
,Newcastle-under-Lyme,5453,,49.16,
,South Staffordshire,4725,,48.97,
,Stafford,4323,,49.66,
,Staffordshire Moorlands,4027,,49.08,
,Tamworth,3440,,50.24,
,North Warwickshire,2760,,49.56,
,Nuneaton and Bedworth,5452,,53.53,
,Rugby,3297,,53.51,
,Stratford-on-Avon,4383,,50.7,
,Warwick,4417,,53.81,
,Birmingham,56029,,64,
,Coventry,15082,,60.82,
,Dudley,17114,,51.78,
,Sandwell,19984,,58.64,
,Solihull,8059,,53.61,
,Walsall,16187,,56.65,
,Wolverhampton,15025,,56.76,
,Bromsgrove,3149,,47.98,
,Malvern Hills,3036,,52.66,
,Redditch,3431,,54.38,
,Worcester,3601,,54.96,
,Wychavon,4361,,53.16,
,Wyre Forest,4900,,51.92,
,Bedford,5411,,55.54,
,Central Bedfordshire,7493,,51.29,
,Luton,7337,,66.92,
,Peterborough,7129,,59.97,
,Southend-on-Sea,8000,,57.69,
,Thurrock,5537,,57.98,
,Cambridge,2842,,58.66,
,East Cambridgeshire,2754,,53.57,
,Fenland,5013,,52.02,
,Huntingdonshire,4677,,50.33,
,South Cambridgeshire,3438,,52.78,
,Basildon,7312,,56.23,
,Braintree,5534,,52.48,
,Brentwood,2126,,51.22,
,Castle Point,4170,,51.63,
,Chelmsford,4722,,51.81,
,Colchester,5526,,55.04,
,Epping Forest,4531,,56.5,
,Harlow,3405,,51.53,
,Maldon,2472,,53.99,
,Rochford,3025,,50.9,
,Tendring,9415,,53.81,
,Uttlesford,2224,,49.99,
,Broxbourne,3246,,56.79,
,Dacorum,4155,,55.24,
,East Hertfordshire,3416,,54.03,
,Hertsmere,3215,,60.79,
,North Hertfordshire,4065,,50.34,
,St Albans,2982,,56.54,
,Stevenage,3101,,53.5,
,Three Rivers,2298,,58.46,
,Watford,2503,,60.7,
,Welwyn Hatfield,3168,,53.45,
,Breckland,6024,,50.03,
,Broadland,4641,,47.85,
,Great Yarmouth,6320,,50.74,
,King's Lynn and West Norfolk,7649,,50.64,
,North Norfolk,5828,,50.88,
,Norwich,6683,,53.64,
,South Norfolk,4691,,49.67,
,Babergh,3359,,49.77,
,Forest Heath,2258,,52.1,
,Ipswich,5543,,55.43,
,Mid Suffolk,3394,,50.27,
,St Edmundsbury,3768,,48.61,
,Suffolk Coastal,4614,,52.37,
,Waveney,6749,,50.57,
,Camden,8601,,84.73,
,City of London,153,,79.72,
,Hackney,10554,,85.68,
,Hammersmith and Fulham,6550,,80.95,
,Haringey,10162,,84.6,
,Islington,9319,,80.85,
,Kensington and Chelsea,6041,,85.94,
,Lambeth,11129,,79.99,
,Lewisham,9875,,71.89,
,Newham,11904,,87.38,
,Southwark,11008,,79.26,
,Tower Hamlets,10434,,87.43,
,Wandsworth,9327,,75.6,
,Westminster,8355,,91.68,
,Barking and Dagenham,7885,,66.58,
,Barnet,11437,,82.03,
,Bexley,7055,,59.76,
,Brent,12515,,88.38,
,Bromley,8785,,62.22,
,Croydon,11249,,72.76,
,Ealing,12094,,89.64,
,Enfield,11579,,77.17,
,Greenwich,9147,,74.64,
,Harrow,8301,,93.27,
,Havering,8871,,56.99,
,Hillingdon,8053,,74.51,
,Hounslow,8163,,80.79,
,Kingston upon Thames,3963,,72.04,
,Merton,5536,,71.73,
,Redbridge,9580,,80.78,
,Richmond upon Thames,4211,,67.74,
,Sutton,5539,,61.89,
,Waltham Forest,9294,,74.03,
,Bracknell Forest,2741,,57.53,
,Brighton and Hove,10971,,61.7,
,Isle of Wight,7868,,51.62,
,Medway,9447,,54.65,
,Milton Keynes,7139,,61.08,
,Portsmouth,8076,,57.01,
,Reading,4797,,63.91,
,Slough,4395,,73.42,
,Southampton,9282,,57.57,
,West Berkshire,3716,,52.22,
,Windsor and Maidenhead,3568,,55.73,
,Wokingham,2642,,52.92,
,Aylesbury Vale,4318,,55.26,
,Chiltern,1946,,53.63,
,South Bucks,1598,,57.36,
,Wycombe,4305,,58.65,
,Eastbourne,4979,,55.72,
,Hastings,5119,,59.58,
,Lewes,4036,,53.05,
,Rother,4669,,53.69,
,Wealden,5263,,51.25,
,Basingstoke and Deane,4005,,52.3,
,East Hampshire,3044,,50.23,
,Eastleigh,3432,,52.8,
,Fareham,3077,,47.32,
,Gosport,2879,,48.54,
,Hart,1542,,55.18,
,Havant,5348,,53.05,
,New Forest,6290,,50.74,
,Rushmoor,2911,,80.05,
,Test Valley,3356,,51.11,
,Winchester,3147,,52.04,
,Ashford,4066,,55.15,
,Canterbury,6050,,54.08,
,Dartford,2830,,52.53,
,Dover,5166,,54.01,
,Gravesham,3735,,55.32,
,Maidstone,4916,,54.51,
,Sevenoaks,3243,,52.62,
,Shepway,5451,,58.41,
,Swale,5762,,54.58,
,Thanet,8579,,56.65,
,Tonbridge and Malling,3385,,53.22,
,Tunbridge Wells,3259,,53.34,
,Cherwell,3704,,52.69,
,Oxford,3785,,62.48,
,South Oxfordshire,3110,,52.29,
,Vale of White Horse,2881,,50.57,
,West Oxfordshire,2770,,51.55,
,Elmbridge,2811,,58.89,
,Epsom and Ewell,1534,,63.49,
,Guildford,2757,,56.44,
,Mole Valley,2023,,54.16,
,Reigate and Banstead,3180,,56.64,
,Runnymede,2163,,53.84,
,Spelthorne,2451,,56.3,
,Surrey Heath,1674,,53.9,
,Tandridge,1960,,55.9,
,Waverley,3020,,53.41,
,Woking,2178,,61.63,
,Adur,2842,,52.08,
,Arun,7451,,52.2,
,Chichester,4276,,51.64,
,Crawley,3283,,60.2,
,Horsham,3305,,50.96,
,Mid Sussex,3417,,52.28,
,Worthing,4434,,54.23,
,Bath and North East Somerset,5857,,52.35,
,Bournemouth,8928,,56.57,
,"Bristol, City of",16687,,61.08,
,Cornwall,28625,,53.95,
,Isles of Scilly,55,,48.31,
,North Somerset,8399,,52.55,
,Plymouth,11247,,54.72,
,Poole,6263,,51.89,
,South Gloucestershire,7791,,52.22,
,Swindon,7019,,58.36,
,Torbay,8954,,58.03,
,Wiltshire,14741,,52.08,
,East Devon,5756,,52.42,
,Exeter,4356,,53.67,
,Mid Devon,3074,,53.15,
,North Devon,4688,,52.35,
,South Hams,3499,,56.43,
,Teignbridge,6081,,53.28,
,Torridge,3357,,51.8,
,West Devon,2322,,52.77,
,Christchurch,2383,,50.68,
,East Dorset,3342,,48.44,
,North Dorset,2406,,50.28,
,Purbeck,1921,,48.09,
,West Dorset,4203,,51.28,
,Weymouth and Portland,2986,,53.48,
,Cheltenham,3626,,55.72,
,Cotswold,2897,,50.61,
,Forest of Dean,3700,,52.13,
,Gloucester,4578,,56.64,
,Stroud,3939,,53.35,
,Tewkesbury,2697,,52.4,
,Mendip,4247,,53.86,
,Sedgemoor,5118,,52.26,
,South Somerset,6557,,50.78,
,Taunton Deane,4289,,52.94,
,West Somerset,2007,,56.32,
,Total,2196676,,57.63,
May-12,County Durham,28875,,49.68,
,Darlington,5221,,51.67,
,Hartlepool,5902,,50.09,
,Middlesbrough,7972,,53.29,
,Northumberland,14461,,47.88,
,Redcar and Cleveland,7719,,49.91,
,Stockton-on-Tees,8691,,50.59,
,Gateshead,12158,,50.72,
,Newcastle upon Tyne,14447,,56.63,
,North Tyneside,11015,,51,
,South Tyneside,10288,,49.9,
,Sunderland,17985,,50.92,
,Blackburn with Darwen,6876,,65.42,
,Blackpool,9890,,58.76,
,Cheshire East,11859,,51,
,Cheshire West and Chester,12237,,53.62,
,Halton,6055,,56.57,
,Warrington,7322,,53.01,
,Allerdale,4358,,49.53,
,Barrow-in-Furness,3428,,55.62,
,Carlisle,4240,,52.66,
,Copeland,2942,,50.69,
,Eden,1654,,52.07,
,South Lakeland,3565,,51.33,
,Bolton,13613,,58.04,
,Bury,7693,,55.55,
,Manchester,24402,,68.97,
,Oldham,10573,,55.92,
,Rochdale,10669,,58.51,
,Salford,12512,,56.93,
,Stockport,11275,,57.73,
,Tameside,10954,,54.82,
,Trafford,7882,,57.61,
,Wigan,15394,,50.78,
,Burnley,4685,,55.21,
,Chorley,4077,,53.14,
,Fylde,3388,,54.11,
,Hyndburn,3952,,57,
,Lancaster,6325,,52.99,
,Pendle,4537,,61.63,
,Preston,5823,,61.83,
,Ribble Valley,1620,,51.4,
,Rossendale,3212,,52.42,
,South Ribble,3758,,52.71,
,West Lancashire,5323,,52.11,
,Wyre,5619,,53.91,
,Knowsley,10558,,59.06,
,Liverpool,30655,,61.8,
,Sefton,15776,,56.4,
,St. Helens,9265,,54.64,
,Wirral,16820,,57.52,
,East Riding of Yorkshire,14967,,47.82,
,"Kingston upon Hull, City of",15828,,52.77,
,North East Lincolnshire,8655,,50.82,
,North Lincolnshire,7679,,48.72,
,York,6028,,49.56,
,Craven,2161,,46.21,
,Hambleton,2897,,47.39,
,Harrogate,4686,,46.83,
,Richmondshire,1360,,49,
,Ryedale,2107,,47.67,
,Scarborough,6284,,51.93,
,Selby,2613,,49.46,
,Barnsley,11773,,50.39,
,Doncaster,14999,,50.43,
,Rotherham,13299,,50.67,
,Sheffield,27129,,52.35,
,Bradford,23814,,58.12,
,Calderdale,8768,,52.38,
,Kirklees,17334,,54.96,
,Leeds,30933,,52.88,
,Wakefield,14841,,50.7,
,Derby,10471,,55.95,
,Leicester,16535,,78.29,
,Nottingham,13666,,60.03,
,Rutland,988,,46.4,
,Amber Valley,5136,,50.56,
,Bolsover,3737,,49.74,
,Chesterfield,5253,,51.45,
,Derbyshire Dales,2381,,49.14,
,Erewash,4801,,47.7,
,High Peak,3290,,52.17,
,North East Derbyshire,4579,,48.92,
,South Derbyshire,2868,,49.15,
,Blaby,2961,,50.96,
,Charnwood,5410,,53.18,
,Harborough,2369,,49.7,
,Hinckley and Bosworth,3829,,47.67,
,Melton,1529,,47.68,
,North West Leicestershire,3309,,51.04,
,Oadby and Wigston,2075,,54.61,
,Boston,3242,,51.79,
,East Lindsey,9001,,52.74,
,Lincoln,4120,,53.73,
,North Kesteven,4231,,48.38,
,South Holland,4244,,47,
,South Kesteven,4904,,49.01,
,West Lindsey,3802,,50.43,
,Corby,2297,,52.23,
,Daventry,2103,,50.79,
,East Northamptonshire,3103,,47.35,
,Kettering,3413,,53.21,
,Northampton,7499,,58.74,
,South Northamptonshire,2180,,51.73,
,Wellingborough,3161,,56.67,
,Ashfield,5399,,51.58,
,Bassetlaw,4894,,50.79,
,Broxtowe,4263,,50.49,
,Gedling,4160,,51.95,
,Mansfield,4661,,51.63,
,Newark and Sherwood,4295,,50.7,
,Rushcliffe,3005,,50.15,
,"Herefordshire, County of",7528,,55.03,
,Shropshire,12961,,52.93,
,Stoke-on-Trent,12927,,50.67,
,Telford and Wrekin,7296,,56.01,
,Cannock Chase,4472,,52.23,
,East Staffordshire,3981,,52.23,
,Lichfield,3682,,50.78,
,Newcastle-under-Lyme,5243,,48.92,
,South Staffordshire,4565,,48.64,
,Stafford,4155,,49.61,
,Staffordshire Moorlands,3850,,49.14,
,Tamworth,3334,,50.05,
,North Warwickshire,2645,,49.17,
,Nuneaton and Bedworth,5279,,53.71,
,Rugby,3155,,53.76,
,Stratford-on-Avon,4258,,50.7,
,Warwick,4299,,53.75,
,Birmingham,54730,,64.76,
,Coventry,14661,,61.55,
,Dudley,16600,,51.5,
,Sandwell,19360,,59.35,
,Solihull,7839,,53.71,
,Walsall,15683,,57.01,
,Wolverhampton,14610,,57.13,
,Bromsgrove,3038,,47.75,
,Malvern Hills,2955,,52.34,
,Redditch,3322,,55.29,
,Worcester,3485,,55.23,
,Wychavon,4225,,53.51,
,Wyre Forest,4775,,52.26,
,Bedford,5277,,55.94,
,Central Bedfordshire,7229,,51.32,
,Luton,7185,,68.05,
,Peterborough,6969,,60.75,
,Southend-on-Sea,7797,,58.01,
,Thurrock,5396,,58.56,
,Cambridge,2755,,60.3,
,East Cambridgeshire,2673,,54.43,
,Fenland,4858,,52.67,
,Huntingdonshire,4524,,50.43,
,South Cambridgeshire,3310,,53.45,
,Basildon,7092,,56.61,
,Braintree,5381,,52.17,
,Brentwood,2070,,51.47,
,Castle Point,4062,,51.61,
,Chelmsford,4578,,52.31,
,Colchester,5367,,55.46,
,Epping Forest,4401,,56.65,
,Harlow,3268,,52.06,
,Maldon,2408,,53.79,
,Rochford,2940,,50.78,
,Tendring,9089,,54.16,
,Uttlesford,2140,,49.97,
,Broxbourne,3153,,57.43,
,Dacorum,4025,,55.49,
,East Hertfordshire,3304,,54.41,
,Hertsmere,3118,,62.01,
,North Hertfordshire,3907,,50.44,
,St Albans,2888,,57.46,
,Stevenage,2981,,53.64,
,Three Rivers,2228,,58.58,
,Watford,2450,,62.02,
,Welwyn Hatfield,3092,,54.06,
,Breckland,5812,,49.99,
,Broadland,4503,,47.77,
,Great Yarmouth,6137,,50.23,
,King's Lynn and West Norfolk,7398,,50.67,
,North Norfolk,5679,,51.04,
,Norwich,6492,,54.05,
,South Norfolk,4526,,49.76,
,Babergh,3258,,49.82,
,Forest Heath,2186,,52.54,
,Ipswich,5384,,56.21,
,Mid Suffolk,3260,,50.74,
,St Edmundsbury,3632,,48.55,
,Suffolk Coastal,4502,,52.49,
,Waveney,6521,,50.75,
,Camden,8461,,86.7,
,City of London,154,,80.98,
,Hackney,10404,,87.8,
,Hammersmith and Fulham,6440,,82.68,
,Haringey,10014,,86.37,
,Islington,9185,,82.39,
,Kensington and Chelsea,5958,,87.78,
,Lambeth,10962,,82.03,
,Lewisham,9653,,73.56,
,Newham,11728,,89.48,
,Southwark,10832,,80.97,
,Tower Hamlets,10322,,89.28,
,Wandsworth,9124,,77.38,
,Westminster,8271,,94.15,
,Barking and Dagenham,7689,,67.72,
,Barnet,11295,,84.17,
,Bexley,6886,,60.38,
,Brent,12363,,91.13,
,Bromley,8592,,63.03,
,Croydon,11003,,74.51,
,Ealing,11932,,92.3,
,Enfield,11460,,78.69,
,Greenwich,8996,,76.66,
,Harrow,8180,,96.24,
,Havering,8618,,57.34,
,Hillingdon,7871,,76.39,
,Hounslow,7981,,83.09,
,Kingston upon Thames,3870,,74.02,
,Merton,5403,,73.29,
,Redbridge,9456,,82.39,
,Richmond upon Thames,4138,,69.26,
,Sutton,5417,,62.92,
,Waltham Forest,9155,,75.41,
,Bracknell Forest,2662,,57.48,
,Brighton and Hove,10743,,62.18,
,Isle of Wight,7600,,51.84,
,Medway,9125,,54.93,
,Milton Keynes,6998,,61.55,
,Portsmouth,7857,,57.35,
,Reading,4710,,65.13,
,Slough,4275,,74.83,
,Southampton,8995,,58.09,
,West Berkshire,3623,,51.93,
,Windsor and Maidenhead,3467,,55.86,
,Wokingham,2555,,53.08,
,Aylesbury Vale,4195,,55.51,
,Chiltern,1890,,54.18,
,South Bucks,1527,,58.11,
,Wycombe,4178,,59.14,
,Eastbourne,4863,,56.04,
,Hastings,5012,,59.82,
,Lewes,3941,,53.37,
,Rother,4551,,53.49,
,Wealden,5132,,50.91,
,Basingstoke and Deane,3918,,52.56,
,East Hampshire,2955,,50.53,
,Eastleigh,3330,,52.53,
,Fareham,2966,,47.01,
,Gosport,2776,,49,
,Hart,1500,,56.09,
,Havant,5213,,53.44,
,New Forest,6103,,50.78,
,Rushmoor,2899,,84.05,
,Test Valley,3261,,50.91,
,Winchester,3058,,52.01,
,Ashford,3979,,56.37,
,Canterbury,5859,,54.44,
,Dartford,2738,,52.67,
,Dover,5050,,54.41,
,Gravesham,3657,,55.94,
,Maidstone,4756,,54.59,
,Sevenoaks,3152,,52.81,
,Shepway,5341,,58.48,
,Swale,5582,,54.6,
,Thanet,8391,,56.99,
,Tonbridge and Malling,3295,,53.17,
,Tunbridge Wells,3196,,53.7,
,Cherwell,3568,,53.45,
,Oxford,3710,,63.17,
,South Oxfordshire,3034,,52.13,
,Vale of White Horse,2802,,50.21,
,West Oxfordshire,2675,,51.57,
,Elmbridge,2744,,59.59,
,Epsom and Ewell,1507,,64.05,
,Guildford,2698,,56.6,
,Mole Valley,1969,,54.66,
,Reigate and Banstead,3111,,57.27,
,Runnymede,2082,,54.73,
,Spelthorne,2378,,56.64,
,Surrey Heath,1627,,54.69,
,Tandridge,1914,,57,
,Waverley,2935,,53.56,
,Woking,2143,,62.14,
,Adur,2752,,52.32,
,Arun,7235,,52.21,
,Chichester,4161,,52.25,
,Crawley,3202,,60.94,
,Horsham,3223,,50.75,
,Mid Sussex,3319,,52.32,
,Worthing,4308,,54.02,
,Bath and North East Somerset,5646,,52.92,
,Bournemouth,8726,,56.76,
,"Bristol, City of",16253,,61.74,
,Cornwall,27960,,53.79,
,Isles of Scilly,50,,46.38,
,North Somerset,8170,,52.72,
,Plymouth,10900,,55.29,
,Poole,6086,,52.41,
,South Gloucestershire,7530,,52.15,
,Swindon,6808,,59.23,
,Torbay,8769,,57.78,
,Wiltshire,14345,,51.92,
,East Devon,5595,,52.07,
,Exeter,4220,,53.76,
,Mid Devon,3009,,53.09,
,North Devon,4578,,52.52,
,South Hams,3407,,56.98,
,Teignbridge,5949,,53.32,
,Torridge,3263,,51.67,
,West Devon,2267,,53.24,
,Christchurch,2307,,50.35,
,East Dorset,3214,,48.45,
,North Dorset,2327,,50.31,
,Purbeck,1847,,47.94,
,West Dorset,4081,,51.05,
,Weymouth and Portland,2900,,53.71,
,Cheltenham,3510,,55.59,
,Cotswold,2828,,49.64,
,Forest of Dean,3591,,52.51,
,Gloucester,4489,,56.99,
,Stroud,3833,,53.1,
,Tewkesbury,2637,,52.37,
,Mendip,4144,,53.9,
,Sedgemoor,4968,,52.41,
,South Somerset,6374,,50.61,
,Taunton Deane,4154,,53.12,
,West Somerset,1965,,56.24,
,Total,2135415,,58.19,
Aug-12,County Durham,28582,,49.55,
,Darlington,5164,,51.41,
,Hartlepool,5867,,49.84,
,Middlesbrough,7900,,52.94,
,Northumberland,14322,,47.64,
,Redcar and Cleveland,7660,,49.61,
,Stockton-on-Tees,8616,,50.24,
,Gateshead,12067,,50.31,
,Newcastle upon Tyne,14272,,55.88,
,North Tyneside,10889,,50.71,
,South Tyneside,10220,,49.56,
,Sunderland,17794,,50.61,
,Blackburn with Darwen,6842,,64.93,
,Blackpool,9778,,57.93,
,Cheshire East,11704,,50.39,
,Cheshire West and Chester,12110,,53.22,
,Halton,6028,,55.72,
,Warrington,7283,,52.56,
,Allerdale,4310,,49.13,
,Barrow-in-Furness,3417,,55.13,
,Carlisle,4189,,52.91,
,Copeland,2906,,50.2,
,Eden,1638,,51.4,
,South Lakeland,3516,,51,
,Bolton,13465,,57.72,
,Bury,7582,,54.91,
,Manchester,24218,,68.54,
,Oldham,10458,,55.53,
,Rochdale,10591,,58.03,
,Salford,12382,,56.3,
,Stockport,11150,,57.15,
,Tameside,10830,,54.13,
,Trafford,7827,,57.28,
,Wigan,15234,,50.2,
,Burnley,4636,,54.91,
,Chorley,4050,,52.7,
,Fylde,3370,,53.63,
,Hyndburn,4070,,56.62,
,Lancaster,6266,,52.7,
,Pendle,4528,,61.01,
,Preston,5755,,61.35,
,Ribble Valley,1601,,51.57,
,Rossendale,3175,,51.82,
,South Ribble,3718,,52.16,
,West Lancashire,5282,,51.86,
,Wyre,5570,,53.01,
,Knowsley,10488,,58.63,
,Liverpool,30408,,61.25,
,Sefton,15616,,55.91,
,St. Helens,9172,,54.26,
,Wirral,16642,,57.13,
,East Riding of Yorkshire,14822,,47.34,
,"Kingston upon Hull, City of",15684,,52.25,
,North East Lincolnshire,8556,,50.82,
,North Lincolnshire,7643,,48.72,
,York,5948,,48.84,
,Craven,2125,,46.19,
,Hambleton,2868,,46.32,
,Harrogate,4609,,46.17,
,Richmondshire,1358,,48.61,
,Ryedale,2096,,47.54,
,Scarborough,6207,,51.61,
,Selby,2593,,48.71,
,Barnsley,11714,,50.2,
,Doncaster,14876,,49.87,
,Rotherham,13150,,50.16,
,Sheffield,26821,,51.82,
,Bradford,23598,,57.72,
,Calderdale,8674,,52.15,
,Kirklees,17208,,54.64,
,Leeds,30556,,52.37,
,Wakefield,14735,,50.18,
,Derby,10401,,55.6,
,Leicester,16446,,77.73,
,Nottingham,13523,,59.36,
,Rutland,988,,46.85,
,Amber Valley,5130,,50.38,
,Bolsover,3697,,49.04,
,Chesterfield,5221,,50.91,
,Derbyshire Dales,2366,,49.07,
,Erewash,4771,,47.24,
,High Peak,3272,,51.84,
,North East Derbyshire,4518,,48.29,
,South Derbyshire,2819,,49,
,Blaby,2934,,50.77,
,Charnwood,5361,,52.85,
,Harborough,2345,,49.8,
,Hinckley and Bosworth,3815,,47.54,
,Melton,1521,,46.87,
,North West Leicestershire,3272,,50.24,
,Oadby and Wigston,2082,,54.61,
,Boston,3218,,51.28,
,East Lindsey,8957,,52.42,
,Lincoln,4087,,53.39,
,North Kesteven,4208,,48.05,
,South Holland,4215,,47.03,
,South Kesteven,4846,,48.78,
,West Lindsey,3754,,50.23,
,Corby,2266,,51.14,
,Daventry,2098,,50.93,
,East Northamptonshire,3104,,47.16,
,Kettering,3373,,52.5,
,Northampton,7417,,58.04,
,South Northamptonshire,2161,,51.16,
,Wellingborough,3123,,56.23,
,Ashfield,5301,,51.05,
,Bassetlaw,4843,,50.46,
,Broxtowe,4249,,50.21,
,Gedling,4108,,51.37,
,Mansfield,4597,,51.06,
,Newark and Sherwood,4254,,50.01,
,Rushcliffe,3003,,49.85,
,"Herefordshire, County of",7571,,54.57,
,Shropshire,12885,,52.91,
,Stoke-on-Trent,12791,,50.37,
,Telford and Wrekin,7238,,55.55,
,Cannock Chase,4414,,51.38,
,East Staffordshire,3959,,51.95,
,Lichfield,3628,,50.22,
,Newcastle-under-Lyme,5184,,48.44,
,South Staffordshire,4529,,48.39,
,Stafford,4088,,49.56,
,Staffordshire Moorlands,3805,,49.12,
,Tamworth,3305,,49.56,
,North Warwickshire,2617,,48.6,
,Nuneaton and Bedworth,5264,,53.81,
,Rugby,3105,,53.25,
,Stratford-on-Avon,4235,,50.42,
,Warwick,4243,,53.42,
,Birmingham,54247,,64.48,
,Coventry,14497,,61.17,
,Dudley,16389,,50.94,
,Sandwell,19187,,59.15,
,Solihull,7747,,53.57,
,Walsall,15495,,56.63,
,Wolverhampton,14494,,56.62,
,Bromsgrove,2983,,47.11,
,Malvern Hills,2932,,51.6,
,Redditch,3289,,55.22,
,Worcester,3429,,55.17,
,Wychavon,4208,,53.08,
,Wyre Forest,4729,,52.06,
,Bedford,5237,,55.87,
,Central Bedfordshire,7119,,50.95,
,Luton,7117,,67.62,
,Peterborough,6893,,60.31,
,Southend-on-Sea,7735,,57.54,
,Thurrock,5363,,58.33,
,Cambridge,2737,,60.85,
,East Cambridgeshire,2652,,53.73,
,Fenland,4810,,52.41,
,Huntingdonshire,4475,,49.63,
,South Cambridgeshire,3273,,53.27,
,Basildon,7039,,56.53,
,Braintree,5334,,51.97,
,Brentwood,2028,,50.82,
,Castle Point,4019,,51.22,
,Chelmsford,4508,,51.56,
,Colchester,5329,,55.23,
,Epping Forest,4390,,56.13,
,Harlow,3231,,52.12,
,Maldon,2400,,53.11,
,Rochford,2898,,50.57,
,Tendring,9027,,53.55,
,Uttlesford,2108,,49.52,
,Broxbourne,3124,,57.34,
,Dacorum,3960,,55.19,
,East Hertfordshire,3250,,53.81,
,Hertsmere,3101,,61.73,
,North Hertfordshire,3860,,50.33,
,St Albans,2872,,57.23,
,Stevenage,2965,,53.75,
,Three Rivers,2221,,58.68,
,Watford,2432,,61.66,
,Welwyn Hatfield,3051,,54.21,
,Breckland,5777,,49.63,
,Broadland,4483,,47.65,
,Great Yarmouth,6077,,49.52,
,King's Lynn and West Norfolk,7332,,50.57,
,North Norfolk,5633,,50.59,
,Norwich,6412,,53.89,
,South Norfolk,4511,,49.82,
,Babergh,3218,,49.45,
,Forest Heath,2161,,52.01,
,Ipswich,5309,,55.87,
,Mid Suffolk,3243,,50.5,
,St Edmundsbury,3574,,48.26,
,Suffolk Coastal,4441,,52.22,
,Waveney,6452,,50.53,
,Camden,8390,,85.82,
,City of London,153,,77.58,
,Hackney,10333,,87.32,
,Hammersmith and Fulham,6410,,82.07,
,Haringey,9948,,85.08,
,Islington,9129,,81.78,
,Kensington and Chelsea,5913,,87.18,
,Lambeth,10898,,80.86,
,Lewisham,9583,,72.98,
,Newham,11639,,89.02,
,Southwark,10757,,80.18,
,Tower Hamlets,10262,,88.49,
,Wandsworth,9051,,76.31,
,Westminster,8273,,92.93,
,Barking and Dagenham,7607,,67.23,
,Barnet,11250,,83.2,
,Bexley,6854,,59.21,
,Brent,12270,,90.4,
,Bromley,8563,,62.43,
,Croydon,10916,,73.67,
,Ealing,11897,,91.92,
,Enfield,11383,,77.74,
,Greenwich,8959,,75.87,
,Harrow,8127,,95.5,
,Havering,8499,,56.88,
,Hillingdon,7797,,75.98,
,Hounslow,7938,,82.78,
,Kingston upon Thames,3843,,73.46,
,Merton,5384,,72.87,
,Redbridge,9379,,82,
,Richmond upon Thames,4094,,68.76,
,Sutton,5362,,62.51,
,Waltham Forest,9091,,74.58,
,Bracknell Forest,2637,,57.4,
,Brighton and Hove,10601,,62.01,
,Isle of Wight,7519,,51.08,
,Medway,9045,,54.71,
,Milton Keynes,6939,,60.71,
,Portsmouth,7782,,56.69,
,Reading,4678,,65.75,
,Slough,4258,,74.49,
,Southampton,8909,,57.77,
,West Berkshire,3571,,51.55,
,Windsor and Maidenhead,3432,,55.59,
,Wokingham,2516,,52.98,
,Aylesbury Vale,4162,,55.26,
,Chiltern,1871,,53.8,
,South Bucks,1504,,57.72,
,Wycombe,4121,,58.39,
,Eastbourne,4846,,56.14,
,Hastings,4965,,59.55,
,Lewes,3882,,53.37,
,Rother,4545,,52.79,
,Wealden,5101,,50.9,
,Basingstoke and Deane,3878,,52.61,
,East Hampshire,2917,,50.28,
,Eastleigh,3287,,52.03,
,Fareham,2963,,46.54,
,Gosport,2731,,48.59,
,Hart,1476,,55.82,
,Havant,5192,,52.85,
,New Forest,6008,,50.4,
,Rushmoor,2942,,84.78,
,Test Valley,3212,,50.34,
,Winchester,3028,,52.02,
,Ashford,3972,,56.2,
,Canterbury,5799,,54.13,
,Dartford,2699,,51.95,
,Dover,5009,,53.72,
,Gravesham,3627,,55.86,
,Maidstone,4717,,54.44,
,Sevenoaks,3105,,51.93,
,Shepway,5326,,58.48,
,Swale,5540,,54.37,
,Thanet,8327,,56.19,
,Tonbridge and Malling,3259,,52.92,
,Tunbridge Wells,3181,,53.67,
,Cherwell,3534,,52.91,
,Oxford,3650,,62.46,
,South Oxfordshire,2991,,51.29,
,Vale of White Horse,2777,,50.25,
,West Oxfordshire,2649,,50.86,
,Elmbridge,2740,,59.21,
,Epsom and Ewell,1487,,64.07,
,Guildford,2673,,56.24,
,Mole Valley,1954,,54.27,
,Reigate and Banstead,3065,,56.96,
,Runnymede,2060,,54.35,
,Spelthorne,2382,,56.26,
,Surrey Heath,1595,,55.06,
,Tandridge,1903,,56.22,
,Waverley,2911,,52.81,
,Woking,2129,,61.27,
,Adur,2728,,52.12,
,Arun,7166,,52,
,Chichester,4127,,51.79,
,Crawley,3180,,60.68,
,Horsham,3172,,50.72,
,Mid Sussex,3281,,52.04,
,Worthing,4297,,54.13,
,Bath and North East Somerset,5603,,52.65,
,Bournemouth,8609,,56.74,
,"Bristol, City of",16034,,61.62,
,Cornwall,27718,,53.28,
,Isles of Scilly,45,,49.08,
,North Somerset,8103,,52.45,
,Plymouth,10800,,54.88,
,Poole,6008,,51.99,
,South Gloucestershire,7441,,52.04,
,Swindon,6753,,59.17,
,Torbay,8735,,57.53,
,Wiltshire,14205,,51.58,
,East Devon,5545,,51.79,
,Exeter,4194,,53.49,
,Mid Devon,2990,,52.67,
,North Devon,4516,,52.2,
,South Hams,3368,,56.48,
,Teignbridge,5871,,53.13,
,Torridge,3235,,51.47,
,West Devon,2247,,52.63,
,Christchurch,2275,,50.35,
,East Dorset,3179,,47.97,
,North Dorset,2312,,49.96,
,Purbeck,1840,,48,
,West Dorset,4042,,50.86,
,Weymouth and Portland,2903,,53.17,
,Cheltenham,3466,,54.87,
,Cotswold,2781,,49.1,
,Forest of Dean,3559,,52.3,
,Gloucester,4407,,56.01,
,Stroud,3786,,52.28,
,Tewkesbury,2616,,51.54,
,Mendip,4122,,53.34,
,Sedgemoor,4911,,51.87,
,South Somerset,6310,,49.98,
,Taunton Deane,4137,,52.72,
,West Somerset,1928,,55.59,
,Total,2116384,,57.77,
Nov-12,County Durham,28348,,49.28,
,Darlington,5129,,51.34,
,Hartlepool,5834,,50.41,
,Middlesbrough,7851,,52.84,
,Northumberland,14184,,47.48,
,Redcar and Cleveland,7613,,49.54,
,Stockton-on-Tees,8542,,50.15,
,Gateshead,11940,,50.28,
,Newcastle upon Tyne,14102,,55.47,
,North Tyneside,10811,,50.29,
,South Tyneside,10125,,49.38,
,Sunderland,17675,,50.13,
,Blackburn with Darwen,6799,,64.48,
,Blackpool,9695,,57.17,
,Cheshire East,11622,,50.3,
,Cheshire West and Chester,12007,,53.06,
,Halton,5968,,55.69,
,Warrington,7210,,52.4,
,Allerdale,4298,,49.19,
,Barrow-in-Furness,3358,,54.96,
,Carlisle,4172,,52.35,
,Copeland,2847,,50.42,
,Eden,1619,,50.84,
,South Lakeland,3474,,51.15,
,Bolton,13332,,57.59,
,Bury,7494,,54.97,
,Manchester,23946,,67.69,
,Oldham,10334,,55.17,
,Rochdale,10511,,57.74,
,Salford,12221,,55.62,
,Stockport,11015,,56.79,
,Tameside,10736,,53.7,
,Trafford,7763,,56.88,
,Wigan,15086,,50.14,
,Burnley,4577,,54.16,
,Chorley,4021,,52.92,
,Fylde,3313,,52.98,
,Hyndburn,3894,,56.18,
,Lancaster,6198,,52.58,
,Pendle,4546,,60.61,
,Preston,5700,,61.35,
,Ribble Valley,1572,,50.84,
,Rossendale,3140,,51.48,
,South Ribble,3669,,51.93,
,West Lancashire,5231,,51.77,
,Wyre,5546,,52.63,
,Knowsley,10413,,58.17,
,Liverpool,30171,,60.78,
,Sefton,15528,,55.33,
,St. Helens,9113,,54.15,
,Wirral,16526,,56.74,
,East Riding of Yorkshire,14722,,47.17,
,"Kingston upon Hull, City of",15557,,52.21,
,North East Lincolnshire,8518,,50.97,
,North Lincolnshire,7604,,48.73,
,York,5869,,48.89,
,Craven,2111,,45.99,
,Hambleton,2833,,45.82,
,Harrogate,4600,,45.72,
,Richmondshire,1361,,48.77,
,Ryedale,2074,,47.26,
,Scarborough,6142,,51.05,
,Selby,2567,,48.75,
,Barnsley,11635,,50.2,
,Doncaster,14719,,49.77,
,Rotherham,12987,,49.94,
,Sheffield,26564,,51.61,
,Bradford,23439,,57.81,
,Calderdale,8580,,51.92,
,Kirklees,17029,,54.03,
,Leeds,30252,,52.05,
,Wakefield,14589,,50.03,
,Derby,10322,,55.34,
,Leicester,16402,,77.47,
,Nottingham,13488,,58.96,
,Rutland,990,,46.96,
,Amber Valley,5094,,49.89,
,Bolsover,3646,,48.71,
,Chesterfield,5184,,50.45,
,Derbyshire Dales,2357,,48.71,
,Erewash,4741,,47.09,
,High Peak,3223,,51.27,
,North East Derbyshire,4474,,48.08,
,South Derbyshire,2806,,48.48,
,Blaby,2911,,49.99,
,Charnwood,5306,,52.64,
,Harborough,2328,,48.84,
,Hinckley and Bosworth,3768,,47.58,
,Melton,1500,,47.15,
,North West Leicestershire,3245,,50.39,
,Oadby and Wigston,2075,,54.87,
,Boston,3210,,51.17,
,East Lindsey,8906,,52.13,
,Lincoln,4065,,52.87,
,North Kesteven,4184,,47.69,
,South Holland,4176,,46.61,
,South Kesteven,4797,,48.53,
,West Lindsey,3736,,49.95,
,Corby,2276,,50.94,
,Daventry,2075,,50.84,
,East Northamptonshire,3083,,46.58,
,Kettering,3371,,51.89,
,Northampton,7362,,57.64,
,South Northamptonshire,2119,,50.7,
,Wellingborough,3100,,55.62,
,Ashfield,5270,,50.79,
,Bassetlaw,4809,,49.92,
,Broxtowe,4212,,49.71,
,Gedling,4077,,50.5,
,Mansfield,4553,,50.54,
,Newark and Sherwood,4209,,49.62,
,Rushcliffe,3001,,49.36,
,"Herefordshire, County of",7389,,54.08,
,Shropshire,12763,,52.64,
,Stoke-on-Trent,12679,,50.03,
,Telford and Wrekin,7203,,55.11,
,Cannock Chase,4368,,51.37,
,East Staffordshire,3927,,52.03,
,Lichfield,3606,,49.85,
,Newcastle-under-Lyme,5159,,48.42,
,South Staffordshire,4501,,48.14,
,Stafford,4024,,49.13,
,Staffordshire Moorlands,3773,,48.72,
,Tamworth,3306,,49.88,
,North Warwickshire,2620,,48.62,
,Nuneaton and Bedworth,5244,,53.68,
,Rugby,3093,,53.1,
,Stratford-on-Avon,4201,,50.43,
,Warwick,4207,,53.04,
,Birmingham,53653,,64.14,
,Coventry,14399,,60.57,
,Dudley,16247,,50.85,
,Sandwell,19013,,58.89,
,Solihull,7666,,53.16,
,Walsall,15363,,56.33,
,Wolverhampton,14400,,56.51,
,Bromsgrove,2966,,47.02,
,Malvern Hills,2942,,51.51,
,Redditch,3281,,54.99,
,Worcester,3395,,54.47,
,Wychavon,4181,,52.84,
,Wyre Forest,4708,,51.79,
,Bedford,5180,,55.63,
,Central Bedfordshire,7049,,50.72,
,Luton,7061,,67.53,
,Peterborough,6884,,60.77,
,Southend-on-Sea,7708,,57.22,
,Thurrock,5323,,58.02,
,Cambridge,2731,,60.55,
,East Cambridgeshire,2632,,53.28,
,Fenland,4802,,52.35,
,Huntingdonshire,4442,,49.11,
,South Cambridgeshire,3255,,52.69,
,Basildon,7000,,55.73,
,Braintree,5288,,51.51,
,Brentwood,1998,,50.61,
,Castle Point,3980,,50.86,
,Chelmsford,4459,,51.23,
,Colchester,5256,,54.78,
,Epping Forest,4371,,55.66,
,Harlow,3198,,51.67,
,Maldon,2374,,52.96,
,Rochford,2873,,50.24,
,Tendring,8967,,53.26,
,Uttlesford,2109,,49.71,
,Broxbourne,3093,,56.94,
,Dacorum,3881,,54.89,
,East Hertfordshire,3229,,53.05,
,Hertsmere,3081,,61.5,
,North Hertfordshire,3815,,49.96,
,St Albans,2827,,57.17,
,Stevenage,2946,,53.19,
,Three Rivers,2195,,57.53,
,Watford,2431,,61.62,
,Welwyn Hatfield,3025,,54.28,
,Breckland,5748,,49.2,
,Broadland,4425,,47.62,
,Great Yarmouth,6043,,49.49,
,King's Lynn and West Norfolk,7249,,49.88,
,North Norfolk,5593,,50.32,
,Norwich,6389,,53.78,
,South Norfolk,4485,,49.93,
,Babergh,3203,,49.1,
,Forest Heath,2142,,51.52,
,Ipswich,5276,,55.7,
,Mid Suffolk,3218,,50.36,
,St Edmundsbury,3541,,48.33,
,Suffolk Coastal,4378,,51.89,
,Waveney,6406,,50.26,
,Camden,8384,,85.04,
,City of London,149,,77.42,
,Hackney,10295,,86.75,
,Hammersmith and Fulham,6399,,81.47,
,Haringey,9889,,84.39,
,Islington,9098,,81.25,
,Kensington and Chelsea,5894,,86.54,
,Lambeth,10858,,80.02,
,Lewisham,9490,,72.45,
,Newham,11603,,88.27,
,Southwark,10680,,79.33,
,Tower Hamlets,10212,,87.68,
,Wandsworth,8938,,75.61,
,Westminster,8187,,91.75,
,Barking and Dagenham,7544,,67.13,
,Barnet,11178,,83.04,
,Bexley,6777,,58.82,
,Brent,12217,,89.98,
,Bromley,8511,,61.9,
,Croydon,10847,,73.01,
,Ealing,11810,,91.41,
,Enfield,11339,,76.72,
,Greenwich,8913,,74.8,
,Harrow,8063,,95.15,
,Havering,8410,,56.42,
,Hillingdon,7767,,75.94,
,Hounslow,7914,,82.29,
,Kingston upon Thames,3789,,73.64,
,Merton,5374,,72.19,
,Redbridge,9353,,81.53,
,Richmond upon Thames,4055,,68.04,
,Sutton,5328,,62.54,
,Waltham Forest,9007,,74.03,
,Bracknell Forest,2605,,57.41,
,Brighton and Hove,10516,,61.56,
,Isle of Wight,7432,,50.33,
,Medway,8936,,54.09,
,Milton Keynes,6911,,60.72,
,Portsmouth,7725,,56.56,
,Reading,4660,,65.68,
,Slough,4228,,74.49,
,Southampton,8839,,57.52,
,West Berkshire,3538,,51.42,
,Windsor and Maidenhead,3416,,55.65,
,Wokingham,2501,,52.63,
,Aylesbury Vale,4147,,55.23,
,Chiltern,1859,,54.02,
,South Bucks,1478,,58.24,
,Wycombe,4064,,58.02,
,Eastbourne,4804,,55.76,
,Hastings,4930,,58.89,
,Lewes,3850,,53.41,
,Rother,4534,,52.78,
,Wealden,5077,,50.57,
,Basingstoke and Deane,3858,,52.61,
,East Hampshire,2873,,50.11,
,Eastleigh,3276,,52.18,
,Fareham,2951,,46.53,
,Gosport,2728,,48.59,
,Hart,1474,,55.24,
,Havant,5142,,52.57,
,New Forest,5961,,50.37,
,Rushmoor,2988,,85.93,
,Test Valley,3189,,50.75,
,Winchester,2997,,51.71,
,Ashford,3993,,56.28,
,Canterbury,5744,,53.79,
,Dartford,2673,,51.9,
,Dover,4997,,53.74,
,Gravesham,3590,,55.72,
,Maidstone,4707,,54.06,
,Sevenoaks,3102,,51.79,
,Shepway,5300,,58.05,
,Swale,5510,,54.17,
,Thanet,8253,,55.95,
,Tonbridge and Malling,3213,,52.08,
,Tunbridge Wells,3129,,52.98,
,Cherwell,3506,,52.65,
,Oxford,3604,,62.07,
,South Oxfordshire,2971,,51.32,
,Vale of White Horse,2751,,50.31,
,West Oxfordshire,2630,,50.92,
,Elmbridge,2700,,58.96,
,Epsom and Ewell,1474,,63.83,
,Guildford,2659,,55.79,
,Mole Valley,1940,,54.09,
,Reigate and Banstead,3058,,56.93,
,Runnymede,2060,,54.49,
,Spelthorne,2333,,55.7,
,Surrey Heath,1601,,54.64,
,Tandridge,1875,,55.76,
,Waverley,2876,,52.7,
,Woking,2109,,61.62,
,Adur,2716,,52.32,
,Arun,7147,,51.99,
,Chichester,4080,,51.21,
,Crawley,3154,,60.72,
,Horsham,3158,,50.38,
,Mid Sussex,3237,,51.67,
,Worthing,4281,,54.29,
,Bath and North East Somerset,5539,,52.27,
,Bournemouth,8542,,56.58,
,"Bristol, City of",15879,,61.22,
,Cornwall,27515,,52.78,
,Isles of Scilly,50,,51.12,
,North Somerset,8037,,52.27,
,Plymouth,10710,,54.49,
,Poole,5944,,51.76,
,South Gloucestershire,7354,,51.62,
,Swindon,6703,,59.01,
,Torbay,8685,,57.3,
,Wiltshire,14072,,51.38,
,East Devon,5486,,51.58,
,Exeter,4155,,53.33,
,Mid Devon,2980,,52.53,
,North Devon,4472,,51.62,
,South Hams,3345,,56.15,
,Teignbridge,5851,,52.75,
,Torridge,3230,,51.34,
,West Devon,2219,,52.11,
,Christchurch,2283,,50.09,
,East Dorset,3165,,47.59,
,North Dorset,2301,,49.64,
,Purbeck,1839,,48.04,
,West Dorset,4012,,50.8,
,Weymouth and Portland,2867,,52.87,
,Cheltenham,3452,,54.37,
,Cotswold,2736,,48.75,
,Forest of Dean,3524,,52.24,
,Gloucester,4363,,55.61,
,Stroud,3751,,51.99,
,Tewkesbury,2575,,51.39,
,Mendip,4092,,52.69,
,Sedgemoor,4862,,51.6,
,South Somerset,6245,,49.67,
,Taunton Deane,4102,,52.64,
,West Somerset,1920,,55.13,
,Total,2099621,,57.47,
Feb-13,County Durham,27957,,49.06,
,Darlington,5072,,51.11,
,Hartlepool,5747,,50.24,
,Middlesbrough,7750,,52.52,
,Northumberland,13965,,47.28,
,Redcar and Cleveland,7502,,49.56,
,Stockton-on-Tees,8455,,50.03,
,Gateshead,11743,,49.9,
,Newcastle upon Tyne,13933,,55.28,
,North Tyneside,10631,,50.11,
,South Tyneside,10004,,49.26,
,Sunderland,17389,,49.75,
,Blackburn with Darwen,6731,,64.48,
,Blackpool,9585,,56.8,
,Cheshire East,11404,,50.24,
,Cheshire West and Chester,11839,,52.69,
,Halton,5891,,55.16,
,Warrington,7076,,52.22,
,Allerdale,4215,,49.11,
,Barrow-in-Furness,3300,,54.54,
,Carlisle,4122,,51.99,
,Copeland,2812,,50.49,
,Eden,1579,,50.94,
,South Lakeland,3421,,50.59,
,Bolton,13134,,57.28,
,Bury,7397,,54.68,
,Manchester,23578,,67.3,
,Oldham,10204,,55.1,
,Rochdale,10364,,57.4,
,Salford,12032,,55.44,
,Stockport,10891,,56.45,
,Tameside,10583,,53.42,
,Trafford,7663,,56.72,
,Wigan,14868,,50.13,
,Burnley,4489,,54.02,
,Chorley,3976,,52.88,
,Fylde,3254,,52.41,
,Hyndburn,3855,,55.93,
,Lancaster,6093,,52.77,
,Pendle,4511,,60.1,
,Preston,5615,,61.24,
,Ribble Valley,1561,,49.84,
,Rossendale,3068,,51.31,
,South Ribble,3628,,51.87,
,West Lancashire,5145,,51.69,
,Wyre,5477,,52.49,
,Knowsley,10281,,58.03,
,Liverpool,29750,,60.52,
,Sefton,15347,,55.01,
,St. Helens,8959,,53.84,
,Wirral,16266,,56.87,
,East Riding of Yorkshire,14472,,46.86,
,"Kingston upon Hull, City of",15388,,52.02,
,North East Lincolnshire,8404,,50.68,
,North Lincolnshire,7513,,48.61,
,York,5779,,49.02,
,Craven,2075,,46.04,
,Hambleton,2802,,45.79,
,Harrogate,4523,,45,
,Richmondshire,1332,,49.07,
,Ryedale,2044,,47.1,
,Scarborough,6051,,50.76,
,Selby,2528,,48.11,
,Barnsley,11460,,49.48,
,Doncaster,14476,,49.55,
,Rotherham,12889,,49.84,
,Sheffield,26175,,51.37,
,Bradford,23175,,57.81,
,Calderdale,8449,,51.56,
,Kirklees,16784,,53.76,
,Leeds,29766,,51.85,
,Wakefield,14418,,49.81,
,Derby,10132,,55.16,
,Leicester,16210,,77.38,
,Nottingham,13291,,58.98,
,Rutland,975,,46.91,
,Amber Valley,5029,,49.56,
,Bolsover,3586,,48.46,
,Chesterfield,5100,,50.44,
,Derbyshire Dales,2324,,48.26,
,Erewash,4666,,46.72,
,High Peak,3173,,51.14,
,North East Derbyshire,4431,,48.01,
,South Derbyshire,2756,,48.78,
,Blaby,2878,,49.42,
,Charnwood,5226,,52.36,
,Harborough,2298,,48.64,
,Hinckley and Bosworth,3717,,47.57,
,Melton,1471,,47.28,
,North West Leicestershire,3219,,50.18,
,Oadby and Wigston,2041,,54.79,
,Boston,3178,,51.3,
,East Lindsey,8802,,51.74,
,Lincoln,3985,,52.73,
,North Kesteven,4137,,47.61,
,South Holland,4127,,46.74,
,South Kesteven,4748,,48.3,
,West Lindsey,3681,,49.87,
,Corby,2265,,50.63,
,Daventry,2046,,51.17,
,East Northamptonshire,3049,,46.69,
,Kettering,3325,,51.69,
,Northampton,7279,,57.35,
,South Northamptonshire,2095,,50.34,
,Wellingborough,3064,,55.58,
,Ashfield,5210,,50.63,
,Bassetlaw,4730,,49.74,
,Broxtowe,4181,,49.64,
,Gedling,4057,,49.87,
,Mansfield,4497,,50.5,
,Newark and Sherwood,4178,,49.11,
,Rushcliffe,2969,,48.99,
,"Herefordshire, County of",7299,,53.76,
,Shropshire,12606,,52.27,
,Stoke-on-Trent,12479,,49.7,
,Telford and Wrekin,7105,,54.79,
,Cannock Chase,4307,,51.2,
,East Staffordshire,3850,,51.68,
,Lichfield,3569,,49.73,
,Newcastle-under-Lyme,5073,,48.45,
,South Staffordshire,4423,,48.17,
,Stafford,3977,,49,
,Staffordshire Moorlands,3711,,48.47,
,Tamworth,3286,,49.46,
,North Warwickshire,2575,,48.43,
,Nuneaton and Bedworth,5161,,53.72,
,Rugby,3029,,53.05,
,Stratford-on-Avon,4155,,50.55,
,Warwick,4130,,52.74,
,Birmingham,52895,,63.95,
,Coventry,14194,,60.52,
,Dudley,16042,,50.72,
,Sandwell,18735,,58.46,
,Solihull,7561,,53.01,
,Walsall,15153,,55.98,
,Wolverhampton,14181,,56.27,
,Bromsgrove,2928,,47.43,
,Malvern Hills,2909,,51.4,
,Redditch,3233,,54.23,
,Worcester,3344,,54.53,
,Wychavon,4118,,53.01,
,Wyre Forest,4634,,51.37,
,Bedford,5121,,55.05,
,Central Bedfordshire,6938,,50.47,
,Luton,6962,,67.33,
,Peterborough,6829,,60.06,
,Southend-on-Sea,7625,,57.11,
,Thurrock,5240,,57.67,
,Cambridge,2686,,60.28,
,East Cambridgeshire,2584,,52.89,
,Fenland,4727,,52.15,
,Huntingdonshire,4365,,49.31,
,South Cambridgeshire,3211,,52.21,
,Basildon,6908,,55.45,
,Braintree,5226,,51.19,
,Brentwood,1984,,50.47,
,Castle Point,3922,,50.65,
,Chelmsford,4385,,51.15,
,Colchester,5217,,54.7,
,Epping Forest,4306,,55.64,
,Harlow,3177,,51.38,
,Maldon,2343,,52.99,
,Rochford,2837,,49.58,
,Tendring,8861,,53.22,
,Uttlesford,2082,,49.83,
,Broxbourne,3038,,56.69,
,Dacorum,3813,,54.94,
,East Hertfordshire,3178,,52.95,
,Hertsmere,3019,,61.1,
,North Hertfordshire,3749,,49.85,
,St Albans,2778,,56.67,
,Stevenage,2906,,52.85,
,Three Rivers,2178,,58.36,
,Watford,2388,,61.12,
,Welwyn Hatfield,2997,,54.34,
,Breckland,5675,,48.93,
,Broadland,4337,,47.79,
,Great Yarmouth,5957,,49.42,
,King's Lynn and West Norfolk,7165,,49.65,
,North Norfolk,5551,,49.57,
,Norwich,6325,,53.68,
,South Norfolk,4425,,49.66,
,Babergh,3169,,49.45,
,Forest Heath,2130,,51.79,
,Ipswich,5209,,55.32,
,Mid Suffolk,3162,,49.92,
,St Edmundsbury,3492,,48.45,
,Suffolk Coastal,4318,,51.83,
,Waveney,6338,,50.31,
,Camden,8306,,84.83,
,City of London,146,,75.92,
,Hackney,10196,,86.15,
,Hammersmith and Fulham,6331,,80.85,
,Haringey,9818,,84.05,
,Islington,8979,,80.4,
,Kensington and Chelsea,5834,,85.63,
,Lambeth,10751,,79.49,
,Lewisham,9375,,71.94,
,Newham,11516,,87.94,
,Southwark,10577,,79.03,
,Tower Hamlets,10119,,87.12,
,Wandsworth,8836,,74.98,
,Westminster,8128,,91.17,
,Barking and Dagenham,7435,,67.27,
,Barnet,11102,,83.01,
,Bexley,6677,,58.51,
,Brent,12124,,89.86,
,Bromley,8378,,61.92,
,Croydon,10755,,72.66,
,Ealing,11764,,91.29,
,Enfield,11239,,76.33,
,Greenwich,8822,,74.46,
,Harrow,7999,,95.19,
,Havering,8298,,56.12,
,Hillingdon,7690,,75.72,
,Hounslow,7864,,82.38,
,Kingston upon Thames,3734,,73.43,
,Merton,5307,,71.98,
,Redbridge,9207,,81.48,
,Richmond upon Thames,3986,,67.73,
,Sutton,5275,,61.76,
,Waltham Forest,8875,,73.88,
,Bracknell Forest,2588,,57.96,
,Brighton and Hove,10374,,61.4,
,Isle of Wight,7315,,50.49,
,Medway,8815,,53.96,
,Milton Keynes,6826,,60.24,
,Portsmouth,7622,,56.36,
,Reading,4645,,65.91,
,Slough,4192,,74.6,
,Southampton,8701,,57.33,
,West Berkshire,3473,,51.39,
,Windsor and Maidenhead,3373,,55.87,
,Wokingham,2466,,52.56,
,Aylesbury Vale,4062,,54.99,
,Chiltern,1834,,53.97,
,South Bucks,1469,,58.13,
,Wycombe,3993,,57.44,
,Eastbourne,4740,,55.34,
,Hastings,4896,,58.44,
,Lewes,3814,,53.25,
,Rother,4463,,52.79,
,Wealden,5011,,50.51,
,Basingstoke and Deane,3813,,52.41,
,East Hampshire,2840,,50.33,
,Eastleigh,3197,,52.39,
,Fareham,2896,,46.62,
,Gosport,2689,,48.46,
,Hart,1458,,55.07,
,Havant,5067,,52.06,
,New Forest,5906,,50.19,
,Rushmoor,2984,,86.03,
,Test Valley,3160,,50.5,
,Winchester,2949,,51.88,
,Ashford,3952,,56.15,
,Canterbury,5666,,53.74,
,Dartford,2623,,51.97,
,Dover,4937,,53.46,
,Gravesham,3532,,55.68,
,Maidstone,4662,,54.04,
,Sevenoaks,3038,,52.28,
,Shepway,5230,,58.06,
,Swale,5452,,54.21,
,Thanet,8158,,55.97,
,Tonbridge and Malling,3184,,52.28,
,Tunbridge Wells,3077,,52.43,
,Cherwell,3463,,52.26,
,Oxford,3522,,62.8,
,South Oxfordshire,2903,,51.17,
,Vale of White Horse,2703,,50.23,
,West Oxfordshire,2592,,50.77,
,Elmbridge,2656,,58.42,
,Epsom and Ewell,1451,,63.81,
,Guildford,2639,,55.93,
,Mole Valley,1910,,53.95,
,Reigate and Banstead,2969,,56.47,
,Runnymede,2034,,54.3,
,Spelthorne,2310,,55.23,
,Surrey Heath,1583,,54.72,
,Tandridge,1841,,55.67,
,Waverley,2820,,52.94,
,Woking,2082,,61.36,
,Adur,2676,,52.72,
,Arun,7065,,51.61,
,Chichester,4009,,51.42,
,Crawley,3100,,60.93,
,Horsham,3100,,50.37,
,Mid Sussex,3177,,51.32,
,Worthing,4210,,54.14,
,Bath and North East Somerset,5436,,52.2,
,Bournemouth,8443,,56.67,
,"Bristol, City of",15643,,61.18,
,Cornwall,27238,,52.6,
,Isles of Scilly,44,,50.93,
,North Somerset,7914,,52.21,
,Plymouth,10556,,54.42,
,Poole,5858,,51.56,
,South Gloucestershire,7242,,51.39,
,Swindon,6631,,58.66,
,Torbay,8569,,57,
,Wiltshire,13872,,51.22,
,East Devon,5414,,51.12,
,Exeter,4099,,53.36,
,Mid Devon,2943,,52.8,
,North Devon,4413,,51.25,
,South Hams,3305,,56.52,
,Teignbridge,5819,,52.89,
,Torridge,3175,,50.87,
,West Devon,2174,,52.09,
,Christchurch,2262,,49.67,
,East Dorset,3100,,47.59,
,North Dorset,2278,,49.27,
,Purbeck,1822,,47.58,
,West Dorset,3972,,50.39,
,Weymouth and Portland,2833,,52.91,
,Cheltenham,3386,,54.14,
,Cotswold,2680,,48.45,
,Forest of Dean,3489,,52.07,
,Gloucester,4291,,55.4,
,Stroud,3669,,51.59,
,Tewkesbury,2521,,51.25,
,Mendip,4037,,52.85,
,Sedgemoor,4800,,51.26,
,South Somerset,6189,,49.53,
,Taunton Deane,4067,,52.63,
,West Somerset,1887,,55.25,
,Total,2071731,,57.28,
May-13,County Durham,27286,,49.34,
,Darlington,4938,,51.53,
,Hartlepool,5690,,50.52,
,Middlesbrough,7584,,52.76,
,Northumberland,13642,,47.52,
,Redcar and Cleveland,7343,,49.76,
,Stockton-on-Tees,8316,,50.21,
,Gateshead,11475,,50.06,
,Newcastle upon Tyne,13683,,55.54,
,North Tyneside,10349,,50.54,
,South Tyneside,9755,,49.56,
,Sunderland,17087,,50.04,
,Blackburn with Darwen,6628,,65.07,
,Blackpool,9414,,56.9,
,Cheshire East,11143,,50.43,
,Cheshire West and Chester,11537,,52.87,
,Halton,5757,,55.18,
,Warrington,6868,,53.1,
,Allerdale,4096,,49.03,
,Barrow-in-Furness,3207,,55.2,
,Carlisle,4030,,52.19,
,Copeland,2734,,50.88,
,Eden,1551,,51.08,
,South Lakeland,3343,,51.28,
,Bolton,12859,,57.82,
,Bury,7232,,54.72,
,Manchester,23219,,68,
,Oldham,10003,,55.46,
,Rochdale,10163,,57.78,
,Salford,11771,,55.86,
,Stockport,10668,,56.98,
,Tameside,10339,,53.63,
,Trafford,7492,,57.35,
,Wigan,14545,,50.52,
,Burnley,4369,,54.54,
,Chorley,3876,,53.27,
,Fylde,3206,,52.47,
,Hyndburn,3752,,56.17,
,Lancaster,5975,,53.09,
,Pendle,4427,,60.93,
,Preston,5521,,61.72,
,Ribble Valley,1531,,50.38,
,Rossendale,3001,,51.43,
,South Ribble,3544,,52.38,
,West Lancashire,5059,,51.82,
,Wyre,5375,,52.87,
,Knowsley,10065,,58.26,
,Liverpool,29235,,60.77,
,Sefton,14984,,55.01,
,St. Helens,8784,,54.11,
,Wirral,15916,,56.98,
,East Riding of Yorkshire,14130,,46.9,
,"Kingston upon Hull, City of",15037,,52.02,
,North East Lincolnshire,8248,,50.7,
,North Lincolnshire,7362,,48.82,
,York,5648,,49.33,
,Craven,2037,,45.84,
,Hambleton,2745,,45.77,
,Harrogate,4452,,44.75,
,Richmondshire,1287,,48.99,
,Ryedale,2008,,47.1,
,Scarborough,5938,,50.79,
,Selby,2471,,49.14,
,Barnsley,11229,,49.98,
,Doncaster,14156,,49.98,
,Rotherham,12590,,49.92,
,Sheffield,25545,,51.93,
,Bradford,22735,,58.41,
,Calderdale,8275,,51.52,
,Kirklees,16396,,54.33,
,Leeds,29024,,52.35,
,Wakefield,14084,,50.01,
,Derby,9924,,55.67,
,Leicester,16013,,78.55,
,Nottingham,13038,,59.58,
,Rutland,953,,46.9,
,Amber Valley,4948,,50.05,
,Bolsover,3472,,49.02,
,Chesterfield,4955,,50.79,
,Derbyshire Dales,2290,,48.28,
,Erewash,4527,,46.99,
,High Peak,3098,,51.64,
,North East Derbyshire,4337,,48.43,
,South Derbyshire,2681,,49.04,
,Blaby,2806,,49.57,
,Charnwood,5126,,52.9,
,Harborough,2262,,48.78,
,Hinckley and Bosworth,3614,,47.84,
,Melton,1430,,48.03,
,North West Leicestershire,3130,,50.61,
,Oadby and Wigston,1998,,55.02,
,Boston,3127,,51.29,
,East Lindsey,8668,,52.02,
,Lincoln,3899,,52.98,
,North Kesteven,4027,,48.03,
,South Holland,4031,,46.96,
,South Kesteven,4666,,48.38,
,West Lindsey,3609,,50.42,
,Corby,2210,,50.85,
,Daventry,2013,,50.88,
,East Northamptonshire,2965,,46.48,
,Kettering,3259,,51.73,
,Northampton,7144,,57.85,
,South Northamptonshire,2045,,50.49,
,Wellingborough,2989,,55.91,
,Ashfield,5111,,50.84,
,Bassetlaw,4628,,49.82,
,Broxtowe,4082,,49.86,
,Gedling,3988,,50.21,
,Mansfield,4386,,51.08,
,Newark and Sherwood,4059,,49.81,
,Rushcliffe,2905,,49.27,
,"Herefordshire, County of",7125,,53.54,
,Shropshire,12371,,52.19,
,Stoke-on-Trent,12215,,50.17,
,Telford and Wrekin,6964,,54.87,
,Cannock Chase,4214,,51.2,
,East Staffordshire,3761,,51.9,
,Lichfield,3497,,49.41,
,Newcastle-under-Lyme,4953,,48.62,
,South Staffordshire,4303,,48.4,
,Stafford,3882,,48.77,
,Staffordshire Moorlands,3606,,48.97,
,Tamworth,3200,,49.29,
,North Warwickshire,2506,,48.59,
,Nuneaton and Bedworth,5038,,54.1,
,Rugby,2966,,52.97,
,Stratford-on-Avon,4068,,50.64,
,Warwick,4058,,53.03,
,Birmingham,51741,,64.57,
,Coventry,13860,,60.94,
,Dudley,15604,,51.04,
,Sandwell,18366,,59.08,
,Solihull,7393,,53.12,
,Walsall,14865,,56.32,
,Wolverhampton,13891,,56.71,
,Bromsgrove,2863,,47.97,
,Malvern Hills,2818,,52.23,
,Redditch,3169,,54.75,
,Worcester,3285,,54.96,
,Wychavon,4029,,53.31,
,Wyre Forest,4511,,52,
,Bedford,4977,,55.49,
,Central Bedfordshire,6763,,50.32,
,Luton,6872,,67.93,
,Peterborough,6684,,61.21,
,Southend-on-Sea,7498,,57.3,
,Thurrock,5133,,58.28,
,Cambridge,2626,,60.4,
,East Cambridgeshire,2510,,53.34,
,Fenland,4615,,52.41,
,Huntingdonshire,4287,,49.68,
,South Cambridgeshire,3149,,52.51,
,Basildon,6751,,55.7,
,Braintree,5124,,51.39,
,Brentwood,1961,,50,
,Castle Point,3824,,51.12,
,Chelmsford,4276,,51.41,
,Colchester,5143,,54.61,
,Epping Forest,4245,,56.06,
,Harlow,3122,,51.48,
,Maldon,2286,,53.22,
,Rochford,2752,,50.06,
,Tendring,8707,,53.11,
,Uttlesford,2045,,49.67,
,Broxbourne,2958,,57.33,
,Dacorum,3722,,55.37,
,East Hertfordshire,3116,,53.1,
,Hertsmere,2980,,61.11,
,North Hertfordshire,3656,,50.16,
,St Albans,2729,,56.96,
,Stevenage,2831,,53.83,
,Three Rivers,2140,,58.55,
,Watford,2348,,61.62,
,Welwyn Hatfield,2937,,55.33,
,Breckland,5551,,48.85,
,Broadland,4233,,47.86,
,Great Yarmouth,5808,,50.03,
,King's Lynn and West Norfolk,7005,,50.01,
,North Norfolk,5399,,49.58,
,Norwich,6173,,54.13,
,South Norfolk,4301,,49.81,
,Babergh,3117,,48.97,
,Forest Heath,2101,,51.8,
,Ipswich,5116,,55.85,
,Mid Suffolk,3064,,50.12,
,St Edmundsbury,3401,,49.25,
,Suffolk Coastal,4217,,52.46,
,Waveney,6180,,50.41,
,Camden,8244,,85.56,
,City of London,146,,77.36,
,Hackney,10106,,87.02,
,Hammersmith and Fulham,6244,,81.3,
,Haringey,9731,,85.15,
,Islington,8808,,81.04,
,Kensington and Chelsea,5766,,86.49,
,Lambeth,10594,,79.99,
,Lewisham,9186,,72.63,
,Newham,11381,,88.76,
,Southwark,10429,,79.61,
,Tower Hamlets,10024,,87.75,
,Wandsworth,8753,,75.47,
,Westminster,8028,,91.95,
,Barking and Dagenham,7313,,67.75,
,Barnet,10966,,83.95,
,Bexley,6527,,58.61,
,Brent,12026,,91.17,
,Bromley,8251,,62.18,
,Croydon,10645,,73.49,
,Ealing,11592,,92.36,
,Enfield,11139,,77.04,
,Greenwich,8750,,75.58,
,Harrow,7955,,96.59,
,Havering,8122,,56.28,
,Hillingdon,7596,,76.67,
,Hounslow,7767,,83.57,
,Kingston upon Thames,3662,,74.48,
,Merton,5224,,72.99,
,Redbridge,9092,,82.29,
,Richmond upon Thames,3903,,68.42,
,Sutton,5176,,62.63,
,Waltham Forest,8751,,74.59,
,Bracknell Forest,2550,,58.75,
,Brighton and Hove,10205,,61.45,
,Isle of Wight,7147,,50.53,
,Medway,8661,,54.07,
,Milton Keynes,6695,,60.69,
,Portsmouth,7486,,56.73,
,Reading,4546,,66.95,
,Slough,4120,,76.1,
,Southampton,8531,,57.74,
,West Berkshire,3413,,51.73,
,Windsor and Maidenhead,3281,,56.6,
,Wokingham,2422,,52.83,
,Aylesbury Vale,3991,,55.09,
,Chiltern,1796,,53.48,
,South Bucks,1450,,58.86,
,Wycombe,3922,,57.85,
,Eastbourne,4641,,55.68,
,Hastings,4832,,58.75,
,Lewes,3749,,53.58,
,Rother,4347,,52.64,
,Wealden,4914,,50.24,
,Basingstoke and Deane,3729,,53.37,
,East Hampshire,2778,,50.08,
,Eastleigh,3157,,52.89,
,Fareham,2825,,46.68,
,Gosport,2640,,49.07,
,Hart,1433,,55.27,
,Havant,4918,,51.62,
,New Forest,5774,,50.32,
,Rushmoor,2978,,88.6,
,Test Valley,3072,,50.75,
,Winchester,2886,,52.14,
,Ashford,3877,,57.19,
,Canterbury,5527,,53.69,
,Dartford,2555,,52.71,
,Dover,4859,,53.88,
,Gravesham,3462,,56.51,
,Maidstone,4585,,54.42,
,Sevenoaks,2987,,52.53,
,Shepway,5135,,58.56,
,Swale,5307,,54.49,
,Thanet,7994,,56.39,
,Tonbridge and Malling,3098,,52.34,
,Tunbridge Wells,3006,,52.99,
,Cherwell,3399,,52.49,
,Oxford,3464,,63.06,
,South Oxfordshire,2822,,51.09,
,Vale of White Horse,2639,,50.59,
,West Oxfordshire,2528,,51.03,
,Elmbridge,2599,,59.17,
,Epsom and Ewell,1426,,64.64,
,Guildford,2571,,56.47,
,Mole Valley,1871,,55.07,
,Reigate and Banstead,2927,,56.46,
,Runnymede,1978,,54.55,
,Spelthorne,2247,,55.87,
,Surrey Heath,1554,,56.1,
,Tandridge,1804,,55.86,
,Waverley,2770,,53.06,
,Woking,2060,,61.66,
,Adur,2600,,53.56,
,Arun,6907,,51.85,
,Chichester,3937,,52.03,
,Crawley,3039,,62.07,
,Horsham,3054,,50.29,
,Mid Sussex,3137,,51.97,
,Worthing,4138,,53.81,
,Bath and North East Somerset,5291,,52.09,
,Bournemouth,8302,,56.92,
,"Bristol, City of",15306,,61.71,
,Cornwall,26730,,52.52,
,Isles of Scilly,48,,47.91,
,North Somerset,7751,,52.1,
,Plymouth,10339,,54.48,
,Poole,5726,,51.85,
,South Gloucestershire,7068,,51.42,
,Swindon,6461,,59.45,
,Torbay,8386,,56.76,
,Wiltshire,13561,,51.59,
,East Devon,5314,,51.1,
,Exeter,3990,,53.8,
,Mid Devon,2872,,53,
,North Devon,4304,,51.05,
,South Hams,3240,,57.01,
,Teignbridge,5739,,52.48,
,Torridge,3127,,50.77,
,West Devon,2123,,52.52,
,Christchurch,2202,,49.96,
,East Dorset,3033,,47.93,
,North Dorset,2225,,49.74,
,Purbeck,1776,,48.67,
,West Dorset,3886,,50.46,
,Weymouth and Portland,2779,,53.25,
,Cheltenham,3318,,54.57,
,Cotswold,2641,,48.48,
,Forest of Dean,3405,,52.28,
,Gloucester,4202,,55.82,
,Stroud,3588,,51.68,
,Tewkesbury,2475,,51.82,
,Mendip,3957,,53.15,
,Sedgemoor,4710,,51.52,
,South Somerset,6048,,49.81,
,Taunton Deane,3982,,52.79,
,West Somerset,1861,,55.31,
,Total,2030109,,57.7,
Aug-13,County Durham,26950,,49.14,
,Darlington,4872,,51.15,
,Hartlepool,5650,,50.67,
,Middlesbrough,7548,,52.6,
,Northumberland,13494,,47.53,
,Redcar and Cleveland,7253,,49.4,
,Stockton-on-Tees,8236,,50.16,
,Gateshead,11340,,49.85,
,Newcastle upon Tyne,13506,,55.1,
,North Tyneside,10236,,50.21,
,South Tyneside,9683,,49.32,
,Sunderland,16917,,49.76,
,Blackburn with Darwen,6557,,65.02,
,Blackpool,9370,,56.87,
,Cheshire East,11071,,50.51,
,Cheshire West and Chester,11451,,52.69,
,Halton,5715,,54.82,
,Warrington,6795,,52.9,
,Allerdale,4057,,48.97,
,Barrow-in-Furness,3177,,54.68,
,Carlisle,3999,,51.77,
,Copeland,2699,,50.73,
,Eden,1533,,50.9,
,South Lakeland,3308,,51.14,
,Bolton,12756,,57.68,
,Bury,7184,,54.86,
,Manchester,23035,,68.02,
,Oldham,9903,,55.59,
,Rochdale,10084,,57.66,
,Salford,11661,,55.92,
,Stockport,10581,,56.93,
,Tameside,10225,,53.29,
,Trafford,7431,,57.37,
,Wigan,14433,,50.3,
,Burnley,4323,,54.72,
,Chorley,3841,,53.22,
,Fylde,3210,,52.42,
,Hyndburn,3715,,56.11,
,Lancaster,5901,,53.12,
,Pendle,4373,,60.68,
,Preston,5468,,61.61,
,Ribble Valley,1502,,50.04,
,Rossendale,2983,,51.13,
,South Ribble,3526,,52.1,
,West Lancashire,5015,,51.69,
,Wyre,5341,,52.31,
,Knowsley,9976,,57.97,
,Liverpool,28989,,60.5,
,Sefton,14814,,54.64,
,St. Helens,8705,,53.97,
,Wirral,15801,,56.81,
,East Riding of Yorkshire,13984,,46.53,
,"Kingston upon Hull, City of",14891,,51.76,
,North East Lincolnshire,8161,,50.52,
,North Lincolnshire,7269,,48.6,
,York,5588,,49.63,
,Craven,2009,,45.97,
,Hambleton,2712,,46.07,
,Harrogate,4428,,44.54,
,Richmondshire,1275,,47.93,
,Ryedale,1984,,46.83,
,Scarborough,5863,,50.78,
,Selby,2441,,49.52,
,Barnsley,11111,,49.67,
,Doncaster,13995,,49.42,
,Rotherham,12453,,49.61,
,Sheffield,25281,,51.79,
,Bradford,22549,,58.36,
,Calderdale,8177,,51.36,
,Kirklees,16234,,54.36,
,Leeds,28710,,52.26,
,Wakefield,13942,,49.8,
,Derby,9795,,55.57,
,Leicester,15920,,78.62,
,Nottingham,12905,,59.4,
,Rutland,952,,46.47,
,Amber Valley,4878,,49.98,
,Bolsover,3442,,48.94,
,Chesterfield,4923,,50.64,
,Derbyshire Dales,2267,,47.64,
,Erewash,4487,,46.54,
,High Peak,3051,,51.78,
,North East Derbyshire,4305,,48.17,
,South Derbyshire,2665,,48.68,
,Blaby,2765,,49.3,
,Charnwood,5074,,52.51,
,Harborough,2247,,48.72,
,Hinckley and Bosworth,3552,,47.56,
,Melton,1408,,47.73,
,North West Leicestershire,3081,,51.04,
,Oadby and Wigston,1974,,54.94,
,Boston,3076,,51.15,
,East Lindsey,8588,,51.84,
,Lincoln,3866,,52.88,
,North Kesteven,4006,,47.99,
,South Holland,3982,,46.53,
,South Kesteven,4586,,48.05,
,West Lindsey,3565,,49.71,
,Corby,2182,,50.19,
,Daventry,1988,,50.47,
,East Northamptonshire,2941,,46.54,
,Kettering,3223,,51.18,
,Northampton,7067,,57.66,
,South Northamptonshire,2014,,49.96,
,Wellingborough,2959,,55.41,
,Ashfield,5049,,50.74,
,Bassetlaw,4588,,49.29,
,Broxtowe,4028,,49.56,
,Gedling,3917,,50.19,
,Mansfield,4344,,50.81,
,Newark and Sherwood,4019,,49.8,
,Rushcliffe,2857,,48.91,
,"Herefordshire, County of",7031,,53.15,
,Shropshire,12275,,51.89,
,Stoke-on-Trent,12083,,50.19,
,Telford and Wrekin,6907,,54.61,
,Cannock Chase,4175,,50.46,
,East Staffordshire,3711,,51.68,
,Lichfield,3461,,49.25,
,Newcastle-under-Lyme,4911,,48.3,
,South Staffordshire,4261,,48.62,
,Stafford,3838,,48.34,
,Staffordshire Moorlands,3583,,48.72,
,Tamworth,3177,,49,
,North Warwickshire,2472,,48.76,
,Nuneaton and Bedworth,4993,,54.11,
,Rugby,2919,,52.47,
,Stratford-on-Avon,4011,,50.61,
,Warwick,3972,,52.77,
,Birmingham,51286,,64.27,
,Coventry,13681,,60.54,
,Dudley,15474,,50.54,
,Sandwell,18153,,58.77,
,Solihull,7312,,53.03,
,Walsall,14722,,56.06,
,Wolverhampton,13796,,56.58,
,Bromsgrove,2814,,47.77,
,Malvern Hills,2805,,51.81,
,Redditch,3132,,54.62,
,Worcester,3244,,54.62,
,Wychavon,3976,,53.14,
,Wyre Forest,4450,,51.9,
,Bedford,4907,,54.79,
,Central Bedfordshire,6680,,50.17,
,Luton,6828,,68.01,
,Peterborough,6615,,61.03,
,Southend-on-Sea,7454,,56.86,
,Thurrock,5072,,58.11,
,Cambridge,2584,,59.93,
,East Cambridgeshire,2501,,53.35,
,Fenland,4577,,52.23,
,Huntingdonshire,4261,,49.28,
,South Cambridgeshire,3096,,52.16,
,Basildon,6718,,55.71,
,Braintree,5075,,51.26,
,Brentwood,1937,,50.11,
,Castle Point,3802,,50.97,
,Chelmsford,4238,,51.09,
,Colchester,5093,,54.28,
,Epping Forest,4234,,56.08,
,Harlow,3105,,51.43,
,Maldon,2270,,53.27,
,Rochford,2743,,49.65,
,Tendring,8679,,52.56,
,Uttlesford,2026,,49.38,
,Broxbourne,2949,,57.2,
,Dacorum,3705,,54.99,
,East Hertfordshire,3111,,53.47,
,Hertsmere,2930,,60.94,
,North Hertfordshire,3636,,50.12,
,St Albans,2688,,56.41,
,Stevenage,2816,,53.66,
,Three Rivers,2130,,57.91,
,Watford,2335,,61.37,
,Welwyn Hatfield,2904,,55.16,
,Breckland,5525,,48.64,
,Broadland,4208,,47.59,
,Great Yarmouth,5730,,49.32,
,King's Lynn and West Norfolk,6912,,49.75,
,North Norfolk,5358,,48.88,
,Norwich,6114,,53.84,
,South Norfolk,4257,,48.85,
,Babergh,3088,,48.85,
,Forest Heath,2054,,51.84,
,Ipswich,5051,,55.45,
,Mid Suffolk,3046,,49.56,
,St Edmundsbury,3370,,48.96,
,Suffolk Coastal,4168,,52.09,
,Waveney,6103,,49.93,
,Camden,8203,,85.03,
,City of London,144,,75.78,
,Hackney,10040,,86.71,
,Hammersmith and Fulham,6202,,80.86,
,Haringey,9688,,84.93,
,Islington,8708,,80.86,
,Kensington and Chelsea,5745,,85.87,
,Lambeth,10531,,79.39,
,Lewisham,9114,,72.04,
,Newham,11286,,88.34,
,Southwark,10336,,79.18,
,Tower Hamlets,9922,,87.2,
,Wandsworth,8693,,75.24,
,Westminster,7997,,91.5,
,Barking and Dagenham,7242,,67.94,
,Barnet,10920,,83.76,
,Bexley,6467,,58.5,
,Brent,11989,,91.16,
,Bromley,8175,,61.83,
,Croydon,10590,,73.54,
,Ealing,11512,,92.37,
,Enfield,11061,,77.01,
,Greenwich,8704,,75.58,
,Harrow,7887,,96.73,
,Havering,8008,,56.06,
,Hillingdon,7543,,76.55,
,Hounslow,7710,,83.51,
,Kingston upon Thames,3658,,74.19,
,Merton,5193,,72.62,
,Redbridge,9017,,81.69,
,Richmond upon Thames,3874,,67.97,
,Sutton,5118,,62.97,
,Waltham Forest,8690,,74.07,
,Bracknell Forest,2522,,58.32,
,Brighton and Hove,10096,,61.09,
,Isle of Wight,7070,,50.18,
,Medway,8635,,53.85,
,Milton Keynes,6652,,60.46,
,Portsmouth,7403,,56.49,
,Reading,4516,,67.51,
,Slough,4109,,75.45,
,Southampton,8445,,57.64,
,West Berkshire,3374,,51.67,
,Windsor and Maidenhead,3241,,56.34,
,Wokingham,2415,,52.84,
,Aylesbury Vale,3954,,55,
,Chiltern,1773,,53.87,
,South Bucks,1442,,58.81,
,Wycombe,3868,,57.61,
,Eastbourne,4615,,55.27,
,Hastings,4808,,57.96,
,Lewes,3722,,53.06,
,Rother,4327,,52.47,
,Wealden,4888,,50.05,
,Basingstoke and Deane,3703,,53.69,
,East Hampshire,2739,,50.25,
,Eastleigh,3115,,52.89,
,Fareham,2762,,46.33,
,Gosport,2614,,48.34,
,Hart,1400,,54.97,
,Havant,4865,,51.26,
,New Forest,5674,,50.15,
,Rushmoor,3022,,89.98,
,Test Valley,3016,,50.72,
,Winchester,2854,,51.66,
,Ashford,3869,,56.97,
,Canterbury,5486,,53.46,
,Dartford,2533,,52.87,
,Dover,4782,,53.2,
,Gravesham,3404,,55.93,
,Maidstone,4569,,54.48,
,Sevenoaks,2955,,52.11,
,Shepway,5119,,58.35,
,Swale,5284,,54.2,
,Thanet,7920,,55.94,
,Tonbridge and Malling,3073,,52.54,
,Tunbridge Wells,2974,,52.36,
,Cherwell,3373,,52.24,
,Oxford,3418,,63.34,
,South Oxfordshire,2798,,50.63,
,Vale of White Horse,2610,,50.28,
,West Oxfordshire,2493,,50.35,
,Elmbridge,2562,,59.17,
,Epsom and Ewell,1407,,64.22,
,Guildford,2550,,56.25,
,Mole Valley,1861,,54.53,
,Reigate and Banstead,2861,,56.06,
,Runnymede,1970,,54.32,
,Spelthorne,2200,,56.14,
,Surrey Heath,1538,,55.77,
,Tandridge,1785,,55.92,
,Waverley,2753,,52.66,
,Woking,2038,,61.42,
,Adur,2586,,53.33,
,Arun,6868,,51.53,
,Chichester,3879,,51.54,
,Crawley,3023,,62.48,
,Horsham,3036,,50.31,
,Mid Sussex,3124,,51.44,
,Worthing,4099,,53.44,
,Bath and North East Somerset,5234,,51.64,
,Bournemouth,8237,,56.44,
,"Bristol, City of",15112,,61.49,
,Cornwall,26552,,52.17,
,Isles of Scilly,42,,49.04,
,North Somerset,7661,,51.81,
,Plymouth,10219,,53.85,
,Poole,5667,,51.57,
,South Gloucestershire,6992,,51.11,
,Swindon,6427,,59.49,
,Torbay,8349,,56.38,
,Wiltshire,13457,,51.31,
,East Devon,5265,,50.63,
,Exeter,3945,,53.28,
,Mid Devon,2853,,52.8,
,North Devon,4247,,50.8,
,South Hams,3202,,56.55,
,Teignbridge,5700,,52.27,
,Torridge,3103,,50.35,
,West Devon,2096,,51.88,
,Christchurch,2186,,49.47,
,East Dorset,3007,,47.48,
,North Dorset,2200,,49.64,
,Purbeck,1766,,48.01,
,West Dorset,3856,,50.07,
,Weymouth and Portland,2757,,52.6,
,Cheltenham,3267,,54.55,
,Cotswold,2602,,48.18,
,Forest of Dean,3386,,51.48,
,Gloucester,4177,,55.56,
,Stroud,3532,,51,
,Tewkesbury,2441,,51.3,
,Mendip,3910,,52.87,
,Sedgemoor,4665,,51.27,
,South Somerset,5975,,49.59,
,Taunton Deane,3979,,52.52,
,West Somerset,1850,,55.2,
,Total,2011431,,57.48,
Nov-13,County Durham,26713,,49.02,
,Darlington,4822,,51.02,
,Hartlepool,5620,,50.65,
,Middlesbrough,7483,,52.28,
,Northumberland,13340,,47.37,
,Redcar and Cleveland,7166,,49.41,
,Stockton-on-Tees,8131,,50.05,
,Gateshead,11205,,49.9,
,Newcastle upon Tyne,13377,,54.91,
,North Tyneside,10110,,49.87,
,South Tyneside,9592,,49.04,
,Sunderland,16727,,49.65,
,Blackburn with Darwen,6524,,65.05,
,Blackpool,9312,,56.45,
,Cheshire East,10973,,50.15,
,Cheshire West and Chester,11381,,52.28,
,Halton,5684,,54.47,
,Warrington,6753,,52.91,
,Allerdale,4038,,49,
,Barrow-in-Furness,3138,,54.35,
,Carlisle,3936,,51.42,
,Copeland,2670,,50.42,
,Eden,1532,,50.63,
,South Lakeland,3266,,50.99,
,Bolton,12680,,57.31,
,Bury,7117,,54.49,
,Manchester,22801,,67.86,
,Oldham,9839,,55.38,
,Rochdale,10014,,57.28,
,Salford,11540,,55.95,
,Stockport,10500,,56.81,
,Tameside,10142,,53.02,
,Trafford,7387,,57,
,Wigan,14287,,49.83,
,Burnley,4297,,54.38,
,Chorley,3782,,52.52,
,Fylde,3167,,52.66,
,Hyndburn,3693,,55.51,
,Lancaster,5859,,52.62,
,Pendle,4341,,61.06,
,Preston,5416,,61.48,
,Ribble Valley,1501,,50.2,
,Rossendale,2946,,50.5,
,South Ribble,3493,,52.14,
,West Lancashire,4974,,51.25,
,Wyre,5315,,52.32,
,Knowsley,9881,,57.63,
,Liverpool,28757,,60.13,
,Sefton,14695,,54.46,
,St. Helens,8631,,53.77,
,Wirral,15688,,56.55,
,East Riding of Yorkshire,13884,,46.28,
,"Kingston upon Hull, City of",14775,,51.55,
,North East Lincolnshire,8081,,50.39,
,North Lincolnshire,7173,,47.89,
,York,5528,,49.73,
,Craven,1986,,45.59,
,Hambleton,2672,,45.42,
,Harrogate,4410,,44.4,
,Richmondshire,1256,,47.85,
,Ryedale,1960,,46.9,
,Scarborough,5826,,50.65,
,Selby,2433,,49.64,
,Barnsley,11009,,49.4,
,Doncaster,13876,,49.29,
,Rotherham,12388,,49.3,
,Sheffield,25056,,51.74,
,Bradford,22396,,58.43,
,Calderdale,8115,,51.14,
,Kirklees,16115,,54.35,
,Leeds,28458,,52.27,
,Wakefield,13845,,49.59,
,Derby,9727,,55.5,
,Leicester,15845,,78.71,
,Nottingham,12784,,58.93,
,Rutland,935,,45.2,
,Amber Valley,4838,,49.53,
,Bolsover,3406,,48.96,
,Chesterfield,4891,,50.32,
,Derbyshire Dales,2237,,47.18,
,Erewash,4453,,46.16,
,High Peak,3044,,51.67,
,North East Derbyshire,4239,,47.71,
,South Derbyshire,2666,,49.09,
,Blaby,2729,,49.25,
,Charnwood,5004,,52.05,
,Harborough,2219,,48.42,
,Hinckley and Bosworth,3528,,47.26,
,Melton,1398,,47.48,
,North West Leicestershire,3036,,50.66,
,Oadby and Wigston,1949,,54.18,
,Boston,3081,,51.6,
,East Lindsey,8500,,51.55,
,Lincoln,3829,,52.84,
,North Kesteven,3985,,47.95,
,South Holland,3925,,46.06,
,South Kesteven,4524,,48.2,
,West Lindsey,3558,,49.77,
,Corby,2166,,50.24,
,Daventry,1960,,50.23,
,East Northamptonshire,2924,,46.45,
,Kettering,3190,,50.48,
,Northampton,6974,,57.22,
,South Northamptonshire,1984,,49.69,
,Wellingborough,2943,,54.97,
,Ashfield,5026,,50.31,
,Bassetlaw,4519,,48.71,
,Broxtowe,3971,,49.67,
,Gedling,3920,,50.13,
,Mansfield,4317,,50.68,
,Newark and Sherwood,3976,,49.28,
,Rushcliffe,2840,,48.57,
,"Herefordshire, County of",6978,,52.87,
,Shropshire,12149,,51.27,
,Stoke-on-Trent,11961,,49.81,
,Telford and Wrekin,6846,,53.88,
,Cannock Chase,4145,,50.16,
,East Staffordshire,3674,,51.51,
,Lichfield,3414,,49.06,
,Newcastle-under-Lyme,4861,,48.33,
,South Staffordshire,4219,,48.38,
,Stafford,3805,,48.31,
,Staffordshire Moorlands,3530,,48.42,
,Tamworth,3150,,48.89,
,North Warwickshire,2447,,48.23,
,Nuneaton and Bedworth,4961,,53.99,
,Rugby,2898,,52.18,
,Stratford-on-Avon,3940,,50.25,
,Warwick,3907,,52.24,
,Birmingham,50797,,64.02,
,Coventry,13533,,60.15,
,Dudley,15314,,50.22,
,Sandwell,17987,,58.31,
,Solihull,7232,,53.15,
,Walsall,14594,,55.75,
,Wolverhampton,13694,,56.27,
,Bromsgrove,2783,,47.41,
,Malvern Hills,2804,,52.05,
,Redditch,3104,,54.82,
,Worcester,3219,,54.43,
,Wychavon,3943,,52.96,
,Wyre Forest,4404,,51.31,
,Bedford,4865,,54.52,
,Central Bedfordshire,6588,,49.74,
,Luton,6796,,67.9,
,Peterborough,6580,,60.68,
,Southend-on-Sea,7362,,56.66,
,Thurrock,5006,,57.69,
,Cambridge,2571,,59.19,
,East Cambridgeshire,2469,,52.79,
,Fenland,4549,,51.6,
,Huntingdonshire,4222,,48.81,
,South Cambridgeshire,3082,,51.83,
,Basildon,6604,,55.23,
,Braintree,5027,,51.09,
,Brentwood,1909,,49.97,
,Castle Point,3762,,50.85,
,Chelmsford,4177,,50.65,
,Colchester,5057,,54.05,
,Epping Forest,4200,,55.66,
,Harlow,3076,,51.18,
,Maldon,2236,,52.94,
,Rochford,2748,,49.56,
,Tendring,8605,,52.23,
,Uttlesford,2010,,49.58,
,Broxbourne,2927,,57.41,
,Dacorum,3663,,54.83,
,East Hertfordshire,3088,,53.15,
,Hertsmere,2889,,60.74,
,North Hertfordshire,3580,,49.72,
,St Albans,2657,,56.7,
,Stevenage,2782,,53.09,
,Three Rivers,2113,,58.28,
,Watford,2313,,60.91,
,Welwyn Hatfield,2889,,54.97,
,Breckland,5470,,48.34,
,Broadland,4180,,47.45,
,Great Yarmouth,5695,,49.15,
,King's Lynn and West Norfolk,6885,,49.52,
,North Norfolk,5306,,48.64,
,Norwich,6057,,53.58,
,South Norfolk,4252,,48.89,
,Babergh,3065,,48.53,
,Forest Heath,2030,,52.01,
,Ipswich,5010,,55.38,
,Mid Suffolk,3000,,49.35,
,St Edmundsbury,3341,,49.05,
,Suffolk Coastal,4142,,52.04,
,Waveney,6063,,50.01,
,Camden,8156,,84.75,
,City of London,145,,77.52,
,Hackney,10016,,86.52,
,Hammersmith and Fulham,6177,,80.54,
,Haringey,9663,,84.53,
,Islington,8638,,80.54,
,Kensington and Chelsea,5737,,85.48,
,Lambeth,10490,,78.91,
,Lewisham,9081,,71.75,
,Newham,11274,,88.1,
,Southwark,10304,,78.93,
,Tower Hamlets,9893,,86.68,
,Wandsworth,8621,,74.61,
,Westminster,7971,,91.16,
,Barking and Dagenham,7218,,67.39,
,Barnet,10874,,83.3,
,Bexley,6407,,58.09,
,Brent,11936,,91.01,
,Bromley,8091,,61.73,
,Croydon,10566,,73.36,
,Ealing,11462,,92.24,
,Enfield,11005,,76.82,
,Greenwich,8672,,75.56,
,Harrow,7874,,96.68,
,Havering,7932,,55.77,
,Hillingdon,7524,,76.21,
,Hounslow,7689,,83.8,
,Kingston upon Thames,3620,,74.52,
,Merton,5150,,72.22,
,Redbridge,8984,,81.32,
,Richmond upon Thames,3843,,67.67,
,Sutton,5061,,62.87,
,Waltham Forest,8660,,73.8,
,Bracknell Forest,2505,,58.07,
,Brighton and Hove,10025,,60.96,
,Isle of Wight,7012,,49.96,
,Medway,8551,,53.51,
,Milton Keynes,6627,,60.41,
,Portsmouth,7361,,56.5,
,Reading,4486,,67.97,
,Slough,4082,,75.9,
,Southampton,8392,,57.76,
,West Berkshire,3320,,50.95,
,Windsor and Maidenhead,3196,,55.83,
,Wokingham,2402,,53.05,
,Aylesbury Vale,3918,,54.37,
,Chiltern,1740,,54.08,
,South Bucks,1439,,58.56,
,Wycombe,3821,,57.22,
,Eastbourne,4595,,54.86,
,Hastings,4777,,57.77,
,Lewes,3680,,52.71,
,Rother,4262,,52.08,
,Wealden,4840,,50.14,
,Basingstoke and Deane,3673,,53.89,
,East Hampshire,2710,,50.53,
,Eastleigh,3087,,51.91,
,Fareham,2729,,46.35,
,Gosport,2590,,47.8,
,Hart,1373,,55.58,
,Havant,4834,,51.01,
,New Forest,5636,,50.18,
,Rushmoor,3035,,90.77,
,Test Valley,2970,,51.09,
,Winchester,2833,,51.95,
,Ashford,3863,,57.41,
,Canterbury,5445,,53.19,
,Dartford,2516,,52.77,
,Dover,4732,,53.05,
,Gravesham,3388,,55.81,
,Maidstone,4529,,54.36,
,Sevenoaks,2922,,51.91,
,Shepway,5081,,57.86,
,Swale,5228,,53.89,
,Thanet,7847,,55.28,
,Tonbridge and Malling,3061,,52.69,
,Tunbridge Wells,2949,,52.26,
,Cherwell,3333,,52.15,
,Oxford,3393,,63.68,
,South Oxfordshire,2780,,50.7,
,Vale of White Horse,2559,,50.13,
,West Oxfordshire,2480,,50.45,
,Elmbridge,2549,,59.12,
,Epsom and Ewell,1388,,63.74,
,Guildford,2532,,56.09,
,Mole Valley,1841,,53.92,
,Reigate and Banstead,2872,,56,
,Runnymede,1935,,54.41,
,Spelthorne,2164,,55.79,
,Surrey Heath,1544,,55.65,
,Tandridge,1771,,55.65,
,Waverley,2725,,52.65,
,Woking,1998,,61.88,
,Adur,2578,,53.2,
,Arun,6775,,51.5,
,Chichester,3852,,51.21,
,Crawley,2996,,62.7,
,Horsham,3012,,50.6,
,Mid Sussex,3108,,51.32,
,Worthing,4058,,53.08,
,Bath and North East Somerset,5189,,51.6,
,Bournemouth,8139,,55.94,
,"Bristol, City of",14946,,61.11,
,Cornwall,26314,,51.72,
,Isles of Scilly,43,,51.2,
,North Somerset,7558,,51.4,
,Plymouth,10143,,53.43,
,Poole,5605,,51.27,
,South Gloucestershire,6901,,51.01,
,Swindon,6365,,59.56,
,Torbay,8276,,55.66,
,Wiltshire,13333,,51.11,
,East Devon,5205,,50.44,
,Exeter,3893,,53.08,
,Mid Devon,2811,,52.31,
,North Devon,4229,,50.47,
,South Hams,3160,,56.33,
,Teignbridge,5629,,52.23,
,Torridge,3092,,50.09,
,West Devon,2090,,51.11,
,Christchurch,2155,,48.9,
,East Dorset,2973,,47.41,
,North Dorset,2168,,49.95,
,Purbeck,1749,,48.36,
,West Dorset,3806,,49.37,
,Weymouth and Portland,2732,,52.22,
,Cheltenham,3206,,54.14,
,Cotswold,2573,,47.64,
,Forest of Dean,3377,,51.41,
,Gloucester,4109,,55.1,
,Stroud,3498,,50.93,
,Tewkesbury,2417,,51.41,
,Mendip,3875,,52.15,
,Sedgemoor,4610,,50.6,
,South Somerset,5922,,49.29,
,Taunton Deane,3931,,52.03,
,West Somerset,1835,,54.87,
,Total,1994630,,57.27,
Feb-14,County Durham,26395,,48.82,
,Darlington,4770,,50.61,
,Hartlepool,5571,,50.45,
,Middlesbrough,7393,,52.12,
,Northumberland,13134,,47.24,
,Redcar and Cleveland,7082,,49.12,
,Stockton-on-Tees,8022,,49.93,
,Gateshead,11033,,49.67,
,Newcastle upon Tyne,13150,,54.55,
,North Tyneside,9993,,49.56,
,South Tyneside,9473,,48.73,
,Sunderland,16532,,49.42,
,Blackburn with Darwen,6441,,64.87,
,Blackpool,9179,,56,
,Cheshire East,10828,,49.73,
,Cheshire West and Chester,11235,,51.88,
,Halton,5624,,54.23,
,Warrington,6693,,52.57,
,Allerdale,3957,,48.47,
,Barrow-in-Furness,3087,,54.83,
,Carlisle,3869,,51.33,
,Copeland,2644,,50.33,
,Eden,1528,,50.72,
,South Lakeland,3206,,50.68,
,Bolton,12522,,57.03,
,Bury,7048,,54.12,
,Manchester,22501,,67.69,
,Oldham,9702,,55.28,
,Rochdale,9906,,57.01,
,Salford,11391,,55.79,
,Stockport,10354,,56.47,
,Tameside,10024,,52.78,
,Trafford,7299,,57.24,
,Wigan,14121,,49.28,
,Burnley,4247,,54.19,
,Chorley,3732,,51.77,
,Fylde,3112,,52.1,
,Hyndburn,3634,,55.25,
,Lancaster,5780,,52.27,
,Pendle,4271,,60.61,
,Preston,5358,,61.23,
,Ribble Valley,1487,,49.56,
,Rossendale,2914,,49.9,
,South Ribble,3437,,51.52,
,West Lancashire,4898,,50.83,
,Wyre,5259,,51.87,
,Knowsley,9754,,57.1,
,Liverpool,28429,,59.94,
,Sefton,14550,,54.07,
,St. Helens,8513,,53.58,
,Wirral,15515,,56.24,
,East Riding of Yorkshire,13675,,46.21,
,"Kingston upon Hull, City of",14560,,51.4,
,North East Lincolnshire,7955,,50.07,
,North Lincolnshire,7058,,47.99,
,York,5440,,49.38,
,Craven,1957,,45.32,
,Hambleton,2667,,45.88,
,Harrogate,4345,,44.44,
,Richmondshire,1236,,47.7,
,Ryedale,1942,,46.4,
,Scarborough,5744,,50.24,
,Selby,2383,,48.93,
,Barnsley,10862,,49.19,
,Doncaster,13700,,49.01,
,Rotherham,12206,,49.01,
,Sheffield,24739,,51.58,
,Bradford,22135,,58.21,
,Calderdale,8031,,50.89,
,Kirklees,15896,,54.33,
,Leeds,28008,,51.99,
,Wakefield,13621,,49.26,
,Derby,9630,,55.42,
,Leicester,15676,,78.51,
,Nottingham,12606,,58.79,
,Rutland,917,,45.24,
,Amber Valley,4772,,49.55,
,Bolsover,3367,,48.67,
,Chesterfield,4850,,50.05,
,Derbyshire Dales,2177,,46.94,
,Erewash,4396,,46.13,
,High Peak,3003,,51.41,
,North East Derbyshire,4196,,47.81,
,South Derbyshire,2629,,48.6,
,Blaby,2684,,48.84,
,Charnwood,4908,,52.02,
,Harborough,2199,,48.36,
,Hinckley and Bosworth,3473,,46.72,
,Melton,1378,,46.64,
,North West Leicestershire,2979,,50.33,
,Oadby and Wigston,1905,,53.88,
,Boston,3050,,51.59,
,East Lindsey,8399,,51.49,
,Lincoln,3774,,52.39,
,North Kesteven,3927,,47.79,
,South Holland,3873,,46.18,
,South Kesteven,4444,,47.38,
,West Lindsey,3517,,49.31,
,Corby,2126,,49.89,
,Daventry,1947,,50.43,
,East Northamptonshire,2870,,46.48,
,Kettering,3129,,50.11,
,Northampton,6887,,56.82,
,South Northamptonshire,1961,,49.69,
,Wellingborough,2906,,54.96,
,Ashfield,4961,,49.93,
,Bassetlaw,4455,,48.1,
,Broxtowe,3931,,49.44,
,Gedling,3871,,49.84,
,Mansfield,4275,,50.76,
,Newark and Sherwood,3930,,49.18,
,Rushcliffe,2803,,48.19,
,"Herefordshire, County of",6902,,52.45,
,Shropshire,11955,,51.14,
,Stoke-on-Trent,11788,,49.76,
,Telford and Wrekin,6774,,53.62,
,Cannock Chase,4092,,50.05,
,East Staffordshire,3615,,51.25,
,Lichfield,3338,,48.75,
,Newcastle-under-Lyme,4803,,47.97,
,South Staffordshire,4167,,48.27,
,Stafford,3721,,48.01,
,Staffordshire Moorlands,3473,,48.14,
,Tamworth,3103,,49.13,
,North Warwickshire,2422,,47.64,
,Nuneaton and Bedworth,4910,,53.86,
,Rugby,2866,,52.08,
,Stratford-on-Avon,3890,,49.86,
,Warwick,3827,,51.81,
,Birmingham,50088,,63.7,
,Coventry,13329,,59.79,
,Dudley,15096,,50.04,
,Sandwell,17736,,58.17,
,Solihull,7116,,53.03,
,Walsall,14413,,55.35,
,Wolverhampton,13524,,56,
,Bromsgrove,2750,,46.63,
,Malvern Hills,2752,,51.37,
,Redditch,3063,,54.77,
,Worcester,3176,,54.02,
,Wychavon,3898,,52.44,
,Wyre Forest,4378,,50.68,
,Bedford,4790,,54.2,
,Central Bedfordshire,6486,,49.74,
,Luton,6727,,67.66,
,Peterborough,6529,,60.47,
,Southend-on-Sea,7244,,56.25,
,Thurrock,4919,,57.3,
,Cambridge,2530,,59.43,
,East Cambridgeshire,2422,,52.6,
,Fenland,4479,,51.63,
,Huntingdonshire,4163,,48.87,
,South Cambridgeshire,3041,,51.88,
,Basildon,6510,,54.77,
,Braintree,4935,,50.66,
,Brentwood,1893,,50.34,
,Castle Point,3711,,50.32,
,Chelmsford,4135,,50.43,
,Colchester,5001,,53.92,
,Epping Forest,4137,,55.54,
,Harlow,3027,,50.82,
,Maldon,2218,,52.77,
,Rochford,2707,,49.29,
,Tendring,8488,,52.05,
,Uttlesford,1988,,48.72,
,Broxbourne,2919,,57.5,
,Dacorum,3596,,54.43,
,East Hertfordshire,3008,,52.75,
,Hertsmere,2861,,60.69,
,North Hertfordshire,3505,,49.74,
,St Albans,2616,,56.59,
,Stevenage,2752,,52.66,
,Three Rivers,2105,,58.76,
,Watford,2275,,60.5,
,Welwyn Hatfield,2840,,54.49,
,Breckland,5396,,48.07,
,Broadland,4117,,47.44,
,Great Yarmouth,5630,,48.74,
,King's Lynn and West Norfolk,6787,,49.46,
,North Norfolk,5236,,48.28,
,Norwich,5960,,53.5,
,South Norfolk,4213,,48.56,
,Babergh,3022,,48.42,
,Forest Heath,1997,,51.3,
,Ipswich,4922,,55.41,
,Mid Suffolk,2980,,49.25,
,St Edmundsbury,3287,,48.43,
,Suffolk Coastal,4087,,52.15,
,Waveney,5962,,49.76,
,Camden,8098,,84.67,
,City of London,147,,77.71,
,Hackney,9952,,86.29,
,Hammersmith and Fulham,6118,,80.18,
,Haringey,9592,,84.62,
,Islington,8537,,80.51,
,Kensington and Chelsea,5689,,85.19,
,Lambeth,10407,,78.63,
,Lewisham,8980,,71.71,
,Newham,11206,,87.92,
,Southwark,10231,,78.59,
,Tower Hamlets,9821,,86.2,
,Wandsworth,8499,,74.73,
,Westminster,7919,,90.92,
,Barking and Dagenham,7116,,67.25,
,Barnet,10761,,83.13,
,Bexley,6344,,57.83,
,Brent,11887,,90.86,
,Bromley,7979,,61.49,
,Croydon,10441,,73.34,
,Ealing,11379,,92.21,
,Enfield,10892,,76.85,
,Greenwich,8568,,75.57,
,Harrow,7786,,96.48,
,Havering,7826,,55.77,
,Hillingdon,7433,,76.27,
,Hounslow,7635,,83.45,
,Kingston upon Thames,3596,,74.5,
,Merton,5069,,72.16,
,Redbridge,8919,,81.2,
,Richmond upon Thames,3786,,68.1,
,Sutton,4953,,63.22,
,Waltham Forest,8556,,73.49,
,Bracknell Forest,2460,,58.27,
,Brighton and Hove,9880,,60.52,
,Isle of Wight,6965,,49.86,
,Medway,8406,,53.12,
,Milton Keynes,6534,,60.27,
,Portsmouth,7250,,56.04,
,Reading,4427,,68.11,
,Slough,4051,,75.81,
,Southampton,8284,,57.42,
,West Berkshire,3286,,50.78,
,Windsor and Maidenhead,3148,,55.68,
,Wokingham,2362,,52.66,
,Aylesbury Vale,3876,,54.51,
,Chiltern,1691,,54.05,
,South Bucks,1430,,57.93,
,Wycombe,3771,,57.25,
,Eastbourne,4533,,54.79,
,Hastings,4712,,57.57,
,Lewes,3652,,52.66,
,Rother,4205,,52.21,
,Wealden,4764,,50.02,
,Basingstoke and Deane,3616,,54.09,
,East Hampshire,2676,,50.23,
,Eastleigh,3004,,52.03,
,Fareham,2698,,46.29,
,Gosport,2546,,48.13,
,Hart,1352,,55.65,
,Havant,4764,,50.76,
,New Forest,5547,,49.94,
,Rushmoor,3009,,91.7,
,Test Valley,2925,,50.71,
,Winchester,2793,,51.98,
,Ashford,3814,,57.14,
,Canterbury,5344,,53.04,
,Dartford,2480,,52.73,
,Dover,4668,,52.83,
,Gravesham,3327,,55.53,
,Maidstone,4467,,54.58,
,Sevenoaks,2893,,51.36,
,Shepway,4997,,57.17,
,Swale,5162,,53.65,
,Thanet,7731,,54.96,
,Tonbridge and Malling,3034,,52.69,
,Tunbridge Wells,2903,,52.11,
,Cherwell,3275,,51.39,
,Oxford,3342,,63.37,
,South Oxfordshire,2750,,50.33,
,Vale of White Horse,2529,,50.22,
,West Oxfordshire,2421,,50.24,
,Elmbridge,2528,,59.4,
,Epsom and Ewell,1370,,63.49,
,Guildford,2502,,56.1,
,Mole Valley,1815,,53.82,
,Reigate and Banstead,2820,,55.71,
,Runnymede,1907,,54.75,
,Spelthorne,2150,,55.46,
,Surrey Heath,1529,,55.27,
,Tandridge,1742,,55.4,
,Waverley,2667,,52.46,
,Woking,1979,,61.42,
,Adur,2544,,52.89,
,Arun,6686,,51.09,
,Chichester,3791,,51.17,
,Crawley,2955,,62.71,
,Horsham,2984,,50.2,
,Mid Sussex,3075,,50.74,
,Worthing,3990,,53.15,
,Bath and North East Somerset,5125,,51.23,
,Bournemouth,7995,,55.75,
,"Bristol, City of",14729,,60.83,
,Cornwall,26027,,51.42,
,Isles of Scilly,41,,52.38,
,North Somerset,7465,,51.22,
,Plymouth,10006,,53.29,
,Poole,5516,,50.7,
,South Gloucestershire,6819,,50.93,
,Swindon,6294,,59.42,
,Torbay,8190,,55.4,
,Wiltshire,13143,,50.92,
,East Devon,5125,,50.2,
,Exeter,3822,,52.73,
,Mid Devon,2762,,52.05,
,North Devon,4170,,50.14,
,South Hams,3122,,55.93,
,Teignbridge,5552,,51.84,
,Torridge,3046,,49.96,
,West Devon,2062,,51.19,
,Christchurch,2146,,48.45,
,East Dorset,2924,,47.15,
,North Dorset,2148,,49.87,
,Purbeck,1716,,48.03,
,West Dorset,3761,,49.71,
,Weymouth and Portland,2685,,52.02,
,Cheltenham,3164,,53.51,
,Cotswold,2539,,47.27,
,Forest of Dean,3317,,51.27,
,Gloucester,4045,,54.6,
,Stroud,3457,,50.78,
,Tewkesbury,2383,,51.08,
,Mendip,3795,,52.06,
,Sedgemoor,4549,,50.23,
,South Somerset,5838,,49.01,
,Taunton Deane,3898,,52.08,
,West Somerset,1825,,54.58,
,Total,1968736,,57.07,
May-14,County Durham,25530,,48.75,
,Darlington,4566,,50.11,
,Hartlepool,5424,,50.93,
,Middlesbrough,7156,,52.02,
,Northumberland,12627,,47.51,
,Redcar and Cleveland,6883,,49.04,
,Stockton-on-Tees,7788,,50.14,
,Gateshead,10687,,49.41,
,Newcastle upon Tyne,12744,,54.76,
,North Tyneside,9631,,49.68,
,South Tyneside,9136,,48.84,
,Sunderland,16009,,49.43,
,Blackburn with Darwen,6260,,65.74,
,Blackpool,8954,,56.36,
,Cheshire East,10478,,49.95,
,Cheshire West and Chester,10867,,52.34,
,Halton,5444,,54.05,
,Warrington,6454,,53.11,
,Allerdale,3813,,48.51,
,Barrow-in-Furness,2986,,54.93,
,Carlisle,3761,,51.46,
,Copeland,2562,,50.69,
,Eden,1500,,50.54,
,South Lakeland,3079,,50.69,
,Bolton,12213,,57.24,
,Bury,6822,,54.16,
,Manchester,22025,,68.02,
,Oldham,9456,,55.59,
,Rochdale,9634,,57.33,
,Salford,11018,,55.95,
,Stockport,10067,,56.82,
,Tameside,9680,,52.92,
,Trafford,7101,,57.4,
,Wigan,13670,,49.3,
,Burnley,4098,,54.9,
,Chorley,3602,,51.69,
,Fylde,3022,,52.24,
,Hyndburn,3523,,55.41,
,Lancaster,5610,,52.32,
,Pendle,4155,,61.15,
,Preston,5207,,60.91,
,Ribble Valley,1436,,49.48,
,Rossendale,2805,,50.51,
,South Ribble,3328,,51.67,
,West Lancashire,4728,,50.91,
,Wyre,5081,,52.2,
,Knowsley,9540,,57.41,
,Liverpool,27778,,60.27,
,Sefton,14167,,53.97,
,St. Helens,8247,,53.57,
,Wirral,15068,,56.13,
,East Riding of Yorkshire,13135,,46.53,
,"Kingston upon Hull, City of",14089,,51.63,
,North East Lincolnshire,7635,,50.07,
,North Lincolnshire,6831,,48.13,
,York,5291,,49.68,
,Craven,1881,,44.99,
,Hambleton,2591,,45.76,
,Harrogate,4232,,44.29,
,Richmondshire,1203,,48.42,
,Ryedale,1886,,46.04,
,Scarborough,5608,,49.92,
,Selby,2289,,48.68,
,Barnsley,10504,,49.6,
,Doncaster,13145,,49.23,
,Rotherham,11824,,49.22,
,Sheffield,23913,,51.63,
,Bradford,21596,,58.47,
,Calderdale,7802,,51.04,
,Kirklees,15410,,54.66,
,Leeds,27020,,52.23,
,Wakefield,13137,,49.76,
,Derby,9308,,56.04,
,Leicester,15332,,78.99,
,Nottingham,12215,,59.06,
,Rutland,885,,45.42,
,Amber Valley,4583,,49.76,
,Bolsover,3249,,48.91,
,Chesterfield,4684,,50.24,
,Derbyshire Dales,2104,,47.58,
,Erewash,4231,,46.08,
,High Peak,2919,,51.07,
,North East Derbyshire,4073,,47.58,
,South Derbyshire,2529,,48.51,
,Blaby,2581,,48.1,
,Charnwood,4700,,52.37,
,Harborough,2103,,48.37,
,Hinckley and Bosworth,3319,,46.35,
,Melton,1312,,46.25,
,North West Leicestershire,2867,,50.16,
,Oadby and Wigston,1827,,54.44,
,Boston,2934,,51.49,
,East Lindsey,8137,,51.08,
,Lincoln,3677,,52.32,
,North Kesteven,3780,,47.5,
,South Holland,3708,,45.78,
,South Kesteven,4296,,46.81,
,West Lindsey,3388,,48.82,
,Corby,2052,,50.45,
,Daventry,1870,,49.59,
,East Northamptonshire,2731,,46.41,
,Kettering,3032,,50.08,
,Northampton,6679,,57.33,
,South Northamptonshire,1906,,49.12,
,Wellingborough,2806,,55.25,
,Ashfield,4810,,49.95,
,Bassetlaw,4292,,47.65,
,Broxtowe,3789,,49.26,
,Gedling,3726,,49.26,
,Mansfield,4133,,51.19,
,Newark and Sherwood,3782,,48.62,
,Rushcliffe,2707,,47.96,
,"Herefordshire, County of",6744,,52.07,
,Shropshire,11598,,51.59,
,Stoke-on-Trent,11389,,49.62,
,Telford and Wrekin,6557,,53.55,
,Cannock Chase,3960,,50.04,
,East Staffordshire,3488,,51.72,
,Lichfield,3201,,48.39,
,Newcastle-under-Lyme,4644,,48.14,
,South Staffordshire,3972,,49.46,
,Stafford,3539,,48.48,
,Staffordshire Moorlands,3349,,48.38,
,Tamworth,2973,,48.8,
,North Warwickshire,2328,,47.68,
,Nuneaton and Bedworth,4731,,54.13,
,Rugby,2735,,52.62,
,Stratford-on-Avon,3752,,49.89,
,Warwick,3666,,51.75,
,Birmingham,48790,,64,
,Coventry,12923,,59.67,
,Dudley,14541,,50.08,
,Sandwell,17208,,58.28,
,Solihull,6872,,53.1,
,Walsall,13942,,55.64,
,Wolverhampton,13102,,56.24,
,Bromsgrove,2635,,46.53,
,Malvern Hills,2678,,51.61,
,Redditch,2941,,55.12,
,Worcester,3078,,53.41,
,Wychavon,3764,,52.65,
,Wyre Forest,4221,,50.43,
,Bedford,4651,,54.79,
,Central Bedfordshire,6287,,50.41,
,Luton,6547,,68.35,
,Peterborough,6368,,61.05,
,Southend-on-Sea,7043,,56.15,
,Thurrock,4809,,57.26,
,Cambridge,2483,,60.3,
,East Cambridgeshire,2323,,52.81,
,Fenland,4329,,51.72,
,Huntingdonshire,4052,,49.13,
,South Cambridgeshire,2905,,51.83,
,Basildon,6271,,55.19,
,Braintree,4734,,50.82,
,Brentwood,1827,,50.18,
,Castle Point,3567,,50.51,
,Chelmsford,4024,,50.82,
,Colchester,4837,,54.62,
,Epping Forest,4015,,56.2,
,Harlow,2943,,51.1,
,Maldon,2152,,52.78,
,Rochford,2601,,50.09,
,Tendring,8220,,52.49,
,Uttlesford,1896,,48.63,
,Broxbourne,2854,,57.75,
,Dacorum,3498,,54.05,
,East Hertfordshire,2923,,53.18,
,Hertsmere,2785,,61.11,
,North Hertfordshire,3410,,50.01,
,St Albans,2562,,57.14,
,Stevenage,2620,,53.04,
,Three Rivers,2042,,59.39,
,Watford,2205,,61,
,Welwyn Hatfield,2742,,55.77,
,Breckland,5216,,48.16,
,Broadland,3990,,47.39,
,Great Yarmouth,5415,,49.08,
,King's Lynn and West Norfolk,6560,,49.87,
,North Norfolk,5032,,48.14,
,Norwich,5776,,53.47,
,South Norfolk,4077,,48.74,
,Babergh,2931,,48,
,Forest Heath,1942,,51.53,
,Ipswich,4730,,55.49,
,Mid Suffolk,2880,,49.12,
,St Edmundsbury,3186,,48.33,
,Suffolk Coastal,3967,,52.18,
,Waveney,5768,,49.7,
,Camden,7976,,85.5,
,City of London,141,,77.59,
,Hackney,9822,,87.2,
,Hammersmith and Fulham,6035,,81.04,
,Haringey,9466,,85.54,
,Islington,8442,,81.4,
,Kensington and Chelsea,5629,,86.19,
,Lambeth,10241,,79.6,
,Lewisham,8765,,72.53,
,Newham,11092,,89.12,
,Southwark,10028,,79.4,
,Tower Hamlets,9696,,87.04,
,Wandsworth,8292,,75.94,
,Westminster,7851,,92.11,
,Barking and Dagenham,6925,,67.67,
,Barnet,10600,,84.08,
,Bexley,6159,,58.66,
,Brent,11734,,92.2,
,Bromley,7764,,61.75,
,Croydon,10223,,74.08,
,Ealing,11186,,93.65,
,Enfield,10715,,77.58,
,Greenwich,8448,,76.63,
,Harrow,7661,,98.23,
,Havering,7592,,56.58,
,Hillingdon,7305,,77.09,
,Hounslow,7482,,84.78,
,Kingston upon Thames,3526,,75.44,
,Merton,4940,,73.64,
,Redbridge,8781,,82.03,
,Richmond upon Thames,3702,,68.43,
,Sutton,4790,,64.07,
,Waltham Forest,8374,,74.66,
,Bracknell Forest,2376,,59.59,
,Brighton and Hove,9644,,60.6,
,Isle of Wight,6793,,49.8,
,Medway,8130,,53.35,
,Milton Keynes,6343,,60.43,
,Portsmouth,7004,,56.25,
,Reading,4310,,69.14,
,Slough,3968,,76.77,
,Southampton,8057,,57.53,
,West Berkshire,3179,,51,
,Windsor and Maidenhead,3077,,56.21,
,Wokingham,2297,,53.67,
,Aylesbury Vale,3793,,54.46,
,Chiltern,1646,,54.39,
,South Bucks,1375,,58.52,
,Wycombe,3650,,57.5,
,Eastbourne,4420,,54.96,
,Hastings,4586,,57.69,
,Lewes,3511,,52.51,
,Rother,4075,,52.53,
,Wealden,4645,,49.78,
,Basingstoke and Deane,3501,,54.27,
,East Hampshire,2602,,50.17,
,Eastleigh,2909,,52.05,
,Fareham,2598,,46.74,
,Gosport,2471,,47.61,
,Hart,1320,,55.67,
,Havant,4644,,50.59,
,New Forest,5361,,50.12,
,Rushmoor,2966,,93.44,
,Test Valley,2812,,50.95,
,Winchester,2727,,52.39,
,Ashford,3700,,58.01,
,Canterbury,5160,,52.73,
,Dartford,2394,,53.3,
,Dover,4520,,53.36,
,Gravesham,3197,,55.41,
,Maidstone,4308,,54.42,
,Sevenoaks,2768,,51.9,
,Shepway,4845,,57.49,
,Swale,5008,,53.34,
,Thanet,7505,,55.03,
,Tonbridge and Malling,2919,,52.92,
,Tunbridge Wells,2827,,51.83,
,Cherwell,3162,,51.63,
,Oxford,3223,,64.09,
,South Oxfordshire,2666,,50.86,
,Vale of White Horse,2441,,50.53,
,West Oxfordshire,2341,,50.48,
,Elmbridge,2467,,60.19,
,Epsom and Ewell,1345,,63.63,
,Guildford,2410,,56.69,
,Mole Valley,1728,,54.82,
,Reigate and Banstead,2736,,56.63,
,Runnymede,1868,,54.78,
,Spelthorne,2086,,56.36,
,Surrey Heath,1498,,56.12,
,Tandridge,1717,,55.77,
,Waverley,2584,,53.18,
,Woking,1933,,61.93,
,Adur,2451,,52.43,
,Arun,6462,,51.22,
,Chichester,3675,,50.57,
,Crawley,2870,,62.91,
,Horsham,2900,,50.66,
,Mid Sussex,2991,,50.64,
,Worthing,3862,,53.33,
,Bath and North East Somerset,4930,,51.32,
,Bournemouth,7857,,55.8,
,"Bristol, City of",14330,,60.92,
,Cornwall,25296,,51.27,
,Isles of Scilly,45,,54.89,
,North Somerset,7220,,51.54,
,Plymouth,9698,,53.42,
,Poole,5337,,51.01,
,South Gloucestershire,6574,,50.91,
,Swindon,6117,,60.05,
,Torbay,7985,,55.03,
,Wiltshire,12780,,50.82,
,East Devon,4945,,50.44,
,Exeter,3687,,52.64,
,Mid Devon,2680,,52.54,
,North Devon,4046,,49.9,
,South Hams,3039,,55.46,
,Teignbridge,5359,,51.92,
,Torridge,2958,,50.19,
,West Devon,2003,,52.04,
,Christchurch,2085,,48.54,
,East Dorset,2814,,47.82,
,North Dorset,2083,,49.82,
,Purbeck,1667,,47.9,
,West Dorset,3672,,49.9,
,Weymouth and Portland,2619,,52.31,
,Cheltenham,3085,,53.97,
,Cotswold,2449,,47.08,
,Forest of Dean,3221,,51.78,
,Gloucester,3935,,54.77,
,Stroud,3337,,50.8,
,Tewkesbury,2295,,52.44,
,Mendip,3679,,51.62,
,Sedgemoor,4383,,50.14,
,South Somerset,5650,,49.36,
,Taunton Deane,3807,,52.15,
,West Somerset,1775,,54.44,
,Total,1910973,,57.39,
Aug-14,County Durham,25253,,48.72,
,Darlington,4518,,50.08,
,Hartlepool,5366,,51.28,
,Middlesbrough,7072,,52.44,
,Northumberland,12465,,47.54,
,Redcar and Cleveland,6861,,49.24,
,Stockton-on-Tees,7695,,49.74,
,Gateshead,10559,,49.35,
,Newcastle upon Tyne,12578,,54.78,
,North Tyneside,9493,,49.48,
,South Tyneside,9016,,49.01,
,Sunderland,15766,,49.68,
,Blackburn with Darwen,6201,,65.8,
,Blackpool,8840,,55.85,
,Cheshire East,10358,,49.81,
,Cheshire West and Chester,10729,,52.4,
,Halton,5388,,54.38,
,Warrington,6384,,53.16,
,Allerdale,3761,,48.17,
,Barrow-in-Furness,2931,,54.58,
,Carlisle,3702,,51.63,
,Copeland,2532,,50.3,
,Eden,1481,,50.61,
,South Lakeland,3046,,50.79,
,Bolton,12056,,57.45,
,Bury,6745,,53.93,
,Manchester,21720,,68.49,
,Oldham,9316,,55.83,
,Rochdale,9525,,57.44,
,Salford,10889,,55.85,
,Stockport,9943,,56.44,
,Tameside,9583,,52.87,
,Trafford,7003,,57.58,
,Wigan,13489,,49.41,
,Burnley,4059,,55.13,
,Chorley,3569,,51.7,
,Fylde,2982,,52.34,
,Hyndburn,3449,,55.42,
,Lancaster,5519,,52.11,
,Pendle,4100,,61.08,
,Preston,5146,,61.31,
,Ribble Valley,1414,,49.74,
,Rossendale,2762,,50.01,
,South Ribble,3263,,51.3,
,West Lancashire,4652,,50.34,
,Wyre,5010,,52.05,
,Knowsley,9437,,57.42,
,Liverpool,27505,,60.29,
,Sefton,14011,,53.89,
,St. Helens,8157,,53.71,
,Wirral,14823,,55.98,
,East Riding of Yorkshire,12999,,46.51,
,"Kingston upon Hull, City of",13935,,51.21,
,North East Lincolnshire,7573,,50.12,
,North Lincolnshire,6755,,48.41,
,York,5174,,49.36,
,Craven,1853,,44.98,
,Hambleton,2554,,46.33,
,Harrogate,4156,,44.35,
,Richmondshire,1188,,48.74,
,Ryedale,1868,,45.68,
,Scarborough,5529,,49.84,
,Selby,2261,,49.12,
,Barnsley,10370,,49.52,
,Doncaster,12961,,49.31,
,Rotherham,11653,,49.32,
,Sheffield,23602,,51.51,
,Bradford,21370,,58.86,
,Calderdale,7686,,51.01,
,Kirklees,15231,,54.51,
,Leeds,26607,,52.2,
,Wakefield,12979,,49.47,
,Derby,9196,,56.27,
,Leicester,15206,,79.68,
,Nottingham,12102,,59.13,
,Rutland,860,,45.44,
,Amber Valley,4519,,49.58,
,Bolsover,3228,,48.31,
,Chesterfield,4594,,49.83,
,Derbyshire Dales,2081,,47.51,
,Erewash,4156,,45.74,
,High Peak,2856,,50.91,
,North East Derbyshire,4014,,47.45,
,South Derbyshire,2502,,48.48,
,Blaby,2567,,48.2,
,Charnwood,4626,,52.2,
,Harborough,2048,,48.31,
,Hinckley and Bosworth,3284,,45.94,
,Melton,1291,,45.72,
,North West Leicestershire,2807,,49.79,
,Oadby and Wigston,1825,,55.09,
,Boston,2888,,51.42,
,East Lindsey,8060,,51.02,
,Lincoln,3607,,52.28,
,North Kesteven,3740,,47.55,
,South Holland,3645,,46.22,
,South Kesteven,4258,,47.29,
,West Lindsey,3371,,48.98,
,Corby,2038,,50.73,
,Daventry,1853,,50.53,
,East Northamptonshire,2693,,45.94,
,Kettering,2980,,50.74,
,Northampton,6607,,57.49,
,South Northamptonshire,1887,,49.32,
,Wellingborough,2777,,55.66,
,Ashfield,4757,,49.76,
,Bassetlaw,4233,,47.57,
,Broxtowe,3734,,48.85,
,Gedling,3679,,49.18,
,Mansfield,4083,,50.88,
,Newark and Sherwood,3714,,48.66,
,Rushcliffe,2660,,47.84,
,"Herefordshire, County of",6653,,51.81,
,Shropshire,11459,,51.52,
,Stoke-on-Trent,11206,,49.59,
,Telford and Wrekin,6509,,53.44,
,Cannock Chase,3895,,50.16,
,East Staffordshire,3459,,52.07,
,Lichfield,3167,,48.82,
,Newcastle-under-Lyme,4570,,48.16,
,South Staffordshire,3929,,49.28,
,Stafford,3497,,48,
,Staffordshire Moorlands,3298,,48.54,
,Tamworth,2943,,48.3,
,North Warwickshire,2299,,47.35,
,Nuneaton and Bedworth,4661,,54.12,
,Rugby,2694,,51.96,
,Stratford-on-Avon,3707,,49.7,
,Warwick,3594,,51.74,
,Birmingham,48318,,64.13,
,Coventry,12750,,59.51,
,Dudley,14316,,50.02,
,Sandwell,16998,,58.39,
,Solihull,6787,,53.1,
,Walsall,13777,,55.81,
,Wolverhampton,12942,,56.16,
,Bromsgrove,2600,,46.84,
,Malvern Hills,2669,,51.63,
,Redditch,2910,,55.4,
,Worcester,3028,,52.63,
,Wychavon,3720,,52.34,
,Wyre Forest,4166,,50.13,
,Bedford,4591,,54.91,
,Central Bedfordshire,6221,,50.08,
,Luton,6486,,68.25,
,Peterborough,6315,,61.04,
,Southend-on-Sea,7003,,56.2,
,Thurrock,4743,,57.28,
,Cambridge,2442,,59.87,
,East Cambridgeshire,2284,,52.26,
,Fenland,4270,,51.9,
,Huntingdonshire,4013,,49.25,
,South Cambridgeshire,2869,,52.37,
,Basildon,6207,,54.84,
,Braintree,4701,,50.77,
,Brentwood,1794,,50.13,
,Castle Point,3527,,50.48,
,Chelmsford,3933,,51.01,
,Colchester,4805,,54.68,
,Epping Forest,3973,,56.15,
,Harlow,2898,,51.2,
,Maldon,2126,,52.42,
,Rochford,2539,,49.67,
,Tendring,8116,,52.4,
,Uttlesford,1849,,49.85,
,Broxbourne,2832,,57.61,
,Dacorum,3444,,54.03,
,East Hertfordshire,2924,,52.7,
,Hertsmere,2761,,61.71,
,North Hertfordshire,3350,,50.21,
,St Albans,2506,,56.81,
,Stevenage,2585,,53.31,
,Three Rivers,2022,,59.72,
,Watford,2182,,61.37,
,Welwyn Hatfield,2696,,55.93,
,Breckland,5148,,48.36,
,Broadland,3935,,46.83,
,Great Yarmouth,5325,,48.72,
,King's Lynn and West Norfolk,6483,,49.61,
,North Norfolk,4952,,48.22,
,Norwich,5736,,53.45,
,South Norfolk,4026,,48.7,
,Babergh,2900,,47.76,
,Forest Heath,1905,,51.34,
,Ipswich,4672,,55.81,
,Mid Suffolk,2843,,49.05,
,St Edmundsbury,3136,,48.7,
,Suffolk Coastal,3923,,52.35,
,Waveney,5686,,49.6,
,Camden,7914,,85.77,
,City of London,140,,81.06,
,Hackney,9759,,87.15,
,Hammersmith and Fulham,5984,,81.08,
,Haringey,9406,,85.86,
,Islington,8362,,81.02,
,Kensington and Chelsea,5580,,86.41,
,Lambeth,10189,,79.72,
,Lewisham,8680,,72.57,
,Newham,11023,,89.15,
,Southwark,9948,,79.51,
,Tower Hamlets,9613,,87.26,
,Wandsworth,8190,,76.27,
,Westminster,7800,,92.23,
,Barking and Dagenham,6856,,68.1,
,Barnet,10510,,84.29,
,Bexley,6091,,58.91,
,Brent,11637,,92.4,
,Bromley,7706,,62.01,
,Croydon,10115,,74.19,
,Ealing,11070,,94.1,
,Enfield,10676,,77.75,
,Greenwich,8391,,77.13,
,Harrow,7616,,98.99,
,Havering,7489,,56.73,
,Hillingdon,7196,,77.82,
,Hounslow,7420,,85.68,
,Kingston upon Thames,3476,,75.91,
,Merton,4910,,74.16,
,Redbridge,8742,,82.85,
,Richmond upon Thames,3665,,69.17,
,Sutton,4773,,64.3,
,Waltham Forest,8323,,75.08,
,Bracknell Forest,2319,,59.76,
,Brighton and Hove,9538,,60.67,
,Isle of Wight,6706,,49.32,
,Medway,8089,,53.3,
,Milton Keynes,6281,,60.58,
,Portsmouth,6917,,56.57,
,Reading,4286,,69.54,
,Slough,3970,,77.34,
,Southampton,7967,,57.65,
,West Berkshire,3136,,50.61,
,Windsor and Maidenhead,3042,,55.94,
,Wokingham,2268,,53.18,
,Aylesbury Vale,3738,,54.23,
,Chiltern,1617,,54.5,
,South Bucks,1359,,58.54,
,Wycombe,3587,,57.97,
,Eastbourne,4358,,54.93,
,Hastings,4526,,57.6,
,Lewes,3477,,52.52,
,Rother,4037,,52.86,
,Wealden,4551,,49.92,
,Basingstoke and Deane,3467,,54.72,
,East Hampshire,2570,,49.75,
,Eastleigh,2869,,51.88,
,Fareham,2578,,46.75,
,Gosport,2455,,47.66,
,Hart,1306,,56.17,
,Havant,4601,,50.26,
,New Forest,5283,,49.91,
,Rushmoor,3013,,95.75,
,Test Valley,2789,,50.64,
,Winchester,2673,,52.09,
,Ashford,3663,,58.78,
,Canterbury,5127,,52.81,
,Dartford,2378,,53.35,
,Dover,4468,,53.24,
,Gravesham,3172,,55.21,
,Maidstone,4273,,54.56,
,Sevenoaks,2733,,52.21,
,Shepway,4773,,57.73,
,Swale,4939,,53,
,Thanet,7425,,55.06,
,Tonbridge and Malling,2886,,52.81,
,Tunbridge Wells,2776,,52.07,
,Cherwell,3093,,52.08,
,Oxford,3200,,64.17,
,South Oxfordshire,2624,,50.33,
,Vale of White Horse,2398,,50.74,
,West Oxfordshire,2310,,50.77,
,Elmbridge,2455,,59.99,
,Epsom and Ewell,1338,,64.48,
,Guildford,2385,,56.47,
,Mole Valley,1714,,55.15,
,Reigate and Banstead,2691,,56.29,
,Runnymede,1852,,54.68,
,Spelthorne,2073,,56.95,
,Surrey Heath,1475,,57.33,
,Tandridge,1684,,55.71,
,Waverley,2544,,52.89,
,Woking,1885,,61.25,
,Adur,2424,,52.44,
,Arun,6419,,51.13,
,Chichester,3624,,50.5,
,Crawley,2837,,62.84,
,Horsham,2852,,50.51,
,Mid Sussex,2954,,51.04,
,Worthing,3816,,53.44,
,Bath and North East Somerset,4884,,51.07,
,Bournemouth,7776,,55.61,
,"Bristol, City of",14144,,61,
,Cornwall,24985,,51.03,
,Isles of Scilly,42,,54.99,
,North Somerset,7132,,51.78,
,Plymouth,9585,,53.29,
,Poole,5254,,50.74,
,South Gloucestershire,6471,,50.86,
,Swindon,6044,,60.42,
,Torbay,7899,,54.73,
,Wiltshire,12628,,50.72,
,East Devon,4880,,50.55,
,Exeter,3643,,52.66,
,Mid Devon,2645,,52.8,
,North Devon,3977,,49.64,
,South Hams,3000,,55.53,
,Teignbridge,5281,,51.58,
,Torridge,2910,,50.18,
,West Devon,1994,,52.11,
,Christchurch,2063,,48.19,
,East Dorset,2783,,47.98,
,North Dorset,2068,,49.96,
,Purbeck,1649,,47.47,
,West Dorset,3638,,50,
,Weymouth and Portland,2604,,51.49,
,Cheltenham,3052,,53.67,
,Cotswold,2423,,47.11,
,Forest of Dean,3198,,51.65,
,Gloucester,3895,,54.9,
,Stroud,3299,,49.79,
,Tewkesbury,2262,,52.01,
,Mendip,3615,,51.69,
,Sedgemoor,4329,,50.27,
,South Somerset,5583,,49.19,
,Taunton Deane,3754,,51.67,
,West Somerset,1752,,53.91,
,Total,1888729,,57.46,
Nov-14,County Durham,24941,,48.55,
,Darlington,4456,,50.09,
,Hartlepool,5343,,51.11,
,Middlesbrough,6987,,52.01,
,Northumberland,12344,,47.17,
,Redcar and Cleveland,6799,,48.85,
,Stockton-on-Tees,7627,,49.19,
,Gateshead,10467,,49.35,
,Newcastle upon Tyne,12447,,54.83,
,North Tyneside,9366,,48.78,
,South Tyneside,8937,,48.61,
,Sunderland,15576,,49.48,
,Blackburn with Darwen,6192,,65.51,
,Blackpool,8736,,55.82,
,Cheshire East,10218,,49.58,
,Cheshire West and Chester,10597,,52.16,
,Halton,5344,,53.9,
,Warrington,6281,,52.81,
,Allerdale,3719,,47.9,
,Barrow-in-Furness,2872,,54.84,
,Carlisle,3637,,51.52,
,Copeland,2501,,49.55,
,Eden,1467,,50.61,
,South Lakeland,2997,,50.21,
,Bolton,11903,,57.2,
,Bury,6673,,53.8,
,Manchester,21493,,68.04,
,Oldham,9184,,55.95,
,Rochdale,9454,,57.1,
,Salford,10756,,55.42,
,Stockport,9821,,55.89,
,Tameside,9464,,52.38,
,Trafford,6934,,57.68,
,Wigan,13341,,48.99,
,Burnley,4019,,55.01,
,Chorley,3522,,51.15,
,Fylde,2941,,52.15,
,Hyndburn,3427,,55.33,
,Lancaster,5462,,51.79,
,Pendle,4052,,60.74,
,Preston,5137,,60.84,
,Ribble Valley,1404,,49.2,
,Rossendale,2725,,49.81,
,South Ribble,3216,,50.4,
,West Lancashire,4617,,50.35,
,Wyre,4953,,51.83,
,Knowsley,9345,,57.12,
,Liverpool,27295,,60.12,
,Sefton,13877,,53.52,
,St. Helens,8066,,53.4,
,Wirral,14679,,55.56,
,East Riding of Yorkshire,12877,,46.24,
,"Kingston upon Hull, City of",13801,,50.74,
,North East Lincolnshire,7485,,49.91,
,North Lincolnshire,6696,,48.17,
,York,5102,,48.89,
,Craven,1826,,44.61,
,Hambleton,2530,,46.69,
,Harrogate,4108,,44.48,
,Richmondshire,1178,,49.43,
,Ryedale,1857,,46.79,
,Scarborough,5482,,50.35,
,Selby,2238,,48.66,
,Barnsley,10249,,49.59,
,Doncaster,12800,,48.93,
,Rotherham,11523,,48.99,
,Sheffield,23291,,51.18,
,Bradford,21159,,58.88,
,Calderdale,7609,,50.81,
,Kirklees,15061,,54.02,
,Leeds,26242,,51.95,
,Wakefield,12795,,49.03,
,Derby,9081,,56.24,
,Leicester,15134,,79.58,
,Nottingham,11979,,58.69,
,Rutland,853,,45.92,
,Amber Valley,4468,,49.05,
,Bolsover,3182,,47.99,
,Chesterfield,4559,,49.36,
,Derbyshire Dales,2058,,48.38,
,Erewash,4098,,45.26,
,High Peak,2829,,49.84,
,North East Derbyshire,3975,,47,
,South Derbyshire,2480,,48.6,
,Blaby,2517,,48.21,
,Charnwood,4553,,52.01,
,Harborough,2023,,48.15,
,Hinckley and Bosworth,3244,,45.72,
,Melton,1259,,44.1,
,North West Leicestershire,2779,,49.46,
,Oadby and Wigston,1791,,54.26,
,Boston,2853,,51.47,
,East Lindsey,7976,,51.01,
,Lincoln,3581,,52.69,
,North Kesteven,3694,,47.34,
,South Holland,3605,,46.15,
,South Kesteven,4191,,46.88,
,West Lindsey,3319,,48.46,
,Corby,2016,,50.86,
,Daventry,1832,,50.29,
,East Northamptonshire,2662,,46.12,
,Kettering,2970,,50.58,
,Northampton,6552,,57,
,South Northamptonshire,1860,,48.86,
,Wellingborough,2758,,55.68,
,Ashfield,4697,,48.88,
,Bassetlaw,4200,,47.63,
,Broxtowe,3682,,48.22,
,Gedling,3652,,48.68,
,Mansfield,4060,,50.4,
,Newark and Sherwood,3627,,48.15,
,Rushcliffe,2610,,47.29,
,"Herefordshire, County of",6578,,51.53,
,Shropshire,11373,,51.16,
,Stoke-on-Trent,11074,,49.15,
,Telford and Wrekin,6434,,53.21,
,Cannock Chase,3836,,49.83,
,East Staffordshire,3414,,51.89,
,Lichfield,3132,,48.5,
,Newcastle-under-Lyme,4507,,47.43,
,South Staffordshire,3905,,48.82,
,Stafford,3440,,47.5,
,Staffordshire Moorlands,3255,,47.98,
,Tamworth,2914,,48.07,
,North Warwickshire,2261,,47.39,
,Nuneaton and Bedworth,4573,,53.95,
,Rugby,2637,,52.01,
,Stratford-on-Avon,3657,,48.63,
,Warwick,3546,,51.51,
,Birmingham,47732,,63.94,
,Coventry,12558,,59.33,
,Dudley,14150,,49.82,
,Sandwell,16799,,58.1,
,Solihull,6670,,53.2,
,Walsall,13621,,55.83,
,Wolverhampton,12830,,56.02,
,Bromsgrove,2584,,46.17,
,Malvern Hills,2637,,51.27,
,Redditch,2880,,54.96,
,Worcester,2992,,52.33,
,Wychavon,3678,,52.23,
,Wyre Forest,4122,,49.28,
,Bedford,4541,,54.55,
,Central Bedfordshire,6134,,49.81,
,Luton,6451,,68.14,
,Peterborough,6239,,61.12,
,Southend-on-Sea,6918,,55.74,
,Thurrock,4689,,56.63,
,Cambridge,2398,,59.09,
,East Cambridgeshire,2256,,51.56,
,Fenland,4206,,51.46,
,Huntingdonshire,3933,,49.03,
,South Cambridgeshire,2820,,52.57,
,Basildon,6144,,54.36,
,Braintree,4661,,50.39,
,Brentwood,1770,,49.78,
,Castle Point,3479,,50.21,
,Chelmsford,3876,,51.16,
,Colchester,4747,,54.27,
,Epping Forest,3922,,55.88,
,Harlow,2869,,50.95,
,Maldon,2093,,51.88,
,Rochford,2504,,50.35,
,Tendring,8048,,52.32,
,Uttlesford,1833,,49.55,
,Broxbourne,2806,,57.38,
,Dacorum,3399,,53.75,
,East Hertfordshire,2876,,52.46,
,Hertsmere,2729,,61.73,
,North Hertfordshire,3302,,50.26,
,St Albans,2471,,56.16,
,Stevenage,2549,,52.99,
,Three Rivers,2000,,59.62,
,Watford,2167,,61.88,
,Welwyn Hatfield,2649,,55.95,
,Breckland,5082,,48.27,
,Broadland,3871,,46.64,
,Great Yarmouth,5292,,49.08,
,King's Lynn and West Norfolk,6418,,49.48,
,North Norfolk,4882,,47.94,
,Norwich,5647,,53.5,
,South Norfolk,3985,,48.47,
,Babergh,2860,,47.65,
,Forest Heath,1879,,51.59,
,Ipswich,4607,,55.56,
,Mid Suffolk,2791,,48.93,
,St Edmundsbury,3109,,48.5,
,Suffolk Coastal,3869,,51.79,
,Waveney,5610,,49.68,
,Camden,7898,,85.15,
,City of London,143,,78.93,
,Hackney,9669,,86.81,
,Hammersmith and Fulham,5938,,80.41,
,Haringey,9327,,85.24,
,Islington,8296,,80.64,
,Kensington and Chelsea,5543,,86.26,
,Lambeth,10100,,79.54,
,Lewisham,8624,,72.31,
,Newham,10982,,88.71,
,Southwark,9910,,78.96,
,Tower Hamlets,9543,,87.24,
,Wandsworth,8115,,75.65,
,Westminster,7751,,92.11,
,Barking and Dagenham,6769,,67.82,
,Barnet,10427,,84.07,
,Bexley,6019,,58.41,
,Brent,11587,,92.03,
,Bromley,7626,,62.03,
,Croydon,10045,,74.02,
,Ealing,11049,,93.98,
,Enfield,10660,,77.65,
,Greenwich,8328,,76.99,
,Harrow,7549,,98.86,
,Havering,7410,,56.3,
,Hillingdon,7125,,78.19,
,Hounslow,7374,,85.93,
,Kingston upon Thames,3454,,76.31,
,Merton,4859,,74.5,
,Redbridge,8657,,82.52,
,Richmond upon Thames,3631,,69.24,
,Sutton,4735,,64.42,
,Waltham Forest,8244,,75.16,
,Bracknell Forest,2282,,59.69,
,Brighton and Hove,9409,,60.52,
,Isle of Wight,6636,,49.17,
,Medway,7971,,52.69,
,Milton Keynes,6221,,60.18,
,Portsmouth,6860,,56.13,
,Reading,4254,,69.43,
,Slough,3925,,77.15,
,Southampton,7884,,57.33,
,West Berkshire,3099,,50.81,
,Windsor and Maidenhead,3021,,56.43,
,Wokingham,2228,,52.43,
,Aylesbury Vale,3671,,54,
,Chiltern,1605,,54.14,
,South Bucks,1343,,59.01,
,Wycombe,3567,,57.44,
,Eastbourne,4303,,54.68,
,Hastings,4481,,56.73,
,Lewes,3418,,52.69,
,Rother,3992,,52.82,
,Wealden,4497,,49.99,
,Basingstoke and Deane,3428,,54.42,
,East Hampshire,2536,,49.53,
,Eastleigh,2823,,51.39,
,Fareham,2545,,46.33,
,Gosport,2453,,47.77,
,Hart,1303,,56.19,
,Havant,4538,,50.06,
,New Forest,5242,,49.65,
,Rushmoor,3034,,96.54,
,Test Valley,2752,,50.52,
,Winchester,2646,,51.48,
,Ashford,3628,,58.74,
,Canterbury,5050,,52.79,
,Dartford,2349,,53.35,
,Dover,4421,,53.23,
,Gravesham,3129,,55.62,
,Maidstone,4205,,54.33,
,Sevenoaks,2693,,52.15,
,Shepway,4712,,57.82,
,Swale,4917,,52.61,
,Thanet,7346,,55.07,
,Tonbridge and Malling,2854,,52.07,
,Tunbridge Wells,2749,,52.49,
,Cherwell,3084,,52.1,
,Oxford,3155,,64.14,
,South Oxfordshire,2589,,50.17,
,Vale of White Horse,2339,,51.08,
,West Oxfordshire,2285,,50.22,
,Elmbridge,2441,,60.05,
,Epsom and Ewell,1313,,64.98,
,Guildford,2352,,55.99,
,Mole Valley,1701,,54.81,
,Reigate and Banstead,2665,,55.74,
,Runnymede,1840,,55.08,
,Spelthorne,2043,,57.11,
,Surrey Heath,1479,,57.89,
,Tandridge,1663,,55.79,
,Waverley,2527,,52.63,
,Woking,1895,,61.23,
,Adur,2394,,51.89,
,Arun,6371,,50.93,
,Chichester,3565,,50.38,
,Crawley,2815,,62.52,
,Horsham,2799,,50.63,
,Mid Sussex,2890,,51.42,
,Worthing,3800,,52.67,
,Bath and North East Somerset,4821,,50.98,
,Bournemouth,7688,,55.75,
,"Bristol, City of",13973,,60.63,
,Cornwall,24740,,50.45,
,Isles of Scilly,45,,56.21,
,North Somerset,7092,,51.45,
,Plymouth,9522,,52.99,
,Poole,5208,,50.57,
,South Gloucestershire,6370,,50.47,
,Swindon,5977,,60.18,
,Torbay,7802,,54.24,
,Wiltshire,12466,,50.6,
,East Devon,4825,,50.11,
,Exeter,3582,,52.17,
,Mid Devon,2653,,52.78,
,North Devon,3956,,49.29,
,South Hams,2948,,55.32,
,Teignbridge,5239,,51.31,
,Torridge,2885,,50.16,
,West Devon,1986,,52.19,
,Christchurch,2035,,48.76,
,East Dorset,2751,,47.89,
,North Dorset,2059,,49.74,
,Purbeck,1625,,48.11,
,West Dorset,3587,,50.2,
,Weymouth and Portland,2577,,50.75,
,Cheltenham,3027,,53.4,
,Cotswold,2389,,47.21,
,Forest of Dean,3150,,51.63,
,Gloucester,3861,,54.65,
,Stroud,3277,,49.75,
,Tewkesbury,2247,,51.98,
,Mendip,3585,,51.08,
,Sedgemoor,4265,,49.73,
,South Somerset,5506,,49.07,
,Taunton Deane,3701,,51.95,
,West Somerset,1739,,54.14,
,Total,1868562,,57.24,
Feb-15,County Durham,24478,,48.44,
,Darlington,4397,,50.04,
,Hartlepool,5255,,50.92,
,Middlesbrough,6848,,52.18,
,Northumberland,12083,,47.21,
,Redcar and Cleveland,6678,,48.51,
,Stockton-on-Tees,7491,,49.14,
,Gateshead,10285,,49.28,
,Newcastle upon Tyne,12210,,54.54,
,North Tyneside,9142,,48.46,
,South Tyneside,8759,,48.64,
,Sunderland,15281,,49.23,
,Blackburn with Darwen,6072,,64.91,
,Blackpool,8575,,55.14,
,Cheshire East,9964,,49.15,
,Cheshire West and Chester,10407,,51.84,
,Halton,5255,,53.52,
,Warrington,6166,,52.27,
,Allerdale,3660,,47.88,
,Barrow-in-Furness,2811,,54.27,
,Carlisle,3574,,51.09,
,Copeland,2459,,49.34,
,Eden,1429,,51.12,
,South Lakeland,2927,,49.87,
,Bolton,11710,,56.9,
,Bury,6512,,53.65,
,Manchester,21146,,67.59,
,Oldham,9002,,55.57,
,Rochdale,9282,,56.56,
,Salford,10553,,54.91,
,Stockport,9635,,55.86,
,Tameside,9275,,51.9,
,Trafford,6774,,57.35,
,Wigan,13076,,48.21,
,Burnley,3944,,54.69,
,Chorley,3454,,50.41,
,Fylde,2884,,52.33,
,Hyndburn,3373,,54.56,
,Lancaster,5356,,51.91,
,Pendle,3964,,60.12,
,Preston,5029,,60.73,
,Ribble Valley,1377,,48.46,
,Rossendale,2689,,49.43,
,South Ribble,3168,,50.46,
,West Lancashire,4519,,50.13,
,Wyre,4862,,51.43,
,Knowsley,9199,,56.68,
,Liverpool,26874,,59.81,
,Sefton,13624,,53.22,
,St. Helens,7945,,53.32,
,Wirral,14432,,55.25,
,East Riding of Yorkshire,12605,,45.95,
,"Kingston upon Hull, City of",13535,,50.67,
,North East Lincolnshire,7353,,49.65,
,North Lincolnshire,6556,,48.33,
,York,5003,,49.05,
,Craven,1781,,44.49,
,Hambleton,2494,,47,
,Harrogate,4017,,44.51,
,Richmondshire,1132,,49.11,
,Ryedale,1817,,46.53,
,Scarborough,5377,,50.52,
,Selby,2214,,48.39,
,Barnsley,10039,,49.32,
,Doncaster,12564,,48.53,
,Rotherham,11259,,48.94,
,Sheffield,22792,,51.15,
,Bradford,20833,,58.65,
,Calderdale,7429,,50.36,
,Kirklees,14756,,53.64,
,Leeds,25702,,51.77,
,Wakefield,12528,,48.67,
,Derby,8934,,55.92,
,Leicester,14961,,79.51,
,Nottingham,11788,,58.43,
,Rutland,838,,45.59,
,Amber Valley,4356,,48.85,
,Bolsover,3111,,47.41,
,Chesterfield,4460,,49.18,
,Derbyshire Dales,1987,,47.95,
,Erewash,4011,,45.29,
,High Peak,2775,,49.74,
,North East Derbyshire,3904,,46.61,
,South Derbyshire,2427,,48.62,
,Blaby,2474,,48.09,
,Charnwood,4443,,52.43,
,Harborough,1979,,47.71,
,Hinckley and Bosworth,3170,,45.54,
,Melton,1230,,43.61,
,North West Leicestershire,2719,,48.93,
,Oadby and Wigston,1770,,54.2,
,Boston,2816,,51.7,
,East Lindsey,7866,,51.19,
,Lincoln,3511,,52.63,
,North Kesteven,3638,,47.17,
,South Holland,3545,,46,
,South Kesteven,4119,,46.6,
,West Lindsey,3251,,48.55,
,Corby,1985,,51.6,
,Daventry,1791,,50.39,
,East Northamptonshire,2620,,45.75,
,Kettering,2902,,50.95,
,Northampton,6436,,56.59,
,South Northamptonshire,1815,,48.46,
,Wellingborough,2728,,55.02,
,Ashfield,4592,,48.65,
,Bassetlaw,4119,,47.9,
,Broxtowe,3599,,47.9,
,Gedling,3573,,48.35,
,Mansfield,3976,,50.36,
,Newark and Sherwood,3551,,48.01,
,Rushcliffe,2543,,47.13,
,"Herefordshire, County of",6459,,51.43,
,Shropshire,11176,,51.02,
,Stoke-on-Trent,10880,,48.62,
,Telford and Wrekin,6339,,52.94,
,Cannock Chase,3769,,49.36,
,East Staffordshire,3329,,51.77,
,Lichfield,3050,,48.17,
,Newcastle-under-Lyme,4397,,47.19,
,South Staffordshire,3807,,48.49,
,Stafford,3373,,47.52,
,Staffordshire Moorlands,3194,,47.83,
,Tamworth,2873,,47.95,
,North Warwickshire,2205,,47.07,
,Nuneaton and Bedworth,4481,,53.6,
,Rugby,2600,,51.54,
,Stratford-on-Avon,3568,,48.29,
,Warwick,3482,,50.74,
,Birmingham,46838,,63.68,
,Coventry,12302,,58.95,
,Dudley,13851,,49.36,
,Sandwell,16456,,57.86,
,Solihull,6558,,52.8,
,Walsall,13370,,55.82,
,Wolverhampton,12622,,55.83,
,Bromsgrove,2513,,45.94,
,Malvern Hills,2582,,51.07,
,Redditch,2827,,54.22,
,Worcester,2952,,51.92,
,Wychavon,3648,,51.92,
,Wyre Forest,4076,,49.26,
,Bedford,4438,,54.72,
,Central Bedfordshire,5973,,49.39,
,Luton,6354,,67.95,
,Peterborough,6137,,61.01,
,Southend-on-Sea,6785,,55.73,
,Thurrock,4563,,55.75,
,Cambridge,2337,,59.51,
,East Cambridgeshire,2227,,51.34,
,Fenland,4123,,51.13,
,Huntingdonshire,3852,,49.02,
,South Cambridgeshire,2762,,51.9,
,Basildon,6012,,53.96,
,Braintree,4546,,50.89,
,Brentwood,1740,,49.74,
,Castle Point,3416,,50.29,
,Chelmsford,3783,,51.03,
,Colchester,4681,,54.06,
,Epping Forest,3863,,55.65,
,Harlow,2820,,50.86,
,Maldon,2049,,52,
,Rochford,2465,,49.72,
,Tendring,7899,,52.02,
,Uttlesford,1797,,48.5,
,Broxbourne,2776,,57.06,
,Dacorum,3318,,53.42,
,East Hertfordshire,2810,,52.26,
,Hertsmere,2664,,61.44,
,North Hertfordshire,3224,,50.23,
,St Albans,2413,,55.27,
,Stevenage,2510,,53.01,
,Three Rivers,1954,,59.32,
,Watford,2131,,61.83,
,Welwyn Hatfield,2587,,56.06,
,Breckland,4954,,48.09,
,Broadland,3774,,46.33,
,Great Yarmouth,5204,,48.88,
,King's Lynn and West Norfolk,6349,,49.59,
,North Norfolk,4794,,47.57,
,Norwich,5527,,53.24,
,South Norfolk,3918,,48.18,
,Babergh,2799,,47.05,
,Forest Heath,1840,,51.17,
,Ipswich,4507,,55.36,
,Mid Suffolk,2750,,48.66,
,St Edmundsbury,3035,,48.6,
,Suffolk Coastal,3796,,52.13,
,Waveney,5484,,49.57,
,Camden,7789,,84.76,
,City of London,134,,75.98,
,Hackney,9558,,86.69,
,Hammersmith and Fulham,5864,,80.6,
,Haringey,9209,,85.19,
,Islington,8192,,80.5,
,Kensington and Chelsea,5469,,85.84,
,Lambeth,9970,,79.14,
,Lewisham,8474,,72.42,
,Newham,10844,,88.55,
,Southwark,9802,,78.6,
,Tower Hamlets,9420,,87.16,
,Wandsworth,7987,,75.93,
,Westminster,7689,,92.11,
,Barking and Dagenham,6674,,67.98,
,Barnet,10313,,84.04,
,Bexley,5913,,58.2,
,Brent,11435,,91.42,
,Bromley,7463,,62.09,
,Croydon,9885,,74.02,
,Ealing,10883,,93.97,
,Enfield,10531,,77.65,
,Greenwich,8252,,77.02,
,Harrow,7470,,98.91,
,Havering,7244,,55.98,
,Hillingdon,7019,,78.69,
,Hounslow,7294,,86.08,
,Kingston upon Thames,3398,,76.78,
,Merton,4774,,74.33,
,Redbridge,8550,,82.02,
,Richmond upon Thames,3553,,68.57,
,Sutton,4633,,64.9,
,Waltham Forest,8072,,75.22,
,Bracknell Forest,2234,,58.83,
,Brighton and Hove,9225,,60.43,
,Isle of Wight,6549,,48.98,
,Medway,7794,,52.7,
,Milton Keynes,6123,,60.03,
,Portsmouth,6743,,55.79,
,Reading,4163,,69.7,
,Slough,3856,,76.27,
,Southampton,7740,,57.07,
,West Berkshire,3031,,50.5,
,Windsor and Maidenhead,2940,,56.29,
,Wokingham,2196,,52.74,
,Aylesbury Vale,3581,,53.85,
,Chiltern,1582,,53.9,
,South Bucks,1307,,59.51,
,Wycombe,3510,,57.46,
,Eastbourne,4250,,54.74,
,Hastings,4395,,56.82,
,Lewes,3372,,52.63,
,Rother,3905,,52.39,
,Wealden,4442,,49.77,
,Basingstoke and Deane,3361,,54.79,
,East Hampshire,2487,,49.74,
,Eastleigh,2778,,50.92,
,Fareham,2491,,46.31,
,Gosport,2439,,48.02,
,Hart,1294,,56.01,
,Havant,4471,,49.92,
,New Forest,5155,,49.9,
,Rushmoor,3031,,97.26,
,Test Valley,2703,,49.93,
,Winchester,2613,,51.03,
,Ashford,3566,,59.44,
,Canterbury,4911,,52.71,
,Dartford,2293,,53.32,
,Dover,4315,,52.86,
,Gravesham,3088,,55.48,
,Maidstone,4112,,54,
,Sevenoaks,2626,,52.06,
,Shepway,4636,,57.8,
,Swale,4847,,52.81,
,Thanet,7219,,54.87,
,Tonbridge and Malling,2795,,51.74,
,Tunbridge Wells,2681,,52.08,
,Cherwell,3028,,51.8,
,Oxford,3082,,64.33,
,South Oxfordshire,2555,,50.22,
,Vale of White Horse,2293,,51,
,West Oxfordshire,2247,,50.45,
,Elmbridge,2398,,60.08,
,Epsom and Ewell,1294,,64.71,
,Guildford,2300,,55.87,
,Mole Valley,1679,,54.37,
,Reigate and Banstead,2589,,55.88,
,Runnymede,1790,,54.67,
,Spelthorne,2011,,57.3,
,Surrey Heath,1463,,58.85,
,Tandridge,1608,,55.55,
,Waverley,2471,,52.18,
,Woking,1862,,60.88,
,Adur,2333,,51.41,
,Arun,6259,,51.04,
,Chichester,3517,,49.71,
,Crawley,2761,,62.34,
,Horsham,2741,,50.98,
,Mid Sussex,2828,,51.13,
,Worthing,3706,,52.57,
,Bath and North East Somerset,4734,,51.03,
,Bournemouth,7534,,55.43,
,"Bristol, City of",13689,,60.31,
,Cornwall,24307,,50.11,
,Isles of Scilly,44,,54.91,
,North Somerset,6963,,51.21,
,Plymouth,9326,,52.73,
,Poole,5101,,50.35,
,South Gloucestershire,6262,,50.16,
,Swindon,5881,,60.13,
,Torbay,7676,,54.04,
,Wiltshire,12201,,50.6,
,East Devon,4749,,49.62,
,Exeter,3495,,51.79,
,Mid Devon,2605,,51.62,
,North Devon,3890,,49.49,
,South Hams,2884,,54.59,
,Teignbridge,5134,,50.85,
,Torridge,2847,,49.87,
,West Devon,1955,,51.49,
,Christchurch,2011,,48.46,
,East Dorset,2681,,47.91,
,North Dorset,2011,,49.59,
,Purbeck,1603,,47.92,
,West Dorset,3531,,49.95,
,Weymouth and Portland,2545,,50.38,
,Cheltenham,2942,,52.9,
,Cotswold,2345,,47.26,
,Forest of Dean,3093,,50.91,
,Gloucester,3773,,54.32,
,Stroud,3203,,50.04,
,Tewkesbury,2217,,52.09,
,Mendip,3515,,50.42,
,Sedgemoor,4186,,49.42,
,South Somerset,5373,,48.93,
,Taunton Deane,3612,,52.08,
,West Somerset,1713,,53.93,
,Total,1834269,,57.07,
May-15,County Durham,23414,,48.3,
,Darlington,4206,,50.53,
,Hartlepool,5106,,50.91,
,Middlesbrough,6574,,52.16,
,Northumberland,11480,,47.49,
,Redcar and Cleveland,6396,,48.53,
,Stockton-on-Tees,7177,,49.14,
,Gateshead,9832,,49.26,
,Newcastle upon Tyne,11773,,54.72,
,North Tyneside,8691,,48.2,
,South Tyneside,8363,,48.92,
,Sunderland,14632,,49.03,
,Blackburn with Darwen,5916,,65.54,
,Blackpool,8268,,55.1,
,Cheshire East,9558,,48.98,
,Cheshire West and Chester,9996,,51.63,
,Halton,5052,,53.47,
,Warrington,5915,,52.23,
,Allerdale,3503,,48.14,
,Barrow-in-Furness,2674,,53.99,
,Carlisle,3423,,51.17,
,Copeland,2364,,49.6,
,Eden,1374,,50.83,
,South Lakeland,2802,,49.39,
,Bolton,11313,,57.01,
,Bury,6237,,53.92,
,Manchester,20550,,67.83,
,Oldham,8683,,55.83,
,Rochdale,8928,,56.59,
,Salford,10110,,55.09,
,Stockport,9284,,55.96,
,Tameside,8907,,51.84,
,Trafford,6547,,57.52,
,Wigan,12525,,48.29,
,Burnley,3820,,54.11,
,Chorley,3336,,50.03,
,Fylde,2778,,51.48,
,Hyndburn,3253,,55.07,
,Lancaster,5109,,52.69,
,Pendle,3842,,60.02,
,Preston,4872,,60.83,
,Ribble Valley,1315,,48.79,
,Rossendale,2608,,49.71,
,South Ribble,3035,,50.27,
,West Lancashire,4364,,49.64,
,Wyre,4691,,51.91,
,Knowsley,8915,,56.54,
,Liverpool,26055,,59.68,
,Sefton,13132,,52.92,
,St. Helens,7657,,53.36,
,Wirral,13961,,55.16,
,East Riding of Yorkshire,12029,,45.97,
,"Kingston upon Hull, City of",12947,,51.37,
,North East Lincolnshire,7063,,49.73,
,North Lincolnshire,6245,,48.43,
,York,4778,,48.64,
,Craven,1702,,45.76,
,Hambleton,2380,,46.87,
,Harrogate,3852,,44.92,
,Richmondshire,1090,,49.39,
,Ryedale,1758,,47.36,
,Scarborough,5198,,50.58,
,Selby,2118,,48.6,
,Barnsley,9626,,49.55,
,Doncaster,11983,,49.26,
,Rotherham,10768,,48.74,
,Sheffield,21848,,51.3,
,Bradford,20028,,59.1,
,Calderdale,7100,,50.71,
,Kirklees,14198,,53.94,
,Leeds,24638,,51.94,
,Wakefield,11959,,48.68,
,Derby,8590,,56.94,
,Leicester,14622,,80.49,
,Nottingham,11322,,58.65,
,Rutland,809,,45.35,
,Amber Valley,4156,,48.55,
,Bolsover,2977,,46.78,
,Chesterfield,4281,,48.91,
,Derbyshire Dales,1912,,48.1,
,Erewash,3812,,45.06,
,High Peak,2655,,49.85,
,North East Derbyshire,3698,,46.84,
,South Derbyshire,2330,,48.07,
,Blaby,2371,,47.97,
,Charnwood,4268,,52.34,
,Harborough,1917,,47.18,
,Hinckley and Bosworth,3026,,45.21,
,Melton,1171,,44.72,
,North West Leicestershire,2587,,49.3,
,Oadby and Wigston,1670,,55.21,
,Boston,2718,,51.96,
,East Lindsey,7511,,50.71,
,Lincoln,3388,,52.62,
,North Kesteven,3455,,46.59,
,South Holland,3357,,45.57,
,South Kesteven,3915,,47.1,
,West Lindsey,3090,,48.22,
,Corby,1908,,51.44,
,Daventry,1709,,49.83,
,East Northamptonshire,2510,,45.14,
,Kettering,2792,,50.95,
,Northampton,6189,,57.17,
,South Northamptonshire,1726,,48.24,
,Wellingborough,2619,,55.12,
,Ashfield,4400,,48.01,
,Bassetlaw,3896,,47.8,
,Broxtowe,3430,,47.63,
,Gedling,3423,,48.22,
,Mansfield,3827,,50.46,
,Newark and Sherwood,3390,,48.07,
,Rushcliffe,2426,,47.62,
,"Herefordshire, County of",6242,,51.24,
,Shropshire,10731,,50.65,
,Stoke-on-Trent,10414,,48.98,
,Telford and Wrekin,6114,,52.43,
,Cannock Chase,3601,,48.99,
,East Staffordshire,3181,,51.68,
,Lichfield,2906,,48.2,
,Newcastle-under-Lyme,4203,,47.36,
,South Staffordshire,3638,,49.03,
,Stafford,3201,,47.89,
,Staffordshire Moorlands,3059,,48.01,
,Tamworth,2749,,47.97,
,North Warwickshire,2092,,46.78,
,Nuneaton and Bedworth,4333,,54.05,
,Rugby,2510,,51.89,
,Stratford-on-Avon,3402,,48.08,
,Warwick,3332,,50.83,
,Birmingham,45420,,63.97,
,Coventry,11831,,59.07,
,Dudley,13199,,49.32,
,Sandwell,15812,,58.02,
,Solihull,6294,,52.76,
,Walsall,12860,,56.24,
,Wolverhampton,12129,,56.41,
,Bromsgrove,2391,,45.81,
,Malvern Hills,2488,,50.8,
,Redditch,2703,,54.29,
,Worcester,2847,,51.9,
,Wychavon,3493,,52,
,Wyre Forest,3876,,49.53,
,Bedford,4266,,54.93,
,Central Bedfordshire,5695,,49.33,
,Luton,6166,,68.68,
,Peterborough,5960,,61.87,
,Southend-on-Sea,6581,,55.72,
,Thurrock,4425,,55.68,
,Cambridge,2258,,60.46,
,East Cambridgeshire,2133,,51.11,
,Fenland,3938,,51.55,
,Huntingdonshire,3687,,49.75,
,South Cambridgeshire,2646,,52.32,
,Basildon,5763,,54.06,
,Braintree,4342,,50.89,
,Brentwood,1665,,50.77,
,Castle Point,3285,,50.33,
,Chelmsford,3618,,51.63,
,Colchester,4480,,54.26,
,Epping Forest,3698,,55.59,
,Harlow,2682,,50.6,
,Maldon,1958,,51.64,
,Rochford,2340,,50.3,
,Tendring,7655,,52.25,
,Uttlesford,1743,,48.54,
,Broxbourne,2662,,57.41,
,Dacorum,3175,,53.05,
,East Hertfordshire,2696,,52.63,
,Hertsmere,2574,,61.26,
,North Hertfordshire,3093,,50.64,
,St Albans,2317,,56.12,
,Stevenage,2395,,53.25,
,Three Rivers,1888,,59.89,
,Watford,2062,,62.89,
,Welwyn Hatfield,2477,,56.62,
,Breckland,4754,,48.07,
,Broadland,3582,,46.48,
,Great Yarmouth,4991,,49.03,
,King's Lynn and West Norfolk,6078,,50.03,
,North Norfolk,4575,,47.88,
,Norwich,5366,,53.45,
,South Norfolk,3730,,48.56,
,Babergh,2698,,46.78,
,Forest Heath,1766,,51.07,
,Ipswich,4304,,55.15,
,Mid Suffolk,2619,,48.93,
,St Edmundsbury,2900,,48.79,
,Suffolk Coastal,3632,,51.81,
,Waveney,5245,,49.48,
,Camden,7685,,85.35,
,City of London,139,,74.49,
,Hackney,9376,,87.48,
,Hammersmith and Fulham,5768,,81.21,
,Haringey,9058,,85.81,
,Islington,8057,,81.15,
,Kensington and Chelsea,5379,,86.46,
,Lambeth,9745,,80.17,
,Lewisham,8256,,73.55,
,Newham,10674,,89.86,
,Southwark,9640,,79.03,
,Tower Hamlets,9301,,87.85,
,Wandsworth,7798,,76.96,
,Westminster,7547,,92.65,
,Barking and Dagenham,6450,,68.67,
,Barnet,10084,,84.66,
,Bexley,5674,,58.92,
,Brent,11220,,92.43,
,Bromley,7223,,62.2,
,Croydon,9614,,74.94,
,Ealing,10687,,95.66,
,Enfield,10279,,78.43,
,Greenwich,8054,,78.3,
,Harrow,7359,,99.63,
,Havering,6945,,56.59,
,Hillingdon,6841,,79.21,
,Hounslow,7144,,87.39,
,Kingston upon Thames,3301,,78.11,
,Merton,4639,,75.32,
,Redbridge,8363,,82.33,
,Richmond upon Thames,3456,,69.35,
,Sutton,4441,,66.32,
,Waltham Forest,7834,,76.11,
,Bracknell Forest,2158,,59.79,
,Brighton and Hove,8970,,60.5,
,Isle of Wight,6320,,48.71,
,Medway,7469,,53.24,
,Milton Keynes,5905,,60.67,
,Portsmouth,6539,,55.86,
,Reading,4047,,70.5,
,Slough,3753,,76.74,
,Southampton,7467,,57.22,
,West Berkshire,2900,,49.96,
,Windsor and Maidenhead,2840,,57.29,
,Wokingham,2115,,53.25,
,Aylesbury Vale,3432,,54.08,
,Chiltern,1517,,54.9,
,South Bucks,1247,,58.53,
,Wycombe,3388,,58.49,
,Eastbourne,4106,,54.94,
,Hastings,4242,,57.02,
,Lewes,3250,,53.22,
,Rother,3751,,52.67,
,Wealden,4238,,49.87,
,Basingstoke and Deane,3220,,55.42,
,East Hampshire,2413,,49.23,
,Eastleigh,2665,,51.32,
,Fareham,2376,,46.55,
,Gosport,2346,,48.15,
,Hart,1248,,56.68,
,Havant,4308,,50.5,
,New Forest,4955,,49.46,
,Rushmoor,2976,,99.1,
,Test Valley,2600,,49.86,
,Winchester,2504,,50.92,
,Ashford,3414,,60.26,
,Canterbury,4719,,52.84,
,Dartford,2186,,53.88,
,Dover,4142,,52.54,
,Gravesham,2962,,56.51,
,Maidstone,3944,,54.21,
,Sevenoaks,2520,,52.63,
,Shepway,4479,,58.02,
,Swale,4633,,53.15,
,Thanet,6961,,54.33,
,Tonbridge and Malling,2665,,51.98,
,Tunbridge Wells,2583,,52.32,
,Cherwell,2877,,52.02,
,Oxford,2979,,65.02,
,South Oxfordshire,2437,,51,
,Vale of White Horse,2180,,51.09,
,West Oxfordshire,2153,,51.03,
,Elmbridge,2318,,60.84,
,Epsom and Ewell,1255,,64.46,
,Guildford,2216,,55.83,
,Mole Valley,1615,,54.15,
,Reigate and Banstead,2513,,55.98,
,Runnymede,1735,,55.76,
,Spelthorne,1958,,57.57,
,Surrey Heath,1425,,59.63,
,Tandridge,1543,,56.97,
,Waverley,2373,,52.08,
,Woking,1802,,61.04,
,Adur,2266,,51.21,
,Arun,5998,,51.26,
,Chichester,3390,,49.87,
,Crawley,2673,,63.85,
,Horsham,2625,,51.58,
,Mid Sussex,2723,,51.67,
,Worthing,3568,,52.71,
,Bath and North East Somerset,4553,,50.86,
,Bournemouth,7291,,55.24,
,"Bristol, City of",13165,,60.35,
,Cornwall,23425,,49.67,
,Isles of Scilly,37,,55.38,
,North Somerset,6652,,51.27,
,Plymouth,9010,,52.22,
,Poole,4911,,50.32,
,South Gloucestershire,5980,,50.19,
,Swindon,5646,,61.02,
,Torbay,7384,,53.74,
,Wiltshire,11633,,50.72,
,East Devon,4558,,49.54,
,Exeter,3369,,51.93,
,Mid Devon,2493,,51.27,
,North Devon,3716,,49.21,
,South Hams,2802,,54.28,
,Teignbridge,4926,,50.91,
,Torridge,2743,,50.1,
,West Devon,1900,,50.5,
,Christchurch,1925,,48.44,
,East Dorset,2542,,47.89,
,North Dorset,1918,,49.36,
,Purbeck,1534,,47.66,
,West Dorset,3406,,49.76,
,Weymouth and Portland,2443,,50.84,
,Cheltenham,2837,,52.21,
,Cotswold,2243,,47.5,
,Forest of Dean,2930,,51.19,
,Gloucester,3616,,54.31,
,Stroud,3061,,49.88,
,Tewkesbury,2127,,52.18,
,Mendip,3389,,50.24,
,Sedgemoor,4007,,48.97,
,South Somerset,5143,,49.31,
,Taunton Deane,3491,,51.73,
,West Somerset,1653,,53.86,
,Total,1766697,,57.35,
Aug-15,County Durham,23101,,48.05,
,Darlington,4153,,50.51,
,Hartlepool,5078,,50.87,
,Middlesbrough,6508,,52.15,
,Northumberland,11340,,47.1,
,Redcar and Cleveland,6301,,48.16,
,Stockton-on-Tees,7107,,49.17,
,Gateshead,9709,,49.01,
,Newcastle upon Tyne,11571,,54.84,
,North Tyneside,8568,,47.88,
,South Tyneside,8255,,48.43,
,Sunderland,14447,,48.94,
,Blackburn with Darwen,5835,,65.59,
,Blackpool,8141,,54.93,
,Cheshire East,9415,,49.04,
,Cheshire West and Chester,9856,,51.33,
,Halton,4994,,53.26,
,Warrington,5843,,52.2,
,Allerdale,3470,,47.94,
,Barrow-in-Furness,2619,,54.28,
,Carlisle,3357,,51.1,
,Copeland,2325,,49.64,
,Eden,1351,,50.49,
,South Lakeland,2754,,49.41,
,Bolton,11166,,57.11,
,Bury,6162,,54.05,
,Manchester,20370,,67.76,
,Oldham,8564,,55.66,
,Rochdale,8790,,56.46,
,Salford,9980,,54.82,
,Stockport,9177,,55.8,
,Tameside,8794,,51.84,
,Trafford,6447,,57.8,
,Wigan,12346,,47.91,
,Burnley,3773,,54.14,
,Chorley,3308,,49.72,
,Fylde,2747,,51.67,
,Hyndburn,3223,,54.79,
,Lancaster,5050,,52.31,
,Pendle,3790,,60.1,
,Preston,4851,,60.71,
,Ribble Valley,1282,,48.67,
,Rossendale,2572,,49.22,
,South Ribble,2988,,50.45,
,West Lancashire,4292,,49.62,
,Wyre,4637,,51.61,
,Knowsley,8819,,56.18,
,Liverpool,25682,,59.38,
,Sefton,12989,,52.56,
,St. Helens,7567,,52.94,
,Wirral,13758,,54.75,
,East Riding of Yorkshire,11818,,45.61,
,"Kingston upon Hull, City of",12789,,51,
,North East Lincolnshire,6975,,49.6,
,North Lincolnshire,6158,,48.16,
,York,4691,,48.28,
,Craven,1677,,46.16,
,Hambleton,2327,,47.19,
,Harrogate,3791,,44.81,
,Richmondshire,1090,,49.54,
,Ryedale,1731,,47.76,
,Scarborough,5121,,50.41,
,Selby,2083,,48.75,
,Barnsley,9452,,49.17,
,Doncaster,11812,,49.11,
,Rotherham,10596,,48.34,
,Sheffield,21512,,51.31,
,Bradford,19771,,58.88,
,Calderdale,6988,,50.18,
,Kirklees,13987,,53.73,
,Leeds,24246,,51.86,
,Wakefield,11855,,48.29,
,Derby,8484,,56.92,
,Leicester,14485,,80.81,
,Nottingham,11158,,58.31,
,Rutland,793,,44.87,
,Amber Valley,4114,,48.05,
,Bolsover,2935,,46.84,
,Chesterfield,4246,,48.09,
,Derbyshire Dales,1860,,47.62,
,Erewash,3770,,44.52,
,High Peak,2645,,49.75,
,North East Derbyshire,3642,,46.47,
,South Derbyshire,2283,,47.93,
,Blaby,2313,,48.04,
,Charnwood,4195,,51.87,
,Harborough,1890,,47.09,
,Hinckley and Bosworth,2968,,44.78,
,Melton,1157,,44.88,
,North West Leicestershire,2537,,49.32,
,Oadby and Wigston,1650,,55.6,
,Boston,2697,,51.93,
,East Lindsey,7400,,50.52,
,Lincoln,3357,,52.56,
,North Kesteven,3396,,46.75,
,South Holland,3294,,45.58,
,South Kesteven,3853,,46.82,
,West Lindsey,3048,,48.22,
,Corby,1871,,51.32,
,Daventry,1687,,49.97,
,East Northamptonshire,2464,,45.07,
,Kettering,2754,,50.51,
,Northampton,6124,,57.2,
,South Northamptonshire,1698,,48.32,
,Wellingborough,2570,,55.43,
,Ashfield,4335,,47.6,
,Bassetlaw,3847,,47.39,
,Broxtowe,3375,,47.5,
,Gedling,3363,,47.96,
,Mansfield,3772,,50.02,
,Newark and Sherwood,3358,,47.92,
,Rushcliffe,2375,,47.51,
,"Herefordshire, County of",6146,,51.46,
,Shropshire,10604,,50.33,
,Stoke-on-Trent,10266,,49.03,
,Telford and Wrekin,6052,,52.26,
,Cannock Chase,3547,,48.78,
,East Staffordshire,3128,,51.65,
,Lichfield,2882,,48.1,
,Newcastle-under-Lyme,4110,,47.12,
,South Staffordshire,3595,,49.21,
,Stafford,3214,,48.08,
,Staffordshire Moorlands,3012,,47.78,
,Tamworth,2707,,48.25,
,North Warwickshire,2050,,46.77,
,Nuneaton and Bedworth,4278,,54.29,
,Rugby,2489,,51.48,
,Stratford-on-Avon,3355,,48.16,
,Warwick,3314,,50.42,
,Birmingham,44753,,63.98,
,Coventry,11625,,59.11,
,Dudley,13062,,49.35,
,Sandwell,15568,,57.99,
,Solihull,6209,,52.14,
,Walsall,12723,,56.07,
,Wolverhampton,11962,,56.01,
,Bromsgrove,2378,,45.78,
,Malvern Hills,2434,,50.79,
,Redditch,2686,,54.04,
,Worcester,2792,,51.85,
,Wychavon,3430,,51.65,
,Wyre Forest,3806,,49.01,
,Bedford,4210,,55.07,
,Central Bedfordshire,5603,,49.32,
,Luton,6114,,68.58,
,Peterborough,5907,,61.8,
,Southend-on-Sea,6523,,55.27,
,Thurrock,4356,,55.69,
,Cambridge,2230,,59.99,
,East Cambridgeshire,2097,,51.99,
,Fenland,3892,,51.79,
,Huntingdonshire,3620,,49.92,
,South Cambridgeshire,2617,,52.19,
,Basildon,5665,,53.75,
,Braintree,4286,,50.56,
,Brentwood,1641,,50.22,
,Castle Point,3237,,49.96,
,Chelmsford,3570,,51.54,
,Colchester,4429,,54.5,
,Epping Forest,3648,,55.5,
,Harlow,2638,,50.52,
,Maldon,1927,,51.57,
,Rochford,2316,,49.85,
,Tendring,7573,,51.74,
,Uttlesford,1711,,48.56,
,Broxbourne,2629,,58.25,
,Dacorum,3127,,53.28,
,East Hertfordshire,2681,,53.2,
,Hertsmere,2549,,61.18,
,North Hertfordshire,3039,,50.23,
,St Albans,2274,,55.67,
,Stevenage,2338,,53.14,
,Three Rivers,1867,,59.74,
,Watford,2044,,63.05,
,Welwyn Hatfield,2441,,56.87,
,Breckland,4672,,47.81,
,Broadland,3505,,46.55,
,Great Yarmouth,4915,,48.74,
,King's Lynn and West Norfolk,6027,,49.68,
,North Norfolk,4510,,47.92,
,Norwich,5285,,53.5,
,South Norfolk,3687,,48.49,
,Babergh,2653,,47.03,
,Forest Heath,1733,,50.64,
,Ipswich,4229,,55,
,Mid Suffolk,2597,,48.54,
,St Edmundsbury,2867,,48.81,
,Suffolk Coastal,3594,,52.12,
,Waveney,5212,,49.51,
,Camden,7625,,85.15,
,City of London,133,,79.16,
,Hackney,9335,,87.37,
,Hammersmith and Fulham,5700,,81.63,
,Haringey,8975,,85.79,
,Islington,7984,,80.94,
,Kensington and Chelsea,5356,,86.72,
,Lambeth,9590,,80.33,
,Lewisham,8170,,73.72,
,Newham,10557,,90.13,
,Southwark,9533,,79.22,
,Tower Hamlets,9219,,88.1,
,Wandsworth,7665,,76.97,
,Westminster,7425,,93.03,
,Barking and Dagenham,6407,,68.99,
,Barnet,10018,,85.25,
,Bexley,5597,,58.89,
,Brent,11133,,92.68,
,Bromley,7107,,62.51,
,Croydon,9541,,74.8,
,Ealing,10643,,96.06,
,Enfield,10192,,78.71,
,Greenwich,7969,,78.47,
,Harrow,7293,,100.29,
,Havering,6871,,56.15,
,Hillingdon,6767,,80,
,Hounslow,7064,,88,
,Kingston upon Thames,3261,,79.2,
,Merton,4578,,75.71,
,Redbridge,8286,,82.67,
,Richmond upon Thames,3409,,70.13,
,Sutton,4380,,66.76,
,Waltham Forest,7736,,76.08,
,Bracknell Forest,2123,,59.74,
,Brighton and Hove,8845,,60.72,
,Isle of Wight,6236,,48.34,
,Medway,7365,,53.25,
,Milton Keynes,5842,,60.39,
,Portsmouth,6448,,55.49,
,Reading,4013,,70.76,
,Slough,3723,,77,
,Southampton,7344,,56.94,
,West Berkshire,2866,,50.02,
,Windsor and Maidenhead,2800,,57.38,
,Wokingham,2081,,52.58,
,Aylesbury Vale,3384,,54.13,
,Chiltern,1480,,54.57,
,South Bucks,1229,,57.99,
,Wycombe,3345,,58.33,
,Eastbourne,4030,,55.02,
,Hastings,4222,,56.74,
,Lewes,3196,,53.24,
,Rother,3702,,52.93,
,Wealden,4166,,49.85,
,Basingstoke and Deane,3188,,55.41,
,East Hampshire,2356,,49.05,
,Eastleigh,2611,,51.46,
,Fareham,2343,,46.29,
,Gosport,2306,,48.68,
,Hart,1228,,55.12,
,Havant,4271,,50.08,
,New Forest,4886,,49.63,
,Rushmoor,2962,,101.02,
,Test Valley,2560,,49.86,
,Winchester,2466,,50.83,
,Ashford,3375,,60.5,
,Canterbury,4627,,52.59,
,Dartford,2126,,54.07,
,Dover,4066,,52.74,
,Gravesham,2933,,56.03,
,Maidstone,3911,,54.56,
,Sevenoaks,2481,,52.71,
,Shepway,4426,,58.06,
,Swale,4591,,53,
,Thanet,6879,,54.07,
,Tonbridge and Malling,2633,,51.73,
,Tunbridge Wells,2548,,52.15,
,Cherwell,2850,,52.7,
,Oxford,2914,,64.66,
,South Oxfordshire,2411,,50.81,
,Vale of White Horse,2151,,51.64,
,West Oxfordshire,2129,,51.28,
,Elmbridge,2277,,61.35,
,Epsom and Ewell,1234,,65.09,
,Guildford,2183,,55.86,
,Mole Valley,1593,,54.1,
,Reigate and Banstead,2486,,56.5,
,Runnymede,1702,,55.79,
,Spelthorne,1939,,58.28,
,Surrey Heath,1393,,59.78,
,Tandridge,1518,,55.87,
,Waverley,2330,,51.99,
,Woking,1767,,61.31,
,Adur,2222,,51.31,
,Arun,5954,,51.53,
,Chichester,3361,,50.06,
,Crawley,2633,,64.48,
,Horsham,2590,,51.14,
,Mid Sussex,2685,,51.38,
,Worthing,3510,,52.29,
,Bath and North East Somerset,4487,,50.87,
,Bournemouth,7194,,54.97,
,"Bristol, City of",12983,,60.11,
,Cornwall,23112,,49.25,
,Isles of Scilly,37,,54.48,
,North Somerset,6519,,51.18,
,Plymouth,8899,,52.08,
,Poole,4847,,50.14,
,South Gloucestershire,5900,,49.96,
,Swindon,5577,,60.89,
,Torbay,7309,,53.3,
,Wiltshire,11512,,50.86,
,East Devon,4479,,49.3,
,Exeter,3322,,51.73,
,Mid Devon,2448,,51.42,
,North Devon,3642,,49.39,
,South Hams,2778,,53.87,
,Teignbridge,4870,,50.69,
,Torridge,2701,,49.34,
,West Devon,1852,,50.66,
,Christchurch,1899,,48.17,
,East Dorset,2505,,47.75,
,North Dorset,1899,,50.2,
,Purbeck,1508,,46.42,
,West Dorset,3365,,49.71,
,Weymouth and Portland,2397,,50.65,
,Cheltenham,2795,,51.67,
,Cotswold,2230,,47.04,
,Forest of Dean,2885,,51.13,
,Gloucester,3575,,54.91,
,Stroud,3007,,50.17,
,Tewkesbury,2095,,52.25,
,Mendip,3325,,50.14,
,Sedgemoor,3972,,48.62,
,South Somerset,5065,,48.95,
,Taunton Deane,3477,,51.32,
,West Somerset,1633,,53.33,
,Total,1743613,,57.32,
Nov-15,County Durham,22814,,48,
,Darlington,4110,,50.44,
,Hartlepool,5002,,51.13,
,Middlesbrough,6474,,51.93,
,Northumberland,11234,,46.85,
,Redcar and Cleveland,6248,,48.37,
,Stockton-on-Tees,7041,,48.85,
,Gateshead,9588,,48.99,
,Newcastle upon Tyne,11403,,54.6,
,North Tyneside,8481,,47.53,
,South Tyneside,8153,,48.8,
,Sunderland,14331,,48.96,
,Blackburn with Darwen,5773,,65.14,
,Blackpool,8028,,54.67,
,Cheshire East,9300,,49.09,
,Cheshire West and Chester,9775,,50.92,
,Halton,4975,,53.09,
,Warrington,5784,,51.96,
,Allerdale,3408,,47.42,
,Barrow-in-Furness,2591,,54.23,
,Carlisle,3330,,51.04,
,Copeland,2307,,49.02,
,Eden,1325,,50.92,
,South Lakeland,2720,,49.52,
,Bolton,11046,,56.92,
,Bury,6107,,53.67,
,Manchester,20164,,67.56,
,Oldham,8444,,55.62,
,Rochdale,8700,,56.21,
,Salford,9859,,54.48,
,Stockport,9052,,55.54,
,Tameside,8711,,51.47,
,Trafford,6379,,57.54,
,Wigan,12184,,47.72,
,Burnley,3719,,54.39,
,Chorley,3290,,49.77,
,Fylde,2719,,51.42,
,Hyndburn,3157,,54.28,
,Lancaster,4999,,52.28,
,Pendle,3758,,59.86,
,Preston,4789,,60.69,
,Ribble Valley,1261,,48.47,
,Rossendale,2551,,48.96,
,South Ribble,2933,,49.96,
,West Lancashire,4249,,50.02,
,Wyre,4591,,51.67,
,Knowsley,8729,,55.7,
,Liverpool,25475,,59.12,
,Sefton,12866,,52.17,
,St. Helens,7483,,52.8,
,Wirral,13584,,54.39,
,East Riding of Yorkshire,11678,,45.3,
,"Kingston upon Hull, City of",12611,,50.69,
,North East Lincolnshire,6881,,49.51,
,North Lincolnshire,6081,,48.31,
,York,4615,,47.78,
,Craven,1655,,46.04,
,Hambleton,2306,,47.63,
,Harrogate,3738,,45,
,Richmondshire,1070,,49.51,
,Ryedale,1717,,48.4,
,Scarborough,5070,,50.83,
,Selby,2057,,48.44,
,Barnsley,9310,,48.99,
,Doncaster,11691,,49.1,
,Rotherham,10433,,48.42,
,Sheffield,21235,,51.28,
,Bradford,19560,,59.16,
,Calderdale,6897,,50.14,
,Kirklees,13757,,53.57,
,Leeds,23883,,51.85,
,Wakefield,11724,,48,
,Derby,8441,,56.91,
,Leicester,14331,,80.64,
,Nottingham,11037,,57.9,
,Rutland,798,,44.94,
,Amber Valley,4025,,47.81,
,Bolsover,2882,,46.4,
,Chesterfield,4164,,48.04,
,Derbyshire Dales,1839,,47.47,
,Erewash,3683,,44.13,
,High Peak,2601,,48.96,
,North East Derbyshire,3603,,46.3,
,South Derbyshire,2229,,47.67,
,Blaby,2276,,48.42,
,Charnwood,4144,,51.66,
,Harborough,1854,,46.83,
,Hinckley and Bosworth,2923,,44.88,
,Melton,1150,,44.86,
,North West Leicestershire,2505,,48.96,
,Oadby and Wigston,1622,,55.23,
,Boston,2669,,52.33,
,East Lindsey,7368,,50.44,
,Lincoln,3301,,51.86,
,North Kesteven,3344,,46.4,
,South Holland,3244,,45.54,
,South Kesteven,3785,,47.07,
,West Lindsey,3025,,47.89,
,Corby,1843,,51.14,
,Daventry,1679,,50.16,
,East Northamptonshire,2438,,44.5,
,Kettering,2732,,50.47,
,Northampton,6036,,57.04,
,South Northamptonshire,1676,,48.93,
,Wellingborough,2550,,54.84,
,Ashfield,4244,,47.39,
,Bassetlaw,3804,,46.83,
,Broxtowe,3317,,47.33,
,Gedling,3332,,47.91,
,Mansfield,3751,,49.76,
,Newark and Sherwood,3327,,47.88,
,Rushcliffe,2366,,47.55,
,"Herefordshire, County of",6071,,51.01,
,Shropshire,10434,,50.13,
,Stoke-on-Trent,10138,,48.98,
,Telford and Wrekin,5996,,52.41,
,Cannock Chase,3497,,48.32,
,East Staffordshire,3069,,51.04,
,Lichfield,2840,,47.57,
,Newcastle-under-Lyme,4048,,46.87,
,South Staffordshire,3551,,48.3,
,Stafford,3190,,47.91,
,Staffordshire Moorlands,2958,,47.78,
,Tamworth,2677,,48.25,
,North Warwickshire,2052,,46.45,
,Nuneaton and Bedworth,4210,,54.09,
,Rugby,2462,,51.82,
,Stratford-on-Avon,3291,,47.83,
,Warwick,3274,,50.24,
,Birmingham,44236,,63.91,
,Coventry,11431,,58.83,
,Dudley,12918,,49.31,
,Sandwell,15344,,57.88,
,Solihull,6087,,52.21,
,Walsall,12547,,55.78,
,Wolverhampton,11720,,56.13,
,Bromsgrove,2363,,45.68,
,Malvern Hills,2408,,50.24,
,Redditch,2647,,53.86,
,Worcester,2736,,51.86,
,Wychavon,3376,,51.59,
,Wyre Forest,3775,,48.88,
,Bedford,4168,,54.9,
,Central Bedfordshire,5527,,48.92,
,Luton,6076,,68.43,
,Peterborough,5864,,61.83,
,Southend-on-Sea,6445,,55.12,
,Thurrock,4311,,55.32,
,Cambridge,2203,,60.08,
,East Cambridgeshire,2076,,51.2,
,Fenland,3845,,51.49,
,Huntingdonshire,3575,,49.46,
,South Cambridgeshire,2562,,52.49,
,Basildon,5613,,53.86,
,Braintree,4246,,50.39,
,Brentwood,1621,,50.25,
,Castle Point,3187,,50.4,
,Chelmsford,3508,,51.38,
,Colchester,4358,,54.63,
,Epping Forest,3609,,55.72,
,Harlow,2602,,51.09,
,Maldon,1904,,51.02,
,Rochford,2296,,49.88,
,Tendring,7508,,51.56,
,Uttlesford,1680,,48.3,
,Broxbourne,2595,,57.57,
,Dacorum,3077,,53.11,
,East Hertfordshire,2654,,53.74,
,Hertsmere,2519,,61.43,
,North Hertfordshire,2991,,50.33,
,St Albans,2231,,55.5,
,Stevenage,2294,,53.95,
,Three Rivers,1846,,59.53,
,Watford,2019,,62.97,
,Welwyn Hatfield,2417,,56.99,
,Breckland,4610,,48.08,
,Broadland,3466,,46.28,
,Great Yarmouth,4876,,48.42,
,King's Lynn and West Norfolk,5917,,49.41,
,North Norfolk,4458,,47.55,
,Norwich,5202,,52.9,
,South Norfolk,3654,,48.92,
,Babergh,2609,,46.81,
,Forest Heath,1707,,50.5,
,Ipswich,4173,,54.64,
,Mid Suffolk,2560,,49.1,
,St Edmundsbury,2817,,48.89,
,Suffolk Coastal,3534,,52,
,Waveney,5128,,49.12,
,Camden,7562,,85.2,
,City of London,133,,82.55,
,Hackney,9243,,87.51,
,Hammersmith and Fulham,5646,,81.45,
,Haringey,8899,,85.69,
,Islington,7923,,80.98,
,Kensington and Chelsea,5279,,86.61,
,Lambeth,9527,,79.92,
,Lewisham,8073,,73.63,
,Newham,10457,,90.28,
,Southwark,9434,,79.17,
,Tower Hamlets,9142,,88.1,
,Wandsworth,7568,,76.93,
,Westminster,7315,,92.77,
,Barking and Dagenham,6298,,69.16,
,Barnet,9902,,85.4,
,Bexley,5523,,59.19,
,Brent,11057,,92.93,
,Bromley,6983,,62.58,
,Croydon,9404,,74.91,
,Ealing,10593,,95.97,
,Enfield,10125,,78.7,
,Greenwich,7910,,78.62,
,Harrow,7215,,100.49,
,Havering,6755,,56.32,
,Hillingdon,6717,,80.35,
,Hounslow,7024,,88.45,
,Kingston upon Thames,3229,,79.09,
,Merton,4536,,76.37,
,Redbridge,8186,,82.55,
,Richmond upon Thames,3362,,70.65,
,Sutton,4340,,66.85,
,Waltham Forest,7655,,75.76,
,Bracknell Forest,2120,,59.3,
,Brighton and Hove,8760,,61.43,
,Isle of Wight,6149,,48.28,
,Medway,7278,,53.38,
,Milton Keynes,5757,,60.24,
,Portsmouth,6397,,55.31,
,Reading,3981,,71.38,
,Slough,3716,,77.58,
,Southampton,7251,,56.82,
,West Berkshire,2833,,50.2,
,Windsor and Maidenhead,2744,,57.54,
,Wokingham,2045,,52.5,
,Aylesbury Vale,3335,,54.25,
,Chiltern,1451,,54.41,
,South Bucks,1203,,58.38,
,Wycombe,3319,,57.61,
,Eastbourne,3967,,55.07,
,Hastings,4165,,56.98,
,Lewes,3183,,53.5,
,Rother,3688,,52.65,
,Wealden,4093,,50.15,
,Basingstoke and Deane,3124,,55.26,
,East Hampshire,2334,,48.54,
,Eastleigh,2554,,51.21,
,Fareham,2307,,46.77,
,Gosport,2272,,48.55,
,Hart,1204,,55.65,
,Havant,4226,,49.85,
,New Forest,4803,,49.3,
,Rushmoor,2976,,101.22,
,Test Valley,2520,,49.2,
,Winchester,2437,,50.38,
,Ashford,3346,,60.69,
,Canterbury,4566,,52.75,
,Dartford,2104,,54.21,
,Dover,3998,,52.77,
,Gravesham,2904,,55.8,
,Maidstone,3873,,55.16,
,Sevenoaks,2434,,53.36,
,Shepway,4392,,58.73,
,Swale,4554,,53.18,
,Thanet,6818,,53.88,
,Tonbridge and Malling,2594,,52.03,
,Tunbridge Wells,2513,,52.13,
,Cherwell,2783,,52.1,
,Oxford,2887,,64.97,
,South Oxfordshire,2362,,50.18,
,Vale of White Horse,2112,,52,
,West Oxfordshire,2086,,51.43,
,Elmbridge,2239,,61.53,
,Epsom and Ewell,1207,,65.3,
,Guildford,2151,,55.16,
,Mole Valley,1575,,54.64,
,Reigate and Banstead,2431,,56.62,
,Runnymede,1677,,56.2,
,Spelthorne,1913,,58.44,
,Surrey Heath,1367,,60.34,
,Tandridge,1487,,55.81,
,Waverley,2296,,51.51,
,Woking,1743,,61.72,
,Adur,2200,,50.81,
,Arun,5885,,51.7,
,Chichester,3313,,50.13,
,Crawley,2612,,64.43,
,Horsham,2552,,51.51,
,Mid Sussex,2650,,51.46,
,Worthing,3467,,52.11,
,Bath and North East Somerset,4392,,50.74,
,Bournemouth,7104,,55.05,
,"Bristol, City of",12756,,60.32,
,Cornwall,22861,,48.98,
,Isles of Scilly,40,,52.6,
,North Somerset,6445,,50.72,
,Plymouth,8803,,51.63,
,Poole,4769,,50.2,
,South Gloucestershire,5802,,50.26,
,Swindon,5515,,61.14,
,Torbay,7217,,53.16,
,Wiltshire,11332,,50.77,
,East Devon,4393,,49.25,
,Exeter,3277,,51.88,
,Mid Devon,2410,,50.96,
,North Devon,3607,,49.84,
,South Hams,2755,,53.84,
,Teignbridge,4798,,50.79,
,Torridge,2668,,49.06,
,West Devon,1820,,50.11,
,Christchurch,1869,,48.4,
,East Dorset,2473,,47.96,
,North Dorset,1866,,50.54,
,Purbeck,1491,,47.11,
,West Dorset,3335,,50.22,
,Weymouth and Portland,2376,,49.86,
,Cheltenham,2762,,51.94,
,Cotswold,2191,,47.29,
,Forest of Dean,2840,,51.36,
,Gloucester,3499,,54.92,
,Stroud,2953,,50.16,
,Tewkesbury,2085,,52.1,
,Mendip,3278,,50.25,
,Sedgemoor,3959,,48.38,
,South Somerset,4995,,48.89,
,Taunton Deane,3458,,50.98,
,West Somerset,1604,,53.04,
,Total,1722470,,57.25,
Feb-16,County Durham,22442,,47.79,
,Darlington,4059,,50.12,
,Hartlepool,4896,,51.06,
,Middlesbrough,6408,,52.06,
,Northumberland,11047,,46.79,
,Redcar and Cleveland,6181,,48.02,
,Stockton-on-Tees,6932,,48.57,
,Gateshead,9437,,48.6,
,Newcastle upon Tyne,11225,,54.59,
,North Tyneside,8362,,47.25,
,South Tyneside,8036,,48.34,
,Sunderland,14112,,48.59,
,Blackburn with Darwen,5716,,65.02,
,Blackpool,7892,,54.55,
,Cheshire East,9154,,49.1,
,Cheshire West and Chester,9642,,51.11,
,Halton,4893,,53.1,
,Warrington,5693,,52,
,Allerdale,3344,,47.11,
,Barrow-in-Furness,2540,,54.29,
,Carlisle,3263,,50.86,
,Copeland,2258,,48.75,
,Eden,1301,,50.83,
,South Lakeland,2665,,49.39,
,Bolton,10896,,56.97,
,Bury,6007,,53.95,
,Manchester,19839,,67.67,
,Oldham,8287,,55.88,
,Rochdale,8586,,55.76,
,Salford,9680,,54.29,
,Stockport,8885,,55.3,
,Tameside,8597,,51.45,
,Trafford,6267,,57.55,
,Wigan,11945,,47.76,
,Burnley,3657,,54.66,
,Chorley,3243,,49.93,
,Fylde,2675,,51.58,
,Hyndburn,3105,,53.89,
,Lancaster,4882,,52.18,
,Pendle,3707,,59.83,
,Preston,4710,,60.47,
,Ribble Valley,1233,,49.43,
,Rossendale,2502,,49.12,
,South Ribble,2893,,49.77,
,West Lancashire,4203,,50.66,
,Wyre,4491,,51.58,
,Knowsley,8604,,55.28,
,Liverpool,25127,,58.71,
,Sefton,12663,,52.02,
,St. Helens,7352,,52.62,
,Wirral,13370,,54.01,
,East Riding of Yorkshire,11498,,45.13,
,"Kingston upon Hull, City of",12379,,50.65,
,North East Lincolnshire,6757,,49.53,
,North Lincolnshire,5993,,48.35,
,York,4534,,47.67,
,Craven,1617,,45.84,
,Hambleton,2245,,47.71,
,Harrogate,3682,,45.31,
,Richmondshire,1055,,49.37,
,Ryedale,1685,,48.24,
,Scarborough,4996,,50.84,
,Selby,2019,,48.58,
,Barnsley,9170,,48.81,
,Doncaster,11476,,49.18,
,Rotherham,10241,,48.51,
,Sheffield,20857,,51.25,
,Bradford,19255,,58.84,
,Calderdale,6777,,50,
,Kirklees,13520,,53.46,
,Leeds,23496,,51.63,
,Wakefield,11500,,48.14,
,Derby,8334,,57.07,
,Leicester,14142,,80.72,
,Nottingham,10864,,57.86,
,Rutland,781,,44.77,
,Amber Valley,3956,,47.54,
,Bolsover,2842,,46.5,
,Chesterfield,4067,,47.88,
,Derbyshire Dales,1798,,46.87,
,Erewash,3632,,44.42,
,High Peak,2551,,48.88,
,North East Derbyshire,3552,,45.95,
,South Derbyshire,2193,,47.07,
,Blaby,2231,,48.13,
,Charnwood,4044,,51.44,
,Harborough,1825,,46.48,
,Hinckley and Bosworth,2856,,44.91,
,Melton,1130,,44.85,
,North West Leicestershire,2468,,48.57,
,Oadby and Wigston,1599,,55.44,
,Boston,2627,,52.58,
,East Lindsey,7290,,49.97,
,Lincoln,3224,,51.44,
,North Kesteven,3286,,46.13,
,South Holland,3184,,46.26,
,South Kesteven,3730,,47,
,West Lindsey,2994,,47.89,
,Corby,1824,,51.35,
,Daventry,1639,,50.03,
,East Northamptonshire,2392,,43.84,
,Kettering,2680,,50.44,
,Northampton,5954,,56.81,
,South Northamptonshire,1664,,48.82,
,Wellingborough,2525,,54.34,
,Ashfield,4168,,47.54,
,Bassetlaw,3730,,46.96,
,Broxtowe,3251,,47.7,
,Gedling,3272,,48.08,
,Mansfield,3682,,49.45,
,Newark and Sherwood,3308,,47.96,
,Rushcliffe,2308,,47.71,
,"Herefordshire, County of",5969,,50.53,
,Shropshire,10262,,50.04,
,Stoke-on-Trent,10003,,49.27,
,Telford and Wrekin,5892,,52.47,
,Cannock Chase,3434,,47.88,
,East Staffordshire,3019,,51.1,
,Lichfield,2773,,47.55,
,Newcastle-under-Lyme,3983,,47.1,
,South Staffordshire,3481,,47.94,
,Stafford,3137,,47.78,
,Staffordshire Moorlands,2896,,47.49,
,Tamworth,2624,,47.89,
,North Warwickshire,2028,,46.06,
,Nuneaton and Bedworth,4132,,54.47,
,Rugby,2416,,51.76,
,Stratford-on-Avon,3233,,47.8,
,Warwick,3227,,50.34,
,Birmingham,43620,,63.84,
,Coventry,11182,,58.54,
,Dudley,12653,,49.01,
,Sandwell,15075,,57.73,
,Solihull,5998,,52.28,
,Walsall,12371,,55.47,
,Wolverhampton,11540,,56.01,
,Bromsgrove,2297,,45.77,
,Malvern Hills,2373,,50.2,
,Redditch,2605,,53.36,
,Worcester,2689,,52.15,
,Wychavon,3325,,51.98,
,Wyre Forest,3705,,48.85,
,Bedford,4081,,54.71,
,Central Bedfordshire,5440,,48.63,
,Luton,5981,,68.17,
,Peterborough,5789,,61.82,
,Southend-on-Sea,6354,,55.01,
,Thurrock,4240,,55.1,
,Cambridge,2145,,60.35,
,East Cambridgeshire,2057,,51.22,
,Fenland,3789,,51.6,
,Huntingdonshire,3524,,49.29,
,South Cambridgeshire,2515,,52.43,
,Basildon,5540,,53.41,
,Braintree,4180,,50.03,
,Brentwood,1603,,50.38,
,Castle Point,3146,,50.18,
,Chelmsford,3443,,51.42,
,Colchester,4304,,54.56,
,Epping Forest,3547,,55.68,
,Harlow,2570,,51.22,
,Maldon,1877,,50.29,
,Rochford,2262,,49.81,
,Tendring,7388,,51.26,
,Uttlesford,1662,,49.07,
,Broxbourne,2558,,57.51,
,Dacorum,3016,,53.02,
,East Hertfordshire,2615,,52.99,
,Hertsmere,2499,,60.95,
,North Hertfordshire,2949,,50.35,
,St Albans,2201,,55.44,
,Stevenage,2248,,54.61,
,Three Rivers,1820,,59.69,
,Watford,2010,,62.77,
,Welwyn Hatfield,2362,,56.33,
,Breckland,4552,,48.04,
,Broadland,3391,,45.85,
,Great Yarmouth,4813,,48.29,
,King's Lynn and West Norfolk,5814,,49.05,
,North Norfolk,4364,,47.45,
,Norwich,5137,,52.58,
,South Norfolk,3630,,49.16,
,Babergh,2553,,46.9,
,Forest Heath,1693,,50.29,
,Ipswich,4087,,54.65,
,Mid Suffolk,2541,,49.02,
,St Edmundsbury,2743,,48.56,
,Suffolk Coastal,3465,,51.87,
,Waveney,5053,,49,
,Camden,7496,,85.04,
,City of London,123,,82.33,
,Hackney,9145,,87.28,
,Hammersmith and Fulham,5564,,81.58,
,Haringey,8788,,85.69,
,Islington,7831,,80.75,
,Kensington and Chelsea,5219,,86.86,
,Lambeth,9439,,80.06,
,Lewisham,7945,,73.3,
,Newham,10320,,89.9,
,Southwark,9314,,78.62,
,Tower Hamlets,9040,,87.67,
,Wandsworth,7453,,77.05,
,Westminster,7227,,92.58,
,Barking and Dagenham,6210,,69.21,
,Barnet,9809,,85.24,
,Bexley,5428,,59.28,
,Brent,10940,,92.8,
,Bromley,6870,,62.77,
,Croydon,9275,,74.88,
,Ealing,10517,,95.75,
,Enfield,9985,,78.57,
,Greenwich,7800,,78.69,
,Harrow,7132,,100.34,
,Havering,6634,,56.36,
,Hillingdon,6619,,81.01,
,Hounslow,6943,,89.23,
,Kingston upon Thames,3167,,79.39,
,Merton,4475,,76.41,
,Redbridge,8083,,82.64,
,Richmond upon Thames,3312,,70.48,
,Sutton,4239,,67.01,
,Waltham Forest,7567,,75.87,
,Bracknell Forest,2068,,59.75,
,Brighton and Hove,8606,,61.3,
,Isle of Wight,6038,,48.45,
,Medway,7171,,52.99,
,Milton Keynes,5663,,60.1,
,Portsmouth,6322,,55.63,
,Reading,3928,,71.61,
,Slough,3664,,78.11,
,Southampton,7102,,57.32,
,West Berkshire,2800,,50.2,
,Windsor and Maidenhead,2687,,57.19,
,Wokingham,2021,,52.95,
,Aylesbury Vale,3279,,54.43,
,Chiltern,1427,,54.57,
,South Bucks,1181,,57.61,
,Wycombe,3268,,57.49,
,Eastbourne,3905,,55.05,
,Hastings,4111,,56.99,
,Lewes,3134,,53.32,
,Rother,3616,,52.35,
,Wealden,4022,,50.38,
,Basingstoke and Deane,3058,,55.2,
,East Hampshire,2303,,49.06,
,Eastleigh,2497,,51.75,
,Fareham,2254,,46.76,
,Gosport,2242,,48.46,
,Hart,1177,,55.48,
,Havant,4136,,49.83,
,New Forest,4732,,49.06,
,Rushmoor,2983,,102.13,
,Test Valley,2462,,49.06,
,Winchester,2413,,50.67,
,Ashford,3317,,60.84,
,Canterbury,4482,,52.3,
,Dartford,2065,,53.97,
,Dover,3921,,52.89,
,Gravesham,2848,,55.09,
,Maidstone,3795,,54.77,
,Sevenoaks,2378,,53.25,
,Shepway,4377,,58.35,
,Swale,4475,,53.12,
,Thanet,6713,,53.64,
,Tonbridge and Malling,2548,,51.99,
,Tunbridge Wells,2484,,52.04,
,Cherwell,2738,,52.65,
,Oxford,2832,,64.89,
,South Oxfordshire,2318,,50.28,
,Vale of White Horse,2073,,52.19,
,West Oxfordshire,2072,,51.46,
,Elmbridge,2202,,61.79,
,Epsom and Ewell,1170,,65.69,
,Guildford,2117,,55.07,
,Mole Valley,1555,,54.64,
,Reigate and Banstead,2391,,56.14,
,Runnymede,1639,,56.19,
,Spelthorne,1886,,58.62,
,Surrey Heath,1345,,61.3,
,Tandridge,1464,,56.28,
,Waverley,2244,,52.37,
,Woking,1714,,61.13,
,Adur,2137,,50.76,
,Arun,5782,,51.74,
,Chichester,3251,,49.77,
,Crawley,2551,,64.31,
,Horsham,2542,,51.75,
,Mid Sussex,2607,,51.79,
,Worthing,3413,,52.02,
,Bath and North East Somerset,4293,,51,
,Bournemouth,7001,,54.94,
,"Bristol, City of",12524,,60.43,
,Cornwall,22525,,48.77,
,Isles of Scilly,38,,52.73,
,North Somerset,6312,,50.96,
,Plymouth,8698,,51.83,
,Poole,4691,,50.38,
,South Gloucestershire,5696,,50.95,
,Swindon,5411,,61.31,
,Torbay,7101,,52.91,
,Wiltshire,11114,,50.38,
,East Devon,4321,,49.05,
,Exeter,3242,,52.3,
,Mid Devon,2365,,51.2,
,North Devon,3531,,49.98,
,South Hams,2693,,54.5,
,Teignbridge,4719,,50.58,
,Torridge,2630,,48.9,
,West Devon,1780,,49.97,
,Christchurch,1866,,49.19,
,East Dorset,2434,,48.05,
,North Dorset,1834,,50.41,
,Purbeck,1461,,47.54,
,West Dorset,3250,,50,
,Weymouth and Portland,2355,,49.66,
,Cheltenham,2713,,51.95,
,Cotswold,2153,,47.69,
,Forest of Dean,2805,,51.79,
,Gloucester,3431,,54.83,
,Stroud,2909,,50.44,
,Tewkesbury,2041,,52.76,
,Mendip,3216,,50.31,
,Sedgemoor,3900,,48.16,
,South Somerset,4860,,48.58,
,Taunton Deane,3406,,50.71,
,West Somerset,1580,,52.74,
,Total,1695243,,57.2,
May-16,County Durham,21736,,48.21,
,Darlington,3907,,51.22,
,Hartlepool,4695,,52.02,
,Middlesbrough,6233,,52.78,
,Northumberland,10636,,47.75,
,Redcar and Cleveland,5955,,48.6,
,Stockton-on-Tees,6720,,49.57,
,Gateshead,9084,,49.3,
,Newcastle upon Tyne,10905,,55.58,
,North Tyneside,8032,,48.01,
,South Tyneside,7763,,49.09,
,Sunderland,13649,,49.36,
,Blackburn with Darwen,5569,,66.44,
,Blackpool,7675,,55.1,
,Cheshire East,8793,,50.06,
,Cheshire West and Chester,9372,,51.96,
,Halton,4757,,53.99,
,Warrington,5500,,52.59,
,Allerdale,3249,,48.03,
,Barrow-in-Furness,2454,,55.05,
,Carlisle,3176,,51.26,
,Copeland,2182,,48.51,
,Eden,1258,,51.97,
,South Lakeland,2573,,49.98,
,Bolton,10501,,58.19,
,Bury,5816,,54.87,
,Manchester,19380,,69.16,
,Oldham,8024,,57.26,
,Rochdale,8344,,56.68,
,Salford,9370,,54.9,
,Stockport,8574,,56.18,
,Tameside,8308,,51.98,
,Trafford,6097,,59.14,
,Wigan,11545,,48.54,
,Burnley,3575,,55.42,
,Chorley,3150,,50.42,
,Fylde,2622,,52.59,
,Hyndburn,2990,,54.85,
,Lancaster,4719,,52.73,
,Pendle,3583,,60.76,
,Preston,4571,,61.32,
,Ribble Valley,1202,,50.39,
,Rossendale,2425,,49.62,
,South Ribble,2792,,49.66,
,West Lancashire,4084,,51.8,
,Wyre,4359,,52.4,
,Knowsley,8357,,55.89,
,Liverpool,24437,,59.62,
,Sefton,12264,,52.79,
,St. Helens,7089,,53.16,
,Wirral,13004,,54.72,
,East Riding of Yorkshire,11057,,45.89,
,"Kingston upon Hull, City of",11948,,51.52,
,North East Lincolnshire,6535,,50.11,
,North Lincolnshire,5776,,48.94,
,York,4375,,48.7,
,Craven,1566,,46.55,
,Hambleton,2178,,48.26,
,Harrogate,3521,,45.8,
,Richmondshire,1020,,50.04,
,Ryedale,1621,,49.38,
,Scarborough,4798,,51.5,
,Selby,1931,,49.44,
,Barnsley,8829,,49.8,
,Doncaster,11064,,50.71,
,Rotherham,9879,,49.27,
,Sheffield,20109,,52.44,
,Bradford,18728,,59.93,
,Calderdale,6551,,50.95,
,Kirklees,13057,,54.36,
,Leeds,22743,,52.55,
,Wakefield,11093,,48.92,
,Derby,8103,,58.75,
,Leicester,13795,,82.97,
,Nottingham,10605,,59.09,
,Rutland,755,,46.33,
,Amber Valley,3832,,47.99,
,Bolsover,2748,,46.86,
,Chesterfield,3909,,48.14,
,Derbyshire Dales,1745,,48.01,
,Erewash,3476,,45.58,
,High Peak,2466,,48.9,
,North East Derbyshire,3409,,47.56,
,South Derbyshire,2104,,47.89,
,Blaby,2157,,49.05,
,Charnwood,3935,,52.69,
,Harborough,1756,,47.14,
,Hinckley and Bosworth,2730,,45.92,
,Melton,1075,,46.37,
,North West Leicestershire,2378,,49.57,
,Oadby and Wigston,1552,,56.09,
,Boston,2547,,52.5,
,East Lindsey,7026,,50.94,
,Lincoln,3121,,52.37,
,North Kesteven,3123,,47.49,
,South Holland,3087,,47.73,
,South Kesteven,3589,,47.9,
,West Lindsey,2890,,48.89,
,Corby,1769,,52.63,
,Daventry,1578,,50.6,
,East Northamptonshire,2308,,45.22,
,Kettering,2602,,51.56,
,Northampton,5756,,57.92,
,South Northamptonshire,1598,,49.35,
,Wellingborough,2446,,56.34,
,Ashfield,4042,,48.53,
,Bassetlaw,3559,,47.4,
,Broxtowe,3139,,47.95,
,Gedling,3176,,48.36,
,Mansfield,3545,,50.29,
,Newark and Sherwood,3177,,49.08,
,Rushcliffe,2212,,48.44,
,"Herefordshire, County of",5765,,51.47,
,Shropshire,9926,,50.78,
,Stoke-on-Trent,9635,,50.28,
,Telford and Wrekin,5721,,53.1,
,Cannock Chase,3343,,48.94,
,East Staffordshire,2911,,52.13,
,Lichfield,2666,,48.35,
,Newcastle-under-Lyme,3828,,47.67,
,South Staffordshire,3368,,48.43,
,Stafford,3034,,48.57,
,Staffordshire Moorlands,2796,,48.13,
,Tamworth,2543,,48.55,
,North Warwickshire,1952,,46.31,
,Nuneaton and Bedworth,3981,,55.12,
,Rugby,2335,,52.89,
,Stratford-on-Avon,3110,,49.09,
,Warwick,3131,,51.17,
,Birmingham,42344,,65.45,
,Coventry,10837,,59.54,
,Dudley,12206,,49.72,
,Sandwell,14574,,58.72,
,Solihull,5782,,53.09,
,Walsall,11975,,56.41,
,Wolverhampton,11172,,57.02,
,Bromsgrove,2224,,46.65,
,Malvern Hills,2293,,51.16,
,Redditch,2516,,54,
,Worcester,2601,,53.58,
,Wychavon,3213,,52.84,
,Wyre Forest,3575,,49.21,
,Bedford,3969,,56.05,
,Central Bedfordshire,5239,,49.75,
,Luton,5841,,70.01,
,Peterborough,5636,,62.98,
,Southend-on-Sea,6203,,56.08,
,Thurrock,4115,,56.4,
,Cambridge,2072,,61.17,
,East Cambridgeshire,1980,,51.83,
,Fenland,3650,,52.65,
,Huntingdonshire,3386,,50.49,
,South Cambridgeshire,2433,,53.71,
,Basildon,5368,,54.22,
,Braintree,4064,,50.52,
,Brentwood,1567,,52.08,
,Castle Point,3029,,50.68,
,Chelmsford,3347,,52.61,
,Colchester,4165,,55.66,
,Epping Forest,3393,,57,
,Harlow,2472,,52.23,
,Maldon,1808,,51.19,
,Rochford,2188,,50.4,
,Tendring,7158,,52.38,
,Uttlesford,1592,,50.02,
,Broxbourne,2490,,58.7,
,Dacorum,2937,,54.28,
,East Hertfordshire,2503,,53.93,
,Hertsmere,2444,,62.08,
,North Hertfordshire,2853,,51.41,
,St Albans,2138,,57.18,
,Stevenage,2159,,56.06,
,Three Rivers,1761,,61.01,
,Watford,1947,,64.57,
,Welwyn Hatfield,2278,,57.61,
,Breckland,4398,,48.81,
,Broadland,3278,,47.04,
,Great Yarmouth,4666,,49.16,
,King's Lynn and West Norfolk,5597,,49.76,
,North Norfolk,4198,,47.5,
,Norwich,4954,,53.52,
,South Norfolk,3506,,50.04,
,Babergh,2492,,47.27,
,Forest Heath,1631,,51.67,
,Ipswich,3947,,55.34,
,Mid Suffolk,2456,,49.84,
,St Edmundsbury,2635,,49.39,
,Suffolk Coastal,3360,,52.63,
,Waveney,4886,,50,
,Camden,7399,,87.4,
,City of London,121,,84.54,
,Hackney,8999,,89.55,
,Hammersmith and Fulham,5446,,83.71,
,Haringey,8642,,88.58,
,Islington,7715,,82.93,
,Kensington and Chelsea,5152,,88.69,
,Lambeth,9250,,82.06,
,Lewisham,7745,,75.38,
,Newham,10162,,92.57,
,Southwark,9122,,80.75,
,Tower Hamlets,8847,,90.31,
,Wandsworth,7266,,79.36,
,Westminster,7104,,94.74,
,Barking and Dagenham,6073,,71.09,
,Barnet,9652,,87.86,
,Bexley,5228,,61.05,
,Brent,10739,,95.82,
,Bromley,6667,,64.17,
,Croydon,9089,,76.93,
,Ealing,10347,,98.74,
,Enfield,9757,,80.8,
,Greenwich,7637,,81.31,
,Harrow,6993,,104.01,
,Havering,6392,,58.03,
,Hillingdon,6461,,84.17,
,Hounslow,6781,,92.38,
,Kingston upon Thames,3074,,82.61,
,Merton,4376,,79.26,
,Redbridge,7896,,85.09,
,Richmond upon Thames,3221,,72.64,
,Sutton,4117,,68.69,
,Waltham Forest,7382,,77.86,
,Bracknell Forest,1990,,61.77,
,Brighton and Hove,8372,,62.58,
,Isle of Wight,5830,,49.55,
,Medway,6955,,54.78,
,Milton Keynes,5518,,61.83,
,Portsmouth,6120,,56.65,
,Reading,3853,,73.8,
,Slough,3566,,80.65,
,Southampton,6875,,58.76,
,West Berkshire,2704,,51.72,
,Windsor and Maidenhead,2600,,59.1,
,Wokingham,1932,,54.02,
,Aylesbury Vale,3164,,56.08,
,Chiltern,1378,,56.45,
,South Bucks,1146,,58.97,
,Wycombe,3147,,58.98,
,Eastbourne,3804,,56.17,
,Hastings,3995,,57.8,
,Lewes,3034,,54.5,
,Rother,3530,,53.18,
,Wealden,3880,,51.4,
,Basingstoke and Deane,2943,,57.2,
,East Hampshire,2238,,50.54,
,Eastleigh,2416,,52.62,
,Fareham,2164,,47.63,
,Gosport,2168,,49.91,
,Hart,1133,,56.93,
,Havant,4015,,50.61,
,New Forest,4591,,50.23,
,Rushmoor,2926,,106.32,
,Test Valley,2391,,50.31,
,Winchester,2331,,51.72,
,Ashford,3213,,62.6,
,Canterbury,4324,,53.69,
,Dartford,1992,,54.95,
,Dover,3791,,54.02,
,Gravesham,2759,,56.49,
,Maidstone,3649,,56.79,
,Sevenoaks,2298,,54.59,
,Shepway,4244,,59.57,
,Swale,4342,,54.1,
,Thanet,6491,,54.9,
,Tonbridge and Malling,2451,,53.07,
,Tunbridge Wells,2368,,53.25,
,Cherwell,2648,,53.47,
,Oxford,2751,,66.16,
,South Oxfordshire,2230,,51.53,
,Vale of White Horse,1989,,53.42,
,West Oxfordshire,1997,,52.26,
,Elmbridge,2168,,63.01,
,Epsom and Ewell,1140,,66.78,
,Guildford,2045,,55.8,
,Mole Valley,1516,,55.27,
,Reigate and Banstead,2318,,57.93,
,Runnymede,1578,,57.23,
,Spelthorne,1841,,60.42,
,Surrey Heath,1282,,62.69,
,Tandridge,1430,,57.77,
,Waverley,2169,,53.3,
,Woking,1673,,63.12,
,Adur,2081,,51.66,
,Arun,5625,,52.87,
,Chichester,3140,,51.15,
,Crawley,2467,,66.48,
,Horsham,2453,,52.65,
,Mid Sussex,2545,,53.26,
,Worthing,3330,,53.2,
,Bath and North East Somerset,4132,,52.01,
,Bournemouth,6798,,55.53,
,"Bristol, City of",12155,,61.33,
,Cornwall,21837,,49.22,
,Isles of Scilly,34,,54.46,
,North Somerset,6088,,51.86,
,Plymouth,8395,,52.85,
,Poole,4517,,51.48,
,South Gloucestershire,5447,,52.2,
,Swindon,5245,,62.81,
,Torbay,6883,,53.66,
,Wiltshire,10743,,51.31,
,East Devon,4173,,49.75,
,Exeter,3157,,52.19,
,Mid Devon,2284,,52.32,
,North Devon,3415,,50.4,
,South Hams,2633,,55.37,
,Teignbridge,4565,,50.73,
,Torridge,2555,,48.78,
,West Devon,1734,,50.79,
,Christchurch,1810,,49.9,
,East Dorset,2351,,48.72,
,North Dorset,1789,,51.1,
,Purbeck,1439,,48.49,
,West Dorset,3170,,50.54,
,Weymouth and Portland,2278,,49.83,
,Cheltenham,2628,,53.27,
,Cotswold,2100,,48.28,
,Forest of Dean,2718,,52.33,
,Gloucester,3281,,55.8,
,Stroud,2817,,51.57,
,Tewkesbury,1976,,53.97,
,Mendip,3111,,50.89,
,Sedgemoor,3765,,49.22,
,South Somerset,4687,,49.37,
,Taunton Deane,3314,,51.07,
,West Somerset,1539,,53.48,
,Total,1643269,,58.46,
Aug-16,County Durham,21319,,48.36,
,Darlington,3856,,51.08,
,Hartlepool,4608,,51.93,
,Middlesbrough,6089,,52.74,
,Northumberland,10457,,47.61,
,Redcar and Cleveland,5886,,48.66,
,Stockton-on-Tees,6619,,49.66,
,Gateshead,8914,,48.92,
,Newcastle upon Tyne,10730,,55.7,
,North Tyneside,7899,,47.64,
,South Tyneside,7632,,49.07,
,Sunderland,13445,,49.11,
,Blackburn with Darwen,5502,,66.07,
,Blackpool,7520,,54.93,
,Cheshire East,8712,,50.37,
,Cheshire West and Chester,9296,,51.87,
,Halton,4667,,53.87,
,Warrington,5409,,52.26,
,Allerdale,3202,,47.34,
,Barrow-in-Furness,2411,,54.44,
,Carlisle,3136,,51.52,
,Copeland,2141,,48.13,
,Eden,1248,,51.45,
,South Lakeland,2542,,49.83,
,Bolton,10361,,57.94,
,Bury,5708,,54.76,
,Manchester,19092,,68.97,
,Oldham,7886,,57.12,
,Rochdale,8187,,56.43,
,Salford,9196,,54.65,
,Stockport,8440,,56.12,
,Tameside,8158,,51.66,
,Trafford,5997,,59.05,
,Wigan,11338,,48.22,
,Burnley,3513,,55.33,
,Chorley,3113,,50.17,
,Fylde,2594,,52.75,
,Hyndburn,2938,,54.2,
,Lancaster,4631,,52.53,
,Pendle,3533,,60.25,
,Preston,4477,,61.17,
,Ribble Valley,1173,,49.99,
,Rossendale,2393,,50.28,
,South Ribble,2728,,49.53,
,West Lancashire,4019,,51.26,
,Wyre,4293,,52.61,
,Knowsley,8212,,55.76,
,Liverpool,24057,,59.56,
,Sefton,12094,,52.61,
,St. Helens,6990,,52.94,
,Wirral,12834,,54.37,
,East Riding of Yorkshire,10880,,46.05,
,"Kingston upon Hull, City of",11741,,51.31,
,North East Lincolnshire,6400,,49.77,
,North Lincolnshire,5709,,48.97,
,York,4316,,48.59,
,Craven,1544,,47.21,
,Hambleton,2149,,48.94,
,Harrogate,3486,,45.89,
,Richmondshire,1019,,50.59,
,Ryedale,1596,,49.1,
,Scarborough,4729,,51.49,
,Selby,1892,,49.95,
,Barnsley,8651,,49.65,
,Doncaster,10883,,50.44,
,Rotherham,9713,,49.09,
,Sheffield,19688,,52.29,
,Bradford,18429,,59.85,
,Calderdale,6437,,50.98,
,Kirklees,12847,,54.07,
,Leeds,22381,,52.39,
,Wakefield,10891,,48.91,
,Derby,7968,,58.64,
,Leicester,13618,,82.96,
,Nottingham,10397,,59.16,
,Rutland,741,,46.35,
,Amber Valley,3796,,48.5,
,Bolsover,2716,,47.33,
,Chesterfield,3863,,47.88,
,Derbyshire Dales,1723,,48.24,
,Erewash,3428,,45.39,
,High Peak,2398,,48.99,
,North East Derbyshire,3379,,47.31,
,South Derbyshire,2091,,47.35,
,Blaby,2150,,48.98,
,Charnwood,3877,,52.02,
,Harborough,1736,,47.49,
,Hinckley and Bosworth,2686,,45.48,
,Melton,1054,,46.79,
,North West Leicestershire,2335,,49.07,
,Oadby and Wigston,1522,,56.06,
,Boston,2470,,52.39,
,East Lindsey,6941,,50.66,
,Lincoln,3079,,53.1,
,North Kesteven,3101,,47.51,
,South Holland,3035,,47.9,
,South Kesteven,3521,,48.05,
,West Lindsey,2822,,48.93,
,Corby,1764,,52.97,
,Daventry,1552,,50.5,
,East Northamptonshire,2271,,45.67,
,Kettering,2562,,51.59,
,Northampton,5682,,58.14,
,South Northamptonshire,1594,,49.91,
,Wellingborough,2412,,56.49,
,Ashfield,3976,,48.4,
,Bassetlaw,3516,,47.28,
,Broxtowe,3119,,47.95,
,Gedling,3139,,47.67,
,Mansfield,3464,,50.39,
,Newark and Sherwood,3134,,49.23,
,Rushcliffe,2194,,48.45,
,"Herefordshire, County of",5683,,51.87,
,Shropshire,9770,,50.53,
,Stoke-on-Trent,9473,,50.4,
,Telford and Wrekin,5634,,53.41,
,Cannock Chase,3299,,48.87,
,East Staffordshire,2852,,51.84,
,Lichfield,2639,,48.39,
,Newcastle-under-Lyme,3750,,47.48,
,South Staffordshire,3311,,48.02,
,Stafford,2974,,48.47,
,Staffordshire Moorlands,2751,,47.62,
,Tamworth,2508,,48.09,
,North Warwickshire,1925,,45.67,
,Nuneaton and Bedworth,3917,,54.92,
,Rugby,2297,,52.45,
,Stratford-on-Avon,3062,,49.27,
,Warwick,3089,,50.92,
,Birmingham,41756,,65.49,
,Coventry,10658,,59.73,
,Dudley,12029,,49.58,
,Sandwell,14335,,58.6,
,Solihull,5691,,53,
,Walsall,11783,,56.27,
,Wolverhampton,10975,,56.64,
,Bromsgrove,2204,,46.51,
,Malvern Hills,2271,,50.91,
,Redditch,2479,,53.58,
,Worcester,2567,,53.34,
,Wychavon,3189,,52.67,
,Wyre Forest,3507,,48.98,
,Bedford,3926,,55.83,
,Central Bedfordshire,5188,,50.08,
,Luton,5775,,70.2,
,Peterborough,5535,,63.04,
,Southend-on-Sea,6075,,55.89,
,Thurrock,4052,,56.27,
,Cambridge,2057,,61.42,
,East Cambridgeshire,1937,,52.03,
,Fenland,3584,,52.37,
,Huntingdonshire,3323,,50.9,
,South Cambridgeshire,2421,,54.17,
,Basildon,5274,,53.74,
,Braintree,4024,,50.28,
,Brentwood,1528,,52.31,
,Castle Point,2963,,50.46,
,Chelmsford,3303,,52.33,
,Colchester,4114,,55.66,
,Epping Forest,3312,,56.76,
,Harlow,2422,,52.2,
,Maldon,1782,,50.95,
,Rochford,2155,,50.75,
,Tendring,7070,,52.11,
,Uttlesford,1585,,50.44,
,Broxbourne,2474,,58.41,
,Dacorum,2930,,54.08,
,East Hertfordshire,2485,,54.32,
,Hertsmere,2407,,62.08,
,North Hertfordshire,2797,,51.28,
,St Albans,2119,,57.33,
,Stevenage,2130,,55.29,
,Three Rivers,1733,,60.77,
,Watford,1908,,64.52,
,Welwyn Hatfield,2231,,57.23,
,Breckland,4318,,48.84,
,Broadland,3249,,47.14,
,Great Yarmouth,4592,,48.98,
,King's Lynn and West Norfolk,5520,,49.6,
,North Norfolk,4142,,47.34,
,Norwich,4878,,52.95,
,South Norfolk,3450,,50.03,
,Babergh,2469,,47.08,
,Forest Heath,1615,,51.55,
,Ipswich,3898,,54.93,
,Mid Suffolk,2408,,49.77,
,St Edmundsbury,2605,,49.03,
,Suffolk Coastal,3316,,52.55,
,Waveney,4789,,49.46,
,Camden,7326,,87.13,
,City of London,122,,85.81,
,Hackney,8876,,89.82,
,Hammersmith and Fulham,5397,,83.73,
,Haringey,8501,,88.85,
,Islington,7589,,82.38,
,Kensington and Chelsea,5090,,88.38,
,Lambeth,9124,,82.18,
,Lewisham,7662,,75.13,
,Newham,10017,,92.48,
,Southwark,9021,,81.09,
,Tower Hamlets,8717,,90.09,
,Wandsworth,7185,,79.1,
,Westminster,6993,,94.7,
,Barking and Dagenham,6006,,71.04,
,Barnet,9523,,88.26,
,Bexley,5133,,61.01,
,Brent,10606,,95.61,
,Bromley,6571,,64.01,
,Croydon,8985,,77.12,
,Ealing,10230,,98.88,
,Enfield,9641,,80.8,
,Greenwich,7591,,81.34,
,Harrow,6895,,104.29,
,Havering,6305,,57.99,
,Hillingdon,6394,,84.17,
,Hounslow,6718,,92.52,
,Kingston upon Thames,3051,,83.02,
,Merton,4344,,79.75,
,Redbridge,7737,,85.31,
,Richmond upon Thames,3191,,72.84,
,Sutton,4046,,69.56,
,Waltham Forest,7303,,78.1,
,Bracknell Forest,1983,,62.04,
,Brighton and Hove,8226,,62.76,
,Isle of Wight,5725,,49.72,
,Medway,6881,,54.46,
,Milton Keynes,5436,,61.6,
,Portsmouth,6031,,56.3,
,Reading,3791,,74.18,
,Slough,3514,,80.88,
,Southampton,6733,,58.71,
,West Berkshire,2657,,52.04,
,Windsor and Maidenhead,2548,,58.95,
,Wokingham,1904,,54.3,
,Aylesbury Vale,3142,,56.71,
,Chiltern,1367,,56.62,
,South Bucks,1133,,59.51,
,Wycombe,3109,,59.31,
,Eastbourne,3741,,56.28,
,Hastings,3947,,57.3,
,Lewes,2982,,54.54,
,Rother,3463,,53.2,
,Wealden,3822,,51.91,
,Basingstoke and Deane,2886,,57.72,
,East Hampshire,2218,,50.76,
,Eastleigh,2397,,52.56,
,Fareham,2139,,48.08,
,Gosport,2155,,49.93,
,Hart,1126,,56.43,
,Havant,3966,,50.74,
,New Forest,4527,,50.27,
,Rushmoor,2876,,106.15,
,Test Valley,2365,,50.18,
,Winchester,2280,,52.29,
,Ashford,3175,,62.9,
,Canterbury,4256,,53.57,
,Dartford,1943,,54.99,
,Dover,3783,,53.83,
,Gravesham,2720,,55.91,
,Maidstone,3615,,57.3,
,Sevenoaks,2279,,55.01,
,Shepway,4185,,59.81,
,Swale,4278,,53.94,
,Thanet,6375,,54.69,
,Tonbridge and Malling,2416,,53.37,
,Tunbridge Wells,2340,,52.91,
,Cherwell,2622,,53.41,
,Oxford,2704,,66.19,
,South Oxfordshire,2201,,51.6,
,Vale of White Horse,1983,,53.59,
,West Oxfordshire,1968,,52.03,
,Elmbridge,2156,,63.32,
,Epsom and Ewell,1135,,67.1,
,Guildford,2039,,55.75,
,Mole Valley,1483,,55.18,
,Reigate and Banstead,2270,,58.38,
,Runnymede,1555,,57.67,
,Spelthorne,1817,,60.54,
,Surrey Heath,1277,,62.27,
,Tandridge,1413,,57.28,
,Waverley,2144,,54.33,
,Woking,1643,,63.01,
,Adur,2060,,51.42,
,Arun,5539,,53.1,
,Chichester,3109,,51.24,
,Crawley,2445,,66.57,
,Horsham,2439,,52.65,
,Mid Sussex,2509,,52.59,
,Worthing,3282,,52.39,
,Bath and North East Somerset,4051,,51.88,
,Bournemouth,6719,,55.82,
,"Bristol, City of",11938,,61.3,
,Cornwall,21537,,49.16,
,Isles of Scilly,33,,52.6,
,North Somerset,5968,,51.97,
,Plymouth,8263,,52.91,
,Poole,4435,,51.43,
,South Gloucestershire,5387,,52.06,
,Swindon,5186,,63.08,
,Torbay,6750,,53.73,
,Wiltshire,10554,,51.48,
,East Devon,4144,,49.38,
,Exeter,3094,,51.47,
,Mid Devon,2256,,52.59,
,North Devon,3364,,49.75,
,South Hams,2610,,54.84,
,Teignbridge,4501,,50.65,
,Torridge,2538,,48.75,
,West Devon,1713,,50.85,
,Christchurch,1787,,49.07,
,East Dorset,2314,,49.11,
,North Dorset,1774,,50.78,
,Purbeck,1408,,48.52,
,West Dorset,3148,,51.15,
,Weymouth and Portland,2231,,49.81,
,Cheltenham,2562,,52.62,
,Cotswold,2082,,48.05,
,Forest of Dean,2689,,53,
,Gloucester,3234,,56.09,
,Stroud,2779,,51.79,
,Tewkesbury,1951,,53.94,
,Mendip,3072,,50.77,
,Sedgemoor,3750,,48.85,
,South Somerset,4601,,49.1,
,Taunton Deane,3260,,50.78,
,West Somerset,1521,,53.52,
,Total,1618935,,58.41,
Nov-16,County Durham,20973,,48.3,
,Darlington,3810,,50.55,
,Hartlepool,4547,,51.24,
,Middlesbrough,6000,,52.66,
,Northumberland,10351,,47.49,
,Redcar and Cleveland,5816,,48.27,
,Stockton-on-Tees,6488,,49.34,
,Gateshead,8748,,48.68,
,Newcastle upon Tyne,10580,,55.83,
,North Tyneside,7767,,47.47,
,South Tyneside,7518,,49.26,
,Sunderland,13219,,49.05,
,Blackburn with Darwen,5412,,65.69,
,Blackpool,7454,,54.82,
,Cheshire East,8545,,50.06,
,Cheshire West and Chester,9139,,51.68,
,Halton,4601,,53.89,
,Warrington,5334,,51.83,
,Allerdale,3131,,46.76,
,Barrow-in-Furness,2339,,54.09,
,Carlisle,3092,,51.37,
,Copeland,2098,,48.05,
,Eden,1227,,51.58,
,South Lakeland,2520,,49.38,
,Bolton,10216,,57.63,
,Bury,5614,,54.91,
,Manchester,18832,,68.9,
,Oldham,7763,,57.06,
,Rochdale,8054,,56.34,
,Salford,9064,,54.28,
,Stockport,8281,,55.71,
,Tameside,8043,,51.32,
,Trafford,5916,,58.82,
,Wigan,11144,,47.96,
,Burnley,3448,,54.64,
,Chorley,3046,,50.25,
,Fylde,2567,,52.6,
,Hyndburn,2919,,53.91,
,Lancaster,4548,,52.21,
,Pendle,3473,,59.44,
,Preston,4411,,60.68,
,Ribble Valley,1151,,50.17,
,Rossendale,2358,,49.46,
,South Ribble,2691,,49.49,
,West Lancashire,3989,,51.19,
,Wyre,4242,,52.42,
,Knowsley,8084,,55.47,
,Liverpool,23677,,59.18,
,Sefton,11878,,52.34,
,St. Helens,6861,,52.34,
,Wirral,12640,,54.01,
,East Riding of Yorkshire,10706,,45.77,
,"Kingston upon Hull, City of",11537,,51.01,
,North East Lincolnshire,6288,,49.62,
,North Lincolnshire,5649,,48.87,
,York,4237,,48.26,
,Craven,1500,,46.31,
,Hambleton,2151,,48.98,
,Harrogate,3443,,45.67,
,Richmondshire,1006,,51.28,
,Ryedale,1585,,49.29,
,Scarborough,4691,,51.79,
,Selby,1858,,49.29,
,Barnsley,8487,,49.54,
,Doncaster,10709,,50.27,
,Rotherham,9575,,48.61,
,Sheffield,19336,,52.24,
,Bradford,18168,,59.47,
,Calderdale,6352,,50.39,
,Kirklees,12662,,53.46,
,Leeds,22101,,51.98,
,Wakefield,10697,,48.49,
,Derby,7830,,58.36,
,Leicester,13463,,82.86,
,Nottingham,10222,,58.69,
,Rutland,731,,46.05,
,Amber Valley,3722,,48.06,
,Bolsover,2676,,47.85,
,Chesterfield,3803,,47.42,
,Derbyshire Dales,1697,,47.67,
,Erewash,3377,,44.47,
,High Peak,2367,,48.74,
,North East Derbyshire,3322,,46.98,
,South Derbyshire,2050,,47.05,
,Blaby,2104,,48.19,
,Charnwood,3794,,51.47,
,Harborough,1710,,48.1,
,Hinckley and Bosworth,2653,,45.55,
,Melton,1056,,45.78,
,North West Leicestershire,2290,,48.75,
,Oadby and Wigston,1505,,55.45,
,Boston,2444,,52.19,
,East Lindsey,6851,,50.31,
,Lincoln,3012,,52.78,
,North Kesteven,3043,,47.03,
,South Holland,2995,,47.34,
,South Kesteven,3474,,47.98,
,West Lindsey,2791,,48.8,
,Corby,1741,,52.82,
,Daventry,1534,,49.84,
,East Northamptonshire,2231,,45.34,
,Kettering,2538,,50.9,
,Northampton,5557,,58.03,
,South Northamptonshire,1566,,49.88,
,Wellingborough,2346,,56.55,
,Ashfield,3920,,47.74,
,Bassetlaw,3474,,47.31,
,Broxtowe,3066,,47.81,
,Gedling,3066,,48.2,
,Mansfield,3407,,49.63,
,Newark and Sherwood,3115,,49.58,
,Rushcliffe,2156,,48.36,
,"Herefordshire, County of",5589,,51.71,
,Shropshire,9568,,50.65,
,Stoke-on-Trent,9333,,50.2,
,Telford and Wrekin,5581,,53.22,
,Cannock Chase,3261,,48.65,
,East Staffordshire,2831,,51.83,
,Lichfield,2617,,48.21,
,Newcastle-under-Lyme,3715,,47.29,
,South Staffordshire,3273,,47.79,
,Stafford,2936,,48.48,
,Staffordshire Moorlands,2702,,46.95,
,Tamworth,2466,,47.45,
,North Warwickshire,1899,,45.74,
,Nuneaton and Bedworth,3883,,54.54,
,Rugby,2276,,52.09,
,Stratford-on-Avon,3002,,48.7,
,Warwick,3011,,50.83,
,Birmingham,41138,,65.48,
,Coventry,10454,,59.84,
,Dudley,11838,,49.43,
,Sandwell,14093,,58.43,
,Solihull,5603,,52.78,
,Walsall,11611,,55.77,
,Wolverhampton,10817,,56.11,
,Bromsgrove,2189,,46.04,
,Malvern Hills,2239,,50.68,
,Redditch,2450,,53.86,
,Worcester,2536,,53.28,
,Wychavon,3123,,51.99,
,Wyre Forest,3443,,48.46,
,Bedford,3865,,55.81,
,Central Bedfordshire,5113,,50.11,
,Luton,5714,,69.78,
,Peterborough,5487,,63,
,Southend-on-Sea,5963,,55.5,
,Thurrock,3998,,56.41,
,Cambridge,2022,,61.31,
,East Cambridgeshire,1889,,51.93,
,Fenland,3533,,52.06,
,Huntingdonshire,3277,,50.69,
,South Cambridgeshire,2392,,54.68,
,Basildon,5213,,53.65,
,Braintree,3952,,50.28,
,Brentwood,1497,,52.77,
,Castle Point,2916,,50.38,
,Chelmsford,3232,,52.46,
,Colchester,4071,,55.65,
,Epping Forest,3249,,56.27,
,Harlow,2370,,51.89,
,Maldon,1752,,50.05,
,Rochford,2118,,50.47,
,Tendring,6999,,52.18,
,Uttlesford,1574,,50.33,
,Broxbourne,2446,,58.53,
,Dacorum,2868,,54.17,
,East Hertfordshire,2450,,54.18,
,Hertsmere,2368,,62.61,
,North Hertfordshire,2751,,51.2,
,St Albans,2081,,57.32,
,Stevenage,2098,,54.9,
,Three Rivers,1711,,60.9,
,Watford,1891,,64.44,
,Welwyn Hatfield,2190,,56.97,
,Breckland,4266,,48.44,
,Broadland,3199,,47.12,
,Great Yarmouth,4527,,48.61,
,King's Lynn and West Norfolk,5439,,49.57,
,North Norfolk,4077,,46.98,
,Norwich,4779,,52.56,
,South Norfolk,3400,,49.84,
,Babergh,2435,,47.04,
,Forest Heath,1590,,51.73,
,Ipswich,3831,,54.63,
,Mid Suffolk,2369,,50,
,St Edmundsbury,2581,,48.82,
,Suffolk Coastal,3258,,52.1,
,Waveney,4723,,49.36,
,Camden,7230,,87.13,
,City of London,121,,85.52,
,Hackney,8782,,89.66,
,Hammersmith and Fulham,5313,,83.66,
,Haringey,8426,,88.88,
,Islington,7494,,82.44,
,Kensington and Chelsea,5038,,88.18,
,Lambeth,9007,,82.09,
,Lewisham,7579,,75.48,
,Newham,9901,,92.23,
,Southwark,8903,,81.15,
,Tower Hamlets,8660,,89.84,
,Wandsworth,7117,,78.73,
,Westminster,6900,,94.25,
,Barking and Dagenham,5913,,71.34,
,Barnet,9397,,88.21,
,Bexley,5038,,61.07,
,Brent,10532,,95.64,
,Bromley,6477,,64.18,
,Croydon,8877,,76.95,
,Ealing,10147,,99.07,
,Enfield,9533,,80.92,
,Greenwich,7508,,81.28,
,Harrow,6854,,104.48,
,Havering,6200,,57.85,
,Hillingdon,6316,,84.27,
,Hounslow,6675,,93.02,
,Kingston upon Thames,2995,,83.77,
,Merton,4278,,79.69,
,Redbridge,7644,,85.16,
,Richmond upon Thames,3173,,72.72,
,Sutton,3975,,69.35,
,Waltham Forest,7202,,77.59,
,Bracknell Forest,1950,,61.35,
,Brighton and Hove,8131,,62.35,
,Isle of Wight,5652,,50.33,
,Medway,6759,,54.43,
,Milton Keynes,5364,,61.95,
,Portsmouth,5941,,55.97,
,Reading,3754,,74.22,
,Slough,3460,,80.72,
,Southampton,6612,,58.64,
,West Berkshire,2627,,52.06,
,Windsor and Maidenhead,2501,,58.86,
,Wokingham,1878,,54.76,
,Aylesbury Vale,3102,,57.51,
,Chiltern,1327,,56.77,
,South Bucks,1123,,60.22,
,Wycombe,3067,,59.07,
,Eastbourne,3704,,56.21,
,Hastings,3895,,56.95,
,Lewes,2947,,53.9,
,Rother,3413,,53.12,
,Wealden,3764,,51.75,
,Basingstoke and Deane,2842,,57.63,
,East Hampshire,2206,,50.22,
,Eastleigh,2341,,52.4,
,Fareham,2115,,47.5,
,Gosport,2121,,50.05,
,Hart,1122,,57.16,
,Havant,3901,,50.13,
,New Forest,4447,,50.29,
,Rushmoor,2877,,106.6,
,Test Valley,2321,,50.01,
,Winchester,2246,,52.13,
,Ashford,3131,,63.24,
,Canterbury,4212,,53.53,
,Dartford,1912,,55.24,
,Dover,3711,,53.44,
,Gravesham,2661,,55.44,
,Maidstone,3603,,57.23,
,Sevenoaks,2255,,54.1,
,Shepway,4146,,59.84,
,Swale,4237,,53.57,
,Thanet,6274,,54.44,
,Tonbridge and Malling,2368,,53.21,
,Tunbridge Wells,2297,,52.31,
,Cherwell,2589,,53.55,
,Oxford,2671,,65.67,
,South Oxfordshire,2154,,51.38,
,Vale of White Horse,1979,,54.17,
,West Oxfordshire,1946,,51.8,
,Elmbridge,2122,,63.72,
,Epsom and Ewell,1113,,66.83,
,Guildford,2016,,55.92,
,Mole Valley,1455,,55.67,
,Reigate and Banstead,2263,,58.64,
,Runnymede,1525,,57.75,
,Spelthorne,1792,,60.07,
,Surrey Heath,1272,,62.22,
,Tandridge,1391,,57.69,
,Waverley,2106,,54.27,
,Woking,1617,,61.98,
,Adur,2035,,51.76,
,Arun,5460,,52.52,
,Chichester,3069,,51.15,
,Crawley,2398,,65.93,
,Horsham,2397,,52.05,
,Mid Sussex,2476,,52.69,
,Worthing,3223,,52.58,
,Bath and North East Somerset,3964,,51.92,
,Bournemouth,6624,,55.86,
,"Bristol, City of",11753,,61.19,
,Cornwall,21260,,49,
,Isles of Scilly,38,,51.26,
,North Somerset,5890,,51.49,
,Plymouth,8189,,52.89,
,Poole,4365,,51.49,
,South Gloucestershire,5289,,51.85,
,Swindon,5112,,63.54,
,Torbay,6666,,53.51,
,Wiltshire,10367,,51.13,
,East Devon,4114,,48.67,
,Exeter,3038,,51.15,
,Mid Devon,2240,,52.41,
,North Devon,3313,,49.8,
,South Hams,2588,,54.59,
,Teignbridge,4443,,50.84,
,Torridge,2520,,48.25,
,West Devon,1695,,51.25,
,Christchurch,1758,,48.88,
,East Dorset,2292,,49.18,
,North Dorset,1752,,50.48,
,Purbeck,1379,,48.7,
,West Dorset,3093,,51.06,
,Weymouth and Portland,2188,,50.05,
,Cheltenham,2523,,52.56,
,Cotswold,2053,,48.43,
,Forest of Dean,2630,,53.06,
,Gloucester,3200,,55.95,
,Stroud,2725,,52.23,
,Tewkesbury,1902,,54.06,
,Mendip,3026,,51.01,
,Sedgemoor,3679,,48.8,
,South Somerset,4529,,48.99,
,Taunton Deane,3227,,50.74,
,West Somerset,1496,,53.37,
,Total,1595558,,58.26,
Feb-17,County Durham,20535,,47.93,
,Darlington,3728,,50.47,
,Hartlepool,4442,,51.67,
,Middlesbrough,5873,,52.6,
,Northumberland,10123,,47.3,
,Redcar and Cleveland,5728,,48.45,
,Stockton-on-Tees,6342,,49.39,
,Gateshead,8542,,48.7,
,Newcastle upon Tyne,10365,,55.88,
,North Tyneside,7592,,47.23,
,South Tyneside,7314,,49.01,
,Sunderland,12955,,48.81,
,Blackburn with Darwen,5306,,65.65,
,Blackpool,7280,,54.25,
,Cheshire East,8372,,50.19,
,Cheshire West and Chester,8932,,51.23,
,Halton,4541,,53.45,
,Warrington,5211,,51.35,
,Allerdale,3070,,46.58,
,Barrow-in-Furness,2293,,53.64,
,Carlisle,3033,,51.21,
,Copeland,2043,,48.08,
,Eden,1205,,50.98,
,South Lakeland,2459,,49.37,
,Bolton,10004,,57.62,
,Bury,5467,,54.53,
,Manchester,18470,,68.77,
,Oldham,7608,,56.71,
,Rochdale,7906,,56.06,
,Salford,8834,,54.29,
,Stockport,8115,,55.51,
,Tameside,7828,,50.88,
,Trafford,5772,,58.83,
,Wigan,10925,,47.86,
,Burnley,3381,,53.98,
,Chorley,2987,,49.77,
,Fylde,2473,,52.28,
,Hyndburn,2837,,54.01,
,Lancaster,4442,,51.77,
,Pendle,3373,,59.17,
,Preston,4319,,60.63,
,Ribble Valley,1119,,49.04,
,Rossendale,2305,,49.33,
,South Ribble,2635,,49.32,
,West Lancashire,3899,,50.85,
,Wyre,4165,,52.27,
,Knowsley,7915,,55.09,
,Liverpool,23247,,59.06,
,Sefton,11638,,52.2,
,St. Helens,6726,,52.26,
,Wirral,12381,,53.82,
,East Riding of Yorkshire,10457,,45.32,
,"Kingston upon Hull, City of",11241,,50.85,
,North East Lincolnshire,6176,,49.51,
,North Lincolnshire,5500,,48.62,
,York,4129,,48.04,
,Craven,1469,,46.44,
,Hambleton,2100,,49.03,
,Harrogate,3373,,46.08,
,Richmondshire,1008,,52.3,
,Ryedale,1549,,48.45,
,Scarborough,4579,,51.14,
,Selby,1819,,49.37,
,Barnsley,8323,,49.38,
,Doncaster,10510,,50.21,
,Rotherham,9329,,48.07,
,Sheffield,18924,,51.92,
,Bradford,17820,,58.98,
,Calderdale,6206,,50.15,
,Kirklees,12418,,53.02,
,Leeds,21571,,51.95,
,Wakefield,10451,,48.29,
,Derby,7670,,57.85,
,Leicester,13216,,82.99,
,Nottingham,9986,,58.58,
,Rutland,718,,45.44,
,Amber Valley,3632,,47.55,
,Bolsover,2629,,48.04,
,Chesterfield,3723,,47.45,
,Derbyshire Dales,1677,,47.25,
,Erewash,3293,,43.97,
,High Peak,2315,,48.59,
,North East Derbyshire,3252,,47.25,
,South Derbyshire,2008,,46.53,
,Blaby,2074,,47.85,
,Charnwood,3700,,51.19,
,Harborough,1669,,47.64,
,Hinckley and Bosworth,2602,,45.53,
,Melton,1035,,45.61,
,North West Leicestershire,2233,,48.36,
,Oadby and Wigston,1471,,55.73,
,Boston,2393,,52.01,
,East Lindsey,6735,,50.13,
,Lincoln,2942,,51.91,
,North Kesteven,2989,,47.14,
,South Holland,2954,,47.49,
,South Kesteven,3402,,48.21,
,West Lindsey,2733,,48.89,
,Corby,1697,,52.92,
,Daventry,1502,,49.13,
,East Northamptonshire,2180,,45.51,
,Kettering,2476,,50.89,
,Northampton,5471,,58.26,
,South Northamptonshire,1519,,49.73,
,Wellingborough,2298,,56.18,
,Ashfield,3832,,47.27,
,Bassetlaw,3409,,47.3,
,Broxtowe,2994,,47.82,
,Gedling,3006,,48.03,
,Mansfield,3314,,49.66,
,Newark and Sherwood,3046,,49.64,
,Rushcliffe,2100,,47.67,
,"Herefordshire, County of",5462,,51.58,
,Shropshire,9354,,50.41,
,Stoke-on-Trent,9104,,50.29,
,Telford and Wrekin,5495,,53.11,
,Cannock Chase,3207,,48.16,
,East Staffordshire,2776,,51.78,
,Lichfield,2554,,48.14,
,Newcastle-under-Lyme,3628,,47.17,
,South Staffordshire,3208,,47.59,
,Stafford,2873,,48.38,
,Staffordshire Moorlands,2641,,47.22,
,Tamworth,2418,,47.5,
,North Warwickshire,1865,,45.94,
,Nuneaton and Bedworth,3819,,54.38,
,Rugby,2219,,51.41,
,Stratford-on-Avon,2951,,49.02,
,Warwick,2952,,50.54,
,Birmingham,40381,,65.27,
,Coventry,10216,,59.77,
,Dudley,11517,,49.26,
,Sandwell,13767,,58.19,
,Solihull,5476,,52.88,
,Walsall,11350,,55.32,
,Wolverhampton,10581,,55.67,
,Bromsgrove,2146,,45.46,
,Malvern Hills,2181,,50.61,
,Redditch,2408,,53.18,
,Worcester,2485,,52.44,
,Wychavon,3064,,51.38,
,Wyre Forest,3342,,48.08,
,Bedford,3806,,55.99,
,Central Bedfordshire,5011,,50.19,
,Luton,5618,,69.64,
,Peterborough,5384,,62.71,
,Southend-on-Sea,5819,,54.84,
,Thurrock,3906,,56.51,
,Cambridge,1974,,61,
,East Cambridgeshire,1854,,51.25,
,Fenland,3484,,52.14,
,Huntingdonshire,3218,,50.12,
,South Cambridgeshire,2326,,54.84,
,Basildon,5127,,53.66,
,Braintree,3851,,49.89,
,Brentwood,1461,,53.29,
,Castle Point,2838,,50.22,
,Chelmsford,3158,,52.78,
,Colchester,3957,,55.71,
,Epping Forest,3183,,56.07,
,Harlow,2322,,51.55,
,Maldon,1714,,50.36,
,Rochford,2051,,49.2,
,Tendring,6845,,51.82,
,Uttlesford,1535,,49.85,
,Broxbourne,2367,,58.2,
,Dacorum,2803,,54.07,
,East Hertfordshire,2399,,54.44,
,Hertsmere,2300,,62.49,
,North Hertfordshire,2712,,51.18,
,St Albans,2020,,57.37,
,Stevenage,2036,,55.24,
,Three Rivers,1685,,60.27,
,Watford,1836,,64.46,
,Welwyn Hatfield,2109,,56.48,
,Breckland,4179,,48.35,
,Broadland,3088,,47.2,
,Great Yarmouth,4442,,48.13,
,King's Lynn and West Norfolk,5298,,49.72,
,North Norfolk,3996,,46.75,
,Norwich,4676,,52.07,
,South Norfolk,3334,,49.2,
,Babergh,2395,,47.05,
,Forest Heath,1560,,51.49,
,Ipswich,3763,,54.64,
,Mid Suffolk,2322,,50.14,
,St Edmundsbury,2506,,48.9,
,Suffolk Coastal,3181,,52.3,
,Waveney,4611,,48.82,
,Camden,7131,,86.88,
,City of London,115,,83.88,
,Hackney,8658,,89.48,
,Hammersmith and Fulham,5245,,83.42,
,Haringey,8287,,88.69,
,Islington,7383,,82.34,
,Kensington and Chelsea,4987,,88.26,
,Lambeth,8871,,81.86,
,Lewisham,7447,,75.24,
,Newham,9802,,92.15,
,Southwark,8783,,80.99,
,Tower Hamlets,8548,,89.92,
,Wandsworth,7013,,78.98,
,Westminster,6837,,94.21,
,Barking and Dagenham,5798,,71.67,
,Barnet,9239,,88.39,
,Bexley,4936,,60.8,
,Brent,10388,,95.37,
,Bromley,6351,,64.26,
,Croydon,8724,,77.07,
,Ealing,10015,,99.35,
,Enfield,9411,,80.95,
,Greenwich,7385,,81.73,
,Harrow,6763,,104.78,
,Havering,6059,,58.38,
,Hillingdon,6240,,84.78,
,Hounslow,6567,,93.63,
,Kingston upon Thames,2928,,83.48,
,Merton,4217,,79.62,
,Redbridge,7540,,85.08,
,Richmond upon Thames,3124,,72.85,
,Sutton,3899,,69.57,
,Waltham Forest,7059,,77.48,
,Bracknell Forest,1897,,61.27,
,Brighton and Hove,7936,,62.26,
,Isle of Wight,5547,,50.11,
,Medway,6602,,54.24,
,Milton Keynes,5257,,62.21,
,Portsmouth,5800,,55.87,
,Reading,3678,,74.75,
,Slough,3395,,80.95,
,Southampton,6445,,58.52,
,West Berkshire,2553,,52.2,
,Windsor and Maidenhead,2463,,59.3,
,Wokingham,1860,,54.49,
,Aylesbury Vale,3026,,57.31,
,Chiltern,1291,,56.81,
,South Bucks,1101,,60.21,
,Wycombe,3001,,58.6,
,Eastbourne,3629,,56.1,
,Hastings,3802,,56.41,
,Lewes,2880,,53.27,
,Rother,3360,,53.07,
,Wealden,3698,,51.16,
,Basingstoke and Deane,2772,,57.63,
,East Hampshire,2155,,50.84,
,Eastleigh,2302,,52.2,
,Fareham,2057,,47.15,
,Gosport,2074,,49.65,
,Hart,1089,,57.17,
,Havant,3862,,50.08,
,New Forest,4348,,49.8,
,Rushmoor,2834,,107.03,
,Test Valley,2257,,50.37,
,Winchester,2198,,51.81,
,Ashford,3068,,63.26,
,Canterbury,4143,,53.38,
,Dartford,1877,,55.09,
,Dover,3616,,53.4,
,Gravesham,2607,,55.32,
,Maidstone,3523,,57.31,
,Sevenoaks,2210,,54.48,
,Shepway,4060,,59.78,
,Swale,4150,,53.26,
,Thanet,6147,,54.17,
,Tonbridge and Malling,2309,,53.14,
,Tunbridge Wells,2240,,52.36,
,Cherwell,2553,,53.48,
,Oxford,2617,,65.51,
,South Oxfordshire,2129,,51.55,
,Vale of White Horse,1929,,54.19,
,West Oxfordshire,1909,,51.07,
,Elmbridge,2093,,63.89,
,Epsom and Ewell,1088,,66.92,
,Guildford,1967,,55.98,
,Mole Valley,1425,,55.47,
,Reigate and Banstead,2204,,58.92,
,Runnymede,1502,,58.16,
,Spelthorne,1769,,59.98,
,Surrey Heath,1242,,62.84,
,Tandridge,1350,,57.4,
,Waverley,2056,,54.18,
,Woking,1597,,61.52,
,Adur,1979,,51.79,
,Arun,5346,,52.61,
,Chichester,3010,,50.65,
,Crawley,2346,,65.89,
,Horsham,2364,,52.46,
,Mid Sussex,2402,,52.83,
,Worthing,3121,,52.36,
,Bath and North East Somerset,3859,,51.31,
,Bournemouth,6496,,55.9,
,"Bristol, City of",11445,,61.01,
,Cornwall,20935,,48.79,
,Isles of Scilly,37,,49.37,
,North Somerset,5744,,51.24,
,Plymouth,8029,,52.79,
,Poole,4275,,51.32,
,South Gloucestershire,5172,,51.59,
,Swindon,5001,,63.2,
,Torbay,6578,,53.3,
,Wiltshire,10137,,51.04,
,East Devon,4015,,48.8,
,Exeter,2986,,51.18,
,Mid Devon,2177,,52,
,North Devon,3237,,49.69,
,South Hams,2548,,54.57,
,Teignbridge,4349,,50.67,
,Torridge,2458,,48.04,
,West Devon,1676,,51.88,
,Christchurch,1727,,49.05,
,East Dorset,2231,,48.44,
,North Dorset,1724,,50.47,
,Purbeck,1348,,48.39,
,West Dorset,3017,,50.68,
,Weymouth and Portland,2142,,49.73,
,Cheltenham,2474,,52.33,
,Cotswold,1991,,48.7,
,Forest of Dean,2576,,52.56,
,Gloucester,3092,,56.01,
,Stroud,2653,,51.63,
,Tewkesbury,1860,,54,
,Mendip,2949,,50.82,
,Sedgemoor,3590,,48.76,
,South Somerset,4395,,49.14,
,Taunton Deane,3139,,50.57,
,West Somerset,1473,,54.47,
,Total,1562855,,58.16,
May-17,County Durham,20160,,48.79,
,Darlington,3679,,51.75,
,Hartlepool,4366,,52.76,
,Middlesbrough,5779,,53.63,
,Northumberland,9940,,48.23,
,Redcar and Cleveland,5629,,48.94,
,Stockton-on-Tees,6208,,50.22,
,Gateshead,8377,,49.84,
,Newcastle upon Tyne,10211,,57.08,
,North Tyneside,7452,,47.93,
,South Tyneside,7176,,49.76,
,Sunderland,12728,,49.54,
,Blackburn with Darwen,5236,,66.79,
,Blackpool,7170,,55.07,
,Cheshire East,8238,,50.87,
,Cheshire West and Chester,8781,,52.07,
,Halton,4464,,53.94,
,Warrington,5130,,52.11,
,Allerdale,3026,,47.33,
,Barrow-in-Furness,2251,,54.39,
,Carlisle,2982,,51.39,
,Copeland,2018,,48.92,
,Eden,1176,,51.65,
,South Lakeland,2403,,50.12,
,Bolton,9845,,58.8,
,Bury,5382,,55.65,
,Manchester,18173,,70.31,
,Oldham,7476,,57.72,
,Rochdale,7790,,56.78,
,Salford,8713,,55.48,
,Stockport,7956,,56.13,
,Tameside,7713,,51.88,
,Trafford,5653,,59.93,
,Wigan,10710,,48.66,
,Burnley,3298,,54.87,
,Chorley,2935,,50.01,
,Fylde,2431,,53.09,
,Hyndburn,2790,,55.05,
,Lancaster,4383,,52.81,
,Pendle,3311,,59.89,
,Preston,4233,,61.49,
,Ribble Valley,1112,,48.63,
,Rossendale,2252,,50.12,
,South Ribble,2582,,50.01,
,West Lancashire,3837,,51.27,
,Wyre,4101,,53.33,
,Knowsley,7789,,55.78,
,Liverpool,22854,,59.85,
,Sefton,11459,,53.11,
,St. Helens,6602,,52.92,
,Wirral,12202,,54.82,
,East Riding of Yorkshire,10295,,45.68,
,"Kingston upon Hull, City of",11028,,51.49,
,North East Lincolnshire,6050,,50.63,
,North Lincolnshire,5405,,49.39,
,York,4047,,48.83,
,Craven,1440,,46.98,
,Hambleton,2057,,49.49,
,Harrogate,3282,,46.99,
,Richmondshire,998,,53.54,
,Ryedale,1536,,50.42,
,Scarborough,4504,,51.92,
,Selby,1793,,50,
,Barnsley,8170,,49.96,
,Doncaster,10311,,51.03,
,Rotherham,9158,,48.65,
,Sheffield,18594,,52.74,
,Bradford,17528,,59.75,
,Calderdale,6089,,51.01,
,Kirklees,12194,,53.83,
,Leeds,21207,,52.93,
,Wakefield,10263,,48.88,
,Derby,7551,,58.63,
,Leicester,13102,,84.68,
,Nottingham,9796,,59.15,
,Rutland,702,,46.54,
,Amber Valley,3538,,48.38,
,Bolsover,2577,,48.24,
,Chesterfield,3640,,48.47,
,Derbyshire Dales,1641,,48.24,
,Erewash,3227,,44.62,
,High Peak,2289,,49.29,
,North East Derbyshire,3207,,47.82,
,South Derbyshire,1972,,47.12,
,Blaby,2051,,49.2,
,Charnwood,3630,,51.97,
,Harborough,1643,,48.33,
,Hinckley and Bosworth,2558,,46.16,
,Melton,1006,,46.21,
,North West Leicestershire,2200,,49.06,
,Oadby and Wigston,1438,,56.78,
,Boston,2352,,53.28,
,East Lindsey,6644,,51.3,
,Lincoln,2891,,53.01,
,North Kesteven,2958,,48.31,
,South Holland,2915,,48.52,
,South Kesteven,3332,,49.37,
,West Lindsey,2696,,49.71,
,Corby,1660,,53.63,
,Daventry,1477,,50.54,
,East Northamptonshire,2172,,46.8,
,Kettering,2435,,51.79,
,Northampton,5373,,59.4,
,South Northamptonshire,1495,,49.92,
,Wellingborough,2249,,56.98,
,Ashfield,3771,,47.98,
,Bassetlaw,3346,,47.89,
,Broxtowe,2933,,48.97,
,Gedling,2954,,48.7,
,Mansfield,3246,,50.19,
,Newark and Sherwood,2986,,50.46,
,Rushcliffe,2059,,48.7,
,"Herefordshire, County of",5334,,52.3,
,Shropshire,9192,,51.21,
,Stoke-on-Trent,8946,,50.94,
,Telford and Wrekin,5418,,54.42,
,Cannock Chase,3150,,48.17,
,East Staffordshire,2715,,52.35,
,Lichfield,2544,,48.31,
,Newcastle-under-Lyme,3594,,48.08,
,South Staffordshire,3144,,48.45,
,Stafford,2821,,48.78,
,Staffordshire Moorlands,2559,,48.04,
,Tamworth,2353,,48.02,
,North Warwickshire,1832,,47.27,
,Nuneaton and Bedworth,3722,,55.5,
,Rugby,2172,,52.57,
,Stratford-on-Avon,2888,,50.02,
,Warwick,2913,,51.04,
,Birmingham,39770,,66.13,
,Coventry,9994,,60.93,
,Dudley,11341,,50.06,
,Sandwell,13552,,59.28,
,Solihull,5384,,53.41,
,Walsall,11132,,56.08,
,Wolverhampton,10372,,56.59,
,Bromsgrove,2110,,46.47,
,Malvern Hills,2128,,51.58,
,Redditch,2368,,54.24,
,Worcester,2425,,53.34,
,Wychavon,3008,,52.21,
,Wyre Forest,3300,,48.53,
,Bedford,3760,,57.22,
,Central Bedfordshire,4937,,51.01,
,Luton,5534,,70.81,
,Peterborough,5325,,63.92,
,Southend-on-Sea,5723,,55.71,
,Thurrock,3835,,57.68,
,Cambridge,1911,,62.4,
,East Cambridgeshire,1800,,51.94,
,Fenland,3428,,53.09,
,Huntingdonshire,3154,,50.54,
,South Cambridgeshire,2265,,56.13,
,Basildon,5034,,54.9,
,Braintree,3758,,50.33,
,Brentwood,1441,,53.76,
,Castle Point,2777,,51.18,
,Chelmsford,3127,,53.37,
,Colchester,3857,,56.7,
,Epping Forest,3148,,56.9,
,Harlow,2259,,52.2,
,Maldon,1688,,50.63,
,Rochford,2006,,50.45,
,Tendring,6748,,52.56,
,Uttlesford,1506,,51.16,
,Broxbourne,2323,,58.97,
,Dacorum,2747,,55.09,
,East Hertfordshire,2360,,55.24,
,Hertsmere,2286,,63.47,
,North Hertfordshire,2646,,51.21,
,St Albans,1957,,58.1,
,Stevenage,2003,,56.03,
,Three Rivers,1651,,61.67,
,Watford,1810,,65.66,
,Welwyn Hatfield,2065,,58.14,
,Breckland,4101,,49.17,
,Broadland,3047,,48.77,
,Great Yarmouth,4382,,49.24,
,King's Lynn and West Norfolk,5203,,50.5,
,North Norfolk,3896,,47.18,
,Norwich,4624,,53.03,
,South Norfolk,3266,,49.9,
,Babergh,2356,,47.8,
,Forest Heath,1554,,52.5,
,Ipswich,3691,,55.8,
,Mid Suffolk,2282,,50.32,
,St Edmundsbury,2458,,49.43,
,Suffolk Coastal,3130,,53.13,
,Waveney,4517,,49.4,
,Camden,7071,,88.55,
,City of London,117,,85.79,
,Hackney,8549,,91.16,
,Hammersmith and Fulham,5195,,85.73,
,Haringey,8234,,91.01,
,Islington,7275,,84.02,
,Kensington and Chelsea,4936,,90.14,
,Lambeth,8741,,83.37,
,Lewisham,7357,,76.57,
,Newham,9685,,93.86,
,Southwark,8690,,82.68,
,Tower Hamlets,8444,,91.34,
,Wandsworth,6931,,80.81,
,Westminster,6799,,96.34,
,Barking and Dagenham,5740,,73.43,
,Barnet,9110,,90.34,
,Bexley,4851,,62.45,
,Brent,10297,,97.59,
,Bromley,6254,,65.26,
,Croydon,8622,,78.71,
,Ealing,9952,,101.87,
,Enfield,9300,,82.99,
,Greenwich,7310,,83.71,
,Harrow,6696,,107.26,
,Havering,5984,,59.55,
,Hillingdon,6158,,87.09,
,Hounslow,6527,,96.11,
,Kingston upon Thames,2904,,86.06,
,Merton,4155,,81.95,
,Redbridge,7442,,86.92,
,Richmond upon Thames,3084,,74.29,
,Sutton,3880,,70.63,
,Waltham Forest,6987,,78.97,
,Bracknell Forest,1869,,63.78,
,Brighton and Hove,7831,,63.25,
,Isle of Wight,5447,,50.9,
,Medway,6505,,55.24,
,Milton Keynes,5173,,63.28,
,Portsmouth,5726,,57.19,
,Reading,3612,,77.1,
,Slough,3359,,83.04,
,Southampton,6307,,59.9,
,West Berkshire,2531,,53.75,
,Windsor and Maidenhead,2422,,60.42,
,Wokingham,1822,,55.95,
,Aylesbury Vale,2967,,58.05,
,Chiltern,1261,,58.43,
,South Bucks,1086,,61.89,
,Wycombe,2952,,59.61,
,Eastbourne,3588,,56.94,
,Hastings,3741,,57.18,
,Lewes,2834,,54.22,
,Rother,3305,,54.02,
,Wealden,3659,,51.56,
,Basingstoke and Deane,2725,,59.03,
,East Hampshire,2136,,51.73,
,Eastleigh,2288,,52.99,
,Fareham,2016,,48.05,
,Gosport,2064,,50.64,
,Hart,1079,,57.88,
,Havant,3807,,50.94,
,New Forest,4282,,51.07,
,Rushmoor,2812,,110.17,
,Test Valley,2248,,51.84,
,Winchester,2162,,52.84,
,Ashford,3046,,65,
,Canterbury,4077,,53.58,
,Dartford,1836,,55.7,
,Dover,3552,,54.55,
,Gravesham,2548,,56.61,
,Maidstone,3486,,58.43,
,Sevenoaks,2178,,55.11,
,Shepway,3966,,60.68,
,Swale,4118,,54.27,
,Thanet,6040,,54.88,
,Tonbridge and Malling,2288,,54.33,
,Tunbridge Wells,2199,,52.95,
,Cherwell,2505,,54.99,
,Oxford,2570,,68.15,
,South Oxfordshire,2085,,52.9,
,Vale of White Horse,1906,,54.44,
,West Oxfordshire,1886,,53.01,
,Elmbridge,2053,,65.13,
,Epsom and Ewell,1055,,68.58,
,Guildford,1942,,58.1,
,Mole Valley,1414,,56.41,
,Reigate and Banstead,2162,,59.71,
,Runnymede,1477,,58.81,
,Spelthorne,1725,,60.56,
,Surrey Heath,1226,,63.73,
,Tandridge,1331,,58.43,
,Waverley,2019,,54.82,
,Woking,1584,,63,
,Adur,1947,,52.65,
,Arun,5269,,53.09,
,Chichester,2993,,51.35,
,Crawley,2299,,66.85,
,Horsham,2323,,53.53,
,Mid Sussex,2366,,53.77,
,Worthing,3059,,53.4,
,Bath and North East Somerset,3789,,52.17,
,Bournemouth,6355,,57.15,
,"Bristol, City of",11204,,61.89,
,Cornwall,20574,,49.39,
,Isles of Scilly,34,,54.62,
,North Somerset,5676,,51.93,
,Plymouth,7903,,53.73,
,Poole,4192,,52.18,
,South Gloucestershire,5084,,52.43,
,Swindon,4885,,64.55,
,Torbay,6432,,54.19,
,Wiltshire,9938,,51.86,
,East Devon,3957,,48.97,
,Exeter,2944,,51.84,
,Mid Devon,2128,,52.3,
,North Devon,3164,,49.96,
,South Hams,2501,,55.67,
,Teignbridge,4276,,51.14,
,Torridge,2418,,48.29,
,West Devon,1639,,52.3,
,Christchurch,1707,,49.83,
,East Dorset,2187,,49.05,
,North Dorset,1713,,50.75,
,Purbeck,1321,,49.51,
,West Dorset,2955,,50.89,
,Weymouth and Portland,2078,,50.89,
,Cheltenham,2447,,53.01,
,Cotswold,1940,,49.43,
,Forest of Dean,2529,,53.82,
,Gloucester,3035,,56.6,
,Stroud,2619,,52.33,
,Tewkesbury,1824,,55.44,
,Mendip,2871,,51.96,
,Sedgemoor,3533,,49.88,
,South Somerset,4324,,49.77,
,Taunton Deane,3096,,51.72,
,West Somerset,1447,,55.33,
,Total,1537496,,59.22,
Aug-17,County Durham,19926,,48.44,
,Darlington,3625,,51.44,
,Hartlepool,4302,,52.74,
,Middlesbrough,5692,,53.34,
,Northumberland,9753,,47.87,
,Redcar and Cleveland,5537,,48.54,
,Stockton-on-Tees,6126,,49.81,
,Gateshead,8223,,49.44,
,Newcastle upon Tyne,10017,,56.52,
,North Tyneside,7304,,47.41,
,South Tyneside,7078,,49.31,
,Sunderland,12554,,49.17,
,Blackburn with Darwen,5132,,66.46,
,Blackpool,7082,,55.06,
,Cheshire East,8096,,51.25,
,Cheshire West and Chester,8662,,52.09,
,Halton,4413,,53.74,
,Warrington,5038,,51.79,
,Allerdale,2976,,47.11,
,Barrow-in-Furness,2225,,54.26,
,Carlisle,2941,,51.01,
,Copeland,1980,,48.91,
,Eden,1151,,51.47,
,South Lakeland,2347,,49.91,
,Bolton,9729,,58.41,
,Bury,5325,,55.52,
,Manchester,17941,,70.18,
,Oldham,7358,,57.69,
,Rochdale,7642,,56.14,
,Salford,8561,,55.5,
,Stockport,7828,,56.37,
,Tameside,7589,,51.9,
,Trafford,5552,,60.1,
,Wigan,10531,,48.54,
,Burnley,3240,,54.27,
,Chorley,2879,,49.37,
,Fylde,2406,,52.81,
,Hyndburn,2760,,55.02,
,Lancaster,4312,,52.78,
,Pendle,3246,,59.69,
,Preston,4163,,61.2,
,Ribble Valley,1098,,48.06,
,Rossendale,2212,,49.92,
,South Ribble,2562,,49.92,
,West Lancashire,3776,,50.63,
,Wyre,4041,,53.11,
,Knowsley,7678,,55.76,
,Liverpool,22517,,59.63,
,Sefton,11286,,52.82,
,St. Helens,6471,,52.55,
,Wirral,12035,,54.37,
,East Riding of Yorkshire,10158,,46,
,"Kingston upon Hull, City of",10863,,51.77,
,North East Lincolnshire,5993,,50.69,
,North Lincolnshire,5333,,49.53,
,York,3987,,48.69,
,Craven,1421,,46.84,
,Hambleton,2028,,49.38,
,Harrogate,3236,,46.4,
,Richmondshire,979,,53.76,
,Ryedale,1521,,50.43,
,Scarborough,4438,,51.39,
,Selby,1778,,49.94,
,Barnsley,8091,,50.33,
,Doncaster,10190,,51.29,
,Rotherham,9045,,49.16,
,Sheffield,18367,,53.14,
,Bradford,17302,,59.1,
,Calderdale,5992,,51.46,
,Kirklees,11991,,53.85,
,Leeds,20838,,53.4,
,Wakefield,10099,,48.93,
,Derby,7402,,58.63,
,Leicester,12938,,84.78,
,Nottingham,9628,,58.88,
,Rutland,699,,46.86,
,Amber Valley,3470,,48.97,
,Bolsover,2533,,48.19,
,Chesterfield,3566,,49.03,
,Derbyshire Dales,1632,,48.75,
,Erewash,3183,,44.89,
,High Peak,2255,,49.42,
,North East Derbyshire,3145,,48.31,
,South Derbyshire,1964,,47.06,
,Blaby,2013,,49.63,
,Charnwood,3567,,52.05,
,Harborough,1615,,48.01,
,Hinckley and Bosworth,2511,,46.51,
,Melton,996,,46.52,
,North West Leicestershire,2153,,49.59,
,Oadby and Wigston,1431,,57.2,
,Boston,2314,,53.76,
,East Lindsey,6562,,51.22,
,Lincoln,2853,,53.26,
,North Kesteven,2908,,48.08,
,South Holland,2860,,48.23,
,South Kesteven,3272,,49.57,
,West Lindsey,2654,,49.7,
,Corby,1630,,53.32,
,Daventry,1449,,50.08,
,East Northamptonshire,2133,,46.58,
,Kettering,2403,,51.66,
,Northampton,5292,,59.08,
,South Northamptonshire,1474,,49.75,
,Wellingborough,2210,,56.56,
,Ashfield,3705,,48.09,
,Bassetlaw,3292,,47.95,
,Broxtowe,2891,,49.16,
,Gedling,2887,,48.59,
,Mansfield,3184,,50.36,
,Newark and Sherwood,2956,,50.45,
,Rushcliffe,2034,,48.05,
,"Herefordshire, County of",5267,,52.16,
,Shropshire,9025,,51.22,
,Stoke-on-Trent,8767,,51.02,
,Telford and Wrekin,5324,,53.91,
,Cannock Chase,3113,,48.13,
,East Staffordshire,2680,,52.32,
,Lichfield,2470,,47.68,
,Newcastle-under-Lyme,3520,,47.89,
,South Staffordshire,3101,,48.33,
,Stafford,2774,,48.44,
,Staffordshire Moorlands,2506,,47.77,
,Tamworth,2308,,48.27,
,North Warwickshire,1793,,46.69,
,Nuneaton and Bedworth,3687,,55.82,
,Rugby,2129,,52.47,
,Stratford-on-Avon,2831,,49.64,
,Warwick,2879,,51.11,
,Birmingham,39186,,66.01,
,Coventry,9821,,61.02,
,Dudley,11155,,49.67,
,Sandwell,13357,,58.63,
,Solihull,5291,,53.59,
,Walsall,10936,,55.79,
,Wolverhampton,10233,,56.68,
,Bromsgrove,2061,,46.75,
,Malvern Hills,2106,,50.83,
,Redditch,2333,,53.48,
,Worcester,2363,,52.78,
,Wychavon,2970,,52.42,
,Wyre Forest,3252,,47.98,
,Bedford,3716,,56.9,
,Central Bedfordshire,4865,,50.87,
,Luton,5456,,70.73,
,Peterborough,5252,,63.79,
,Southend-on-Sea,5639,,55.41,
,Thurrock,3776,,57.48,
,Cambridge,1889,,61.71,
,East Cambridgeshire,1763,,51.82,
,Fenland,3370,,53.07,
,Huntingdonshire,3123,,50.69,
,South Cambridgeshire,2225,,56.73,
,Basildon,4946,,54.44,
,Braintree,3696,,50.27,
,Brentwood,1423,,53.77,
,Castle Point,2725,,51.17,
,Chelmsford,3079,,53.82,
,Colchester,3785,,56.75,
,Epping Forest,3090,,56.88,
,Harlow,2231,,52.26,
,Maldon,1673,,50.42,
,Rochford,1971,,50.01,
,Tendring,6648,,52.74,
,Uttlesford,1480,,51.18,
,Broxbourne,2275,,58.97,
,Dacorum,2722,,55.02,
,East Hertfordshire,2319,,54.92,
,Hertsmere,2259,,63.89,
,North Hertfordshire,2596,,51.13,
,St Albans,1899,,58.06,
,Stevenage,1972,,56.22,
,Three Rivers,1610,,62.39,
,Watford,1791,,65.6,
,Welwyn Hatfield,2054,,58.28,
,Breckland,4044,,48.74,
,Broadland,3020,,48.94,
,Great Yarmouth,4304,,48.83,
,King's Lynn and West Norfolk,5103,,50.64,
,North Norfolk,3834,,47.28,
,Norwich,4534,,53.04,
,South Norfolk,3207,,49.69,
,Babergh,2305,,47.33,
,Forest Heath,1530,,52.57,
,Ipswich,3645,,56.18,
,Mid Suffolk,2239,,50.76,
,St Edmundsbury,2410,,48.95,
,Suffolk Coastal,3061,,53.19,
,Waveney,4441,,49.37,
,Camden,7010,,88.55,
,City of London,124,,84.21,
,Hackney,8443,,91.14,
,Hammersmith and Fulham,5140,,85.33,
,Haringey,8162,,90.79,
,Islington,7176,,83.78,
,Kensington and Chelsea,4878,,90.08,
,Lambeth,8612,,83.28,
,Lewisham,7221,,76.11,
,Newham,9558,,93.65,
,Southwark,8593,,82.78,
,Tower Hamlets,8358,,90.99,
,Wandsworth,6837,,80.86,
,Westminster,6729,,96.18,
,Barking and Dagenham,5661,,73.5,
,Barnet,9002,,90.72,
,Bexley,4788,,62.53,
,Brent,10174,,97.39,
,Bromley,6142,,65.11,
,Croydon,8543,,78.65,
,Ealing,9866,,102.05,
,Enfield,9178,,83.03,
,Greenwich,7230,,83.81,
,Harrow,6630,,107.29,
,Havering,5904,,59.5,
,Hillingdon,6116,,87.21,
,Hounslow,6438,,96.36,
,Kingston upon Thames,2841,,85.91,
,Merton,4091,,82.28,
,Redbridge,7372,,86.76,
,Richmond upon Thames,3034,,74.55,
,Sutton,3858,,70.82,
,Waltham Forest,6912,,78.97,
,Bracknell Forest,1853,,64.51,
,Brighton and Hove,7690,,63.68,
,Isle of Wight,5381,,50.99,
,Medway,6409,,55.07,
,Milton Keynes,5079,,63.15,
,Portsmouth,5641,,57.33,
,Reading,3557,,77.69,
,Slough,3335,,83.03,
,Southampton,6203,,59.94,
,West Berkshire,2493,,53.56,
,Windsor and Maidenhead,2403,,60.67,
,Wokingham,1807,,56.02,
,Aylesbury Vale,2960,,58.23,
,Chiltern,1233,,58.13,
,South Bucks,1067,,61.71,
,Wycombe,2893,,59.78,
,Eastbourne,3558,,56.8,
,Hastings,3737,,57.29,
,Lewes,2800,,54.25,
,Rother,3245,,54.09,
,Wealden,3631,,51.34,
,Basingstoke and Deane,2671,,59.22,
,East Hampshire,2112,,51.72,
,Eastleigh,2255,,52.72,
,Fareham,1984,,48.5,
,Gosport,2024,,50.48,
,Hart,1076,,57.79,
,Havant,3781,,51.13,
,New Forest,4211,,50.64,
,Rushmoor,2779,,110.39,
,Test Valley,2230,,52.26,
,Winchester,2117,,53.78,
,Ashford,2998,,65.26,
,Canterbury,4012,,53.84,
,Dartford,1823,,55.74,
,Dover,3499,,54.31,
,Gravesham,2499,,56.67,
,Maidstone,3416,,58.69,
,Sevenoaks,2148,,55.81,
,Shepway,3906,,60.43,
,Swale,4073,,54.55,
,Thanet,5935,,54.83,
,Tonbridge and Malling,2252,,54.33,
,Tunbridge Wells,2155,,53.54,
,Cherwell,2474,,54.69,
,Oxford,2511,,68.14,
,South Oxfordshire,2062,,52.76,
,Vale of White Horse,1864,,54.54,
,West Oxfordshire,1842,,53.22,
,Elmbridge,2027,,65.44,
,Epsom and Ewell,1052,,68.97,
,Guildford,1905,,57.57,
,Mole Valley,1403,,56.67,
,Reigate and Banstead,2134,,59.99,
,Runnymede,1448,,58.77,
,Spelthorne,1708,,60.72,
,Surrey Heath,1211,,63.59,
,Tandridge,1307,,58.7,
,Waverley,1993,,54.85,
,Woking,1554,,62.56,
,Adur,1914,,52.06,
,Arun,5180,,52.96,
,Chichester,2939,,51.68,
,Crawley,2268,,67.22,
,Horsham,2290,,53.58,
,Mid Sussex,2327,,54.34,
,Worthing,3025,,53.41,
,Bath and North East Somerset,3705,,52.31,
,Bournemouth,6259,,56.82,
,"Bristol, City of",10994,,61.72,
,Cornwall,20261,,49.18,
,Isles of Scilly,35,,51.06,
,North Somerset,5576,,51.77,
,Plymouth,7752,,53.14,
,Poole,4115,,52.1,
,South Gloucestershire,5001,,52.68,
,Swindon,4823,,64.56,
,Torbay,6335,,53.99,
,Wiltshire,9808,,51.73,
,East Devon,3917,,48.88,
,Exeter,2901,,51.42,
,Mid Devon,2103,,52.09,
,North Devon,3109,,49.71,
,South Hams,2449,,54.82,
,Teignbridge,4217,,50.91,
,Torridge,2368,,47.88,
,West Devon,1628,,52.63,
,Christchurch,1688,,49.43,
,East Dorset,2148,,48.76,
,North Dorset,1683,,50.23,
,Purbeck,1295,,49.5,
,West Dorset,2922,,50.04,
,Weymouth and Portland,2053,,50.32,
,Cheltenham,2414,,52.53,
,Cotswold,1903,,49.26,
,Forest of Dean,2501,,53.13,
,Gloucester,2957,,56.78,
,Stroud,2569,,52.07,
,Tewkesbury,1778,,55.44,
,Mendip,2832,,51.97,
,Sedgemoor,3486,,49.7,
,South Somerset,4288,,49.84,
,Taunton Deane,3026,,51.35,
,West Somerset,1423,,55.41,
,Total,1514771,,59.16,
Nov-17,County Durham,19581,,48.15,
,Darlington,3549,,51.43,
,Hartlepool,4235,,53.06,
,Middlesbrough,5589,,53.15,
,Northumberland,9620,,47.94,
,Redcar and Cleveland,5439,,48.26,
,Stockton-on-Tees,6077,,49.9,
,Gateshead,8107,,49.43,
,Newcastle upon Tyne,9854,,56.39,
,North Tyneside,7200,,47.67,
,South Tyneside,6945,,49.07,
,Sunderland,12383,,49.18,
,Blackburn with Darwen,5058,,65.69,
,Blackpool,6944,,54.43,
,Cheshire East,7961,,51.36,
,Cheshire West and Chester,8532,,51.83,
,Halton,4349,,53.4,
,Warrington,4952,,51.46,
,Allerdale,2932,,47,
,Barrow-in-Furness,2182,,54.4,
,Carlisle,2887,,50.66,
,Copeland,1931,,49.07,
,Eden,1134,,50.66,
,South Lakeland,2310,,49.15,
,Bolton,9587,,57.99,
,Bury,5214,,55.23,
,Manchester,17676,,69.9,
,Oldham,7243,,57.62,
,Rochdale,7526,,55.72,
,Salford,8406,,55.23,
,Stockport,7700,,56.23,
,Tameside,7459,,51.87,
,Trafford,5474,,59.97,
,Wigan,10376,,48.45,
,Burnley,3194,,53.52,
,Chorley,2817,,48.83,
,Fylde,2366,,52.27,
,Hyndburn,2705,,54.94,
,Lancaster,4229,,53.12,
,Pendle,3204,,59.22,
,Preston,4088,,60.5,
,Ribble Valley,1081,,47.3,
,Rossendale,2157,,49.11,
,South Ribble,2532,,49.81,
,West Lancashire,3716,,50.19,
,Wyre,3983,,52.61,
,Knowsley,7557,,55.52,
,Liverpool,22147,,59.27,
,Sefton,11153,,52.54,
,St. Helens,6358,,52.09,
,Wirral,11812,,54.13,
,East Riding of Yorkshire,10050,,45.58,
,"Kingston upon Hull, City of",10650,,51.29,
,North East Lincolnshire,5919,,50.83,
,North Lincolnshire,5242,,49.55,
,York,3918,,49.06,
,Craven,1399,,46.64,
,Hambleton,1980,,49.39,
,Harrogate,3183,,46.29,
,Richmondshire,979,,54.28,
,Ryedale,1494,,50.06,
,Scarborough,4352,,51.81,
,Selby,1738,,50.03,
,Barnsley,7949,,50.02,
,Doncaster,10007,,50.92,
,Rotherham,8891,,49.07,
,Sheffield,18018,,53.26,
,Bradford,16982,,58.95,
,Calderdale,5904,,51.29,
,Kirklees,11786,,53.5,
,Leeds,20465,,53.42,
,Wakefield,9949,,48.98,
,Derby,7293,,58.33,
,Leicester,12748,,84.9,
,Nottingham,9493,,58.4,
,Rutland,686,,48.04,
,Amber Valley,3444,,48.71,
,Bolsover,2476,,48.34,
,Chesterfield,3511,,49.07,
,Derbyshire Dales,1620,,48.74,
,Erewash,3148,,44.71,
,High Peak,2194,,49.66,
,North East Derbyshire,3088,,47.97,
,South Derbyshire,1941,,47.35,
,Blaby,2000,,49.97,
,Charnwood,3540,,51.85,
,Harborough,1600,,48.42,
,Hinckley and Bosworth,2467,,46.19,
,Melton,981,,45.97,
,North West Leicestershire,2109,,49.62,
,Oadby and Wigston,1396,,56.71,
,Boston,2277,,53.87,
,East Lindsey,6506,,51.11,
,Lincoln,2808,,52.54,
,North Kesteven,2870,,48.39,
,South Holland,2813,,48.49,
,South Kesteven,3219,,48.8,
,West Lindsey,2611,,49.39,
,Corby,1594,,52.12,
,Daventry,1421,,49.94,
,East Northamptonshire,2121,,46.43,
,Kettering,2372,,51.43,
,Northampton,5190,,59.02,
,South Northamptonshire,1451,,49.85,
,Wellingborough,2158,,56.12,
,Ashfield,3650,,48.39,
,Bassetlaw,3238,,48.09,
,Broxtowe,2838,,48.87,
,Gedling,2814,,48.28,
,Mansfield,3161,,50.09,
,Newark and Sherwood,2924,,50.39,
,Rushcliffe,1999,,48.02,
,"Herefordshire, County of",5198,,51.79,
,Shropshire,8870,,50.67,
,Stoke-on-Trent,8629,,50.67,
,Telford and Wrekin,5258,,53.44,
,Cannock Chase,3064,,47.84,
,East Staffordshire,2624,,51.82,
,Lichfield,2418,,47.39,
,Newcastle-under-Lyme,3456,,47.62,
,South Staffordshire,3024,,47.7,
,Stafford,2723,,48.91,
,Staffordshire Moorlands,2448,,47.33,
,Tamworth,2272,,47.8,
,North Warwickshire,1764,,46.55,
,Nuneaton and Bedworth,3628,,55.5,
,Rugby,2086,,52.68,
,Stratford-on-Avon,2778,,49.55,
,Warwick,2814,,50.68,
,Birmingham,38517,,65.96,
,Coventry,9647,,60.66,
,Dudley,10946,,49.5,
,Sandwell,13164,,58.75,
,Solihull,5218,,53.55,
,Walsall,10716,,55.44,
,Wolverhampton,10043,,56.61,
,Bromsgrove,2016,,46.67,
,Malvern Hills,2073,,50.65,
,Redditch,2290,,53.91,
,Worcester,2321,,52.32,
,Wychavon,2904,,51.76,
,Wyre Forest,3194,,47.45,
,Bedford,3635,,56.81,
,Central Bedfordshire,4803,,51.31,
,Luton,5354,,70.48,
,Peterborough,5178,,63.65,
,Southend-on-Sea,5531,,55.15,
,Thurrock,3692,,57.77,
,Cambridge,1873,,61.91,
,East Cambridgeshire,1729,,51.86,
,Fenland,3319,,52.73,
,Huntingdonshire,3058,,50.5,
,South Cambridgeshire,2181,,56.76,
,Basildon,4885,,54.33,
,Braintree,3605,,50.29,
,Brentwood,1378,,54.22,
,Castle Point,2691,,50.97,
,Chelmsford,3022,,54.26,
,Colchester,3733,,56.54,
,Epping Forest,3035,,57.56,
,Harlow,2205,,52.5,
,Maldon,1642,,50.28,
,Rochford,1949,,49.99,
,Tendring,6517,,52.74,
,Uttlesford,1454,,51.71,
,Broxbourne,2242,,59.03,
,Dacorum,2659,,54.62,
,East Hertfordshire,2262,,54.88,
,Hertsmere,2212,,63.58,
,North Hertfordshire,2543,,51.25,
,St Albans,1856,,57.95,
,Stevenage,1918,,55.76,
,Three Rivers,1589,,62.63,
,Watford,1751,,65.66,
,Welwyn Hatfield,2005,,58.02,
,Breckland,3989,,48.31,
,Broadland,2944,,48.54,
,Great Yarmouth,4268,,48.93,
,King's Lynn and West Norfolk,5023,,50.53,
,North Norfolk,3760,,46.85,
,Norwich,4456,,52.42,
,South Norfolk,3164,,49.5,
,Babergh,2259,,47.18,
,Forest Heath,1502,,51.43,
,Ipswich,3582,,56.12,
,Mid Suffolk,2209,,51.07,
,St Edmundsbury,2354,,48.85,
,Suffolk Coastal,2991,,52.65,
,Waveney,4367,,48.7,
,Camden,6937,,88.72,
,City of London,116,,82.49,
,Hackney,8374,,90.71,
,Hammersmith and Fulham,5056,,85.3,
,Haringey,8062,,90.57,
,Islington,7070,,83.24,
,Kensington and Chelsea,4835,,90.08,
,Lambeth,8477,,83.21,
,Lewisham,7110,,76.11,
,Newham,9428,,93.64,
,Southwark,8488,,82.84,
,Tower Hamlets,8259,,90.59,
,Wandsworth,6767,,81,
,Westminster,6633,,96.1,
,Barking and Dagenham,5558,,73.26,
,Barnet,8872,,90.61,
,Bexley,4727,,62.58,
,Brent,10080,,97.4,
,Bromley,6060,,65.29,
,Croydon,8416,,78.08,
,Ealing,9780,,102.24,
,Enfield,9122,,83.06,
,Greenwich,7147,,83.88,
,Harrow,6586,,107.67,
,Havering,5776,,59.32,
,Hillingdon,6076,,87.5,
,Hounslow,6390,,96.11,
,Kingston upon Thames,2808,,86,
,Merton,4024,,81.94,
,Redbridge,7290,,86.63,
,Richmond upon Thames,3005,,74.74,
,Sutton,3783,,70.97,
,Waltham Forest,6814,,79.06,
,Bracknell Forest,1814,,64.63,
,Brighton and Hove,7555,,63.43,
,Isle of Wight,5299,,50.79,
,Medway,6313,,54.73,
,Milton Keynes,5028,,63.34,
,Portsmouth,5541,,56.84,
,Reading,3519,,77.72,
,Slough,3276,,82.79,
,Southampton,6128,,59.61,
,West Berkshire,2454,,52.96,
,Windsor and Maidenhead,2360,,59.77,
,Wokingham,1772,,56.36,
,Aylesbury Vale,2911,,58.16,
,Chiltern,1218,,58.37,
,South Bucks,1058,,62.26,
,Wycombe,2854,,59.26,
,Eastbourne,3484,,56.53,
,Hastings,3692,,57.06,
,Lewes,2731,,53.52,
,Rother,3204,,54,
,Wealden,3606,,51.69,
,Basingstoke and Deane,2625,,59.42,
,East Hampshire,2077,,51.41,
,Eastleigh,2226,,52.46,
,Fareham,1947,,48.32,
,Gosport,1987,,50.39,
,Hart,1059,,57.56,
,Havant,3717,,50.7,
,New Forest,4107,,50.53,
,Rushmoor,2760,,110.42,
,Test Valley,2178,,52.36,
,Winchester,2090,,53.75,
,Ashford,2967,,66.24,
,Canterbury,3962,,53.64,
,Dartford,1772,,55.4,
,Dover,3434,,53.87,
,Gravesham,2461,,57.01,
,Maidstone,3352,,58.88,
,Sevenoaks,2110,,56.19,
,Shepway,3859,,60.51,
,Swale,4000,,54.25,
,Thanet,5843,,54.55,
,Tonbridge and Malling,2197,,54.22,
,Tunbridge Wells,2132,,53.64,
,Cherwell,2418,,54.22,
,Oxford,2464,,67.84,
,South Oxfordshire,2034,,52.09,
,Vale of White Horse,1841,,53.33,
,West Oxfordshire,1812,,52.42,
,Elmbridge,1976,,65.94,
,Epsom and Ewell,1046,,68.75,
,Guildford,1862,,57.39,
,Mole Valley,1374,,56.61,
,Reigate and Banstead,2104,,60.75,
,Runnymede,1425,,59.64,
,Spelthorne,1674,,60.96,
,Surrey Heath,1184,,64.15,
,Tandridge,1288,,58.22,
,Waverley,1931,,54.64,
,Woking,1524,,62.67,
,Adur,1872,,51.65,
,Arun,5102,,52.88,
,Chichester,2887,,51.53,
,Crawley,2225,,67.43,
,Horsham,2254,,53.77,
,Mid Sussex,2291,,54.26,
,Worthing,2960,,53.37,
,Bath and North East Somerset,3655,,52.06,
,Bournemouth,6171,,56.27,
,"Bristol, City of",10790,,61.78,
,Cornwall,19969,,48.78,
,Isles of Scilly,36,,54.13,
,North Somerset,5485,,51.77,
,Plymouth,7611,,52.81,
,Poole,4041,,51.76,
,South Gloucestershire,4900,,52.69,
,Swindon,4754,,64.62,
,Torbay,6222,,53.02,
,Wiltshire,9653,,51.5,
,East Devon,3862,,48.73,
,Exeter,2862,,51.21,
,Mid Devon,2087,,51.75,
,North Devon,3064,,49.21,
,South Hams,2415,,54.59,
,Teignbridge,4123,,50.53,
,Torridge,2318,,47.54,
,West Devon,1606,,52.18,
,Christchurch,1654,,49.86,
,East Dorset,2125,,48.76,
,North Dorset,1656,,50.15,
,Purbeck,1279,,49.32,
,West Dorset,2877,,49.88,
,Weymouth and Portland,2025,,50.23,
,Cheltenham,2365,,52.37,
,Cotswold,1889,,49,
,Forest of Dean,2457,,52.67,
,Gloucester,2917,,56.62,
,Stroud,2521,,51.72,
,Tewkesbury,1745,,54.77,
,Mendip,2793,,51.55,
,Sedgemoor,3442,,49.11,
,South Somerset,4183,,49.97,
,Taunton Deane,2981,,51.33,
,West Somerset,1400,,55.05,
,Total,1490730,,59.03,
Feb-18,County Durham,19111,,47.83,
,Darlington,3441,,51.79,
,Hartlepool,4116,,52.24,
,Middlesbrough,5436,,52.55,
,Northumberland,9359,,47.64,
,Redcar and Cleveland,5301,,47.98,
,Stockton-on-Tees,5957,,50.17,
,Gateshead,7943,,49.25,
,Newcastle upon Tyne,9677,,56.35,
,North Tyneside,7042,,47.2,
,South Tyneside,6754,,48.61,
,Sunderland,12098,,48.96,
,Blackburn with Darwen,4923,,65.16,
,Blackpool,6816,,53.78,
,Cheshire East,7742,,51.03,
,Cheshire West and Chester,8344,,51.56,
,Halton,4250,,52.88,
,Warrington,4823,,51.03,
,Allerdale,2869,,46.61,
,Barrow-in-Furness,2131,,53.95,
,Carlisle,2815,,50.83,
,Copeland,1890,,49.2,
,Eden,1096,,50.53,
,South Lakeland,2239,,49.42,
,Bolton,9347,,57.45,
,Bury,5105,,55.32,
,Manchester,17307,,69.84,
,Oldham,7084,,57.55,
,Rochdale,7355,,55.17,
,Salford,8210,,54.88,
,Stockport,7542,,55.97,
,Tameside,7275,,51.73,
,Trafford,5375,,59.41,
,Wigan,10126,,48.04,
,Burnley,3113,,53.2,
,Chorley,2738,,48.21,
,Fylde,2323,,52.74,
,Hyndburn,2630,,54.49,
,Lancaster,4133,,52.91,
,Pendle,3150,,59.06,
,Preston,4003,,60.08,
,Ribble Valley,1045,,47.78,
,Rossendale,2129,,48.82,
,South Ribble,2473,,49.93,
,West Lancashire,3636,,50.21,
,Wyre,3890,,52.53,
,Knowsley,7392,,55.39,
,Liverpool,21711,,59,
,Sefton,10907,,52.15,
,St. Helens,6219,,51.82,
,Wirral,11554,,54.02,
,East Riding of Yorkshire,9832,,45.57,
,"Kingston upon Hull, City of",10420,,50.9,
,North East Lincolnshire,5794,,50.61,
,North Lincolnshire,5114,,49.6,
,York,3828,,49.11,
,Craven,1365,,47.04,
,Hambleton,1955,,49.54,
,Harrogate,3106,,46.22,
,Richmondshire,956,,53.9,
,Ryedale,1452,,49.53,
,Scarborough,4256,,51.61,
,Selby,1700,,49.5,
,Barnsley,7776,,49.43,
,Doncaster,9756,,50.59,
,Rotherham,8684,,48.75,
,Sheffield,17582,,53.17,
,Bradford,16622,,58.74,
,Calderdale,5729,,50.74,
,Kirklees,11536,,53.1,
,Leeds,19974,,53.34,
,Wakefield,9716,,48.67,
,Derby,7128,,58.34,
,Leicester,12499,,84.84,
,Nottingham,9265,,58.21,
,Rutland,672,,47.85,
,Amber Valley,3358,,48.54,
,Bolsover,2427,,47.72,
,Chesterfield,3428,,48.42,
,Derbyshire Dales,1574,,49.05,
,Erewash,3083,,44.68,
,High Peak,2143,,49.48,
,North East Derbyshire,3011,,47.66,
,South Derbyshire,1895,,47.31,
,Blaby,1965,,49.82,
,Charnwood,3444,,51.83,
,Harborough,1570,,48.45,
,Hinckley and Bosworth,2405,,46.32,
,Melton,963,,45.47,
,North West Leicestershire,2059,,49.01,
,Oadby and Wigston,1380,,57.43,
,Boston,2230,,54.04,
,East Lindsey,6339,,50.54,
,Lincoln,2743,,52.39,
,North Kesteven,2807,,48.72,
,South Holland,2738,,48.3,
,South Kesteven,3140,,48.6,
,West Lindsey,2571,,49.34,
,Corby,1555,,52.07,
,Daventry,1391,,48.77,
,East Northamptonshire,2083,,46.32,
,Kettering,2311,,51.13,
,Northampton,5077,,59.1,
,South Northamptonshire,1430,,48.74,
,Wellingborough,2112,,56,
,Ashfield,3546,,48.3,
,Bassetlaw,3173,,47.82,
,Broxtowe,2772,,48.61,
,Gedling,2741,,47.95,
,Mansfield,3054,,49.53,
,Newark and Sherwood,2864,,50.3,
,Rushcliffe,1948,,48.05,
,"Herefordshire, County of",5052,,52.14,
,Shropshire,8688,,50.29,
,Stoke-on-Trent,8384,,50.4,
,Telford and Wrekin,5171,,53.04,
,Cannock Chase,2951,,47.87,
,East Staffordshire,2548,,51.62,
,Lichfield,2359,,47.2,
,Newcastle-under-Lyme,3382,,47.61,
,South Staffordshire,2956,,47.14,
,Stafford,2655,,48.76,
,Staffordshire Moorlands,2384,,47.51,
,Tamworth,2230,,47.45,
,North Warwickshire,1736,,46.18,
,Nuneaton and Bedworth,3533,,55.11,
,Rugby,2033,,52.9,
,Stratford-on-Avon,2723,,50.17,
,Warwick,2731,,50.7,
,Birmingham,37750,,65.7,
,Coventry,9368,,60.63,
,Dudley,10689,,49.04,
,Sandwell,12834,,58.41,
,Solihull,5103,,53.58,
,Walsall,10474,,54.96,
,Wolverhampton,9738,,56.71,
,Bromsgrove,1972,,46.79,
,Malvern Hills,2047,,50.46,
,Redditch,2238,,53.44,
,Worcester,2251,,52.51,
,Wychavon,2853,,51.93,
,Wyre Forest,3126,,47.18,
,Bedford,3567,,56.5,
,Central Bedfordshire,4684,,51.27,
,Luton,5261,,70.5,
,Peterborough,5063,,63.95,
,Southend-on-Sea,5413,,55.19,
,Thurrock,3595,,57.59,
,Cambridge,1837,,62.56,
,East Cambridgeshire,1689,,52.17,
,Fenland,3257,,52.31,
,Huntingdonshire,2988,,50.54,
,South Cambridgeshire,2137,,56.89,
,Basildon,4781,,54.35,
,Braintree,3492,,50.03,
,Brentwood,1350,,54.2,
,Castle Point,2622,,51.02,
,Chelmsford,2965,,54.38,
,Colchester,3611,,56.43,
,Epping Forest,2980,,57.82,
,Harlow,2159,,52.29,
,Maldon,1608,,50.65,
,Rochford,1900,,50.17,
,Tendring,6348,,52.54,
,Uttlesford,1409,,51.16,
,Broxbourne,2220,,59.17,
,Dacorum,2599,,55.65,
,East Hertfordshire,2216,,54.78,
,Hertsmere,2196,,63.86,
,North Hertfordshire,2439,,51.45,
,St Albans,1811,,58.71,
,Stevenage,1868,,55.87,
,Three Rivers,1558,,63.27,
,Watford,1728,,65.78,
,Welwyn Hatfield,1954,,58.1,
,Breckland,3901,,48.31,
,Broadland,2884,,48.66,
,Great Yarmouth,4187,,48.8,
,King's Lynn and West Norfolk,4896,,50.71,
,North Norfolk,3669,,46.89,
,Norwich,4385,,52.39,
,South Norfolk,3092,,49.86,
,Babergh,2198,,47.19,
,Forest Heath,1467,,52.09,
,Ipswich,3495,,56.18,
,Mid Suffolk,2153,,51.16,
,St Edmundsbury,2304,,49.04,
,Suffolk Coastal,2927,,51.96,
,Waveney,4242,,48,
,Camden,6851,,88.64,
,City of London,116,,82.25,
,Hackney,8274,,90.39,
,Hammersmith and Fulham,5019,,85.1,
,Haringey,7963,,90.49,
,Islington,6914,,82.72,
,Kensington and Chelsea,4760,,90.05,
,Lambeth,8357,,83.03,
,Lewisham,6977,,76.29,
,Newham,9283,,93.73,
,Southwark,8371,,82.74,
,Tower Hamlets,8163,,90.36,
,Wandsworth,6664,,80.75,
,Westminster,6542,,96.48,
,Barking and Dagenham,5445,,73.49,
,Barnet,8758,,90.24,
,Bexley,4621,,62.51,
,Brent,9940,,97.62,
,Bromley,5916,,65.05,
,Croydon,8277,,78.25,
,Ealing,9631,,102.39,
,Enfield,8967,,83.21,
,Greenwich,7023,,84.18,
,Harrow,6472,,107.77,
,Havering,5617,,58.85,
,Hillingdon,5962,,87.73,
,Hounslow,6320,,96.32,
,Kingston upon Thames,2749,,85.61,
,Merton,3936,,82.14,
,Redbridge,7186,,86.75,
,Richmond upon Thames,2946,,74.72,
,Sutton,3710,,71.01,
,Waltham Forest,6706,,79.05,
,Bracknell Forest,1798,,64.82,
,Brighton and Hove,7376,,63.48,
,Isle of Wight,5193,,50.78,
,Medway,6150,,54.54,
,Milton Keynes,4934,,63.43,
,Portsmouth,5439,,56.92,
,Reading,3466,,77.49,
,Slough,3227,,82.69,
,Southampton,5966,,59.19,
,West Berkshire,2394,,52.58,
,Windsor and Maidenhead,2316,,59.48,
,Wokingham,1711,,56.11,
,Aylesbury Vale,2855,,58.46,
,Chiltern,1199,,58.15,
,South Bucks,1040,,62.17,
,Wycombe,2800,,59.11,
,Eastbourne,3377,,56.42,
,Hastings,3616,,56.78,
,Lewes,2674,,53.48,
,Rother,3150,,53.59,
,Wealden,3509,,51.38,
,Basingstoke and Deane,2587,,59.54,
,East Hampshire,1998,,51.87,
,Eastleigh,2187,,52.19,
,Fareham,1905,,48.73,
,Gosport,1945,,50.12,
,Hart,1024,,57.6,
,Havant,3631,,50.63,
,New Forest,4000,,50.7,
,Rushmoor,2726,,111.14,
,Test Valley,2109,,52.06,
,Winchester,2025,,53.81,
,Ashford,2918,,66.91,
,Canterbury,3862,,53.65,
,Dartford,1725,,54.72,
,Dover,3354,,53.56,
,Gravesham,2414,,57.05,
,Maidstone,3264,,58.93,
,Sevenoaks,2080,,56.02,
,Shepway,3764,,60.17,
,Swale,3900,,53.68,
,Thanet,5702,,54.39,
,Tonbridge and Malling,2173,,54.36,
,Tunbridge Wells,2080,,54.16,
,Cherwell,2330,,54,
,Oxford,2425,,68.51,
,South Oxfordshire,2007,,51.75,
,Vale of White Horse,1767,,52.86,
,West Oxfordshire,1769,,52.61,
,Elmbridge,1936,,66.02,
,Epsom and Ewell,1035,,68.14,
,Guildford,1820,,56.56,
,Mole Valley,1345,,57.23,
,Reigate and Banstead,2053,,60.39,
,Runnymede,1410,,59.18,
,Spelthorne,1645,,61.36,
,Surrey Heath,1167,,63.89,
,Tandridge,1248,,58.38,
,Waverley,1881,,54.85,
,Woking,1489,,62.74,
,Adur,1822,,51.37,
,Arun,4994,,52.88,
,Chichester,2827,,51.67,
,Crawley,2181,,67.7,
,Horsham,2254,,53.65,
,Mid Sussex,2238,,54.18,
,Worthing,2903,,52.75,
,Bath and North East Somerset,3585,,52.1,
,Bournemouth,6006,,56.25,
,"Bristol, City of",10509,,61.61,
,Cornwall,19550,,48.5,
,Isles of Scilly,35,,51.3,
,North Somerset,5315,,51.42,
,Plymouth,7456,,52.62,
,Poole,3932,,51.51,
,South Gloucestershire,4788,,52.69,
,Swindon,4656,,64.95,
,Torbay,6074,,52.97,
,Wiltshire,9435,,51.37,
,East Devon,3791,,48.08,
,Exeter,2810,,50.53,
,Mid Devon,2035,,51.65,
,North Devon,2957,,49.11,
,South Hams,2359,,53.97,
,Teignbridge,4049,,50.34,
,Torridge,2305,,47.45,
,West Devon,1580,,52.63,
,Christchurch,1627,,49.34,
,East Dorset,2080,,48.34,
,North Dorset,1621,,49.85,
,Purbeck,1252,,48.86,
,West Dorset,2823,,49.64,
,Weymouth and Portland,1997,,50.24,
,Cheltenham,2313,,51.79,
,Cotswold,1857,,48.7,
,Forest of Dean,2385,,52.69,
,Gloucester,2857,,56.53,
,Stroud,2463,,51.15,
,Tewkesbury,1718,,53.9,
,Mendip,2758,,51.38,
,Sedgemoor,3368,,48.65,
,South Somerset,4124,,49.58,
,Taunton Deane,2912,,50.62,
,West Somerset,1379,,54.86,
,Total,1458388,,58.91,
,,,,,
,,,,,
INFO,Statistical disclosure control has been applied to this table to avoid the release of confidential data.  Totals may not sum due to the disclosure control applied.,,,,
,,,,,
,,,,,
Symbol,Description,,,,
I,"The move to publishing benefit data via the Stat-Xplore instead of the DWP Tabulation Tool has involved adopting a new disclosure control methodology, in line with other benefits published via this new tool. Although the data still comes from the same source there may be small differences in the outputs displayed using this new tool, when compared to the Tabulation Tool.",,,,
II,""".."" denotes a nil or negligible number of claimants or award amount based on a nil or negligible number of claimants.",,,,
,,,,,
,,,,,
Source: Department for Work and Pensions,,,,,