Stat-Xplore,,,,
,,,,
Pension Credit - Data from May 2018 (I II),,,,
Quarter and National - Regional - LA - OAs by Measures,,,,
"Counting: Pension Credit Caseload - 2011 Geographies, Mean of Weekly Award Amount",,,,
,,,,
Quarter,National - Regional - LA - OAs,Counting,Count,Annotations
May-18,England,Pension Credit Caseload - 2011 Geographies,1428206,
May-18,England,Mean of Weekly Award Amount,59.52,
May-18,County Durham,Pension Credit Caseload - 2011 Geographies,18735,
May-18,County Durham,Mean of Weekly Award Amount,48.12,
May-18,Darlington,Pension Credit Caseload - 2011 Geographies,3337,
May-18,Darlington,Mean of Weekly Award Amount,52.3,
May-18,Hartlepool,Pension Credit Caseload - 2011 Geographies,4048,
May-18,Hartlepool,Mean of Weekly Award Amount,52.89,
May-18,Middlesbrough,Pension Credit Caseload - 2011 Geographies,5337,
May-18,Middlesbrough,Mean of Weekly Award Amount,53.15,
May-18,Northumberland,Pension Credit Caseload - 2011 Geographies,9130,
May-18,Northumberland,Mean of Weekly Award Amount,47.69,
May-18,Redcar and Cleveland,Pension Credit Caseload - 2011 Geographies,5211,
May-18,Redcar and Cleveland,Mean of Weekly Award Amount,48.43,
May-18,Stockton-on-Tees,Pension Credit Caseload - 2011 Geographies,5824,
May-18,Stockton-on-Tees,Mean of Weekly Award Amount,50.23,
May-18,Gateshead,Pension Credit Caseload - 2011 Geographies,7722,
May-18,Gateshead,Mean of Weekly Award Amount,49.53,
May-18,Newcastle upon Tyne,Pension Credit Caseload - 2011 Geographies,9445,
May-18,Newcastle upon Tyne,Mean of Weekly Award Amount,56.91,
May-18,North Tyneside,Pension Credit Caseload - 2011 Geographies,6875,
May-18,North Tyneside,Mean of Weekly Award Amount,47.74,
May-18,South Tyneside,Pension Credit Caseload - 2011 Geographies,6566,
May-18,South Tyneside,Mean of Weekly Award Amount,48.81,
May-18,Sunderland,Pension Credit Caseload - 2011 Geographies,11863,
May-18,Sunderland,Mean of Weekly Award Amount,49.18,
May-18,Blackburn with Darwen,Pension Credit Caseload - 2011 Geographies,4820,
May-18,Blackburn with Darwen,Mean of Weekly Award Amount,65.63,
May-18,Blackpool,Pension Credit Caseload - 2011 Geographies,6661,
May-18,Blackpool,Mean of Weekly Award Amount,53.94,
May-18,Cheshire East,Pension Credit Caseload - 2011 Geographies,7533,
May-18,Cheshire East,Mean of Weekly Award Amount,51.5,
May-18,Cheshire West and Chester,Pension Credit Caseload - 2011 Geographies,8130,
May-18,Cheshire West and Chester,Mean of Weekly Award Amount,51.17,
May-18,Cumberland,Pension Credit Caseload - 2011 Geographies,7412,
May-18,Cumberland,Mean of Weekly Award Amount,49.06,
May-18,Halton,Pension Credit Caseload - 2011 Geographies,4161,
May-18,Halton,Mean of Weekly Award Amount,53.76,
May-18,Warrington,Pension Credit Caseload - 2011 Geographies,4712,
May-18,Warrington,Mean of Weekly Award Amount,50.77,
May-18,Westmorland and Furness,Pension Credit Caseload - 2011 Geographies,5370,
May-18,Westmorland and Furness,Mean of Weekly Award Amount,51.99,
May-18,Bolton,Pension Credit Caseload - 2011 Geographies,9178,
May-18,Bolton,Mean of Weekly Award Amount,58.45,
May-18,Bury,Pension Credit Caseload - 2011 Geographies,5001,
May-18,Bury,Mean of Weekly Award Amount,55.77,
May-18,Manchester,Pension Credit Caseload - 2011 Geographies,16972,
May-18,Manchester,Mean of Weekly Award Amount,70.68,
May-18,Oldham,Pension Credit Caseload - 2011 Geographies,6976,
May-18,Oldham,Mean of Weekly Award Amount,57.83,
May-18,Rochdale,Pension Credit Caseload - 2011 Geographies,7219,
May-18,Rochdale,Mean of Weekly Award Amount,55.62,
May-18,Salford,Pension Credit Caseload - 2011 Geographies,8028,
May-18,Salford,Mean of Weekly Award Amount,55.65,
May-18,Stockport,Pension Credit Caseload - 2011 Geographies,7380,
May-18,Stockport,Mean of Weekly Award Amount,56.79,
May-18,Tameside,Pension Credit Caseload - 2011 Geographies,7055,
May-18,Tameside,Mean of Weekly Award Amount,51.8,
May-18,Trafford,Pension Credit Caseload - 2011 Geographies,5275,
May-18,Trafford,Mean of Weekly Award Amount,60.36,
May-18,Wigan,Pension Credit Caseload - 2011 Geographies,9855,
May-18,Wigan,Mean of Weekly Award Amount,48.54,
May-18,Burnley,Pension Credit Caseload - 2011 Geographies,3059,
May-18,Burnley,Mean of Weekly Award Amount,53.7,
May-18,Chorley,Pension Credit Caseload - 2011 Geographies,2679,
May-18,Chorley,Mean of Weekly Award Amount,48.2,
May-18,Fylde,Pension Credit Caseload - 2011 Geographies,2309,
May-18,Fylde,Mean of Weekly Award Amount,53.37,
May-18,Hyndburn,Pension Credit Caseload - 2011 Geographies,2633,
May-18,Hyndburn,Mean of Weekly Award Amount,54.46,
May-18,Lancaster,Pension Credit Caseload - 2011 Geographies,4061,
May-18,Lancaster,Mean of Weekly Award Amount,53.28,
May-18,Pendle,Pension Credit Caseload - 2011 Geographies,3065,
May-18,Pendle,Mean of Weekly Award Amount,59.57,
May-18,Preston,Pension Credit Caseload - 2011 Geographies,3914,
May-18,Preston,Mean of Weekly Award Amount,60.88,
May-18,Ribble Valley,Pension Credit Caseload - 2011 Geographies,1005,
May-18,Ribble Valley,Mean of Weekly Award Amount,48.78,
May-18,Rossendale,Pension Credit Caseload - 2011 Geographies,2097,
May-18,Rossendale,Mean of Weekly Award Amount,49.05,
May-18,South Ribble,Pension Credit Caseload - 2011 Geographies,2395,
May-18,South Ribble,Mean of Weekly Award Amount,50.86,
May-18,West Lancashire,Pension Credit Caseload - 2011 Geographies,3538,
May-18,West Lancashire,Mean of Weekly Award Amount,50.31,
May-18,Wyre,Pension Credit Caseload - 2011 Geographies,3808,
May-18,Wyre,Mean of Weekly Award Amount,52.9,
May-18,Knowsley,Pension Credit Caseload - 2011 Geographies,7250,
May-18,Knowsley,Mean of Weekly Award Amount,55.64,
May-18,Liverpool,Pension Credit Caseload - 2011 Geographies,21305,
May-18,Liverpool,Mean of Weekly Award Amount,59.8,
May-18,Sefton,Pension Credit Caseload - 2011 Geographies,10671,
May-18,Sefton,Mean of Weekly Award Amount,52.4,
May-18,St. Helens,Pension Credit Caseload - 2011 Geographies,6109,
May-18,St. Helens,Mean of Weekly Award Amount,51.88,
May-18,Wirral,Pension Credit Caseload - 2011 Geographies,11254,
May-18,Wirral,Mean of Weekly Award Amount,54.31,
May-18,East Riding of Yorkshire,Pension Credit Caseload - 2011 Geographies,9595,
May-18,East Riding of Yorkshire,Mean of Weekly Award Amount,46.06,
May-18,"Kingston upon Hull, City of",Pension Credit Caseload - 2011 Geographies,10148,
May-18,"Kingston upon Hull, City of",Mean of Weekly Award Amount,51.32,
May-18,North East Lincolnshire,Pension Credit Caseload - 2011 Geographies,5662,
May-18,North East Lincolnshire,Mean of Weekly Award Amount,50.76,
May-18,North Lincolnshire,Pension Credit Caseload - 2011 Geographies,4986,
May-18,North Lincolnshire,Mean of Weekly Award Amount,50.03,
May-18,North Yorkshire,Pension Credit Caseload - 2011 Geographies,14407,
May-18,North Yorkshire,Mean of Weekly Award Amount,49.71,
May-18,York,Pension Credit Caseload - 2011 Geographies,3719,
May-18,York,Mean of Weekly Award Amount,49.71,
May-18,Barnsley,Pension Credit Caseload - 2011 Geographies,7570,
May-18,Barnsley,Mean of Weekly Award Amount,49.75,
May-18,Doncaster,Pension Credit Caseload - 2011 Geographies,9542,
May-18,Doncaster,Mean of Weekly Award Amount,51.11,
May-18,Rotherham,Pension Credit Caseload - 2011 Geographies,8459,
May-18,Rotherham,Mean of Weekly Award Amount,49.11,
May-18,Sheffield,Pension Credit Caseload - 2011 Geographies,17175,
May-18,Sheffield,Mean of Weekly Award Amount,53.97,
May-18,Bradford,Pension Credit Caseload - 2011 Geographies,16293,
May-18,Bradford,Mean of Weekly Award Amount,58.87,
May-18,Calderdale,Pension Credit Caseload - 2011 Geographies,5618,
May-18,Calderdale,Mean of Weekly Award Amount,51.23,
May-18,Kirklees,Pension Credit Caseload - 2011 Geographies,11274,
May-18,Kirklees,Mean of Weekly Award Amount,53.43,
May-18,Leeds,Pension Credit Caseload - 2011 Geographies,19500,
May-18,Leeds,Mean of Weekly Award Amount,54.08,
May-18,Wakefield,Pension Credit Caseload - 2011 Geographies,9528,
May-18,Wakefield,Mean of Weekly Award Amount,49.33,
May-18,Derby,Pension Credit Caseload - 2011 Geographies,6948,
May-18,Derby,Mean of Weekly Award Amount,58.78,
May-18,Leicester,Pension Credit Caseload - 2011 Geographies,12370,
May-18,Leicester,Mean of Weekly Award Amount,86.49,
May-18,North Northamptonshire,Pension Credit Caseload - 2011 Geographies,7880,
May-18,North Northamptonshire,Mean of Weekly Award Amount,51.5,
May-18,Nottingham,Pension Credit Caseload - 2011 Geographies,9063,
May-18,Nottingham,Mean of Weekly Award Amount,58.28,
May-18,Rutland,Pension Credit Caseload - 2011 Geographies,647,
May-18,Rutland,Mean of Weekly Award Amount,48.71,
May-18,West Northamptonshire,Pension Credit Caseload - 2011 Geographies,7751,
May-18,West Northamptonshire,Mean of Weekly Award Amount,56.17,
May-18,Amber Valley,Pension Credit Caseload - 2011 Geographies,3272,
May-18,Amber Valley,Mean of Weekly Award Amount,48.94,
May-18,Bolsover,Pension Credit Caseload - 2011 Geographies,2407,
May-18,Bolsover,Mean of Weekly Award Amount,48.06,
May-18,Chesterfield,Pension Credit Caseload - 2011 Geographies,3347,
May-18,Chesterfield,Mean of Weekly Award Amount,48.95,
May-18,Derbyshire Dales,Pension Credit Caseload - 2011 Geographies,1521,
May-18,Derbyshire Dales,Mean of Weekly Award Amount,50,
May-18,Erewash,Pension Credit Caseload - 2011 Geographies,3004,
May-18,Erewash,Mean of Weekly Award Amount,44.78,
May-18,High Peak,Pension Credit Caseload - 2011 Geographies,2094,
May-18,High Peak,Mean of Weekly Award Amount,49.93,
May-18,North East Derbyshire,Pension Credit Caseload - 2011 Geographies,2932,
May-18,North East Derbyshire,Mean of Weekly Award Amount,48,
May-18,South Derbyshire,Pension Credit Caseload - 2011 Geographies,1859,
May-18,South Derbyshire,Mean of Weekly Award Amount,47.45,
May-18,Blaby,Pension Credit Caseload - 2011 Geographies,1943,
May-18,Blaby,Mean of Weekly Award Amount,50.57,
May-18,Charnwood,Pension Credit Caseload - 2011 Geographies,3397,
May-18,Charnwood,Mean of Weekly Award Amount,52.93,
May-18,Harborough,Pension Credit Caseload - 2011 Geographies,1519,
May-18,Harborough,Mean of Weekly Award Amount,49.49,
May-18,Hinckley and Bosworth,Pension Credit Caseload - 2011 Geographies,2341,
May-18,Hinckley and Bosworth,Mean of Weekly Award Amount,46.64,
May-18,Melton,Pension Credit Caseload - 2011 Geographies,936,
May-18,Melton,Mean of Weekly Award Amount,46.4,
May-18,North West Leicestershire,Pension Credit Caseload - 2011 Geographies,2017,
May-18,North West Leicestershire,Mean of Weekly Award Amount,49.32,
May-18,Oadby and Wigston,Pension Credit Caseload - 2011 Geographies,1344,
May-18,Oadby and Wigston,Mean of Weekly Award Amount,57.32,
May-18,Boston,Pension Credit Caseload - 2011 Geographies,2210,
May-18,Boston,Mean of Weekly Award Amount,55.28,
May-18,East Lindsey,Pension Credit Caseload - 2011 Geographies,6174,
May-18,East Lindsey,Mean of Weekly Award Amount,51.44,
May-18,Lincoln,Pension Credit Caseload - 2011 Geographies,2674,
May-18,Lincoln,Mean of Weekly Award Amount,52.73,
May-18,North Kesteven,Pension Credit Caseload - 2011 Geographies,2721,
May-18,North Kesteven,Mean of Weekly Award Amount,49.47,
May-18,South Holland,Pension Credit Caseload - 2011 Geographies,2674,
May-18,South Holland,Mean of Weekly Award Amount,49.15,
May-18,South Kesteven,Pension Credit Caseload - 2011 Geographies,3039,
May-18,South Kesteven,Mean of Weekly Award Amount,49.64,
May-18,West Lindsey,Pension Credit Caseload - 2011 Geographies,2514,
May-18,West Lindsey,Mean of Weekly Award Amount,50.22,
May-18,Ashfield,Pension Credit Caseload - 2011 Geographies,3492,
May-18,Ashfield,Mean of Weekly Award Amount,48.19,
May-18,Bassetlaw,Pension Credit Caseload - 2011 Geographies,3128,
May-18,Bassetlaw,Mean of Weekly Award Amount,48.23,
May-18,Broxtowe,Pension Credit Caseload - 2011 Geographies,2698,
May-18,Broxtowe,Mean of Weekly Award Amount,48.67,
May-18,Gedling,Pension Credit Caseload - 2011 Geographies,2646,
May-18,Gedling,Mean of Weekly Award Amount,47.12,
May-18,Mansfield,Pension Credit Caseload - 2011 Geographies,3012,
May-18,Mansfield,Mean of Weekly Award Amount,49.38,
May-18,Newark and Sherwood,Pension Credit Caseload - 2011 Geographies,2767,
May-18,Newark and Sherwood,Mean of Weekly Award Amount,50.29,
May-18,Rushcliffe,Pension Credit Caseload - 2011 Geographies,1911,
May-18,Rushcliffe,Mean of Weekly Award Amount,48.47,
May-18,"Herefordshire, County of",Pension Credit Caseload - 2011 Geographies,5025,
May-18,"Herefordshire, County of",Mean of Weekly Award Amount,52.19,
May-18,Shropshire,Pension Credit Caseload - 2011 Geographies,8524,
May-18,Shropshire,Mean of Weekly Award Amount,50.46,
May-18,Stoke-on-Trent,Pension Credit Caseload - 2011 Geographies,8195,
May-18,Stoke-on-Trent,Mean of Weekly Award Amount,50.62,
May-18,Telford and Wrekin,Pension Credit Caseload - 2011 Geographies,5057,
May-18,Telford and Wrekin,Mean of Weekly Award Amount,53.37,
May-18,Cannock Chase,Pension Credit Caseload - 2011 Geographies,2899,
May-18,Cannock Chase,Mean of Weekly Award Amount,48.32,
May-18,East Staffordshire,Pension Credit Caseload - 2011 Geographies,2508,
May-18,East Staffordshire,Mean of Weekly Award Amount,52.11,
May-18,Lichfield,Pension Credit Caseload - 2011 Geographies,2299,
May-18,Lichfield,Mean of Weekly Award Amount,47.84,
May-18,Newcastle-under-Lyme,Pension Credit Caseload - 2011 Geographies,3310,
May-18,Newcastle-under-Lyme,Mean of Weekly Award Amount,47.74,
May-18,South Staffordshire,Pension Credit Caseload - 2011 Geographies,2888,
May-18,South Staffordshire,Mean of Weekly Award Amount,47.74,
May-18,Stafford,Pension Credit Caseload - 2011 Geographies,2615,
May-18,Stafford,Mean of Weekly Award Amount,48.76,
May-18,Staffordshire Moorlands,Pension Credit Caseload - 2011 Geographies,2310,
May-18,Staffordshire Moorlands,Mean of Weekly Award Amount,47.63,
May-18,Tamworth,Pension Credit Caseload - 2011 Geographies,2178,
May-18,Tamworth,Mean of Weekly Award Amount,47.64,
May-18,North Warwickshire,Pension Credit Caseload - 2011 Geographies,1698,
May-18,North Warwickshire,Mean of Weekly Award Amount,46.68,
May-18,Nuneaton and Bedworth,Pension Credit Caseload - 2011 Geographies,3486,
May-18,Nuneaton and Bedworth,Mean of Weekly Award Amount,54.59,
May-18,Rugby,Pension Credit Caseload - 2011 Geographies,1997,
May-18,Rugby,Mean of Weekly Award Amount,53.42,
May-18,Stratford-on-Avon,Pension Credit Caseload - 2011 Geographies,2644,
May-18,Stratford-on-Avon,Mean of Weekly Award Amount,50.44,
May-18,Warwick,Pension Credit Caseload - 2011 Geographies,2658,
May-18,Warwick,Mean of Weekly Award Amount,51.02,
May-18,Birmingham,Pension Credit Caseload - 2011 Geographies,37014,
May-18,Birmingham,Mean of Weekly Award Amount,66.36,
May-18,Coventry,Pension Credit Caseload - 2011 Geographies,9155,
May-18,Coventry,Mean of Weekly Award Amount,61.18,
May-18,Dudley,Pension Credit Caseload - 2011 Geographies,10401,
May-18,Dudley,Mean of Weekly Award Amount,49.44,
May-18,Sandwell,Pension Credit Caseload - 2011 Geographies,12579,
May-18,Sandwell,Mean of Weekly Award Amount,59.11,
May-18,Solihull,Pension Credit Caseload - 2011 Geographies,4987,
May-18,Solihull,Mean of Weekly Award Amount,54.35,
May-18,Walsall,Pension Credit Caseload - 2011 Geographies,10199,
May-18,Walsall,Mean of Weekly Award Amount,55.29,
May-18,Wolverhampton,Pension Credit Caseload - 2011 Geographies,9490,
May-18,Wolverhampton,Mean of Weekly Award Amount,57.1,
May-18,Bromsgrove,Pension Credit Caseload - 2011 Geographies,1948,
May-18,Bromsgrove,Mean of Weekly Award Amount,47.61,
May-18,Malvern Hills,Pension Credit Caseload - 2011 Geographies,1982,
May-18,Malvern Hills,Mean of Weekly Award Amount,51.16,
May-18,Redditch,Pension Credit Caseload - 2011 Geographies,2190,
May-18,Redditch,Mean of Weekly Award Amount,53.99,
May-18,Worcester,Pension Credit Caseload - 2011 Geographies,2202,
May-18,Worcester,Mean of Weekly Award Amount,52.79,
May-18,Wychavon,Pension Credit Caseload - 2011 Geographies,2775,
May-18,Wychavon,Mean of Weekly Award Amount,52.35,
May-18,Wyre Forest,Pension Credit Caseload - 2011 Geographies,3043,
May-18,Wyre Forest,Mean of Weekly Award Amount,47.48,
May-18,Bedford,Pension Credit Caseload - 2011 Geographies,3469,
May-18,Bedford,Mean of Weekly Award Amount,57.28,
May-18,Central Bedfordshire,Pension Credit Caseload - 2011 Geographies,4563,
May-18,Central Bedfordshire,Mean of Weekly Award Amount,51.59,
May-18,Luton,Pension Credit Caseload - 2011 Geographies,5134,
May-18,Luton,Mean of Weekly Award Amount,71.1,
May-18,Peterborough,Pension Credit Caseload - 2011 Geographies,4967,
May-18,Peterborough,Mean of Weekly Award Amount,64.66,
May-18,Southend-on-Sea,Pension Credit Caseload - 2011 Geographies,5294,
May-18,Southend-on-Sea,Mean of Weekly Award Amount,55.45,
May-18,Thurrock,Pension Credit Caseload - 2011 Geographies,3531,
May-18,Thurrock,Mean of Weekly Award Amount,58.5,
May-18,Cambridge,Pension Credit Caseload - 2011 Geographies,1785,
May-18,Cambridge,Mean of Weekly Award Amount,63.57,
May-18,East Cambridgeshire,Pension Credit Caseload - 2011 Geographies,1652,
May-18,East Cambridgeshire,Mean of Weekly Award Amount,53.12,
May-18,Fenland,Pension Credit Caseload - 2011 Geographies,3194,
May-18,Fenland,Mean of Weekly Award Amount,52.35,
May-18,Huntingdonshire,Pension Credit Caseload - 2011 Geographies,2918,
May-18,Huntingdonshire,Mean of Weekly Award Amount,50.91,
May-18,South Cambridgeshire,Pension Credit Caseload - 2011 Geographies,2079,
May-18,South Cambridgeshire,Mean of Weekly Award Amount,57.11,
May-18,Basildon,Pension Credit Caseload - 2011 Geographies,4684,
May-18,Basildon,Mean of Weekly Award Amount,54.83,
May-18,Braintree,Pension Credit Caseload - 2011 Geographies,3439,
May-18,Braintree,Mean of Weekly Award Amount,50.4,
May-18,Brentwood,Pension Credit Caseload - 2011 Geographies,1308,
May-18,Brentwood,Mean of Weekly Award Amount,54.4,
May-18,Castle Point,Pension Credit Caseload - 2011 Geographies,2556,
May-18,Castle Point,Mean of Weekly Award Amount,51.43,
May-18,Chelmsford,Pension Credit Caseload - 2011 Geographies,2896,
May-18,Chelmsford,Mean of Weekly Award Amount,54.28,
May-18,Colchester,Pension Credit Caseload - 2011 Geographies,3530,
May-18,Colchester,Mean of Weekly Award Amount,57.04,
May-18,Epping Forest,Pension Credit Caseload - 2011 Geographies,2914,
May-18,Epping Forest,Mean of Weekly Award Amount,58.47,
May-18,Harlow,Pension Credit Caseload - 2011 Geographies,2101,
May-18,Harlow,Mean of Weekly Award Amount,52.78,
May-18,Maldon,Pension Credit Caseload - 2011 Geographies,1575,
May-18,Maldon,Mean of Weekly Award Amount,51.29,
May-18,Rochford,Pension Credit Caseload - 2011 Geographies,1834,
May-18,Rochford,Mean of Weekly Award Amount,49.44,
May-18,Tendring,Pension Credit Caseload - 2011 Geographies,6195,
May-18,Tendring,Mean of Weekly Award Amount,52.67,
May-18,Uttlesford,Pension Credit Caseload - 2011 Geographies,1388,
May-18,Uttlesford,Mean of Weekly Award Amount,51.09,
May-18,Broxbourne,Pension Credit Caseload - 2011 Geographies,2180,
May-18,Broxbourne,Mean of Weekly Award Amount,59.59,
May-18,Dacorum,Pension Credit Caseload - 2011 Geographies,2528,
May-18,Dacorum,Mean of Weekly Award Amount,56.02,
May-18,East Hertfordshire,Pension Credit Caseload - 2011 Geographies,2151,
May-18,East Hertfordshire,Mean of Weekly Award Amount,55,
May-18,Hertsmere,Pension Credit Caseload - 2011 Geographies,2155,
May-18,Hertsmere,Mean of Weekly Award Amount,64.93,
May-18,North Hertfordshire,Pension Credit Caseload - 2011 Geographies,2387,
May-18,North Hertfordshire,Mean of Weekly Award Amount,52.02,
May-18,St Albans,Pension Credit Caseload - 2011 Geographies,1775,
May-18,St Albans,Mean of Weekly Award Amount,59.2,
May-18,Stevenage,Pension Credit Caseload - 2011 Geographies,1822,
May-18,Stevenage,Mean of Weekly Award Amount,56.14,
May-18,Three Rivers,Pension Credit Caseload - 2011 Geographies,1521,
May-18,Three Rivers,Mean of Weekly Award Amount,63.51,
May-18,Watford,Pension Credit Caseload - 2011 Geographies,1676,
May-18,Watford,Mean of Weekly Award Amount,66.48,
May-18,Welwyn Hatfield,Pension Credit Caseload - 2011 Geographies,1910,
May-18,Welwyn Hatfield,Mean of Weekly Award Amount,58.42,
May-18,Breckland,Pension Credit Caseload - 2011 Geographies,3840,
May-18,Breckland,Mean of Weekly Award Amount,48.35,
May-18,Broadland,Pension Credit Caseload - 2011 Geographies,2835,
May-18,Broadland,Mean of Weekly Award Amount,48.17,
May-18,Great Yarmouth,Pension Credit Caseload - 2011 Geographies,4100,
May-18,Great Yarmouth,Mean of Weekly Award Amount,48.65,
May-18,King's Lynn and West Norfolk,Pension Credit Caseload - 2011 Geographies,4800,
May-18,King's Lynn and West Norfolk,Mean of Weekly Award Amount,51.09,
May-18,North Norfolk,Pension Credit Caseload - 2011 Geographies,3587,
May-18,North Norfolk,Mean of Weekly Award Amount,47.31,
May-18,Norwich,Pension Credit Caseload - 2011 Geographies,4271,
May-18,Norwich,Mean of Weekly Award Amount,53.08,
May-18,South Norfolk,Pension Credit Caseload - 2011 Geographies,3040,
May-18,South Norfolk,Mean of Weekly Award Amount,49.4,
May-18,Babergh,Pension Credit Caseload - 2011 Geographies,2161,
May-18,Babergh,Mean of Weekly Award Amount,47.26,
May-18,East Suffolk,Pension Credit Caseload - 2011 Geographies,6988,
May-18,East Suffolk,Mean of Weekly Award Amount,49.67,
May-18,Ipswich,Pension Credit Caseload - 2011 Geographies,3425,
May-18,Ipswich,Mean of Weekly Award Amount,57.29,
May-18,Mid Suffolk,Pension Credit Caseload - 2011 Geographies,2126,
May-18,Mid Suffolk,Mean of Weekly Award Amount,50.83,
May-18,West Suffolk,Pension Credit Caseload - 2011 Geographies,3679,
May-18,West Suffolk,Mean of Weekly Award Amount,50.33,
May-18,Camden,Pension Credit Caseload - 2011 Geographies,6738,
May-18,Camden,Mean of Weekly Award Amount,89.77,
May-18,City of London,Pension Credit Caseload - 2011 Geographies,113,
May-18,City of London,Mean of Weekly Award Amount,82.48,
May-18,Hackney,Pension Credit Caseload - 2011 Geographies,8247,
May-18,Hackney,Mean of Weekly Award Amount,91.63,
May-18,Hammersmith and Fulham,Pension Credit Caseload - 2011 Geographies,4960,
May-18,Hammersmith and Fulham,Mean of Weekly Award Amount,86.5,
May-18,Haringey,Pension Credit Caseload - 2011 Geographies,7765,
May-18,Haringey,Mean of Weekly Award Amount,91.68,
May-18,Islington,Pension Credit Caseload - 2011 Geographies,6789,
May-18,Islington,Mean of Weekly Award Amount,83.73,
May-18,Kensington and Chelsea,Pension Credit Caseload - 2011 Geographies,4734,
May-18,Kensington and Chelsea,Mean of Weekly Award Amount,91.27,
May-18,Lambeth,Pension Credit Caseload - 2011 Geographies,8312,
May-18,Lambeth,Mean of Weekly Award Amount,83.97,
May-18,Lewisham,Pension Credit Caseload - 2011 Geographies,6920,
May-18,Lewisham,Mean of Weekly Award Amount,77.4,
May-18,Newham,Pension Credit Caseload - 2011 Geographies,9136,
May-18,Newham,Mean of Weekly Award Amount,94.9,
May-18,Southwark,Pension Credit Caseload - 2011 Geographies,8211,
May-18,Southwark,Mean of Weekly Award Amount,83.75,
May-18,Tower Hamlets,Pension Credit Caseload - 2011 Geographies,8075,
May-18,Tower Hamlets,Mean of Weekly Award Amount,91.15,
May-18,Wandsworth,Pension Credit Caseload - 2011 Geographies,6539,
May-18,Wandsworth,Mean of Weekly Award Amount,81.79,
May-18,Westminster,Pension Credit Caseload - 2011 Geographies,6482,
May-18,Westminster,Mean of Weekly Award Amount,98.16,
May-18,Barking and Dagenham,Pension Credit Caseload - 2011 Geographies,5333,
May-18,Barking and Dagenham,Mean of Weekly Award Amount,75.07,
May-18,Barnet,Pension Credit Caseload - 2011 Geographies,8582,
May-18,Barnet,Mean of Weekly Award Amount,91.43,
May-18,Bexley,Pension Credit Caseload - 2011 Geographies,4530,
May-18,Bexley,Mean of Weekly Award Amount,63.53,
May-18,Brent,Pension Credit Caseload - 2011 Geographies,9892,
May-18,Brent,Mean of Weekly Award Amount,99.55,
May-18,Bromley,Pension Credit Caseload - 2011 Geographies,5809,
May-18,Bromley,Mean of Weekly Award Amount,65.14,
May-18,Croydon,Pension Credit Caseload - 2011 Geographies,8138,
May-18,Croydon,Mean of Weekly Award Amount,79.35,
May-18,Ealing,Pension Credit Caseload - 2011 Geographies,9509,
May-18,Ealing,Mean of Weekly Award Amount,104.28,
May-18,Enfield,Pension Credit Caseload - 2011 Geographies,8852,
May-18,Enfield,Mean of Weekly Award Amount,84.2,
May-18,Greenwich,Pension Credit Caseload - 2011 Geographies,6926,
May-18,Greenwich,Mean of Weekly Award Amount,85.29,
May-18,Harrow,Pension Credit Caseload - 2011 Geographies,6397,
May-18,Harrow,Mean of Weekly Award Amount,109.67,
May-18,Havering,Pension Credit Caseload - 2011 Geographies,5506,
May-18,Havering,Mean of Weekly Award Amount,59.32,
May-18,Hillingdon,Pension Credit Caseload - 2011 Geographies,5872,
May-18,Hillingdon,Mean of Weekly Award Amount,89.57,
May-18,Hounslow,Pension Credit Caseload - 2011 Geographies,6264,
May-18,Hounslow,Mean of Weekly Award Amount,98.28,
May-18,Kingston upon Thames,Pension Credit Caseload - 2011 Geographies,2702,
May-18,Kingston upon Thames,Mean of Weekly Award Amount,87.27,
May-18,Merton,Pension Credit Caseload - 2011 Geographies,3892,
May-18,Merton,Mean of Weekly Award Amount,83.91,
May-18,Redbridge,Pension Credit Caseload - 2011 Geographies,7104,
May-18,Redbridge,Mean of Weekly Award Amount,88.37,
May-18,Richmond upon Thames,Pension Credit Caseload - 2011 Geographies,2923,
May-18,Richmond upon Thames,Mean of Weekly Award Amount,75.85,
May-18,Sutton,Pension Credit Caseload - 2011 Geographies,3642,
May-18,Sutton,Mean of Weekly Award Amount,72.15,
May-18,Waltham Forest,Pension Credit Caseload - 2011 Geographies,6593,
May-18,Waltham Forest,Mean of Weekly Award Amount,79.48,
May-18,Bracknell Forest,Pension Credit Caseload - 2011 Geographies,1765,
May-18,Bracknell Forest,Mean of Weekly Award Amount,65.71,
May-18,Brighton and Hove,Pension Credit Caseload - 2011 Geographies,7236,
May-18,Brighton and Hove,Mean of Weekly Award Amount,64.34,
May-18,Buckinghamshire,Pension Credit Caseload - 2011 Geographies,7750,
May-18,Buckinghamshire,Mean of Weekly Award Amount,59.61,
May-18,Isle of Wight,Pension Credit Caseload - 2011 Geographies,5077,
May-18,Isle of Wight,Mean of Weekly Award Amount,51.17,
May-18,Medway,Pension Credit Caseload - 2011 Geographies,5990,
May-18,Medway,Mean of Weekly Award Amount,55.09,
May-18,Milton Keynes,Pension Credit Caseload - 2011 Geographies,4801,
May-18,Milton Keynes,Mean of Weekly Award Amount,64.27,
May-18,Portsmouth,Pension Credit Caseload - 2011 Geographies,5320,
May-18,Portsmouth,Mean of Weekly Award Amount,57.5,
May-18,Reading,Pension Credit Caseload - 2011 Geographies,3426,
May-18,Reading,Mean of Weekly Award Amount,79.66,
May-18,Slough,Pension Credit Caseload - 2011 Geographies,3176,
May-18,Slough,Mean of Weekly Award Amount,83.74,
May-18,Southampton,Pension Credit Caseload - 2011 Geographies,5871,
May-18,Southampton,Mean of Weekly Award Amount,60.25,
May-18,West Berkshire,Pension Credit Caseload - 2011 Geographies,2354,
May-18,West Berkshire,Mean of Weekly Award Amount,52.55,
May-18,Windsor and Maidenhead,Pension Credit Caseload - 2011 Geographies,2264,
May-18,Windsor and Maidenhead,Mean of Weekly Award Amount,59.3,
May-18,Wokingham,Pension Credit Caseload - 2011 Geographies,1680,
May-18,Wokingham,Mean of Weekly Award Amount,56.77,
May-18,Eastbourne,Pension Credit Caseload - 2011 Geographies,3322,
May-18,Eastbourne,Mean of Weekly Award Amount,57.06,
May-18,Hastings,Pension Credit Caseload - 2011 Geographies,3565,
May-18,Hastings,Mean of Weekly Award Amount,57.56,
May-18,Lewes,Pension Credit Caseload - 2011 Geographies,2608,
May-18,Lewes,Mean of Weekly Award Amount,54.2,
May-18,Rother,Pension Credit Caseload - 2011 Geographies,3081,
May-18,Rother,Mean of Weekly Award Amount,53.7,
May-18,Wealden,Pension Credit Caseload - 2011 Geographies,3412,
May-18,Wealden,Mean of Weekly Award Amount,52.48,
May-18,Basingstoke and Deane,Pension Credit Caseload - 2011 Geographies,2536,
May-18,Basingstoke and Deane,Mean of Weekly Award Amount,60.01,
May-18,East Hampshire,Pension Credit Caseload - 2011 Geographies,1945,
May-18,East Hampshire,Mean of Weekly Award Amount,52.75,
May-18,Eastleigh,Pension Credit Caseload - 2011 Geographies,2134,
May-18,Eastleigh,Mean of Weekly Award Amount,52.24,
May-18,Fareham,Pension Credit Caseload - 2011 Geographies,1870,
May-18,Fareham,Mean of Weekly Award Amount,48.78,
May-18,Gosport,Pension Credit Caseload - 2011 Geographies,1906,
May-18,Gosport,Mean of Weekly Award Amount,50.34,
May-18,Hart,Pension Credit Caseload - 2011 Geographies,989,
May-18,Hart,Mean of Weekly Award Amount,58.88,
May-18,Havant,Pension Credit Caseload - 2011 Geographies,3545,
May-18,Havant,Mean of Weekly Award Amount,50.94,
May-18,New Forest,Pension Credit Caseload - 2011 Geographies,3914,
May-18,New Forest,Mean of Weekly Award Amount,50.76,
May-18,Rushmoor,Pension Credit Caseload - 2011 Geographies,2699,
May-18,Rushmoor,Mean of Weekly Award Amount,114.36,
May-18,Test Valley,Pension Credit Caseload - 2011 Geographies,2046,
May-18,Test Valley,Mean of Weekly Award Amount,52.78,
May-18,Winchester,Pension Credit Caseload - 2011 Geographies,1986,
May-18,Winchester,Mean of Weekly Award Amount,53.89,
May-18,Ashford,Pension Credit Caseload - 2011 Geographies,2894,
May-18,Ashford,Mean of Weekly Award Amount,68.58,
May-18,Canterbury,Pension Credit Caseload - 2011 Geographies,3788,
May-18,Canterbury,Mean of Weekly Award Amount,54.24,
May-18,Dartford,Pension Credit Caseload - 2011 Geographies,1692,
May-18,Dartford,Mean of Weekly Award Amount,55.42,
May-18,Dover,Pension Credit Caseload - 2011 Geographies,3261,
May-18,Dover,Mean of Weekly Award Amount,54.11,
May-18,Folkestone and Hythe,Pension Credit Caseload - 2011 Geographies,3691,
May-18,Folkestone and Hythe,Mean of Weekly Award Amount,60.78,
May-18,Gravesham,Pension Credit Caseload - 2011 Geographies,2371,
May-18,Gravesham,Mean of Weekly Award Amount,56.99,
May-18,Maidstone,Pension Credit Caseload - 2011 Geographies,3183,
May-18,Maidstone,Mean of Weekly Award Amount,59.97,
May-18,Sevenoaks,Pension Credit Caseload - 2011 Geographies,2018,
May-18,Sevenoaks,Mean of Weekly Award Amount,56.5,
May-18,Swale,Pension Credit Caseload - 2011 Geographies,3822,
May-18,Swale,Mean of Weekly Award Amount,54.51,
May-18,Thanet,Pension Credit Caseload - 2011 Geographies,5582,
May-18,Thanet,Mean of Weekly Award Amount,55.02,
May-18,Tonbridge and Malling,Pension Credit Caseload - 2011 Geographies,2111,
May-18,Tonbridge and Malling,Mean of Weekly Award Amount,55.12,
May-18,Tunbridge Wells,Pension Credit Caseload - 2011 Geographies,2021,
May-18,Tunbridge Wells,Mean of Weekly Award Amount,54.72,
May-18,Cherwell,Pension Credit Caseload - 2011 Geographies,2288,
May-18,Cherwell,Mean of Weekly Award Amount,54.19,
May-18,Oxford,Pension Credit Caseload - 2011 Geographies,2363,
May-18,Oxford,Mean of Weekly Award Amount,70.14,
May-18,South Oxfordshire,Pension Credit Caseload - 2011 Geographies,1962,
May-18,South Oxfordshire,Mean of Weekly Award Amount,51.92,
May-18,Vale of White Horse,Pension Credit Caseload - 2011 Geographies,1722,
May-18,Vale of White Horse,Mean of Weekly Award Amount,53.42,
May-18,West Oxfordshire,Pension Credit Caseload - 2011 Geographies,1742,
May-18,West Oxfordshire,Mean of Weekly Award Amount,52.56,
May-18,Elmbridge,Pension Credit Caseload - 2011 Geographies,1899,
May-18,Elmbridge,Mean of Weekly Award Amount,65.61,
May-18,Epsom and Ewell,Pension Credit Caseload - 2011 Geographies,998,
May-18,Epsom and Ewell,Mean of Weekly Award Amount,69.09,
May-18,Guildford,Pension Credit Caseload - 2011 Geographies,1777,
May-18,Guildford,Mean of Weekly Award Amount,57.36,
May-18,Mole Valley,Pension Credit Caseload - 2011 Geographies,1311,
May-18,Mole Valley,Mean of Weekly Award Amount,57.46,
May-18,Reigate and Banstead,Pension Credit Caseload - 2011 Geographies,2004,
May-18,Reigate and Banstead,Mean of Weekly Award Amount,60.96,
May-18,Runnymede,Pension Credit Caseload - 2011 Geographies,1366,
May-18,Runnymede,Mean of Weekly Award Amount,59.1,
May-18,Spelthorne,Pension Credit Caseload - 2011 Geographies,1601,
May-18,Spelthorne,Mean of Weekly Award Amount,61.52,
May-18,Surrey Heath,Pension Credit Caseload - 2011 Geographies,1146,
May-18,Surrey Heath,Mean of Weekly Award Amount,65.34,
May-18,Tandridge,Pension Credit Caseload - 2011 Geographies,1221,
May-18,Tandridge,Mean of Weekly Award Amount,59.09,
May-18,Waverley,Pension Credit Caseload - 2011 Geographies,1842,
May-18,Waverley,Mean of Weekly Award Amount,55.23,
May-18,Woking,Pension Credit Caseload - 2011 Geographies,1447,
May-18,Woking,Mean of Weekly Award Amount,64.02,
May-18,Adur,Pension Credit Caseload - 2011 Geographies,1781,
May-18,Adur,Mean of Weekly Award Amount,52.02,
May-18,Arun,Pension Credit Caseload - 2011 Geographies,4854,
May-18,Arun,Mean of Weekly Award Amount,53.33,
May-18,Chichester,Pension Credit Caseload - 2011 Geographies,2736,
May-18,Chichester,Mean of Weekly Award Amount,52.68,
May-18,Crawley,Pension Credit Caseload - 2011 Geographies,2145,
May-18,Crawley,Mean of Weekly Award Amount,69.17,
May-18,Horsham,Pension Credit Caseload - 2011 Geographies,2165,
May-18,Horsham,Mean of Weekly Award Amount,54.77,
May-18,Mid Sussex,Pension Credit Caseload - 2011 Geographies,2158,
May-18,Mid Sussex,Mean of Weekly Award Amount,55.09,
May-18,Worthing,Pension Credit Caseload - 2011 Geographies,2830,
May-18,Worthing,Mean of Weekly Award Amount,53.61,
May-18,Bath and North East Somerset,Pension Credit Caseload - 2011 Geographies,3518,
May-18,Bath and North East Somerset,Mean of Weekly Award Amount,52.66,
May-18,"Bournemouth, Christchurch and Poole",Pension Credit Caseload - 2011 Geographies,11290,
May-18,"Bournemouth, Christchurch and Poole",Mean of Weekly Award Amount,53.94,
May-18,"Bristol, City of",Pension Credit Caseload - 2011 Geographies,10276,
May-18,"Bristol, City of",Mean of Weekly Award Amount,62.28,
May-18,Cornwall,Pension Credit Caseload - 2011 Geographies,19168,
May-18,Cornwall,Mean of Weekly Award Amount,48.4,
May-18,Dorset,Pension Credit Caseload - 2011 Geographies,9523,
May-18,Dorset,Mean of Weekly Award Amount,49.27,
May-18,Isles of Scilly,Pension Credit Caseload - 2011 Geographies,32,
May-18,Isles of Scilly,Mean of Weekly Award Amount,55.25,
May-18,North Somerset,Pension Credit Caseload - 2011 Geographies,5218,
May-18,North Somerset,Mean of Weekly Award Amount,51.48,
May-18,Plymouth,Pension Credit Caseload - 2011 Geographies,7319,
May-18,Plymouth,Mean of Weekly Award Amount,53.1,
May-18,Somerset,Pension Credit Caseload - 2011 Geographies,14256,
May-18,Somerset,Mean of Weekly Award Amount,50.41,
May-18,South Gloucestershire,Pension Credit Caseload - 2011 Geographies,4688,
May-18,South Gloucestershire,Mean of Weekly Award Amount,52.9,
May-18,Swindon,Pension Credit Caseload - 2011 Geographies,4564,
May-18,Swindon,Mean of Weekly Award Amount,66.53,
May-18,Torbay,Pension Credit Caseload - 2011 Geographies,5947,
May-18,Torbay,Mean of Weekly Award Amount,52.64,
May-18,Wiltshire,Pension Credit Caseload - 2011 Geographies,9240,
May-18,Wiltshire,Mean of Weekly Award Amount,51.73,
May-18,East Devon,Pension Credit Caseload - 2011 Geographies,3691,
May-18,East Devon,Mean of Weekly Award Amount,48.04,
May-18,Exeter,Pension Credit Caseload - 2011 Geographies,2745,
May-18,Exeter,Mean of Weekly Award Amount,50.61,
May-18,Mid Devon,Pension Credit Caseload - 2011 Geographies,1981,
May-18,Mid Devon,Mean of Weekly Award Amount,51.82,
May-18,North Devon,Pension Credit Caseload - 2011 Geographies,2890,
May-18,North Devon,Mean of Weekly Award Amount,48.72,
May-18,South Hams,Pension Credit Caseload - 2011 Geographies,2318,
May-18,South Hams,Mean of Weekly Award Amount,53.43,
May-18,Teignbridge,Pension Credit Caseload - 2011 Geographies,3959,
May-18,Teignbridge,Mean of Weekly Award Amount,50.02,
May-18,Torridge,Pension Credit Caseload - 2011 Geographies,2246,
May-18,Torridge,Mean of Weekly Award Amount,47.56,
May-18,West Devon,Pension Credit Caseload - 2011 Geographies,1562,
May-18,West Devon,Mean of Weekly Award Amount,52.95,
May-18,Cheltenham,Pension Credit Caseload - 2011 Geographies,2271,
May-18,Cheltenham,Mean of Weekly Award Amount,52.95,
May-18,Cotswold,Pension Credit Caseload - 2011 Geographies,1818,
May-18,Cotswold,Mean of Weekly Award Amount,49.67,
May-18,Forest of Dean,Pension Credit Caseload - 2011 Geographies,2330,
May-18,Forest of Dean,Mean of Weekly Award Amount,53.55,
May-18,Gloucester,Pension Credit Caseload - 2011 Geographies,2793,
May-18,Gloucester,Mean of Weekly Award Amount,57.33,
May-18,Stroud,Pension Credit Caseload - 2011 Geographies,2402,
May-18,Stroud,Mean of Weekly Award Amount,51.2,
May-18,Tewkesbury,Pension Credit Caseload - 2011 Geographies,1690,
May-18,Tewkesbury,Mean of Weekly Award Amount,54.31,
May-18,Total,Pension Credit Caseload - 2011 Geographies,1428206,
May-18,Total,Mean of Weekly Award Amount,59.52,
Aug-18,England,Pension Credit Caseload - 2011 Geographies,1407562,
Aug-18,England,Mean of Weekly Award Amount,59.49,
Aug-18,County Durham,Pension Credit Caseload - 2011 Geographies,18421,
Aug-18,County Durham,Mean of Weekly Award Amount,47.98,
Aug-18,Darlington,Pension Credit Caseload - 2011 Geographies,3286,
Aug-18,Darlington,Mean of Weekly Award Amount,51.79,
Aug-18,Hartlepool,Pension Credit Caseload - 2011 Geographies,3985,
Aug-18,Hartlepool,Mean of Weekly Award Amount,52.57,
Aug-18,Middlesbrough,Pension Credit Caseload - 2011 Geographies,5295,
Aug-18,Middlesbrough,Mean of Weekly Award Amount,52.6,
Aug-18,Northumberland,Pension Credit Caseload - 2011 Geographies,9005,
Aug-18,Northumberland,Mean of Weekly Award Amount,47.26,
Aug-18,Redcar and Cleveland,Pension Credit Caseload - 2011 Geographies,5139,
Aug-18,Redcar and Cleveland,Mean of Weekly Award Amount,48.49,
Aug-18,Stockton-on-Tees,Pension Credit Caseload - 2011 Geographies,5737,
Aug-18,Stockton-on-Tees,Mean of Weekly Award Amount,50.56,
Aug-18,Gateshead,Pension Credit Caseload - 2011 Geographies,7623,
Aug-18,Gateshead,Mean of Weekly Award Amount,49.15,
Aug-18,Newcastle upon Tyne,Pension Credit Caseload - 2011 Geographies,9338,
Aug-18,Newcastle upon Tyne,Mean of Weekly Award Amount,56.44,
Aug-18,North Tyneside,Pension Credit Caseload - 2011 Geographies,6784,
Aug-18,North Tyneside,Mean of Weekly Award Amount,47.73,
Aug-18,South Tyneside,Pension Credit Caseload - 2011 Geographies,6461,
Aug-18,South Tyneside,Mean of Weekly Award Amount,48.6,
Aug-18,Sunderland,Pension Credit Caseload - 2011 Geographies,11678,
Aug-18,Sunderland,Mean of Weekly Award Amount,49.31,
Aug-18,Blackburn with Darwen,Pension Credit Caseload - 2011 Geographies,4775,
Aug-18,Blackburn with Darwen,Mean of Weekly Award Amount,65.24,
Aug-18,Blackpool,Pension Credit Caseload - 2011 Geographies,6543,
Aug-18,Blackpool,Mean of Weekly Award Amount,53.4,
Aug-18,Cheshire East,Pension Credit Caseload - 2011 Geographies,7424,
Aug-18,Cheshire East,Mean of Weekly Award Amount,51.56,
Aug-18,Cheshire West and Chester,Pension Credit Caseload - 2011 Geographies,8019,
Aug-18,Cheshire West and Chester,Mean of Weekly Award Amount,51.42,
Aug-18,Cumberland,Pension Credit Caseload - 2011 Geographies,7330,
Aug-18,Cumberland,Mean of Weekly Award Amount,48.86,
Aug-18,Halton,Pension Credit Caseload - 2011 Geographies,4125,
Aug-18,Halton,Mean of Weekly Award Amount,53.89,
Aug-18,Warrington,Pension Credit Caseload - 2011 Geographies,4642,
Aug-18,Warrington,Mean of Weekly Award Amount,50.81,
Aug-18,Westmorland and Furness,Pension Credit Caseload - 2011 Geographies,5288,
Aug-18,Westmorland and Furness,Mean of Weekly Award Amount,51.84,
Aug-18,Bolton,Pension Credit Caseload - 2011 Geographies,9038,
Aug-18,Bolton,Mean of Weekly Award Amount,58.38,
Aug-18,Bury,Pension Credit Caseload - 2011 Geographies,4945,
Aug-18,Bury,Mean of Weekly Award Amount,55.75,
Aug-18,Manchester,Pension Credit Caseload - 2011 Geographies,16776,
Aug-18,Manchester,Mean of Weekly Award Amount,70.68,
Aug-18,Oldham,Pension Credit Caseload - 2011 Geographies,6882,
Aug-18,Oldham,Mean of Weekly Award Amount,57.5,
Aug-18,Rochdale,Pension Credit Caseload - 2011 Geographies,7103,
Aug-18,Rochdale,Mean of Weekly Award Amount,55.75,
Aug-18,Salford,Pension Credit Caseload - 2011 Geographies,7928,
Aug-18,Salford,Mean of Weekly Award Amount,55.63,
Aug-18,Stockport,Pension Credit Caseload - 2011 Geographies,7252,
Aug-18,Stockport,Mean of Weekly Award Amount,56.57,
Aug-18,Tameside,Pension Credit Caseload - 2011 Geographies,6947,
Aug-18,Tameside,Mean of Weekly Award Amount,51.77,
Aug-18,Trafford,Pension Credit Caseload - 2011 Geographies,5178,
Aug-18,Trafford,Mean of Weekly Award Amount,60.39,
Aug-18,Wigan,Pension Credit Caseload - 2011 Geographies,9679,
Aug-18,Wigan,Mean of Weekly Award Amount,48.21,
Aug-18,Burnley,Pension Credit Caseload - 2011 Geographies,3013,
Aug-18,Burnley,Mean of Weekly Award Amount,53.7,
Aug-18,Chorley,Pension Credit Caseload - 2011 Geographies,2652,
Aug-18,Chorley,Mean of Weekly Award Amount,48.19,
Aug-18,Fylde,Pension Credit Caseload - 2011 Geographies,2266,
Aug-18,Fylde,Mean of Weekly Award Amount,52.95,
Aug-18,Hyndburn,Pension Credit Caseload - 2011 Geographies,2613,
Aug-18,Hyndburn,Mean of Weekly Award Amount,53.93,
Aug-18,Lancaster,Pension Credit Caseload - 2011 Geographies,3995,
Aug-18,Lancaster,Mean of Weekly Award Amount,53.29,
Aug-18,Pendle,Pension Credit Caseload - 2011 Geographies,3028,
Aug-18,Pendle,Mean of Weekly Award Amount,59.06,
Aug-18,Preston,Pension Credit Caseload - 2011 Geographies,3863,
Aug-18,Preston,Mean of Weekly Award Amount,60.81,
Aug-18,Ribble Valley,Pension Credit Caseload - 2011 Geographies,989,
Aug-18,Ribble Valley,Mean of Weekly Award Amount,49.27,
Aug-18,Rossendale,Pension Credit Caseload - 2011 Geographies,2065,
Aug-18,Rossendale,Mean of Weekly Award Amount,48.59,
Aug-18,South Ribble,Pension Credit Caseload - 2011 Geographies,2357,
Aug-18,South Ribble,Mean of Weekly Award Amount,50.96,
Aug-18,West Lancashire,Pension Credit Caseload - 2011 Geographies,3501,
Aug-18,West Lancashire,Mean of Weekly Award Amount,50.18,
Aug-18,Wyre,Pension Credit Caseload - 2011 Geographies,3742,
Aug-18,Wyre,Mean of Weekly Award Amount,52.4,
Aug-18,Knowsley,Pension Credit Caseload - 2011 Geographies,7108,
Aug-18,Knowsley,Mean of Weekly Award Amount,55.58,
Aug-18,Liverpool,Pension Credit Caseload - 2011 Geographies,21040,
Aug-18,Liverpool,Mean of Weekly Award Amount,59.65,
Aug-18,Sefton,Pension Credit Caseload - 2011 Geographies,10512,
Aug-18,Sefton,Mean of Weekly Award Amount,52.25,
Aug-18,St. Helens,Pension Credit Caseload - 2011 Geographies,5994,
Aug-18,St. Helens,Mean of Weekly Award Amount,52.08,
Aug-18,Wirral,Pension Credit Caseload - 2011 Geographies,11102,
Aug-18,Wirral,Mean of Weekly Award Amount,54.17,
Aug-18,East Riding of Yorkshire,Pension Credit Caseload - 2011 Geographies,9486,
Aug-18,East Riding of Yorkshire,Mean of Weekly Award Amount,46.15,
Aug-18,"Kingston upon Hull, City of",Pension Credit Caseload - 2011 Geographies,9979,
Aug-18,"Kingston upon Hull, City of",Mean of Weekly Award Amount,51.02,
Aug-18,North East Lincolnshire,Pension Credit Caseload - 2011 Geographies,5577,
Aug-18,North East Lincolnshire,Mean of Weekly Award Amount,50.23,
Aug-18,North Lincolnshire,Pension Credit Caseload - 2011 Geographies,4902,
Aug-18,North Lincolnshire,Mean of Weekly Award Amount,49.89,
Aug-18,North Yorkshire,Pension Credit Caseload - 2011 Geographies,14199,
Aug-18,North Yorkshire,Mean of Weekly Award Amount,50.06,
Aug-18,York,Pension Credit Caseload - 2011 Geographies,3646,
Aug-18,York,Mean of Weekly Award Amount,49.38,
Aug-18,Barnsley,Pension Credit Caseload - 2011 Geographies,7453,
Aug-18,Barnsley,Mean of Weekly Award Amount,49.47,
Aug-18,Doncaster,Pension Credit Caseload - 2011 Geographies,9420,
Aug-18,Doncaster,Mean of Weekly Award Amount,51.11,
Aug-18,Rotherham,Pension Credit Caseload - 2011 Geographies,8317,
Aug-18,Rotherham,Mean of Weekly Award Amount,49.11,
Aug-18,Sheffield,Pension Credit Caseload - 2011 Geographies,16906,
Aug-18,Sheffield,Mean of Weekly Award Amount,54.08,
Aug-18,Bradford,Pension Credit Caseload - 2011 Geographies,16045,
Aug-18,Bradford,Mean of Weekly Award Amount,58.76,
Aug-18,Calderdale,Pension Credit Caseload - 2011 Geographies,5510,
Aug-18,Calderdale,Mean of Weekly Award Amount,51.02,
Aug-18,Kirklees,Pension Credit Caseload - 2011 Geographies,11120,
Aug-18,Kirklees,Mean of Weekly Award Amount,53.16,
Aug-18,Leeds,Pension Credit Caseload - 2011 Geographies,19175,
Aug-18,Leeds,Mean of Weekly Award Amount,53.96,
Aug-18,Wakefield,Pension Credit Caseload - 2011 Geographies,9380,
Aug-18,Wakefield,Mean of Weekly Award Amount,49.16,
Aug-18,Derby,Pension Credit Caseload - 2011 Geographies,6864,
Aug-18,Derby,Mean of Weekly Award Amount,58.67,
Aug-18,Leicester,Pension Credit Caseload - 2011 Geographies,12223,
Aug-18,Leicester,Mean of Weekly Award Amount,86.63,
Aug-18,North Northamptonshire,Pension Credit Caseload - 2011 Geographies,7714,
Aug-18,North Northamptonshire,Mean of Weekly Award Amount,51.79,
Aug-18,Nottingham,Pension Credit Caseload - 2011 Geographies,8924,
Aug-18,Nottingham,Mean of Weekly Award Amount,58.44,
Aug-18,Rutland,Pension Credit Caseload - 2011 Geographies,646,
Aug-18,Rutland,Mean of Weekly Award Amount,48.78,
Aug-18,West Northamptonshire,Pension Credit Caseload - 2011 Geographies,7648,
Aug-18,West Northamptonshire,Mean of Weekly Award Amount,56.08,
Aug-18,Amber Valley,Pension Credit Caseload - 2011 Geographies,3220,
Aug-18,Amber Valley,Mean of Weekly Award Amount,48.53,
Aug-18,Bolsover,Pension Credit Caseload - 2011 Geographies,2361,
Aug-18,Bolsover,Mean of Weekly Award Amount,48.39,
Aug-18,Chesterfield,Pension Credit Caseload - 2011 Geographies,3319,
Aug-18,Chesterfield,Mean of Weekly Award Amount,48.27,
Aug-18,Derbyshire Dales,Pension Credit Caseload - 2011 Geographies,1506,
Aug-18,Derbyshire Dales,Mean of Weekly Award Amount,49.24,
Aug-18,Erewash,Pension Credit Caseload - 2011 Geographies,2952,
Aug-18,Erewash,Mean of Weekly Award Amount,44.8,
Aug-18,High Peak,Pension Credit Caseload - 2011 Geographies,2066,
Aug-18,High Peak,Mean of Weekly Award Amount,49.99,
Aug-18,North East Derbyshire,Pension Credit Caseload - 2011 Geographies,2881,
Aug-18,North East Derbyshire,Mean of Weekly Award Amount,47.89,
Aug-18,South Derbyshire,Pension Credit Caseload - 2011 Geographies,1843,
Aug-18,South Derbyshire,Mean of Weekly Award Amount,47.31,
Aug-18,Blaby,Pension Credit Caseload - 2011 Geographies,1912,
Aug-18,Blaby,Mean of Weekly Award Amount,51.01,
Aug-18,Charnwood,Pension Credit Caseload - 2011 Geographies,3347,
Aug-18,Charnwood,Mean of Weekly Award Amount,52.94,
Aug-18,Harborough,Pension Credit Caseload - 2011 Geographies,1494,
Aug-18,Harborough,Mean of Weekly Award Amount,49.89,
Aug-18,Hinckley and Bosworth,Pension Credit Caseload - 2011 Geographies,2307,
Aug-18,Hinckley and Bosworth,Mean of Weekly Award Amount,46.77,
Aug-18,Melton,Pension Credit Caseload - 2011 Geographies,927,
Aug-18,Melton,Mean of Weekly Award Amount,46.67,
Aug-18,North West Leicestershire,Pension Credit Caseload - 2011 Geographies,1972,
Aug-18,North West Leicestershire,Mean of Weekly Award Amount,48.93,
Aug-18,Oadby and Wigston,Pension Credit Caseload - 2011 Geographies,1327,
Aug-18,Oadby and Wigston,Mean of Weekly Award Amount,56.71,
Aug-18,Boston,Pension Credit Caseload - 2011 Geographies,2174,
Aug-18,Boston,Mean of Weekly Award Amount,55.23,
Aug-18,East Lindsey,Pension Credit Caseload - 2011 Geographies,6104,
Aug-18,East Lindsey,Mean of Weekly Award Amount,51.65,
Aug-18,Lincoln,Pension Credit Caseload - 2011 Geographies,2634,
Aug-18,Lincoln,Mean of Weekly Award Amount,52.66,
Aug-18,North Kesteven,Pension Credit Caseload - 2011 Geographies,2669,
Aug-18,North Kesteven,Mean of Weekly Award Amount,49.73,
Aug-18,South Holland,Pension Credit Caseload - 2011 Geographies,2631,
Aug-18,South Holland,Mean of Weekly Award Amount,49.1,
Aug-18,South Kesteven,Pension Credit Caseload - 2011 Geographies,3009,
Aug-18,South Kesteven,Mean of Weekly Award Amount,49.43,
Aug-18,West Lindsey,Pension Credit Caseload - 2011 Geographies,2477,
Aug-18,West Lindsey,Mean of Weekly Award Amount,49.84,
Aug-18,Ashfield,Pension Credit Caseload - 2011 Geographies,3458,
Aug-18,Ashfield,Mean of Weekly Award Amount,47.86,
Aug-18,Bassetlaw,Pension Credit Caseload - 2011 Geographies,3078,
Aug-18,Bassetlaw,Mean of Weekly Award Amount,48.2,
Aug-18,Broxtowe,Pension Credit Caseload - 2011 Geographies,2638,
Aug-18,Broxtowe,Mean of Weekly Award Amount,48.37,
Aug-18,Gedling,Pension Credit Caseload - 2011 Geographies,2640,
Aug-18,Gedling,Mean of Weekly Award Amount,47.28,
Aug-18,Mansfield,Pension Credit Caseload - 2011 Geographies,2957,
Aug-18,Mansfield,Mean of Weekly Award Amount,49.78,
Aug-18,Newark and Sherwood,Pension Credit Caseload - 2011 Geographies,2727,
Aug-18,Newark and Sherwood,Mean of Weekly Award Amount,50.27,
Aug-18,Rushcliffe,Pension Credit Caseload - 2011 Geographies,1869,
Aug-18,Rushcliffe,Mean of Weekly Award Amount,48.45,
Aug-18,"Herefordshire, County of",Pension Credit Caseload - 2011 Geographies,4940,
Aug-18,"Herefordshire, County of",Mean of Weekly Award Amount,52.17,
Aug-18,Shropshire,Pension Credit Caseload - 2011 Geographies,8416,
Aug-18,Shropshire,Mean of Weekly Award Amount,50.77,
Aug-18,Stoke-on-Trent,Pension Credit Caseload - 2011 Geographies,8078,
Aug-18,Stoke-on-Trent,Mean of Weekly Award Amount,50.3,
Aug-18,Telford and Wrekin,Pension Credit Caseload - 2011 Geographies,4969,
Aug-18,Telford and Wrekin,Mean of Weekly Award Amount,53.41,
Aug-18,Cannock Chase,Pension Credit Caseload - 2011 Geographies,2827,
Aug-18,Cannock Chase,Mean of Weekly Award Amount,48.3,
Aug-18,East Staffordshire,Pension Credit Caseload - 2011 Geographies,2447,
Aug-18,East Staffordshire,Mean of Weekly Award Amount,52.47,
Aug-18,Lichfield,Pension Credit Caseload - 2011 Geographies,2258,
Aug-18,Lichfield,Mean of Weekly Award Amount,47.41,
Aug-18,Newcastle-under-Lyme,Pension Credit Caseload - 2011 Geographies,3273,
Aug-18,Newcastle-under-Lyme,Mean of Weekly Award Amount,47.82,
Aug-18,South Staffordshire,Pension Credit Caseload - 2011 Geographies,2827,
Aug-18,South Staffordshire,Mean of Weekly Award Amount,48.06,
Aug-18,Stafford,Pension Credit Caseload - 2011 Geographies,2582,
Aug-18,Stafford,Mean of Weekly Award Amount,49.07,
Aug-18,Staffordshire Moorlands,Pension Credit Caseload - 2011 Geographies,2269,
Aug-18,Staffordshire Moorlands,Mean of Weekly Award Amount,48.07,
Aug-18,Tamworth,Pension Credit Caseload - 2011 Geographies,2132,
Aug-18,Tamworth,Mean of Weekly Award Amount,47.78,
Aug-18,North Warwickshire,Pension Credit Caseload - 2011 Geographies,1658,
Aug-18,North Warwickshire,Mean of Weekly Award Amount,46.97,
Aug-18,Nuneaton and Bedworth,Pension Credit Caseload - 2011 Geographies,3416,
Aug-18,Nuneaton and Bedworth,Mean of Weekly Award Amount,54.76,
Aug-18,Rugby,Pension Credit Caseload - 2011 Geographies,1978,
Aug-18,Rugby,Mean of Weekly Award Amount,53.28,
Aug-18,Stratford-on-Avon,Pension Credit Caseload - 2011 Geographies,2602,
Aug-18,Stratford-on-Avon,Mean of Weekly Award Amount,49.58,
Aug-18,Warwick,Pension Credit Caseload - 2011 Geographies,2615,
Aug-18,Warwick,Mean of Weekly Award Amount,50.7,
Aug-18,Birmingham,Pension Credit Caseload - 2011 Geographies,36481,
Aug-18,Birmingham,Mean of Weekly Award Amount,66.07,
Aug-18,Coventry,Pension Credit Caseload - 2011 Geographies,9034,
Aug-18,Coventry,Mean of Weekly Award Amount,61.05,
Aug-18,Dudley,Pension Credit Caseload - 2011 Geographies,10243,
Aug-18,Dudley,Mean of Weekly Award Amount,49.15,
Aug-18,Sandwell,Pension Credit Caseload - 2011 Geographies,12376,
Aug-18,Sandwell,Mean of Weekly Award Amount,59.28,
Aug-18,Solihull,Pension Credit Caseload - 2011 Geographies,4915,
Aug-18,Solihull,Mean of Weekly Award Amount,54.19,
Aug-18,Walsall,Pension Credit Caseload - 2011 Geographies,10032,
Aug-18,Walsall,Mean of Weekly Award Amount,55.16,
Aug-18,Wolverhampton,Pension Credit Caseload - 2011 Geographies,9330,
Aug-18,Wolverhampton,Mean of Weekly Award Amount,56.72,
Aug-18,Bromsgrove,Pension Credit Caseload - 2011 Geographies,1920,
Aug-18,Bromsgrove,Mean of Weekly Award Amount,47.66,
Aug-18,Malvern Hills,Pension Credit Caseload - 2011 Geographies,1953,
Aug-18,Malvern Hills,Mean of Weekly Award Amount,51.31,
Aug-18,Redditch,Pension Credit Caseload - 2011 Geographies,2140,
Aug-18,Redditch,Mean of Weekly Award Amount,54.06,
Aug-18,Worcester,Pension Credit Caseload - 2011 Geographies,2156,
Aug-18,Worcester,Mean of Weekly Award Amount,52.98,
Aug-18,Wychavon,Pension Credit Caseload - 2011 Geographies,2740,
Aug-18,Wychavon,Mean of Weekly Award Amount,52.29,
Aug-18,Wyre Forest,Pension Credit Caseload - 2011 Geographies,3017,
Aug-18,Wyre Forest,Mean of Weekly Award Amount,47.32,
Aug-18,Bedford,Pension Credit Caseload - 2011 Geographies,3433,
Aug-18,Bedford,Mean of Weekly Award Amount,57.42,
Aug-18,Central Bedfordshire,Pension Credit Caseload - 2011 Geographies,4498,
Aug-18,Central Bedfordshire,Mean of Weekly Award Amount,51.41,
Aug-18,Luton,Pension Credit Caseload - 2011 Geographies,5055,
Aug-18,Luton,Mean of Weekly Award Amount,71.09,
Aug-18,Peterborough,Pension Credit Caseload - 2011 Geographies,4895,
Aug-18,Peterborough,Mean of Weekly Award Amount,64.64,
Aug-18,Southend-on-Sea,Pension Credit Caseload - 2011 Geographies,5235,
Aug-18,Southend-on-Sea,Mean of Weekly Award Amount,55.4,
Aug-18,Thurrock,Pension Credit Caseload - 2011 Geographies,3457,
Aug-18,Thurrock,Mean of Weekly Award Amount,59.11,
Aug-18,Cambridge,Pension Credit Caseload - 2011 Geographies,1742,
Aug-18,Cambridge,Mean of Weekly Award Amount,63.19,
Aug-18,East Cambridgeshire,Pension Credit Caseload - 2011 Geographies,1610,
Aug-18,East Cambridgeshire,Mean of Weekly Award Amount,53.69,
Aug-18,Fenland,Pension Credit Caseload - 2011 Geographies,3127,
Aug-18,Fenland,Mean of Weekly Award Amount,51.93,
Aug-18,Huntingdonshire,Pension Credit Caseload - 2011 Geographies,2875,
Aug-18,Huntingdonshire,Mean of Weekly Award Amount,50.58,
Aug-18,South Cambridgeshire,Pension Credit Caseload - 2011 Geographies,2053,
Aug-18,South Cambridgeshire,Mean of Weekly Award Amount,57.65,
Aug-18,Basildon,Pension Credit Caseload - 2011 Geographies,4597,
Aug-18,Basildon,Mean of Weekly Award Amount,54.57,
Aug-18,Braintree,Pension Credit Caseload - 2011 Geographies,3351,
Aug-18,Braintree,Mean of Weekly Award Amount,49.96,
Aug-18,Brentwood,Pension Credit Caseload - 2011 Geographies,1289,
Aug-18,Brentwood,Mean of Weekly Award Amount,55.15,
Aug-18,Castle Point,Pension Credit Caseload - 2011 Geographies,2498,
Aug-18,Castle Point,Mean of Weekly Award Amount,51.08,
Aug-18,Chelmsford,Pension Credit Caseload - 2011 Geographies,2856,
Aug-18,Chelmsford,Mean of Weekly Award Amount,53.37,
Aug-18,Colchester,Pension Credit Caseload - 2011 Geographies,3459,
Aug-18,Colchester,Mean of Weekly Award Amount,57.01,
Aug-18,Epping Forest,Pension Credit Caseload - 2011 Geographies,2871,
Aug-18,Epping Forest,Mean of Weekly Award Amount,58.4,
Aug-18,Harlow,Pension Credit Caseload - 2011 Geographies,2057,
Aug-18,Harlow,Mean of Weekly Award Amount,52.95,
Aug-18,Maldon,Pension Credit Caseload - 2011 Geographies,1543,
Aug-18,Maldon,Mean of Weekly Award Amount,50.47,
Aug-18,Rochford,Pension Credit Caseload - 2011 Geographies,1804,
Aug-18,Rochford,Mean of Weekly Award Amount,49.33,
Aug-18,Tendring,Pension Credit Caseload - 2011 Geographies,6050,
Aug-18,Tendring,Mean of Weekly Award Amount,52.87,
Aug-18,Uttlesford,Pension Credit Caseload - 2011 Geographies,1343,
Aug-18,Uttlesford,Mean of Weekly Award Amount,50.98,
Aug-18,Broxbourne,Pension Credit Caseload - 2011 Geographies,2137,
Aug-18,Broxbourne,Mean of Weekly Award Amount,59.45,
Aug-18,Dacorum,Pension Credit Caseload - 2011 Geographies,2493,
Aug-18,Dacorum,Mean of Weekly Award Amount,55.71,
Aug-18,East Hertfordshire,Pension Credit Caseload - 2011 Geographies,2092,
Aug-18,East Hertfordshire,Mean of Weekly Award Amount,54.71,
Aug-18,Hertsmere,Pension Credit Caseload - 2011 Geographies,2122,
Aug-18,Hertsmere,Mean of Weekly Award Amount,65.03,
Aug-18,North Hertfordshire,Pension Credit Caseload - 2011 Geographies,2354,
Aug-18,North Hertfordshire,Mean of Weekly Award Amount,51.44,
Aug-18,St Albans,Pension Credit Caseload - 2011 Geographies,1742,
Aug-18,St Albans,Mean of Weekly Award Amount,59.24,
Aug-18,Stevenage,Pension Credit Caseload - 2011 Geographies,1787,
Aug-18,Stevenage,Mean of Weekly Award Amount,56.01,
Aug-18,Three Rivers,Pension Credit Caseload - 2011 Geographies,1479,
Aug-18,Three Rivers,Mean of Weekly Award Amount,63.77,
Aug-18,Watford,Pension Credit Caseload - 2011 Geographies,1663,
Aug-18,Watford,Mean of Weekly Award Amount,66.3,
Aug-18,Welwyn Hatfield,Pension Credit Caseload - 2011 Geographies,1876,
Aug-18,Welwyn Hatfield,Mean of Weekly Award Amount,57.98,
Aug-18,Breckland,Pension Credit Caseload - 2011 Geographies,3770,
Aug-18,Breckland,Mean of Weekly Award Amount,48.27,
Aug-18,Broadland,Pension Credit Caseload - 2011 Geographies,2777,
Aug-18,Broadland,Mean of Weekly Award Amount,48,
Aug-18,Great Yarmouth,Pension Credit Caseload - 2011 Geographies,4020,
Aug-18,Great Yarmouth,Mean of Weekly Award Amount,48.3,
Aug-18,King's Lynn and West Norfolk,Pension Credit Caseload - 2011 Geographies,4718,
Aug-18,King's Lynn and West Norfolk,Mean of Weekly Award Amount,50.98,
Aug-18,North Norfolk,Pension Credit Caseload - 2011 Geographies,3519,
Aug-18,North Norfolk,Mean of Weekly Award Amount,46.75,
Aug-18,Norwich,Pension Credit Caseload - 2011 Geographies,4211,
Aug-18,Norwich,Mean of Weekly Award Amount,52.4,
Aug-18,South Norfolk,Pension Credit Caseload - 2011 Geographies,2998,
Aug-18,South Norfolk,Mean of Weekly Award Amount,49.82,
Aug-18,Babergh,Pension Credit Caseload - 2011 Geographies,2123,
Aug-18,Babergh,Mean of Weekly Award Amount,47.34,
Aug-18,East Suffolk,Pension Credit Caseload - 2011 Geographies,6860,
Aug-18,East Suffolk,Mean of Weekly Award Amount,49.68,
Aug-18,Ipswich,Pension Credit Caseload - 2011 Geographies,3361,
Aug-18,Ipswich,Mean of Weekly Award Amount,58.01,
Aug-18,Mid Suffolk,Pension Credit Caseload - 2011 Geographies,2094,
Aug-18,Mid Suffolk,Mean of Weekly Award Amount,51.02,
Aug-18,West Suffolk,Pension Credit Caseload - 2011 Geographies,3599,
Aug-18,West Suffolk,Mean of Weekly Award Amount,50.4,
Aug-18,Camden,Pension Credit Caseload - 2011 Geographies,6681,
Aug-18,Camden,Mean of Weekly Award Amount,89.54,
Aug-18,City of London,Pension Credit Caseload - 2011 Geographies,111,
Aug-18,City of London,Mean of Weekly Award Amount,84.32,
Aug-18,Hackney,Pension Credit Caseload - 2011 Geographies,8197,
Aug-18,Hackney,Mean of Weekly Award Amount,91.56,
Aug-18,Hammersmith and Fulham,Pension Credit Caseload - 2011 Geographies,4928,
Aug-18,Hammersmith and Fulham,Mean of Weekly Award Amount,86.58,
Aug-18,Haringey,Pension Credit Caseload - 2011 Geographies,7678,
Aug-18,Haringey,Mean of Weekly Award Amount,91.44,
Aug-18,Islington,Pension Credit Caseload - 2011 Geographies,6691,
Aug-18,Islington,Mean of Weekly Award Amount,83.51,
Aug-18,Kensington and Chelsea,Pension Credit Caseload - 2011 Geographies,4709,
Aug-18,Kensington and Chelsea,Mean of Weekly Award Amount,91.08,
Aug-18,Lambeth,Pension Credit Caseload - 2011 Geographies,8221,
Aug-18,Lambeth,Mean of Weekly Award Amount,83.76,
Aug-18,Lewisham,Pension Credit Caseload - 2011 Geographies,6831,
Aug-18,Lewisham,Mean of Weekly Award Amount,77.56,
Aug-18,Newham,Pension Credit Caseload - 2011 Geographies,9024,
Aug-18,Newham,Mean of Weekly Award Amount,94.25,
Aug-18,Southwark,Pension Credit Caseload - 2011 Geographies,8108,
Aug-18,Southwark,Mean of Weekly Award Amount,83.82,
Aug-18,Tower Hamlets,Pension Credit Caseload - 2011 Geographies,7999,
Aug-18,Tower Hamlets,Mean of Weekly Award Amount,91.1,
Aug-18,Wandsworth,Pension Credit Caseload - 2011 Geographies,6452,
Aug-18,Wandsworth,Mean of Weekly Award Amount,82.03,
Aug-18,Westminster,Pension Credit Caseload - 2011 Geographies,6443,
Aug-18,Westminster,Mean of Weekly Award Amount,98.08,
Aug-18,Barking and Dagenham,Pension Credit Caseload - 2011 Geographies,5231,
Aug-18,Barking and Dagenham,Mean of Weekly Award Amount,75.43,
Aug-18,Barnet,Pension Credit Caseload - 2011 Geographies,8497,
Aug-18,Barnet,Mean of Weekly Award Amount,91.29,
Aug-18,Bexley,Pension Credit Caseload - 2011 Geographies,4463,
Aug-18,Bexley,Mean of Weekly Award Amount,63.7,
Aug-18,Brent,Pension Credit Caseload - 2011 Geographies,9843,
Aug-18,Brent,Mean of Weekly Award Amount,99.43,
Aug-18,Bromley,Pension Credit Caseload - 2011 Geographies,5720,
Aug-18,Bromley,Mean of Weekly Award Amount,65.33,
Aug-18,Croydon,Pension Credit Caseload - 2011 Geographies,8037,
Aug-18,Croydon,Mean of Weekly Award Amount,79.81,
Aug-18,Ealing,Pension Credit Caseload - 2011 Geographies,9420,
Aug-18,Ealing,Mean of Weekly Award Amount,104.62,
Aug-18,Enfield,Pension Credit Caseload - 2011 Geographies,8762,
Aug-18,Enfield,Mean of Weekly Award Amount,84.53,
Aug-18,Greenwich,Pension Credit Caseload - 2011 Geographies,6881,
Aug-18,Greenwich,Mean of Weekly Award Amount,85.26,
Aug-18,Harrow,Pension Credit Caseload - 2011 Geographies,6329,
Aug-18,Harrow,Mean of Weekly Award Amount,109.85,
Aug-18,Havering,Pension Credit Caseload - 2011 Geographies,5433,
Aug-18,Havering,Mean of Weekly Award Amount,59.26,
Aug-18,Hillingdon,Pension Credit Caseload - 2011 Geographies,5855,
Aug-18,Hillingdon,Mean of Weekly Award Amount,89.36,
Aug-18,Hounslow,Pension Credit Caseload - 2011 Geographies,6198,
Aug-18,Hounslow,Mean of Weekly Award Amount,98.31,
Aug-18,Kingston upon Thames,Pension Credit Caseload - 2011 Geographies,2681,
Aug-18,Kingston upon Thames,Mean of Weekly Award Amount,88.01,
Aug-18,Merton,Pension Credit Caseload - 2011 Geographies,3866,
Aug-18,Merton,Mean of Weekly Award Amount,84.4,
Aug-18,Redbridge,Pension Credit Caseload - 2011 Geographies,7031,
Aug-18,Redbridge,Mean of Weekly Award Amount,88.34,
Aug-18,Richmond upon Thames,Pension Credit Caseload - 2011 Geographies,2898,
Aug-18,Richmond upon Thames,Mean of Weekly Award Amount,76.25,
Aug-18,Sutton,Pension Credit Caseload - 2011 Geographies,3586,
Aug-18,Sutton,Mean of Weekly Award Amount,72.65,
Aug-18,Waltham Forest,Pension Credit Caseload - 2011 Geographies,6515,
Aug-18,Waltham Forest,Mean of Weekly Award Amount,79.17,
Aug-18,Bracknell Forest,Pension Credit Caseload - 2011 Geographies,1732,
Aug-18,Bracknell Forest,Mean of Weekly Award Amount,65.67,
Aug-18,Brighton and Hove,Pension Credit Caseload - 2011 Geographies,7146,
Aug-18,Brighton and Hove,Mean of Weekly Award Amount,64.29,
Aug-18,Buckinghamshire,Pension Credit Caseload - 2011 Geographies,7626,
Aug-18,Buckinghamshire,Mean of Weekly Award Amount,59.52,
Aug-18,Isle of Wight,Pension Credit Caseload - 2011 Geographies,4987,
Aug-18,Isle of Wight,Mean of Weekly Award Amount,50.93,
Aug-18,Medway,Pension Credit Caseload - 2011 Geographies,5892,
Aug-18,Medway,Mean of Weekly Award Amount,55.13,
Aug-18,Milton Keynes,Pension Credit Caseload - 2011 Geographies,4718,
Aug-18,Milton Keynes,Mean of Weekly Award Amount,64.16,
Aug-18,Portsmouth,Pension Credit Caseload - 2011 Geographies,5220,
Aug-18,Portsmouth,Mean of Weekly Award Amount,57.1,
Aug-18,Reading,Pension Credit Caseload - 2011 Geographies,3376,
Aug-18,Reading,Mean of Weekly Award Amount,79.62,
Aug-18,Slough,Pension Credit Caseload - 2011 Geographies,3137,
Aug-18,Slough,Mean of Weekly Award Amount,83.67,
Aug-18,Southampton,Pension Credit Caseload - 2011 Geographies,5781,
Aug-18,Southampton,Mean of Weekly Award Amount,59.92,
Aug-18,West Berkshire,Pension Credit Caseload - 2011 Geographies,2291,
Aug-18,West Berkshire,Mean of Weekly Award Amount,52.54,
Aug-18,Windsor and Maidenhead,Pension Credit Caseload - 2011 Geographies,2213,
Aug-18,Windsor and Maidenhead,Mean of Weekly Award Amount,59.92,
Aug-18,Wokingham,Pension Credit Caseload - 2011 Geographies,1650,
Aug-18,Wokingham,Mean of Weekly Award Amount,57.01,
Aug-18,Eastbourne,Pension Credit Caseload - 2011 Geographies,3274,
Aug-18,Eastbourne,Mean of Weekly Award Amount,56.71,
Aug-18,Hastings,Pension Credit Caseload - 2011 Geographies,3507,
Aug-18,Hastings,Mean of Weekly Award Amount,57.1,
Aug-18,Lewes,Pension Credit Caseload - 2011 Geographies,2574,
Aug-18,Lewes,Mean of Weekly Award Amount,54.29,
Aug-18,Rother,Pension Credit Caseload - 2011 Geographies,3056,
Aug-18,Rother,Mean of Weekly Award Amount,53.84,
Aug-18,Wealden,Pension Credit Caseload - 2011 Geographies,3399,
Aug-18,Wealden,Mean of Weekly Award Amount,52.39,
Aug-18,Basingstoke and Deane,Pension Credit Caseload - 2011 Geographies,2490,
Aug-18,Basingstoke and Deane,Mean of Weekly Award Amount,60.04,
Aug-18,East Hampshire,Pension Credit Caseload - 2011 Geographies,1909,
Aug-18,East Hampshire,Mean of Weekly Award Amount,52.71,
Aug-18,Eastleigh,Pension Credit Caseload - 2011 Geographies,2073,
Aug-18,Eastleigh,Mean of Weekly Award Amount,52.55,
Aug-18,Fareham,Pension Credit Caseload - 2011 Geographies,1838,
Aug-18,Fareham,Mean of Weekly Award Amount,48.44,
Aug-18,Gosport,Pension Credit Caseload - 2011 Geographies,1868,
Aug-18,Gosport,Mean of Weekly Award Amount,50.04,
Aug-18,Hart,Pension Credit Caseload - 2011 Geographies,986,
Aug-18,Hart,Mean of Weekly Award Amount,58.69,
Aug-18,Havant,Pension Credit Caseload - 2011 Geographies,3478,
Aug-18,Havant,Mean of Weekly Award Amount,50.58,
Aug-18,New Forest,Pension Credit Caseload - 2011 Geographies,3842,
Aug-18,New Forest,Mean of Weekly Award Amount,50.78,
Aug-18,Rushmoor,Pension Credit Caseload - 2011 Geographies,2673,
Aug-18,Rushmoor,Mean of Weekly Award Amount,114.14,
Aug-18,Test Valley,Pension Credit Caseload - 2011 Geographies,2005,
Aug-18,Test Valley,Mean of Weekly Award Amount,52.86,
Aug-18,Winchester,Pension Credit Caseload - 2011 Geographies,1943,
Aug-18,Winchester,Mean of Weekly Award Amount,54.43,
Aug-18,Ashford,Pension Credit Caseload - 2011 Geographies,2855,
Aug-18,Ashford,Mean of Weekly Award Amount,68.71,
Aug-18,Canterbury,Pension Credit Caseload - 2011 Geographies,3750,
Aug-18,Canterbury,Mean of Weekly Award Amount,54.09,
Aug-18,Dartford,Pension Credit Caseload - 2011 Geographies,1656,
Aug-18,Dartford,Mean of Weekly Award Amount,55.65,
Aug-18,Dover,Pension Credit Caseload - 2011 Geographies,3214,
Aug-18,Dover,Mean of Weekly Award Amount,54.01,
Aug-18,Folkestone and Hythe,Pension Credit Caseload - 2011 Geographies,3623,
Aug-18,Folkestone and Hythe,Mean of Weekly Award Amount,60.89,
Aug-18,Gravesham,Pension Credit Caseload - 2011 Geographies,2330,
Aug-18,Gravesham,Mean of Weekly Award Amount,57.42,
Aug-18,Maidstone,Pension Credit Caseload - 2011 Geographies,3165,
Aug-18,Maidstone,Mean of Weekly Award Amount,60.55,
Aug-18,Sevenoaks,Pension Credit Caseload - 2011 Geographies,1983,
Aug-18,Sevenoaks,Mean of Weekly Award Amount,57,
Aug-18,Swale,Pension Credit Caseload - 2011 Geographies,3748,
Aug-18,Swale,Mean of Weekly Award Amount,54.22,
Aug-18,Thanet,Pension Credit Caseload - 2011 Geographies,5501,
Aug-18,Thanet,Mean of Weekly Award Amount,55.03,
Aug-18,Tonbridge and Malling,Pension Credit Caseload - 2011 Geographies,2086,
Aug-18,Tonbridge and Malling,Mean of Weekly Award Amount,55.51,
Aug-18,Tunbridge Wells,Pension Credit Caseload - 2011 Geographies,1992,
Aug-18,Tunbridge Wells,Mean of Weekly Award Amount,54.53,
Aug-18,Cherwell,Pension Credit Caseload - 2011 Geographies,2251,
Aug-18,Cherwell,Mean of Weekly Award Amount,53.62,
Aug-18,Oxford,Pension Credit Caseload - 2011 Geographies,2330,
Aug-18,Oxford,Mean of Weekly Award Amount,69.92,
Aug-18,South Oxfordshire,Pension Credit Caseload - 2011 Geographies,1934,
Aug-18,South Oxfordshire,Mean of Weekly Award Amount,51.74,
Aug-18,Vale of White Horse,Pension Credit Caseload - 2011 Geographies,1699,
Aug-18,Vale of White Horse,Mean of Weekly Award Amount,53.68,
Aug-18,West Oxfordshire,Pension Credit Caseload - 2011 Geographies,1701,
Aug-18,West Oxfordshire,Mean of Weekly Award Amount,53.09,
Aug-18,Elmbridge,Pension Credit Caseload - 2011 Geographies,1885,
Aug-18,Elmbridge,Mean of Weekly Award Amount,66.03,
Aug-18,Epsom and Ewell,Pension Credit Caseload - 2011 Geographies,987,
Aug-18,Epsom and Ewell,Mean of Weekly Award Amount,68.87,
Aug-18,Guildford,Pension Credit Caseload - 2011 Geographies,1756,
Aug-18,Guildford,Mean of Weekly Award Amount,57.27,
Aug-18,Mole Valley,Pension Credit Caseload - 2011 Geographies,1308,
Aug-18,Mole Valley,Mean of Weekly Award Amount,58,
Aug-18,Reigate and Banstead,Pension Credit Caseload - 2011 Geographies,1982,
Aug-18,Reigate and Banstead,Mean of Weekly Award Amount,60.58,
Aug-18,Runnymede,Pension Credit Caseload - 2011 Geographies,1345,
Aug-18,Runnymede,Mean of Weekly Award Amount,59.26,
Aug-18,Spelthorne,Pension Credit Caseload - 2011 Geographies,1583,
Aug-18,Spelthorne,Mean of Weekly Award Amount,61.89,
Aug-18,Surrey Heath,Pension Credit Caseload - 2011 Geographies,1135,
Aug-18,Surrey Heath,Mean of Weekly Award Amount,65.91,
Aug-18,Tandridge,Pension Credit Caseload - 2011 Geographies,1199,
Aug-18,Tandridge,Mean of Weekly Award Amount,59.18,
Aug-18,Waverley,Pension Credit Caseload - 2011 Geographies,1808,
Aug-18,Waverley,Mean of Weekly Award Amount,55.17,
Aug-18,Woking,Pension Credit Caseload - 2011 Geographies,1435,
Aug-18,Woking,Mean of Weekly Award Amount,64.4,
Aug-18,Adur,Pension Credit Caseload - 2011 Geographies,1754,
Aug-18,Adur,Mean of Weekly Award Amount,52.13,
Aug-18,Arun,Pension Credit Caseload - 2011 Geographies,4745,
Aug-18,Arun,Mean of Weekly Award Amount,53.06,
Aug-18,Chichester,Pension Credit Caseload - 2011 Geographies,2706,
Aug-18,Chichester,Mean of Weekly Award Amount,52.79,
Aug-18,Crawley,Pension Credit Caseload - 2011 Geographies,2098,
Aug-18,Crawley,Mean of Weekly Award Amount,69.69,
Aug-18,Horsham,Pension Credit Caseload - 2011 Geographies,2130,
Aug-18,Horsham,Mean of Weekly Award Amount,55.11,
Aug-18,Mid Sussex,Pension Credit Caseload - 2011 Geographies,2135,
Aug-18,Mid Sussex,Mean of Weekly Award Amount,54.94,
Aug-18,Worthing,Pension Credit Caseload - 2011 Geographies,2803,
Aug-18,Worthing,Mean of Weekly Award Amount,53.29,
Aug-18,Bath and North East Somerset,Pension Credit Caseload - 2011 Geographies,3431,
Aug-18,Bath and North East Somerset,Mean of Weekly Award Amount,52.96,
Aug-18,"Bournemouth, Christchurch and Poole",Pension Credit Caseload - 2011 Geographies,11166,
Aug-18,"Bournemouth, Christchurch and Poole",Mean of Weekly Award Amount,53.86,
Aug-18,"Bristol, City of",Pension Credit Caseload - 2011 Geographies,10094,
Aug-18,"Bristol, City of",Mean of Weekly Award Amount,62.09,
Aug-18,Cornwall,Pension Credit Caseload - 2011 Geographies,18941,
Aug-18,Cornwall,Mean of Weekly Award Amount,48.22,
Aug-18,Dorset,Pension Credit Caseload - 2011 Geographies,9387,
Aug-18,Dorset,Mean of Weekly Award Amount,49.36,
Aug-18,Isles of Scilly,Pension Credit Caseload - 2011 Geographies,35,
Aug-18,Isles of Scilly,Mean of Weekly Award Amount,57.58,
Aug-18,North Somerset,Pension Credit Caseload - 2011 Geographies,5127,
Aug-18,North Somerset,Mean of Weekly Award Amount,50.97,
Aug-18,Plymouth,Pension Credit Caseload - 2011 Geographies,7217,
Aug-18,Plymouth,Mean of Weekly Award Amount,52.93,
Aug-18,Somerset,Pension Credit Caseload - 2011 Geographies,14016,
Aug-18,Somerset,Mean of Weekly Award Amount,50.42,
Aug-18,South Gloucestershire,Pension Credit Caseload - 2011 Geographies,4615,
Aug-18,South Gloucestershire,Mean of Weekly Award Amount,52.84,
Aug-18,Swindon,Pension Credit Caseload - 2011 Geographies,4508,
Aug-18,Swindon,Mean of Weekly Award Amount,66.42,
Aug-18,Torbay,Pension Credit Caseload - 2011 Geographies,5863,
Aug-18,Torbay,Mean of Weekly Award Amount,52.7,
Aug-18,Wiltshire,Pension Credit Caseload - 2011 Geographies,9093,
Aug-18,Wiltshire,Mean of Weekly Award Amount,51.7,
Aug-18,East Devon,Pension Credit Caseload - 2011 Geographies,3651,
Aug-18,East Devon,Mean of Weekly Award Amount,48.19,
Aug-18,Exeter,Pension Credit Caseload - 2011 Geographies,2711,
Aug-18,Exeter,Mean of Weekly Award Amount,51.13,
Aug-18,Mid Devon,Pension Credit Caseload - 2011 Geographies,1961,
Aug-18,Mid Devon,Mean of Weekly Award Amount,52.27,
Aug-18,North Devon,Pension Credit Caseload - 2011 Geographies,2871,
Aug-18,North Devon,Mean of Weekly Award Amount,48.65,
Aug-18,South Hams,Pension Credit Caseload - 2011 Geographies,2289,
Aug-18,South Hams,Mean of Weekly Award Amount,53.18,
Aug-18,Teignbridge,Pension Credit Caseload - 2011 Geographies,3916,
Aug-18,Teignbridge,Mean of Weekly Award Amount,50.18,
Aug-18,Torridge,Pension Credit Caseload - 2011 Geographies,2212,
Aug-18,Torridge,Mean of Weekly Award Amount,47.45,
Aug-18,West Devon,Pension Credit Caseload - 2011 Geographies,1528,
Aug-18,West Devon,Mean of Weekly Award Amount,52.58,
Aug-18,Cheltenham,Pension Credit Caseload - 2011 Geographies,2232,
Aug-18,Cheltenham,Mean of Weekly Award Amount,52.81,
Aug-18,Cotswold,Pension Credit Caseload - 2011 Geographies,1797,
Aug-18,Cotswold,Mean of Weekly Award Amount,49.5,
Aug-18,Forest of Dean,Pension Credit Caseload - 2011 Geographies,2282,
Aug-18,Forest of Dean,Mean of Weekly Award Amount,53.54,
Aug-18,Gloucester,Pension Credit Caseload - 2011 Geographies,2739,
Aug-18,Gloucester,Mean of Weekly Award Amount,57.57,
Aug-18,Stroud,Pension Credit Caseload - 2011 Geographies,2362,
Aug-18,Stroud,Mean of Weekly Award Amount,51.17,
Aug-18,Tewkesbury,Pension Credit Caseload - 2011 Geographies,1659,
Aug-18,Tewkesbury,Mean of Weekly Award Amount,54.36,
Aug-18,Total,Pension Credit Caseload - 2011 Geographies,1407562,
Aug-18,Total,Mean of Weekly Award Amount,59.49,
Nov-18,England,Pension Credit Caseload - 2011 Geographies,1387438,
Nov-18,England,Mean of Weekly Award Amount,59.59,
Nov-18,County Durham,Pension Credit Caseload - 2011 Geographies,18088,
Nov-18,County Durham,Mean of Weekly Award Amount,47.99,
Nov-18,Darlington,Pension Credit Caseload - 2011 Geographies,3236,
Nov-18,Darlington,Mean of Weekly Award Amount,51.56,
Nov-18,Hartlepool,Pension Credit Caseload - 2011 Geographies,3918,
Nov-18,Hartlepool,Mean of Weekly Award Amount,52.75,
Nov-18,Middlesbrough,Pension Credit Caseload - 2011 Geographies,5222,
Nov-18,Middlesbrough,Mean of Weekly Award Amount,52.69,
Nov-18,Northumberland,Pension Credit Caseload - 2011 Geographies,8846,
Nov-18,Northumberland,Mean of Weekly Award Amount,47.06,
Nov-18,Redcar and Cleveland,Pension Credit Caseload - 2011 Geographies,5074,
Nov-18,Redcar and Cleveland,Mean of Weekly Award Amount,48.43,
Nov-18,Stockton-on-Tees,Pension Credit Caseload - 2011 Geographies,5660,
Nov-18,Stockton-on-Tees,Mean of Weekly Award Amount,50.62,
Nov-18,Gateshead,Pension Credit Caseload - 2011 Geographies,7571,
Nov-18,Gateshead,Mean of Weekly Award Amount,49.04,
Nov-18,Newcastle upon Tyne,Pension Credit Caseload - 2011 Geographies,9189,
Nov-18,Newcastle upon Tyne,Mean of Weekly Award Amount,56.61,
Nov-18,North Tyneside,Pension Credit Caseload - 2011 Geographies,6685,
Nov-18,North Tyneside,Mean of Weekly Award Amount,47.59,
Nov-18,South Tyneside,Pension Credit Caseload - 2011 Geographies,6370,
Nov-18,South Tyneside,Mean of Weekly Award Amount,48.3,
Nov-18,Sunderland,Pension Credit Caseload - 2011 Geographies,11516,
Nov-18,Sunderland,Mean of Weekly Award Amount,49.13,
Nov-18,Blackburn with Darwen,Pension Credit Caseload - 2011 Geographies,4703,
Nov-18,Blackburn with Darwen,Mean of Weekly Award Amount,65.15,
Nov-18,Blackpool,Pension Credit Caseload - 2011 Geographies,6454,
Nov-18,Blackpool,Mean of Weekly Award Amount,53.31,
Nov-18,Cheshire East,Pension Credit Caseload - 2011 Geographies,7315,
Nov-18,Cheshire East,Mean of Weekly Award Amount,51.43,
Nov-18,Cheshire West and Chester,Pension Credit Caseload - 2011 Geographies,7868,
Nov-18,Cheshire West and Chester,Mean of Weekly Award Amount,51.36,
Nov-18,Cumberland,Pension Credit Caseload - 2011 Geographies,7235,
Nov-18,Cumberland,Mean of Weekly Award Amount,48.87,
Nov-18,Halton,Pension Credit Caseload - 2011 Geographies,4047,
Nov-18,Halton,Mean of Weekly Award Amount,54.1,
Nov-18,Warrington,Pension Credit Caseload - 2011 Geographies,4543,
Nov-18,Warrington,Mean of Weekly Award Amount,50.89,
Nov-18,Westmorland and Furness,Pension Credit Caseload - 2011 Geographies,5206,
Nov-18,Westmorland and Furness,Mean of Weekly Award Amount,51.7,
Nov-18,Bolton,Pension Credit Caseload - 2011 Geographies,8887,
Nov-18,Bolton,Mean of Weekly Award Amount,58.39,
Nov-18,Bury,Pension Credit Caseload - 2011 Geographies,4855,
Nov-18,Bury,Mean of Weekly Award Amount,55.59,
Nov-18,Manchester,Pension Credit Caseload - 2011 Geographies,16559,
Nov-18,Manchester,Mean of Weekly Award Amount,70.49,
Nov-18,Oldham,Pension Credit Caseload - 2011 Geographies,6792,
Nov-18,Oldham,Mean of Weekly Award Amount,57.35,
Nov-18,Rochdale,Pension Credit Caseload - 2011 Geographies,6988,
Nov-18,Rochdale,Mean of Weekly Award Amount,55.61,
Nov-18,Salford,Pension Credit Caseload - 2011 Geographies,7825,
Nov-18,Salford,Mean of Weekly Award Amount,55.45,
Nov-18,Stockport,Pension Credit Caseload - 2011 Geographies,7115,
Nov-18,Stockport,Mean of Weekly Award Amount,56.61,
Nov-18,Tameside,Pension Credit Caseload - 2011 Geographies,6843,
Nov-18,Tameside,Mean of Weekly Award Amount,51.69,
Nov-18,Trafford,Pension Credit Caseload - 2011 Geographies,5113,
Nov-18,Trafford,Mean of Weekly Award Amount,60.51,
Nov-18,Wigan,Pension Credit Caseload - 2011 Geographies,9543,
Nov-18,Wigan,Mean of Weekly Award Amount,48.1,
Nov-18,Burnley,Pension Credit Caseload - 2011 Geographies,2958,
Nov-18,Burnley,Mean of Weekly Award Amount,53.87,
Nov-18,Chorley,Pension Credit Caseload - 2011 Geographies,2595,
Nov-18,Chorley,Mean of Weekly Award Amount,48.44,
Nov-18,Fylde,Pension Credit Caseload - 2011 Geographies,2235,
Nov-18,Fylde,Mean of Weekly Award Amount,52.94,
Nov-18,Hyndburn,Pension Credit Caseload - 2011 Geographies,2565,
Nov-18,Hyndburn,Mean of Weekly Award Amount,54.35,
Nov-18,Lancaster,Pension Credit Caseload - 2011 Geographies,3909,
Nov-18,Lancaster,Mean of Weekly Award Amount,53.03,
Nov-18,Pendle,Pension Credit Caseload - 2011 Geographies,2975,
Nov-18,Pendle,Mean of Weekly Award Amount,58.61,
Nov-18,Preston,Pension Credit Caseload - 2011 Geographies,3789,
Nov-18,Preston,Mean of Weekly Award Amount,61.05,
Nov-18,Ribble Valley,Pension Credit Caseload - 2011 Geographies,976,
Nov-18,Ribble Valley,Mean of Weekly Award Amount,49.26,
Nov-18,Rossendale,Pension Credit Caseload - 2011 Geographies,2028,
Nov-18,Rossendale,Mean of Weekly Award Amount,48.69,
Nov-18,South Ribble,Pension Credit Caseload - 2011 Geographies,2313,
Nov-18,South Ribble,Mean of Weekly Award Amount,50.9,
Nov-18,West Lancashire,Pension Credit Caseload - 2011 Geographies,3455,
Nov-18,West Lancashire,Mean of Weekly Award Amount,50.28,
Nov-18,Wyre,Pension Credit Caseload - 2011 Geographies,3686,
Nov-18,Wyre,Mean of Weekly Award Amount,52.88,
Nov-18,Knowsley,Pension Credit Caseload - 2011 Geographies,6973,
Nov-18,Knowsley,Mean of Weekly Award Amount,55.24,
Nov-18,Liverpool,Pension Credit Caseload - 2011 Geographies,20727,
Nov-18,Liverpool,Mean of Weekly Award Amount,59.3,
Nov-18,Sefton,Pension Credit Caseload - 2011 Geographies,10347,
Nov-18,Sefton,Mean of Weekly Award Amount,52.34,
Nov-18,St. Helens,Pension Credit Caseload - 2011 Geographies,5922,
Nov-18,St. Helens,Mean of Weekly Award Amount,51.94,
Nov-18,Wirral,Pension Credit Caseload - 2011 Geographies,10966,
Nov-18,Wirral,Mean of Weekly Award Amount,54.08,
Nov-18,East Riding of Yorkshire,Pension Credit Caseload - 2011 Geographies,9327,
Nov-18,East Riding of Yorkshire,Mean of Weekly Award Amount,46.46,
Nov-18,"Kingston upon Hull, City of",Pension Credit Caseload - 2011 Geographies,9839,
Nov-18,"Kingston upon Hull, City of",Mean of Weekly Award Amount,50.67,
Nov-18,North East Lincolnshire,Pension Credit Caseload - 2011 Geographies,5507,
Nov-18,North East Lincolnshire,Mean of Weekly Award Amount,50.51,
Nov-18,North Lincolnshire,Pension Credit Caseload - 2011 Geographies,4853,
Nov-18,North Lincolnshire,Mean of Weekly Award Amount,49.94,
Nov-18,North Yorkshire,Pension Credit Caseload - 2011 Geographies,14037,
Nov-18,North Yorkshire,Mean of Weekly Award Amount,50.26,
Nov-18,York,Pension Credit Caseload - 2011 Geographies,3573,
Nov-18,York,Mean of Weekly Award Amount,49.45,
Nov-18,Barnsley,Pension Credit Caseload - 2011 Geographies,7350,
Nov-18,Barnsley,Mean of Weekly Award Amount,49.56,
Nov-18,Doncaster,Pension Credit Caseload - 2011 Geographies,9319,
Nov-18,Doncaster,Mean of Weekly Award Amount,51.5,
Nov-18,Rotherham,Pension Credit Caseload - 2011 Geographies,8168,
Nov-18,Rotherham,Mean of Weekly Award Amount,49.08,
Nov-18,Sheffield,Pension Credit Caseload - 2011 Geographies,16664,
Nov-18,Sheffield,Mean of Weekly Award Amount,54.21,
Nov-18,Bradford,Pension Credit Caseload - 2011 Geographies,15808,
Nov-18,Bradford,Mean of Weekly Award Amount,58.62,
Nov-18,Calderdale,Pension Credit Caseload - 2011 Geographies,5425,
Nov-18,Calderdale,Mean of Weekly Award Amount,51,
Nov-18,Kirklees,Pension Credit Caseload - 2011 Geographies,10922,
Nov-18,Kirklees,Mean of Weekly Award Amount,53.14,
Nov-18,Leeds,Pension Credit Caseload - 2011 Geographies,18866,
Nov-18,Leeds,Mean of Weekly Award Amount,54.14,
Nov-18,Wakefield,Pension Credit Caseload - 2011 Geographies,9281,
Nov-18,Wakefield,Mean of Weekly Award Amount,49.06,
Nov-18,Derby,Pension Credit Caseload - 2011 Geographies,6754,
Nov-18,Derby,Mean of Weekly Award Amount,58.8,
Nov-18,Leicester,Pension Credit Caseload - 2011 Geographies,12093,
Nov-18,Leicester,Mean of Weekly Award Amount,86.86,
Nov-18,North Northamptonshire,Pension Credit Caseload - 2011 Geographies,7590,
Nov-18,North Northamptonshire,Mean of Weekly Award Amount,51.74,
Nov-18,Nottingham,Pension Credit Caseload - 2011 Geographies,8776,
Nov-18,Nottingham,Mean of Weekly Award Amount,58.72,
Nov-18,Rutland,Pension Credit Caseload - 2011 Geographies,635,
Nov-18,Rutland,Mean of Weekly Award Amount,47.67,
Nov-18,West Northamptonshire,Pension Credit Caseload - 2011 Geographies,7521,
Nov-18,West Northamptonshire,Mean of Weekly Award Amount,56.43,
Nov-18,Amber Valley,Pension Credit Caseload - 2011 Geographies,3169,
Nov-18,Amber Valley,Mean of Weekly Award Amount,48.23,
Nov-18,Bolsover,Pension Credit Caseload - 2011 Geographies,2338,
Nov-18,Bolsover,Mean of Weekly Award Amount,48.37,
Nov-18,Chesterfield,Pension Credit Caseload - 2011 Geographies,3278,
Nov-18,Chesterfield,Mean of Weekly Award Amount,48.15,
Nov-18,Derbyshire Dales,Pension Credit Caseload - 2011 Geographies,1481,
Nov-18,Derbyshire Dales,Mean of Weekly Award Amount,49.51,
Nov-18,Erewash,Pension Credit Caseload - 2011 Geographies,2908,
Nov-18,Erewash,Mean of Weekly Award Amount,44.69,
Nov-18,High Peak,Pension Credit Caseload - 2011 Geographies,2022,
Nov-18,High Peak,Mean of Weekly Award Amount,49.69,
Nov-18,North East Derbyshire,Pension Credit Caseload - 2011 Geographies,2832,
Nov-18,North East Derbyshire,Mean of Weekly Award Amount,47.82,
Nov-18,South Derbyshire,Pension Credit Caseload - 2011 Geographies,1805,
Nov-18,South Derbyshire,Mean of Weekly Award Amount,47.41,
Nov-18,Blaby,Pension Credit Caseload - 2011 Geographies,1895,
Nov-18,Blaby,Mean of Weekly Award Amount,51.18,
Nov-18,Charnwood,Pension Credit Caseload - 2011 Geographies,3301,
Nov-18,Charnwood,Mean of Weekly Award Amount,52.98,
Nov-18,Harborough,Pension Credit Caseload - 2011 Geographies,1473,
Nov-18,Harborough,Mean of Weekly Award Amount,49.99,
Nov-18,Hinckley and Bosworth,Pension Credit Caseload - 2011 Geographies,2269,
Nov-18,Hinckley and Bosworth,Mean of Weekly Award Amount,46.92,
Nov-18,Melton,Pension Credit Caseload - 2011 Geographies,910,
Nov-18,Melton,Mean of Weekly Award Amount,46.67,
Nov-18,North West Leicestershire,Pension Credit Caseload - 2011 Geographies,1941,
Nov-18,North West Leicestershire,Mean of Weekly Award Amount,49.44,
Nov-18,Oadby and Wigston,Pension Credit Caseload - 2011 Geographies,1303,
Nov-18,Oadby and Wigston,Mean of Weekly Award Amount,56.66,
Nov-18,Boston,Pension Credit Caseload - 2011 Geographies,2163,
Nov-18,Boston,Mean of Weekly Award Amount,55.47,
Nov-18,East Lindsey,Pension Credit Caseload - 2011 Geographies,5974,
Nov-18,East Lindsey,Mean of Weekly Award Amount,51.41,
Nov-18,Lincoln,Pension Credit Caseload - 2011 Geographies,2592,
Nov-18,Lincoln,Mean of Weekly Award Amount,52.21,
Nov-18,North Kesteven,Pension Credit Caseload - 2011 Geographies,2639,
Nov-18,North Kesteven,Mean of Weekly Award Amount,49.62,
Nov-18,South Holland,Pension Credit Caseload - 2011 Geographies,2589,
Nov-18,South Holland,Mean of Weekly Award Amount,48.96,
Nov-18,South Kesteven,Pension Credit Caseload - 2011 Geographies,2954,
Nov-18,South Kesteven,Mean of Weekly Award Amount,49.92,
Nov-18,West Lindsey,Pension Credit Caseload - 2011 Geographies,2430,
Nov-18,West Lindsey,Mean of Weekly Award Amount,50.19,
Nov-18,Ashfield,Pension Credit Caseload - 2011 Geographies,3396,
Nov-18,Ashfield,Mean of Weekly Award Amount,48.13,
Nov-18,Bassetlaw,Pension Credit Caseload - 2011 Geographies,3032,
Nov-18,Bassetlaw,Mean of Weekly Award Amount,48.67,
Nov-18,Broxtowe,Pension Credit Caseload - 2011 Geographies,2603,
Nov-18,Broxtowe,Mean of Weekly Award Amount,48.53,
Nov-18,Gedling,Pension Credit Caseload - 2011 Geographies,2598,
Nov-18,Gedling,Mean of Weekly Award Amount,47.42,
Nov-18,Mansfield,Pension Credit Caseload - 2011 Geographies,2894,
Nov-18,Mansfield,Mean of Weekly Award Amount,50.11,
Nov-18,Newark and Sherwood,Pension Credit Caseload - 2011 Geographies,2665,
Nov-18,Newark and Sherwood,Mean of Weekly Award Amount,49.89,
Nov-18,Rushcliffe,Pension Credit Caseload - 2011 Geographies,1841,
Nov-18,Rushcliffe,Mean of Weekly Award Amount,48.81,
Nov-18,"Herefordshire, County of",Pension Credit Caseload - 2011 Geographies,4860,
Nov-18,"Herefordshire, County of",Mean of Weekly Award Amount,51.91,
Nov-18,Shropshire,Pension Credit Caseload - 2011 Geographies,8262,
Nov-18,Shropshire,Mean of Weekly Award Amount,50.91,
Nov-18,Stoke-on-Trent,Pension Credit Caseload - 2011 Geographies,7942,
Nov-18,Stoke-on-Trent,Mean of Weekly Award Amount,50.07,
Nov-18,Telford and Wrekin,Pension Credit Caseload - 2011 Geographies,4908,
Nov-18,Telford and Wrekin,Mean of Weekly Award Amount,53.51,
Nov-18,Cannock Chase,Pension Credit Caseload - 2011 Geographies,2783,
Nov-18,Cannock Chase,Mean of Weekly Award Amount,48.12,
Nov-18,East Staffordshire,Pension Credit Caseload - 2011 Geographies,2417,
Nov-18,East Staffordshire,Mean of Weekly Award Amount,52.48,
Nov-18,Lichfield,Pension Credit Caseload - 2011 Geographies,2220,
Nov-18,Lichfield,Mean of Weekly Award Amount,47.64,
Nov-18,Newcastle-under-Lyme,Pension Credit Caseload - 2011 Geographies,3224,
Nov-18,Newcastle-under-Lyme,Mean of Weekly Award Amount,48.08,
Nov-18,South Staffordshire,Pension Credit Caseload - 2011 Geographies,2769,
Nov-18,South Staffordshire,Mean of Weekly Award Amount,47.86,
Nov-18,Stafford,Pension Credit Caseload - 2011 Geographies,2548,
Nov-18,Stafford,Mean of Weekly Award Amount,49.29,
Nov-18,Staffordshire Moorlands,Pension Credit Caseload - 2011 Geographies,2252,
Nov-18,Staffordshire Moorlands,Mean of Weekly Award Amount,47.83,
Nov-18,Tamworth,Pension Credit Caseload - 2011 Geographies,2099,
Nov-18,Tamworth,Mean of Weekly Award Amount,47.68,
Nov-18,North Warwickshire,Pension Credit Caseload - 2011 Geographies,1635,
Nov-18,North Warwickshire,Mean of Weekly Award Amount,46.67,
Nov-18,Nuneaton and Bedworth,Pension Credit Caseload - 2011 Geographies,3363,
Nov-18,Nuneaton and Bedworth,Mean of Weekly Award Amount,54.79,
Nov-18,Rugby,Pension Credit Caseload - 2011 Geographies,1951,
Nov-18,Rugby,Mean of Weekly Award Amount,53.62,
Nov-18,Stratford-on-Avon,Pension Credit Caseload - 2011 Geographies,2554,
Nov-18,Stratford-on-Avon,Mean of Weekly Award Amount,49.63,
Nov-18,Warwick,Pension Credit Caseload - 2011 Geographies,2581,
Nov-18,Warwick,Mean of Weekly Award Amount,50.75,
Nov-18,Birmingham,Pension Credit Caseload - 2011 Geographies,35983,
Nov-18,Birmingham,Mean of Weekly Award Amount,66.03,
Nov-18,Coventry,Pension Credit Caseload - 2011 Geographies,8874,
Nov-18,Coventry,Mean of Weekly Award Amount,61.29,
Nov-18,Dudley,Pension Credit Caseload - 2011 Geographies,10063,
Nov-18,Dudley,Mean of Weekly Award Amount,49.12,
Nov-18,Sandwell,Pension Credit Caseload - 2011 Geographies,12177,
Nov-18,Sandwell,Mean of Weekly Award Amount,59.39,
Nov-18,Solihull,Pension Credit Caseload - 2011 Geographies,4852,
Nov-18,Solihull,Mean of Weekly Award Amount,54.34,
Nov-18,Walsall,Pension Credit Caseload - 2011 Geographies,9861,
Nov-18,Walsall,Mean of Weekly Award Amount,54.96,
Nov-18,Wolverhampton,Pension Credit Caseload - 2011 Geographies,9175,
Nov-18,Wolverhampton,Mean of Weekly Award Amount,56.7,
Nov-18,Bromsgrove,Pension Credit Caseload - 2011 Geographies,1880,
Nov-18,Bromsgrove,Mean of Weekly Award Amount,47.52,
Nov-18,Malvern Hills,Pension Credit Caseload - 2011 Geographies,1928,
Nov-18,Malvern Hills,Mean of Weekly Award Amount,51.73,
Nov-18,Redditch,Pension Credit Caseload - 2011 Geographies,2113,
Nov-18,Redditch,Mean of Weekly Award Amount,53.6,
Nov-18,Worcester,Pension Credit Caseload - 2011 Geographies,2116,
Nov-18,Worcester,Mean of Weekly Award Amount,52.81,
Nov-18,Wychavon,Pension Credit Caseload - 2011 Geographies,2720,
Nov-18,Wychavon,Mean of Weekly Award Amount,52.29,
Nov-18,Wyre Forest,Pension Credit Caseload - 2011 Geographies,2974,
Nov-18,Wyre Forest,Mean of Weekly Award Amount,47.32,
Nov-18,Bedford,Pension Credit Caseload - 2011 Geographies,3387,
Nov-18,Bedford,Mean of Weekly Award Amount,58.18,
Nov-18,Central Bedfordshire,Pension Credit Caseload - 2011 Geographies,4447,
Nov-18,Central Bedfordshire,Mean of Weekly Award Amount,51.35,
Nov-18,Luton,Pension Credit Caseload - 2011 Geographies,4992,
Nov-18,Luton,Mean of Weekly Award Amount,71.57,
Nov-18,Peterborough,Pension Credit Caseload - 2011 Geographies,4834,
Nov-18,Peterborough,Mean of Weekly Award Amount,64.85,
Nov-18,Southend-on-Sea,Pension Credit Caseload - 2011 Geographies,5145,
Nov-18,Southend-on-Sea,Mean of Weekly Award Amount,55.76,
Nov-18,Thurrock,Pension Credit Caseload - 2011 Geographies,3414,
Nov-18,Thurrock,Mean of Weekly Award Amount,58.98,
Nov-18,Cambridge,Pension Credit Caseload - 2011 Geographies,1723,
Nov-18,Cambridge,Mean of Weekly Award Amount,63.21,
Nov-18,East Cambridgeshire,Pension Credit Caseload - 2011 Geographies,1588,
Nov-18,East Cambridgeshire,Mean of Weekly Award Amount,54.4,
Nov-18,Fenland,Pension Credit Caseload - 2011 Geographies,3069,
Nov-18,Fenland,Mean of Weekly Award Amount,52.22,
Nov-18,Huntingdonshire,Pension Credit Caseload - 2011 Geographies,2817,
Nov-18,Huntingdonshire,Mean of Weekly Award Amount,50.94,
Nov-18,South Cambridgeshire,Pension Credit Caseload - 2011 Geographies,2037,
Nov-18,South Cambridgeshire,Mean of Weekly Award Amount,58.11,
Nov-18,Basildon,Pension Credit Caseload - 2011 Geographies,4537,
Nov-18,Basildon,Mean of Weekly Award Amount,54.9,
Nov-18,Braintree,Pension Credit Caseload - 2011 Geographies,3302,
Nov-18,Braintree,Mean of Weekly Award Amount,49.65,
Nov-18,Brentwood,Pension Credit Caseload - 2011 Geographies,1281,
Nov-18,Brentwood,Mean of Weekly Award Amount,55.31,
Nov-18,Castle Point,Pension Credit Caseload - 2011 Geographies,2448,
Nov-18,Castle Point,Mean of Weekly Award Amount,51.5,
Nov-18,Chelmsford,Pension Credit Caseload - 2011 Geographies,2803,
Nov-18,Chelmsford,Mean of Weekly Award Amount,53.45,
Nov-18,Colchester,Pension Credit Caseload - 2011 Geographies,3416,
Nov-18,Colchester,Mean of Weekly Award Amount,56.87,
Nov-18,Epping Forest,Pension Credit Caseload - 2011 Geographies,2830,
Nov-18,Epping Forest,Mean of Weekly Award Amount,58.86,
Nov-18,Harlow,Pension Credit Caseload - 2011 Geographies,2026,
Nov-18,Harlow,Mean of Weekly Award Amount,53.32,
Nov-18,Maldon,Pension Credit Caseload - 2011 Geographies,1528,
Nov-18,Maldon,Mean of Weekly Award Amount,51.18,
Nov-18,Rochford,Pension Credit Caseload - 2011 Geographies,1789,
Nov-18,Rochford,Mean of Weekly Award Amount,49.34,
Nov-18,Tendring,Pension Credit Caseload - 2011 Geographies,5974,
Nov-18,Tendring,Mean of Weekly Award Amount,53.16,
Nov-18,Uttlesford,Pension Credit Caseload - 2011 Geographies,1323,
Nov-18,Uttlesford,Mean of Weekly Award Amount,51.32,
Nov-18,Broxbourne,Pension Credit Caseload - 2011 Geographies,2097,
Nov-18,Broxbourne,Mean of Weekly Award Amount,60.1,
Nov-18,Dacorum,Pension Credit Caseload - 2011 Geographies,2433,
Nov-18,Dacorum,Mean of Weekly Award Amount,56,
Nov-18,East Hertfordshire,Pension Credit Caseload - 2011 Geographies,2049,
Nov-18,East Hertfordshire,Mean of Weekly Award Amount,54.73,
Nov-18,Hertsmere,Pension Credit Caseload - 2011 Geographies,2099,
Nov-18,Hertsmere,Mean of Weekly Award Amount,65.05,
Nov-18,North Hertfordshire,Pension Credit Caseload - 2011 Geographies,2317,
Nov-18,North Hertfordshire,Mean of Weekly Award Amount,51.88,
Nov-18,St Albans,Pension Credit Caseload - 2011 Geographies,1705,
Nov-18,St Albans,Mean of Weekly Award Amount,59.65,
Nov-18,Stevenage,Pension Credit Caseload - 2011 Geographies,1751,
Nov-18,Stevenage,Mean of Weekly Award Amount,56.27,
Nov-18,Three Rivers,Pension Credit Caseload - 2011 Geographies,1458,
Nov-18,Three Rivers,Mean of Weekly Award Amount,63.6,
Nov-18,Watford,Pension Credit Caseload - 2011 Geographies,1639,
Nov-18,Watford,Mean of Weekly Award Amount,66.95,
Nov-18,Welwyn Hatfield,Pension Credit Caseload - 2011 Geographies,1870,
Nov-18,Welwyn Hatfield,Mean of Weekly Award Amount,57.92,
Nov-18,Breckland,Pension Credit Caseload - 2011 Geographies,3710,
Nov-18,Breckland,Mean of Weekly Award Amount,48.33,
Nov-18,Broadland,Pension Credit Caseload - 2011 Geographies,2764,
Nov-18,Broadland,Mean of Weekly Award Amount,48.11,
Nov-18,Great Yarmouth,Pension Credit Caseload - 2011 Geographies,3994,
Nov-18,Great Yarmouth,Mean of Weekly Award Amount,48.19,
Nov-18,King's Lynn and West Norfolk,Pension Credit Caseload - 2011 Geographies,4665,
Nov-18,King's Lynn and West Norfolk,Mean of Weekly Award Amount,50.71,
Nov-18,North Norfolk,Pension Credit Caseload - 2011 Geographies,3451,
Nov-18,North Norfolk,Mean of Weekly Award Amount,46.34,
Nov-18,Norwich,Pension Credit Caseload - 2011 Geographies,4141,
Nov-18,Norwich,Mean of Weekly Award Amount,52.48,
Nov-18,South Norfolk,Pension Credit Caseload - 2011 Geographies,2925,
Nov-18,South Norfolk,Mean of Weekly Award Amount,49.84,
Nov-18,Babergh,Pension Credit Caseload - 2011 Geographies,2093,
Nov-18,Babergh,Mean of Weekly Award Amount,47.69,
Nov-18,East Suffolk,Pension Credit Caseload - 2011 Geographies,6724,
Nov-18,East Suffolk,Mean of Weekly Award Amount,49.52,
Nov-18,Ipswich,Pension Credit Caseload - 2011 Geographies,3309,
Nov-18,Ipswich,Mean of Weekly Award Amount,58.77,
Nov-18,Mid Suffolk,Pension Credit Caseload - 2011 Geographies,2062,
Nov-18,Mid Suffolk,Mean of Weekly Award Amount,51.4,
Nov-18,West Suffolk,Pension Credit Caseload - 2011 Geographies,3527,
Nov-18,West Suffolk,Mean of Weekly Award Amount,50.49,
Nov-18,Camden,Pension Credit Caseload - 2011 Geographies,6618,
Nov-18,Camden,Mean of Weekly Award Amount,89.43,
Nov-18,City of London,Pension Credit Caseload - 2011 Geographies,110,
Nov-18,City of London,Mean of Weekly Award Amount,86.74,
Nov-18,Hackney,Pension Credit Caseload - 2011 Geographies,8113,
Nov-18,Hackney,Mean of Weekly Award Amount,91.86,
Nov-18,Hammersmith and Fulham,Pension Credit Caseload - 2011 Geographies,4859,
Nov-18,Hammersmith and Fulham,Mean of Weekly Award Amount,87.15,
Nov-18,Haringey,Pension Credit Caseload - 2011 Geographies,7605,
Nov-18,Haringey,Mean of Weekly Award Amount,91.7,
Nov-18,Islington,Pension Credit Caseload - 2011 Geographies,6623,
Nov-18,Islington,Mean of Weekly Award Amount,83.42,
Nov-18,Kensington and Chelsea,Pension Credit Caseload - 2011 Geographies,4675,
Nov-18,Kensington and Chelsea,Mean of Weekly Award Amount,90.82,
Nov-18,Lambeth,Pension Credit Caseload - 2011 Geographies,8112,
Nov-18,Lambeth,Mean of Weekly Award Amount,83.73,
Nov-18,Lewisham,Pension Credit Caseload - 2011 Geographies,6714,
Nov-18,Lewisham,Mean of Weekly Award Amount,77.62,
Nov-18,Newham,Pension Credit Caseload - 2011 Geographies,8937,
Nov-18,Newham,Mean of Weekly Award Amount,94.57,
Nov-18,Southwark,Pension Credit Caseload - 2011 Geographies,8048,
Nov-18,Southwark,Mean of Weekly Award Amount,83.7,
Nov-18,Tower Hamlets,Pension Credit Caseload - 2011 Geographies,7904,
Nov-18,Tower Hamlets,Mean of Weekly Award Amount,91.02,
Nov-18,Wandsworth,Pension Credit Caseload - 2011 Geographies,6372,
Nov-18,Wandsworth,Mean of Weekly Award Amount,82.47,
Nov-18,Westminster,Pension Credit Caseload - 2011 Geographies,6377,
Nov-18,Westminster,Mean of Weekly Award Amount,98,
Nov-18,Barking and Dagenham,Pension Credit Caseload - 2011 Geographies,5166,
Nov-18,Barking and Dagenham,Mean of Weekly Award Amount,75.41,
Nov-18,Barnet,Pension Credit Caseload - 2011 Geographies,8421,
Nov-18,Barnet,Mean of Weekly Award Amount,91.83,
Nov-18,Bexley,Pension Credit Caseload - 2011 Geographies,4388,
Nov-18,Bexley,Mean of Weekly Award Amount,64.17,
Nov-18,Brent,Pension Credit Caseload - 2011 Geographies,9784,
Nov-18,Brent,Mean of Weekly Award Amount,99.88,
Nov-18,Bromley,Pension Credit Caseload - 2011 Geographies,5645,
Nov-18,Bromley,Mean of Weekly Award Amount,65.62,
Nov-18,Croydon,Pension Credit Caseload - 2011 Geographies,7924,
Nov-18,Croydon,Mean of Weekly Award Amount,80.29,
Nov-18,Ealing,Pension Credit Caseload - 2011 Geographies,9362,
Nov-18,Ealing,Mean of Weekly Award Amount,104.97,
Nov-18,Enfield,Pension Credit Caseload - 2011 Geographies,8697,
Nov-18,Enfield,Mean of Weekly Award Amount,84.77,
Nov-18,Greenwich,Pension Credit Caseload - 2011 Geographies,6802,
Nov-18,Greenwich,Mean of Weekly Award Amount,85.28,
Nov-18,Harrow,Pension Credit Caseload - 2011 Geographies,6255,
Nov-18,Harrow,Mean of Weekly Award Amount,110.29,
Nov-18,Havering,Pension Credit Caseload - 2011 Geographies,5363,
Nov-18,Havering,Mean of Weekly Award Amount,59.3,
Nov-18,Hillingdon,Pension Credit Caseload - 2011 Geographies,5801,
Nov-18,Hillingdon,Mean of Weekly Award Amount,89.57,
Nov-18,Hounslow,Pension Credit Caseload - 2011 Geographies,6208,
Nov-18,Hounslow,Mean of Weekly Award Amount,98.65,
Nov-18,Kingston upon Thames,Pension Credit Caseload - 2011 Geographies,2627,
Nov-18,Kingston upon Thames,Mean of Weekly Award Amount,88.73,
Nov-18,Merton,Pension Credit Caseload - 2011 Geographies,3824,
Nov-18,Merton,Mean of Weekly Award Amount,85.16,
Nov-18,Redbridge,Pension Credit Caseload - 2011 Geographies,6971,
Nov-18,Redbridge,Mean of Weekly Award Amount,88.52,
Nov-18,Richmond upon Thames,Pension Credit Caseload - 2011 Geographies,2864,
Nov-18,Richmond upon Thames,Mean of Weekly Award Amount,76.52,
Nov-18,Sutton,Pension Credit Caseload - 2011 Geographies,3555,
Nov-18,Sutton,Mean of Weekly Award Amount,73.19,
Nov-18,Waltham Forest,Pension Credit Caseload - 2011 Geographies,6450,
Nov-18,Waltham Forest,Mean of Weekly Award Amount,78.98,
Nov-18,Bracknell Forest,Pension Credit Caseload - 2011 Geographies,1700,
Nov-18,Bracknell Forest,Mean of Weekly Award Amount,65.78,
Nov-18,Brighton and Hove,Pension Credit Caseload - 2011 Geographies,7043,
Nov-18,Brighton and Hove,Mean of Weekly Award Amount,64.57,
Nov-18,Buckinghamshire,Pension Credit Caseload - 2011 Geographies,7520,
Nov-18,Buckinghamshire,Mean of Weekly Award Amount,59.45,
Nov-18,Isle of Wight,Pension Credit Caseload - 2011 Geographies,4906,
Nov-18,Isle of Wight,Mean of Weekly Award Amount,50.9,
Nov-18,Medway,Pension Credit Caseload - 2011 Geographies,5799,
Nov-18,Medway,Mean of Weekly Award Amount,55.22,
Nov-18,Milton Keynes,Pension Credit Caseload - 2011 Geographies,4669,
Nov-18,Milton Keynes,Mean of Weekly Award Amount,64.36,
Nov-18,Portsmouth,Pension Credit Caseload - 2011 Geographies,5125,
Nov-18,Portsmouth,Mean of Weekly Award Amount,57.48,
Nov-18,Reading,Pension Credit Caseload - 2011 Geographies,3348,
Nov-18,Reading,Mean of Weekly Award Amount,80.18,
Nov-18,Slough,Pension Credit Caseload - 2011 Geographies,3109,
Nov-18,Slough,Mean of Weekly Award Amount,83.83,
Nov-18,Southampton,Pension Credit Caseload - 2011 Geographies,5701,
Nov-18,Southampton,Mean of Weekly Award Amount,59.91,
Nov-18,West Berkshire,Pension Credit Caseload - 2011 Geographies,2265,
Nov-18,West Berkshire,Mean of Weekly Award Amount,52.72,
Nov-18,Windsor and Maidenhead,Pension Credit Caseload - 2011 Geographies,2180,
Nov-18,Windsor and Maidenhead,Mean of Weekly Award Amount,59.86,
Nov-18,Wokingham,Pension Credit Caseload - 2011 Geographies,1627,
Nov-18,Wokingham,Mean of Weekly Award Amount,57.4,
Nov-18,Eastbourne,Pension Credit Caseload - 2011 Geographies,3228,
Nov-18,Eastbourne,Mean of Weekly Award Amount,56.7,
Nov-18,Hastings,Pension Credit Caseload - 2011 Geographies,3448,
Nov-18,Hastings,Mean of Weekly Award Amount,57.39,
Nov-18,Lewes,Pension Credit Caseload - 2011 Geographies,2559,
Nov-18,Lewes,Mean of Weekly Award Amount,54.63,
Nov-18,Rother,Pension Credit Caseload - 2011 Geographies,3021,
Nov-18,Rother,Mean of Weekly Award Amount,54.25,
Nov-18,Wealden,Pension Credit Caseload - 2011 Geographies,3319,
Nov-18,Wealden,Mean of Weekly Award Amount,52.25,
Nov-18,Basingstoke and Deane,Pension Credit Caseload - 2011 Geographies,2458,
Nov-18,Basingstoke and Deane,Mean of Weekly Award Amount,60.59,
Nov-18,East Hampshire,Pension Credit Caseload - 2011 Geographies,1898,
Nov-18,East Hampshire,Mean of Weekly Award Amount,52.78,
Nov-18,Eastleigh,Pension Credit Caseload - 2011 Geographies,2047,
Nov-18,Eastleigh,Mean of Weekly Award Amount,51.93,
Nov-18,Fareham,Pension Credit Caseload - 2011 Geographies,1796,
Nov-18,Fareham,Mean of Weekly Award Amount,48.67,
Nov-18,Gosport,Pension Credit Caseload - 2011 Geographies,1824,
Nov-18,Gosport,Mean of Weekly Award Amount,50.16,
Nov-18,Hart,Pension Credit Caseload - 2011 Geographies,962,
Nov-18,Hart,Mean of Weekly Award Amount,59.02,
Nov-18,Havant,Pension Credit Caseload - 2011 Geographies,3430,
Nov-18,Havant,Mean of Weekly Award Amount,50.53,
Nov-18,New Forest,Pension Credit Caseload - 2011 Geographies,3790,
Nov-18,New Forest,Mean of Weekly Award Amount,50.76,
Nov-18,Rushmoor,Pension Credit Caseload - 2011 Geographies,2651,
Nov-18,Rushmoor,Mean of Weekly Award Amount,113.46,
Nov-18,Test Valley,Pension Credit Caseload - 2011 Geographies,1982,
Nov-18,Test Valley,Mean of Weekly Award Amount,53.18,
Nov-18,Winchester,Pension Credit Caseload - 2011 Geographies,1929,
Nov-18,Winchester,Mean of Weekly Award Amount,54.39,
Nov-18,Ashford,Pension Credit Caseload - 2011 Geographies,2806,
Nov-18,Ashford,Mean of Weekly Award Amount,69.34,
Nov-18,Canterbury,Pension Credit Caseload - 2011 Geographies,3695,
Nov-18,Canterbury,Mean of Weekly Award Amount,54.02,
Nov-18,Dartford,Pension Credit Caseload - 2011 Geographies,1631,
Nov-18,Dartford,Mean of Weekly Award Amount,55.22,
Nov-18,Dover,Pension Credit Caseload - 2011 Geographies,3171,
Nov-18,Dover,Mean of Weekly Award Amount,53.38,
Nov-18,Folkestone and Hythe,Pension Credit Caseload - 2011 Geographies,3572,
Nov-18,Folkestone and Hythe,Mean of Weekly Award Amount,61.14,
Nov-18,Gravesham,Pension Credit Caseload - 2011 Geographies,2277,
Nov-18,Gravesham,Mean of Weekly Award Amount,57.41,
Nov-18,Maidstone,Pension Credit Caseload - 2011 Geographies,3129,
Nov-18,Maidstone,Mean of Weekly Award Amount,60.49,
Nov-18,Sevenoaks,Pension Credit Caseload - 2011 Geographies,1974,
Nov-18,Sevenoaks,Mean of Weekly Award Amount,56.9,
Nov-18,Swale,Pension Credit Caseload - 2011 Geographies,3704,
Nov-18,Swale,Mean of Weekly Award Amount,53.62,
Nov-18,Thanet,Pension Credit Caseload - 2011 Geographies,5409,
Nov-18,Thanet,Mean of Weekly Award Amount,55.15,
Nov-18,Tonbridge and Malling,Pension Credit Caseload - 2011 Geographies,2050,
Nov-18,Tonbridge and Malling,Mean of Weekly Award Amount,55.51,
Nov-18,Tunbridge Wells,Pension Credit Caseload - 2011 Geographies,1966,
Nov-18,Tunbridge Wells,Mean of Weekly Award Amount,54.75,
Nov-18,Cherwell,Pension Credit Caseload - 2011 Geographies,2225,
Nov-18,Cherwell,Mean of Weekly Award Amount,53.97,
Nov-18,Oxford,Pension Credit Caseload - 2011 Geographies,2289,
Nov-18,Oxford,Mean of Weekly Award Amount,69.71,
Nov-18,South Oxfordshire,Pension Credit Caseload - 2011 Geographies,1896,
Nov-18,South Oxfordshire,Mean of Weekly Award Amount,51.71,
Nov-18,Vale of White Horse,Pension Credit Caseload - 2011 Geographies,1668,
Nov-18,Vale of White Horse,Mean of Weekly Award Amount,53.52,
Nov-18,West Oxfordshire,Pension Credit Caseload - 2011 Geographies,1687,
Nov-18,West Oxfordshire,Mean of Weekly Award Amount,53.7,
Nov-18,Elmbridge,Pension Credit Caseload - 2011 Geographies,1858,
Nov-18,Elmbridge,Mean of Weekly Award Amount,66.49,
Nov-18,Epsom and Ewell,Pension Credit Caseload - 2011 Geographies,972,
Nov-18,Epsom and Ewell,Mean of Weekly Award Amount,69.51,
Nov-18,Guildford,Pension Credit Caseload - 2011 Geographies,1726,
Nov-18,Guildford,Mean of Weekly Award Amount,57.81,
Nov-18,Mole Valley,Pension Credit Caseload - 2011 Geographies,1292,
Nov-18,Mole Valley,Mean of Weekly Award Amount,58.04,
Nov-18,Reigate and Banstead,Pension Credit Caseload - 2011 Geographies,1948,
Nov-18,Reigate and Banstead,Mean of Weekly Award Amount,61.45,
Nov-18,Runnymede,Pension Credit Caseload - 2011 Geographies,1325,
Nov-18,Runnymede,Mean of Weekly Award Amount,59.9,
Nov-18,Spelthorne,Pension Credit Caseload - 2011 Geographies,1550,
Nov-18,Spelthorne,Mean of Weekly Award Amount,61.96,
Nov-18,Surrey Heath,Pension Credit Caseload - 2011 Geographies,1119,
Nov-18,Surrey Heath,Mean of Weekly Award Amount,66.54,
Nov-18,Tandridge,Pension Credit Caseload - 2011 Geographies,1184,
Nov-18,Tandridge,Mean of Weekly Award Amount,59.34,
Nov-18,Waverley,Pension Credit Caseload - 2011 Geographies,1790,
Nov-18,Waverley,Mean of Weekly Award Amount,55.7,
Nov-18,Woking,Pension Credit Caseload - 2011 Geographies,1421,
Nov-18,Woking,Mean of Weekly Award Amount,64.95,
Nov-18,Adur,Pension Credit Caseload - 2011 Geographies,1721,
Nov-18,Adur,Mean of Weekly Award Amount,52.69,
Nov-18,Arun,Pension Credit Caseload - 2011 Geographies,4657,
Nov-18,Arun,Mean of Weekly Award Amount,53.25,
Nov-18,Chichester,Pension Credit Caseload - 2011 Geographies,2665,
Nov-18,Chichester,Mean of Weekly Award Amount,52.98,
Nov-18,Crawley,Pension Credit Caseload - 2011 Geographies,2071,
Nov-18,Crawley,Mean of Weekly Award Amount,70.03,
Nov-18,Horsham,Pension Credit Caseload - 2011 Geographies,2124,
Nov-18,Horsham,Mean of Weekly Award Amount,54.75,
Nov-18,Mid Sussex,Pension Credit Caseload - 2011 Geographies,2091,
Nov-18,Mid Sussex,Mean of Weekly Award Amount,54.99,
Nov-18,Worthing,Pension Credit Caseload - 2011 Geographies,2780,
Nov-18,Worthing,Mean of Weekly Award Amount,53.19,
Nov-18,Bath and North East Somerset,Pension Credit Caseload - 2011 Geographies,3360,
Nov-18,Bath and North East Somerset,Mean of Weekly Award Amount,53.21,
Nov-18,"Bournemouth, Christchurch and Poole",Pension Credit Caseload - 2011 Geographies,11024,
Nov-18,"Bournemouth, Christchurch and Poole",Mean of Weekly Award Amount,54.1,
Nov-18,"Bristol, City of",Pension Credit Caseload - 2011 Geographies,9898,
Nov-18,"Bristol, City of",Mean of Weekly Award Amount,62.03,
Nov-18,Cornwall,Pension Credit Caseload - 2011 Geographies,18714,
Nov-18,Cornwall,Mean of Weekly Award Amount,48.39,
Nov-18,Dorset,Pension Credit Caseload - 2011 Geographies,9277,
Nov-18,Dorset,Mean of Weekly Award Amount,49.74,
Nov-18,Isles of Scilly,Pension Credit Caseload - 2011 Geographies,31,
Nov-18,Isles of Scilly,Mean of Weekly Award Amount,57.43,
Nov-18,North Somerset,Pension Credit Caseload - 2011 Geographies,5048,
Nov-18,North Somerset,Mean of Weekly Award Amount,50.7,
Nov-18,Plymouth,Pension Credit Caseload - 2011 Geographies,7105,
Nov-18,Plymouth,Mean of Weekly Award Amount,52.84,
Nov-18,Somerset,Pension Credit Caseload - 2011 Geographies,13837,
Nov-18,Somerset,Mean of Weekly Award Amount,50.63,
Nov-18,South Gloucestershire,Pension Credit Caseload - 2011 Geographies,4514,
Nov-18,South Gloucestershire,Mean of Weekly Award Amount,52.75,
Nov-18,Swindon,Pension Credit Caseload - 2011 Geographies,4456,
Nov-18,Swindon,Mean of Weekly Award Amount,66.69,
Nov-18,Torbay,Pension Credit Caseload - 2011 Geographies,5781,
Nov-18,Torbay,Mean of Weekly Award Amount,52.87,
Nov-18,Wiltshire,Pension Credit Caseload - 2011 Geographies,8984,
Nov-18,Wiltshire,Mean of Weekly Award Amount,51.65,
Nov-18,East Devon,Pension Credit Caseload - 2011 Geographies,3605,
Nov-18,East Devon,Mean of Weekly Award Amount,48.29,
Nov-18,Exeter,Pension Credit Caseload - 2011 Geographies,2652,
Nov-18,Exeter,Mean of Weekly Award Amount,51.49,
Nov-18,Mid Devon,Pension Credit Caseload - 2011 Geographies,1931,
Nov-18,Mid Devon,Mean of Weekly Award Amount,52.42,
Nov-18,North Devon,Pension Credit Caseload - 2011 Geographies,2817,
Nov-18,North Devon,Mean of Weekly Award Amount,48.74,
Nov-18,South Hams,Pension Credit Caseload - 2011 Geographies,2252,
Nov-18,South Hams,Mean of Weekly Award Amount,53.44,
Nov-18,Teignbridge,Pension Credit Caseload - 2011 Geographies,3849,
Nov-18,Teignbridge,Mean of Weekly Award Amount,50.36,
Nov-18,Torridge,Pension Credit Caseload - 2011 Geographies,2164,
Nov-18,Torridge,Mean of Weekly Award Amount,48.19,
Nov-18,West Devon,Pension Credit Caseload - 2011 Geographies,1505,
Nov-18,West Devon,Mean of Weekly Award Amount,52.21,
Nov-18,Cheltenham,Pension Credit Caseload - 2011 Geographies,2187,
Nov-18,Cheltenham,Mean of Weekly Award Amount,52.92,
Nov-18,Cotswold,Pension Credit Caseload - 2011 Geographies,1767,
Nov-18,Cotswold,Mean of Weekly Award Amount,49.23,
Nov-18,Forest of Dean,Pension Credit Caseload - 2011 Geographies,2232,
Nov-18,Forest of Dean,Mean of Weekly Award Amount,53.91,
Nov-18,Gloucester,Pension Credit Caseload - 2011 Geographies,2701,
Nov-18,Gloucester,Mean of Weekly Award Amount,57.27,
Nov-18,Stroud,Pension Credit Caseload - 2011 Geographies,2330,
Nov-18,Stroud,Mean of Weekly Award Amount,50.83,
Nov-18,Tewkesbury,Pension Credit Caseload - 2011 Geographies,1644,
Nov-18,Tewkesbury,Mean of Weekly Award Amount,54.32,
Nov-18,Total,Pension Credit Caseload - 2011 Geographies,1387438,
Nov-18,Total,Mean of Weekly Award Amount,59.59,
Feb-19,England,Pension Credit Caseload - 2011 Geographies,1362574,
Feb-19,England,Mean of Weekly Award Amount,59.82,
Feb-19,County Durham,Pension Credit Caseload - 2011 Geographies,17764,
Feb-19,County Durham,Mean of Weekly Award Amount,48.26,
Feb-19,Darlington,Pension Credit Caseload - 2011 Geographies,3163,
Feb-19,Darlington,Mean of Weekly Award Amount,52.09,
Feb-19,Hartlepool,Pension Credit Caseload - 2011 Geographies,3855,
Feb-19,Hartlepool,Mean of Weekly Award Amount,52.65,
Feb-19,Middlesbrough,Pension Credit Caseload - 2011 Geographies,5138,
Feb-19,Middlesbrough,Mean of Weekly Award Amount,53.13,
Feb-19,Northumberland,Pension Credit Caseload - 2011 Geographies,8667,
Feb-19,Northumberland,Mean of Weekly Award Amount,47.1,
Feb-19,Redcar and Cleveland,Pension Credit Caseload - 2011 Geographies,4990,
Feb-19,Redcar and Cleveland,Mean of Weekly Award Amount,48.57,
Feb-19,Stockton-on-Tees,Pension Credit Caseload - 2011 Geographies,5517,
Feb-19,Stockton-on-Tees,Mean of Weekly Award Amount,50.7,
Feb-19,Gateshead,Pension Credit Caseload - 2011 Geographies,7402,
Feb-19,Gateshead,Mean of Weekly Award Amount,49.22,
Feb-19,Newcastle upon Tyne,Pension Credit Caseload - 2011 Geographies,9009,
Feb-19,Newcastle upon Tyne,Mean of Weekly Award Amount,56.82,
Feb-19,North Tyneside,Pension Credit Caseload - 2011 Geographies,6561,
Feb-19,North Tyneside,Mean of Weekly Award Amount,47.84,
Feb-19,South Tyneside,Pension Credit Caseload - 2011 Geographies,6241,
Feb-19,South Tyneside,Mean of Weekly Award Amount,48.42,
Feb-19,Sunderland,Pension Credit Caseload - 2011 Geographies,11303,
Feb-19,Sunderland,Mean of Weekly Award Amount,49.23,
Feb-19,Blackburn with Darwen,Pension Credit Caseload - 2011 Geographies,4613,
Feb-19,Blackburn with Darwen,Mean of Weekly Award Amount,64.93,
Feb-19,Blackpool,Pension Credit Caseload - 2011 Geographies,6347,
Feb-19,Blackpool,Mean of Weekly Award Amount,53.56,
Feb-19,Cheshire East,Pension Credit Caseload - 2011 Geographies,7168,
Feb-19,Cheshire East,Mean of Weekly Award Amount,51.74,
Feb-19,Cheshire West and Chester,Pension Credit Caseload - 2011 Geographies,7719,
Feb-19,Cheshire West and Chester,Mean of Weekly Award Amount,51.5,
Feb-19,Cumberland,Pension Credit Caseload - 2011 Geographies,7128,
Feb-19,Cumberland,Mean of Weekly Award Amount,49.16,
Feb-19,Halton,Pension Credit Caseload - 2011 Geographies,3966,
Feb-19,Halton,Mean of Weekly Award Amount,54.25,
Feb-19,Warrington,Pension Credit Caseload - 2011 Geographies,4485,
Feb-19,Warrington,Mean of Weekly Award Amount,50.71,
Feb-19,Westmorland and Furness,Pension Credit Caseload - 2011 Geographies,5105,
Feb-19,Westmorland and Furness,Mean of Weekly Award Amount,51.88,
Feb-19,Bolton,Pension Credit Caseload - 2011 Geographies,8740,
Feb-19,Bolton,Mean of Weekly Award Amount,58.63,
Feb-19,Bury,Pension Credit Caseload - 2011 Geographies,4768,
Feb-19,Bury,Mean of Weekly Award Amount,55.85,
Feb-19,Manchester,Pension Credit Caseload - 2011 Geographies,16271,
Feb-19,Manchester,Mean of Weekly Award Amount,70.65,
Feb-19,Oldham,Pension Credit Caseload - 2011 Geographies,6670,
Feb-19,Oldham,Mean of Weekly Award Amount,57.58,
Feb-19,Rochdale,Pension Credit Caseload - 2011 Geographies,6853,
Feb-19,Rochdale,Mean of Weekly Award Amount,55.6,
Feb-19,Salford,Pension Credit Caseload - 2011 Geographies,7664,
Feb-19,Salford,Mean of Weekly Award Amount,55.3,
Feb-19,Stockport,Pension Credit Caseload - 2011 Geographies,6960,
Feb-19,Stockport,Mean of Weekly Award Amount,56.57,
Feb-19,Tameside,Pension Credit Caseload - 2011 Geographies,6697,
Feb-19,Tameside,Mean of Weekly Award Amount,51.77,
Feb-19,Trafford,Pension Credit Caseload - 2011 Geographies,5028,
Feb-19,Trafford,Mean of Weekly Award Amount,60.63,
Feb-19,Wigan,Pension Credit Caseload - 2011 Geographies,9379,
Feb-19,Wigan,Mean of Weekly Award Amount,48.35,
Feb-19,Burnley,Pension Credit Caseload - 2011 Geographies,2904,
Feb-19,Burnley,Mean of Weekly Award Amount,54.16,
Feb-19,Chorley,Pension Credit Caseload - 2011 Geographies,2524,
Feb-19,Chorley,Mean of Weekly Award Amount,48.55,
Feb-19,Fylde,Pension Credit Caseload - 2011 Geographies,2201,
Feb-19,Fylde,Mean of Weekly Award Amount,52.89,
Feb-19,Hyndburn,Pension Credit Caseload - 2011 Geographies,2512,
Feb-19,Hyndburn,Mean of Weekly Award Amount,54.14,
Feb-19,Lancaster,Pension Credit Caseload - 2011 Geographies,3825,
Feb-19,Lancaster,Mean of Weekly Award Amount,53.42,
Feb-19,Pendle,Pension Credit Caseload - 2011 Geographies,2921,
Feb-19,Pendle,Mean of Weekly Award Amount,58.65,
Feb-19,Preston,Pension Credit Caseload - 2011 Geographies,3722,
Feb-19,Preston,Mean of Weekly Award Amount,60.87,
Feb-19,Ribble Valley,Pension Credit Caseload - 2011 Geographies,954,
Feb-19,Ribble Valley,Mean of Weekly Award Amount,49.33,
Feb-19,Rossendale,Pension Credit Caseload - 2011 Geographies,1973,
Feb-19,Rossendale,Mean of Weekly Award Amount,49.13,
Feb-19,South Ribble,Pension Credit Caseload - 2011 Geographies,2266,
Feb-19,South Ribble,Mean of Weekly Award Amount,51.13,
Feb-19,West Lancashire,Pension Credit Caseload - 2011 Geographies,3387,
Feb-19,West Lancashire,Mean of Weekly Award Amount,50.28,
Feb-19,Wyre,Pension Credit Caseload - 2011 Geographies,3605,
Feb-19,Wyre,Mean of Weekly Award Amount,52.64,
Feb-19,Knowsley,Pension Credit Caseload - 2011 Geographies,6828,
Feb-19,Knowsley,Mean of Weekly Award Amount,55.43,
Feb-19,Liverpool,Pension Credit Caseload - 2011 Geographies,20323,
Feb-19,Liverpool,Mean of Weekly Award Amount,59.52,
Feb-19,Sefton,Pension Credit Caseload - 2011 Geographies,10205,
Feb-19,Sefton,Mean of Weekly Award Amount,52.25,
Feb-19,St. Helens,Pension Credit Caseload - 2011 Geographies,5791,
Feb-19,St. Helens,Mean of Weekly Award Amount,52.27,
Feb-19,Wirral,Pension Credit Caseload - 2011 Geographies,10759,
Feb-19,Wirral,Mean of Weekly Award Amount,54.25,
Feb-19,East Riding of Yorkshire,Pension Credit Caseload - 2011 Geographies,9193,
Feb-19,East Riding of Yorkshire,Mean of Weekly Award Amount,46.75,
Feb-19,"Kingston upon Hull, City of",Pension Credit Caseload - 2011 Geographies,9645,
Feb-19,"Kingston upon Hull, City of",Mean of Weekly Award Amount,50.7,
Feb-19,North East Lincolnshire,Pension Credit Caseload - 2011 Geographies,5408,
Feb-19,North East Lincolnshire,Mean of Weekly Award Amount,50.54,
Feb-19,North Lincolnshire,Pension Credit Caseload - 2011 Geographies,4764,
Feb-19,North Lincolnshire,Mean of Weekly Award Amount,50.5,
Feb-19,North Yorkshire,Pension Credit Caseload - 2011 Geographies,13772,
Feb-19,North Yorkshire,Mean of Weekly Award Amount,50.35,
Feb-19,York,Pension Credit Caseload - 2011 Geographies,3498,
Feb-19,York,Mean of Weekly Award Amount,49.59,
Feb-19,Barnsley,Pension Credit Caseload - 2011 Geographies,7202,
Feb-19,Barnsley,Mean of Weekly Award Amount,49.6,
Feb-19,Doncaster,Pension Credit Caseload - 2011 Geographies,9145,
Feb-19,Doncaster,Mean of Weekly Award Amount,51.71,
Feb-19,Rotherham,Pension Credit Caseload - 2011 Geographies,8006,
Feb-19,Rotherham,Mean of Weekly Award Amount,49.51,
Feb-19,Sheffield,Pension Credit Caseload - 2011 Geographies,16372,
Feb-19,Sheffield,Mean of Weekly Award Amount,54.24,
Feb-19,Bradford,Pension Credit Caseload - 2011 Geographies,15510,
Feb-19,Bradford,Mean of Weekly Award Amount,58.72,
Feb-19,Calderdale,Pension Credit Caseload - 2011 Geographies,5353,
Feb-19,Calderdale,Mean of Weekly Award Amount,50.82,
Feb-19,Kirklees,Pension Credit Caseload - 2011 Geographies,10663,
Feb-19,Kirklees,Mean of Weekly Award Amount,53.2,
Feb-19,Leeds,Pension Credit Caseload - 2011 Geographies,18475,
Feb-19,Leeds,Mean of Weekly Award Amount,54.27,
Feb-19,Wakefield,Pension Credit Caseload - 2011 Geographies,9113,
Feb-19,Wakefield,Mean of Weekly Award Amount,49.01,
Feb-19,Derby,Pension Credit Caseload - 2011 Geographies,6635,
Feb-19,Derby,Mean of Weekly Award Amount,59.37,
Feb-19,Leicester,Pension Credit Caseload - 2011 Geographies,11929,
Feb-19,Leicester,Mean of Weekly Award Amount,87.04,
Feb-19,North Northamptonshire,Pension Credit Caseload - 2011 Geographies,7402,
Feb-19,North Northamptonshire,Mean of Weekly Award Amount,51.7,
Feb-19,Nottingham,Pension Credit Caseload - 2011 Geographies,8576,
Feb-19,Nottingham,Mean of Weekly Award Amount,59.09,
Feb-19,Rutland,Pension Credit Caseload - 2011 Geographies,621,
Feb-19,Rutland,Mean of Weekly Award Amount,47.74,
Feb-19,West Northamptonshire,Pension Credit Caseload - 2011 Geographies,7394,
Feb-19,West Northamptonshire,Mean of Weekly Award Amount,56.55,
Feb-19,Amber Valley,Pension Credit Caseload - 2011 Geographies,3110,
Feb-19,Amber Valley,Mean of Weekly Award Amount,48.4,
Feb-19,Bolsover,Pension Credit Caseload - 2011 Geographies,2303,
Feb-19,Bolsover,Mean of Weekly Award Amount,48.47,
Feb-19,Chesterfield,Pension Credit Caseload - 2011 Geographies,3206,
Feb-19,Chesterfield,Mean of Weekly Award Amount,48.59,
Feb-19,Derbyshire Dales,Pension Credit Caseload - 2011 Geographies,1456,
Feb-19,Derbyshire Dales,Mean of Weekly Award Amount,49.77,
Feb-19,Erewash,Pension Credit Caseload - 2011 Geographies,2849,
Feb-19,Erewash,Mean of Weekly Award Amount,45.15,
Feb-19,High Peak,Pension Credit Caseload - 2011 Geographies,1968,
Feb-19,High Peak,Mean of Weekly Award Amount,49.31,
Feb-19,North East Derbyshire,Pension Credit Caseload - 2011 Geographies,2796,
Feb-19,North East Derbyshire,Mean of Weekly Award Amount,47.76,
Feb-19,South Derbyshire,Pension Credit Caseload - 2011 Geographies,1773,
Feb-19,South Derbyshire,Mean of Weekly Award Amount,47.81,
Feb-19,Blaby,Pension Credit Caseload - 2011 Geographies,1854,
Feb-19,Blaby,Mean of Weekly Award Amount,50.86,
Feb-19,Charnwood,Pension Credit Caseload - 2011 Geographies,3247,
Feb-19,Charnwood,Mean of Weekly Award Amount,52.84,
Feb-19,Harborough,Pension Credit Caseload - 2011 Geographies,1430,
Feb-19,Harborough,Mean of Weekly Award Amount,50.19,
Feb-19,Hinckley and Bosworth,Pension Credit Caseload - 2011 Geographies,2227,
Feb-19,Hinckley and Bosworth,Mean of Weekly Award Amount,46.97,
Feb-19,Melton,Pension Credit Caseload - 2011 Geographies,889,
Feb-19,Melton,Mean of Weekly Award Amount,46.79,
Feb-19,North West Leicestershire,Pension Credit Caseload - 2011 Geographies,1899,
Feb-19,North West Leicestershire,Mean of Weekly Award Amount,49.38,
Feb-19,Oadby and Wigston,Pension Credit Caseload - 2011 Geographies,1280,
Feb-19,Oadby and Wigston,Mean of Weekly Award Amount,57.36,
Feb-19,Boston,Pension Credit Caseload - 2011 Geographies,2143,
Feb-19,Boston,Mean of Weekly Award Amount,55.64,
Feb-19,East Lindsey,Pension Credit Caseload - 2011 Geographies,5904,
Feb-19,East Lindsey,Mean of Weekly Award Amount,51.93,
Feb-19,Lincoln,Pension Credit Caseload - 2011 Geographies,2536,
Feb-19,Lincoln,Mean of Weekly Award Amount,52.17,
Feb-19,North Kesteven,Pension Credit Caseload - 2011 Geographies,2587,
Feb-19,North Kesteven,Mean of Weekly Award Amount,49.27,
Feb-19,South Holland,Pension Credit Caseload - 2011 Geographies,2560,
Feb-19,South Holland,Mean of Weekly Award Amount,48.83,
Feb-19,South Kesteven,Pension Credit Caseload - 2011 Geographies,2906,
Feb-19,South Kesteven,Mean of Weekly Award Amount,50.16,
Feb-19,West Lindsey,Pension Credit Caseload - 2011 Geographies,2386,
Feb-19,West Lindsey,Mean of Weekly Award Amount,49.94,
Feb-19,Ashfield,Pension Credit Caseload - 2011 Geographies,3321,
Feb-19,Ashfield,Mean of Weekly Award Amount,48.35,
Feb-19,Bassetlaw,Pension Credit Caseload - 2011 Geographies,2948,
Feb-19,Bassetlaw,Mean of Weekly Award Amount,48.87,
Feb-19,Broxtowe,Pension Credit Caseload - 2011 Geographies,2542,
Feb-19,Broxtowe,Mean of Weekly Award Amount,48.7,
Feb-19,Gedling,Pension Credit Caseload - 2011 Geographies,2535,
Feb-19,Gedling,Mean of Weekly Award Amount,47.83,
Feb-19,Mansfield,Pension Credit Caseload - 2011 Geographies,2798,
Feb-19,Mansfield,Mean of Weekly Award Amount,50.27,
Feb-19,Newark and Sherwood,Pension Credit Caseload - 2011 Geographies,2638,
Feb-19,Newark and Sherwood,Mean of Weekly Award Amount,49.51,
Feb-19,Rushcliffe,Pension Credit Caseload - 2011 Geographies,1798,
Feb-19,Rushcliffe,Mean of Weekly Award Amount,48.91,
Feb-19,"Herefordshire, County of",Pension Credit Caseload - 2011 Geographies,4774,
Feb-19,"Herefordshire, County of",Mean of Weekly Award Amount,51.94,
Feb-19,Shropshire,Pension Credit Caseload - 2011 Geographies,8109,
Feb-19,Shropshire,Mean of Weekly Award Amount,50.87,
Feb-19,Stoke-on-Trent,Pension Credit Caseload - 2011 Geographies,7795,
Feb-19,Stoke-on-Trent,Mean of Weekly Award Amount,50,
Feb-19,Telford and Wrekin,Pension Credit Caseload - 2011 Geographies,4824,
Feb-19,Telford and Wrekin,Mean of Weekly Award Amount,53.83,
Feb-19,Cannock Chase,Pension Credit Caseload - 2011 Geographies,2736,
Feb-19,Cannock Chase,Mean of Weekly Award Amount,48.41,
Feb-19,East Staffordshire,Pension Credit Caseload - 2011 Geographies,2354,
Feb-19,East Staffordshire,Mean of Weekly Award Amount,52.78,
Feb-19,Lichfield,Pension Credit Caseload - 2011 Geographies,2164,
Feb-19,Lichfield,Mean of Weekly Award Amount,47.52,
Feb-19,Newcastle-under-Lyme,Pension Credit Caseload - 2011 Geographies,3157,
Feb-19,Newcastle-under-Lyme,Mean of Weekly Award Amount,48.05,
Feb-19,South Staffordshire,Pension Credit Caseload - 2011 Geographies,2705,
Feb-19,South Staffordshire,Mean of Weekly Award Amount,47.98,
Feb-19,Stafford,Pension Credit Caseload - 2011 Geographies,2504,
Feb-19,Stafford,Mean of Weekly Award Amount,49.53,
Feb-19,Staffordshire Moorlands,Pension Credit Caseload - 2011 Geographies,2206,
Feb-19,Staffordshire Moorlands,Mean of Weekly Award Amount,48.26,
Feb-19,Tamworth,Pension Credit Caseload - 2011 Geographies,2069,
Feb-19,Tamworth,Mean of Weekly Award Amount,47.63,
Feb-19,North Warwickshire,Pension Credit Caseload - 2011 Geographies,1588,
Feb-19,North Warwickshire,Mean of Weekly Award Amount,46.73,
Feb-19,Nuneaton and Bedworth,Pension Credit Caseload - 2011 Geographies,3296,
Feb-19,Nuneaton and Bedworth,Mean of Weekly Award Amount,54.87,
Feb-19,Rugby,Pension Credit Caseload - 2011 Geographies,1907,
Feb-19,Rugby,Mean of Weekly Award Amount,53.28,
Feb-19,Stratford-on-Avon,Pension Credit Caseload - 2011 Geographies,2504,
Feb-19,Stratford-on-Avon,Mean of Weekly Award Amount,49.66,
Feb-19,Warwick,Pension Credit Caseload - 2011 Geographies,2520,
Feb-19,Warwick,Mean of Weekly Award Amount,50.93,
Feb-19,Birmingham,Pension Credit Caseload - 2011 Geographies,35349,
Feb-19,Birmingham,Mean of Weekly Award Amount,66.26,
Feb-19,Coventry,Pension Credit Caseload - 2011 Geographies,8643,
Feb-19,Coventry,Mean of Weekly Award Amount,61.54,
Feb-19,Dudley,Pension Credit Caseload - 2011 Geographies,9861,
Feb-19,Dudley,Mean of Weekly Award Amount,49.33,
Feb-19,Sandwell,Pension Credit Caseload - 2011 Geographies,11966,
Feb-19,Sandwell,Mean of Weekly Award Amount,59.61,
Feb-19,Solihull,Pension Credit Caseload - 2011 Geographies,4767,
Feb-19,Solihull,Mean of Weekly Award Amount,54.22,
Feb-19,Walsall,Pension Credit Caseload - 2011 Geographies,9673,
Feb-19,Walsall,Mean of Weekly Award Amount,55.33,
Feb-19,Wolverhampton,Pension Credit Caseload - 2011 Geographies,9007,
Feb-19,Wolverhampton,Mean of Weekly Award Amount,57.18,
Feb-19,Bromsgrove,Pension Credit Caseload - 2011 Geographies,1841,
Feb-19,Bromsgrove,Mean of Weekly Award Amount,48.1,
Feb-19,Malvern Hills,Pension Credit Caseload - 2011 Geographies,1894,
Feb-19,Malvern Hills,Mean of Weekly Award Amount,51.84,
Feb-19,Redditch,Pension Credit Caseload - 2011 Geographies,2073,
Feb-19,Redditch,Mean of Weekly Award Amount,53.34,
Feb-19,Worcester,Pension Credit Caseload - 2011 Geographies,2068,
Feb-19,Worcester,Mean of Weekly Award Amount,53,
Feb-19,Wychavon,Pension Credit Caseload - 2011 Geographies,2673,
Feb-19,Wychavon,Mean of Weekly Award Amount,52.23,
Feb-19,Wyre Forest,Pension Credit Caseload - 2011 Geographies,2910,
Feb-19,Wyre Forest,Mean of Weekly Award Amount,47.57,
Feb-19,Bedford,Pension Credit Caseload - 2011 Geographies,3331,
Feb-19,Bedford,Mean of Weekly Award Amount,58.8,
Feb-19,Central Bedfordshire,Pension Credit Caseload - 2011 Geographies,4368,
Feb-19,Central Bedfordshire,Mean of Weekly Award Amount,51.43,
Feb-19,Luton,Pension Credit Caseload - 2011 Geographies,4923,
Feb-19,Luton,Mean of Weekly Award Amount,71.85,
Feb-19,Peterborough,Pension Credit Caseload - 2011 Geographies,4791,
Feb-19,Peterborough,Mean of Weekly Award Amount,65.27,
Feb-19,Southend-on-Sea,Pension Credit Caseload - 2011 Geographies,5063,
Feb-19,Southend-on-Sea,Mean of Weekly Award Amount,56.2,
Feb-19,Thurrock,Pension Credit Caseload - 2011 Geographies,3353,
Feb-19,Thurrock,Mean of Weekly Award Amount,59.2,
Feb-19,Cambridge,Pension Credit Caseload - 2011 Geographies,1682,
Feb-19,Cambridge,Mean of Weekly Award Amount,63.87,
Feb-19,East Cambridgeshire,Pension Credit Caseload - 2011 Geographies,1547,
Feb-19,East Cambridgeshire,Mean of Weekly Award Amount,54.25,
Feb-19,Fenland,Pension Credit Caseload - 2011 Geographies,3027,
Feb-19,Fenland,Mean of Weekly Award Amount,52.63,
Feb-19,Huntingdonshire,Pension Credit Caseload - 2011 Geographies,2760,
Feb-19,Huntingdonshire,Mean of Weekly Award Amount,50.82,
Feb-19,South Cambridgeshire,Pension Credit Caseload - 2011 Geographies,1995,
Feb-19,South Cambridgeshire,Mean of Weekly Award Amount,59.24,
Feb-19,Basildon,Pension Credit Caseload - 2011 Geographies,4467,
Feb-19,Basildon,Mean of Weekly Award Amount,54.89,
Feb-19,Braintree,Pension Credit Caseload - 2011 Geographies,3208,
Feb-19,Braintree,Mean of Weekly Award Amount,50.25,
Feb-19,Brentwood,Pension Credit Caseload - 2011 Geographies,1254,
Feb-19,Brentwood,Mean of Weekly Award Amount,55.4,
Feb-19,Castle Point,Pension Credit Caseload - 2011 Geographies,2409,
Feb-19,Castle Point,Mean of Weekly Award Amount,51.86,
Feb-19,Chelmsford,Pension Credit Caseload - 2011 Geographies,2726,
Feb-19,Chelmsford,Mean of Weekly Award Amount,53.38,
Feb-19,Colchester,Pension Credit Caseload - 2011 Geographies,3345,
Feb-19,Colchester,Mean of Weekly Award Amount,57.06,
Feb-19,Epping Forest,Pension Credit Caseload - 2011 Geographies,2814,
Feb-19,Epping Forest,Mean of Weekly Award Amount,58.65,
Feb-19,Harlow,Pension Credit Caseload - 2011 Geographies,1976,
Feb-19,Harlow,Mean of Weekly Award Amount,54.28,
Feb-19,Maldon,Pension Credit Caseload - 2011 Geographies,1509,
Feb-19,Maldon,Mean of Weekly Award Amount,51.51,
Feb-19,Rochford,Pension Credit Caseload - 2011 Geographies,1762,
Feb-19,Rochford,Mean of Weekly Award Amount,49.69,
Feb-19,Tendring,Pension Credit Caseload - 2011 Geographies,5850,
Feb-19,Tendring,Mean of Weekly Award Amount,53.56,
Feb-19,Uttlesford,Pension Credit Caseload - 2011 Geographies,1302,
Feb-19,Uttlesford,Mean of Weekly Award Amount,51.4,
Feb-19,Broxbourne,Pension Credit Caseload - 2011 Geographies,2056,
Feb-19,Broxbourne,Mean of Weekly Award Amount,60.11,
Feb-19,Dacorum,Pension Credit Caseload - 2011 Geographies,2383,
Feb-19,Dacorum,Mean of Weekly Award Amount,56.61,
Feb-19,East Hertfordshire,Pension Credit Caseload - 2011 Geographies,2012,
Feb-19,East Hertfordshire,Mean of Weekly Award Amount,54.48,
Feb-19,Hertsmere,Pension Credit Caseload - 2011 Geographies,2067,
Feb-19,Hertsmere,Mean of Weekly Award Amount,65.26,
Feb-19,North Hertfordshire,Pension Credit Caseload - 2011 Geographies,2263,
Feb-19,North Hertfordshire,Mean of Weekly Award Amount,52.14,
Feb-19,St Albans,Pension Credit Caseload - 2011 Geographies,1674,
Feb-19,St Albans,Mean of Weekly Award Amount,60.45,
Feb-19,Stevenage,Pension Credit Caseload - 2011 Geographies,1713,
Feb-19,Stevenage,Mean of Weekly Award Amount,56.43,
Feb-19,Three Rivers,Pension Credit Caseload - 2011 Geographies,1422,
Feb-19,Three Rivers,Mean of Weekly Award Amount,63.42,
Feb-19,Watford,Pension Credit Caseload - 2011 Geographies,1597,
Feb-19,Watford,Mean of Weekly Award Amount,67.56,
Feb-19,Welwyn Hatfield,Pension Credit Caseload - 2011 Geographies,1829,
Feb-19,Welwyn Hatfield,Mean of Weekly Award Amount,57.94,
Feb-19,Breckland,Pension Credit Caseload - 2011 Geographies,3632,
Feb-19,Breckland,Mean of Weekly Award Amount,48.93,
Feb-19,Broadland,Pension Credit Caseload - 2011 Geographies,2716,
Feb-19,Broadland,Mean of Weekly Award Amount,48.39,
Feb-19,Great Yarmouth,Pension Credit Caseload - 2011 Geographies,3916,
Feb-19,Great Yarmouth,Mean of Weekly Award Amount,48.62,
Feb-19,King's Lynn and West Norfolk,Pension Credit Caseload - 2011 Geographies,4572,
Feb-19,King's Lynn and West Norfolk,Mean of Weekly Award Amount,51.26,
Feb-19,North Norfolk,Pension Credit Caseload - 2011 Geographies,3426,
Feb-19,North Norfolk,Mean of Weekly Award Amount,46.33,
Feb-19,Norwich,Pension Credit Caseload - 2011 Geographies,4038,
Feb-19,Norwich,Mean of Weekly Award Amount,52.61,
Feb-19,South Norfolk,Pension Credit Caseload - 2011 Geographies,2876,
Feb-19,South Norfolk,Mean of Weekly Award Amount,50.08,
Feb-19,Babergh,Pension Credit Caseload - 2011 Geographies,2046,
Feb-19,Babergh,Mean of Weekly Award Amount,48.29,
Feb-19,East Suffolk,Pension Credit Caseload - 2011 Geographies,6612,
Feb-19,East Suffolk,Mean of Weekly Award Amount,49.7,
Feb-19,Ipswich,Pension Credit Caseload - 2011 Geographies,3248,
Feb-19,Ipswich,Mean of Weekly Award Amount,59.46,
Feb-19,Mid Suffolk,Pension Credit Caseload - 2011 Geographies,2016,
Feb-19,Mid Suffolk,Mean of Weekly Award Amount,51.31,
Feb-19,West Suffolk,Pension Credit Caseload - 2011 Geographies,3452,
Feb-19,West Suffolk,Mean of Weekly Award Amount,50.69,
Feb-19,Camden,Pension Credit Caseload - 2011 Geographies,6583,
Feb-19,Camden,Mean of Weekly Award Amount,89.51,
Feb-19,City of London,Pension Credit Caseload - 2011 Geographies,102,
Feb-19,City of London,Mean of Weekly Award Amount,87.27,
Feb-19,Hackney,Pension Credit Caseload - 2011 Geographies,8039,
Feb-19,Hackney,Mean of Weekly Award Amount,91.93,
Feb-19,Hammersmith and Fulham,Pension Credit Caseload - 2011 Geographies,4810,
Feb-19,Hammersmith and Fulham,Mean of Weekly Award Amount,87.61,
Feb-19,Haringey,Pension Credit Caseload - 2011 Geographies,7485,
Feb-19,Haringey,Mean of Weekly Award Amount,91.97,
Feb-19,Islington,Pension Credit Caseload - 2011 Geographies,6538,
Feb-19,Islington,Mean of Weekly Award Amount,83.55,
Feb-19,Kensington and Chelsea,Pension Credit Caseload - 2011 Geographies,4629,
Feb-19,Kensington and Chelsea,Mean of Weekly Award Amount,90.88,
Feb-19,Lambeth,Pension Credit Caseload - 2011 Geographies,7998,
Feb-19,Lambeth,Mean of Weekly Award Amount,83.74,
Feb-19,Lewisham,Pension Credit Caseload - 2011 Geographies,6633,
Feb-19,Lewisham,Mean of Weekly Award Amount,77.89,
Feb-19,Newham,Pension Credit Caseload - 2011 Geographies,8813,
Feb-19,Newham,Mean of Weekly Award Amount,94.44,
Feb-19,Southwark,Pension Credit Caseload - 2011 Geographies,7951,
Feb-19,Southwark,Mean of Weekly Award Amount,83.88,
Feb-19,Tower Hamlets,Pension Credit Caseload - 2011 Geographies,7815,
Feb-19,Tower Hamlets,Mean of Weekly Award Amount,91.28,
Feb-19,Wandsworth,Pension Credit Caseload - 2011 Geographies,6274,
Feb-19,Wandsworth,Mean of Weekly Award Amount,82.46,
Feb-19,Westminster,Pension Credit Caseload - 2011 Geographies,6302,
Feb-19,Westminster,Mean of Weekly Award Amount,98.13,
Feb-19,Barking and Dagenham,Pension Credit Caseload - 2011 Geographies,5052,
Feb-19,Barking and Dagenham,Mean of Weekly Award Amount,75.83,
Feb-19,Barnet,Pension Credit Caseload - 2011 Geographies,8288,
Feb-19,Barnet,Mean of Weekly Award Amount,92.09,
Feb-19,Bexley,Pension Credit Caseload - 2011 Geographies,4318,
Feb-19,Bexley,Mean of Weekly Award Amount,64.49,
Feb-19,Brent,Pension Credit Caseload - 2011 Geographies,9640,
Feb-19,Brent,Mean of Weekly Award Amount,100.39,
Feb-19,Bromley,Pension Credit Caseload - 2011 Geographies,5578,
Feb-19,Bromley,Mean of Weekly Award Amount,65.98,
Feb-19,Croydon,Pension Credit Caseload - 2011 Geographies,7791,
Feb-19,Croydon,Mean of Weekly Award Amount,80.65,
Feb-19,Ealing,Pension Credit Caseload - 2011 Geographies,9267,
Feb-19,Ealing,Mean of Weekly Award Amount,105.1,
Feb-19,Enfield,Pension Credit Caseload - 2011 Geographies,8601,
Feb-19,Enfield,Mean of Weekly Award Amount,85.46,
Feb-19,Greenwich,Pension Credit Caseload - 2011 Geographies,6707,
Feb-19,Greenwich,Mean of Weekly Award Amount,85.24,
Feb-19,Harrow,Pension Credit Caseload - 2011 Geographies,6198,
Feb-19,Harrow,Mean of Weekly Award Amount,110.25,
Feb-19,Havering,Pension Credit Caseload - 2011 Geographies,5243,
Feb-19,Havering,Mean of Weekly Award Amount,59.69,
Feb-19,Hillingdon,Pension Credit Caseload - 2011 Geographies,5738,
Feb-19,Hillingdon,Mean of Weekly Award Amount,90.39,
Feb-19,Hounslow,Pension Credit Caseload - 2011 Geographies,6131,
Feb-19,Hounslow,Mean of Weekly Award Amount,98.66,
Feb-19,Kingston upon Thames,Pension Credit Caseload - 2011 Geographies,2588,
Feb-19,Kingston upon Thames,Mean of Weekly Award Amount,89.38,
Feb-19,Merton,Pension Credit Caseload - 2011 Geographies,3773,
Feb-19,Merton,Mean of Weekly Award Amount,85.53,
Feb-19,Redbridge,Pension Credit Caseload - 2011 Geographies,6878,
Feb-19,Redbridge,Mean of Weekly Award Amount,88.9,
Feb-19,Richmond upon Thames,Pension Credit Caseload - 2011 Geographies,2820,
Feb-19,Richmond upon Thames,Mean of Weekly Award Amount,76.58,
Feb-19,Sutton,Pension Credit Caseload - 2011 Geographies,3514,
Feb-19,Sutton,Mean of Weekly Award Amount,73.74,
Feb-19,Waltham Forest,Pension Credit Caseload - 2011 Geographies,6345,
Feb-19,Waltham Forest,Mean of Weekly Award Amount,79.2,
Feb-19,Bracknell Forest,Pension Credit Caseload - 2011 Geographies,1680,
Feb-19,Bracknell Forest,Mean of Weekly Award Amount,67.32,
Feb-19,Brighton and Hove,Pension Credit Caseload - 2011 Geographies,6894,
Feb-19,Brighton and Hove,Mean of Weekly Award Amount,64.77,
Feb-19,Buckinghamshire,Pension Credit Caseload - 2011 Geographies,7387,
Feb-19,Buckinghamshire,Mean of Weekly Award Amount,59.55,
Feb-19,Isle of Wight,Pension Credit Caseload - 2011 Geographies,4826,
Feb-19,Isle of Wight,Mean of Weekly Award Amount,51.35,
Feb-19,Medway,Pension Credit Caseload - 2011 Geographies,5708,
Feb-19,Medway,Mean of Weekly Award Amount,55.52,
Feb-19,Milton Keynes,Pension Credit Caseload - 2011 Geographies,4608,
Feb-19,Milton Keynes,Mean of Weekly Award Amount,64.72,
Feb-19,Portsmouth,Pension Credit Caseload - 2011 Geographies,5046,
Feb-19,Portsmouth,Mean of Weekly Award Amount,57.47,
Feb-19,Reading,Pension Credit Caseload - 2011 Geographies,3297,
Feb-19,Reading,Mean of Weekly Award Amount,80.76,
Feb-19,Slough,Pension Credit Caseload - 2011 Geographies,3041,
Feb-19,Slough,Mean of Weekly Award Amount,84.4,
Feb-19,Southampton,Pension Credit Caseload - 2011 Geographies,5599,
Feb-19,Southampton,Mean of Weekly Award Amount,60.17,
Feb-19,West Berkshire,Pension Credit Caseload - 2011 Geographies,2222,
Feb-19,West Berkshire,Mean of Weekly Award Amount,52.74,
Feb-19,Windsor and Maidenhead,Pension Credit Caseload - 2011 Geographies,2149,
Feb-19,Windsor and Maidenhead,Mean of Weekly Award Amount,60.13,
Feb-19,Wokingham,Pension Credit Caseload - 2011 Geographies,1595,
Feb-19,Wokingham,Mean of Weekly Award Amount,57.13,
Feb-19,Eastbourne,Pension Credit Caseload - 2011 Geographies,3161,
Feb-19,Eastbourne,Mean of Weekly Award Amount,56.69,
Feb-19,Hastings,Pension Credit Caseload - 2011 Geographies,3401,
Feb-19,Hastings,Mean of Weekly Award Amount,57.8,
Feb-19,Lewes,Pension Credit Caseload - 2011 Geographies,2511,
Feb-19,Lewes,Mean of Weekly Award Amount,54.9,
Feb-19,Rother,Pension Credit Caseload - 2011 Geographies,2974,
Feb-19,Rother,Mean of Weekly Award Amount,54.12,
Feb-19,Wealden,Pension Credit Caseload - 2011 Geographies,3213,
Feb-19,Wealden,Mean of Weekly Award Amount,52.32,
Feb-19,Basingstoke and Deane,Pension Credit Caseload - 2011 Geographies,2415,
Feb-19,Basingstoke and Deane,Mean of Weekly Award Amount,60.83,
Feb-19,East Hampshire,Pension Credit Caseload - 2011 Geographies,1863,
Feb-19,East Hampshire,Mean of Weekly Award Amount,53.17,
Feb-19,Eastleigh,Pension Credit Caseload - 2011 Geographies,1991,
Feb-19,Eastleigh,Mean of Weekly Award Amount,52.7,
Feb-19,Fareham,Pension Credit Caseload - 2011 Geographies,1772,
Feb-19,Fareham,Mean of Weekly Award Amount,48.34,
Feb-19,Gosport,Pension Credit Caseload - 2011 Geographies,1804,
Feb-19,Gosport,Mean of Weekly Award Amount,51.01,
Feb-19,Hart,Pension Credit Caseload - 2011 Geographies,950,
Feb-19,Hart,Mean of Weekly Award Amount,59.57,
Feb-19,Havant,Pension Credit Caseload - 2011 Geographies,3377,
Feb-19,Havant,Mean of Weekly Award Amount,50.23,
Feb-19,New Forest,Pension Credit Caseload - 2011 Geographies,3739,
Feb-19,New Forest,Mean of Weekly Award Amount,50.71,
Feb-19,Rushmoor,Pension Credit Caseload - 2011 Geographies,2622,
Feb-19,Rushmoor,Mean of Weekly Award Amount,113.09,
Feb-19,Test Valley,Pension Credit Caseload - 2011 Geographies,1941,
Feb-19,Test Valley,Mean of Weekly Award Amount,53.35,
Feb-19,Winchester,Pension Credit Caseload - 2011 Geographies,1874,
Feb-19,Winchester,Mean of Weekly Award Amount,54.72,
Feb-19,Ashford,Pension Credit Caseload - 2011 Geographies,2759,
Feb-19,Ashford,Mean of Weekly Award Amount,70.04,
Feb-19,Canterbury,Pension Credit Caseload - 2011 Geographies,3633,
Feb-19,Canterbury,Mean of Weekly Award Amount,54.62,
Feb-19,Dartford,Pension Credit Caseload - 2011 Geographies,1609,
Feb-19,Dartford,Mean of Weekly Award Amount,56.07,
Feb-19,Dover,Pension Credit Caseload - 2011 Geographies,3125,
Feb-19,Dover,Mean of Weekly Award Amount,53.81,
Feb-19,Folkestone and Hythe,Pension Credit Caseload - 2011 Geographies,3506,
Feb-19,Folkestone and Hythe,Mean of Weekly Award Amount,61.37,
Feb-19,Gravesham,Pension Credit Caseload - 2011 Geographies,2227,
Feb-19,Gravesham,Mean of Weekly Award Amount,57.57,
Feb-19,Maidstone,Pension Credit Caseload - 2011 Geographies,3063,
Feb-19,Maidstone,Mean of Weekly Award Amount,60.68,
Feb-19,Sevenoaks,Pension Credit Caseload - 2011 Geographies,1953,
Feb-19,Sevenoaks,Mean of Weekly Award Amount,56.87,
Feb-19,Swale,Pension Credit Caseload - 2011 Geographies,3629,
Feb-19,Swale,Mean of Weekly Award Amount,53.54,
Feb-19,Thanet,Pension Credit Caseload - 2011 Geographies,5317,
Feb-19,Thanet,Mean of Weekly Award Amount,55.56,
Feb-19,Tonbridge and Malling,Pension Credit Caseload - 2011 Geographies,2012,
Feb-19,Tonbridge and Malling,Mean of Weekly Award Amount,55.66,
Feb-19,Tunbridge Wells,Pension Credit Caseload - 2011 Geographies,1924,
Feb-19,Tunbridge Wells,Mean of Weekly Award Amount,55.19,
Feb-19,Cherwell,Pension Credit Caseload - 2011 Geographies,2189,
Feb-19,Cherwell,Mean of Weekly Award Amount,54.36,
Feb-19,Oxford,Pension Credit Caseload - 2011 Geographies,2236,
Feb-19,Oxford,Mean of Weekly Award Amount,69.94,
Feb-19,South Oxfordshire,Pension Credit Caseload - 2011 Geographies,1855,
Feb-19,South Oxfordshire,Mean of Weekly Award Amount,52.21,
Feb-19,Vale of White Horse,Pension Credit Caseload - 2011 Geographies,1625,
Feb-19,Vale of White Horse,Mean of Weekly Award Amount,53.66,
Feb-19,West Oxfordshire,Pension Credit Caseload - 2011 Geographies,1643,
Feb-19,West Oxfordshire,Mean of Weekly Award Amount,53.48,
Feb-19,Elmbridge,Pension Credit Caseload - 2011 Geographies,1826,
Feb-19,Elmbridge,Mean of Weekly Award Amount,66.31,
Feb-19,Epsom and Ewell,Pension Credit Caseload - 2011 Geographies,954,
Feb-19,Epsom and Ewell,Mean of Weekly Award Amount,69.48,
Feb-19,Guildford,Pension Credit Caseload - 2011 Geographies,1692,
Feb-19,Guildford,Mean of Weekly Award Amount,58.22,
Feb-19,Mole Valley,Pension Credit Caseload - 2011 Geographies,1269,
Feb-19,Mole Valley,Mean of Weekly Award Amount,57.66,
Feb-19,Reigate and Banstead,Pension Credit Caseload - 2011 Geographies,1898,
Feb-19,Reigate and Banstead,Mean of Weekly Award Amount,62.05,
Feb-19,Runnymede,Pension Credit Caseload - 2011 Geographies,1306,
Feb-19,Runnymede,Mean of Weekly Award Amount,59.92,
Feb-19,Spelthorne,Pension Credit Caseload - 2011 Geographies,1517,
Feb-19,Spelthorne,Mean of Weekly Award Amount,63.14,
Feb-19,Surrey Heath,Pension Credit Caseload - 2011 Geographies,1091,
Feb-19,Surrey Heath,Mean of Weekly Award Amount,66.71,
Feb-19,Tandridge,Pension Credit Caseload - 2011 Geographies,1155,
Feb-19,Tandridge,Mean of Weekly Award Amount,60.33,
Feb-19,Waverley,Pension Credit Caseload - 2011 Geographies,1761,
Feb-19,Waverley,Mean of Weekly Award Amount,56.1,
Feb-19,Woking,Pension Credit Caseload - 2011 Geographies,1390,
Feb-19,Woking,Mean of Weekly Award Amount,64.99,
Feb-19,Adur,Pension Credit Caseload - 2011 Geographies,1669,
Feb-19,Adur,Mean of Weekly Award Amount,53.35,
Feb-19,Arun,Pension Credit Caseload - 2011 Geographies,4575,
Feb-19,Arun,Mean of Weekly Award Amount,53.56,
Feb-19,Chichester,Pension Credit Caseload - 2011 Geographies,2620,
Feb-19,Chichester,Mean of Weekly Award Amount,52.97,
Feb-19,Crawley,Pension Credit Caseload - 2011 Geographies,2043,
Feb-19,Crawley,Mean of Weekly Award Amount,70.56,
Feb-19,Horsham,Pension Credit Caseload - 2011 Geographies,2072,
Feb-19,Horsham,Mean of Weekly Award Amount,54.98,
Feb-19,Mid Sussex,Pension Credit Caseload - 2011 Geographies,2052,
Feb-19,Mid Sussex,Mean of Weekly Award Amount,55.47,
Feb-19,Worthing,Pension Credit Caseload - 2011 Geographies,2727,
Feb-19,Worthing,Mean of Weekly Award Amount,53.66,
Feb-19,Bath and North East Somerset,Pension Credit Caseload - 2011 Geographies,3294,
Feb-19,Bath and North East Somerset,Mean of Weekly Award Amount,53.4,
Feb-19,"Bournemouth, Christchurch and Poole",Pension Credit Caseload - 2011 Geographies,10791,
Feb-19,"Bournemouth, Christchurch and Poole",Mean of Weekly Award Amount,54.24,
Feb-19,"Bristol, City of",Pension Credit Caseload - 2011 Geographies,9706,
Feb-19,"Bristol, City of",Mean of Weekly Award Amount,62.28,
Feb-19,Cornwall,Pension Credit Caseload - 2011 Geographies,18419,
Feb-19,Cornwall,Mean of Weekly Award Amount,48.67,
Feb-19,Dorset,Pension Credit Caseload - 2011 Geographies,9102,
Feb-19,Dorset,Mean of Weekly Award Amount,49.96,
Feb-19,Isles of Scilly,Pension Credit Caseload - 2011 Geographies,31,
Feb-19,Isles of Scilly,Mean of Weekly Award Amount,59.47,
Feb-19,North Somerset,Pension Credit Caseload - 2011 Geographies,4933,
Feb-19,North Somerset,Mean of Weekly Award Amount,51.05,
Feb-19,Plymouth,Pension Credit Caseload - 2011 Geographies,6956,
Feb-19,Plymouth,Mean of Weekly Award Amount,53.27,
Feb-19,Somerset,Pension Credit Caseload - 2011 Geographies,13599,
Feb-19,Somerset,Mean of Weekly Award Amount,50.96,
Feb-19,South Gloucestershire,Pension Credit Caseload - 2011 Geographies,4407,
Feb-19,South Gloucestershire,Mean of Weekly Award Amount,52.97,
Feb-19,Swindon,Pension Credit Caseload - 2011 Geographies,4391,
Feb-19,Swindon,Mean of Weekly Award Amount,67.23,
Feb-19,Torbay,Pension Credit Caseload - 2011 Geographies,5674,
Feb-19,Torbay,Mean of Weekly Award Amount,53.16,
Feb-19,Wiltshire,Pension Credit Caseload - 2011 Geographies,8818,
Feb-19,Wiltshire,Mean of Weekly Award Amount,51.73,
Feb-19,East Devon,Pension Credit Caseload - 2011 Geographies,3541,
Feb-19,East Devon,Mean of Weekly Award Amount,48.63,
Feb-19,Exeter,Pension Credit Caseload - 2011 Geographies,2627,
Feb-19,Exeter,Mean of Weekly Award Amount,52.13,
Feb-19,Mid Devon,Pension Credit Caseload - 2011 Geographies,1892,
Feb-19,Mid Devon,Mean of Weekly Award Amount,52.75,
Feb-19,North Devon,Pension Credit Caseload - 2011 Geographies,2763,
Feb-19,North Devon,Mean of Weekly Award Amount,48.85,
Feb-19,South Hams,Pension Credit Caseload - 2011 Geographies,2206,
Feb-19,South Hams,Mean of Weekly Award Amount,53.6,
Feb-19,Teignbridge,Pension Credit Caseload - 2011 Geographies,3778,
Feb-19,Teignbridge,Mean of Weekly Award Amount,50.82,
Feb-19,Torridge,Pension Credit Caseload - 2011 Geographies,2127,
Feb-19,Torridge,Mean of Weekly Award Amount,48.87,
Feb-19,West Devon,Pension Credit Caseload - 2011 Geographies,1474,
Feb-19,West Devon,Mean of Weekly Award Amount,52.87,
Feb-19,Cheltenham,Pension Credit Caseload - 2011 Geographies,2154,
Feb-19,Cheltenham,Mean of Weekly Award Amount,53.57,
Feb-19,Cotswold,Pension Credit Caseload - 2011 Geographies,1735,
Feb-19,Cotswold,Mean of Weekly Award Amount,49.32,
Feb-19,Forest of Dean,Pension Credit Caseload - 2011 Geographies,2187,
Feb-19,Forest of Dean,Mean of Weekly Award Amount,53.96,
Feb-19,Gloucester,Pension Credit Caseload - 2011 Geographies,2666,
Feb-19,Gloucester,Mean of Weekly Award Amount,57.95,
Feb-19,Stroud,Pension Credit Caseload - 2011 Geographies,2246,
Feb-19,Stroud,Mean of Weekly Award Amount,50.61,
Feb-19,Tewkesbury,Pension Credit Caseload - 2011 Geographies,1625,
Feb-19,Tewkesbury,Mean of Weekly Award Amount,54.52,
Feb-19,Total,Pension Credit Caseload - 2011 Geographies,1362574,
Feb-19,Total,Mean of Weekly Award Amount,59.82,
May-19,England,Pension Credit Caseload - 2011 Geographies,1343967,
May-19,England,Mean of Weekly Award Amount,61.73,
May-19,County Durham,Pension Credit Caseload - 2011 Geographies,17515,
May-19,County Durham,Mean of Weekly Award Amount,49.94,
May-19,Darlington,Pension Credit Caseload - 2011 Geographies,3110,
May-19,Darlington,Mean of Weekly Award Amount,54.02,
May-19,Hartlepool,Pension Credit Caseload - 2011 Geographies,3809,
May-19,Hartlepool,Mean of Weekly Award Amount,54.9,
May-19,Middlesbrough,Pension Credit Caseload - 2011 Geographies,5042,
May-19,Middlesbrough,Mean of Weekly Award Amount,54.87,
May-19,Northumberland,Pension Credit Caseload - 2011 Geographies,8592,
May-19,Northumberland,Mean of Weekly Award Amount,48.72,
May-19,Redcar and Cleveland,Pension Credit Caseload - 2011 Geographies,4935,
May-19,Redcar and Cleveland,Mean of Weekly Award Amount,50,
May-19,Stockton-on-Tees,Pension Credit Caseload - 2011 Geographies,5460,
May-19,Stockton-on-Tees,Mean of Weekly Award Amount,52.09,
May-19,Gateshead,Pension Credit Caseload - 2011 Geographies,7300,
May-19,Gateshead,Mean of Weekly Award Amount,51.04,
May-19,Newcastle upon Tyne,Pension Credit Caseload - 2011 Geographies,8863,
May-19,Newcastle upon Tyne,Mean of Weekly Award Amount,58.4,
May-19,North Tyneside,Pension Credit Caseload - 2011 Geographies,6465,
May-19,North Tyneside,Mean of Weekly Award Amount,49.5,
May-19,South Tyneside,Pension Credit Caseload - 2011 Geographies,6148,
May-19,South Tyneside,Mean of Weekly Award Amount,50.06,
May-19,Sunderland,Pension Credit Caseload - 2011 Geographies,11128,
May-19,Sunderland,Mean of Weekly Award Amount,50.76,
May-19,Blackburn with Darwen,Pension Credit Caseload - 2011 Geographies,4565,
May-19,Blackburn with Darwen,Mean of Weekly Award Amount,66.66,
May-19,Blackpool,Pension Credit Caseload - 2011 Geographies,6273,
May-19,Blackpool,Mean of Weekly Award Amount,55.24,
May-19,Cheshire East,Pension Credit Caseload - 2011 Geographies,7028,
May-19,Cheshire East,Mean of Weekly Award Amount,53.26,
May-19,Cheshire West and Chester,Pension Credit Caseload - 2011 Geographies,7633,
May-19,Cheshire West and Chester,Mean of Weekly Award Amount,52.97,
May-19,Cumberland,Pension Credit Caseload - 2011 Geographies,6995,
May-19,Cumberland,Mean of Weekly Award Amount,50.89,
May-19,Halton,Pension Credit Caseload - 2011 Geographies,3946,
May-19,Halton,Mean of Weekly Award Amount,55.68,
May-19,Warrington,Pension Credit Caseload - 2011 Geographies,4420,
May-19,Warrington,Mean of Weekly Award Amount,52.27,
May-19,Westmorland and Furness,Pension Credit Caseload - 2011 Geographies,5018,
May-19,Westmorland and Furness,Mean of Weekly Award Amount,53.56,
May-19,Bolton,Pension Credit Caseload - 2011 Geographies,8626,
May-19,Bolton,Mean of Weekly Award Amount,60.79,
May-19,Bury,Pension Credit Caseload - 2011 Geographies,4711,
May-19,Bury,Mean of Weekly Award Amount,57.85,
May-19,Manchester,Pension Credit Caseload - 2011 Geographies,16079,
May-19,Manchester,Mean of Weekly Award Amount,72.77,
May-19,Oldham,Pension Credit Caseload - 2011 Geographies,6574,
May-19,Oldham,Mean of Weekly Award Amount,59.58,
May-19,Rochdale,Pension Credit Caseload - 2011 Geographies,6771,
May-19,Rochdale,Mean of Weekly Award Amount,57.31,
May-19,Salford,Pension Credit Caseload - 2011 Geographies,7558,
May-19,Salford,Mean of Weekly Award Amount,56.88,
May-19,Stockport,Pension Credit Caseload - 2011 Geographies,6843,
May-19,Stockport,Mean of Weekly Award Amount,58.27,
May-19,Tameside,Pension Credit Caseload - 2011 Geographies,6575,
May-19,Tameside,Mean of Weekly Award Amount,53.26,
May-19,Trafford,Pension Credit Caseload - 2011 Geographies,4940,
May-19,Trafford,Mean of Weekly Award Amount,62.62,
May-19,Wigan,Pension Credit Caseload - 2011 Geographies,9245,
May-19,Wigan,Mean of Weekly Award Amount,49.94,
May-19,Burnley,Pension Credit Caseload - 2011 Geographies,2839,
May-19,Burnley,Mean of Weekly Award Amount,55.42,
May-19,Chorley,Pension Credit Caseload - 2011 Geographies,2478,
May-19,Chorley,Mean of Weekly Award Amount,49.94,
May-19,Fylde,Pension Credit Caseload - 2011 Geographies,2179,
May-19,Fylde,Mean of Weekly Award Amount,54.61,
May-19,Hyndburn,Pension Credit Caseload - 2011 Geographies,2466,
May-19,Hyndburn,Mean of Weekly Award Amount,56.15,
May-19,Lancaster,Pension Credit Caseload - 2011 Geographies,3771,
May-19,Lancaster,Mean of Weekly Award Amount,55.13,
May-19,Pendle,Pension Credit Caseload - 2011 Geographies,2874,
May-19,Pendle,Mean of Weekly Award Amount,60.34,
May-19,Preston,Pension Credit Caseload - 2011 Geographies,3662,
May-19,Preston,Mean of Weekly Award Amount,62.69,
May-19,Ribble Valley,Pension Credit Caseload - 2011 Geographies,924,
May-19,Ribble Valley,Mean of Weekly Award Amount,50.53,
May-19,Rossendale,Pension Credit Caseload - 2011 Geographies,1946,
May-19,Rossendale,Mean of Weekly Award Amount,51.26,
May-19,South Ribble,Pension Credit Caseload - 2011 Geographies,2228,
May-19,South Ribble,Mean of Weekly Award Amount,52.74,
May-19,West Lancashire,Pension Credit Caseload - 2011 Geographies,3339,
May-19,West Lancashire,Mean of Weekly Award Amount,51.43,
May-19,Wyre,Pension Credit Caseload - 2011 Geographies,3561,
May-19,Wyre,Mean of Weekly Award Amount,54.59,
May-19,Knowsley,Pension Credit Caseload - 2011 Geographies,6713,
May-19,Knowsley,Mean of Weekly Award Amount,57.27,
May-19,Liverpool,Pension Credit Caseload - 2011 Geographies,20034,
May-19,Liverpool,Mean of Weekly Award Amount,61.3,
May-19,Sefton,Pension Credit Caseload - 2011 Geographies,10053,
May-19,Sefton,Mean of Weekly Award Amount,53.82,
May-19,St. Helens,Pension Credit Caseload - 2011 Geographies,5696,
May-19,St. Helens,Mean of Weekly Award Amount,53.76,
May-19,Wirral,Pension Credit Caseload - 2011 Geographies,10615,
May-19,Wirral,Mean of Weekly Award Amount,55.85,
May-19,East Riding of Yorkshire,Pension Credit Caseload - 2011 Geographies,9088,
May-19,East Riding of Yorkshire,Mean of Weekly Award Amount,48.21,
May-19,"Kingston upon Hull, City of",Pension Credit Caseload - 2011 Geographies,9504,
May-19,"Kingston upon Hull, City of",Mean of Weekly Award Amount,52.12,
May-19,North East Lincolnshire,Pension Credit Caseload - 2011 Geographies,5329,
May-19,North East Lincolnshire,Mean of Weekly Award Amount,51.9,
May-19,North Lincolnshire,Pension Credit Caseload - 2011 Geographies,4677,
May-19,North Lincolnshire,Mean of Weekly Award Amount,51.57,
May-19,North Yorkshire,Pension Credit Caseload - 2011 Geographies,13563,
May-19,North Yorkshire,Mean of Weekly Award Amount,52.26,
May-19,York,Pension Credit Caseload - 2011 Geographies,3441,
May-19,York,Mean of Weekly Award Amount,51.12,
May-19,Barnsley,Pension Credit Caseload - 2011 Geographies,7111,
May-19,Barnsley,Mean of Weekly Award Amount,51.18,
May-19,Doncaster,Pension Credit Caseload - 2011 Geographies,8982,
May-19,Doncaster,Mean of Weekly Award Amount,53.34,
May-19,Rotherham,Pension Credit Caseload - 2011 Geographies,7875,
May-19,Rotherham,Mean of Weekly Award Amount,50.95,
May-19,Sheffield,Pension Credit Caseload - 2011 Geographies,16113,
May-19,Sheffield,Mean of Weekly Award Amount,56.07,
May-19,Bradford,Pension Credit Caseload - 2011 Geographies,15270,
May-19,Bradford,Mean of Weekly Award Amount,60.7,
May-19,Calderdale,Pension Credit Caseload - 2011 Geographies,5289,
May-19,Calderdale,Mean of Weekly Award Amount,52.31,
May-19,Kirklees,Pension Credit Caseload - 2011 Geographies,10494,
May-19,Kirklees,Mean of Weekly Award Amount,54.76,
May-19,Leeds,Pension Credit Caseload - 2011 Geographies,18153,
May-19,Leeds,Mean of Weekly Award Amount,56.03,
May-19,Wakefield,Pension Credit Caseload - 2011 Geographies,8992,
May-19,Wakefield,Mean of Weekly Award Amount,50.68,
May-19,Derby,Pension Credit Caseload - 2011 Geographies,6527,
May-19,Derby,Mean of Weekly Award Amount,61.2,
May-19,Leicester,Pension Credit Caseload - 2011 Geographies,11777,
May-19,Leicester,Mean of Weekly Award Amount,89.85,
May-19,North Northamptonshire,Pension Credit Caseload - 2011 Geographies,7283,
May-19,North Northamptonshire,Mean of Weekly Award Amount,53.11,
May-19,Nottingham,Pension Credit Caseload - 2011 Geographies,8452,
May-19,Nottingham,Mean of Weekly Award Amount,61.1,
May-19,Rutland,Pension Credit Caseload - 2011 Geographies,612,
May-19,Rutland,Mean of Weekly Award Amount,49.95,
May-19,West Northamptonshire,Pension Credit Caseload - 2011 Geographies,7282,
May-19,West Northamptonshire,Mean of Weekly Award Amount,58.5,
May-19,Amber Valley,Pension Credit Caseload - 2011 Geographies,3064,
May-19,Amber Valley,Mean of Weekly Award Amount,50.24,
May-19,Bolsover,Pension Credit Caseload - 2011 Geographies,2272,
May-19,Bolsover,Mean of Weekly Award Amount,50.07,
May-19,Chesterfield,Pension Credit Caseload - 2011 Geographies,3178,
May-19,Chesterfield,Mean of Weekly Award Amount,49.8,
May-19,Derbyshire Dales,Pension Credit Caseload - 2011 Geographies,1431,
May-19,Derbyshire Dales,Mean of Weekly Award Amount,51.71,
May-19,Erewash,Pension Credit Caseload - 2011 Geographies,2811,
May-19,Erewash,Mean of Weekly Award Amount,46.39,
May-19,High Peak,Pension Credit Caseload - 2011 Geographies,1926,
May-19,High Peak,Mean of Weekly Award Amount,51.33,
May-19,North East Derbyshire,Pension Credit Caseload - 2011 Geographies,2763,
May-19,North East Derbyshire,Mean of Weekly Award Amount,49.09,
May-19,South Derbyshire,Pension Credit Caseload - 2011 Geographies,1743,
May-19,South Derbyshire,Mean of Weekly Award Amount,49.66,
May-19,Blaby,Pension Credit Caseload - 2011 Geographies,1818,
May-19,Blaby,Mean of Weekly Award Amount,52.77,
May-19,Charnwood,Pension Credit Caseload - 2011 Geographies,3209,
May-19,Charnwood,Mean of Weekly Award Amount,54.58,
May-19,Harborough,Pension Credit Caseload - 2011 Geographies,1411,
May-19,Harborough,Mean of Weekly Award Amount,51.34,
May-19,Hinckley and Bosworth,Pension Credit Caseload - 2011 Geographies,2198,
May-19,Hinckley and Bosworth,Mean of Weekly Award Amount,48.35,
May-19,Melton,Pension Credit Caseload - 2011 Geographies,868,
May-19,Melton,Mean of Weekly Award Amount,48.89,
May-19,North West Leicestershire,Pension Credit Caseload - 2011 Geographies,1873,
May-19,North West Leicestershire,Mean of Weekly Award Amount,50.85,
May-19,Oadby and Wigston,Pension Credit Caseload - 2011 Geographies,1250,
May-19,Oadby and Wigston,Mean of Weekly Award Amount,59.45,
May-19,Boston,Pension Credit Caseload - 2011 Geographies,2125,
May-19,Boston,Mean of Weekly Award Amount,58.21,
May-19,East Lindsey,Pension Credit Caseload - 2011 Geographies,5804,
May-19,East Lindsey,Mean of Weekly Award Amount,53.79,
May-19,Lincoln,Pension Credit Caseload - 2011 Geographies,2498,
May-19,Lincoln,Mean of Weekly Award Amount,54.17,
May-19,North Kesteven,Pension Credit Caseload - 2011 Geographies,2534,
May-19,North Kesteven,Mean of Weekly Award Amount,50.91,
May-19,South Holland,Pension Credit Caseload - 2011 Geographies,2540,
May-19,South Holland,Mean of Weekly Award Amount,50.25,
May-19,South Kesteven,Pension Credit Caseload - 2011 Geographies,2853,
May-19,South Kesteven,Mean of Weekly Award Amount,51.35,
May-19,West Lindsey,Pension Credit Caseload - 2011 Geographies,2344,
May-19,West Lindsey,Mean of Weekly Award Amount,51.21,
May-19,Ashfield,Pension Credit Caseload - 2011 Geographies,3264,
May-19,Ashfield,Mean of Weekly Award Amount,50.03,
May-19,Bassetlaw,Pension Credit Caseload - 2011 Geographies,2926,
May-19,Bassetlaw,Mean of Weekly Award Amount,50.86,
May-19,Broxtowe,Pension Credit Caseload - 2011 Geographies,2494,
May-19,Broxtowe,Mean of Weekly Award Amount,50.67,
May-19,Gedling,Pension Credit Caseload - 2011 Geographies,2478,
May-19,Gedling,Mean of Weekly Award Amount,49.37,
May-19,Mansfield,Pension Credit Caseload - 2011 Geographies,2774,
May-19,Mansfield,Mean of Weekly Award Amount,51.02,
May-19,Newark and Sherwood,Pension Credit Caseload - 2011 Geographies,2608,
May-19,Newark and Sherwood,Mean of Weekly Award Amount,50.67,
May-19,Rushcliffe,Pension Credit Caseload - 2011 Geographies,1788,
May-19,Rushcliffe,Mean of Weekly Award Amount,50.73,
May-19,"Herefordshire, County of",Pension Credit Caseload - 2011 Geographies,4693,
May-19,"Herefordshire, County of",Mean of Weekly Award Amount,53.45,
May-19,Shropshire,Pension Credit Caseload - 2011 Geographies,7977,
May-19,Shropshire,Mean of Weekly Award Amount,52.64,
May-19,Stoke-on-Trent,Pension Credit Caseload - 2011 Geographies,7707,
May-19,Stoke-on-Trent,Mean of Weekly Award Amount,51.41,
May-19,Telford and Wrekin,Pension Credit Caseload - 2011 Geographies,4777,
May-19,Telford and Wrekin,Mean of Weekly Award Amount,55.54,
May-19,Cannock Chase,Pension Credit Caseload - 2011 Geographies,2689,
May-19,Cannock Chase,Mean of Weekly Award Amount,49.93,
May-19,East Staffordshire,Pension Credit Caseload - 2011 Geographies,2340,
May-19,East Staffordshire,Mean of Weekly Award Amount,53.89,
May-19,Lichfield,Pension Credit Caseload - 2011 Geographies,2114,
May-19,Lichfield,Mean of Weekly Award Amount,48.62,
May-19,Newcastle-under-Lyme,Pension Credit Caseload - 2011 Geographies,3101,
May-19,Newcastle-under-Lyme,Mean of Weekly Award Amount,49.72,
May-19,South Staffordshire,Pension Credit Caseload - 2011 Geographies,2676,
May-19,South Staffordshire,Mean of Weekly Award Amount,49.71,
May-19,Stafford,Pension Credit Caseload - 2011 Geographies,2461,
May-19,Stafford,Mean of Weekly Award Amount,50.95,
May-19,Staffordshire Moorlands,Pension Credit Caseload - 2011 Geographies,2170,
May-19,Staffordshire Moorlands,Mean of Weekly Award Amount,49.96,
May-19,Tamworth,Pension Credit Caseload - 2011 Geographies,2034,
May-19,Tamworth,Mean of Weekly Award Amount,49.14,
May-19,North Warwickshire,Pension Credit Caseload - 2011 Geographies,1558,
May-19,North Warwickshire,Mean of Weekly Award Amount,48.02,
May-19,Nuneaton and Bedworth,Pension Credit Caseload - 2011 Geographies,3222,
May-19,Nuneaton and Bedworth,Mean of Weekly Award Amount,57.45,
May-19,Rugby,Pension Credit Caseload - 2011 Geographies,1881,
May-19,Rugby,Mean of Weekly Award Amount,55.31,
May-19,Stratford-on-Avon,Pension Credit Caseload - 2011 Geographies,2466,
May-19,Stratford-on-Avon,Mean of Weekly Award Amount,51.58,
May-19,Warwick,Pension Credit Caseload - 2011 Geographies,2462,
May-19,Warwick,Mean of Weekly Award Amount,52.25,
May-19,Birmingham,Pension Credit Caseload - 2011 Geographies,34890,
May-19,Birmingham,Mean of Weekly Award Amount,68.41,
May-19,Coventry,Pension Credit Caseload - 2011 Geographies,8472,
May-19,Coventry,Mean of Weekly Award Amount,63.31,
May-19,Dudley,Pension Credit Caseload - 2011 Geographies,9709,
May-19,Dudley,Mean of Weekly Award Amount,50.77,
May-19,Sandwell,Pension Credit Caseload - 2011 Geographies,11764,
May-19,Sandwell,Mean of Weekly Award Amount,61.63,
May-19,Solihull,Pension Credit Caseload - 2011 Geographies,4687,
May-19,Solihull,Mean of Weekly Award Amount,56.1,
May-19,Walsall,Pension Credit Caseload - 2011 Geographies,9501,
May-19,Walsall,Mean of Weekly Award Amount,57.12,
May-19,Wolverhampton,Pension Credit Caseload - 2011 Geographies,8912,
May-19,Wolverhampton,Mean of Weekly Award Amount,59.14,
May-19,Bromsgrove,Pension Credit Caseload - 2011 Geographies,1811,
May-19,Bromsgrove,Mean of Weekly Award Amount,49.82,
May-19,Malvern Hills,Pension Credit Caseload - 2011 Geographies,1867,
May-19,Malvern Hills,Mean of Weekly Award Amount,53.91,
May-19,Redditch,Pension Credit Caseload - 2011 Geographies,2047,
May-19,Redditch,Mean of Weekly Award Amount,55.1,
May-19,Worcester,Pension Credit Caseload - 2011 Geographies,2035,
May-19,Worcester,Mean of Weekly Award Amount,54.38,
May-19,Wychavon,Pension Credit Caseload - 2011 Geographies,2662,
May-19,Wychavon,Mean of Weekly Award Amount,54.3,
May-19,Wyre Forest,Pension Credit Caseload - 2011 Geographies,2870,
May-19,Wyre Forest,Mean of Weekly Award Amount,49,
May-19,Bedford,Pension Credit Caseload - 2011 Geographies,3295,
May-19,Bedford,Mean of Weekly Award Amount,60.76,
May-19,Central Bedfordshire,Pension Credit Caseload - 2011 Geographies,4284,
May-19,Central Bedfordshire,Mean of Weekly Award Amount,52.76,
May-19,Luton,Pension Credit Caseload - 2011 Geographies,4861,
May-19,Luton,Mean of Weekly Award Amount,74.01,
May-19,Peterborough,Pension Credit Caseload - 2011 Geographies,4750,
May-19,Peterborough,Mean of Weekly Award Amount,67.21,
May-19,Southend-on-Sea,Pension Credit Caseload - 2011 Geographies,4985,
May-19,Southend-on-Sea,Mean of Weekly Award Amount,57.69,
May-19,Thurrock,Pension Credit Caseload - 2011 Geographies,3298,
May-19,Thurrock,Mean of Weekly Award Amount,61.24,
May-19,Cambridge,Pension Credit Caseload - 2011 Geographies,1663,
May-19,Cambridge,Mean of Weekly Award Amount,66.1,
May-19,East Cambridgeshire,Pension Credit Caseload - 2011 Geographies,1532,
May-19,East Cambridgeshire,Mean of Weekly Award Amount,55.87,
May-19,Fenland,Pension Credit Caseload - 2011 Geographies,2975,
May-19,Fenland,Mean of Weekly Award Amount,54.15,
May-19,Huntingdonshire,Pension Credit Caseload - 2011 Geographies,2707,
May-19,Huntingdonshire,Mean of Weekly Award Amount,52.58,
May-19,South Cambridgeshire,Pension Credit Caseload - 2011 Geographies,1975,
May-19,South Cambridgeshire,Mean of Weekly Award Amount,60.39,
May-19,Basildon,Pension Credit Caseload - 2011 Geographies,4376,
May-19,Basildon,Mean of Weekly Award Amount,56.85,
May-19,Braintree,Pension Credit Caseload - 2011 Geographies,3160,
May-19,Braintree,Mean of Weekly Award Amount,51.38,
May-19,Brentwood,Pension Credit Caseload - 2011 Geographies,1241,
May-19,Brentwood,Mean of Weekly Award Amount,57.54,
May-19,Castle Point,Pension Credit Caseload - 2011 Geographies,2380,
May-19,Castle Point,Mean of Weekly Award Amount,53.67,
May-19,Chelmsford,Pension Credit Caseload - 2011 Geographies,2659,
May-19,Chelmsford,Mean of Weekly Award Amount,54.91,
May-19,Colchester,Pension Credit Caseload - 2011 Geographies,3315,
May-19,Colchester,Mean of Weekly Award Amount,58.55,
May-19,Epping Forest,Pension Credit Caseload - 2011 Geographies,2760,
May-19,Epping Forest,Mean of Weekly Award Amount,60.56,
May-19,Harlow,Pension Credit Caseload - 2011 Geographies,1942,
May-19,Harlow,Mean of Weekly Award Amount,56.02,
May-19,Maldon,Pension Credit Caseload - 2011 Geographies,1480,
May-19,Maldon,Mean of Weekly Award Amount,52.83,
May-19,Rochford,Pension Credit Caseload - 2011 Geographies,1738,
May-19,Rochford,Mean of Weekly Award Amount,52.08,
May-19,Tendring,Pension Credit Caseload - 2011 Geographies,5749,
May-19,Tendring,Mean of Weekly Award Amount,55.14,
May-19,Uttlesford,Pension Credit Caseload - 2011 Geographies,1282,
May-19,Uttlesford,Mean of Weekly Award Amount,52.84,
May-19,Broxbourne,Pension Credit Caseload - 2011 Geographies,2037,
May-19,Broxbourne,Mean of Weekly Award Amount,62.28,
May-19,Dacorum,Pension Credit Caseload - 2011 Geographies,2341,
May-19,Dacorum,Mean of Weekly Award Amount,58.57,
May-19,East Hertfordshire,Pension Credit Caseload - 2011 Geographies,1979,
May-19,East Hertfordshire,Mean of Weekly Award Amount,55.84,
May-19,Hertsmere,Pension Credit Caseload - 2011 Geographies,2047,
May-19,Hertsmere,Mean of Weekly Award Amount,67.08,
May-19,North Hertfordshire,Pension Credit Caseload - 2011 Geographies,2227,
May-19,North Hertfordshire,Mean of Weekly Award Amount,53.48,
May-19,St Albans,Pension Credit Caseload - 2011 Geographies,1657,
May-19,St Albans,Mean of Weekly Award Amount,61.98,
May-19,Stevenage,Pension Credit Caseload - 2011 Geographies,1675,
May-19,Stevenage,Mean of Weekly Award Amount,58.71,
May-19,Three Rivers,Pension Credit Caseload - 2011 Geographies,1400,
May-19,Three Rivers,Mean of Weekly Award Amount,66.09,
May-19,Watford,Pension Credit Caseload - 2011 Geographies,1579,
May-19,Watford,Mean of Weekly Award Amount,69.74,
May-19,Welwyn Hatfield,Pension Credit Caseload - 2011 Geographies,1821,
May-19,Welwyn Hatfield,Mean of Weekly Award Amount,59.67,
May-19,Breckland,Pension Credit Caseload - 2011 Geographies,3549,
May-19,Breckland,Mean of Weekly Award Amount,50.6,
May-19,Broadland,Pension Credit Caseload - 2011 Geographies,2656,
May-19,Broadland,Mean of Weekly Award Amount,49.58,
May-19,Great Yarmouth,Pension Credit Caseload - 2011 Geographies,3853,
May-19,Great Yarmouth,Mean of Weekly Award Amount,50.2,
May-19,King's Lynn and West Norfolk,Pension Credit Caseload - 2011 Geographies,4500,
May-19,King's Lynn and West Norfolk,Mean of Weekly Award Amount,52.87,
May-19,North Norfolk,Pension Credit Caseload - 2011 Geographies,3369,
May-19,North Norfolk,Mean of Weekly Award Amount,47.79,
May-19,Norwich,Pension Credit Caseload - 2011 Geographies,3979,
May-19,Norwich,Mean of Weekly Award Amount,54.11,
May-19,South Norfolk,Pension Credit Caseload - 2011 Geographies,2852,
May-19,South Norfolk,Mean of Weekly Award Amount,51.56,
May-19,Babergh,Pension Credit Caseload - 2011 Geographies,1993,
May-19,Babergh,Mean of Weekly Award Amount,49.85,
May-19,East Suffolk,Pension Credit Caseload - 2011 Geographies,6485,
May-19,East Suffolk,Mean of Weekly Award Amount,51.24,
May-19,Ipswich,Pension Credit Caseload - 2011 Geographies,3204,
May-19,Ipswich,Mean of Weekly Award Amount,61.5,
May-19,Mid Suffolk,Pension Credit Caseload - 2011 Geographies,1986,
May-19,Mid Suffolk,Mean of Weekly Award Amount,53.14,
May-19,West Suffolk,Pension Credit Caseload - 2011 Geographies,3391,
May-19,West Suffolk,Mean of Weekly Award Amount,52.25,
May-19,Camden,Pension Credit Caseload - 2011 Geographies,6536,
May-19,Camden,Mean of Weekly Award Amount,91.69,
May-19,City of London,Pension Credit Caseload - 2011 Geographies,97,
May-19,City of London,Mean of Weekly Award Amount,81.8,
May-19,Hackney,Pension Credit Caseload - 2011 Geographies,7988,
May-19,Hackney,Mean of Weekly Award Amount,94.71,
May-19,Hammersmith and Fulham,Pension Credit Caseload - 2011 Geographies,4777,
May-19,Hammersmith and Fulham,Mean of Weekly Award Amount,89.95,
May-19,Haringey,Pension Credit Caseload - 2011 Geographies,7439,
May-19,Haringey,Mean of Weekly Award Amount,94.54,
May-19,Islington,Pension Credit Caseload - 2011 Geographies,6500,
May-19,Islington,Mean of Weekly Award Amount,86.19,
May-19,Kensington and Chelsea,Pension Credit Caseload - 2011 Geographies,4610,
May-19,Kensington and Chelsea,Mean of Weekly Award Amount,93.74,
May-19,Lambeth,Pension Credit Caseload - 2011 Geographies,7943,
May-19,Lambeth,Mean of Weekly Award Amount,86.1,
May-19,Lewisham,Pension Credit Caseload - 2011 Geographies,6585,
May-19,Lewisham,Mean of Weekly Award Amount,80.33,
May-19,Newham,Pension Credit Caseload - 2011 Geographies,8730,
May-19,Newham,Mean of Weekly Award Amount,97.43,
May-19,Southwark,Pension Credit Caseload - 2011 Geographies,7874,
May-19,Southwark,Mean of Weekly Award Amount,86.31,
May-19,Tower Hamlets,Pension Credit Caseload - 2011 Geographies,7797,
May-19,Tower Hamlets,Mean of Weekly Award Amount,92.76,
May-19,Wandsworth,Pension Credit Caseload - 2011 Geographies,6204,
May-19,Wandsworth,Mean of Weekly Award Amount,85.08,
May-19,Westminster,Pension Credit Caseload - 2011 Geographies,6265,
May-19,Westminster,Mean of Weekly Award Amount,100.94,
May-19,Barking and Dagenham,Pension Credit Caseload - 2011 Geographies,4984,
May-19,Barking and Dagenham,Mean of Weekly Award Amount,78.19,
May-19,Barnet,Pension Credit Caseload - 2011 Geographies,8256,
May-19,Barnet,Mean of Weekly Award Amount,94.74,
May-19,Bexley,Pension Credit Caseload - 2011 Geographies,4284,
May-19,Bexley,Mean of Weekly Award Amount,66.51,
May-19,Brent,Pension Credit Caseload - 2011 Geographies,9584,
May-19,Brent,Mean of Weekly Award Amount,103.1,
May-19,Bromley,Pension Credit Caseload - 2011 Geographies,5491,
May-19,Bromley,Mean of Weekly Award Amount,68.07,
May-19,Croydon,Pension Credit Caseload - 2011 Geographies,7711,
May-19,Croydon,Mean of Weekly Award Amount,83.03,
May-19,Ealing,Pension Credit Caseload - 2011 Geographies,9199,
May-19,Ealing,Mean of Weekly Award Amount,108.23,
May-19,Enfield,Pension Credit Caseload - 2011 Geographies,8514,
May-19,Enfield,Mean of Weekly Award Amount,88.2,
May-19,Greenwich,Pension Credit Caseload - 2011 Geographies,6624,
May-19,Greenwich,Mean of Weekly Award Amount,88.17,
May-19,Harrow,Pension Credit Caseload - 2011 Geographies,6165,
May-19,Harrow,Mean of Weekly Award Amount,113.51,
May-19,Havering,Pension Credit Caseload - 2011 Geographies,5179,
May-19,Havering,Mean of Weekly Award Amount,61.6,
May-19,Hillingdon,Pension Credit Caseload - 2011 Geographies,5681,
May-19,Hillingdon,Mean of Weekly Award Amount,93.55,
May-19,Hounslow,Pension Credit Caseload - 2011 Geographies,6093,
May-19,Hounslow,Mean of Weekly Award Amount,101.39,
May-19,Kingston upon Thames,Pension Credit Caseload - 2011 Geographies,2581,
May-19,Kingston upon Thames,Mean of Weekly Award Amount,92.4,
May-19,Merton,Pension Credit Caseload - 2011 Geographies,3734,
May-19,Merton,Mean of Weekly Award Amount,87.46,
May-19,Redbridge,Pension Credit Caseload - 2011 Geographies,6808,
May-19,Redbridge,Mean of Weekly Award Amount,91.64,
May-19,Richmond upon Thames,Pension Credit Caseload - 2011 Geographies,2793,
May-19,Richmond upon Thames,Mean of Weekly Award Amount,79.01,
May-19,Sutton,Pension Credit Caseload - 2011 Geographies,3479,
May-19,Sutton,Mean of Weekly Award Amount,76.07,
May-19,Waltham Forest,Pension Credit Caseload - 2011 Geographies,6288,
May-19,Waltham Forest,Mean of Weekly Award Amount,81.67,
May-19,Bracknell Forest,Pension Credit Caseload - 2011 Geographies,1665,
May-19,Bracknell Forest,Mean of Weekly Award Amount,70.22,
May-19,Brighton and Hove,Pension Credit Caseload - 2011 Geographies,6810,
May-19,Brighton and Hove,Mean of Weekly Award Amount,66.81,
May-19,Buckinghamshire,Pension Credit Caseload - 2011 Geographies,7285,
May-19,Buckinghamshire,Mean of Weekly Award Amount,61.95,
May-19,Isle of Wight,Pension Credit Caseload - 2011 Geographies,4772,
May-19,Isle of Wight,Mean of Weekly Award Amount,52.84,
May-19,Medway,Pension Credit Caseload - 2011 Geographies,5644,
May-19,Medway,Mean of Weekly Award Amount,57.2,
May-19,Milton Keynes,Pension Credit Caseload - 2011 Geographies,4542,
May-19,Milton Keynes,Mean of Weekly Award Amount,66.76,
May-19,Portsmouth,Pension Credit Caseload - 2011 Geographies,4959,
May-19,Portsmouth,Mean of Weekly Award Amount,58.94,
May-19,Reading,Pension Credit Caseload - 2011 Geographies,3248,
May-19,Reading,Mean of Weekly Award Amount,83.59,
May-19,Slough,Pension Credit Caseload - 2011 Geographies,3001,
May-19,Slough,Mean of Weekly Award Amount,87.4,
May-19,Southampton,Pension Credit Caseload - 2011 Geographies,5496,
May-19,Southampton,Mean of Weekly Award Amount,62.01,
May-19,West Berkshire,Pension Credit Caseload - 2011 Geographies,2199,
May-19,West Berkshire,Mean of Weekly Award Amount,54.51,
May-19,Windsor and Maidenhead,Pension Credit Caseload - 2011 Geographies,2115,
May-19,Windsor and Maidenhead,Mean of Weekly Award Amount,62.45,
May-19,Wokingham,Pension Credit Caseload - 2011 Geographies,1569,
May-19,Wokingham,Mean of Weekly Award Amount,59.07,
May-19,Eastbourne,Pension Credit Caseload - 2011 Geographies,3120,
May-19,Eastbourne,Mean of Weekly Award Amount,58.69,
May-19,Hastings,Pension Credit Caseload - 2011 Geographies,3370,
May-19,Hastings,Mean of Weekly Award Amount,60.01,
May-19,Lewes,Pension Credit Caseload - 2011 Geographies,2492,
May-19,Lewes,Mean of Weekly Award Amount,56.93,
May-19,Rother,Pension Credit Caseload - 2011 Geographies,2929,
May-19,Rother,Mean of Weekly Award Amount,55.66,
May-19,Wealden,Pension Credit Caseload - 2011 Geographies,3202,
May-19,Wealden,Mean of Weekly Award Amount,54.07,
May-19,Basingstoke and Deane,Pension Credit Caseload - 2011 Geographies,2386,
May-19,Basingstoke and Deane,Mean of Weekly Award Amount,62.98,
May-19,East Hampshire,Pension Credit Caseload - 2011 Geographies,1823,
May-19,East Hampshire,Mean of Weekly Award Amount,54.9,
May-19,Eastleigh,Pension Credit Caseload - 2011 Geographies,1966,
May-19,Eastleigh,Mean of Weekly Award Amount,54.12,
May-19,Fareham,Pension Credit Caseload - 2011 Geographies,1758,
May-19,Fareham,Mean of Weekly Award Amount,49.97,
May-19,Gosport,Pension Credit Caseload - 2011 Geographies,1784,
May-19,Gosport,Mean of Weekly Award Amount,52.48,
May-19,Hart,Pension Credit Caseload - 2011 Geographies,937,
May-19,Hart,Mean of Weekly Award Amount,60.85,
May-19,Havant,Pension Credit Caseload - 2011 Geographies,3307,
May-19,Havant,Mean of Weekly Award Amount,51.87,
May-19,New Forest,Pension Credit Caseload - 2011 Geographies,3696,
May-19,New Forest,Mean of Weekly Award Amount,52.58,
May-19,Rushmoor,Pension Credit Caseload - 2011 Geographies,2595,
May-19,Rushmoor,Mean of Weekly Award Amount,117.31,
May-19,Test Valley,Pension Credit Caseload - 2011 Geographies,1907,
May-19,Test Valley,Mean of Weekly Award Amount,56.03,
May-19,Winchester,Pension Credit Caseload - 2011 Geographies,1859,
May-19,Winchester,Mean of Weekly Award Amount,56.4,
May-19,Ashford,Pension Credit Caseload - 2011 Geographies,2734,
May-19,Ashford,Mean of Weekly Award Amount,72.6,
May-19,Canterbury,Pension Credit Caseload - 2011 Geographies,3600,
May-19,Canterbury,Mean of Weekly Award Amount,56.18,
May-19,Dartford,Pension Credit Caseload - 2011 Geographies,1580,
May-19,Dartford,Mean of Weekly Award Amount,58.77,
May-19,Dover,Pension Credit Caseload - 2011 Geographies,3070,
May-19,Dover,Mean of Weekly Award Amount,55.68,
May-19,Folkestone and Hythe,Pension Credit Caseload - 2011 Geographies,3452,
May-19,Folkestone and Hythe,Mean of Weekly Award Amount,63.36,
May-19,Gravesham,Pension Credit Caseload - 2011 Geographies,2183,
May-19,Gravesham,Mean of Weekly Award Amount,59.61,
May-19,Maidstone,Pension Credit Caseload - 2011 Geographies,3027,
May-19,Maidstone,Mean of Weekly Award Amount,62.1,
May-19,Sevenoaks,Pension Credit Caseload - 2011 Geographies,1914,
May-19,Sevenoaks,Mean of Weekly Award Amount,58.75,
May-19,Swale,Pension Credit Caseload - 2011 Geographies,3545,
May-19,Swale,Mean of Weekly Award Amount,55.17,
May-19,Thanet,Pension Credit Caseload - 2011 Geographies,5222,
May-19,Thanet,Mean of Weekly Award Amount,57.52,
May-19,Tonbridge and Malling,Pension Credit Caseload - 2011 Geographies,1985,
May-19,Tonbridge and Malling,Mean of Weekly Award Amount,57,
May-19,Tunbridge Wells,Pension Credit Caseload - 2011 Geographies,1880,
May-19,Tunbridge Wells,Mean of Weekly Award Amount,57.16,
May-19,Cherwell,Pension Credit Caseload - 2011 Geographies,2150,
May-19,Cherwell,Mean of Weekly Award Amount,56.52,
May-19,Oxford,Pension Credit Caseload - 2011 Geographies,2188,
May-19,Oxford,Mean of Weekly Award Amount,72.9,
May-19,South Oxfordshire,Pension Credit Caseload - 2011 Geographies,1829,
May-19,South Oxfordshire,Mean of Weekly Award Amount,54.18,
May-19,Vale of White Horse,Pension Credit Caseload - 2011 Geographies,1596,
May-19,Vale of White Horse,Mean of Weekly Award Amount,55.8,
May-19,West Oxfordshire,Pension Credit Caseload - 2011 Geographies,1618,
May-19,West Oxfordshire,Mean of Weekly Award Amount,55.22,
May-19,Elmbridge,Pension Credit Caseload - 2011 Geographies,1792,
May-19,Elmbridge,Mean of Weekly Award Amount,68.77,
May-19,Epsom and Ewell,Pension Credit Caseload - 2011 Geographies,943,
May-19,Epsom and Ewell,Mean of Weekly Award Amount,72.07,
May-19,Guildford,Pension Credit Caseload - 2011 Geographies,1689,
May-19,Guildford,Mean of Weekly Award Amount,60.09,
May-19,Mole Valley,Pension Credit Caseload - 2011 Geographies,1255,
May-19,Mole Valley,Mean of Weekly Award Amount,59.46,
May-19,Reigate and Banstead,Pension Credit Caseload - 2011 Geographies,1867,
May-19,Reigate and Banstead,Mean of Weekly Award Amount,64.37,
May-19,Runnymede,Pension Credit Caseload - 2011 Geographies,1289,
May-19,Runnymede,Mean of Weekly Award Amount,61.64,
May-19,Spelthorne,Pension Credit Caseload - 2011 Geographies,1492,
May-19,Spelthorne,Mean of Weekly Award Amount,64.86,
May-19,Surrey Heath,Pension Credit Caseload - 2011 Geographies,1066,
May-19,Surrey Heath,Mean of Weekly Award Amount,69.62,
May-19,Tandridge,Pension Credit Caseload - 2011 Geographies,1138,
May-19,Tandridge,Mean of Weekly Award Amount,61.92,
May-19,Waverley,Pension Credit Caseload - 2011 Geographies,1736,
May-19,Waverley,Mean of Weekly Award Amount,57.88,
May-19,Woking,Pension Credit Caseload - 2011 Geographies,1382,
May-19,Woking,Mean of Weekly Award Amount,66.83,
May-19,Adur,Pension Credit Caseload - 2011 Geographies,1628,
May-19,Adur,Mean of Weekly Award Amount,55.16,
May-19,Arun,Pension Credit Caseload - 2011 Geographies,4515,
May-19,Arun,Mean of Weekly Award Amount,54.76,
May-19,Chichester,Pension Credit Caseload - 2011 Geographies,2574,
May-19,Chichester,Mean of Weekly Award Amount,54.95,
May-19,Crawley,Pension Credit Caseload - 2011 Geographies,1996,
May-19,Crawley,Mean of Weekly Award Amount,73.48,
May-19,Horsham,Pension Credit Caseload - 2011 Geographies,2033,
May-19,Horsham,Mean of Weekly Award Amount,56.36,
May-19,Mid Sussex,Pension Credit Caseload - 2011 Geographies,2021,
May-19,Mid Sussex,Mean of Weekly Award Amount,57.33,
May-19,Worthing,Pension Credit Caseload - 2011 Geographies,2693,
May-19,Worthing,Mean of Weekly Award Amount,56.03,
May-19,Bath and North East Somerset,Pension Credit Caseload - 2011 Geographies,3248,
May-19,Bath and North East Somerset,Mean of Weekly Award Amount,54.96,
May-19,"Bournemouth, Christchurch and Poole",Pension Credit Caseload - 2011 Geographies,10640,
May-19,"Bournemouth, Christchurch and Poole",Mean of Weekly Award Amount,55.96,
May-19,"Bristol, City of",Pension Credit Caseload - 2011 Geographies,9526,
May-19,"Bristol, City of",Mean of Weekly Award Amount,64.21,
May-19,Cornwall,Pension Credit Caseload - 2011 Geographies,18162,
May-19,Cornwall,Mean of Weekly Award Amount,50.12,
May-19,Dorset,Pension Credit Caseload - 2011 Geographies,8990,
May-19,Dorset,Mean of Weekly Award Amount,51.66,
May-19,Isles of Scilly,Pension Credit Caseload - 2011 Geographies,33,
May-19,Isles of Scilly,Mean of Weekly Award Amount,59.01,
May-19,North Somerset,Pension Credit Caseload - 2011 Geographies,4887,
May-19,North Somerset,Mean of Weekly Award Amount,52.78,
May-19,Plymouth,Pension Credit Caseload - 2011 Geographies,6851,
May-19,Plymouth,Mean of Weekly Award Amount,54.73,
May-19,Somerset,Pension Credit Caseload - 2011 Geographies,13397,
May-19,Somerset,Mean of Weekly Award Amount,52.53,
May-19,South Gloucestershire,Pension Credit Caseload - 2011 Geographies,4358,
May-19,South Gloucestershire,Mean of Weekly Award Amount,54.47,
May-19,Swindon,Pension Credit Caseload - 2011 Geographies,4333,
May-19,Swindon,Mean of Weekly Award Amount,69.45,
May-19,Torbay,Pension Credit Caseload - 2011 Geographies,5590,
May-19,Torbay,Mean of Weekly Award Amount,54.79,
May-19,Wiltshire,Pension Credit Caseload - 2011 Geographies,8711,
May-19,Wiltshire,Mean of Weekly Award Amount,53.1,
May-19,East Devon,Pension Credit Caseload - 2011 Geographies,3480,
May-19,East Devon,Mean of Weekly Award Amount,50,
May-19,Exeter,Pension Credit Caseload - 2011 Geographies,2578,
May-19,Exeter,Mean of Weekly Award Amount,53.66,
May-19,Mid Devon,Pension Credit Caseload - 2011 Geographies,1871,
May-19,Mid Devon,Mean of Weekly Award Amount,54.45,
May-19,North Devon,Pension Credit Caseload - 2011 Geographies,2717,
May-19,North Devon,Mean of Weekly Award Amount,50.17,
May-19,South Hams,Pension Credit Caseload - 2011 Geographies,2195,
May-19,South Hams,Mean of Weekly Award Amount,55.22,
May-19,Teignbridge,Pension Credit Caseload - 2011 Geographies,3727,
May-19,Teignbridge,Mean of Weekly Award Amount,52.52,
May-19,Torridge,Pension Credit Caseload - 2011 Geographies,2105,
May-19,Torridge,Mean of Weekly Award Amount,50.02,
May-19,West Devon,Pension Credit Caseload - 2011 Geographies,1462,
May-19,West Devon,Mean of Weekly Award Amount,54.28,
May-19,Cheltenham,Pension Credit Caseload - 2011 Geographies,2122,
May-19,Cheltenham,Mean of Weekly Award Amount,55.16,
May-19,Cotswold,Pension Credit Caseload - 2011 Geographies,1714,
May-19,Cotswold,Mean of Weekly Award Amount,50.78,
May-19,Forest of Dean,Pension Credit Caseload - 2011 Geographies,2138,
May-19,Forest of Dean,Mean of Weekly Award Amount,55.55,
May-19,Gloucester,Pension Credit Caseload - 2011 Geographies,2632,
May-19,Gloucester,Mean of Weekly Award Amount,60.06,
May-19,Stroud,Pension Credit Caseload - 2011 Geographies,2214,
May-19,Stroud,Mean of Weekly Award Amount,52.13,
May-19,Tewkesbury,Pension Credit Caseload - 2011 Geographies,1591,
May-19,Tewkesbury,Mean of Weekly Award Amount,56.63,
May-19,Total,Pension Credit Caseload - 2011 Geographies,1343967,
May-19,Total,Mean of Weekly Award Amount,61.73,
Aug-19,England,Pension Credit Caseload - 2011 Geographies,1329979,
Aug-19,England,Mean of Weekly Award Amount,61.87,
Aug-19,County Durham,Pension Credit Caseload - 2011 Geographies,17325,
Aug-19,County Durham,Mean of Weekly Award Amount,50.07,
Aug-19,Darlington,Pension Credit Caseload - 2011 Geographies,3089,
Aug-19,Darlington,Mean of Weekly Award Amount,54.26,
Aug-19,Hartlepool,Pension Credit Caseload - 2011 Geographies,3767,
Aug-19,Hartlepool,Mean of Weekly Award Amount,54.39,
Aug-19,Middlesbrough,Pension Credit Caseload - 2011 Geographies,4959,
Aug-19,Middlesbrough,Mean of Weekly Award Amount,55.01,
Aug-19,Northumberland,Pension Credit Caseload - 2011 Geographies,8454,
Aug-19,Northumberland,Mean of Weekly Award Amount,48.52,
Aug-19,Redcar and Cleveland,Pension Credit Caseload - 2011 Geographies,4883,
Aug-19,Redcar and Cleveland,Mean of Weekly Award Amount,49.87,
Aug-19,Stockton-on-Tees,Pension Credit Caseload - 2011 Geographies,5392,
Aug-19,Stockton-on-Tees,Mean of Weekly Award Amount,52.56,
Aug-19,Gateshead,Pension Credit Caseload - 2011 Geographies,7202,
Aug-19,Gateshead,Mean of Weekly Award Amount,51.19,
Aug-19,Newcastle upon Tyne,Pension Credit Caseload - 2011 Geographies,8797,
Aug-19,Newcastle upon Tyne,Mean of Weekly Award Amount,58.46,
Aug-19,North Tyneside,Pension Credit Caseload - 2011 Geographies,6395,
Aug-19,North Tyneside,Mean of Weekly Award Amount,49.31,
Aug-19,South Tyneside,Pension Credit Caseload - 2011 Geographies,6067,
Aug-19,South Tyneside,Mean of Weekly Award Amount,50.18,
Aug-19,Sunderland,Pension Credit Caseload - 2011 Geographies,10984,
Aug-19,Sunderland,Mean of Weekly Award Amount,51.03,
Aug-19,Blackburn with Darwen,Pension Credit Caseload - 2011 Geographies,4510,
Aug-19,Blackburn with Darwen,Mean of Weekly Award Amount,67.07,
Aug-19,Blackpool,Pension Credit Caseload - 2011 Geographies,6226,
Aug-19,Blackpool,Mean of Weekly Award Amount,55.23,
Aug-19,Cheshire East,Pension Credit Caseload - 2011 Geographies,6977,
Aug-19,Cheshire East,Mean of Weekly Award Amount,52.97,
Aug-19,Cheshire West and Chester,Pension Credit Caseload - 2011 Geographies,7567,
Aug-19,Cheshire West and Chester,Mean of Weekly Award Amount,53.02,
Aug-19,Cumberland,Pension Credit Caseload - 2011 Geographies,6934,
Aug-19,Cumberland,Mean of Weekly Award Amount,50.82,
Aug-19,Halton,Pension Credit Caseload - 2011 Geographies,3884,
Aug-19,Halton,Mean of Weekly Award Amount,55.32,
Aug-19,Warrington,Pension Credit Caseload - 2011 Geographies,4362,
Aug-19,Warrington,Mean of Weekly Award Amount,52.6,
Aug-19,Westmorland and Furness,Pension Credit Caseload - 2011 Geographies,4951,
Aug-19,Westmorland and Furness,Mean of Weekly Award Amount,53.53,
Aug-19,Bolton,Pension Credit Caseload - 2011 Geographies,8536,
Aug-19,Bolton,Mean of Weekly Award Amount,61.08,
Aug-19,Bury,Pension Credit Caseload - 2011 Geographies,4649,
Aug-19,Bury,Mean of Weekly Award Amount,57.8,
Aug-19,Manchester,Pension Credit Caseload - 2011 Geographies,15926,
Aug-19,Manchester,Mean of Weekly Award Amount,73.01,
Aug-19,Oldham,Pension Credit Caseload - 2011 Geographies,6505,
Aug-19,Oldham,Mean of Weekly Award Amount,59.65,
Aug-19,Rochdale,Pension Credit Caseload - 2011 Geographies,6691,
Aug-19,Rochdale,Mean of Weekly Award Amount,57.27,
Aug-19,Salford,Pension Credit Caseload - 2011 Geographies,7444,
Aug-19,Salford,Mean of Weekly Award Amount,57.14,
Aug-19,Stockport,Pension Credit Caseload - 2011 Geographies,6747,
Aug-19,Stockport,Mean of Weekly Award Amount,58.49,
Aug-19,Tameside,Pension Credit Caseload - 2011 Geographies,6493,
Aug-19,Tameside,Mean of Weekly Award Amount,53.44,
Aug-19,Trafford,Pension Credit Caseload - 2011 Geographies,4904,
Aug-19,Trafford,Mean of Weekly Award Amount,62.56,
Aug-19,Wigan,Pension Credit Caseload - 2011 Geographies,9135,
Aug-19,Wigan,Mean of Weekly Award Amount,50.05,
Aug-19,Burnley,Pension Credit Caseload - 2011 Geographies,2822,
Aug-19,Burnley,Mean of Weekly Award Amount,55.7,
Aug-19,Chorley,Pension Credit Caseload - 2011 Geographies,2434,
Aug-19,Chorley,Mean of Weekly Award Amount,50.13,
Aug-19,Fylde,Pension Credit Caseload - 2011 Geographies,2163,
Aug-19,Fylde,Mean of Weekly Award Amount,54.64,
Aug-19,Hyndburn,Pension Credit Caseload - 2011 Geographies,2439,
Aug-19,Hyndburn,Mean of Weekly Award Amount,56.13,
Aug-19,Lancaster,Pension Credit Caseload - 2011 Geographies,3735,
Aug-19,Lancaster,Mean of Weekly Award Amount,54.74,
Aug-19,Pendle,Pension Credit Caseload - 2011 Geographies,2829,
Aug-19,Pendle,Mean of Weekly Award Amount,60.92,
Aug-19,Preston,Pension Credit Caseload - 2011 Geographies,3629,
Aug-19,Preston,Mean of Weekly Award Amount,62.61,
Aug-19,Ribble Valley,Pension Credit Caseload - 2011 Geographies,910,
Aug-19,Ribble Valley,Mean of Weekly Award Amount,51.51,
Aug-19,Rossendale,Pension Credit Caseload - 2011 Geographies,1923,
Aug-19,Rossendale,Mean of Weekly Award Amount,51.33,
Aug-19,South Ribble,Pension Credit Caseload - 2011 Geographies,2211,
Aug-19,South Ribble,Mean of Weekly Award Amount,52.61,
Aug-19,West Lancashire,Pension Credit Caseload - 2011 Geographies,3318,
Aug-19,West Lancashire,Mean of Weekly Award Amount,51.58,
Aug-19,Wyre,Pension Credit Caseload - 2011 Geographies,3552,
Aug-19,Wyre,Mean of Weekly Award Amount,54.47,
Aug-19,Knowsley,Pension Credit Caseload - 2011 Geographies,6600,
Aug-19,Knowsley,Mean of Weekly Award Amount,57.36,
Aug-19,Liverpool,Pension Credit Caseload - 2011 Geographies,19823,
Aug-19,Liverpool,Mean of Weekly Award Amount,61.48,
Aug-19,Sefton,Pension Credit Caseload - 2011 Geographies,9942,
Aug-19,Sefton,Mean of Weekly Award Amount,53.99,
Aug-19,St. Helens,Pension Credit Caseload - 2011 Geographies,5654,
Aug-19,St. Helens,Mean of Weekly Award Amount,54.01,
Aug-19,Wirral,Pension Credit Caseload - 2011 Geographies,10484,
Aug-19,Wirral,Mean of Weekly Award Amount,56.15,
Aug-19,East Riding of Yorkshire,Pension Credit Caseload - 2011 Geographies,9041,
Aug-19,East Riding of Yorkshire,Mean of Weekly Award Amount,48.22,
Aug-19,"Kingston upon Hull, City of",Pension Credit Caseload - 2011 Geographies,9397,
Aug-19,"Kingston upon Hull, City of",Mean of Weekly Award Amount,52.19,
Aug-19,North East Lincolnshire,Pension Credit Caseload - 2011 Geographies,5279,
Aug-19,North East Lincolnshire,Mean of Weekly Award Amount,51.71,
Aug-19,North Lincolnshire,Pension Credit Caseload - 2011 Geographies,4618,
Aug-19,North Lincolnshire,Mean of Weekly Award Amount,51.77,
Aug-19,North Yorkshire,Pension Credit Caseload - 2011 Geographies,13393,
Aug-19,North Yorkshire,Mean of Weekly Award Amount,52.07,
Aug-19,York,Pension Credit Caseload - 2011 Geographies,3381,
Aug-19,York,Mean of Weekly Award Amount,51.31,
Aug-19,Barnsley,Pension Credit Caseload - 2011 Geographies,7035,
Aug-19,Barnsley,Mean of Weekly Award Amount,51.64,
Aug-19,Doncaster,Pension Credit Caseload - 2011 Geographies,8854,
Aug-19,Doncaster,Mean of Weekly Award Amount,53.44,
Aug-19,Rotherham,Pension Credit Caseload - 2011 Geographies,7805,
Aug-19,Rotherham,Mean of Weekly Award Amount,51.17,
Aug-19,Sheffield,Pension Credit Caseload - 2011 Geographies,15890,
Aug-19,Sheffield,Mean of Weekly Award Amount,56.45,
Aug-19,Bradford,Pension Credit Caseload - 2011 Geographies,15112,
Aug-19,Bradford,Mean of Weekly Award Amount,60.88,
Aug-19,Calderdale,Pension Credit Caseload - 2011 Geographies,5213,
Aug-19,Calderdale,Mean of Weekly Award Amount,52.37,
Aug-19,Kirklees,Pension Credit Caseload - 2011 Geographies,10383,
Aug-19,Kirklees,Mean of Weekly Award Amount,54.85,
Aug-19,Leeds,Pension Credit Caseload - 2011 Geographies,17904,
Aug-19,Leeds,Mean of Weekly Award Amount,56.14,
Aug-19,Wakefield,Pension Credit Caseload - 2011 Geographies,8882,
Aug-19,Wakefield,Mean of Weekly Award Amount,50.77,
Aug-19,Derby,Pension Credit Caseload - 2011 Geographies,6450,
Aug-19,Derby,Mean of Weekly Award Amount,61.59,
Aug-19,Leicester,Pension Credit Caseload - 2011 Geographies,11692,
Aug-19,Leicester,Mean of Weekly Award Amount,90.41,
Aug-19,North Northamptonshire,Pension Credit Caseload - 2011 Geographies,7231,
Aug-19,North Northamptonshire,Mean of Weekly Award Amount,53.49,
Aug-19,Nottingham,Pension Credit Caseload - 2011 Geographies,8308,
Aug-19,Nottingham,Mean of Weekly Award Amount,61.29,
Aug-19,Rutland,Pension Credit Caseload - 2011 Geographies,613,
Aug-19,Rutland,Mean of Weekly Award Amount,51.2,
Aug-19,West Northamptonshire,Pension Credit Caseload - 2011 Geographies,7198,
Aug-19,West Northamptonshire,Mean of Weekly Award Amount,58.46,
Aug-19,Amber Valley,Pension Credit Caseload - 2011 Geographies,3029,
Aug-19,Amber Valley,Mean of Weekly Award Amount,50.26,
Aug-19,Bolsover,Pension Credit Caseload - 2011 Geographies,2246,
Aug-19,Bolsover,Mean of Weekly Award Amount,50.44,
Aug-19,Chesterfield,Pension Credit Caseload - 2011 Geographies,3146,
Aug-19,Chesterfield,Mean of Weekly Award Amount,50.3,
Aug-19,Derbyshire Dales,Pension Credit Caseload - 2011 Geographies,1413,
Aug-19,Derbyshire Dales,Mean of Weekly Award Amount,51.71,
Aug-19,Erewash,Pension Credit Caseload - 2011 Geographies,2769,
Aug-19,Erewash,Mean of Weekly Award Amount,46.34,
Aug-19,High Peak,Pension Credit Caseload - 2011 Geographies,1925,
Aug-19,High Peak,Mean of Weekly Award Amount,51.46,
Aug-19,North East Derbyshire,Pension Credit Caseload - 2011 Geographies,2757,
Aug-19,North East Derbyshire,Mean of Weekly Award Amount,49.16,
Aug-19,South Derbyshire,Pension Credit Caseload - 2011 Geographies,1730,
Aug-19,South Derbyshire,Mean of Weekly Award Amount,49.56,
Aug-19,Blaby,Pension Credit Caseload - 2011 Geographies,1800,
Aug-19,Blaby,Mean of Weekly Award Amount,53.02,
Aug-19,Charnwood,Pension Credit Caseload - 2011 Geographies,3183,
Aug-19,Charnwood,Mean of Weekly Award Amount,54.49,
Aug-19,Harborough,Pension Credit Caseload - 2011 Geographies,1421,
Aug-19,Harborough,Mean of Weekly Award Amount,51.06,
Aug-19,Hinckley and Bosworth,Pension Credit Caseload - 2011 Geographies,2162,
Aug-19,Hinckley and Bosworth,Mean of Weekly Award Amount,48.36,
Aug-19,Melton,Pension Credit Caseload - 2011 Geographies,867,
Aug-19,Melton,Mean of Weekly Award Amount,49.44,
Aug-19,North West Leicestershire,Pension Credit Caseload - 2011 Geographies,1849,
Aug-19,North West Leicestershire,Mean of Weekly Award Amount,50.99,
Aug-19,Oadby and Wigston,Pension Credit Caseload - 2011 Geographies,1231,
Aug-19,Oadby and Wigston,Mean of Weekly Award Amount,59.72,
Aug-19,Boston,Pension Credit Caseload - 2011 Geographies,2109,
Aug-19,Boston,Mean of Weekly Award Amount,58.68,
Aug-19,East Lindsey,Pension Credit Caseload - 2011 Geographies,5764,
Aug-19,East Lindsey,Mean of Weekly Award Amount,53.51,
Aug-19,Lincoln,Pension Credit Caseload - 2011 Geographies,2474,
Aug-19,Lincoln,Mean of Weekly Award Amount,54.67,
Aug-19,North Kesteven,Pension Credit Caseload - 2011 Geographies,2533,
Aug-19,North Kesteven,Mean of Weekly Award Amount,50.97,
Aug-19,South Holland,Pension Credit Caseload - 2011 Geographies,2508,
Aug-19,South Holland,Mean of Weekly Award Amount,50.05,
Aug-19,South Kesteven,Pension Credit Caseload - 2011 Geographies,2825,
Aug-19,South Kesteven,Mean of Weekly Award Amount,51.4,
Aug-19,West Lindsey,Pension Credit Caseload - 2011 Geographies,2307,
Aug-19,West Lindsey,Mean of Weekly Award Amount,50.8,
Aug-19,Ashfield,Pension Credit Caseload - 2011 Geographies,3249,
Aug-19,Ashfield,Mean of Weekly Award Amount,49.78,
Aug-19,Bassetlaw,Pension Credit Caseload - 2011 Geographies,2892,
Aug-19,Bassetlaw,Mean of Weekly Award Amount,50.85,
Aug-19,Broxtowe,Pension Credit Caseload - 2011 Geographies,2465,
Aug-19,Broxtowe,Mean of Weekly Award Amount,50.92,
Aug-19,Gedling,Pension Credit Caseload - 2011 Geographies,2453,
Aug-19,Gedling,Mean of Weekly Award Amount,49.37,
Aug-19,Mansfield,Pension Credit Caseload - 2011 Geographies,2763,
Aug-19,Mansfield,Mean of Weekly Award Amount,51.18,
Aug-19,Newark and Sherwood,Pension Credit Caseload - 2011 Geographies,2573,
Aug-19,Newark and Sherwood,Mean of Weekly Award Amount,51.24,
Aug-19,Rushcliffe,Pension Credit Caseload - 2011 Geographies,1768,
Aug-19,Rushcliffe,Mean of Weekly Award Amount,51.54,
Aug-19,"Herefordshire, County of",Pension Credit Caseload - 2011 Geographies,4643,
Aug-19,"Herefordshire, County of",Mean of Weekly Award Amount,53.23,
Aug-19,Shropshire,Pension Credit Caseload - 2011 Geographies,7896,
Aug-19,Shropshire,Mean of Weekly Award Amount,52.63,
Aug-19,Stoke-on-Trent,Pension Credit Caseload - 2011 Geographies,7594,
Aug-19,Stoke-on-Trent,Mean of Weekly Award Amount,52.11,
Aug-19,Telford and Wrekin,Pension Credit Caseload - 2011 Geographies,4736,
Aug-19,Telford and Wrekin,Mean of Weekly Award Amount,55.76,
Aug-19,Cannock Chase,Pension Credit Caseload - 2011 Geographies,2672,
Aug-19,Cannock Chase,Mean of Weekly Award Amount,49.75,
Aug-19,East Staffordshire,Pension Credit Caseload - 2011 Geographies,2310,
Aug-19,East Staffordshire,Mean of Weekly Award Amount,54.11,
Aug-19,Lichfield,Pension Credit Caseload - 2011 Geographies,2080,
Aug-19,Lichfield,Mean of Weekly Award Amount,48.59,
Aug-19,Newcastle-under-Lyme,Pension Credit Caseload - 2011 Geographies,3065,
Aug-19,Newcastle-under-Lyme,Mean of Weekly Award Amount,50.25,
Aug-19,South Staffordshire,Pension Credit Caseload - 2011 Geographies,2638,
Aug-19,South Staffordshire,Mean of Weekly Award Amount,49.14,
Aug-19,Stafford,Pension Credit Caseload - 2011 Geographies,2451,
Aug-19,Stafford,Mean of Weekly Award Amount,50.85,
Aug-19,Staffordshire Moorlands,Pension Credit Caseload - 2011 Geographies,2145,
Aug-19,Staffordshire Moorlands,Mean of Weekly Award Amount,49.77,
Aug-19,Tamworth,Pension Credit Caseload - 2011 Geographies,2004,
Aug-19,Tamworth,Mean of Weekly Award Amount,48.8,
Aug-19,North Warwickshire,Pension Credit Caseload - 2011 Geographies,1530,
Aug-19,North Warwickshire,Mean of Weekly Award Amount,47.99,
Aug-19,Nuneaton and Bedworth,Pension Credit Caseload - 2011 Geographies,3160,
Aug-19,Nuneaton and Bedworth,Mean of Weekly Award Amount,57.49,
Aug-19,Rugby,Pension Credit Caseload - 2011 Geographies,1863,
Aug-19,Rugby,Mean of Weekly Award Amount,56.07,
Aug-19,Stratford-on-Avon,Pension Credit Caseload - 2011 Geographies,2468,
Aug-19,Stratford-on-Avon,Mean of Weekly Award Amount,51.7,
Aug-19,Warwick,Pension Credit Caseload - 2011 Geographies,2437,
Aug-19,Warwick,Mean of Weekly Award Amount,52.21,
Aug-19,Birmingham,Pension Credit Caseload - 2011 Geographies,34504,
Aug-19,Birmingham,Mean of Weekly Award Amount,68.59,
Aug-19,Coventry,Pension Credit Caseload - 2011 Geographies,8379,
Aug-19,Coventry,Mean of Weekly Award Amount,63.24,
Aug-19,Dudley,Pension Credit Caseload - 2011 Geographies,9596,
Aug-19,Dudley,Mean of Weekly Award Amount,50.65,
Aug-19,Sandwell,Pension Credit Caseload - 2011 Geographies,11641,
Aug-19,Sandwell,Mean of Weekly Award Amount,61.82,
Aug-19,Solihull,Pension Credit Caseload - 2011 Geographies,4644,
Aug-19,Solihull,Mean of Weekly Award Amount,55.92,
Aug-19,Walsall,Pension Credit Caseload - 2011 Geographies,9355,
Aug-19,Walsall,Mean of Weekly Award Amount,57.04,
Aug-19,Wolverhampton,Pension Credit Caseload - 2011 Geographies,8797,
Aug-19,Wolverhampton,Mean of Weekly Award Amount,59.41,
Aug-19,Bromsgrove,Pension Credit Caseload - 2011 Geographies,1806,
Aug-19,Bromsgrove,Mean of Weekly Award Amount,50.51,
Aug-19,Malvern Hills,Pension Credit Caseload - 2011 Geographies,1844,
Aug-19,Malvern Hills,Mean of Weekly Award Amount,53.76,
Aug-19,Redditch,Pension Credit Caseload - 2011 Geographies,2011,
Aug-19,Redditch,Mean of Weekly Award Amount,54.94,
Aug-19,Worcester,Pension Credit Caseload - 2011 Geographies,2014,
Aug-19,Worcester,Mean of Weekly Award Amount,54.62,
Aug-19,Wychavon,Pension Credit Caseload - 2011 Geographies,2645,
Aug-19,Wychavon,Mean of Weekly Award Amount,54.2,
Aug-19,Wyre Forest,Pension Credit Caseload - 2011 Geographies,2846,
Aug-19,Wyre Forest,Mean of Weekly Award Amount,49.05,
Aug-19,Bedford,Pension Credit Caseload - 2011 Geographies,3269,
Aug-19,Bedford,Mean of Weekly Award Amount,60.85,
Aug-19,Central Bedfordshire,Pension Credit Caseload - 2011 Geographies,4244,
Aug-19,Central Bedfordshire,Mean of Weekly Award Amount,52.68,
Aug-19,Luton,Pension Credit Caseload - 2011 Geographies,4810,
Aug-19,Luton,Mean of Weekly Award Amount,73.92,
Aug-19,Peterborough,Pension Credit Caseload - 2011 Geographies,4699,
Aug-19,Peterborough,Mean of Weekly Award Amount,67.35,
Aug-19,Southend-on-Sea,Pension Credit Caseload - 2011 Geographies,4933,
Aug-19,Southend-on-Sea,Mean of Weekly Award Amount,57.66,
Aug-19,Thurrock,Pension Credit Caseload - 2011 Geographies,3259,
Aug-19,Thurrock,Mean of Weekly Award Amount,61.54,
Aug-19,Cambridge,Pension Credit Caseload - 2011 Geographies,1630,
Aug-19,Cambridge,Mean of Weekly Award Amount,66.02,
Aug-19,East Cambridgeshire,Pension Credit Caseload - 2011 Geographies,1527,
Aug-19,East Cambridgeshire,Mean of Weekly Award Amount,56.12,
Aug-19,Fenland,Pension Credit Caseload - 2011 Geographies,2944,
Aug-19,Fenland,Mean of Weekly Award Amount,54.23,
Aug-19,Huntingdonshire,Pension Credit Caseload - 2011 Geographies,2683,
Aug-19,Huntingdonshire,Mean of Weekly Award Amount,52.45,
Aug-19,South Cambridgeshire,Pension Credit Caseload - 2011 Geographies,1936,
Aug-19,South Cambridgeshire,Mean of Weekly Award Amount,60.18,
Aug-19,Basildon,Pension Credit Caseload - 2011 Geographies,4329,
Aug-19,Basildon,Mean of Weekly Award Amount,57.01,
Aug-19,Braintree,Pension Credit Caseload - 2011 Geographies,3117,
Aug-19,Braintree,Mean of Weekly Award Amount,51.46,
Aug-19,Brentwood,Pension Credit Caseload - 2011 Geographies,1225,
Aug-19,Brentwood,Mean of Weekly Award Amount,58.56,
Aug-19,Castle Point,Pension Credit Caseload - 2011 Geographies,2347,
Aug-19,Castle Point,Mean of Weekly Award Amount,53.77,
Aug-19,Chelmsford,Pension Credit Caseload - 2011 Geographies,2632,
Aug-19,Chelmsford,Mean of Weekly Award Amount,55.26,
Aug-19,Colchester,Pension Credit Caseload - 2011 Geographies,3270,
Aug-19,Colchester,Mean of Weekly Award Amount,58.5,
Aug-19,Epping Forest,Pension Credit Caseload - 2011 Geographies,2765,
Aug-19,Epping Forest,Mean of Weekly Award Amount,60.88,
Aug-19,Harlow,Pension Credit Caseload - 2011 Geographies,1902,
Aug-19,Harlow,Mean of Weekly Award Amount,56.65,
Aug-19,Maldon,Pension Credit Caseload - 2011 Geographies,1448,
Aug-19,Maldon,Mean of Weekly Award Amount,52.98,
Aug-19,Rochford,Pension Credit Caseload - 2011 Geographies,1706,
Aug-19,Rochford,Mean of Weekly Award Amount,52.03,
Aug-19,Tendring,Pension Credit Caseload - 2011 Geographies,5674,
Aug-19,Tendring,Mean of Weekly Award Amount,55.44,
Aug-19,Uttlesford,Pension Credit Caseload - 2011 Geographies,1275,
Aug-19,Uttlesford,Mean of Weekly Award Amount,53.1,
Aug-19,Broxbourne,Pension Credit Caseload - 2011 Geographies,2015,
Aug-19,Broxbourne,Mean of Weekly Award Amount,62.6,
Aug-19,Dacorum,Pension Credit Caseload - 2011 Geographies,2315,
Aug-19,Dacorum,Mean of Weekly Award Amount,58.38,
Aug-19,East Hertfordshire,Pension Credit Caseload - 2011 Geographies,1978,
Aug-19,East Hertfordshire,Mean of Weekly Award Amount,56.23,
Aug-19,Hertsmere,Pension Credit Caseload - 2011 Geographies,2019,
Aug-19,Hertsmere,Mean of Weekly Award Amount,67.05,
Aug-19,North Hertfordshire,Pension Credit Caseload - 2011 Geographies,2219,
Aug-19,North Hertfordshire,Mean of Weekly Award Amount,53.34,
Aug-19,St Albans,Pension Credit Caseload - 2011 Geographies,1640,
Aug-19,St Albans,Mean of Weekly Award Amount,62.07,
Aug-19,Stevenage,Pension Credit Caseload - 2011 Geographies,1648,
Aug-19,Stevenage,Mean of Weekly Award Amount,58.68,
Aug-19,Three Rivers,Pension Credit Caseload - 2011 Geographies,1388,
Aug-19,Three Rivers,Mean of Weekly Award Amount,66.35,
Aug-19,Watford,Pension Credit Caseload - 2011 Geographies,1564,
Aug-19,Watford,Mean of Weekly Award Amount,70.08,
Aug-19,Welwyn Hatfield,Pension Credit Caseload - 2011 Geographies,1800,
Aug-19,Welwyn Hatfield,Mean of Weekly Award Amount,59.73,
Aug-19,Breckland,Pension Credit Caseload - 2011 Geographies,3483,
Aug-19,Breckland,Mean of Weekly Award Amount,50.73,
Aug-19,Broadland,Pension Credit Caseload - 2011 Geographies,2604,
Aug-19,Broadland,Mean of Weekly Award Amount,49.49,
Aug-19,Great Yarmouth,Pension Credit Caseload - 2011 Geographies,3812,
Aug-19,Great Yarmouth,Mean of Weekly Award Amount,50.33,
Aug-19,King's Lynn and West Norfolk,Pension Credit Caseload - 2011 Geographies,4465,
Aug-19,King's Lynn and West Norfolk,Mean of Weekly Award Amount,52.8,
Aug-19,North Norfolk,Pension Credit Caseload - 2011 Geographies,3325,
Aug-19,North Norfolk,Mean of Weekly Award Amount,48.3,
Aug-19,Norwich,Pension Credit Caseload - 2011 Geographies,3901,
Aug-19,Norwich,Mean of Weekly Award Amount,54.57,
Aug-19,South Norfolk,Pension Credit Caseload - 2011 Geographies,2829,
Aug-19,South Norfolk,Mean of Weekly Award Amount,51.75,
Aug-19,Babergh,Pension Credit Caseload - 2011 Geographies,1964,
Aug-19,Babergh,Mean of Weekly Award Amount,49.65,
Aug-19,East Suffolk,Pension Credit Caseload - 2011 Geographies,6425,
Aug-19,East Suffolk,Mean of Weekly Award Amount,51.33,
Aug-19,Ipswich,Pension Credit Caseload - 2011 Geographies,3169,
Aug-19,Ipswich,Mean of Weekly Award Amount,61.54,
Aug-19,Mid Suffolk,Pension Credit Caseload - 2011 Geographies,1976,
Aug-19,Mid Suffolk,Mean of Weekly Award Amount,53.09,
Aug-19,West Suffolk,Pension Credit Caseload - 2011 Geographies,3361,
Aug-19,West Suffolk,Mean of Weekly Award Amount,52.05,
Aug-19,Camden,Pension Credit Caseload - 2011 Geographies,6487,
Aug-19,Camden,Mean of Weekly Award Amount,91.75,
Aug-19,City of London,Pension Credit Caseload - 2011 Geographies,98,
Aug-19,City of London,Mean of Weekly Award Amount,81.95,
Aug-19,Hackney,Pension Credit Caseload - 2011 Geographies,7936,
Aug-19,Hackney,Mean of Weekly Award Amount,94.76,
Aug-19,Hammersmith and Fulham,Pension Credit Caseload - 2011 Geographies,4735,
Aug-19,Hammersmith and Fulham,Mean of Weekly Award Amount,90.04,
Aug-19,Haringey,Pension Credit Caseload - 2011 Geographies,7375,
Aug-19,Haringey,Mean of Weekly Award Amount,94.98,
Aug-19,Islington,Pension Credit Caseload - 2011 Geographies,6452,
Aug-19,Islington,Mean of Weekly Award Amount,86.54,
Aug-19,Kensington and Chelsea,Pension Credit Caseload - 2011 Geographies,4577,
Aug-19,Kensington and Chelsea,Mean of Weekly Award Amount,94.01,
Aug-19,Lambeth,Pension Credit Caseload - 2011 Geographies,7883,
Aug-19,Lambeth,Mean of Weekly Award Amount,86.29,
Aug-19,Lewisham,Pension Credit Caseload - 2011 Geographies,6521,
Aug-19,Lewisham,Mean of Weekly Award Amount,80.26,
Aug-19,Newham,Pension Credit Caseload - 2011 Geographies,8656,
Aug-19,Newham,Mean of Weekly Award Amount,97.65,
Aug-19,Southwark,Pension Credit Caseload - 2011 Geographies,7831,
Aug-19,Southwark,Mean of Weekly Award Amount,86.25,
Aug-19,Tower Hamlets,Pension Credit Caseload - 2011 Geographies,7761,
Aug-19,Tower Hamlets,Mean of Weekly Award Amount,92.94,
Aug-19,Wandsworth,Pension Credit Caseload - 2011 Geographies,6162,
Aug-19,Wandsworth,Mean of Weekly Award Amount,84.97,
Aug-19,Westminster,Pension Credit Caseload - 2011 Geographies,6213,
Aug-19,Westminster,Mean of Weekly Award Amount,101.27,
Aug-19,Barking and Dagenham,Pension Credit Caseload - 2011 Geographies,4946,
Aug-19,Barking and Dagenham,Mean of Weekly Award Amount,78.77,
Aug-19,Barnet,Pension Credit Caseload - 2011 Geographies,8218,
Aug-19,Barnet,Mean of Weekly Award Amount,94.87,
Aug-19,Bexley,Pension Credit Caseload - 2011 Geographies,4250,
Aug-19,Bexley,Mean of Weekly Award Amount,66.81,
Aug-19,Brent,Pension Credit Caseload - 2011 Geographies,9478,
Aug-19,Brent,Mean of Weekly Award Amount,102.96,
Aug-19,Bromley,Pension Credit Caseload - 2011 Geographies,5423,
Aug-19,Bromley,Mean of Weekly Award Amount,68.25,
Aug-19,Croydon,Pension Credit Caseload - 2011 Geographies,7663,
Aug-19,Croydon,Mean of Weekly Award Amount,83.13,
Aug-19,Ealing,Pension Credit Caseload - 2011 Geographies,9121,
Aug-19,Ealing,Mean of Weekly Award Amount,108.59,
Aug-19,Enfield,Pension Credit Caseload - 2011 Geographies,8461,
Aug-19,Enfield,Mean of Weekly Award Amount,88.53,
Aug-19,Greenwich,Pension Credit Caseload - 2011 Geographies,6555,
Aug-19,Greenwich,Mean of Weekly Award Amount,88.25,
Aug-19,Harrow,Pension Credit Caseload - 2011 Geographies,6168,
Aug-19,Harrow,Mean of Weekly Award Amount,113.84,
Aug-19,Havering,Pension Credit Caseload - 2011 Geographies,5114,
Aug-19,Havering,Mean of Weekly Award Amount,61.88,
Aug-19,Hillingdon,Pension Credit Caseload - 2011 Geographies,5614,
Aug-19,Hillingdon,Mean of Weekly Award Amount,94.57,
Aug-19,Hounslow,Pension Credit Caseload - 2011 Geographies,6069,
Aug-19,Hounslow,Mean of Weekly Award Amount,101.89,
Aug-19,Kingston upon Thames,Pension Credit Caseload - 2011 Geographies,2552,
Aug-19,Kingston upon Thames,Mean of Weekly Award Amount,92.54,
Aug-19,Merton,Pension Credit Caseload - 2011 Geographies,3679,
Aug-19,Merton,Mean of Weekly Award Amount,87.47,
Aug-19,Redbridge,Pension Credit Caseload - 2011 Geographies,6750,
Aug-19,Redbridge,Mean of Weekly Award Amount,91.86,
Aug-19,Richmond upon Thames,Pension Credit Caseload - 2011 Geographies,2749,
Aug-19,Richmond upon Thames,Mean of Weekly Award Amount,79.21,
Aug-19,Sutton,Pension Credit Caseload - 2011 Geographies,3447,
Aug-19,Sutton,Mean of Weekly Award Amount,76.58,
Aug-19,Waltham Forest,Pension Credit Caseload - 2011 Geographies,6215,
Aug-19,Waltham Forest,Mean of Weekly Award Amount,81.77,
Aug-19,Bracknell Forest,Pension Credit Caseload - 2011 Geographies,1655,
Aug-19,Bracknell Forest,Mean of Weekly Award Amount,70.05,
Aug-19,Brighton and Hove,Pension Credit Caseload - 2011 Geographies,6723,
Aug-19,Brighton and Hove,Mean of Weekly Award Amount,67.09,
Aug-19,Buckinghamshire,Pension Credit Caseload - 2011 Geographies,7199,
Aug-19,Buckinghamshire,Mean of Weekly Award Amount,61.97,
Aug-19,Isle of Wight,Pension Credit Caseload - 2011 Geographies,4715,
Aug-19,Isle of Wight,Mean of Weekly Award Amount,53.19,
Aug-19,Medway,Pension Credit Caseload - 2011 Geographies,5589,
Aug-19,Medway,Mean of Weekly Award Amount,57.49,
Aug-19,Milton Keynes,Pension Credit Caseload - 2011 Geographies,4495,
Aug-19,Milton Keynes,Mean of Weekly Award Amount,66.51,
Aug-19,Portsmouth,Pension Credit Caseload - 2011 Geographies,4921,
Aug-19,Portsmouth,Mean of Weekly Award Amount,59.07,
Aug-19,Reading,Pension Credit Caseload - 2011 Geographies,3210,
Aug-19,Reading,Mean of Weekly Award Amount,83.74,
Aug-19,Slough,Pension Credit Caseload - 2011 Geographies,2953,
Aug-19,Slough,Mean of Weekly Award Amount,87.45,
Aug-19,Southampton,Pension Credit Caseload - 2011 Geographies,5457,
Aug-19,Southampton,Mean of Weekly Award Amount,62.25,
Aug-19,West Berkshire,Pension Credit Caseload - 2011 Geographies,2177,
Aug-19,West Berkshire,Mean of Weekly Award Amount,54.73,
Aug-19,Windsor and Maidenhead,Pension Credit Caseload - 2011 Geographies,2099,
Aug-19,Windsor and Maidenhead,Mean of Weekly Award Amount,62.71,
Aug-19,Wokingham,Pension Credit Caseload - 2011 Geographies,1553,
Aug-19,Wokingham,Mean of Weekly Award Amount,58.63,
Aug-19,Eastbourne,Pension Credit Caseload - 2011 Geographies,3091,
Aug-19,Eastbourne,Mean of Weekly Award Amount,59.13,
Aug-19,Hastings,Pension Credit Caseload - 2011 Geographies,3348,
Aug-19,Hastings,Mean of Weekly Award Amount,60.2,
Aug-19,Lewes,Pension Credit Caseload - 2011 Geographies,2471,
Aug-19,Lewes,Mean of Weekly Award Amount,56.68,
Aug-19,Rother,Pension Credit Caseload - 2011 Geographies,2935,
Aug-19,Rother,Mean of Weekly Award Amount,55.83,
Aug-19,Wealden,Pension Credit Caseload - 2011 Geographies,3165,
Aug-19,Wealden,Mean of Weekly Award Amount,54.1,
Aug-19,Basingstoke and Deane,Pension Credit Caseload - 2011 Geographies,2361,
Aug-19,Basingstoke and Deane,Mean of Weekly Award Amount,63.43,
Aug-19,East Hampshire,Pension Credit Caseload - 2011 Geographies,1792,
Aug-19,East Hampshire,Mean of Weekly Award Amount,54.74,
Aug-19,Eastleigh,Pension Credit Caseload - 2011 Geographies,1942,
Aug-19,Eastleigh,Mean of Weekly Award Amount,54.43,
Aug-19,Fareham,Pension Credit Caseload - 2011 Geographies,1738,
Aug-19,Fareham,Mean of Weekly Award Amount,49.88,
Aug-19,Gosport,Pension Credit Caseload - 2011 Geographies,1739,
Aug-19,Gosport,Mean of Weekly Award Amount,53.19,
Aug-19,Hart,Pension Credit Caseload - 2011 Geographies,943,
Aug-19,Hart,Mean of Weekly Award Amount,60.64,
Aug-19,Havant,Pension Credit Caseload - 2011 Geographies,3278,
Aug-19,Havant,Mean of Weekly Award Amount,51.86,
Aug-19,New Forest,Pension Credit Caseload - 2011 Geographies,3679,
Aug-19,New Forest,Mean of Weekly Award Amount,52.86,
Aug-19,Rushmoor,Pension Credit Caseload - 2011 Geographies,2581,
Aug-19,Rushmoor,Mean of Weekly Award Amount,117.27,
Aug-19,Test Valley,Pension Credit Caseload - 2011 Geographies,1889,
Aug-19,Test Valley,Mean of Weekly Award Amount,55.74,
Aug-19,Winchester,Pension Credit Caseload - 2011 Geographies,1856,
Aug-19,Winchester,Mean of Weekly Award Amount,56.68,
Aug-19,Ashford,Pension Credit Caseload - 2011 Geographies,2697,
Aug-19,Ashford,Mean of Weekly Award Amount,73.31,
Aug-19,Canterbury,Pension Credit Caseload - 2011 Geographies,3538,
Aug-19,Canterbury,Mean of Weekly Award Amount,56.57,
Aug-19,Dartford,Pension Credit Caseload - 2011 Geographies,1568,
Aug-19,Dartford,Mean of Weekly Award Amount,58.72,
Aug-19,Dover,Pension Credit Caseload - 2011 Geographies,3039,
Aug-19,Dover,Mean of Weekly Award Amount,56.04,
Aug-19,Folkestone and Hythe,Pension Credit Caseload - 2011 Geographies,3425,
Aug-19,Folkestone and Hythe,Mean of Weekly Award Amount,63.07,
Aug-19,Gravesham,Pension Credit Caseload - 2011 Geographies,2153,
Aug-19,Gravesham,Mean of Weekly Award Amount,60.1,
Aug-19,Maidstone,Pension Credit Caseload - 2011 Geographies,2994,
Aug-19,Maidstone,Mean of Weekly Award Amount,62.37,
Aug-19,Sevenoaks,Pension Credit Caseload - 2011 Geographies,1892,
Aug-19,Sevenoaks,Mean of Weekly Award Amount,59.49,
Aug-19,Swale,Pension Credit Caseload - 2011 Geographies,3519,
Aug-19,Swale,Mean of Weekly Award Amount,55.14,
Aug-19,Thanet,Pension Credit Caseload - 2011 Geographies,5179,
Aug-19,Thanet,Mean of Weekly Award Amount,57.36,
Aug-19,Tonbridge and Malling,Pension Credit Caseload - 2011 Geographies,1980,
Aug-19,Tonbridge and Malling,Mean of Weekly Award Amount,56.86,
Aug-19,Tunbridge Wells,Pension Credit Caseload - 2011 Geographies,1858,
Aug-19,Tunbridge Wells,Mean of Weekly Award Amount,57.2,
Aug-19,Cherwell,Pension Credit Caseload - 2011 Geographies,2126,
Aug-19,Cherwell,Mean of Weekly Award Amount,56.44,
Aug-19,Oxford,Pension Credit Caseload - 2011 Geographies,2184,
Aug-19,Oxford,Mean of Weekly Award Amount,72.99,
Aug-19,South Oxfordshire,Pension Credit Caseload - 2011 Geographies,1818,
Aug-19,South Oxfordshire,Mean of Weekly Award Amount,54.23,
Aug-19,Vale of White Horse,Pension Credit Caseload - 2011 Geographies,1572,
Aug-19,Vale of White Horse,Mean of Weekly Award Amount,56.07,
Aug-19,West Oxfordshire,Pension Credit Caseload - 2011 Geographies,1606,
Aug-19,West Oxfordshire,Mean of Weekly Award Amount,55.62,
Aug-19,Elmbridge,Pension Credit Caseload - 2011 Geographies,1799,
Aug-19,Elmbridge,Mean of Weekly Award Amount,69.11,
Aug-19,Epsom and Ewell,Pension Credit Caseload - 2011 Geographies,933,
Aug-19,Epsom and Ewell,Mean of Weekly Award Amount,73.29,
Aug-19,Guildford,Pension Credit Caseload - 2011 Geographies,1666,
Aug-19,Guildford,Mean of Weekly Award Amount,59.55,
Aug-19,Mole Valley,Pension Credit Caseload - 2011 Geographies,1232,
Aug-19,Mole Valley,Mean of Weekly Award Amount,59.76,
Aug-19,Reigate and Banstead,Pension Credit Caseload - 2011 Geographies,1851,
Aug-19,Reigate and Banstead,Mean of Weekly Award Amount,64.87,
Aug-19,Runnymede,Pension Credit Caseload - 2011 Geographies,1275,
Aug-19,Runnymede,Mean of Weekly Award Amount,62.28,
Aug-19,Spelthorne,Pension Credit Caseload - 2011 Geographies,1479,
Aug-19,Spelthorne,Mean of Weekly Award Amount,64.31,
Aug-19,Surrey Heath,Pension Credit Caseload - 2011 Geographies,1050,
Aug-19,Surrey Heath,Mean of Weekly Award Amount,68.42,
Aug-19,Tandridge,Pension Credit Caseload - 2011 Geographies,1130,
Aug-19,Tandridge,Mean of Weekly Award Amount,62.41,
Aug-19,Waverley,Pension Credit Caseload - 2011 Geographies,1724,
Aug-19,Waverley,Mean of Weekly Award Amount,57.65,
Aug-19,Woking,Pension Credit Caseload - 2011 Geographies,1363,
Aug-19,Woking,Mean of Weekly Award Amount,67.25,
Aug-19,Adur,Pension Credit Caseload - 2011 Geographies,1614,
Aug-19,Adur,Mean of Weekly Award Amount,55.4,
Aug-19,Arun,Pension Credit Caseload - 2011 Geographies,4462,
Aug-19,Arun,Mean of Weekly Award Amount,54.56,
Aug-19,Chichester,Pension Credit Caseload - 2011 Geographies,2539,
Aug-19,Chichester,Mean of Weekly Award Amount,55.09,
Aug-19,Crawley,Pension Credit Caseload - 2011 Geographies,1980,
Aug-19,Crawley,Mean of Weekly Award Amount,73.14,
Aug-19,Horsham,Pension Credit Caseload - 2011 Geographies,2016,
Aug-19,Horsham,Mean of Weekly Award Amount,56.1,
Aug-19,Mid Sussex,Pension Credit Caseload - 2011 Geographies,1982,
Aug-19,Mid Sussex,Mean of Weekly Award Amount,57.55,
Aug-19,Worthing,Pension Credit Caseload - 2011 Geographies,2675,
Aug-19,Worthing,Mean of Weekly Award Amount,55.9,
Aug-19,Bath and North East Somerset,Pension Credit Caseload - 2011 Geographies,3208,
Aug-19,Bath and North East Somerset,Mean of Weekly Award Amount,54.92,
Aug-19,"Bournemouth, Christchurch and Poole",Pension Credit Caseload - 2011 Geographies,10514,
Aug-19,"Bournemouth, Christchurch and Poole",Mean of Weekly Award Amount,55.87,
Aug-19,"Bristol, City of",Pension Credit Caseload - 2011 Geographies,9401,
Aug-19,"Bristol, City of",Mean of Weekly Award Amount,64.15,
Aug-19,Cornwall,Pension Credit Caseload - 2011 Geographies,17942,
Aug-19,Cornwall,Mean of Weekly Award Amount,50.04,
Aug-19,Dorset,Pension Credit Caseload - 2011 Geographies,8899,
Aug-19,Dorset,Mean of Weekly Award Amount,51.64,
Aug-19,Isles of Scilly,Pension Credit Caseload - 2011 Geographies,31,
Aug-19,Isles of Scilly,Mean of Weekly Award Amount,61.9,
Aug-19,North Somerset,Pension Credit Caseload - 2011 Geographies,4870,
Aug-19,North Somerset,Mean of Weekly Award Amount,53.04,
Aug-19,Plymouth,Pension Credit Caseload - 2011 Geographies,6801,
Aug-19,Plymouth,Mean of Weekly Award Amount,54.61,
Aug-19,Somerset,Pension Credit Caseload - 2011 Geographies,13236,
Aug-19,Somerset,Mean of Weekly Award Amount,52.69,
Aug-19,South Gloucestershire,Pension Credit Caseload - 2011 Geographies,4303,
Aug-19,South Gloucestershire,Mean of Weekly Award Amount,54.99,
Aug-19,Swindon,Pension Credit Caseload - 2011 Geographies,4295,
Aug-19,Swindon,Mean of Weekly Award Amount,69.58,
Aug-19,Torbay,Pension Credit Caseload - 2011 Geographies,5558,
Aug-19,Torbay,Mean of Weekly Award Amount,54.6,
Aug-19,Wiltshire,Pension Credit Caseload - 2011 Geographies,8628,
Aug-19,Wiltshire,Mean of Weekly Award Amount,53.14,
Aug-19,East Devon,Pension Credit Caseload - 2011 Geographies,3467,
Aug-19,East Devon,Mean of Weekly Award Amount,49.64,
Aug-19,Exeter,Pension Credit Caseload - 2011 Geographies,2547,
Aug-19,Exeter,Mean of Weekly Award Amount,53.71,
Aug-19,Mid Devon,Pension Credit Caseload - 2011 Geographies,1857,
Aug-19,Mid Devon,Mean of Weekly Award Amount,54.23,
Aug-19,North Devon,Pension Credit Caseload - 2011 Geographies,2689,
Aug-19,North Devon,Mean of Weekly Award Amount,50.24,
Aug-19,South Hams,Pension Credit Caseload - 2011 Geographies,2152,
Aug-19,South Hams,Mean of Weekly Award Amount,55,
Aug-19,Teignbridge,Pension Credit Caseload - 2011 Geographies,3671,
Aug-19,Teignbridge,Mean of Weekly Award Amount,52.63,
Aug-19,Torridge,Pension Credit Caseload - 2011 Geographies,2083,
Aug-19,Torridge,Mean of Weekly Award Amount,49.88,
Aug-19,West Devon,Pension Credit Caseload - 2011 Geographies,1447,
Aug-19,West Devon,Mean of Weekly Award Amount,54.49,
Aug-19,Cheltenham,Pension Credit Caseload - 2011 Geographies,2110,
Aug-19,Cheltenham,Mean of Weekly Award Amount,55.2,
Aug-19,Cotswold,Pension Credit Caseload - 2011 Geographies,1689,
Aug-19,Cotswold,Mean of Weekly Award Amount,50.98,
Aug-19,Forest of Dean,Pension Credit Caseload - 2011 Geographies,2124,
Aug-19,Forest of Dean,Mean of Weekly Award Amount,55.88,
Aug-19,Gloucester,Pension Credit Caseload - 2011 Geographies,2608,
Aug-19,Gloucester,Mean of Weekly Award Amount,60.11,
Aug-19,Stroud,Pension Credit Caseload - 2011 Geographies,2197,
Aug-19,Stroud,Mean of Weekly Award Amount,52.36,
Aug-19,Tewkesbury,Pension Credit Caseload - 2011 Geographies,1568,
Aug-19,Tewkesbury,Mean of Weekly Award Amount,56.32,
Aug-19,Total,Pension Credit Caseload - 2011 Geographies,1329979,
Aug-19,Total,Mean of Weekly Award Amount,61.87,
Nov-19,England,Pension Credit Caseload - 2011 Geographies,1314967,
Nov-19,England,Mean of Weekly Award Amount,62.06,
Nov-19,County Durham,Pension Credit Caseload - 2011 Geographies,17077,
Nov-19,County Durham,Mean of Weekly Award Amount,50.19,
Nov-19,Darlington,Pension Credit Caseload - 2011 Geographies,3048,
Nov-19,Darlington,Mean of Weekly Award Amount,54.47,
Nov-19,Hartlepool,Pension Credit Caseload - 2011 Geographies,3713,
Nov-19,Hartlepool,Mean of Weekly Award Amount,54.27,
Nov-19,Middlesbrough,Pension Credit Caseload - 2011 Geographies,4880,
Nov-19,Middlesbrough,Mean of Weekly Award Amount,55.55,
Nov-19,Northumberland,Pension Credit Caseload - 2011 Geographies,8343,
Nov-19,Northumberland,Mean of Weekly Award Amount,48.74,
Nov-19,Redcar and Cleveland,Pension Credit Caseload - 2011 Geographies,4851,
Nov-19,Redcar and Cleveland,Mean of Weekly Award Amount,50.13,
Nov-19,Stockton-on-Tees,Pension Credit Caseload - 2011 Geographies,5341,
Nov-19,Stockton-on-Tees,Mean of Weekly Award Amount,52.61,
Nov-19,Gateshead,Pension Credit Caseload - 2011 Geographies,7093,
Nov-19,Gateshead,Mean of Weekly Award Amount,51.55,
Nov-19,Newcastle upon Tyne,Pension Credit Caseload - 2011 Geographies,8695,
Nov-19,Newcastle upon Tyne,Mean of Weekly Award Amount,58.68,
Nov-19,North Tyneside,Pension Credit Caseload - 2011 Geographies,6308,
Nov-19,North Tyneside,Mean of Weekly Award Amount,49.33,
Nov-19,South Tyneside,Pension Credit Caseload - 2011 Geographies,5991,
Nov-19,South Tyneside,Mean of Weekly Award Amount,50.4,
Nov-19,Sunderland,Pension Credit Caseload - 2011 Geographies,10881,
Nov-19,Sunderland,Mean of Weekly Award Amount,51.2,
Nov-19,Blackburn with Darwen,Pension Credit Caseload - 2011 Geographies,4458,
Nov-19,Blackburn with Darwen,Mean of Weekly Award Amount,67.45,
Nov-19,Blackpool,Pension Credit Caseload - 2011 Geographies,6139,
Nov-19,Blackpool,Mean of Weekly Award Amount,55,
Nov-19,Cheshire East,Pension Credit Caseload - 2011 Geographies,6874,
Nov-19,Cheshire East,Mean of Weekly Award Amount,52.88,
Nov-19,Cheshire West and Chester,Pension Credit Caseload - 2011 Geographies,7487,
Nov-19,Cheshire West and Chester,Mean of Weekly Award Amount,53,
Nov-19,Cumberland,Pension Credit Caseload - 2011 Geographies,6893,
Nov-19,Cumberland,Mean of Weekly Award Amount,50.98,
Nov-19,Halton,Pension Credit Caseload - 2011 Geographies,3844,
Nov-19,Halton,Mean of Weekly Award Amount,55.71,
Nov-19,Warrington,Pension Credit Caseload - 2011 Geographies,4316,
Nov-19,Warrington,Mean of Weekly Award Amount,52.89,
Nov-19,Westmorland and Furness,Pension Credit Caseload - 2011 Geographies,4887,
Nov-19,Westmorland and Furness,Mean of Weekly Award Amount,53.46,
Nov-19,Bolton,Pension Credit Caseload - 2011 Geographies,8426,
Nov-19,Bolton,Mean of Weekly Award Amount,61.21,
Nov-19,Bury,Pension Credit Caseload - 2011 Geographies,4592,
Nov-19,Bury,Mean of Weekly Award Amount,58.15,
Nov-19,Manchester,Pension Credit Caseload - 2011 Geographies,15693,
Nov-19,Manchester,Mean of Weekly Award Amount,73.24,
Nov-19,Oldham,Pension Credit Caseload - 2011 Geographies,6431,
Nov-19,Oldham,Mean of Weekly Award Amount,59.94,
Nov-19,Rochdale,Pension Credit Caseload - 2011 Geographies,6598,
Nov-19,Rochdale,Mean of Weekly Award Amount,57.17,
Nov-19,Salford,Pension Credit Caseload - 2011 Geographies,7373,
Nov-19,Salford,Mean of Weekly Award Amount,57.41,
Nov-19,Stockport,Pension Credit Caseload - 2011 Geographies,6691,
Nov-19,Stockport,Mean of Weekly Award Amount,58.74,
Nov-19,Tameside,Pension Credit Caseload - 2011 Geographies,6414,
Nov-19,Tameside,Mean of Weekly Award Amount,53.38,
Nov-19,Trafford,Pension Credit Caseload - 2011 Geographies,4842,
Nov-19,Trafford,Mean of Weekly Award Amount,62.63,
Nov-19,Wigan,Pension Credit Caseload - 2011 Geographies,8984,
Nov-19,Wigan,Mean of Weekly Award Amount,49.98,
Nov-19,Burnley,Pension Credit Caseload - 2011 Geographies,2786,
Nov-19,Burnley,Mean of Weekly Award Amount,55.81,
Nov-19,Chorley,Pension Credit Caseload - 2011 Geographies,2398,
Nov-19,Chorley,Mean of Weekly Award Amount,50.14,
Nov-19,Fylde,Pension Credit Caseload - 2011 Geographies,2140,
Nov-19,Fylde,Mean of Weekly Award Amount,54.79,
Nov-19,Hyndburn,Pension Credit Caseload - 2011 Geographies,2422,
Nov-19,Hyndburn,Mean of Weekly Award Amount,56.11,
Nov-19,Lancaster,Pension Credit Caseload - 2011 Geographies,3671,
Nov-19,Lancaster,Mean of Weekly Award Amount,55.47,
Nov-19,Pendle,Pension Credit Caseload - 2011 Geographies,2766,
Nov-19,Pendle,Mean of Weekly Award Amount,60.78,
Nov-19,Preston,Pension Credit Caseload - 2011 Geographies,3596,
Nov-19,Preston,Mean of Weekly Award Amount,62.88,
Nov-19,Ribble Valley,Pension Credit Caseload - 2011 Geographies,908,
Nov-19,Ribble Valley,Mean of Weekly Award Amount,51.34,
Nov-19,Rossendale,Pension Credit Caseload - 2011 Geographies,1900,
Nov-19,Rossendale,Mean of Weekly Award Amount,51.24,
Nov-19,South Ribble,Pension Credit Caseload - 2011 Geographies,2184,
Nov-19,South Ribble,Mean of Weekly Award Amount,52.69,
Nov-19,West Lancashire,Pension Credit Caseload - 2011 Geographies,3252,
Nov-19,West Lancashire,Mean of Weekly Award Amount,52.04,
Nov-19,Wyre,Pension Credit Caseload - 2011 Geographies,3500,
Nov-19,Wyre,Mean of Weekly Award Amount,54.39,
Nov-19,Knowsley,Pension Credit Caseload - 2011 Geographies,6503,
Nov-19,Knowsley,Mean of Weekly Award Amount,57.54,
Nov-19,Liverpool,Pension Credit Caseload - 2011 Geographies,19562,
Nov-19,Liverpool,Mean of Weekly Award Amount,61.68,
Nov-19,Sefton,Pension Credit Caseload - 2011 Geographies,9832,
Nov-19,Sefton,Mean of Weekly Award Amount,53.95,
Nov-19,St. Helens,Pension Credit Caseload - 2011 Geographies,5578,
Nov-19,St. Helens,Mean of Weekly Award Amount,54.22,
Nov-19,Wirral,Pension Credit Caseload - 2011 Geographies,10329,
Nov-19,Wirral,Mean of Weekly Award Amount,56.33,
Nov-19,East Riding of Yorkshire,Pension Credit Caseload - 2011 Geographies,8924,
Nov-19,East Riding of Yorkshire,Mean of Weekly Award Amount,48.5,
Nov-19,"Kingston upon Hull, City of",Pension Credit Caseload - 2011 Geographies,9289,
Nov-19,"Kingston upon Hull, City of",Mean of Weekly Award Amount,52.52,
Nov-19,North East Lincolnshire,Pension Credit Caseload - 2011 Geographies,5216,
Nov-19,North East Lincolnshire,Mean of Weekly Award Amount,52.02,
Nov-19,North Lincolnshire,Pension Credit Caseload - 2011 Geographies,4565,
Nov-19,North Lincolnshire,Mean of Weekly Award Amount,52.14,
Nov-19,North Yorkshire,Pension Credit Caseload - 2011 Geographies,13245,
Nov-19,North Yorkshire,Mean of Weekly Award Amount,52.16,
Nov-19,York,Pension Credit Caseload - 2011 Geographies,3324,
Nov-19,York,Mean of Weekly Award Amount,51.02,
Nov-19,Barnsley,Pension Credit Caseload - 2011 Geographies,6940,
Nov-19,Barnsley,Mean of Weekly Award Amount,52.11,
Nov-19,Doncaster,Pension Credit Caseload - 2011 Geographies,8762,
Nov-19,Doncaster,Mean of Weekly Award Amount,53.67,
Nov-19,Rotherham,Pension Credit Caseload - 2011 Geographies,7693,
Nov-19,Rotherham,Mean of Weekly Award Amount,51.37,
Nov-19,Sheffield,Pension Credit Caseload - 2011 Geographies,15662,
Nov-19,Sheffield,Mean of Weekly Award Amount,56.79,
Nov-19,Bradford,Pension Credit Caseload - 2011 Geographies,14917,
Nov-19,Bradford,Mean of Weekly Award Amount,61.03,
Nov-19,Calderdale,Pension Credit Caseload - 2011 Geographies,5141,
Nov-19,Calderdale,Mean of Weekly Award Amount,52.81,
Nov-19,Kirklees,Pension Credit Caseload - 2011 Geographies,10233,
Nov-19,Kirklees,Mean of Weekly Award Amount,55.19,
Nov-19,Leeds,Pension Credit Caseload - 2011 Geographies,17646,
Nov-19,Leeds,Mean of Weekly Award Amount,56.44,
Nov-19,Wakefield,Pension Credit Caseload - 2011 Geographies,8777,
Nov-19,Wakefield,Mean of Weekly Award Amount,50.81,
Nov-19,Derby,Pension Credit Caseload - 2011 Geographies,6371,
Nov-19,Derby,Mean of Weekly Award Amount,62.01,
Nov-19,Leicester,Pension Credit Caseload - 2011 Geographies,11561,
Nov-19,Leicester,Mean of Weekly Award Amount,90.6,
Nov-19,North Northamptonshire,Pension Credit Caseload - 2011 Geographies,7144,
Nov-19,North Northamptonshire,Mean of Weekly Award Amount,53.97,
Nov-19,Nottingham,Pension Credit Caseload - 2011 Geographies,8222,
Nov-19,Nottingham,Mean of Weekly Award Amount,61.3,
Nov-19,Rutland,Pension Credit Caseload - 2011 Geographies,609,
Nov-19,Rutland,Mean of Weekly Award Amount,52,
Nov-19,West Northamptonshire,Pension Credit Caseload - 2011 Geographies,7122,
Nov-19,West Northamptonshire,Mean of Weekly Award Amount,58.62,
Nov-19,Amber Valley,Pension Credit Caseload - 2011 Geographies,2991,
Nov-19,Amber Valley,Mean of Weekly Award Amount,50.23,
Nov-19,Bolsover,Pension Credit Caseload - 2011 Geographies,2224,
Nov-19,Bolsover,Mean of Weekly Award Amount,50.55,
Nov-19,Chesterfield,Pension Credit Caseload - 2011 Geographies,3098,
Nov-19,Chesterfield,Mean of Weekly Award Amount,51.09,
Nov-19,Derbyshire Dales,Pension Credit Caseload - 2011 Geographies,1401,
Nov-19,Derbyshire Dales,Mean of Weekly Award Amount,52.15,
Nov-19,Erewash,Pension Credit Caseload - 2011 Geographies,2701,
Nov-19,Erewash,Mean of Weekly Award Amount,46.35,
Nov-19,High Peak,Pension Credit Caseload - 2011 Geographies,1909,
Nov-19,High Peak,Mean of Weekly Award Amount,51.83,
Nov-19,North East Derbyshire,Pension Credit Caseload - 2011 Geographies,2732,
Nov-19,North East Derbyshire,Mean of Weekly Award Amount,49.12,
Nov-19,South Derbyshire,Pension Credit Caseload - 2011 Geographies,1710,
Nov-19,South Derbyshire,Mean of Weekly Award Amount,49.63,
Nov-19,Blaby,Pension Credit Caseload - 2011 Geographies,1771,
Nov-19,Blaby,Mean of Weekly Award Amount,53.14,
Nov-19,Charnwood,Pension Credit Caseload - 2011 Geographies,3139,
Nov-19,Charnwood,Mean of Weekly Award Amount,54.56,
Nov-19,Harborough,Pension Credit Caseload - 2011 Geographies,1401,
Nov-19,Harborough,Mean of Weekly Award Amount,51.39,
Nov-19,Hinckley and Bosworth,Pension Credit Caseload - 2011 Geographies,2143,
Nov-19,Hinckley and Bosworth,Mean of Weekly Award Amount,48.57,
Nov-19,Melton,Pension Credit Caseload - 2011 Geographies,867,
Nov-19,Melton,Mean of Weekly Award Amount,49.74,
Nov-19,North West Leicestershire,Pension Credit Caseload - 2011 Geographies,1823,
Nov-19,North West Leicestershire,Mean of Weekly Award Amount,51.21,
Nov-19,Oadby and Wigston,Pension Credit Caseload - 2011 Geographies,1228,
Nov-19,Oadby and Wigston,Mean of Weekly Award Amount,60.19,
Nov-19,Boston,Pension Credit Caseload - 2011 Geographies,2078,
Nov-19,Boston,Mean of Weekly Award Amount,59.09,
Nov-19,East Lindsey,Pension Credit Caseload - 2011 Geographies,5679,
Nov-19,East Lindsey,Mean of Weekly Award Amount,53.82,
Nov-19,Lincoln,Pension Credit Caseload - 2011 Geographies,2442,
Nov-19,Lincoln,Mean of Weekly Award Amount,54.81,
Nov-19,North Kesteven,Pension Credit Caseload - 2011 Geographies,2490,
Nov-19,North Kesteven,Mean of Weekly Award Amount,50.99,
Nov-19,South Holland,Pension Credit Caseload - 2011 Geographies,2475,
Nov-19,South Holland,Mean of Weekly Award Amount,49.84,
Nov-19,South Kesteven,Pension Credit Caseload - 2011 Geographies,2791,
Nov-19,South Kesteven,Mean of Weekly Award Amount,51.6,
Nov-19,West Lindsey,Pension Credit Caseload - 2011 Geographies,2287,
Nov-19,West Lindsey,Mean of Weekly Award Amount,50.78,
Nov-19,Ashfield,Pension Credit Caseload - 2011 Geographies,3199,
Nov-19,Ashfield,Mean of Weekly Award Amount,49.69,
Nov-19,Bassetlaw,Pension Credit Caseload - 2011 Geographies,2867,
Nov-19,Bassetlaw,Mean of Weekly Award Amount,50.8,
Nov-19,Broxtowe,Pension Credit Caseload - 2011 Geographies,2426,
Nov-19,Broxtowe,Mean of Weekly Award Amount,50.69,
Nov-19,Gedling,Pension Credit Caseload - 2011 Geographies,2422,
Nov-19,Gedling,Mean of Weekly Award Amount,49.59,
Nov-19,Mansfield,Pension Credit Caseload - 2011 Geographies,2718,
Nov-19,Mansfield,Mean of Weekly Award Amount,51.47,
Nov-19,Newark and Sherwood,Pension Credit Caseload - 2011 Geographies,2546,
Nov-19,Newark and Sherwood,Mean of Weekly Award Amount,51.45,
Nov-19,Rushcliffe,Pension Credit Caseload - 2011 Geographies,1733,
Nov-19,Rushcliffe,Mean of Weekly Award Amount,52.07,
Nov-19,"Herefordshire, County of",Pension Credit Caseload - 2011 Geographies,4611,
Nov-19,"Herefordshire, County of",Mean of Weekly Award Amount,53.72,
Nov-19,Shropshire,Pension Credit Caseload - 2011 Geographies,7846,
Nov-19,Shropshire,Mean of Weekly Award Amount,52.46,
Nov-19,Stoke-on-Trent,Pension Credit Caseload - 2011 Geographies,7502,
Nov-19,Stoke-on-Trent,Mean of Weekly Award Amount,52.39,
Nov-19,Telford and Wrekin,Pension Credit Caseload - 2011 Geographies,4669,
Nov-19,Telford and Wrekin,Mean of Weekly Award Amount,55.9,
Nov-19,Cannock Chase,Pension Credit Caseload - 2011 Geographies,2640,
Nov-19,Cannock Chase,Mean of Weekly Award Amount,49.72,
Nov-19,East Staffordshire,Pension Credit Caseload - 2011 Geographies,2272,
Nov-19,East Staffordshire,Mean of Weekly Award Amount,53.68,
Nov-19,Lichfield,Pension Credit Caseload - 2011 Geographies,2047,
Nov-19,Lichfield,Mean of Weekly Award Amount,48.69,
Nov-19,Newcastle-under-Lyme,Pension Credit Caseload - 2011 Geographies,3015,
Nov-19,Newcastle-under-Lyme,Mean of Weekly Award Amount,50.71,
Nov-19,South Staffordshire,Pension Credit Caseload - 2011 Geographies,2611,
Nov-19,South Staffordshire,Mean of Weekly Award Amount,48.93,
Nov-19,Stafford,Pension Credit Caseload - 2011 Geographies,2438,
Nov-19,Stafford,Mean of Weekly Award Amount,50.72,
Nov-19,Staffordshire Moorlands,Pension Credit Caseload - 2011 Geographies,2099,
Nov-19,Staffordshire Moorlands,Mean of Weekly Award Amount,49.92,
Nov-19,Tamworth,Pension Credit Caseload - 2011 Geographies,1964,
Nov-19,Tamworth,Mean of Weekly Award Amount,48.9,
Nov-19,North Warwickshire,Pension Credit Caseload - 2011 Geographies,1518,
Nov-19,North Warwickshire,Mean of Weekly Award Amount,48.31,
Nov-19,Nuneaton and Bedworth,Pension Credit Caseload - 2011 Geographies,3135,
Nov-19,Nuneaton and Bedworth,Mean of Weekly Award Amount,57.31,
Nov-19,Rugby,Pension Credit Caseload - 2011 Geographies,1821,
Nov-19,Rugby,Mean of Weekly Award Amount,55.85,
Nov-19,Stratford-on-Avon,Pension Credit Caseload - 2011 Geographies,2443,
Nov-19,Stratford-on-Avon,Mean of Weekly Award Amount,51.84,
Nov-19,Warwick,Pension Credit Caseload - 2011 Geographies,2428,
Nov-19,Warwick,Mean of Weekly Award Amount,52.17,
Nov-19,Birmingham,Pension Credit Caseload - 2011 Geographies,34113,
Nov-19,Birmingham,Mean of Weekly Award Amount,68.92,
Nov-19,Coventry,Pension Credit Caseload - 2011 Geographies,8290,
Nov-19,Coventry,Mean of Weekly Award Amount,63.42,
Nov-19,Dudley,Pension Credit Caseload - 2011 Geographies,9415,
Nov-19,Dudley,Mean of Weekly Award Amount,50.79,
Nov-19,Sandwell,Pension Credit Caseload - 2011 Geographies,11491,
Nov-19,Sandwell,Mean of Weekly Award Amount,62.07,
Nov-19,Solihull,Pension Credit Caseload - 2011 Geographies,4595,
Nov-19,Solihull,Mean of Weekly Award Amount,55.66,
Nov-19,Walsall,Pension Credit Caseload - 2011 Geographies,9207,
Nov-19,Walsall,Mean of Weekly Award Amount,57.06,
Nov-19,Wolverhampton,Pension Credit Caseload - 2011 Geographies,8679,
Nov-19,Wolverhampton,Mean of Weekly Award Amount,59.56,
Nov-19,Bromsgrove,Pension Credit Caseload - 2011 Geographies,1797,
Nov-19,Bromsgrove,Mean of Weekly Award Amount,50.11,
Nov-19,Malvern Hills,Pension Credit Caseload - 2011 Geographies,1823,
Nov-19,Malvern Hills,Mean of Weekly Award Amount,54.26,
Nov-19,Redditch,Pension Credit Caseload - 2011 Geographies,1976,
Nov-19,Redditch,Mean of Weekly Award Amount,55.15,
Nov-19,Worcester,Pension Credit Caseload - 2011 Geographies,1989,
Nov-19,Worcester,Mean of Weekly Award Amount,54.83,
Nov-19,Wychavon,Pension Credit Caseload - 2011 Geographies,2612,
Nov-19,Wychavon,Mean of Weekly Award Amount,54.63,
Nov-19,Wyre Forest,Pension Credit Caseload - 2011 Geographies,2794,
Nov-19,Wyre Forest,Mean of Weekly Award Amount,48.96,
Nov-19,Bedford,Pension Credit Caseload - 2011 Geographies,3234,
Nov-19,Bedford,Mean of Weekly Award Amount,61.41,
Nov-19,Central Bedfordshire,Pension Credit Caseload - 2011 Geographies,4189,
Nov-19,Central Bedfordshire,Mean of Weekly Award Amount,52.73,
Nov-19,Luton,Pension Credit Caseload - 2011 Geographies,4755,
Nov-19,Luton,Mean of Weekly Award Amount,74.39,
Nov-19,Peterborough,Pension Credit Caseload - 2011 Geographies,4671,
Nov-19,Peterborough,Mean of Weekly Award Amount,67.4,
Nov-19,Southend-on-Sea,Pension Credit Caseload - 2011 Geographies,4888,
Nov-19,Southend-on-Sea,Mean of Weekly Award Amount,57.96,
Nov-19,Thurrock,Pension Credit Caseload - 2011 Geographies,3194,
Nov-19,Thurrock,Mean of Weekly Award Amount,61.6,
Nov-19,Cambridge,Pension Credit Caseload - 2011 Geographies,1631,
Nov-19,Cambridge,Mean of Weekly Award Amount,66.22,
Nov-19,East Cambridgeshire,Pension Credit Caseload - 2011 Geographies,1503,
Nov-19,East Cambridgeshire,Mean of Weekly Award Amount,55.93,
Nov-19,Fenland,Pension Credit Caseload - 2011 Geographies,2892,
Nov-19,Fenland,Mean of Weekly Award Amount,54.58,
Nov-19,Huntingdonshire,Pension Credit Caseload - 2011 Geographies,2651,
Nov-19,Huntingdonshire,Mean of Weekly Award Amount,52.99,
Nov-19,South Cambridgeshire,Pension Credit Caseload - 2011 Geographies,1917,
Nov-19,South Cambridgeshire,Mean of Weekly Award Amount,60.42,
Nov-19,Basildon,Pension Credit Caseload - 2011 Geographies,4252,
Nov-19,Basildon,Mean of Weekly Award Amount,57.63,
Nov-19,Braintree,Pension Credit Caseload - 2011 Geographies,3097,
Nov-19,Braintree,Mean of Weekly Award Amount,51.48,
Nov-19,Brentwood,Pension Credit Caseload - 2011 Geographies,1218,
Nov-19,Brentwood,Mean of Weekly Award Amount,58.21,
Nov-19,Castle Point,Pension Credit Caseload - 2011 Geographies,2316,
Nov-19,Castle Point,Mean of Weekly Award Amount,53.77,
Nov-19,Chelmsford,Pension Credit Caseload - 2011 Geographies,2605,
Nov-19,Chelmsford,Mean of Weekly Award Amount,55.21,
Nov-19,Colchester,Pension Credit Caseload - 2011 Geographies,3230,
Nov-19,Colchester,Mean of Weekly Award Amount,58.74,
Nov-19,Epping Forest,Pension Credit Caseload - 2011 Geographies,2724,
Nov-19,Epping Forest,Mean of Weekly Award Amount,61.04,
Nov-19,Harlow,Pension Credit Caseload - 2011 Geographies,1873,
Nov-19,Harlow,Mean of Weekly Award Amount,56.62,
Nov-19,Maldon,Pension Credit Caseload - 2011 Geographies,1428,
Nov-19,Maldon,Mean of Weekly Award Amount,52.99,
Nov-19,Rochford,Pension Credit Caseload - 2011 Geographies,1698,
Nov-19,Rochford,Mean of Weekly Award Amount,52.55,
Nov-19,Tendring,Pension Credit Caseload - 2011 Geographies,5609,
Nov-19,Tendring,Mean of Weekly Award Amount,55.49,
Nov-19,Uttlesford,Pension Credit Caseload - 2011 Geographies,1248,
Nov-19,Uttlesford,Mean of Weekly Award Amount,52.93,
Nov-19,Broxbourne,Pension Credit Caseload - 2011 Geographies,1982,
Nov-19,Broxbourne,Mean of Weekly Award Amount,63.06,
Nov-19,Dacorum,Pension Credit Caseload - 2011 Geographies,2293,
Nov-19,Dacorum,Mean of Weekly Award Amount,58.36,
Nov-19,East Hertfordshire,Pension Credit Caseload - 2011 Geographies,1962,
Nov-19,East Hertfordshire,Mean of Weekly Award Amount,56.28,
Nov-19,Hertsmere,Pension Credit Caseload - 2011 Geographies,1983,
Nov-19,Hertsmere,Mean of Weekly Award Amount,67.35,
Nov-19,North Hertfordshire,Pension Credit Caseload - 2011 Geographies,2189,
Nov-19,North Hertfordshire,Mean of Weekly Award Amount,53.3,
Nov-19,St Albans,Pension Credit Caseload - 2011 Geographies,1624,
Nov-19,St Albans,Mean of Weekly Award Amount,62.49,
Nov-19,Stevenage,Pension Credit Caseload - 2011 Geographies,1617,
Nov-19,Stevenage,Mean of Weekly Award Amount,58.92,
Nov-19,Three Rivers,Pension Credit Caseload - 2011 Geographies,1377,
Nov-19,Three Rivers,Mean of Weekly Award Amount,67.11,
Nov-19,Watford,Pension Credit Caseload - 2011 Geographies,1536,
Nov-19,Watford,Mean of Weekly Award Amount,70.14,
Nov-19,Welwyn Hatfield,Pension Credit Caseload - 2011 Geographies,1777,
Nov-19,Welwyn Hatfield,Mean of Weekly Award Amount,60.23,
Nov-19,Breckland,Pension Credit Caseload - 2011 Geographies,3440,
Nov-19,Breckland,Mean of Weekly Award Amount,51.15,
Nov-19,Broadland,Pension Credit Caseload - 2011 Geographies,2561,
Nov-19,Broadland,Mean of Weekly Award Amount,49.57,
Nov-19,Great Yarmouth,Pension Credit Caseload - 2011 Geographies,3759,
Nov-19,Great Yarmouth,Mean of Weekly Award Amount,50.12,
Nov-19,King's Lynn and West Norfolk,Pension Credit Caseload - 2011 Geographies,4407,
Nov-19,King's Lynn and West Norfolk,Mean of Weekly Award Amount,52.75,
Nov-19,North Norfolk,Pension Credit Caseload - 2011 Geographies,3261,
Nov-19,North Norfolk,Mean of Weekly Award Amount,48.27,
Nov-19,Norwich,Pension Credit Caseload - 2011 Geographies,3869,
Nov-19,Norwich,Mean of Weekly Award Amount,54.7,
Nov-19,South Norfolk,Pension Credit Caseload - 2011 Geographies,2832,
Nov-19,South Norfolk,Mean of Weekly Award Amount,51.7,
Nov-19,Babergh,Pension Credit Caseload - 2011 Geographies,1938,
Nov-19,Babergh,Mean of Weekly Award Amount,49.99,
Nov-19,East Suffolk,Pension Credit Caseload - 2011 Geographies,6317,
Nov-19,East Suffolk,Mean of Weekly Award Amount,51.61,
Nov-19,Ipswich,Pension Credit Caseload - 2011 Geographies,3141,
Nov-19,Ipswich,Mean of Weekly Award Amount,61.88,
Nov-19,Mid Suffolk,Pension Credit Caseload - 2011 Geographies,1951,
Nov-19,Mid Suffolk,Mean of Weekly Award Amount,52.93,
Nov-19,West Suffolk,Pension Credit Caseload - 2011 Geographies,3319,
Nov-19,West Suffolk,Mean of Weekly Award Amount,52.44,
Nov-19,Camden,Pension Credit Caseload - 2011 Geographies,6462,
Nov-19,Camden,Mean of Weekly Award Amount,91.78,
Nov-19,City of London,Pension Credit Caseload - 2011 Geographies,96,
Nov-19,City of London,Mean of Weekly Award Amount,83.74,
Nov-19,Hackney,Pension Credit Caseload - 2011 Geographies,7969,
Nov-19,Hackney,Mean of Weekly Award Amount,94.19,
Nov-19,Hammersmith and Fulham,Pension Credit Caseload - 2011 Geographies,4700,
Nov-19,Hammersmith and Fulham,Mean of Weekly Award Amount,90.43,
Nov-19,Haringey,Pension Credit Caseload - 2011 Geographies,7296,
Nov-19,Haringey,Mean of Weekly Award Amount,95.41,
Nov-19,Islington,Pension Credit Caseload - 2011 Geographies,6413,
Nov-19,Islington,Mean of Weekly Award Amount,86.67,
Nov-19,Kensington and Chelsea,Pension Credit Caseload - 2011 Geographies,4548,
Nov-19,Kensington and Chelsea,Mean of Weekly Award Amount,93.81,
Nov-19,Lambeth,Pension Credit Caseload - 2011 Geographies,7822,
Nov-19,Lambeth,Mean of Weekly Award Amount,86.59,
Nov-19,Lewisham,Pension Credit Caseload - 2011 Geographies,6457,
Nov-19,Lewisham,Mean of Weekly Award Amount,80.21,
Nov-19,Newham,Pension Credit Caseload - 2011 Geographies,8573,
Nov-19,Newham,Mean of Weekly Award Amount,97.54,
Nov-19,Southwark,Pension Credit Caseload - 2011 Geographies,7789,
Nov-19,Southwark,Mean of Weekly Award Amount,86.53,
Nov-19,Tower Hamlets,Pension Credit Caseload - 2011 Geographies,7700,
Nov-19,Tower Hamlets,Mean of Weekly Award Amount,92.92,
Nov-19,Wandsworth,Pension Credit Caseload - 2011 Geographies,6077,
Nov-19,Wandsworth,Mean of Weekly Award Amount,85.29,
Nov-19,Westminster,Pension Credit Caseload - 2011 Geographies,6161,
Nov-19,Westminster,Mean of Weekly Award Amount,101.71,
Nov-19,Barking and Dagenham,Pension Credit Caseload - 2011 Geographies,4886,
Nov-19,Barking and Dagenham,Mean of Weekly Award Amount,79.28,
Nov-19,Barnet,Pension Credit Caseload - 2011 Geographies,8172,
Nov-19,Barnet,Mean of Weekly Award Amount,94.99,
Nov-19,Bexley,Pension Credit Caseload - 2011 Geographies,4220,
Nov-19,Bexley,Mean of Weekly Award Amount,67.18,
Nov-19,Brent,Pension Credit Caseload - 2011 Geographies,9455,
Nov-19,Brent,Mean of Weekly Award Amount,103.08,
Nov-19,Bromley,Pension Credit Caseload - 2011 Geographies,5365,
Nov-19,Bromley,Mean of Weekly Award Amount,68.82,
Nov-19,Croydon,Pension Credit Caseload - 2011 Geographies,7615,
Nov-19,Croydon,Mean of Weekly Award Amount,83.32,
Nov-19,Ealing,Pension Credit Caseload - 2011 Geographies,9065,
Nov-19,Ealing,Mean of Weekly Award Amount,108.86,
Nov-19,Enfield,Pension Credit Caseload - 2011 Geographies,8379,
Nov-19,Enfield,Mean of Weekly Award Amount,89.01,
Nov-19,Greenwich,Pension Credit Caseload - 2011 Geographies,6493,
Nov-19,Greenwich,Mean of Weekly Award Amount,88.35,
Nov-19,Harrow,Pension Credit Caseload - 2011 Geographies,6113,
Nov-19,Harrow,Mean of Weekly Award Amount,113.99,
Nov-19,Havering,Pension Credit Caseload - 2011 Geographies,5015,
Nov-19,Havering,Mean of Weekly Award Amount,62.2,
Nov-19,Hillingdon,Pension Credit Caseload - 2011 Geographies,5581,
Nov-19,Hillingdon,Mean of Weekly Award Amount,95.44,
Nov-19,Hounslow,Pension Credit Caseload - 2011 Geographies,6047,
Nov-19,Hounslow,Mean of Weekly Award Amount,102.23,
Nov-19,Kingston upon Thames,Pension Credit Caseload - 2011 Geographies,2546,
Nov-19,Kingston upon Thames,Mean of Weekly Award Amount,92.31,
Nov-19,Merton,Pension Credit Caseload - 2011 Geographies,3663,
Nov-19,Merton,Mean of Weekly Award Amount,87.95,
Nov-19,Redbridge,Pension Credit Caseload - 2011 Geographies,6700,
Nov-19,Redbridge,Mean of Weekly Award Amount,92.17,
Nov-19,Richmond upon Thames,Pension Credit Caseload - 2011 Geographies,2737,
Nov-19,Richmond upon Thames,Mean of Weekly Award Amount,80.16,
Nov-19,Sutton,Pension Credit Caseload - 2011 Geographies,3424,
Nov-19,Sutton,Mean of Weekly Award Amount,76.83,
Nov-19,Waltham Forest,Pension Credit Caseload - 2011 Geographies,6157,
Nov-19,Waltham Forest,Mean of Weekly Award Amount,82.13,
Nov-19,Bracknell Forest,Pension Credit Caseload - 2011 Geographies,1637,
Nov-19,Bracknell Forest,Mean of Weekly Award Amount,70.61,
Nov-19,Brighton and Hove,Pension Credit Caseload - 2011 Geographies,6634,
Nov-19,Brighton and Hove,Mean of Weekly Award Amount,67.28,
Nov-19,Buckinghamshire,Pension Credit Caseload - 2011 Geographies,7103,
Nov-19,Buckinghamshire,Mean of Weekly Award Amount,62.13,
Nov-19,Isle of Wight,Pension Credit Caseload - 2011 Geographies,4650,
Nov-19,Isle of Wight,Mean of Weekly Award Amount,53.68,
Nov-19,Medway,Pension Credit Caseload - 2011 Geographies,5521,
Nov-19,Medway,Mean of Weekly Award Amount,57.62,
Nov-19,Milton Keynes,Pension Credit Caseload - 2011 Geographies,4470,
Nov-19,Milton Keynes,Mean of Weekly Award Amount,66.63,
Nov-19,Portsmouth,Pension Credit Caseload - 2011 Geographies,4853,
Nov-19,Portsmouth,Mean of Weekly Award Amount,59.67,
Nov-19,Reading,Pension Credit Caseload - 2011 Geographies,3202,
Nov-19,Reading,Mean of Weekly Award Amount,84.28,
Nov-19,Slough,Pension Credit Caseload - 2011 Geographies,2913,
Nov-19,Slough,Mean of Weekly Award Amount,87.81,
Nov-19,Southampton,Pension Credit Caseload - 2011 Geographies,5409,
Nov-19,Southampton,Mean of Weekly Award Amount,62.15,
Nov-19,West Berkshire,Pension Credit Caseload - 2011 Geographies,2154,
Nov-19,West Berkshire,Mean of Weekly Award Amount,54.97,
Nov-19,Windsor and Maidenhead,Pension Credit Caseload - 2011 Geographies,2055,
Nov-19,Windsor and Maidenhead,Mean of Weekly Award Amount,62.85,
Nov-19,Wokingham,Pension Credit Caseload - 2011 Geographies,1544,
Nov-19,Wokingham,Mean of Weekly Award Amount,58.86,
Nov-19,Eastbourne,Pension Credit Caseload - 2011 Geographies,3063,
Nov-19,Eastbourne,Mean of Weekly Award Amount,59.6,
Nov-19,Hastings,Pension Credit Caseload - 2011 Geographies,3326,
Nov-19,Hastings,Mean of Weekly Award Amount,60.34,
Nov-19,Lewes,Pension Credit Caseload - 2011 Geographies,2444,
Nov-19,Lewes,Mean of Weekly Award Amount,57.34,
Nov-19,Rother,Pension Credit Caseload - 2011 Geographies,2883,
Nov-19,Rother,Mean of Weekly Award Amount,55.79,
Nov-19,Wealden,Pension Credit Caseload - 2011 Geographies,3119,
Nov-19,Wealden,Mean of Weekly Award Amount,54.17,
Nov-19,Basingstoke and Deane,Pension Credit Caseload - 2011 Geographies,2335,
Nov-19,Basingstoke and Deane,Mean of Weekly Award Amount,63.61,
Nov-19,East Hampshire,Pension Credit Caseload - 2011 Geographies,1759,
Nov-19,East Hampshire,Mean of Weekly Award Amount,55.12,
Nov-19,Eastleigh,Pension Credit Caseload - 2011 Geographies,1924,
Nov-19,Eastleigh,Mean of Weekly Award Amount,54.55,
Nov-19,Fareham,Pension Credit Caseload - 2011 Geographies,1715,
Nov-19,Fareham,Mean of Weekly Award Amount,49.96,
Nov-19,Gosport,Pension Credit Caseload - 2011 Geographies,1710,
Nov-19,Gosport,Mean of Weekly Award Amount,53.17,
Nov-19,Hart,Pension Credit Caseload - 2011 Geographies,930,
Nov-19,Hart,Mean of Weekly Award Amount,60.81,
Nov-19,Havant,Pension Credit Caseload - 2011 Geographies,3256,
Nov-19,Havant,Mean of Weekly Award Amount,52.28,
Nov-19,New Forest,Pension Credit Caseload - 2011 Geographies,3629,
Nov-19,New Forest,Mean of Weekly Award Amount,53.06,
Nov-19,Rushmoor,Pension Credit Caseload - 2011 Geographies,2573,
Nov-19,Rushmoor,Mean of Weekly Award Amount,116.71,
Nov-19,Test Valley,Pension Credit Caseload - 2011 Geographies,1874,
Nov-19,Test Valley,Mean of Weekly Award Amount,55.48,
Nov-19,Winchester,Pension Credit Caseload - 2011 Geographies,1824,
Nov-19,Winchester,Mean of Weekly Award Amount,56.93,
Nov-19,Ashford,Pension Credit Caseload - 2011 Geographies,2691,
Nov-19,Ashford,Mean of Weekly Award Amount,74.09,
Nov-19,Canterbury,Pension Credit Caseload - 2011 Geographies,3498,
Nov-19,Canterbury,Mean of Weekly Award Amount,56.48,
Nov-19,Dartford,Pension Credit Caseload - 2011 Geographies,1560,
Nov-19,Dartford,Mean of Weekly Award Amount,58.8,
Nov-19,Dover,Pension Credit Caseload - 2011 Geographies,3021,
Nov-19,Dover,Mean of Weekly Award Amount,55.92,
Nov-19,Folkestone and Hythe,Pension Credit Caseload - 2011 Geographies,3380,
Nov-19,Folkestone and Hythe,Mean of Weekly Award Amount,63.55,
Nov-19,Gravesham,Pension Credit Caseload - 2011 Geographies,2147,
Nov-19,Gravesham,Mean of Weekly Award Amount,60.1,
Nov-19,Maidstone,Pension Credit Caseload - 2011 Geographies,2978,
Nov-19,Maidstone,Mean of Weekly Award Amount,62.27,
Nov-19,Sevenoaks,Pension Credit Caseload - 2011 Geographies,1876,
Nov-19,Sevenoaks,Mean of Weekly Award Amount,59.22,
Nov-19,Swale,Pension Credit Caseload - 2011 Geographies,3490,
Nov-19,Swale,Mean of Weekly Award Amount,55.31,
Nov-19,Thanet,Pension Credit Caseload - 2011 Geographies,5104,
Nov-19,Thanet,Mean of Weekly Award Amount,57.61,
Nov-19,Tonbridge and Malling,Pension Credit Caseload - 2011 Geographies,1958,
Nov-19,Tonbridge and Malling,Mean of Weekly Award Amount,57.27,
Nov-19,Tunbridge Wells,Pension Credit Caseload - 2011 Geographies,1848,
Nov-19,Tunbridge Wells,Mean of Weekly Award Amount,56.92,
Nov-19,Cherwell,Pension Credit Caseload - 2011 Geographies,2107,
Nov-19,Cherwell,Mean of Weekly Award Amount,56.62,
Nov-19,Oxford,Pension Credit Caseload - 2011 Geographies,2165,
Nov-19,Oxford,Mean of Weekly Award Amount,73.45,
Nov-19,South Oxfordshire,Pension Credit Caseload - 2011 Geographies,1785,
Nov-19,South Oxfordshire,Mean of Weekly Award Amount,54.38,
Nov-19,Vale of White Horse,Pension Credit Caseload - 2011 Geographies,1567,
Nov-19,Vale of White Horse,Mean of Weekly Award Amount,56.65,
Nov-19,West Oxfordshire,Pension Credit Caseload - 2011 Geographies,1580,
Nov-19,West Oxfordshire,Mean of Weekly Award Amount,55.73,
Nov-19,Elmbridge,Pension Credit Caseload - 2011 Geographies,1778,
Nov-19,Elmbridge,Mean of Weekly Award Amount,69.87,
Nov-19,Epsom and Ewell,Pension Credit Caseload - 2011 Geographies,921,
Nov-19,Epsom and Ewell,Mean of Weekly Award Amount,74.1,
Nov-19,Guildford,Pension Credit Caseload - 2011 Geographies,1657,
Nov-19,Guildford,Mean of Weekly Award Amount,59.56,
Nov-19,Mole Valley,Pension Credit Caseload - 2011 Geographies,1222,
Nov-19,Mole Valley,Mean of Weekly Award Amount,59.1,
Nov-19,Reigate and Banstead,Pension Credit Caseload - 2011 Geographies,1835,
Nov-19,Reigate and Banstead,Mean of Weekly Award Amount,65.32,
Nov-19,Runnymede,Pension Credit Caseload - 2011 Geographies,1269,
Nov-19,Runnymede,Mean of Weekly Award Amount,61.88,
Nov-19,Spelthorne,Pension Credit Caseload - 2011 Geographies,1461,
Nov-19,Spelthorne,Mean of Weekly Award Amount,64.44,
Nov-19,Surrey Heath,Pension Credit Caseload - 2011 Geographies,1042,
Nov-19,Surrey Heath,Mean of Weekly Award Amount,69.09,
Nov-19,Tandridge,Pension Credit Caseload - 2011 Geographies,1117,
Nov-19,Tandridge,Mean of Weekly Award Amount,62.33,
Nov-19,Waverley,Pension Credit Caseload - 2011 Geographies,1712,
Nov-19,Waverley,Mean of Weekly Award Amount,58.1,
Nov-19,Woking,Pension Credit Caseload - 2011 Geographies,1345,
Nov-19,Woking,Mean of Weekly Award Amount,67.01,
Nov-19,Adur,Pension Credit Caseload - 2011 Geographies,1591,
Nov-19,Adur,Mean of Weekly Award Amount,55.6,
Nov-19,Arun,Pension Credit Caseload - 2011 Geographies,4424,
Nov-19,Arun,Mean of Weekly Award Amount,54.58,
Nov-19,Chichester,Pension Credit Caseload - 2011 Geographies,2507,
Nov-19,Chichester,Mean of Weekly Award Amount,55.35,
Nov-19,Crawley,Pension Credit Caseload - 2011 Geographies,1958,
Nov-19,Crawley,Mean of Weekly Award Amount,73.07,
Nov-19,Horsham,Pension Credit Caseload - 2011 Geographies,2014,
Nov-19,Horsham,Mean of Weekly Award Amount,55.72,
Nov-19,Mid Sussex,Pension Credit Caseload - 2011 Geographies,1979,
Nov-19,Mid Sussex,Mean of Weekly Award Amount,57.25,
Nov-19,Worthing,Pension Credit Caseload - 2011 Geographies,2623,
Nov-19,Worthing,Mean of Weekly Award Amount,55.87,
Nov-19,Bath and North East Somerset,Pension Credit Caseload - 2011 Geographies,3164,
Nov-19,Bath and North East Somerset,Mean of Weekly Award Amount,54.51,
Nov-19,"Bournemouth, Christchurch and Poole",Pension Credit Caseload - 2011 Geographies,10403,
Nov-19,"Bournemouth, Christchurch and Poole",Mean of Weekly Award Amount,55.75,
Nov-19,"Bristol, City of",Pension Credit Caseload - 2011 Geographies,9287,
Nov-19,"Bristol, City of",Mean of Weekly Award Amount,64.4,
Nov-19,Cornwall,Pension Credit Caseload - 2011 Geographies,17766,
Nov-19,Cornwall,Mean of Weekly Award Amount,50,
Nov-19,Dorset,Pension Credit Caseload - 2011 Geographies,8818,
Nov-19,Dorset,Mean of Weekly Award Amount,51.76,
Nov-19,Isles of Scilly,Pension Credit Caseload - 2011 Geographies,27,
Nov-19,Isles of Scilly,Mean of Weekly Award Amount,67.56,
Nov-19,North Somerset,Pension Credit Caseload - 2011 Geographies,4818,
Nov-19,North Somerset,Mean of Weekly Award Amount,53,
Nov-19,Plymouth,Pension Credit Caseload - 2011 Geographies,6755,
Nov-19,Plymouth,Mean of Weekly Award Amount,54.65,
Nov-19,Somerset,Pension Credit Caseload - 2011 Geographies,13098,
Nov-19,Somerset,Mean of Weekly Award Amount,52.63,
Nov-19,South Gloucestershire,Pension Credit Caseload - 2011 Geographies,4260,
Nov-19,South Gloucestershire,Mean of Weekly Award Amount,55.08,
Nov-19,Swindon,Pension Credit Caseload - 2011 Geographies,4257,
Nov-19,Swindon,Mean of Weekly Award Amount,69.73,
Nov-19,Torbay,Pension Credit Caseload - 2011 Geographies,5502,
Nov-19,Torbay,Mean of Weekly Award Amount,54.6,
Nov-19,Wiltshire,Pension Credit Caseload - 2011 Geographies,8530,
Nov-19,Wiltshire,Mean of Weekly Award Amount,53.29,
Nov-19,East Devon,Pension Credit Caseload - 2011 Geographies,3421,
Nov-19,East Devon,Mean of Weekly Award Amount,49.73,
Nov-19,Exeter,Pension Credit Caseload - 2011 Geographies,2550,
Nov-19,Exeter,Mean of Weekly Award Amount,53.35,
Nov-19,Mid Devon,Pension Credit Caseload - 2011 Geographies,1837,
Nov-19,Mid Devon,Mean of Weekly Award Amount,53.89,
Nov-19,North Devon,Pension Credit Caseload - 2011 Geographies,2658,
Nov-19,North Devon,Mean of Weekly Award Amount,49.9,
Nov-19,South Hams,Pension Credit Caseload - 2011 Geographies,2106,
Nov-19,South Hams,Mean of Weekly Award Amount,54.75,
Nov-19,Teignbridge,Pension Credit Caseload - 2011 Geographies,3657,
Nov-19,Teignbridge,Mean of Weekly Award Amount,52.91,
Nov-19,Torridge,Pension Credit Caseload - 2011 Geographies,2069,
Nov-19,Torridge,Mean of Weekly Award Amount,50.08,
Nov-19,West Devon,Pension Credit Caseload - 2011 Geographies,1417,
Nov-19,West Devon,Mean of Weekly Award Amount,53.88,
Nov-19,Cheltenham,Pension Credit Caseload - 2011 Geographies,2077,
Nov-19,Cheltenham,Mean of Weekly Award Amount,55.21,
Nov-19,Cotswold,Pension Credit Caseload - 2011 Geographies,1690,
Nov-19,Cotswold,Mean of Weekly Award Amount,51.2,
Nov-19,Forest of Dean,Pension Credit Caseload - 2011 Geographies,2094,
Nov-19,Forest of Dean,Mean of Weekly Award Amount,55.95,
Nov-19,Gloucester,Pension Credit Caseload - 2011 Geographies,2556,
Nov-19,Gloucester,Mean of Weekly Award Amount,60.3,
Nov-19,Stroud,Pension Credit Caseload - 2011 Geographies,2189,
Nov-19,Stroud,Mean of Weekly Award Amount,52.78,
Nov-19,Tewkesbury,Pension Credit Caseload - 2011 Geographies,1564,
Nov-19,Tewkesbury,Mean of Weekly Award Amount,56.09,
Nov-19,Total,Pension Credit Caseload - 2011 Geographies,1314967,
Nov-19,Total,Mean of Weekly Award Amount,62.06,
Feb-20,England,Pension Credit Caseload - 2011 Geographies,1295491,
Feb-20,England,Mean of Weekly Award Amount,62.29,
Feb-20,County Durham,Pension Credit Caseload - 2011 Geographies,16820,
Feb-20,County Durham,Mean of Weekly Award Amount,50.17,
Feb-20,Darlington,Pension Credit Caseload - 2011 Geographies,2992,
Feb-20,Darlington,Mean of Weekly Award Amount,54.61,
Feb-20,Hartlepool,Pension Credit Caseload - 2011 Geographies,3654,
Feb-20,Hartlepool,Mean of Weekly Award Amount,54.29,
Feb-20,Middlesbrough,Pension Credit Caseload - 2011 Geographies,4790,
Feb-20,Middlesbrough,Mean of Weekly Award Amount,56.07,
Feb-20,Northumberland,Pension Credit Caseload - 2011 Geographies,8207,
Feb-20,Northumberland,Mean of Weekly Award Amount,48.79,
Feb-20,Redcar and Cleveland,Pension Credit Caseload - 2011 Geographies,4772,
Feb-20,Redcar and Cleveland,Mean of Weekly Award Amount,49.98,
Feb-20,Stockton-on-Tees,Pension Credit Caseload - 2011 Geographies,5270,
Feb-20,Stockton-on-Tees,Mean of Weekly Award Amount,52.75,
Feb-20,Gateshead,Pension Credit Caseload - 2011 Geographies,6943,
Feb-20,Gateshead,Mean of Weekly Award Amount,51.7,
Feb-20,Newcastle upon Tyne,Pension Credit Caseload - 2011 Geographies,8562,
Feb-20,Newcastle upon Tyne,Mean of Weekly Award Amount,58.71,
Feb-20,North Tyneside,Pension Credit Caseload - 2011 Geographies,6202,
Feb-20,North Tyneside,Mean of Weekly Award Amount,49.43,
Feb-20,South Tyneside,Pension Credit Caseload - 2011 Geographies,5906,
Feb-20,South Tyneside,Mean of Weekly Award Amount,50.48,
Feb-20,Sunderland,Pension Credit Caseload - 2011 Geographies,10717,
Feb-20,Sunderland,Mean of Weekly Award Amount,51.23,
Feb-20,Blackburn with Darwen,Pension Credit Caseload - 2011 Geographies,4401,
Feb-20,Blackburn with Darwen,Mean of Weekly Award Amount,67.24,
Feb-20,Blackpool,Pension Credit Caseload - 2011 Geographies,6073,
Feb-20,Blackpool,Mean of Weekly Award Amount,55.09,
Feb-20,Cheshire East,Pension Credit Caseload - 2011 Geographies,6723,
Feb-20,Cheshire East,Mean of Weekly Award Amount,53.18,
Feb-20,Cheshire West and Chester,Pension Credit Caseload - 2011 Geographies,7388,
Feb-20,Cheshire West and Chester,Mean of Weekly Award Amount,52.93,
Feb-20,Cumberland,Pension Credit Caseload - 2011 Geographies,6777,
Feb-20,Cumberland,Mean of Weekly Award Amount,51.37,
Feb-20,Halton,Pension Credit Caseload - 2011 Geographies,3790,
Feb-20,Halton,Mean of Weekly Award Amount,55.79,
Feb-20,Warrington,Pension Credit Caseload - 2011 Geographies,4252,
Feb-20,Warrington,Mean of Weekly Award Amount,52.82,
Feb-20,Westmorland and Furness,Pension Credit Caseload - 2011 Geographies,4781,
Feb-20,Westmorland and Furness,Mean of Weekly Award Amount,53.52,
Feb-20,Bolton,Pension Credit Caseload - 2011 Geographies,8298,
Feb-20,Bolton,Mean of Weekly Award Amount,61.62,
Feb-20,Bury,Pension Credit Caseload - 2011 Geographies,4521,
Feb-20,Bury,Mean of Weekly Award Amount,58.15,
Feb-20,Manchester,Pension Credit Caseload - 2011 Geographies,15439,
Feb-20,Manchester,Mean of Weekly Award Amount,73.57,
Feb-20,Oldham,Pension Credit Caseload - 2011 Geographies,6344,
Feb-20,Oldham,Mean of Weekly Award Amount,60.11,
Feb-20,Rochdale,Pension Credit Caseload - 2011 Geographies,6472,
Feb-20,Rochdale,Mean of Weekly Award Amount,57.5,
Feb-20,Salford,Pension Credit Caseload - 2011 Geographies,7231,
Feb-20,Salford,Mean of Weekly Award Amount,57.83,
Feb-20,Stockport,Pension Credit Caseload - 2011 Geographies,6568,
Feb-20,Stockport,Mean of Weekly Award Amount,59,
Feb-20,Tameside,Pension Credit Caseload - 2011 Geographies,6313,
Feb-20,Tameside,Mean of Weekly Award Amount,53.47,
Feb-20,Trafford,Pension Credit Caseload - 2011 Geographies,4728,
Feb-20,Trafford,Mean of Weekly Award Amount,62.88,
Feb-20,Wigan,Pension Credit Caseload - 2011 Geographies,8821,
Feb-20,Wigan,Mean of Weekly Award Amount,50.36,
Feb-20,Burnley,Pension Credit Caseload - 2011 Geographies,2743,
Feb-20,Burnley,Mean of Weekly Award Amount,55.87,
Feb-20,Chorley,Pension Credit Caseload - 2011 Geographies,2347,
Feb-20,Chorley,Mean of Weekly Award Amount,50.11,
Feb-20,Fylde,Pension Credit Caseload - 2011 Geographies,2100,
Feb-20,Fylde,Mean of Weekly Award Amount,54.59,
Feb-20,Hyndburn,Pension Credit Caseload - 2011 Geographies,2373,
Feb-20,Hyndburn,Mean of Weekly Award Amount,56.01,
Feb-20,Lancaster,Pension Credit Caseload - 2011 Geographies,3632,
Feb-20,Lancaster,Mean of Weekly Award Amount,55.57,
Feb-20,Pendle,Pension Credit Caseload - 2011 Geographies,2721,
Feb-20,Pendle,Mean of Weekly Award Amount,60.92,
Feb-20,Preston,Pension Credit Caseload - 2011 Geographies,3524,
Feb-20,Preston,Mean of Weekly Award Amount,63.19,
Feb-20,Ribble Valley,Pension Credit Caseload - 2011 Geographies,887,
Feb-20,Ribble Valley,Mean of Weekly Award Amount,51.15,
Feb-20,Rossendale,Pension Credit Caseload - 2011 Geographies,1845,
Feb-20,Rossendale,Mean of Weekly Award Amount,51.52,
Feb-20,South Ribble,Pension Credit Caseload - 2011 Geographies,2139,
Feb-20,South Ribble,Mean of Weekly Award Amount,52.44,
Feb-20,West Lancashire,Pension Credit Caseload - 2011 Geographies,3188,
Feb-20,West Lancashire,Mean of Weekly Award Amount,52.04,
Feb-20,Wyre,Pension Credit Caseload - 2011 Geographies,3469,
Feb-20,Wyre,Mean of Weekly Award Amount,53.78,
Feb-20,Knowsley,Pension Credit Caseload - 2011 Geographies,6391,
Feb-20,Knowsley,Mean of Weekly Award Amount,57.54,
Feb-20,Liverpool,Pension Credit Caseload - 2011 Geographies,19272,
Feb-20,Liverpool,Mean of Weekly Award Amount,62,
Feb-20,Sefton,Pension Credit Caseload - 2011 Geographies,9696,
Feb-20,Sefton,Mean of Weekly Award Amount,54.23,
Feb-20,St. Helens,Pension Credit Caseload - 2011 Geographies,5486,
Feb-20,St. Helens,Mean of Weekly Award Amount,54.33,
Feb-20,Wirral,Pension Credit Caseload - 2011 Geographies,10159,
Feb-20,Wirral,Mean of Weekly Award Amount,56.56,
Feb-20,East Riding of Yorkshire,Pension Credit Caseload - 2011 Geographies,8773,
Feb-20,East Riding of Yorkshire,Mean of Weekly Award Amount,48.75,
Feb-20,"Kingston upon Hull, City of",Pension Credit Caseload - 2011 Geographies,9121,
Feb-20,"Kingston upon Hull, City of",Mean of Weekly Award Amount,52.89,
Feb-20,North East Lincolnshire,Pension Credit Caseload - 2011 Geographies,5125,
Feb-20,North East Lincolnshire,Mean of Weekly Award Amount,52.06,
Feb-20,North Lincolnshire,Pension Credit Caseload - 2011 Geographies,4519,
Feb-20,North Lincolnshire,Mean of Weekly Award Amount,52.34,
Feb-20,North Yorkshire,Pension Credit Caseload - 2011 Geographies,13012,
Feb-20,North Yorkshire,Mean of Weekly Award Amount,52.27,
Feb-20,York,Pension Credit Caseload - 2011 Geographies,3259,
Feb-20,York,Mean of Weekly Award Amount,51.12,
Feb-20,Barnsley,Pension Credit Caseload - 2011 Geographies,6855,
Feb-20,Barnsley,Mean of Weekly Award Amount,52.45,
Feb-20,Doncaster,Pension Credit Caseload - 2011 Geographies,8612,
Feb-20,Doncaster,Mean of Weekly Award Amount,53.95,
Feb-20,Rotherham,Pension Credit Caseload - 2011 Geographies,7554,
Feb-20,Rotherham,Mean of Weekly Award Amount,51.84,
Feb-20,Sheffield,Pension Credit Caseload - 2011 Geographies,15422,
Feb-20,Sheffield,Mean of Weekly Award Amount,57.31,
Feb-20,Bradford,Pension Credit Caseload - 2011 Geographies,14673,
Feb-20,Bradford,Mean of Weekly Award Amount,61.39,
Feb-20,Calderdale,Pension Credit Caseload - 2011 Geographies,5054,
Feb-20,Calderdale,Mean of Weekly Award Amount,52.97,
Feb-20,Kirklees,Pension Credit Caseload - 2011 Geographies,10075,
Feb-20,Kirklees,Mean of Weekly Award Amount,55.36,
Feb-20,Leeds,Pension Credit Caseload - 2011 Geographies,17423,
Feb-20,Leeds,Mean of Weekly Award Amount,56.84,
Feb-20,Wakefield,Pension Credit Caseload - 2011 Geographies,8649,
Feb-20,Wakefield,Mean of Weekly Award Amount,51.25,
Feb-20,Derby,Pension Credit Caseload - 2011 Geographies,6255,
Feb-20,Derby,Mean of Weekly Award Amount,62.33,
Feb-20,Leicester,Pension Credit Caseload - 2011 Geographies,11402,
Feb-20,Leicester,Mean of Weekly Award Amount,90.86,
Feb-20,North Northamptonshire,Pension Credit Caseload - 2011 Geographies,7047,
Feb-20,North Northamptonshire,Mean of Weekly Award Amount,54.01,
Feb-20,Nottingham,Pension Credit Caseload - 2011 Geographies,8136,
Feb-20,Nottingham,Mean of Weekly Award Amount,61.7,
Feb-20,Rutland,Pension Credit Caseload - 2011 Geographies,601,
Feb-20,Rutland,Mean of Weekly Award Amount,51.56,
Feb-20,West Northamptonshire,Pension Credit Caseload - 2011 Geographies,6978,
Feb-20,West Northamptonshire,Mean of Weekly Award Amount,59.2,
Feb-20,Amber Valley,Pension Credit Caseload - 2011 Geographies,2936,
Feb-20,Amber Valley,Mean of Weekly Award Amount,50.19,
Feb-20,Bolsover,Pension Credit Caseload - 2011 Geographies,2210,
Feb-20,Bolsover,Mean of Weekly Award Amount,50.74,
Feb-20,Chesterfield,Pension Credit Caseload - 2011 Geographies,3029,
Feb-20,Chesterfield,Mean of Weekly Award Amount,50.95,
Feb-20,Derbyshire Dales,Pension Credit Caseload - 2011 Geographies,1361,
Feb-20,Derbyshire Dales,Mean of Weekly Award Amount,52.01,
Feb-20,Erewash,Pension Credit Caseload - 2011 Geographies,2659,
Feb-20,Erewash,Mean of Weekly Award Amount,46.34,
Feb-20,High Peak,Pension Credit Caseload - 2011 Geographies,1875,
Feb-20,High Peak,Mean of Weekly Award Amount,51.54,
Feb-20,North East Derbyshire,Pension Credit Caseload - 2011 Geographies,2689,
Feb-20,North East Derbyshire,Mean of Weekly Award Amount,49.24,
Feb-20,South Derbyshire,Pension Credit Caseload - 2011 Geographies,1699,
Feb-20,South Derbyshire,Mean of Weekly Award Amount,49.8,
Feb-20,Blaby,Pension Credit Caseload - 2011 Geographies,1765,
Feb-20,Blaby,Mean of Weekly Award Amount,53.03,
Feb-20,Charnwood,Pension Credit Caseload - 2011 Geographies,3071,
Feb-20,Charnwood,Mean of Weekly Award Amount,54.59,
Feb-20,Harborough,Pension Credit Caseload - 2011 Geographies,1380,
Feb-20,Harborough,Mean of Weekly Award Amount,51.75,
Feb-20,Hinckley and Bosworth,Pension Credit Caseload - 2011 Geographies,2117,
Feb-20,Hinckley and Bosworth,Mean of Weekly Award Amount,48.25,
Feb-20,Melton,Pension Credit Caseload - 2011 Geographies,858,
Feb-20,Melton,Mean of Weekly Award Amount,49.66,
Feb-20,North West Leicestershire,Pension Credit Caseload - 2011 Geographies,1805,
Feb-20,North West Leicestershire,Mean of Weekly Award Amount,51.49,
Feb-20,Oadby and Wigston,Pension Credit Caseload - 2011 Geographies,1214,
Feb-20,Oadby and Wigston,Mean of Weekly Award Amount,59.68,
Feb-20,Boston,Pension Credit Caseload - 2011 Geographies,2072,
Feb-20,Boston,Mean of Weekly Award Amount,59.32,
Feb-20,East Lindsey,Pension Credit Caseload - 2011 Geographies,5590,
Feb-20,East Lindsey,Mean of Weekly Award Amount,53.81,
Feb-20,Lincoln,Pension Credit Caseload - 2011 Geographies,2404,
Feb-20,Lincoln,Mean of Weekly Award Amount,55.16,
Feb-20,North Kesteven,Pension Credit Caseload - 2011 Geographies,2466,
Feb-20,North Kesteven,Mean of Weekly Award Amount,50.77,
Feb-20,South Holland,Pension Credit Caseload - 2011 Geographies,2465,
Feb-20,South Holland,Mean of Weekly Award Amount,50.27,
Feb-20,South Kesteven,Pension Credit Caseload - 2011 Geographies,2750,
Feb-20,South Kesteven,Mean of Weekly Award Amount,51.64,
Feb-20,West Lindsey,Pension Credit Caseload - 2011 Geographies,2258,
Feb-20,West Lindsey,Mean of Weekly Award Amount,51.49,
Feb-20,Ashfield,Pension Credit Caseload - 2011 Geographies,3141,
Feb-20,Ashfield,Mean of Weekly Award Amount,50.38,
Feb-20,Bassetlaw,Pension Credit Caseload - 2011 Geographies,2816,
Feb-20,Bassetlaw,Mean of Weekly Award Amount,50.82,
Feb-20,Broxtowe,Pension Credit Caseload - 2011 Geographies,2394,
Feb-20,Broxtowe,Mean of Weekly Award Amount,50.82,
Feb-20,Gedling,Pension Credit Caseload - 2011 Geographies,2360,
Feb-20,Gedling,Mean of Weekly Award Amount,49.27,
Feb-20,Mansfield,Pension Credit Caseload - 2011 Geographies,2655,
Feb-20,Mansfield,Mean of Weekly Award Amount,51.39,
Feb-20,Newark and Sherwood,Pension Credit Caseload - 2011 Geographies,2515,
Feb-20,Newark and Sherwood,Mean of Weekly Award Amount,51.88,
Feb-20,Rushcliffe,Pension Credit Caseload - 2011 Geographies,1707,
Feb-20,Rushcliffe,Mean of Weekly Award Amount,51.91,
Feb-20,"Herefordshire, County of",Pension Credit Caseload - 2011 Geographies,4532,
Feb-20,"Herefordshire, County of",Mean of Weekly Award Amount,53.71,
Feb-20,Shropshire,Pension Credit Caseload - 2011 Geographies,7725,
Feb-20,Shropshire,Mean of Weekly Award Amount,52.54,
Feb-20,Stoke-on-Trent,Pension Credit Caseload - 2011 Geographies,7385,
Feb-20,Stoke-on-Trent,Mean of Weekly Award Amount,52.5,
Feb-20,Telford and Wrekin,Pension Credit Caseload - 2011 Geographies,4611,
Feb-20,Telford and Wrekin,Mean of Weekly Award Amount,55.93,
Feb-20,Cannock Chase,Pension Credit Caseload - 2011 Geographies,2610,
Feb-20,Cannock Chase,Mean of Weekly Award Amount,49.83,
Feb-20,East Staffordshire,Pension Credit Caseload - 2011 Geographies,2240,
Feb-20,East Staffordshire,Mean of Weekly Award Amount,53.45,
Feb-20,Lichfield,Pension Credit Caseload - 2011 Geographies,1985,
Feb-20,Lichfield,Mean of Weekly Award Amount,49.22,
Feb-20,Newcastle-under-Lyme,Pension Credit Caseload - 2011 Geographies,2957,
Feb-20,Newcastle-under-Lyme,Mean of Weekly Award Amount,50.73,
Feb-20,South Staffordshire,Pension Credit Caseload - 2011 Geographies,2585,
Feb-20,South Staffordshire,Mean of Weekly Award Amount,48.85,
Feb-20,Stafford,Pension Credit Caseload - 2011 Geographies,2392,
Feb-20,Stafford,Mean of Weekly Award Amount,51.02,
Feb-20,Staffordshire Moorlands,Pension Credit Caseload - 2011 Geographies,2060,
Feb-20,Staffordshire Moorlands,Mean of Weekly Award Amount,49.56,
Feb-20,Tamworth,Pension Credit Caseload - 2011 Geographies,1942,
Feb-20,Tamworth,Mean of Weekly Award Amount,49.02,
Feb-20,North Warwickshire,Pension Credit Caseload - 2011 Geographies,1495,
Feb-20,North Warwickshire,Mean of Weekly Award Amount,48.69,
Feb-20,Nuneaton and Bedworth,Pension Credit Caseload - 2011 Geographies,3078,
Feb-20,Nuneaton and Bedworth,Mean of Weekly Award Amount,57.39,
Feb-20,Rugby,Pension Credit Caseload - 2011 Geographies,1809,
Feb-20,Rugby,Mean of Weekly Award Amount,55.82,
Feb-20,Stratford-on-Avon,Pension Credit Caseload - 2011 Geographies,2402,
Feb-20,Stratford-on-Avon,Mean of Weekly Award Amount,52.12,
Feb-20,Warwick,Pension Credit Caseload - 2011 Geographies,2396,
Feb-20,Warwick,Mean of Weekly Award Amount,52.5,
Feb-20,Birmingham,Pension Credit Caseload - 2011 Geographies,33583,
Feb-20,Birmingham,Mean of Weekly Award Amount,69.21,
Feb-20,Coventry,Pension Credit Caseload - 2011 Geographies,8146,
Feb-20,Coventry,Mean of Weekly Award Amount,63.46,
Feb-20,Dudley,Pension Credit Caseload - 2011 Geographies,9246,
Feb-20,Dudley,Mean of Weekly Award Amount,51.03,
Feb-20,Sandwell,Pension Credit Caseload - 2011 Geographies,11275,
Feb-20,Sandwell,Mean of Weekly Award Amount,62.48,
Feb-20,Solihull,Pension Credit Caseload - 2011 Geographies,4545,
Feb-20,Solihull,Mean of Weekly Award Amount,55.51,
Feb-20,Walsall,Pension Credit Caseload - 2011 Geographies,9061,
Feb-20,Walsall,Mean of Weekly Award Amount,57.16,
Feb-20,Wolverhampton,Pension Credit Caseload - 2011 Geographies,8498,
Feb-20,Wolverhampton,Mean of Weekly Award Amount,60.14,
Feb-20,Bromsgrove,Pension Credit Caseload - 2011 Geographies,1782,
Feb-20,Bromsgrove,Mean of Weekly Award Amount,50.12,
Feb-20,Malvern Hills,Pension Credit Caseload - 2011 Geographies,1787,
Feb-20,Malvern Hills,Mean of Weekly Award Amount,54.24,
Feb-20,Redditch,Pension Credit Caseload - 2011 Geographies,1937,
Feb-20,Redditch,Mean of Weekly Award Amount,54.57,
Feb-20,Worcester,Pension Credit Caseload - 2011 Geographies,1959,
Feb-20,Worcester,Mean of Weekly Award Amount,55.37,
Feb-20,Wychavon,Pension Credit Caseload - 2011 Geographies,2605,
Feb-20,Wychavon,Mean of Weekly Award Amount,54.42,
Feb-20,Wyre Forest,Pension Credit Caseload - 2011 Geographies,2763,
Feb-20,Wyre Forest,Mean of Weekly Award Amount,49.68,
Feb-20,Bedford,Pension Credit Caseload - 2011 Geographies,3202,
Feb-20,Bedford,Mean of Weekly Award Amount,61.79,
Feb-20,Central Bedfordshire,Pension Credit Caseload - 2011 Geographies,4145,
Feb-20,Central Bedfordshire,Mean of Weekly Award Amount,53.09,
Feb-20,Luton,Pension Credit Caseload - 2011 Geographies,4690,
Feb-20,Luton,Mean of Weekly Award Amount,74.22,
Feb-20,Peterborough,Pension Credit Caseload - 2011 Geographies,4590,
Feb-20,Peterborough,Mean of Weekly Award Amount,68.11,
Feb-20,Southend-on-Sea,Pension Credit Caseload - 2011 Geographies,4816,
Feb-20,Southend-on-Sea,Mean of Weekly Award Amount,58.15,
Feb-20,Thurrock,Pension Credit Caseload - 2011 Geographies,3154,
Feb-20,Thurrock,Mean of Weekly Award Amount,61.87,
Feb-20,Cambridge,Pension Credit Caseload - 2011 Geographies,1617,
Feb-20,Cambridge,Mean of Weekly Award Amount,66.05,
Feb-20,East Cambridgeshire,Pension Credit Caseload - 2011 Geographies,1475,
Feb-20,East Cambridgeshire,Mean of Weekly Award Amount,55.85,
Feb-20,Fenland,Pension Credit Caseload - 2011 Geographies,2860,
Feb-20,Fenland,Mean of Weekly Award Amount,54.6,
Feb-20,Huntingdonshire,Pension Credit Caseload - 2011 Geographies,2594,
Feb-20,Huntingdonshire,Mean of Weekly Award Amount,52.99,
Feb-20,South Cambridgeshire,Pension Credit Caseload - 2011 Geographies,1897,
Feb-20,South Cambridgeshire,Mean of Weekly Award Amount,61.06,
Feb-20,Basildon,Pension Credit Caseload - 2011 Geographies,4202,
Feb-20,Basildon,Mean of Weekly Award Amount,58.09,
Feb-20,Braintree,Pension Credit Caseload - 2011 Geographies,3061,
Feb-20,Braintree,Mean of Weekly Award Amount,51.27,
Feb-20,Brentwood,Pension Credit Caseload - 2011 Geographies,1202,
Feb-20,Brentwood,Mean of Weekly Award Amount,58.45,
Feb-20,Castle Point,Pension Credit Caseload - 2011 Geographies,2284,
Feb-20,Castle Point,Mean of Weekly Award Amount,53.73,
Feb-20,Chelmsford,Pension Credit Caseload - 2011 Geographies,2582,
Feb-20,Chelmsford,Mean of Weekly Award Amount,55.76,
Feb-20,Colchester,Pension Credit Caseload - 2011 Geographies,3205,
Feb-20,Colchester,Mean of Weekly Award Amount,58.77,
Feb-20,Epping Forest,Pension Credit Caseload - 2011 Geographies,2687,
Feb-20,Epping Forest,Mean of Weekly Award Amount,60.87,
Feb-20,Harlow,Pension Credit Caseload - 2011 Geographies,1847,
Feb-20,Harlow,Mean of Weekly Award Amount,56.63,
Feb-20,Maldon,Pension Credit Caseload - 2011 Geographies,1410,
Feb-20,Maldon,Mean of Weekly Award Amount,53.13,
Feb-20,Rochford,Pension Credit Caseload - 2011 Geographies,1658,
Feb-20,Rochford,Mean of Weekly Award Amount,52.41,
Feb-20,Tendring,Pension Credit Caseload - 2011 Geographies,5520,
Feb-20,Tendring,Mean of Weekly Award Amount,55.2,
Feb-20,Uttlesford,Pension Credit Caseload - 2011 Geographies,1221,
Feb-20,Uttlesford,Mean of Weekly Award Amount,52.97,
Feb-20,Broxbourne,Pension Credit Caseload - 2011 Geographies,1948,
Feb-20,Broxbourne,Mean of Weekly Award Amount,64.08,
Feb-20,Dacorum,Pension Credit Caseload - 2011 Geographies,2248,
Feb-20,Dacorum,Mean of Weekly Award Amount,59.06,
Feb-20,East Hertfordshire,Pension Credit Caseload - 2011 Geographies,1940,
Feb-20,East Hertfordshire,Mean of Weekly Award Amount,56.75,
Feb-20,Hertsmere,Pension Credit Caseload - 2011 Geographies,1942,
Feb-20,Hertsmere,Mean of Weekly Award Amount,68.12,
Feb-20,North Hertfordshire,Pension Credit Caseload - 2011 Geographies,2172,
Feb-20,North Hertfordshire,Mean of Weekly Award Amount,53.34,
Feb-20,St Albans,Pension Credit Caseload - 2011 Geographies,1595,
Feb-20,St Albans,Mean of Weekly Award Amount,62.83,
Feb-20,Stevenage,Pension Credit Caseload - 2011 Geographies,1594,
Feb-20,Stevenage,Mean of Weekly Award Amount,59.32,
Feb-20,Three Rivers,Pension Credit Caseload - 2011 Geographies,1351,
Feb-20,Three Rivers,Mean of Weekly Award Amount,67.67,
Feb-20,Watford,Pension Credit Caseload - 2011 Geographies,1524,
Feb-20,Watford,Mean of Weekly Award Amount,69.89,
Feb-20,Welwyn Hatfield,Pension Credit Caseload - 2011 Geographies,1757,
Feb-20,Welwyn Hatfield,Mean of Weekly Award Amount,60.6,
Feb-20,Breckland,Pension Credit Caseload - 2011 Geographies,3385,
Feb-20,Breckland,Mean of Weekly Award Amount,50.89,
Feb-20,Broadland,Pension Credit Caseload - 2011 Geographies,2501,
Feb-20,Broadland,Mean of Weekly Award Amount,49.41,
Feb-20,Great Yarmouth,Pension Credit Caseload - 2011 Geographies,3699,
Feb-20,Great Yarmouth,Mean of Weekly Award Amount,50.42,
Feb-20,King's Lynn and West Norfolk,Pension Credit Caseload - 2011 Geographies,4356,
Feb-20,King's Lynn and West Norfolk,Mean of Weekly Award Amount,52.68,
Feb-20,North Norfolk,Pension Credit Caseload - 2011 Geographies,3217,
Feb-20,North Norfolk,Mean of Weekly Award Amount,48.44,
Feb-20,Norwich,Pension Credit Caseload - 2011 Geographies,3799,
Feb-20,Norwich,Mean of Weekly Award Amount,54.78,
Feb-20,South Norfolk,Pension Credit Caseload - 2011 Geographies,2780,
Feb-20,South Norfolk,Mean of Weekly Award Amount,51.39,
Feb-20,Babergh,Pension Credit Caseload - 2011 Geographies,1887,
Feb-20,Babergh,Mean of Weekly Award Amount,49.62,
Feb-20,East Suffolk,Pension Credit Caseload - 2011 Geographies,6225,
Feb-20,East Suffolk,Mean of Weekly Award Amount,51.65,
Feb-20,Ipswich,Pension Credit Caseload - 2011 Geographies,3091,
Feb-20,Ipswich,Mean of Weekly Award Amount,62.39,
Feb-20,Mid Suffolk,Pension Credit Caseload - 2011 Geographies,1900,
Feb-20,Mid Suffolk,Mean of Weekly Award Amount,53.18,
Feb-20,West Suffolk,Pension Credit Caseload - 2011 Geographies,3251,
Feb-20,West Suffolk,Mean of Weekly Award Amount,52.67,
Feb-20,Camden,Pension Credit Caseload - 2011 Geographies,6381,
Feb-20,Camden,Mean of Weekly Award Amount,92.07,
Feb-20,City of London,Pension Credit Caseload - 2011 Geographies,96,
Feb-20,City of London,Mean of Weekly Award Amount,83.38,
Feb-20,Hackney,Pension Credit Caseload - 2011 Geographies,7915,
Feb-20,Hackney,Mean of Weekly Award Amount,94.25,
Feb-20,Hammersmith and Fulham,Pension Credit Caseload - 2011 Geographies,4659,
Feb-20,Hammersmith and Fulham,Mean of Weekly Award Amount,90.59,
Feb-20,Haringey,Pension Credit Caseload - 2011 Geographies,7236,
Feb-20,Haringey,Mean of Weekly Award Amount,95.88,
Feb-20,Islington,Pension Credit Caseload - 2011 Geographies,6339,
Feb-20,Islington,Mean of Weekly Award Amount,87.08,
Feb-20,Kensington and Chelsea,Pension Credit Caseload - 2011 Geographies,4514,
Feb-20,Kensington and Chelsea,Mean of Weekly Award Amount,93.74,
Feb-20,Lambeth,Pension Credit Caseload - 2011 Geographies,7762,
Feb-20,Lambeth,Mean of Weekly Award Amount,86.93,
Feb-20,Lewisham,Pension Credit Caseload - 2011 Geographies,6364,
Feb-20,Lewisham,Mean of Weekly Award Amount,80.64,
Feb-20,Newham,Pension Credit Caseload - 2011 Geographies,8471,
Feb-20,Newham,Mean of Weekly Award Amount,97.69,
Feb-20,Southwark,Pension Credit Caseload - 2011 Geographies,7716,
Feb-20,Southwark,Mean of Weekly Award Amount,86.76,
Feb-20,Tower Hamlets,Pension Credit Caseload - 2011 Geographies,7628,
Feb-20,Tower Hamlets,Mean of Weekly Award Amount,92.98,
Feb-20,Wandsworth,Pension Credit Caseload - 2011 Geographies,5982,
Feb-20,Wandsworth,Mean of Weekly Award Amount,85.54,
Feb-20,Westminster,Pension Credit Caseload - 2011 Geographies,6118,
Feb-20,Westminster,Mean of Weekly Award Amount,102.3,
Feb-20,Barking and Dagenham,Pension Credit Caseload - 2011 Geographies,4818,
Feb-20,Barking and Dagenham,Mean of Weekly Award Amount,80.02,
Feb-20,Barnet,Pension Credit Caseload - 2011 Geographies,8105,
Feb-20,Barnet,Mean of Weekly Award Amount,95.12,
Feb-20,Bexley,Pension Credit Caseload - 2011 Geographies,4183,
Feb-20,Bexley,Mean of Weekly Award Amount,67.52,
Feb-20,Brent,Pension Credit Caseload - 2011 Geographies,9359,
Feb-20,Brent,Mean of Weekly Award Amount,103.64,
Feb-20,Bromley,Pension Credit Caseload - 2011 Geographies,5292,
Feb-20,Bromley,Mean of Weekly Award Amount,68.71,
Feb-20,Croydon,Pension Credit Caseload - 2011 Geographies,7529,
Feb-20,Croydon,Mean of Weekly Award Amount,83.59,
Feb-20,Ealing,Pension Credit Caseload - 2011 Geographies,8996,
Feb-20,Ealing,Mean of Weekly Award Amount,108.88,
Feb-20,Enfield,Pension Credit Caseload - 2011 Geographies,8278,
Feb-20,Enfield,Mean of Weekly Award Amount,89.55,
Feb-20,Greenwich,Pension Credit Caseload - 2011 Geographies,6421,
Feb-20,Greenwich,Mean of Weekly Award Amount,88.32,
Feb-20,Harrow,Pension Credit Caseload - 2011 Geographies,6056,
Feb-20,Harrow,Mean of Weekly Award Amount,114.04,
Feb-20,Havering,Pension Credit Caseload - 2011 Geographies,4947,
Feb-20,Havering,Mean of Weekly Award Amount,62.49,
Feb-20,Hillingdon,Pension Credit Caseload - 2011 Geographies,5533,
Feb-20,Hillingdon,Mean of Weekly Award Amount,96.62,
Feb-20,Hounslow,Pension Credit Caseload - 2011 Geographies,5996,
Feb-20,Hounslow,Mean of Weekly Award Amount,102.87,
Feb-20,Kingston upon Thames,Pension Credit Caseload - 2011 Geographies,2521,
Feb-20,Kingston upon Thames,Mean of Weekly Award Amount,93.01,
Feb-20,Merton,Pension Credit Caseload - 2011 Geographies,3621,
Feb-20,Merton,Mean of Weekly Award Amount,88.79,
Feb-20,Redbridge,Pension Credit Caseload - 2011 Geographies,6608,
Feb-20,Redbridge,Mean of Weekly Award Amount,92.48,
Feb-20,Richmond upon Thames,Pension Credit Caseload - 2011 Geographies,2711,
Feb-20,Richmond upon Thames,Mean of Weekly Award Amount,80.07,
Feb-20,Sutton,Pension Credit Caseload - 2011 Geographies,3337,
Feb-20,Sutton,Mean of Weekly Award Amount,77.53,
Feb-20,Waltham Forest,Pension Credit Caseload - 2011 Geographies,6104,
Feb-20,Waltham Forest,Mean of Weekly Award Amount,82.26,
Feb-20,Bracknell Forest,Pension Credit Caseload - 2011 Geographies,1625,
Feb-20,Bracknell Forest,Mean of Weekly Award Amount,70.68,
Feb-20,Brighton and Hove,Pension Credit Caseload - 2011 Geographies,6527,
Feb-20,Brighton and Hove,Mean of Weekly Award Amount,67.32,
Feb-20,Buckinghamshire,Pension Credit Caseload - 2011 Geographies,7006,
Feb-20,Buckinghamshire,Mean of Weekly Award Amount,62.13,
Feb-20,Isle of Wight,Pension Credit Caseload - 2011 Geographies,4558,
Feb-20,Isle of Wight,Mean of Weekly Award Amount,53.93,
Feb-20,Medway,Pension Credit Caseload - 2011 Geographies,5418,
Feb-20,Medway,Mean of Weekly Award Amount,57.64,
Feb-20,Milton Keynes,Pension Credit Caseload - 2011 Geographies,4414,
Feb-20,Milton Keynes,Mean of Weekly Award Amount,66.86,
Feb-20,Portsmouth,Pension Credit Caseload - 2011 Geographies,4779,
Feb-20,Portsmouth,Mean of Weekly Award Amount,59.62,
Feb-20,Reading,Pension Credit Caseload - 2011 Geographies,3168,
Feb-20,Reading,Mean of Weekly Award Amount,84.5,
Feb-20,Slough,Pension Credit Caseload - 2011 Geographies,2881,
Feb-20,Slough,Mean of Weekly Award Amount,88.13,
Feb-20,Southampton,Pension Credit Caseload - 2011 Geographies,5344,
Feb-20,Southampton,Mean of Weekly Award Amount,62.63,
Feb-20,West Berkshire,Pension Credit Caseload - 2011 Geographies,2124,
Feb-20,West Berkshire,Mean of Weekly Award Amount,55.07,
Feb-20,Windsor and Maidenhead,Pension Credit Caseload - 2011 Geographies,2034,
Feb-20,Windsor and Maidenhead,Mean of Weekly Award Amount,63.56,
Feb-20,Wokingham,Pension Credit Caseload - 2011 Geographies,1513,
Feb-20,Wokingham,Mean of Weekly Award Amount,59.45,
Feb-20,Eastbourne,Pension Credit Caseload - 2011 Geographies,3027,
Feb-20,Eastbourne,Mean of Weekly Award Amount,59.81,
Feb-20,Hastings,Pension Credit Caseload - 2011 Geographies,3257,
Feb-20,Hastings,Mean of Weekly Award Amount,60.68,
Feb-20,Lewes,Pension Credit Caseload - 2011 Geographies,2414,
Feb-20,Lewes,Mean of Weekly Award Amount,57.36,
Feb-20,Rother,Pension Credit Caseload - 2011 Geographies,2862,
Feb-20,Rother,Mean of Weekly Award Amount,56.15,
Feb-20,Wealden,Pension Credit Caseload - 2011 Geographies,3078,
Feb-20,Wealden,Mean of Weekly Award Amount,54.34,
Feb-20,Basingstoke and Deane,Pension Credit Caseload - 2011 Geographies,2295,
Feb-20,Basingstoke and Deane,Mean of Weekly Award Amount,64.08,
Feb-20,East Hampshire,Pension Credit Caseload - 2011 Geographies,1723,
Feb-20,East Hampshire,Mean of Weekly Award Amount,55.69,
Feb-20,Eastleigh,Pension Credit Caseload - 2011 Geographies,1894,
Feb-20,Eastleigh,Mean of Weekly Award Amount,54.31,
Feb-20,Fareham,Pension Credit Caseload - 2011 Geographies,1695,
Feb-20,Fareham,Mean of Weekly Award Amount,50.16,
Feb-20,Gosport,Pension Credit Caseload - 2011 Geographies,1688,
Feb-20,Gosport,Mean of Weekly Award Amount,52.83,
Feb-20,Hart,Pension Credit Caseload - 2011 Geographies,917,
Feb-20,Hart,Mean of Weekly Award Amount,61.07,
Feb-20,Havant,Pension Credit Caseload - 2011 Geographies,3202,
Feb-20,Havant,Mean of Weekly Award Amount,52.79,
Feb-20,New Forest,Pension Credit Caseload - 2011 Geographies,3588,
Feb-20,New Forest,Mean of Weekly Award Amount,53.22,
Feb-20,Rushmoor,Pension Credit Caseload - 2011 Geographies,2565,
Feb-20,Rushmoor,Mean of Weekly Award Amount,116.41,
Feb-20,Test Valley,Pension Credit Caseload - 2011 Geographies,1851,
Feb-20,Test Valley,Mean of Weekly Award Amount,55.86,
Feb-20,Winchester,Pension Credit Caseload - 2011 Geographies,1794,
Feb-20,Winchester,Mean of Weekly Award Amount,57.19,
Feb-20,Ashford,Pension Credit Caseload - 2011 Geographies,2665,
Feb-20,Ashford,Mean of Weekly Award Amount,74.18,
Feb-20,Canterbury,Pension Credit Caseload - 2011 Geographies,3439,
Feb-20,Canterbury,Mean of Weekly Award Amount,56.78,
Feb-20,Dartford,Pension Credit Caseload - 2011 Geographies,1544,
Feb-20,Dartford,Mean of Weekly Award Amount,59.24,
Feb-20,Dover,Pension Credit Caseload - 2011 Geographies,2976,
Feb-20,Dover,Mean of Weekly Award Amount,56.27,
Feb-20,Folkestone and Hythe,Pension Credit Caseload - 2011 Geographies,3338,
Feb-20,Folkestone and Hythe,Mean of Weekly Award Amount,63.74,
Feb-20,Gravesham,Pension Credit Caseload - 2011 Geographies,2102,
Feb-20,Gravesham,Mean of Weekly Award Amount,60.33,
Feb-20,Maidstone,Pension Credit Caseload - 2011 Geographies,2941,
Feb-20,Maidstone,Mean of Weekly Award Amount,62.65,
Feb-20,Sevenoaks,Pension Credit Caseload - 2011 Geographies,1847,
Feb-20,Sevenoaks,Mean of Weekly Award Amount,59.46,
Feb-20,Swale,Pension Credit Caseload - 2011 Geographies,3428,
Feb-20,Swale,Mean of Weekly Award Amount,55.67,
Feb-20,Thanet,Pension Credit Caseload - 2011 Geographies,5015,
Feb-20,Thanet,Mean of Weekly Award Amount,57.68,
Feb-20,Tonbridge and Malling,Pension Credit Caseload - 2011 Geographies,1928,
Feb-20,Tonbridge and Malling,Mean of Weekly Award Amount,57.64,
Feb-20,Tunbridge Wells,Pension Credit Caseload - 2011 Geographies,1811,
Feb-20,Tunbridge Wells,Mean of Weekly Award Amount,57.46,
Feb-20,Cherwell,Pension Credit Caseload - 2011 Geographies,2073,
Feb-20,Cherwell,Mean of Weekly Award Amount,57.28,
Feb-20,Oxford,Pension Credit Caseload - 2011 Geographies,2127,
Feb-20,Oxford,Mean of Weekly Award Amount,73.52,
Feb-20,South Oxfordshire,Pension Credit Caseload - 2011 Geographies,1762,
Feb-20,South Oxfordshire,Mean of Weekly Award Amount,54.65,
Feb-20,Vale of White Horse,Pension Credit Caseload - 2011 Geographies,1548,
Feb-20,Vale of White Horse,Mean of Weekly Award Amount,57.15,
Feb-20,West Oxfordshire,Pension Credit Caseload - 2011 Geographies,1551,
Feb-20,West Oxfordshire,Mean of Weekly Award Amount,56.46,
Feb-20,Elmbridge,Pension Credit Caseload - 2011 Geographies,1747,
Feb-20,Elmbridge,Mean of Weekly Award Amount,70.29,
Feb-20,Epsom and Ewell,Pension Credit Caseload - 2011 Geographies,911,
Feb-20,Epsom and Ewell,Mean of Weekly Award Amount,74.8,
Feb-20,Guildford,Pension Credit Caseload - 2011 Geographies,1625,
Feb-20,Guildford,Mean of Weekly Award Amount,59.52,
Feb-20,Mole Valley,Pension Credit Caseload - 2011 Geographies,1214,
Feb-20,Mole Valley,Mean of Weekly Award Amount,59.24,
Feb-20,Reigate and Banstead,Pension Credit Caseload - 2011 Geographies,1818,
Feb-20,Reigate and Banstead,Mean of Weekly Award Amount,65.33,
Feb-20,Runnymede,Pension Credit Caseload - 2011 Geographies,1240,
Feb-20,Runnymede,Mean of Weekly Award Amount,62.47,
Feb-20,Spelthorne,Pension Credit Caseload - 2011 Geographies,1461,
Feb-20,Spelthorne,Mean of Weekly Award Amount,65.41,
Feb-20,Surrey Heath,Pension Credit Caseload - 2011 Geographies,1027,
Feb-20,Surrey Heath,Mean of Weekly Award Amount,68.85,
Feb-20,Tandridge,Pension Credit Caseload - 2011 Geographies,1093,
Feb-20,Tandridge,Mean of Weekly Award Amount,62.05,
Feb-20,Waverley,Pension Credit Caseload - 2011 Geographies,1687,
Feb-20,Waverley,Mean of Weekly Award Amount,58.04,
Feb-20,Woking,Pension Credit Caseload - 2011 Geographies,1313,
Feb-20,Woking,Mean of Weekly Award Amount,66.96,
Feb-20,Adur,Pension Credit Caseload - 2011 Geographies,1562,
Feb-20,Adur,Mean of Weekly Award Amount,55.61,
Feb-20,Arun,Pension Credit Caseload - 2011 Geographies,4364,
Feb-20,Arun,Mean of Weekly Award Amount,54.92,
Feb-20,Chichester,Pension Credit Caseload - 2011 Geographies,2481,
Feb-20,Chichester,Mean of Weekly Award Amount,55.88,
Feb-20,Crawley,Pension Credit Caseload - 2011 Geographies,1926,
Feb-20,Crawley,Mean of Weekly Award Amount,73.45,
Feb-20,Horsham,Pension Credit Caseload - 2011 Geographies,1976,
Feb-20,Horsham,Mean of Weekly Award Amount,56.6,
Feb-20,Mid Sussex,Pension Credit Caseload - 2011 Geographies,1936,
Feb-20,Mid Sussex,Mean of Weekly Award Amount,57.55,
Feb-20,Worthing,Pension Credit Caseload - 2011 Geographies,2580,
Feb-20,Worthing,Mean of Weekly Award Amount,55.49,
Feb-20,Bath and North East Somerset,Pension Credit Caseload - 2011 Geographies,3110,
Feb-20,Bath and North East Somerset,Mean of Weekly Award Amount,54.45,
Feb-20,"Bournemouth, Christchurch and Poole",Pension Credit Caseload - 2011 Geographies,10233,
Feb-20,"Bournemouth, Christchurch and Poole",Mean of Weekly Award Amount,56.26,
Feb-20,"Bristol, City of",Pension Credit Caseload - 2011 Geographies,9124,
Feb-20,"Bristol, City of",Mean of Weekly Award Amount,64.48,
Feb-20,Cornwall,Pension Credit Caseload - 2011 Geographies,17543,
Feb-20,Cornwall,Mean of Weekly Award Amount,50.13,
Feb-20,Dorset,Pension Credit Caseload - 2011 Geographies,8702,
Feb-20,Dorset,Mean of Weekly Award Amount,51.64,
Feb-20,Isles of Scilly,Pension Credit Caseload - 2011 Geographies,26,
Feb-20,Isles of Scilly,Mean of Weekly Award Amount,66.15,
Feb-20,North Somerset,Pension Credit Caseload - 2011 Geographies,4736,
Feb-20,North Somerset,Mean of Weekly Award Amount,53.12,
Feb-20,Plymouth,Pension Credit Caseload - 2011 Geographies,6651,
Feb-20,Plymouth,Mean of Weekly Award Amount,54.85,
Feb-20,Somerset,Pension Credit Caseload - 2011 Geographies,12863,
Feb-20,Somerset,Mean of Weekly Award Amount,52.63,
Feb-20,South Gloucestershire,Pension Credit Caseload - 2011 Geographies,4205,
Feb-20,South Gloucestershire,Mean of Weekly Award Amount,55.17,
Feb-20,Swindon,Pension Credit Caseload - 2011 Geographies,4211,
Feb-20,Swindon,Mean of Weekly Award Amount,70.4,
Feb-20,Torbay,Pension Credit Caseload - 2011 Geographies,5423,
Feb-20,Torbay,Mean of Weekly Award Amount,54.96,
Feb-20,Wiltshire,Pension Credit Caseload - 2011 Geographies,8380,
Feb-20,Wiltshire,Mean of Weekly Award Amount,53.71,
Feb-20,East Devon,Pension Credit Caseload - 2011 Geographies,3383,
Feb-20,East Devon,Mean of Weekly Award Amount,49.77,
Feb-20,Exeter,Pension Credit Caseload - 2011 Geographies,2499,
Feb-20,Exeter,Mean of Weekly Award Amount,53.45,
Feb-20,Mid Devon,Pension Credit Caseload - 2011 Geographies,1803,
Feb-20,Mid Devon,Mean of Weekly Award Amount,53.93,
Feb-20,North Devon,Pension Credit Caseload - 2011 Geographies,2621,
Feb-20,North Devon,Mean of Weekly Award Amount,49.92,
Feb-20,South Hams,Pension Credit Caseload - 2011 Geographies,2086,
Feb-20,South Hams,Mean of Weekly Award Amount,54.74,
Feb-20,Teignbridge,Pension Credit Caseload - 2011 Geographies,3585,
Feb-20,Teignbridge,Mean of Weekly Award Amount,52.75,
Feb-20,Torridge,Pension Credit Caseload - 2011 Geographies,2033,
Feb-20,Torridge,Mean of Weekly Award Amount,49.76,
Feb-20,West Devon,Pension Credit Caseload - 2011 Geographies,1402,
Feb-20,West Devon,Mean of Weekly Award Amount,53.57,
Feb-20,Cheltenham,Pension Credit Caseload - 2011 Geographies,2039,
Feb-20,Cheltenham,Mean of Weekly Award Amount,55.24,
Feb-20,Cotswold,Pension Credit Caseload - 2011 Geographies,1667,
Feb-20,Cotswold,Mean of Weekly Award Amount,51.52,
Feb-20,Forest of Dean,Pension Credit Caseload - 2011 Geographies,2059,
Feb-20,Forest of Dean,Mean of Weekly Award Amount,55.88,
Feb-20,Gloucester,Pension Credit Caseload - 2011 Geographies,2528,
Feb-20,Gloucester,Mean of Weekly Award Amount,60.66,
Feb-20,Stroud,Pension Credit Caseload - 2011 Geographies,2139,
Feb-20,Stroud,Mean of Weekly Award Amount,53.01,
Feb-20,Tewkesbury,Pension Credit Caseload - 2011 Geographies,1541,
Feb-20,Tewkesbury,Mean of Weekly Award Amount,55.77,
Feb-20,Total,Pension Credit Caseload - 2011 Geographies,1295491,
Feb-20,Total,Mean of Weekly Award Amount,62.29,
May-20,England,Pension Credit Caseload - 2011 Geographies,1271009,
May-20,England,Mean of Weekly Award Amount,65.11,
May-20,County Durham,Pension Credit Caseload - 2011 Geographies,16416,
May-20,County Durham,Mean of Weekly Award Amount,52.32,
May-20,Darlington,Pension Credit Caseload - 2011 Geographies,2948,
May-20,Darlington,Mean of Weekly Award Amount,57.21,
May-20,Hartlepool,Pension Credit Caseload - 2011 Geographies,3582,
May-20,Hartlepool,Mean of Weekly Award Amount,56.84,
May-20,Middlesbrough,Pension Credit Caseload - 2011 Geographies,4643,
May-20,Middlesbrough,Mean of Weekly Award Amount,59.01,
May-20,Northumberland,Pension Credit Caseload - 2011 Geographies,8036,
May-20,Northumberland,Mean of Weekly Award Amount,50.75,
May-20,Redcar and Cleveland,Pension Credit Caseload - 2011 Geographies,4708,
May-20,Redcar and Cleveland,Mean of Weekly Award Amount,52.19,
May-20,Stockton-on-Tees,Pension Credit Caseload - 2011 Geographies,5163,
May-20,Stockton-on-Tees,Mean of Weekly Award Amount,54.85,
May-20,Gateshead,Pension Credit Caseload - 2011 Geographies,6759,
May-20,Gateshead,Mean of Weekly Award Amount,54.08,
May-20,Newcastle upon Tyne,Pension Credit Caseload - 2011 Geographies,8379,
May-20,Newcastle upon Tyne,Mean of Weekly Award Amount,61.18,
May-20,North Tyneside,Pension Credit Caseload - 2011 Geographies,6074,
May-20,North Tyneside,Mean of Weekly Award Amount,51.23,
May-20,South Tyneside,Pension Credit Caseload - 2011 Geographies,5756,
May-20,South Tyneside,Mean of Weekly Award Amount,52.42,
May-20,Sunderland,Pension Credit Caseload - 2011 Geographies,10484,
May-20,Sunderland,Mean of Weekly Award Amount,53.5,
May-20,Blackburn with Darwen,Pension Credit Caseload - 2011 Geographies,4299,
May-20,Blackburn with Darwen,Mean of Weekly Award Amount,70.13,
May-20,Blackpool,Pension Credit Caseload - 2011 Geographies,5968,
May-20,Blackpool,Mean of Weekly Award Amount,57.33,
May-20,Cheshire East,Pension Credit Caseload - 2011 Geographies,6575,
May-20,Cheshire East,Mean of Weekly Award Amount,55.22,
May-20,Cheshire West and Chester,Pension Credit Caseload - 2011 Geographies,7249,
May-20,Cheshire West and Chester,Mean of Weekly Award Amount,55.13,
May-20,Cumberland,Pension Credit Caseload - 2011 Geographies,6663,
May-20,Cumberland,Mean of Weekly Award Amount,53.71,
May-20,Halton,Pension Credit Caseload - 2011 Geographies,3721,
May-20,Halton,Mean of Weekly Award Amount,58.27,
May-20,Warrington,Pension Credit Caseload - 2011 Geographies,4151,
May-20,Warrington,Mean of Weekly Award Amount,55.75,
May-20,Westmorland and Furness,Pension Credit Caseload - 2011 Geographies,4699,
May-20,Westmorland and Furness,Mean of Weekly Award Amount,55.46,
May-20,Bolton,Pension Credit Caseload - 2011 Geographies,8159,
May-20,Bolton,Mean of Weekly Award Amount,64.54,
May-20,Bury,Pension Credit Caseload - 2011 Geographies,4433,
May-20,Bury,Mean of Weekly Award Amount,60.52,
May-20,Manchester,Pension Credit Caseload - 2011 Geographies,15129,
May-20,Manchester,Mean of Weekly Award Amount,76.88,
May-20,Oldham,Pension Credit Caseload - 2011 Geographies,6207,
May-20,Oldham,Mean of Weekly Award Amount,62.43,
May-20,Rochdale,Pension Credit Caseload - 2011 Geographies,6305,
May-20,Rochdale,Mean of Weekly Award Amount,60.13,
May-20,Salford,Pension Credit Caseload - 2011 Geographies,7050,
May-20,Salford,Mean of Weekly Award Amount,60.19,
May-20,Stockport,Pension Credit Caseload - 2011 Geographies,6428,
May-20,Stockport,Mean of Weekly Award Amount,61.62,
May-20,Tameside,Pension Credit Caseload - 2011 Geographies,6161,
May-20,Tameside,Mean of Weekly Award Amount,55.77,
May-20,Trafford,Pension Credit Caseload - 2011 Geographies,4655,
May-20,Trafford,Mean of Weekly Award Amount,65.67,
May-20,Wigan,Pension Credit Caseload - 2011 Geographies,8617,
May-20,Wigan,Mean of Weekly Award Amount,52.33,
May-20,Burnley,Pension Credit Caseload - 2011 Geographies,2685,
May-20,Burnley,Mean of Weekly Award Amount,57.7,
May-20,Chorley,Pension Credit Caseload - 2011 Geographies,2310,
May-20,Chorley,Mean of Weekly Award Amount,52.41,
May-20,Fylde,Pension Credit Caseload - 2011 Geographies,2081,
May-20,Fylde,Mean of Weekly Award Amount,57.65,
May-20,Hyndburn,Pension Credit Caseload - 2011 Geographies,2329,
May-20,Hyndburn,Mean of Weekly Award Amount,57.58,
May-20,Lancaster,Pension Credit Caseload - 2011 Geographies,3550,
May-20,Lancaster,Mean of Weekly Award Amount,58.03,
May-20,Pendle,Pension Credit Caseload - 2011 Geographies,2678,
May-20,Pendle,Mean of Weekly Award Amount,63.75,
May-20,Preston,Pension Credit Caseload - 2011 Geographies,3435,
May-20,Preston,Mean of Weekly Award Amount,65.92,
May-20,Ribble Valley,Pension Credit Caseload - 2011 Geographies,884,
May-20,Ribble Valley,Mean of Weekly Award Amount,53.28,
May-20,Rossendale,Pension Credit Caseload - 2011 Geographies,1814,
May-20,Rossendale,Mean of Weekly Award Amount,53.35,
May-20,South Ribble,Pension Credit Caseload - 2011 Geographies,2077,
May-20,South Ribble,Mean of Weekly Award Amount,55.67,
May-20,West Lancashire,Pension Credit Caseload - 2011 Geographies,3124,
May-20,West Lancashire,Mean of Weekly Award Amount,53.99,
May-20,Wyre,Pension Credit Caseload - 2011 Geographies,3414,
May-20,Wyre,Mean of Weekly Award Amount,56.32,
May-20,Knowsley,Pension Credit Caseload - 2011 Geographies,6284,
May-20,Knowsley,Mean of Weekly Award Amount,60.09,
May-20,Liverpool,Pension Credit Caseload - 2011 Geographies,18873,
May-20,Liverpool,Mean of Weekly Award Amount,64.56,
May-20,Sefton,Pension Credit Caseload - 2011 Geographies,9485,
May-20,Sefton,Mean of Weekly Award Amount,56.3,
May-20,St. Helens,Pension Credit Caseload - 2011 Geographies,5352,
May-20,St. Helens,Mean of Weekly Award Amount,57,
May-20,Wirral,Pension Credit Caseload - 2011 Geographies,9934,
May-20,Wirral,Mean of Weekly Award Amount,59.13,
May-20,East Riding of Yorkshire,Pension Credit Caseload - 2011 Geographies,8610,
May-20,East Riding of Yorkshire,Mean of Weekly Award Amount,51.2,
May-20,"Kingston upon Hull, City of",Pension Credit Caseload - 2011 Geographies,8924,
May-20,"Kingston upon Hull, City of",Mean of Weekly Award Amount,55.12,
May-20,North East Lincolnshire,Pension Credit Caseload - 2011 Geographies,5071,
May-20,North East Lincolnshire,Mean of Weekly Award Amount,54.18,
May-20,North Lincolnshire,Pension Credit Caseload - 2011 Geographies,4469,
May-20,North Lincolnshire,Mean of Weekly Award Amount,54.57,
May-20,North Yorkshire,Pension Credit Caseload - 2011 Geographies,12726,
May-20,North Yorkshire,Mean of Weekly Award Amount,54.59,
May-20,York,Pension Credit Caseload - 2011 Geographies,3191,
May-20,York,Mean of Weekly Award Amount,53.31,
May-20,Barnsley,Pension Credit Caseload - 2011 Geographies,6705,
May-20,Barnsley,Mean of Weekly Award Amount,54.71,
May-20,Doncaster,Pension Credit Caseload - 2011 Geographies,8468,
May-20,Doncaster,Mean of Weekly Award Amount,56.39,
May-20,Rotherham,Pension Credit Caseload - 2011 Geographies,7401,
May-20,Rotherham,Mean of Weekly Award Amount,54.26,
May-20,Sheffield,Pension Credit Caseload - 2011 Geographies,15003,
May-20,Sheffield,Mean of Weekly Award Amount,60.22,
May-20,Bradford,Pension Credit Caseload - 2011 Geographies,14344,
May-20,Bradford,Mean of Weekly Award Amount,64.08,
May-20,Calderdale,Pension Credit Caseload - 2011 Geographies,4944,
May-20,Calderdale,Mean of Weekly Award Amount,55.37,
May-20,Kirklees,Pension Credit Caseload - 2011 Geographies,9841,
May-20,Kirklees,Mean of Weekly Award Amount,57.85,
May-20,Leeds,Pension Credit Caseload - 2011 Geographies,17049,
May-20,Leeds,Mean of Weekly Award Amount,59.5,
May-20,Wakefield,Pension Credit Caseload - 2011 Geographies,8432,
May-20,Wakefield,Mean of Weekly Award Amount,53.51,
May-20,Derby,Pension Credit Caseload - 2011 Geographies,6138,
May-20,Derby,Mean of Weekly Award Amount,65.18,
May-20,Leicester,Pension Credit Caseload - 2011 Geographies,11171,
May-20,Leicester,Mean of Weekly Award Amount,95.25,
May-20,North Northamptonshire,Pension Credit Caseload - 2011 Geographies,6889,
May-20,North Northamptonshire,Mean of Weekly Award Amount,56.42,
May-20,Nottingham,Pension Credit Caseload - 2011 Geographies,7968,
May-20,Nottingham,Mean of Weekly Award Amount,64.81,
May-20,Rutland,Pension Credit Caseload - 2011 Geographies,590,
May-20,Rutland,Mean of Weekly Award Amount,53.58,
May-20,West Northamptonshire,Pension Credit Caseload - 2011 Geographies,6846,
May-20,West Northamptonshire,Mean of Weekly Award Amount,61.85,
May-20,Amber Valley,Pension Credit Caseload - 2011 Geographies,2892,
May-20,Amber Valley,Mean of Weekly Award Amount,52.83,
May-20,Bolsover,Pension Credit Caseload - 2011 Geographies,2182,
May-20,Bolsover,Mean of Weekly Award Amount,53.61,
May-20,Chesterfield,Pension Credit Caseload - 2011 Geographies,2979,
May-20,Chesterfield,Mean of Weekly Award Amount,53.39,
May-20,Derbyshire Dales,Pension Credit Caseload - 2011 Geographies,1337,
May-20,Derbyshire Dales,Mean of Weekly Award Amount,54.95,
May-20,Erewash,Pension Credit Caseload - 2011 Geographies,2609,
May-20,Erewash,Mean of Weekly Award Amount,48.7,
May-20,High Peak,Pension Credit Caseload - 2011 Geographies,1858,
May-20,High Peak,Mean of Weekly Award Amount,53.79,
May-20,North East Derbyshire,Pension Credit Caseload - 2011 Geographies,2630,
May-20,North East Derbyshire,Mean of Weekly Award Amount,51.66,
May-20,South Derbyshire,Pension Credit Caseload - 2011 Geographies,1661,
May-20,South Derbyshire,Mean of Weekly Award Amount,52.24,
May-20,Blaby,Pension Credit Caseload - 2011 Geographies,1726,
May-20,Blaby,Mean of Weekly Award Amount,55.93,
May-20,Charnwood,Pension Credit Caseload - 2011 Geographies,3030,
May-20,Charnwood,Mean of Weekly Award Amount,57.1,
May-20,Harborough,Pension Credit Caseload - 2011 Geographies,1362,
May-20,Harborough,Mean of Weekly Award Amount,54.91,
May-20,Hinckley and Bosworth,Pension Credit Caseload - 2011 Geographies,2075,
May-20,Hinckley and Bosworth,Mean of Weekly Award Amount,50.6,
May-20,Melton,Pension Credit Caseload - 2011 Geographies,849,
May-20,Melton,Mean of Weekly Award Amount,52.26,
May-20,North West Leicestershire,Pension Credit Caseload - 2011 Geographies,1768,
May-20,North West Leicestershire,Mean of Weekly Award Amount,52.93,
May-20,Oadby and Wigston,Pension Credit Caseload - 2011 Geographies,1196,
May-20,Oadby and Wigston,Mean of Weekly Award Amount,62.26,
May-20,Boston,Pension Credit Caseload - 2011 Geographies,2051,
May-20,Boston,Mean of Weekly Award Amount,62,
May-20,East Lindsey,Pension Credit Caseload - 2011 Geographies,5531,
May-20,East Lindsey,Mean of Weekly Award Amount,56.23,
May-20,Lincoln,Pension Credit Caseload - 2011 Geographies,2365,
May-20,Lincoln,Mean of Weekly Award Amount,57.44,
May-20,North Kesteven,Pension Credit Caseload - 2011 Geographies,2444,
May-20,North Kesteven,Mean of Weekly Award Amount,53.34,
May-20,South Holland,Pension Credit Caseload - 2011 Geographies,2418,
May-20,South Holland,Mean of Weekly Award Amount,52.37,
May-20,South Kesteven,Pension Credit Caseload - 2011 Geographies,2706,
May-20,South Kesteven,Mean of Weekly Award Amount,54.15,
May-20,West Lindsey,Pension Credit Caseload - 2011 Geographies,2216,
May-20,West Lindsey,Mean of Weekly Award Amount,53.56,
May-20,Ashfield,Pension Credit Caseload - 2011 Geographies,3090,
May-20,Ashfield,Mean of Weekly Award Amount,52.92,
May-20,Bassetlaw,Pension Credit Caseload - 2011 Geographies,2764,
May-20,Bassetlaw,Mean of Weekly Award Amount,53.59,
May-20,Broxtowe,Pension Credit Caseload - 2011 Geographies,2339,
May-20,Broxtowe,Mean of Weekly Award Amount,52.9,
May-20,Gedling,Pension Credit Caseload - 2011 Geographies,2311,
May-20,Gedling,Mean of Weekly Award Amount,51.9,
May-20,Mansfield,Pension Credit Caseload - 2011 Geographies,2595,
May-20,Mansfield,Mean of Weekly Award Amount,53.65,
May-20,Newark and Sherwood,Pension Credit Caseload - 2011 Geographies,2455,
May-20,Newark and Sherwood,Mean of Weekly Award Amount,54.44,
May-20,Rushcliffe,Pension Credit Caseload - 2011 Geographies,1685,
May-20,Rushcliffe,Mean of Weekly Award Amount,54.14,
May-20,"Herefordshire, County of",Pension Credit Caseload - 2011 Geographies,4466,
May-20,"Herefordshire, County of",Mean of Weekly Award Amount,55.81,
May-20,Shropshire,Pension Credit Caseload - 2011 Geographies,7636,
May-20,Shropshire,Mean of Weekly Award Amount,55.02,
May-20,Stoke-on-Trent,Pension Credit Caseload - 2011 Geographies,7236,
May-20,Stoke-on-Trent,Mean of Weekly Award Amount,54.87,
May-20,Telford and Wrekin,Pension Credit Caseload - 2011 Geographies,4528,
May-20,Telford and Wrekin,Mean of Weekly Award Amount,58.77,
May-20,Cannock Chase,Pension Credit Caseload - 2011 Geographies,2557,
May-20,Cannock Chase,Mean of Weekly Award Amount,51.52,
May-20,East Staffordshire,Pension Credit Caseload - 2011 Geographies,2172,
May-20,East Staffordshire,Mean of Weekly Award Amount,55.08,
May-20,Lichfield,Pension Credit Caseload - 2011 Geographies,1936,
May-20,Lichfield,Mean of Weekly Award Amount,51.1,
May-20,Newcastle-under-Lyme,Pension Credit Caseload - 2011 Geographies,2874,
May-20,Newcastle-under-Lyme,Mean of Weekly Award Amount,52.86,
May-20,South Staffordshire,Pension Credit Caseload - 2011 Geographies,2516,
May-20,South Staffordshire,Mean of Weekly Award Amount,50.88,
May-20,Stafford,Pension Credit Caseload - 2011 Geographies,2323,
May-20,Stafford,Mean of Weekly Award Amount,53.69,
May-20,Staffordshire Moorlands,Pension Credit Caseload - 2011 Geographies,2007,
May-20,Staffordshire Moorlands,Mean of Weekly Award Amount,52.17,
May-20,Tamworth,Pension Credit Caseload - 2011 Geographies,1908,
May-20,Tamworth,Mean of Weekly Award Amount,51.43,
May-20,North Warwickshire,Pension Credit Caseload - 2011 Geographies,1461,
May-20,North Warwickshire,Mean of Weekly Award Amount,51.53,
May-20,Nuneaton and Bedworth,Pension Credit Caseload - 2011 Geographies,3018,
May-20,Nuneaton and Bedworth,Mean of Weekly Award Amount,60.37,
May-20,Rugby,Pension Credit Caseload - 2011 Geographies,1768,
May-20,Rugby,Mean of Weekly Award Amount,58.73,
May-20,Stratford-on-Avon,Pension Credit Caseload - 2011 Geographies,2371,
May-20,Stratford-on-Avon,Mean of Weekly Award Amount,55.09,
May-20,Warwick,Pension Credit Caseload - 2011 Geographies,2348,
May-20,Warwick,Mean of Weekly Award Amount,55.34,
May-20,Birmingham,Pension Credit Caseload - 2011 Geographies,32824,
May-20,Birmingham,Mean of Weekly Award Amount,72.32,
May-20,Coventry,Pension Credit Caseload - 2011 Geographies,7999,
May-20,Coventry,Mean of Weekly Award Amount,65.9,
May-20,Dudley,Pension Credit Caseload - 2011 Geographies,9020,
May-20,Dudley,Mean of Weekly Award Amount,53.68,
May-20,Sandwell,Pension Credit Caseload - 2011 Geographies,11030,
May-20,Sandwell,Mean of Weekly Award Amount,65.43,
May-20,Solihull,Pension Credit Caseload - 2011 Geographies,4396,
May-20,Solihull,Mean of Weekly Award Amount,57.99,
May-20,Walsall,Pension Credit Caseload - 2011 Geographies,8788,
May-20,Walsall,Mean of Weekly Award Amount,59.42,
May-20,Wolverhampton,Pension Credit Caseload - 2011 Geographies,8299,
May-20,Wolverhampton,Mean of Weekly Award Amount,63.14,
May-20,Bromsgrove,Pension Credit Caseload - 2011 Geographies,1744,
May-20,Bromsgrove,Mean of Weekly Award Amount,51.73,
May-20,Malvern Hills,Pension Credit Caseload - 2011 Geographies,1744,
May-20,Malvern Hills,Mean of Weekly Award Amount,56.26,
May-20,Redditch,Pension Credit Caseload - 2011 Geographies,1892,
May-20,Redditch,Mean of Weekly Award Amount,56.83,
May-20,Worcester,Pension Credit Caseload - 2011 Geographies,1921,
May-20,Worcester,Mean of Weekly Award Amount,57.53,
May-20,Wychavon,Pension Credit Caseload - 2011 Geographies,2561,
May-20,Wychavon,Mean of Weekly Award Amount,56.23,
May-20,Wyre Forest,Pension Credit Caseload - 2011 Geographies,2695,
May-20,Wyre Forest,Mean of Weekly Award Amount,51.74,
May-20,Bedford,Pension Credit Caseload - 2011 Geographies,3131,
May-20,Bedford,Mean of Weekly Award Amount,64.89,
May-20,Central Bedfordshire,Pension Credit Caseload - 2011 Geographies,4041,
May-20,Central Bedfordshire,Mean of Weekly Award Amount,55.39,
May-20,Luton,Pension Credit Caseload - 2011 Geographies,4562,
May-20,Luton,Mean of Weekly Award Amount,77.56,
May-20,Peterborough,Pension Credit Caseload - 2011 Geographies,4516,
May-20,Peterborough,Mean of Weekly Award Amount,71.59,
May-20,Southend-on-Sea,Pension Credit Caseload - 2011 Geographies,4729,
May-20,Southend-on-Sea,Mean of Weekly Award Amount,60.84,
May-20,Thurrock,Pension Credit Caseload - 2011 Geographies,3083,
May-20,Thurrock,Mean of Weekly Award Amount,64.45,
May-20,Cambridge,Pension Credit Caseload - 2011 Geographies,1580,
May-20,Cambridge,Mean of Weekly Award Amount,69.24,
May-20,East Cambridgeshire,Pension Credit Caseload - 2011 Geographies,1457,
May-20,East Cambridgeshire,Mean of Weekly Award Amount,58.59,
May-20,Fenland,Pension Credit Caseload - 2011 Geographies,2825,
May-20,Fenland,Mean of Weekly Award Amount,57.59,
May-20,Huntingdonshire,Pension Credit Caseload - 2011 Geographies,2535,
May-20,Huntingdonshire,Mean of Weekly Award Amount,55.62,
May-20,South Cambridgeshire,Pension Credit Caseload - 2011 Geographies,1878,
May-20,South Cambridgeshire,Mean of Weekly Award Amount,64.01,
May-20,Basildon,Pension Credit Caseload - 2011 Geographies,4111,
May-20,Basildon,Mean of Weekly Award Amount,60.73,
May-20,Braintree,Pension Credit Caseload - 2011 Geographies,2995,
May-20,Braintree,Mean of Weekly Award Amount,53.41,
May-20,Brentwood,Pension Credit Caseload - 2011 Geographies,1167,
May-20,Brentwood,Mean of Weekly Award Amount,61.08,
May-20,Castle Point,Pension Credit Caseload - 2011 Geographies,2260,
May-20,Castle Point,Mean of Weekly Award Amount,56.07,
May-20,Chelmsford,Pension Credit Caseload - 2011 Geographies,2550,
May-20,Chelmsford,Mean of Weekly Award Amount,58.46,
May-20,Colchester,Pension Credit Caseload - 2011 Geographies,3161,
May-20,Colchester,Mean of Weekly Award Amount,61.69,
May-20,Epping Forest,Pension Credit Caseload - 2011 Geographies,2634,
May-20,Epping Forest,Mean of Weekly Award Amount,63.48,
May-20,Harlow,Pension Credit Caseload - 2011 Geographies,1800,
May-20,Harlow,Mean of Weekly Award Amount,59.89,
May-20,Maldon,Pension Credit Caseload - 2011 Geographies,1386,
May-20,Maldon,Mean of Weekly Award Amount,55.08,
May-20,Rochford,Pension Credit Caseload - 2011 Geographies,1632,
May-20,Rochford,Mean of Weekly Award Amount,54.89,
May-20,Tendring,Pension Credit Caseload - 2011 Geographies,5405,
May-20,Tendring,Mean of Weekly Award Amount,57.46,
May-20,Uttlesford,Pension Credit Caseload - 2011 Geographies,1202,
May-20,Uttlesford,Mean of Weekly Award Amount,54.81,
May-20,Broxbourne,Pension Credit Caseload - 2011 Geographies,1919,
May-20,Broxbourne,Mean of Weekly Award Amount,66.46,
May-20,Dacorum,Pension Credit Caseload - 2011 Geographies,2203,
May-20,Dacorum,Mean of Weekly Award Amount,61.78,
May-20,East Hertfordshire,Pension Credit Caseload - 2011 Geographies,1903,
May-20,East Hertfordshire,Mean of Weekly Award Amount,59.14,
May-20,Hertsmere,Pension Credit Caseload - 2011 Geographies,1879,
May-20,Hertsmere,Mean of Weekly Award Amount,71.63,
May-20,North Hertfordshire,Pension Credit Caseload - 2011 Geographies,2122,
May-20,North Hertfordshire,Mean of Weekly Award Amount,55.36,
May-20,St Albans,Pension Credit Caseload - 2011 Geographies,1555,
May-20,St Albans,Mean of Weekly Award Amount,66.85,
May-20,Stevenage,Pension Credit Caseload - 2011 Geographies,1557,
May-20,Stevenage,Mean of Weekly Award Amount,62.22,
May-20,Three Rivers,Pension Credit Caseload - 2011 Geographies,1324,
May-20,Three Rivers,Mean of Weekly Award Amount,70.67,
May-20,Watford,Pension Credit Caseload - 2011 Geographies,1478,
May-20,Watford,Mean of Weekly Award Amount,74.06,
May-20,Welwyn Hatfield,Pension Credit Caseload - 2011 Geographies,1721,
May-20,Welwyn Hatfield,Mean of Weekly Award Amount,63.86,
May-20,Breckland,Pension Credit Caseload - 2011 Geographies,3341,
May-20,Breckland,Mean of Weekly Award Amount,53.39,
May-20,Broadland,Pension Credit Caseload - 2011 Geographies,2459,
May-20,Broadland,Mean of Weekly Award Amount,51.96,
May-20,Great Yarmouth,Pension Credit Caseload - 2011 Geographies,3652,
May-20,Great Yarmouth,Mean of Weekly Award Amount,52.75,
May-20,King's Lynn and West Norfolk,Pension Credit Caseload - 2011 Geographies,4259,
May-20,King's Lynn and West Norfolk,Mean of Weekly Award Amount,55.28,
May-20,North Norfolk,Pension Credit Caseload - 2011 Geographies,3174,
May-20,North Norfolk,Mean of Weekly Award Amount,50.88,
May-20,Norwich,Pension Credit Caseload - 2011 Geographies,3744,
May-20,Norwich,Mean of Weekly Award Amount,57.2,
May-20,South Norfolk,Pension Credit Caseload - 2011 Geographies,2761,
May-20,South Norfolk,Mean of Weekly Award Amount,53.77,
May-20,Babergh,Pension Credit Caseload - 2011 Geographies,1876,
May-20,Babergh,Mean of Weekly Award Amount,52.16,
May-20,East Suffolk,Pension Credit Caseload - 2011 Geographies,6122,
May-20,East Suffolk,Mean of Weekly Award Amount,53.76,
May-20,Ipswich,Pension Credit Caseload - 2011 Geographies,3033,
May-20,Ipswich,Mean of Weekly Award Amount,65.22,
May-20,Mid Suffolk,Pension Credit Caseload - 2011 Geographies,1875,
May-20,Mid Suffolk,Mean of Weekly Award Amount,55.57,
May-20,West Suffolk,Pension Credit Caseload - 2011 Geographies,3201,
May-20,West Suffolk,Mean of Weekly Award Amount,54.92,
May-20,Camden,Pension Credit Caseload - 2011 Geographies,6261,
May-20,Camden,Mean of Weekly Award Amount,95.86,
May-20,City of London,Pension Credit Caseload - 2011 Geographies,99,
May-20,City of London,Mean of Weekly Award Amount,88.75,
May-20,Hackney,Pension Credit Caseload - 2011 Geographies,7759,
May-20,Hackney,Mean of Weekly Award Amount,98.17,
May-20,Hammersmith and Fulham,Pension Credit Caseload - 2011 Geographies,4576,
May-20,Hammersmith and Fulham,Mean of Weekly Award Amount,94.8,
May-20,Haringey,Pension Credit Caseload - 2011 Geographies,7099,
May-20,Haringey,Mean of Weekly Award Amount,99.74,
May-20,Islington,Pension Credit Caseload - 2011 Geographies,6228,
May-20,Islington,Mean of Weekly Award Amount,90.35,
May-20,Kensington and Chelsea,Pension Credit Caseload - 2011 Geographies,4467,
May-20,Kensington and Chelsea,Mean of Weekly Award Amount,97.43,
May-20,Lambeth,Pension Credit Caseload - 2011 Geographies,7633,
May-20,Lambeth,Mean of Weekly Award Amount,90.33,
May-20,Lewisham,Pension Credit Caseload - 2011 Geographies,6219,
May-20,Lewisham,Mean of Weekly Award Amount,83.83,
May-20,Newham,Pension Credit Caseload - 2011 Geographies,8343,
May-20,Newham,Mean of Weekly Award Amount,101.96,
May-20,Southwark,Pension Credit Caseload - 2011 Geographies,7545,
May-20,Southwark,Mean of Weekly Award Amount,90.51,
May-20,Tower Hamlets,Pension Credit Caseload - 2011 Geographies,7488,
May-20,Tower Hamlets,Mean of Weekly Award Amount,96.54,
May-20,Wandsworth,Pension Credit Caseload - 2011 Geographies,5883,
May-20,Wandsworth,Mean of Weekly Award Amount,89.38,
May-20,Westminster,Pension Credit Caseload - 2011 Geographies,6015,
May-20,Westminster,Mean of Weekly Award Amount,106.51,
May-20,Barking and Dagenham,Pension Credit Caseload - 2011 Geographies,4739,
May-20,Barking and Dagenham,Mean of Weekly Award Amount,83.5,
May-20,Barnet,Pension Credit Caseload - 2011 Geographies,7942,
May-20,Barnet,Mean of Weekly Award Amount,99.75,
May-20,Bexley,Pension Credit Caseload - 2011 Geographies,4091,
May-20,Bexley,Mean of Weekly Award Amount,70.22,
May-20,Brent,Pension Credit Caseload - 2011 Geographies,9180,
May-20,Brent,Mean of Weekly Award Amount,108.17,
May-20,Bromley,Pension Credit Caseload - 2011 Geographies,5213,
May-20,Bromley,Mean of Weekly Award Amount,71.47,
May-20,Croydon,Pension Credit Caseload - 2011 Geographies,7391,
May-20,Croydon,Mean of Weekly Award Amount,87.21,
May-20,Ealing,Pension Credit Caseload - 2011 Geographies,8820,
May-20,Ealing,Mean of Weekly Award Amount,113.66,
May-20,Enfield,Pension Credit Caseload - 2011 Geographies,8096,
May-20,Enfield,Mean of Weekly Award Amount,93.28,
May-20,Greenwich,Pension Credit Caseload - 2011 Geographies,6298,
May-20,Greenwich,Mean of Weekly Award Amount,92.15,
May-20,Harrow,Pension Credit Caseload - 2011 Geographies,5914,
May-20,Harrow,Mean of Weekly Award Amount,119.05,
May-20,Havering,Pension Credit Caseload - 2011 Geographies,4831,
May-20,Havering,Mean of Weekly Award Amount,65.51,
May-20,Hillingdon,Pension Credit Caseload - 2011 Geographies,5419,
May-20,Hillingdon,Mean of Weekly Award Amount,101.17,
May-20,Hounslow,Pension Credit Caseload - 2011 Geographies,5933,
May-20,Hounslow,Mean of Weekly Award Amount,107.68,
May-20,Kingston upon Thames,Pension Credit Caseload - 2011 Geographies,2482,
May-20,Kingston upon Thames,Mean of Weekly Award Amount,97.13,
May-20,Merton,Pension Credit Caseload - 2011 Geographies,3545,
May-20,Merton,Mean of Weekly Award Amount,93.01,
May-20,Redbridge,Pension Credit Caseload - 2011 Geographies,6496,
May-20,Redbridge,Mean of Weekly Award Amount,96.46,
May-20,Richmond upon Thames,Pension Credit Caseload - 2011 Geographies,2696,
May-20,Richmond upon Thames,Mean of Weekly Award Amount,83.21,
May-20,Sutton,Pension Credit Caseload - 2011 Geographies,3287,
May-20,Sutton,Mean of Weekly Award Amount,80.96,
May-20,Waltham Forest,Pension Credit Caseload - 2011 Geographies,6014,
May-20,Waltham Forest,Mean of Weekly Award Amount,85.97,
May-20,Bracknell Forest,Pension Credit Caseload - 2011 Geographies,1594,
May-20,Bracknell Forest,Mean of Weekly Award Amount,73.6,
May-20,Brighton and Hove,Pension Credit Caseload - 2011 Geographies,6431,
May-20,Brighton and Hove,Mean of Weekly Award Amount,70.11,
May-20,Buckinghamshire,Pension Credit Caseload - 2011 Geographies,6900,
May-20,Buckinghamshire,Mean of Weekly Award Amount,65.17,
May-20,Isle of Wight,Pension Credit Caseload - 2011 Geographies,4513,
May-20,Isle of Wight,Mean of Weekly Award Amount,56.36,
May-20,Medway,Pension Credit Caseload - 2011 Geographies,5354,
May-20,Medway,Mean of Weekly Award Amount,60.14,
May-20,Milton Keynes,Pension Credit Caseload - 2011 Geographies,4348,
May-20,Milton Keynes,Mean of Weekly Award Amount,69.75,
May-20,Portsmouth,Pension Credit Caseload - 2011 Geographies,4715,
May-20,Portsmouth,Mean of Weekly Award Amount,62.62,
May-20,Reading,Pension Credit Caseload - 2011 Geographies,3104,
May-20,Reading,Mean of Weekly Award Amount,89.3,
May-20,Slough,Pension Credit Caseload - 2011 Geographies,2862,
May-20,Slough,Mean of Weekly Award Amount,91.88,
May-20,Southampton,Pension Credit Caseload - 2011 Geographies,5256,
May-20,Southampton,Mean of Weekly Award Amount,65.81,
May-20,West Berkshire,Pension Credit Caseload - 2011 Geographies,2088,
May-20,West Berkshire,Mean of Weekly Award Amount,57.76,
May-20,Windsor and Maidenhead,Pension Credit Caseload - 2011 Geographies,2008,
May-20,Windsor and Maidenhead,Mean of Weekly Award Amount,66.74,
May-20,Wokingham,Pension Credit Caseload - 2011 Geographies,1492,
May-20,Wokingham,Mean of Weekly Award Amount,62.56,
May-20,Eastbourne,Pension Credit Caseload - 2011 Geographies,2992,
May-20,Eastbourne,Mean of Weekly Award Amount,62.37,
May-20,Hastings,Pension Credit Caseload - 2011 Geographies,3229,
May-20,Hastings,Mean of Weekly Award Amount,63.47,
May-20,Lewes,Pension Credit Caseload - 2011 Geographies,2375,
May-20,Lewes,Mean of Weekly Award Amount,59.51,
May-20,Rother,Pension Credit Caseload - 2011 Geographies,2841,
May-20,Rother,Mean of Weekly Award Amount,58.52,
May-20,Wealden,Pension Credit Caseload - 2011 Geographies,3045,
May-20,Wealden,Mean of Weekly Award Amount,56.76,
May-20,Basingstoke and Deane,Pension Credit Caseload - 2011 Geographies,2250,
May-20,Basingstoke and Deane,Mean of Weekly Award Amount,67.67,
May-20,East Hampshire,Pension Credit Caseload - 2011 Geographies,1714,
May-20,East Hampshire,Mean of Weekly Award Amount,58.76,
May-20,Eastleigh,Pension Credit Caseload - 2011 Geographies,1861,
May-20,Eastleigh,Mean of Weekly Award Amount,57.16,
May-20,Fareham,Pension Credit Caseload - 2011 Geographies,1663,
May-20,Fareham,Mean of Weekly Award Amount,51.94,
May-20,Gosport,Pension Credit Caseload - 2011 Geographies,1665,
May-20,Gosport,Mean of Weekly Award Amount,55.13,
May-20,Hart,Pension Credit Caseload - 2011 Geographies,909,
May-20,Hart,Mean of Weekly Award Amount,64.06,
May-20,Havant,Pension Credit Caseload - 2011 Geographies,3135,
May-20,Havant,Mean of Weekly Award Amount,55.3,
May-20,New Forest,Pension Credit Caseload - 2011 Geographies,3504,
May-20,New Forest,Mean of Weekly Award Amount,55.99,
May-20,Rushmoor,Pension Credit Caseload - 2011 Geographies,2541,
May-20,Rushmoor,Mean of Weekly Award Amount,122.22,
May-20,Test Valley,Pension Credit Caseload - 2011 Geographies,1821,
May-20,Test Valley,Mean of Weekly Award Amount,59.29,
May-20,Winchester,Pension Credit Caseload - 2011 Geographies,1760,
May-20,Winchester,Mean of Weekly Award Amount,60.4,
May-20,Ashford,Pension Credit Caseload - 2011 Geographies,2621,
May-20,Ashford,Mean of Weekly Award Amount,77.7,
May-20,Canterbury,Pension Credit Caseload - 2011 Geographies,3381,
May-20,Canterbury,Mean of Weekly Award Amount,59.43,
May-20,Dartford,Pension Credit Caseload - 2011 Geographies,1499,
May-20,Dartford,Mean of Weekly Award Amount,62.49,
May-20,Dover,Pension Credit Caseload - 2011 Geographies,2940,
May-20,Dover,Mean of Weekly Award Amount,58.43,
May-20,Folkestone and Hythe,Pension Credit Caseload - 2011 Geographies,3275,
May-20,Folkestone and Hythe,Mean of Weekly Award Amount,66.6,
May-20,Gravesham,Pension Credit Caseload - 2011 Geographies,2059,
May-20,Gravesham,Mean of Weekly Award Amount,62.96,
May-20,Maidstone,Pension Credit Caseload - 2011 Geographies,2881,
May-20,Maidstone,Mean of Weekly Award Amount,65.63,
May-20,Sevenoaks,Pension Credit Caseload - 2011 Geographies,1803,
May-20,Sevenoaks,Mean of Weekly Award Amount,62.29,
May-20,Swale,Pension Credit Caseload - 2011 Geographies,3366,
May-20,Swale,Mean of Weekly Award Amount,57.67,
May-20,Thanet,Pension Credit Caseload - 2011 Geographies,4932,
May-20,Thanet,Mean of Weekly Award Amount,60.24,
May-20,Tonbridge and Malling,Pension Credit Caseload - 2011 Geographies,1877,
May-20,Tonbridge and Malling,Mean of Weekly Award Amount,60.13,
May-20,Tunbridge Wells,Pension Credit Caseload - 2011 Geographies,1800,
May-20,Tunbridge Wells,Mean of Weekly Award Amount,60.01,
May-20,Cherwell,Pension Credit Caseload - 2011 Geographies,2033,
May-20,Cherwell,Mean of Weekly Award Amount,59.71,
May-20,Oxford,Pension Credit Caseload - 2011 Geographies,2083,
May-20,Oxford,Mean of Weekly Award Amount,77,
May-20,South Oxfordshire,Pension Credit Caseload - 2011 Geographies,1729,
May-20,South Oxfordshire,Mean of Weekly Award Amount,57.11,
May-20,Vale of White Horse,Pension Credit Caseload - 2011 Geographies,1516,
May-20,Vale of White Horse,Mean of Weekly Award Amount,59.67,
May-20,West Oxfordshire,Pension Credit Caseload - 2011 Geographies,1508,
May-20,West Oxfordshire,Mean of Weekly Award Amount,59.88,
May-20,Elmbridge,Pension Credit Caseload - 2011 Geographies,1708,
May-20,Elmbridge,Mean of Weekly Award Amount,72.81,
May-20,Epsom and Ewell,Pension Credit Caseload - 2011 Geographies,904,
May-20,Epsom and Ewell,Mean of Weekly Award Amount,77.73,
May-20,Guildford,Pension Credit Caseload - 2011 Geographies,1606,
May-20,Guildford,Mean of Weekly Award Amount,61.73,
May-20,Mole Valley,Pension Credit Caseload - 2011 Geographies,1186,
May-20,Mole Valley,Mean of Weekly Award Amount,62.64,
May-20,Reigate and Banstead,Pension Credit Caseload - 2011 Geographies,1774,
May-20,Reigate and Banstead,Mean of Weekly Award Amount,68.5,
May-20,Runnymede,Pension Credit Caseload - 2011 Geographies,1206,
May-20,Runnymede,Mean of Weekly Award Amount,64.95,
May-20,Spelthorne,Pension Credit Caseload - 2011 Geographies,1432,
May-20,Spelthorne,Mean of Weekly Award Amount,68.19,
May-20,Surrey Heath,Pension Credit Caseload - 2011 Geographies,1009,
May-20,Surrey Heath,Mean of Weekly Award Amount,72.39,
May-20,Tandridge,Pension Credit Caseload - 2011 Geographies,1083,
May-20,Tandridge,Mean of Weekly Award Amount,64.17,
May-20,Waverley,Pension Credit Caseload - 2011 Geographies,1642,
May-20,Waverley,Mean of Weekly Award Amount,60.74,
May-20,Woking,Pension Credit Caseload - 2011 Geographies,1287,
May-20,Woking,Mean of Weekly Award Amount,69.99,
May-20,Adur,Pension Credit Caseload - 2011 Geographies,1534,
May-20,Adur,Mean of Weekly Award Amount,58.13,
May-20,Arun,Pension Credit Caseload - 2011 Geographies,4296,
May-20,Arun,Mean of Weekly Award Amount,57.39,
May-20,Chichester,Pension Credit Caseload - 2011 Geographies,2441,
May-20,Chichester,Mean of Weekly Award Amount,58.87,
May-20,Crawley,Pension Credit Caseload - 2011 Geographies,1904,
May-20,Crawley,Mean of Weekly Award Amount,77.05,
May-20,Horsham,Pension Credit Caseload - 2011 Geographies,1941,
May-20,Horsham,Mean of Weekly Award Amount,59.67,
May-20,Mid Sussex,Pension Credit Caseload - 2011 Geographies,1896,
May-20,Mid Sussex,Mean of Weekly Award Amount,60.31,
May-20,Worthing,Pension Credit Caseload - 2011 Geographies,2542,
May-20,Worthing,Mean of Weekly Award Amount,58.38,
May-20,Bath and North East Somerset,Pension Credit Caseload - 2011 Geographies,3071,
May-20,Bath and North East Somerset,Mean of Weekly Award Amount,57.57,
May-20,"Bournemouth, Christchurch and Poole",Pension Credit Caseload - 2011 Geographies,10123,
May-20,"Bournemouth, Christchurch and Poole",Mean of Weekly Award Amount,59.13,
May-20,"Bristol, City of",Pension Credit Caseload - 2011 Geographies,8947,
May-20,"Bristol, City of",Mean of Weekly Award Amount,67.47,
May-20,Cornwall,Pension Credit Caseload - 2011 Geographies,17359,
May-20,Cornwall,Mean of Weekly Award Amount,52.33,
May-20,Dorset,Pension Credit Caseload - 2011 Geographies,8582,
May-20,Dorset,Mean of Weekly Award Amount,54.34,
May-20,Isles of Scilly,Pension Credit Caseload - 2011 Geographies,26,
May-20,Isles of Scilly,Mean of Weekly Award Amount,65.79,
May-20,North Somerset,Pension Credit Caseload - 2011 Geographies,4661,
May-20,North Somerset,Mean of Weekly Award Amount,56.07,
May-20,Plymouth,Pension Credit Caseload - 2011 Geographies,6570,
May-20,Plymouth,Mean of Weekly Award Amount,57.19,
May-20,Somerset,Pension Credit Caseload - 2011 Geographies,12659,
May-20,Somerset,Mean of Weekly Award Amount,55.5,
May-20,South Gloucestershire,Pension Credit Caseload - 2011 Geographies,4132,
May-20,South Gloucestershire,Mean of Weekly Award Amount,58.28,
May-20,Swindon,Pension Credit Caseload - 2011 Geographies,4156,
May-20,Swindon,Mean of Weekly Award Amount,73.69,
May-20,Torbay,Pension Credit Caseload - 2011 Geographies,5381,
May-20,Torbay,Mean of Weekly Award Amount,58,
May-20,Wiltshire,Pension Credit Caseload - 2011 Geographies,8232,
May-20,Wiltshire,Mean of Weekly Award Amount,56.27,
May-20,East Devon,Pension Credit Caseload - 2011 Geographies,3345,
May-20,East Devon,Mean of Weekly Award Amount,52.61,
May-20,Exeter,Pension Credit Caseload - 2011 Geographies,2458,
May-20,Exeter,Mean of Weekly Award Amount,55.72,
May-20,Mid Devon,Pension Credit Caseload - 2011 Geographies,1797,
May-20,Mid Devon,Mean of Weekly Award Amount,56.7,
May-20,North Devon,Pension Credit Caseload - 2011 Geographies,2584,
May-20,North Devon,Mean of Weekly Award Amount,52.65,
May-20,South Hams,Pension Credit Caseload - 2011 Geographies,2066,
May-20,South Hams,Mean of Weekly Award Amount,56.95,
May-20,Teignbridge,Pension Credit Caseload - 2011 Geographies,3538,
May-20,Teignbridge,Mean of Weekly Award Amount,55.78,
May-20,Torridge,Pension Credit Caseload - 2011 Geographies,2012,
May-20,Torridge,Mean of Weekly Award Amount,52.04,
May-20,West Devon,Pension Credit Caseload - 2011 Geographies,1383,
May-20,West Devon,Mean of Weekly Award Amount,56.1,
May-20,Cheltenham,Pension Credit Caseload - 2011 Geographies,1999,
May-20,Cheltenham,Mean of Weekly Award Amount,58.22,
May-20,Cotswold,Pension Credit Caseload - 2011 Geographies,1641,
May-20,Cotswold,Mean of Weekly Award Amount,53.51,
May-20,Forest of Dean,Pension Credit Caseload - 2011 Geographies,2040,
May-20,Forest of Dean,Mean of Weekly Award Amount,58.57,
May-20,Gloucester,Pension Credit Caseload - 2011 Geographies,2484,
May-20,Gloucester,Mean of Weekly Award Amount,63.87,
May-20,Stroud,Pension Credit Caseload - 2011 Geographies,2096,
May-20,Stroud,Mean of Weekly Award Amount,55.61,
May-20,Tewkesbury,Pension Credit Caseload - 2011 Geographies,1514,
May-20,Tewkesbury,Mean of Weekly Award Amount,58.93,
May-20,Total,Pension Credit Caseload - 2011 Geographies,1271009,
May-20,Total,Mean of Weekly Award Amount,65.11,
Aug-20,England,Pension Credit Caseload - 2011 Geographies,1261761,
Aug-20,England,Mean of Weekly Award Amount,65.08,
Aug-20,County Durham,Pension Credit Caseload - 2011 Geographies,16267,
Aug-20,County Durham,Mean of Weekly Award Amount,52.36,
Aug-20,Darlington,Pension Credit Caseload - 2011 Geographies,2927,
Aug-20,Darlington,Mean of Weekly Award Amount,56.87,
Aug-20,Hartlepool,Pension Credit Caseload - 2011 Geographies,3546,
Aug-20,Hartlepool,Mean of Weekly Award Amount,56.56,
Aug-20,Middlesbrough,Pension Credit Caseload - 2011 Geographies,4611,
Aug-20,Middlesbrough,Mean of Weekly Award Amount,59.04,
Aug-20,Northumberland,Pension Credit Caseload - 2011 Geographies,8018,
Aug-20,Northumberland,Mean of Weekly Award Amount,50.9,
Aug-20,Redcar and Cleveland,Pension Credit Caseload - 2011 Geographies,4672,
Aug-20,Redcar and Cleveland,Mean of Weekly Award Amount,51.86,
Aug-20,Stockton-on-Tees,Pension Credit Caseload - 2011 Geographies,5170,
Aug-20,Stockton-on-Tees,Mean of Weekly Award Amount,54.92,
Aug-20,Gateshead,Pension Credit Caseload - 2011 Geographies,6665,
Aug-20,Gateshead,Mean of Weekly Award Amount,53.99,
Aug-20,Newcastle upon Tyne,Pension Credit Caseload - 2011 Geographies,8296,
Aug-20,Newcastle upon Tyne,Mean of Weekly Award Amount,61.11,
Aug-20,North Tyneside,Pension Credit Caseload - 2011 Geographies,5985,
Aug-20,North Tyneside,Mean of Weekly Award Amount,51.02,
Aug-20,South Tyneside,Pension Credit Caseload - 2011 Geographies,5708,
Aug-20,South Tyneside,Mean of Weekly Award Amount,52.33,
Aug-20,Sunderland,Pension Credit Caseload - 2011 Geographies,10402,
Aug-20,Sunderland,Mean of Weekly Award Amount,53.71,
Aug-20,Blackburn with Darwen,Pension Credit Caseload - 2011 Geographies,4277,
Aug-20,Blackburn with Darwen,Mean of Weekly Award Amount,70.03,
Aug-20,Blackpool,Pension Credit Caseload - 2011 Geographies,5917,
Aug-20,Blackpool,Mean of Weekly Award Amount,57.57,
Aug-20,Cheshire East,Pension Credit Caseload - 2011 Geographies,6521,
Aug-20,Cheshire East,Mean of Weekly Award Amount,55.21,
Aug-20,Cheshire West and Chester,Pension Credit Caseload - 2011 Geographies,7179,
Aug-20,Cheshire West and Chester,Mean of Weekly Award Amount,55.21,
Aug-20,Cumberland,Pension Credit Caseload - 2011 Geographies,6576,
Aug-20,Cumberland,Mean of Weekly Award Amount,53.72,
Aug-20,Halton,Pension Credit Caseload - 2011 Geographies,3683,
Aug-20,Halton,Mean of Weekly Award Amount,58.27,
Aug-20,Warrington,Pension Credit Caseload - 2011 Geographies,4127,
Aug-20,Warrington,Mean of Weekly Award Amount,55.59,
Aug-20,Westmorland and Furness,Pension Credit Caseload - 2011 Geographies,4656,
Aug-20,Westmorland and Furness,Mean of Weekly Award Amount,55.2,
Aug-20,Bolton,Pension Credit Caseload - 2011 Geographies,8119,
Aug-20,Bolton,Mean of Weekly Award Amount,64.66,
Aug-20,Bury,Pension Credit Caseload - 2011 Geographies,4399,
Aug-20,Bury,Mean of Weekly Award Amount,60.5,
Aug-20,Manchester,Pension Credit Caseload - 2011 Geographies,15015,
Aug-20,Manchester,Mean of Weekly Award Amount,76.83,
Aug-20,Oldham,Pension Credit Caseload - 2011 Geographies,6163,
Aug-20,Oldham,Mean of Weekly Award Amount,62.57,
Aug-20,Rochdale,Pension Credit Caseload - 2011 Geographies,6250,
Aug-20,Rochdale,Mean of Weekly Award Amount,60.09,
Aug-20,Salford,Pension Credit Caseload - 2011 Geographies,6977,
Aug-20,Salford,Mean of Weekly Award Amount,60.15,
Aug-20,Stockport,Pension Credit Caseload - 2011 Geographies,6383,
Aug-20,Stockport,Mean of Weekly Award Amount,61.4,
Aug-20,Tameside,Pension Credit Caseload - 2011 Geographies,6113,
Aug-20,Tameside,Mean of Weekly Award Amount,55.81,
Aug-20,Trafford,Pension Credit Caseload - 2011 Geographies,4635,
Aug-20,Trafford,Mean of Weekly Award Amount,65.51,
Aug-20,Wigan,Pension Credit Caseload - 2011 Geographies,8538,
Aug-20,Wigan,Mean of Weekly Award Amount,52.31,
Aug-20,Burnley,Pension Credit Caseload - 2011 Geographies,2639,
Aug-20,Burnley,Mean of Weekly Award Amount,57.92,
Aug-20,Chorley,Pension Credit Caseload - 2011 Geographies,2267,
Aug-20,Chorley,Mean of Weekly Award Amount,52.04,
Aug-20,Fylde,Pension Credit Caseload - 2011 Geographies,2077,
Aug-20,Fylde,Mean of Weekly Award Amount,57.09,
Aug-20,Hyndburn,Pension Credit Caseload - 2011 Geographies,2314,
Aug-20,Hyndburn,Mean of Weekly Award Amount,57.34,
Aug-20,Lancaster,Pension Credit Caseload - 2011 Geographies,3529,
Aug-20,Lancaster,Mean of Weekly Award Amount,58.05,
Aug-20,Pendle,Pension Credit Caseload - 2011 Geographies,2652,
Aug-20,Pendle,Mean of Weekly Award Amount,63.77,
Aug-20,Preston,Pension Credit Caseload - 2011 Geographies,3432,
Aug-20,Preston,Mean of Weekly Award Amount,65.5,
Aug-20,Ribble Valley,Pension Credit Caseload - 2011 Geographies,875,
Aug-20,Ribble Valley,Mean of Weekly Award Amount,53.56,
Aug-20,Rossendale,Pension Credit Caseload - 2011 Geographies,1789,
Aug-20,Rossendale,Mean of Weekly Award Amount,53.98,
Aug-20,South Ribble,Pension Credit Caseload - 2011 Geographies,2051,
Aug-20,South Ribble,Mean of Weekly Award Amount,54.84,
Aug-20,West Lancashire,Pension Credit Caseload - 2011 Geographies,3091,
Aug-20,West Lancashire,Mean of Weekly Award Amount,53.8,
Aug-20,Wyre,Pension Credit Caseload - 2011 Geographies,3381,
Aug-20,Wyre,Mean of Weekly Award Amount,56.21,
Aug-20,Knowsley,Pension Credit Caseload - 2011 Geographies,6229,
Aug-20,Knowsley,Mean of Weekly Award Amount,59.94,
Aug-20,Liverpool,Pension Credit Caseload - 2011 Geographies,18706,
Aug-20,Liverpool,Mean of Weekly Award Amount,64.55,
Aug-20,Sefton,Pension Credit Caseload - 2011 Geographies,9375,
Aug-20,Sefton,Mean of Weekly Award Amount,56.22,
Aug-20,St. Helens,Pension Credit Caseload - 2011 Geographies,5291,
Aug-20,St. Helens,Mean of Weekly Award Amount,57,
Aug-20,Wirral,Pension Credit Caseload - 2011 Geographies,9851,
Aug-20,Wirral,Mean of Weekly Award Amount,59.17,
Aug-20,East Riding of Yorkshire,Pension Credit Caseload - 2011 Geographies,8617,
Aug-20,East Riding of Yorkshire,Mean of Weekly Award Amount,51.32,
Aug-20,"Kingston upon Hull, City of",Pension Credit Caseload - 2011 Geographies,8809,
Aug-20,"Kingston upon Hull, City of",Mean of Weekly Award Amount,55.36,
Aug-20,North East Lincolnshire,Pension Credit Caseload - 2011 Geographies,5031,
Aug-20,North East Lincolnshire,Mean of Weekly Award Amount,53.89,
Aug-20,North Lincolnshire,Pension Credit Caseload - 2011 Geographies,4437,
Aug-20,North Lincolnshire,Mean of Weekly Award Amount,54.45,
Aug-20,North Yorkshire,Pension Credit Caseload - 2011 Geographies,12625,
Aug-20,North Yorkshire,Mean of Weekly Award Amount,54.24,
Aug-20,York,Pension Credit Caseload - 2011 Geographies,3160,
Aug-20,York,Mean of Weekly Award Amount,53.17,
Aug-20,Barnsley,Pension Credit Caseload - 2011 Geographies,6643,
Aug-20,Barnsley,Mean of Weekly Award Amount,54.64,
Aug-20,Doncaster,Pension Credit Caseload - 2011 Geographies,8370,
Aug-20,Doncaster,Mean of Weekly Award Amount,56.5,
Aug-20,Rotherham,Pension Credit Caseload - 2011 Geographies,7286,
Aug-20,Rotherham,Mean of Weekly Award Amount,54.25,
Aug-20,Sheffield,Pension Credit Caseload - 2011 Geographies,14868,
Aug-20,Sheffield,Mean of Weekly Award Amount,60.02,
Aug-20,Bradford,Pension Credit Caseload - 2011 Geographies,14204,
Aug-20,Bradford,Mean of Weekly Award Amount,64.24,
Aug-20,Calderdale,Pension Credit Caseload - 2011 Geographies,4891,
Aug-20,Calderdale,Mean of Weekly Award Amount,55.31,
Aug-20,Kirklees,Pension Credit Caseload - 2011 Geographies,9754,
Aug-20,Kirklees,Mean of Weekly Award Amount,57.72,
Aug-20,Leeds,Pension Credit Caseload - 2011 Geographies,16922,
Aug-20,Leeds,Mean of Weekly Award Amount,59.32,
Aug-20,Wakefield,Pension Credit Caseload - 2011 Geographies,8367,
Aug-20,Wakefield,Mean of Weekly Award Amount,53.47,
Aug-20,Derby,Pension Credit Caseload - 2011 Geographies,6096,
Aug-20,Derby,Mean of Weekly Award Amount,65.23,
Aug-20,Leicester,Pension Credit Caseload - 2011 Geographies,11086,
Aug-20,Leicester,Mean of Weekly Award Amount,95,
Aug-20,North Northamptonshire,Pension Credit Caseload - 2011 Geographies,6839,
Aug-20,North Northamptonshire,Mean of Weekly Award Amount,56.32,
Aug-20,Nottingham,Pension Credit Caseload - 2011 Geographies,7905,
Aug-20,Nottingham,Mean of Weekly Award Amount,64.89,
Aug-20,Rutland,Pension Credit Caseload - 2011 Geographies,591,
Aug-20,Rutland,Mean of Weekly Award Amount,53.45,
Aug-20,West Northamptonshire,Pension Credit Caseload - 2011 Geographies,6781,
Aug-20,West Northamptonshire,Mean of Weekly Award Amount,61.95,
Aug-20,Amber Valley,Pension Credit Caseload - 2011 Geographies,2885,
Aug-20,Amber Valley,Mean of Weekly Award Amount,52.92,
Aug-20,Bolsover,Pension Credit Caseload - 2011 Geographies,2177,
Aug-20,Bolsover,Mean of Weekly Award Amount,53.44,
Aug-20,Chesterfield,Pension Credit Caseload - 2011 Geographies,2979,
Aug-20,Chesterfield,Mean of Weekly Award Amount,53.28,
Aug-20,Derbyshire Dales,Pension Credit Caseload - 2011 Geographies,1329,
Aug-20,Derbyshire Dales,Mean of Weekly Award Amount,55.31,
Aug-20,Erewash,Pension Credit Caseload - 2011 Geographies,2618,
Aug-20,Erewash,Mean of Weekly Award Amount,48.01,
Aug-20,High Peak,Pension Credit Caseload - 2011 Geographies,1848,
Aug-20,High Peak,Mean of Weekly Award Amount,53.88,
Aug-20,North East Derbyshire,Pension Credit Caseload - 2011 Geographies,2614,
Aug-20,North East Derbyshire,Mean of Weekly Award Amount,51.75,
Aug-20,South Derbyshire,Pension Credit Caseload - 2011 Geographies,1654,
Aug-20,South Derbyshire,Mean of Weekly Award Amount,52.21,
Aug-20,Blaby,Pension Credit Caseload - 2011 Geographies,1705,
Aug-20,Blaby,Mean of Weekly Award Amount,55.58,
Aug-20,Charnwood,Pension Credit Caseload - 2011 Geographies,3005,
Aug-20,Charnwood,Mean of Weekly Award Amount,57.72,
Aug-20,Harborough,Pension Credit Caseload - 2011 Geographies,1355,
Aug-20,Harborough,Mean of Weekly Award Amount,54.82,
Aug-20,Hinckley and Bosworth,Pension Credit Caseload - 2011 Geographies,2042,
Aug-20,Hinckley and Bosworth,Mean of Weekly Award Amount,49.88,
Aug-20,Melton,Pension Credit Caseload - 2011 Geographies,852,
Aug-20,Melton,Mean of Weekly Award Amount,52.08,
Aug-20,North West Leicestershire,Pension Credit Caseload - 2011 Geographies,1757,
Aug-20,North West Leicestershire,Mean of Weekly Award Amount,52.67,
Aug-20,Oadby and Wigston,Pension Credit Caseload - 2011 Geographies,1181,
Aug-20,Oadby and Wigston,Mean of Weekly Award Amount,62.58,
Aug-20,Boston,Pension Credit Caseload - 2011 Geographies,2034,
Aug-20,Boston,Mean of Weekly Award Amount,62.16,
Aug-20,East Lindsey,Pension Credit Caseload - 2011 Geographies,5469,
Aug-20,East Lindsey,Mean of Weekly Award Amount,56.16,
Aug-20,Lincoln,Pension Credit Caseload - 2011 Geographies,2344,
Aug-20,Lincoln,Mean of Weekly Award Amount,57.71,
Aug-20,North Kesteven,Pension Credit Caseload - 2011 Geographies,2430,
Aug-20,North Kesteven,Mean of Weekly Award Amount,53.3,
Aug-20,South Holland,Pension Credit Caseload - 2011 Geographies,2402,
Aug-20,South Holland,Mean of Weekly Award Amount,52.35,
Aug-20,South Kesteven,Pension Credit Caseload - 2011 Geographies,2661,
Aug-20,South Kesteven,Mean of Weekly Award Amount,54.46,
Aug-20,West Lindsey,Pension Credit Caseload - 2011 Geographies,2233,
Aug-20,West Lindsey,Mean of Weekly Award Amount,52.88,
Aug-20,Ashfield,Pension Credit Caseload - 2011 Geographies,3057,
Aug-20,Ashfield,Mean of Weekly Award Amount,52.86,
Aug-20,Bassetlaw,Pension Credit Caseload - 2011 Geographies,2742,
Aug-20,Bassetlaw,Mean of Weekly Award Amount,54.18,
Aug-20,Broxtowe,Pension Credit Caseload - 2011 Geographies,2296,
Aug-20,Broxtowe,Mean of Weekly Award Amount,53.22,
Aug-20,Gedling,Pension Credit Caseload - 2011 Geographies,2278,
Aug-20,Gedling,Mean of Weekly Award Amount,52,
Aug-20,Mansfield,Pension Credit Caseload - 2011 Geographies,2553,
Aug-20,Mansfield,Mean of Weekly Award Amount,53.77,
Aug-20,Newark and Sherwood,Pension Credit Caseload - 2011 Geographies,2442,
Aug-20,Newark and Sherwood,Mean of Weekly Award Amount,54.51,
Aug-20,Rushcliffe,Pension Credit Caseload - 2011 Geographies,1670,
Aug-20,Rushcliffe,Mean of Weekly Award Amount,54.2,
Aug-20,"Herefordshire, County of",Pension Credit Caseload - 2011 Geographies,4404,
Aug-20,"Herefordshire, County of",Mean of Weekly Award Amount,55.7,
Aug-20,Shropshire,Pension Credit Caseload - 2011 Geographies,7592,
Aug-20,Shropshire,Mean of Weekly Award Amount,54.91,
Aug-20,Stoke-on-Trent,Pension Credit Caseload - 2011 Geographies,7152,
Aug-20,Stoke-on-Trent,Mean of Weekly Award Amount,54.75,
Aug-20,Telford and Wrekin,Pension Credit Caseload - 2011 Geographies,4516,
Aug-20,Telford and Wrekin,Mean of Weekly Award Amount,58.39,
Aug-20,Cannock Chase,Pension Credit Caseload - 2011 Geographies,2526,
Aug-20,Cannock Chase,Mean of Weekly Award Amount,51.25,
Aug-20,East Staffordshire,Pension Credit Caseload - 2011 Geographies,2158,
Aug-20,East Staffordshire,Mean of Weekly Award Amount,54.53,
Aug-20,Lichfield,Pension Credit Caseload - 2011 Geographies,1919,
Aug-20,Lichfield,Mean of Weekly Award Amount,51.12,
Aug-20,Newcastle-under-Lyme,Pension Credit Caseload - 2011 Geographies,2850,
Aug-20,Newcastle-under-Lyme,Mean of Weekly Award Amount,52.58,
Aug-20,South Staffordshire,Pension Credit Caseload - 2011 Geographies,2501,
Aug-20,South Staffordshire,Mean of Weekly Award Amount,50.36,
Aug-20,Stafford,Pension Credit Caseload - 2011 Geographies,2299,
Aug-20,Stafford,Mean of Weekly Award Amount,53.61,
Aug-20,Staffordshire Moorlands,Pension Credit Caseload - 2011 Geographies,1988,
Aug-20,Staffordshire Moorlands,Mean of Weekly Award Amount,52.02,
Aug-20,Tamworth,Pension Credit Caseload - 2011 Geographies,1909,
Aug-20,Tamworth,Mean of Weekly Award Amount,51.41,
Aug-20,North Warwickshire,Pension Credit Caseload - 2011 Geographies,1458,
Aug-20,North Warwickshire,Mean of Weekly Award Amount,50.95,
Aug-20,Nuneaton and Bedworth,Pension Credit Caseload - 2011 Geographies,3006,
Aug-20,Nuneaton and Bedworth,Mean of Weekly Award Amount,59.9,
Aug-20,Rugby,Pension Credit Caseload - 2011 Geographies,1751,
Aug-20,Rugby,Mean of Weekly Award Amount,58.97,
Aug-20,Stratford-on-Avon,Pension Credit Caseload - 2011 Geographies,2370,
Aug-20,Stratford-on-Avon,Mean of Weekly Award Amount,55.29,
Aug-20,Warwick,Pension Credit Caseload - 2011 Geographies,2320,
Aug-20,Warwick,Mean of Weekly Award Amount,55.28,
Aug-20,Birmingham,Pension Credit Caseload - 2011 Geographies,32583,
Aug-20,Birmingham,Mean of Weekly Award Amount,72.26,
Aug-20,Coventry,Pension Credit Caseload - 2011 Geographies,7954,
Aug-20,Coventry,Mean of Weekly Award Amount,65.93,
Aug-20,Dudley,Pension Credit Caseload - 2011 Geographies,8952,
Aug-20,Dudley,Mean of Weekly Award Amount,53.7,
Aug-20,Sandwell,Pension Credit Caseload - 2011 Geographies,10948,
Aug-20,Sandwell,Mean of Weekly Award Amount,65.69,
Aug-20,Solihull,Pension Credit Caseload - 2011 Geographies,4342,
Aug-20,Solihull,Mean of Weekly Award Amount,57.57,
Aug-20,Walsall,Pension Credit Caseload - 2011 Geographies,8703,
Aug-20,Walsall,Mean of Weekly Award Amount,58.99,
Aug-20,Wolverhampton,Pension Credit Caseload - 2011 Geographies,8239,
Aug-20,Wolverhampton,Mean of Weekly Award Amount,62.79,
Aug-20,Bromsgrove,Pension Credit Caseload - 2011 Geographies,1732,
Aug-20,Bromsgrove,Mean of Weekly Award Amount,51.47,
Aug-20,Malvern Hills,Pension Credit Caseload - 2011 Geographies,1722,
Aug-20,Malvern Hills,Mean of Weekly Award Amount,56.44,
Aug-20,Redditch,Pension Credit Caseload - 2011 Geographies,1872,
Aug-20,Redditch,Mean of Weekly Award Amount,56.13,
Aug-20,Worcester,Pension Credit Caseload - 2011 Geographies,1908,
Aug-20,Worcester,Mean of Weekly Award Amount,56.53,
Aug-20,Wychavon,Pension Credit Caseload - 2011 Geographies,2539,
Aug-20,Wychavon,Mean of Weekly Award Amount,56.49,
Aug-20,Wyre Forest,Pension Credit Caseload - 2011 Geographies,2663,
Aug-20,Wyre Forest,Mean of Weekly Award Amount,51.49,
Aug-20,Bedford,Pension Credit Caseload - 2011 Geographies,3090,
Aug-20,Bedford,Mean of Weekly Award Amount,65.01,
Aug-20,Central Bedfordshire,Pension Credit Caseload - 2011 Geographies,4043,
Aug-20,Central Bedfordshire,Mean of Weekly Award Amount,54.67,
Aug-20,Luton,Pension Credit Caseload - 2011 Geographies,4550,
Aug-20,Luton,Mean of Weekly Award Amount,77.55,
Aug-20,Peterborough,Pension Credit Caseload - 2011 Geographies,4470,
Aug-20,Peterborough,Mean of Weekly Award Amount,71.5,
Aug-20,Southend-on-Sea,Pension Credit Caseload - 2011 Geographies,4675,
Aug-20,Southend-on-Sea,Mean of Weekly Award Amount,60.8,
Aug-20,Thurrock,Pension Credit Caseload - 2011 Geographies,3074,
Aug-20,Thurrock,Mean of Weekly Award Amount,64.65,
Aug-20,Cambridge,Pension Credit Caseload - 2011 Geographies,1584,
Aug-20,Cambridge,Mean of Weekly Award Amount,69.6,
Aug-20,East Cambridgeshire,Pension Credit Caseload - 2011 Geographies,1440,
Aug-20,East Cambridgeshire,Mean of Weekly Award Amount,58.5,
Aug-20,Fenland,Pension Credit Caseload - 2011 Geographies,2791,
Aug-20,Fenland,Mean of Weekly Award Amount,57.62,
Aug-20,Huntingdonshire,Pension Credit Caseload - 2011 Geographies,2508,
Aug-20,Huntingdonshire,Mean of Weekly Award Amount,55.88,
Aug-20,South Cambridgeshire,Pension Credit Caseload - 2011 Geographies,1863,
Aug-20,South Cambridgeshire,Mean of Weekly Award Amount,63.86,
Aug-20,Basildon,Pension Credit Caseload - 2011 Geographies,4100,
Aug-20,Basildon,Mean of Weekly Award Amount,60.62,
Aug-20,Braintree,Pension Credit Caseload - 2011 Geographies,2955,
Aug-20,Braintree,Mean of Weekly Award Amount,53.56,
Aug-20,Brentwood,Pension Credit Caseload - 2011 Geographies,1166,
Aug-20,Brentwood,Mean of Weekly Award Amount,60.93,
Aug-20,Castle Point,Pension Credit Caseload - 2011 Geographies,2238,
Aug-20,Castle Point,Mean of Weekly Award Amount,56.35,
Aug-20,Chelmsford,Pension Credit Caseload - 2011 Geographies,2531,
Aug-20,Chelmsford,Mean of Weekly Award Amount,58.51,
Aug-20,Colchester,Pension Credit Caseload - 2011 Geographies,3147,
Aug-20,Colchester,Mean of Weekly Award Amount,62.3,
Aug-20,Epping Forest,Pension Credit Caseload - 2011 Geographies,2619,
Aug-20,Epping Forest,Mean of Weekly Award Amount,63,
Aug-20,Harlow,Pension Credit Caseload - 2011 Geographies,1802,
Aug-20,Harlow,Mean of Weekly Award Amount,59.93,
Aug-20,Maldon,Pension Credit Caseload - 2011 Geographies,1396,
Aug-20,Maldon,Mean of Weekly Award Amount,54.79,
Aug-20,Rochford,Pension Credit Caseload - 2011 Geographies,1601,
Aug-20,Rochford,Mean of Weekly Award Amount,54.73,
Aug-20,Tendring,Pension Credit Caseload - 2011 Geographies,5362,
Aug-20,Tendring,Mean of Weekly Award Amount,57.11,
Aug-20,Uttlesford,Pension Credit Caseload - 2011 Geographies,1185,
Aug-20,Uttlesford,Mean of Weekly Award Amount,54.52,
Aug-20,Broxbourne,Pension Credit Caseload - 2011 Geographies,1897,
Aug-20,Broxbourne,Mean of Weekly Award Amount,67.15,
Aug-20,Dacorum,Pension Credit Caseload - 2011 Geographies,2198,
Aug-20,Dacorum,Mean of Weekly Award Amount,61.12,
Aug-20,East Hertfordshire,Pension Credit Caseload - 2011 Geographies,1885,
Aug-20,East Hertfordshire,Mean of Weekly Award Amount,59.3,
Aug-20,Hertsmere,Pension Credit Caseload - 2011 Geographies,1881,
Aug-20,Hertsmere,Mean of Weekly Award Amount,71.47,
Aug-20,North Hertfordshire,Pension Credit Caseload - 2011 Geographies,2097,
Aug-20,North Hertfordshire,Mean of Weekly Award Amount,55.5,
Aug-20,St Albans,Pension Credit Caseload - 2011 Geographies,1540,
Aug-20,St Albans,Mean of Weekly Award Amount,66.21,
Aug-20,Stevenage,Pension Credit Caseload - 2011 Geographies,1536,
Aug-20,Stevenage,Mean of Weekly Award Amount,62.33,
Aug-20,Three Rivers,Pension Credit Caseload - 2011 Geographies,1316,
Aug-20,Three Rivers,Mean of Weekly Award Amount,70.5,
Aug-20,Watford,Pension Credit Caseload - 2011 Geographies,1471,
Aug-20,Watford,Mean of Weekly Award Amount,73.63,
Aug-20,Welwyn Hatfield,Pension Credit Caseload - 2011 Geographies,1721,
Aug-20,Welwyn Hatfield,Mean of Weekly Award Amount,64.49,
Aug-20,Breckland,Pension Credit Caseload - 2011 Geographies,3302,
Aug-20,Breckland,Mean of Weekly Award Amount,53.55,
Aug-20,Broadland,Pension Credit Caseload - 2011 Geographies,2455,
Aug-20,Broadland,Mean of Weekly Award Amount,51.25,
Aug-20,Great Yarmouth,Pension Credit Caseload - 2011 Geographies,3596,
Aug-20,Great Yarmouth,Mean of Weekly Award Amount,52.86,
Aug-20,King's Lynn and West Norfolk,Pension Credit Caseload - 2011 Geographies,4241,
Aug-20,King's Lynn and West Norfolk,Mean of Weekly Award Amount,55.21,
Aug-20,North Norfolk,Pension Credit Caseload - 2011 Geographies,3129,
Aug-20,North Norfolk,Mean of Weekly Award Amount,50.44,
Aug-20,Norwich,Pension Credit Caseload - 2011 Geographies,3692,
Aug-20,Norwich,Mean of Weekly Award Amount,57.03,
Aug-20,South Norfolk,Pension Credit Caseload - 2011 Geographies,2727,
Aug-20,South Norfolk,Mean of Weekly Award Amount,53.71,
Aug-20,Babergh,Pension Credit Caseload - 2011 Geographies,1850,
Aug-20,Babergh,Mean of Weekly Award Amount,51.9,
Aug-20,East Suffolk,Pension Credit Caseload - 2011 Geographies,6043,
Aug-20,East Suffolk,Mean of Weekly Award Amount,53.56,
Aug-20,Ipswich,Pension Credit Caseload - 2011 Geographies,3022,
Aug-20,Ipswich,Mean of Weekly Award Amount,65.16,
Aug-20,Mid Suffolk,Pension Credit Caseload - 2011 Geographies,1870,
Aug-20,Mid Suffolk,Mean of Weekly Award Amount,55.03,
Aug-20,West Suffolk,Pension Credit Caseload - 2011 Geographies,3191,
Aug-20,West Suffolk,Mean of Weekly Award Amount,54.61,
Aug-20,Camden,Pension Credit Caseload - 2011 Geographies,6208,
Aug-20,Camden,Mean of Weekly Award Amount,95.78,
Aug-20,City of London,Pension Credit Caseload - 2011 Geographies,99,
Aug-20,City of London,Mean of Weekly Award Amount,87.89,
Aug-20,Hackney,Pension Credit Caseload - 2011 Geographies,7708,
Aug-20,Hackney,Mean of Weekly Award Amount,98.13,
Aug-20,Hammersmith and Fulham,Pension Credit Caseload - 2011 Geographies,4554,
Aug-20,Hammersmith and Fulham,Mean of Weekly Award Amount,94.94,
Aug-20,Haringey,Pension Credit Caseload - 2011 Geographies,7070,
Aug-20,Haringey,Mean of Weekly Award Amount,99.62,
Aug-20,Islington,Pension Credit Caseload - 2011 Geographies,6310,
Aug-20,Islington,Mean of Weekly Award Amount,89.64,
Aug-20,Kensington and Chelsea,Pension Credit Caseload - 2011 Geographies,4440,
Aug-20,Kensington and Chelsea,Mean of Weekly Award Amount,97.37,
Aug-20,Lambeth,Pension Credit Caseload - 2011 Geographies,7534,
Aug-20,Lambeth,Mean of Weekly Award Amount,90.11,
Aug-20,Lewisham,Pension Credit Caseload - 2011 Geographies,6192,
Aug-20,Lewisham,Mean of Weekly Award Amount,84.05,
Aug-20,Newham,Pension Credit Caseload - 2011 Geographies,8306,
Aug-20,Newham,Mean of Weekly Award Amount,101.73,
Aug-20,Southwark,Pension Credit Caseload - 2011 Geographies,7506,
Aug-20,Southwark,Mean of Weekly Award Amount,90.74,
Aug-20,Tower Hamlets,Pension Credit Caseload - 2011 Geographies,7430,
Aug-20,Tower Hamlets,Mean of Weekly Award Amount,96.86,
Aug-20,Wandsworth,Pension Credit Caseload - 2011 Geographies,5856,
Aug-20,Wandsworth,Mean of Weekly Award Amount,89.52,
Aug-20,Westminster,Pension Credit Caseload - 2011 Geographies,5981,
Aug-20,Westminster,Mean of Weekly Award Amount,106.57,
Aug-20,Barking and Dagenham,Pension Credit Caseload - 2011 Geographies,4711,
Aug-20,Barking and Dagenham,Mean of Weekly Award Amount,83.87,
Aug-20,Barnet,Pension Credit Caseload - 2011 Geographies,7900,
Aug-20,Barnet,Mean of Weekly Award Amount,99.89,
Aug-20,Bexley,Pension Credit Caseload - 2011 Geographies,4095,
Aug-20,Bexley,Mean of Weekly Award Amount,70.29,
Aug-20,Brent,Pension Credit Caseload - 2011 Geographies,9185,
Aug-20,Brent,Mean of Weekly Award Amount,108.19,
Aug-20,Bromley,Pension Credit Caseload - 2011 Geographies,5207,
Aug-20,Bromley,Mean of Weekly Award Amount,72.03,
Aug-20,Croydon,Pension Credit Caseload - 2011 Geographies,7361,
Aug-20,Croydon,Mean of Weekly Award Amount,87.14,
Aug-20,Ealing,Pension Credit Caseload - 2011 Geographies,8784,
Aug-20,Ealing,Mean of Weekly Award Amount,113.74,
Aug-20,Enfield,Pension Credit Caseload - 2011 Geographies,8075,
Aug-20,Enfield,Mean of Weekly Award Amount,93.38,
Aug-20,Greenwich,Pension Credit Caseload - 2011 Geographies,6307,
Aug-20,Greenwich,Mean of Weekly Award Amount,92.01,
Aug-20,Harrow,Pension Credit Caseload - 2011 Geographies,5921,
Aug-20,Harrow,Mean of Weekly Award Amount,118.69,
Aug-20,Havering,Pension Credit Caseload - 2011 Geographies,4804,
Aug-20,Havering,Mean of Weekly Award Amount,65.66,
Aug-20,Hillingdon,Pension Credit Caseload - 2011 Geographies,5404,
Aug-20,Hillingdon,Mean of Weekly Award Amount,101.09,
Aug-20,Hounslow,Pension Credit Caseload - 2011 Geographies,5909,
Aug-20,Hounslow,Mean of Weekly Award Amount,107.89,
Aug-20,Kingston upon Thames,Pension Credit Caseload - 2011 Geographies,2488,
Aug-20,Kingston upon Thames,Mean of Weekly Award Amount,97.43,
Aug-20,Merton,Pension Credit Caseload - 2011 Geographies,3528,
Aug-20,Merton,Mean of Weekly Award Amount,93.07,
Aug-20,Redbridge,Pension Credit Caseload - 2011 Geographies,6464,
Aug-20,Redbridge,Mean of Weekly Award Amount,96.44,
Aug-20,Richmond upon Thames,Pension Credit Caseload - 2011 Geographies,2682,
Aug-20,Richmond upon Thames,Mean of Weekly Award Amount,82.62,
Aug-20,Sutton,Pension Credit Caseload - 2011 Geographies,3256,
Aug-20,Sutton,Mean of Weekly Award Amount,81.42,
Aug-20,Waltham Forest,Pension Credit Caseload - 2011 Geographies,5985,
Aug-20,Waltham Forest,Mean of Weekly Award Amount,85.86,
Aug-20,Bracknell Forest,Pension Credit Caseload - 2011 Geographies,1587,
Aug-20,Bracknell Forest,Mean of Weekly Award Amount,73.35,
Aug-20,Brighton and Hove,Pension Credit Caseload - 2011 Geographies,6360,
Aug-20,Brighton and Hove,Mean of Weekly Award Amount,70.11,
Aug-20,Buckinghamshire,Pension Credit Caseload - 2011 Geographies,6855,
Aug-20,Buckinghamshire,Mean of Weekly Award Amount,65.38,
Aug-20,Isle of Wight,Pension Credit Caseload - 2011 Geographies,4476,
Aug-20,Isle of Wight,Mean of Weekly Award Amount,56.26,
Aug-20,Medway,Pension Credit Caseload - 2011 Geographies,5315,
Aug-20,Medway,Mean of Weekly Award Amount,60.01,
Aug-20,Milton Keynes,Pension Credit Caseload - 2011 Geographies,4338,
Aug-20,Milton Keynes,Mean of Weekly Award Amount,69.79,
Aug-20,Portsmouth,Pension Credit Caseload - 2011 Geographies,4684,
Aug-20,Portsmouth,Mean of Weekly Award Amount,62.49,
Aug-20,Reading,Pension Credit Caseload - 2011 Geographies,3083,
Aug-20,Reading,Mean of Weekly Award Amount,89.36,
Aug-20,Slough,Pension Credit Caseload - 2011 Geographies,2848,
Aug-20,Slough,Mean of Weekly Award Amount,92.23,
Aug-20,Southampton,Pension Credit Caseload - 2011 Geographies,5233,
Aug-20,Southampton,Mean of Weekly Award Amount,65.77,
Aug-20,West Berkshire,Pension Credit Caseload - 2011 Geographies,2071,
Aug-20,West Berkshire,Mean of Weekly Award Amount,57.58,
Aug-20,Windsor and Maidenhead,Pension Credit Caseload - 2011 Geographies,2009,
Aug-20,Windsor and Maidenhead,Mean of Weekly Award Amount,67.4,
Aug-20,Wokingham,Pension Credit Caseload - 2011 Geographies,1487,
Aug-20,Wokingham,Mean of Weekly Award Amount,62.69,
Aug-20,Eastbourne,Pension Credit Caseload - 2011 Geographies,2971,
Aug-20,Eastbourne,Mean of Weekly Award Amount,62.1,
Aug-20,Hastings,Pension Credit Caseload - 2011 Geographies,3215,
Aug-20,Hastings,Mean of Weekly Award Amount,63.14,
Aug-20,Lewes,Pension Credit Caseload - 2011 Geographies,2364,
Aug-20,Lewes,Mean of Weekly Award Amount,59.07,
Aug-20,Rother,Pension Credit Caseload - 2011 Geographies,2807,
Aug-20,Rother,Mean of Weekly Award Amount,58.45,
Aug-20,Wealden,Pension Credit Caseload - 2011 Geographies,3035,
Aug-20,Wealden,Mean of Weekly Award Amount,56.66,
Aug-20,Basingstoke and Deane,Pension Credit Caseload - 2011 Geographies,2237,
Aug-20,Basingstoke and Deane,Mean of Weekly Award Amount,67.8,
Aug-20,East Hampshire,Pension Credit Caseload - 2011 Geographies,1698,
Aug-20,East Hampshire,Mean of Weekly Award Amount,59.02,
Aug-20,Eastleigh,Pension Credit Caseload - 2011 Geographies,1847,
Aug-20,Eastleigh,Mean of Weekly Award Amount,57.23,
Aug-20,Fareham,Pension Credit Caseload - 2011 Geographies,1655,
Aug-20,Fareham,Mean of Weekly Award Amount,51.67,
Aug-20,Gosport,Pension Credit Caseload - 2011 Geographies,1656,
Aug-20,Gosport,Mean of Weekly Award Amount,55.07,
Aug-20,Hart,Pension Credit Caseload - 2011 Geographies,903,
Aug-20,Hart,Mean of Weekly Award Amount,63.76,
Aug-20,Havant,Pension Credit Caseload - 2011 Geographies,3106,
Aug-20,Havant,Mean of Weekly Award Amount,55.24,
Aug-20,New Forest,Pension Credit Caseload - 2011 Geographies,3479,
Aug-20,New Forest,Mean of Weekly Award Amount,55.77,
Aug-20,Rushmoor,Pension Credit Caseload - 2011 Geographies,2533,
Aug-20,Rushmoor,Mean of Weekly Award Amount,121.33,
Aug-20,Test Valley,Pension Credit Caseload - 2011 Geographies,1795,
Aug-20,Test Valley,Mean of Weekly Award Amount,59.03,
Aug-20,Winchester,Pension Credit Caseload - 2011 Geographies,1742,
Aug-20,Winchester,Mean of Weekly Award Amount,60.18,
Aug-20,Ashford,Pension Credit Caseload - 2011 Geographies,2613,
Aug-20,Ashford,Mean of Weekly Award Amount,76.91,
Aug-20,Canterbury,Pension Credit Caseload - 2011 Geographies,3351,
Aug-20,Canterbury,Mean of Weekly Award Amount,59.73,
Aug-20,Dartford,Pension Credit Caseload - 2011 Geographies,1488,
Aug-20,Dartford,Mean of Weekly Award Amount,62.37,
Aug-20,Dover,Pension Credit Caseload - 2011 Geographies,2921,
Aug-20,Dover,Mean of Weekly Award Amount,58.03,
Aug-20,Folkestone and Hythe,Pension Credit Caseload - 2011 Geographies,3247,
Aug-20,Folkestone and Hythe,Mean of Weekly Award Amount,66.36,
Aug-20,Gravesham,Pension Credit Caseload - 2011 Geographies,2052,
Aug-20,Gravesham,Mean of Weekly Award Amount,63.11,
Aug-20,Maidstone,Pension Credit Caseload - 2011 Geographies,2867,
Aug-20,Maidstone,Mean of Weekly Award Amount,65.4,
Aug-20,Sevenoaks,Pension Credit Caseload - 2011 Geographies,1799,
Aug-20,Sevenoaks,Mean of Weekly Award Amount,62.14,
Aug-20,Swale,Pension Credit Caseload - 2011 Geographies,3356,
Aug-20,Swale,Mean of Weekly Award Amount,57.31,
Aug-20,Thanet,Pension Credit Caseload - 2011 Geographies,4869,
Aug-20,Thanet,Mean of Weekly Award Amount,60.18,
Aug-20,Tonbridge and Malling,Pension Credit Caseload - 2011 Geographies,1880,
Aug-20,Tonbridge and Malling,Mean of Weekly Award Amount,60.53,
Aug-20,Tunbridge Wells,Pension Credit Caseload - 2011 Geographies,1782,
Aug-20,Tunbridge Wells,Mean of Weekly Award Amount,60.88,
Aug-20,Cherwell,Pension Credit Caseload - 2011 Geographies,2024,
Aug-20,Cherwell,Mean of Weekly Award Amount,59.48,
Aug-20,Oxford,Pension Credit Caseload - 2011 Geographies,2081,
Aug-20,Oxford,Mean of Weekly Award Amount,76.54,
Aug-20,South Oxfordshire,Pension Credit Caseload - 2011 Geographies,1716,
Aug-20,South Oxfordshire,Mean of Weekly Award Amount,57.29,
Aug-20,Vale of White Horse,Pension Credit Caseload - 2011 Geographies,1503,
Aug-20,Vale of White Horse,Mean of Weekly Award Amount,59.96,
Aug-20,West Oxfordshire,Pension Credit Caseload - 2011 Geographies,1502,
Aug-20,West Oxfordshire,Mean of Weekly Award Amount,59.62,
Aug-20,Elmbridge,Pension Credit Caseload - 2011 Geographies,1684,
Aug-20,Elmbridge,Mean of Weekly Award Amount,73.28,
Aug-20,Epsom and Ewell,Pension Credit Caseload - 2011 Geographies,893,
Aug-20,Epsom and Ewell,Mean of Weekly Award Amount,78.19,
Aug-20,Guildford,Pension Credit Caseload - 2011 Geographies,1601,
Aug-20,Guildford,Mean of Weekly Award Amount,62.39,
Aug-20,Mole Valley,Pension Credit Caseload - 2011 Geographies,1183,
Aug-20,Mole Valley,Mean of Weekly Award Amount,63,
Aug-20,Reigate and Banstead,Pension Credit Caseload - 2011 Geographies,1774,
Aug-20,Reigate and Banstead,Mean of Weekly Award Amount,67.97,
Aug-20,Runnymede,Pension Credit Caseload - 2011 Geographies,1198,
Aug-20,Runnymede,Mean of Weekly Award Amount,65.13,
Aug-20,Spelthorne,Pension Credit Caseload - 2011 Geographies,1427,
Aug-20,Spelthorne,Mean of Weekly Award Amount,68.22,
Aug-20,Surrey Heath,Pension Credit Caseload - 2011 Geographies,1007,
Aug-20,Surrey Heath,Mean of Weekly Award Amount,72.02,
Aug-20,Tandridge,Pension Credit Caseload - 2011 Geographies,1085,
Aug-20,Tandridge,Mean of Weekly Award Amount,64.96,
Aug-20,Waverley,Pension Credit Caseload - 2011 Geographies,1639,
Aug-20,Waverley,Mean of Weekly Award Amount,60.77,
Aug-20,Woking,Pension Credit Caseload - 2011 Geographies,1272,
Aug-20,Woking,Mean of Weekly Award Amount,69.93,
Aug-20,Adur,Pension Credit Caseload - 2011 Geographies,1519,
Aug-20,Adur,Mean of Weekly Award Amount,57.91,
Aug-20,Arun,Pension Credit Caseload - 2011 Geographies,4268,
Aug-20,Arun,Mean of Weekly Award Amount,57.2,
Aug-20,Chichester,Pension Credit Caseload - 2011 Geographies,2412,
Aug-20,Chichester,Mean of Weekly Award Amount,58.78,
Aug-20,Crawley,Pension Credit Caseload - 2011 Geographies,1871,
Aug-20,Crawley,Mean of Weekly Award Amount,77.51,
Aug-20,Horsham,Pension Credit Caseload - 2011 Geographies,1930,
Aug-20,Horsham,Mean of Weekly Award Amount,60,
Aug-20,Mid Sussex,Pension Credit Caseload - 2011 Geographies,1880,
Aug-20,Mid Sussex,Mean of Weekly Award Amount,60.33,
Aug-20,Worthing,Pension Credit Caseload - 2011 Geographies,2510,
Aug-20,Worthing,Mean of Weekly Award Amount,58.4,
Aug-20,Bath and North East Somerset,Pension Credit Caseload - 2011 Geographies,3101,
Aug-20,Bath and North East Somerset,Mean of Weekly Award Amount,57.16,
Aug-20,"Bournemouth, Christchurch and Poole",Pension Credit Caseload - 2011 Geographies,10034,
Aug-20,"Bournemouth, Christchurch and Poole",Mean of Weekly Award Amount,58.93,
Aug-20,"Bristol, City of",Pension Credit Caseload - 2011 Geographies,8862,
Aug-20,"Bristol, City of",Mean of Weekly Award Amount,67.3,
Aug-20,Cornwall,Pension Credit Caseload - 2011 Geographies,17197,
Aug-20,Cornwall,Mean of Weekly Award Amount,52.21,
Aug-20,Dorset,Pension Credit Caseload - 2011 Geographies,8498,
Aug-20,Dorset,Mean of Weekly Award Amount,54.37,
Aug-20,Isles of Scilly,Pension Credit Caseload - 2011 Geographies,25,
Aug-20,Isles of Scilly,Mean of Weekly Award Amount,64.54,
Aug-20,North Somerset,Pension Credit Caseload - 2011 Geographies,4618,
Aug-20,North Somerset,Mean of Weekly Award Amount,56.04,
Aug-20,Plymouth,Pension Credit Caseload - 2011 Geographies,6479,
Aug-20,Plymouth,Mean of Weekly Award Amount,57.19,
Aug-20,Somerset,Pension Credit Caseload - 2011 Geographies,12588,
Aug-20,Somerset,Mean of Weekly Award Amount,55.45,
Aug-20,South Gloucestershire,Pension Credit Caseload - 2011 Geographies,4097,
Aug-20,South Gloucestershire,Mean of Weekly Award Amount,58.39,
Aug-20,Swindon,Pension Credit Caseload - 2011 Geographies,4150,
Aug-20,Swindon,Mean of Weekly Award Amount,73.55,
Aug-20,Torbay,Pension Credit Caseload - 2011 Geographies,5342,
Aug-20,Torbay,Mean of Weekly Award Amount,57.58,
Aug-20,Wiltshire,Pension Credit Caseload - 2011 Geographies,8158,
Aug-20,Wiltshire,Mean of Weekly Award Amount,56.57,
Aug-20,East Devon,Pension Credit Caseload - 2011 Geographies,3345,
Aug-20,East Devon,Mean of Weekly Award Amount,52.58,
Aug-20,Exeter,Pension Credit Caseload - 2011 Geographies,2453,
Aug-20,Exeter,Mean of Weekly Award Amount,55.9,
Aug-20,Mid Devon,Pension Credit Caseload - 2011 Geographies,1789,
Aug-20,Mid Devon,Mean of Weekly Award Amount,55.94,
Aug-20,North Devon,Pension Credit Caseload - 2011 Geographies,2567,
Aug-20,North Devon,Mean of Weekly Award Amount,52.84,
Aug-20,South Hams,Pension Credit Caseload - 2011 Geographies,2052,
Aug-20,South Hams,Mean of Weekly Award Amount,56.83,
Aug-20,Teignbridge,Pension Credit Caseload - 2011 Geographies,3509,
Aug-20,Teignbridge,Mean of Weekly Award Amount,55.87,
Aug-20,Torridge,Pension Credit Caseload - 2011 Geographies,1999,
Aug-20,Torridge,Mean of Weekly Award Amount,52.27,
Aug-20,West Devon,Pension Credit Caseload - 2011 Geographies,1369,
Aug-20,West Devon,Mean of Weekly Award Amount,56.44,
Aug-20,Cheltenham,Pension Credit Caseload - 2011 Geographies,1994,
Aug-20,Cheltenham,Mean of Weekly Award Amount,57.79,
Aug-20,Cotswold,Pension Credit Caseload - 2011 Geographies,1618,
Aug-20,Cotswold,Mean of Weekly Award Amount,53.25,
Aug-20,Forest of Dean,Pension Credit Caseload - 2011 Geographies,2024,
Aug-20,Forest of Dean,Mean of Weekly Award Amount,58.28,
Aug-20,Gloucester,Pension Credit Caseload - 2011 Geographies,2470,
Aug-20,Gloucester,Mean of Weekly Award Amount,63.93,
Aug-20,Stroud,Pension Credit Caseload - 2011 Geographies,2078,
Aug-20,Stroud,Mean of Weekly Award Amount,55.14,
Aug-20,Tewkesbury,Pension Credit Caseload - 2011 Geographies,1515,
Aug-20,Tewkesbury,Mean of Weekly Award Amount,58.61,
Aug-20,Total,Pension Credit Caseload - 2011 Geographies,1261761,
Aug-20,Total,Mean of Weekly Award Amount,65.08,
Nov-20,England,Pension Credit Caseload - 2011 Geographies,1249181,
Nov-20,England,Mean of Weekly Award Amount,65.11,
Nov-20,County Durham,Pension Credit Caseload - 2011 Geographies,16127,
Nov-20,County Durham,Mean of Weekly Award Amount,52.32,
Nov-20,Darlington,Pension Credit Caseload - 2011 Geographies,2871,
Nov-20,Darlington,Mean of Weekly Award Amount,56.9,
Nov-20,Hartlepool,Pension Credit Caseload - 2011 Geographies,3501,
Nov-20,Hartlepool,Mean of Weekly Award Amount,56.43,
Nov-20,Middlesbrough,Pension Credit Caseload - 2011 Geographies,4568,
Nov-20,Middlesbrough,Mean of Weekly Award Amount,58.98,
Nov-20,Northumberland,Pension Credit Caseload - 2011 Geographies,7941,
Nov-20,Northumberland,Mean of Weekly Award Amount,51.02,
Nov-20,Redcar and Cleveland,Pension Credit Caseload - 2011 Geographies,4609,
Nov-20,Redcar and Cleveland,Mean of Weekly Award Amount,51.87,
Nov-20,Stockton-on-Tees,Pension Credit Caseload - 2011 Geographies,5088,
Nov-20,Stockton-on-Tees,Mean of Weekly Award Amount,54.9,
Nov-20,Gateshead,Pension Credit Caseload - 2011 Geographies,6577,
Nov-20,Gateshead,Mean of Weekly Award Amount,54.06,
Nov-20,Newcastle upon Tyne,Pension Credit Caseload - 2011 Geographies,8170,
Nov-20,Newcastle upon Tyne,Mean of Weekly Award Amount,60.85,
Nov-20,North Tyneside,Pension Credit Caseload - 2011 Geographies,5919,
Nov-20,North Tyneside,Mean of Weekly Award Amount,50.95,
Nov-20,South Tyneside,Pension Credit Caseload - 2011 Geographies,5603,
Nov-20,South Tyneside,Mean of Weekly Award Amount,52.43,
Nov-20,Sunderland,Pension Credit Caseload - 2011 Geographies,10231,
Nov-20,Sunderland,Mean of Weekly Award Amount,53.64,
Nov-20,Blackburn with Darwen,Pension Credit Caseload - 2011 Geographies,4228,
Nov-20,Blackburn with Darwen,Mean of Weekly Award Amount,69.87,
Nov-20,Blackpool,Pension Credit Caseload - 2011 Geographies,5804,
Nov-20,Blackpool,Mean of Weekly Award Amount,57.53,
Nov-20,Cheshire East,Pension Credit Caseload - 2011 Geographies,6490,
Nov-20,Cheshire East,Mean of Weekly Award Amount,55.04,
Nov-20,Cheshire West and Chester,Pension Credit Caseload - 2011 Geographies,7114,
Nov-20,Cheshire West and Chester,Mean of Weekly Award Amount,55.18,
Nov-20,Cumberland,Pension Credit Caseload - 2011 Geographies,6488,
Nov-20,Cumberland,Mean of Weekly Award Amount,53.94,
Nov-20,Halton,Pension Credit Caseload - 2011 Geographies,3635,
Nov-20,Halton,Mean of Weekly Award Amount,58.67,
Nov-20,Warrington,Pension Credit Caseload - 2011 Geographies,4083,
Nov-20,Warrington,Mean of Weekly Award Amount,55.59,
Nov-20,Westmorland and Furness,Pension Credit Caseload - 2011 Geographies,4616,
Nov-20,Westmorland and Furness,Mean of Weekly Award Amount,55.08,
Nov-20,Bolton,Pension Credit Caseload - 2011 Geographies,7996,
Nov-20,Bolton,Mean of Weekly Award Amount,64.21,
Nov-20,Bury,Pension Credit Caseload - 2011 Geographies,4359,
Nov-20,Bury,Mean of Weekly Award Amount,60.32,
Nov-20,Manchester,Pension Credit Caseload - 2011 Geographies,14832,
Nov-20,Manchester,Mean of Weekly Award Amount,77.07,
Nov-20,Oldham,Pension Credit Caseload - 2011 Geographies,6075,
Nov-20,Oldham,Mean of Weekly Award Amount,62.84,
Nov-20,Rochdale,Pension Credit Caseload - 2011 Geographies,6138,
Nov-20,Rochdale,Mean of Weekly Award Amount,60.01,
Nov-20,Salford,Pension Credit Caseload - 2011 Geographies,6890,
Nov-20,Salford,Mean of Weekly Award Amount,60.02,
Nov-20,Stockport,Pension Credit Caseload - 2011 Geographies,6297,
Nov-20,Stockport,Mean of Weekly Award Amount,61.27,
Nov-20,Tameside,Pension Credit Caseload - 2011 Geographies,6029,
Nov-20,Tameside,Mean of Weekly Award Amount,55.72,
Nov-20,Trafford,Pension Credit Caseload - 2011 Geographies,4573,
Nov-20,Trafford,Mean of Weekly Award Amount,65.23,
Nov-20,Wigan,Pension Credit Caseload - 2011 Geographies,8380,
Nov-20,Wigan,Mean of Weekly Award Amount,52.43,
Nov-20,Burnley,Pension Credit Caseload - 2011 Geographies,2554,
Nov-20,Burnley,Mean of Weekly Award Amount,57.94,
Nov-20,Chorley,Pension Credit Caseload - 2011 Geographies,2216,
Nov-20,Chorley,Mean of Weekly Award Amount,51.99,
Nov-20,Fylde,Pension Credit Caseload - 2011 Geographies,2084,
Nov-20,Fylde,Mean of Weekly Award Amount,57,
Nov-20,Hyndburn,Pension Credit Caseload - 2011 Geographies,2286,
Nov-20,Hyndburn,Mean of Weekly Award Amount,57.43,
Nov-20,Lancaster,Pension Credit Caseload - 2011 Geographies,3472,
Nov-20,Lancaster,Mean of Weekly Award Amount,57.86,
Nov-20,Pendle,Pension Credit Caseload - 2011 Geographies,2599,
Nov-20,Pendle,Mean of Weekly Award Amount,63.52,
Nov-20,Preston,Pension Credit Caseload - 2011 Geographies,3380,
Nov-20,Preston,Mean of Weekly Award Amount,65.5,
Nov-20,Ribble Valley,Pension Credit Caseload - 2011 Geographies,877,
Nov-20,Ribble Valley,Mean of Weekly Award Amount,51.85,
Nov-20,Rossendale,Pension Credit Caseload - 2011 Geographies,1773,
Nov-20,Rossendale,Mean of Weekly Award Amount,54.11,
Nov-20,South Ribble,Pension Credit Caseload - 2011 Geographies,2051,
Nov-20,South Ribble,Mean of Weekly Award Amount,54.62,
Nov-20,West Lancashire,Pension Credit Caseload - 2011 Geographies,3039,
Nov-20,West Lancashire,Mean of Weekly Award Amount,53.63,
Nov-20,Wyre,Pension Credit Caseload - 2011 Geographies,3313,
Nov-20,Wyre,Mean of Weekly Award Amount,56.27,
Nov-20,Knowsley,Pension Credit Caseload - 2011 Geographies,6173,
Nov-20,Knowsley,Mean of Weekly Award Amount,59.85,
Nov-20,Liverpool,Pension Credit Caseload - 2011 Geographies,18451,
Nov-20,Liverpool,Mean of Weekly Award Amount,64.58,
Nov-20,Sefton,Pension Credit Caseload - 2011 Geographies,9230,
Nov-20,Sefton,Mean of Weekly Award Amount,55.87,
Nov-20,St. Helens,Pension Credit Caseload - 2011 Geographies,5233,
Nov-20,St. Helens,Mean of Weekly Award Amount,56.77,
Nov-20,Wirral,Pension Credit Caseload - 2011 Geographies,9731,
Nov-20,Wirral,Mean of Weekly Award Amount,59.03,
Nov-20,East Riding of Yorkshire,Pension Credit Caseload - 2011 Geographies,8604,
Nov-20,East Riding of Yorkshire,Mean of Weekly Award Amount,51.42,
Nov-20,"Kingston upon Hull, City of",Pension Credit Caseload - 2011 Geographies,8673,
Nov-20,"Kingston upon Hull, City of",Mean of Weekly Award Amount,55.32,
Nov-20,North East Lincolnshire,Pension Credit Caseload - 2011 Geographies,4957,
Nov-20,North East Lincolnshire,Mean of Weekly Award Amount,53.72,
Nov-20,North Lincolnshire,Pension Credit Caseload - 2011 Geographies,4388,
Nov-20,North Lincolnshire,Mean of Weekly Award Amount,54.53,
Nov-20,North Yorkshire,Pension Credit Caseload - 2011 Geographies,12513,
Nov-20,North Yorkshire,Mean of Weekly Award Amount,54.18,
Nov-20,York,Pension Credit Caseload - 2011 Geographies,3106,
Nov-20,York,Mean of Weekly Award Amount,53.5,
Nov-20,Barnsley,Pension Credit Caseload - 2011 Geographies,6532,
Nov-20,Barnsley,Mean of Weekly Award Amount,54.89,
Nov-20,Doncaster,Pension Credit Caseload - 2011 Geographies,8160,
Nov-20,Doncaster,Mean of Weekly Award Amount,56.67,
Nov-20,Rotherham,Pension Credit Caseload - 2011 Geographies,7159,
Nov-20,Rotherham,Mean of Weekly Award Amount,54.03,
Nov-20,Sheffield,Pension Credit Caseload - 2011 Geographies,14676,
Nov-20,Sheffield,Mean of Weekly Award Amount,60.17,
Nov-20,Bradford,Pension Credit Caseload - 2011 Geographies,13936,
Nov-20,Bradford,Mean of Weekly Award Amount,64.26,
Nov-20,Calderdale,Pension Credit Caseload - 2011 Geographies,4838,
Nov-20,Calderdale,Mean of Weekly Award Amount,55.27,
Nov-20,Kirklees,Pension Credit Caseload - 2011 Geographies,9577,
Nov-20,Kirklees,Mean of Weekly Award Amount,57.51,
Nov-20,Leeds,Pension Credit Caseload - 2011 Geographies,16689,
Nov-20,Leeds,Mean of Weekly Award Amount,59.35,
Nov-20,Wakefield,Pension Credit Caseload - 2011 Geographies,8266,
Nov-20,Wakefield,Mean of Weekly Award Amount,53.55,
Nov-20,Derby,Pension Credit Caseload - 2011 Geographies,6049,
Nov-20,Derby,Mean of Weekly Award Amount,65.39,
Nov-20,Leicester,Pension Credit Caseload - 2011 Geographies,10966,
Nov-20,Leicester,Mean of Weekly Award Amount,95.21,
Nov-20,North Northamptonshire,Pension Credit Caseload - 2011 Geographies,6764,
Nov-20,North Northamptonshire,Mean of Weekly Award Amount,56.28,
Nov-20,Nottingham,Pension Credit Caseload - 2011 Geographies,7825,
Nov-20,Nottingham,Mean of Weekly Award Amount,65.23,
Nov-20,Rutland,Pension Credit Caseload - 2011 Geographies,577,
Nov-20,Rutland,Mean of Weekly Award Amount,53.62,
Nov-20,West Northamptonshire,Pension Credit Caseload - 2011 Geographies,6736,
Nov-20,West Northamptonshire,Mean of Weekly Award Amount,62.03,
Nov-20,Amber Valley,Pension Credit Caseload - 2011 Geographies,2830,
Nov-20,Amber Valley,Mean of Weekly Award Amount,53.12,
Nov-20,Bolsover,Pension Credit Caseload - 2011 Geographies,2141,
Nov-20,Bolsover,Mean of Weekly Award Amount,53.68,
Nov-20,Chesterfield,Pension Credit Caseload - 2011 Geographies,2985,
Nov-20,Chesterfield,Mean of Weekly Award Amount,53.19,
Nov-20,Derbyshire Dales,Pension Credit Caseload - 2011 Geographies,1305,
Nov-20,Derbyshire Dales,Mean of Weekly Award Amount,55.42,
Nov-20,Erewash,Pension Credit Caseload - 2011 Geographies,2579,
Nov-20,Erewash,Mean of Weekly Award Amount,47.93,
Nov-20,High Peak,Pension Credit Caseload - 2011 Geographies,1821,
Nov-20,High Peak,Mean of Weekly Award Amount,53.43,
Nov-20,North East Derbyshire,Pension Credit Caseload - 2011 Geographies,2596,
Nov-20,North East Derbyshire,Mean of Weekly Award Amount,52.01,
Nov-20,South Derbyshire,Pension Credit Caseload - 2011 Geographies,1648,
Nov-20,South Derbyshire,Mean of Weekly Award Amount,51.84,
Nov-20,Blaby,Pension Credit Caseload - 2011 Geographies,1711,
Nov-20,Blaby,Mean of Weekly Award Amount,55.39,
Nov-20,Charnwood,Pension Credit Caseload - 2011 Geographies,2975,
Nov-20,Charnwood,Mean of Weekly Award Amount,57.53,
Nov-20,Harborough,Pension Credit Caseload - 2011 Geographies,1346,
Nov-20,Harborough,Mean of Weekly Award Amount,55.55,
Nov-20,Hinckley and Bosworth,Pension Credit Caseload - 2011 Geographies,1996,
Nov-20,Hinckley and Bosworth,Mean of Weekly Award Amount,49.72,
Nov-20,Melton,Pension Credit Caseload - 2011 Geographies,842,
Nov-20,Melton,Mean of Weekly Award Amount,52.65,
Nov-20,North West Leicestershire,Pension Credit Caseload - 2011 Geographies,1751,
Nov-20,North West Leicestershire,Mean of Weekly Award Amount,52.35,
Nov-20,Oadby and Wigston,Pension Credit Caseload - 2011 Geographies,1175,
Nov-20,Oadby and Wigston,Mean of Weekly Award Amount,62.44,
Nov-20,Boston,Pension Credit Caseload - 2011 Geographies,2002,
Nov-20,Boston,Mean of Weekly Award Amount,62.59,
Nov-20,East Lindsey,Pension Credit Caseload - 2011 Geographies,5392,
Nov-20,East Lindsey,Mean of Weekly Award Amount,56.52,
Nov-20,Lincoln,Pension Credit Caseload - 2011 Geographies,2326,
Nov-20,Lincoln,Mean of Weekly Award Amount,57.97,
Nov-20,North Kesteven,Pension Credit Caseload - 2011 Geographies,2409,
Nov-20,North Kesteven,Mean of Weekly Award Amount,53.13,
Nov-20,South Holland,Pension Credit Caseload - 2011 Geographies,2365,
Nov-20,South Holland,Mean of Weekly Award Amount,52.92,
Nov-20,South Kesteven,Pension Credit Caseload - 2011 Geographies,2630,
Nov-20,South Kesteven,Mean of Weekly Award Amount,54.56,
Nov-20,West Lindsey,Pension Credit Caseload - 2011 Geographies,2211,
Nov-20,West Lindsey,Mean of Weekly Award Amount,52.31,
Nov-20,Ashfield,Pension Credit Caseload - 2011 Geographies,3019,
Nov-20,Ashfield,Mean of Weekly Award Amount,53.12,
Nov-20,Bassetlaw,Pension Credit Caseload - 2011 Geographies,2716,
Nov-20,Bassetlaw,Mean of Weekly Award Amount,53.99,
Nov-20,Broxtowe,Pension Credit Caseload - 2011 Geographies,2259,
Nov-20,Broxtowe,Mean of Weekly Award Amount,53.01,
Nov-20,Gedling,Pension Credit Caseload - 2011 Geographies,2239,
Nov-20,Gedling,Mean of Weekly Award Amount,51.93,
Nov-20,Mansfield,Pension Credit Caseload - 2011 Geographies,2522,
Nov-20,Mansfield,Mean of Weekly Award Amount,54.06,
Nov-20,Newark and Sherwood,Pension Credit Caseload - 2011 Geographies,2406,
Nov-20,Newark and Sherwood,Mean of Weekly Award Amount,54.48,
Nov-20,Rushcliffe,Pension Credit Caseload - 2011 Geographies,1633,
Nov-20,Rushcliffe,Mean of Weekly Award Amount,54.21,
Nov-20,"Herefordshire, County of",Pension Credit Caseload - 2011 Geographies,4326,
Nov-20,"Herefordshire, County of",Mean of Weekly Award Amount,55.43,
Nov-20,Shropshire,Pension Credit Caseload - 2011 Geographies,7538,
Nov-20,Shropshire,Mean of Weekly Award Amount,54.68,
Nov-20,Stoke-on-Trent,Pension Credit Caseload - 2011 Geographies,7032,
Nov-20,Stoke-on-Trent,Mean of Weekly Award Amount,54.85,
Nov-20,Telford and Wrekin,Pension Credit Caseload - 2011 Geographies,4476,
Nov-20,Telford and Wrekin,Mean of Weekly Award Amount,58.22,
Nov-20,Cannock Chase,Pension Credit Caseload - 2011 Geographies,2513,
Nov-20,Cannock Chase,Mean of Weekly Award Amount,51.14,
Nov-20,East Staffordshire,Pension Credit Caseload - 2011 Geographies,2115,
Nov-20,East Staffordshire,Mean of Weekly Award Amount,54.71,
Nov-20,Lichfield,Pension Credit Caseload - 2011 Geographies,1888,
Nov-20,Lichfield,Mean of Weekly Award Amount,51,
Nov-20,Newcastle-under-Lyme,Pension Credit Caseload - 2011 Geographies,2826,
Nov-20,Newcastle-under-Lyme,Mean of Weekly Award Amount,52.47,
Nov-20,South Staffordshire,Pension Credit Caseload - 2011 Geographies,2481,
Nov-20,South Staffordshire,Mean of Weekly Award Amount,50.52,
Nov-20,Stafford,Pension Credit Caseload - 2011 Geographies,2273,
Nov-20,Stafford,Mean of Weekly Award Amount,53.84,
Nov-20,Staffordshire Moorlands,Pension Credit Caseload - 2011 Geographies,1956,
Nov-20,Staffordshire Moorlands,Mean of Weekly Award Amount,51.96,
Nov-20,Tamworth,Pension Credit Caseload - 2011 Geographies,1876,
Nov-20,Tamworth,Mean of Weekly Award Amount,51.16,
Nov-20,North Warwickshire,Pension Credit Caseload - 2011 Geographies,1430,
Nov-20,North Warwickshire,Mean of Weekly Award Amount,50.67,
Nov-20,Nuneaton and Bedworth,Pension Credit Caseload - 2011 Geographies,2987,
Nov-20,Nuneaton and Bedworth,Mean of Weekly Award Amount,59.86,
Nov-20,Rugby,Pension Credit Caseload - 2011 Geographies,1745,
Nov-20,Rugby,Mean of Weekly Award Amount,58.87,
Nov-20,Stratford-on-Avon,Pension Credit Caseload - 2011 Geographies,2363,
Nov-20,Stratford-on-Avon,Mean of Weekly Award Amount,55,
Nov-20,Warwick,Pension Credit Caseload - 2011 Geographies,2292,
Nov-20,Warwick,Mean of Weekly Award Amount,55.18,
Nov-20,Birmingham,Pension Credit Caseload - 2011 Geographies,32200,
Nov-20,Birmingham,Mean of Weekly Award Amount,72.33,
Nov-20,Coventry,Pension Credit Caseload - 2011 Geographies,7892,
Nov-20,Coventry,Mean of Weekly Award Amount,65.9,
Nov-20,Dudley,Pension Credit Caseload - 2011 Geographies,8790,
Nov-20,Dudley,Mean of Weekly Award Amount,53.79,
Nov-20,Sandwell,Pension Credit Caseload - 2011 Geographies,10802,
Nov-20,Sandwell,Mean of Weekly Award Amount,65.99,
Nov-20,Solihull,Pension Credit Caseload - 2011 Geographies,4275,
Nov-20,Solihull,Mean of Weekly Award Amount,57.66,
Nov-20,Walsall,Pension Credit Caseload - 2011 Geographies,8598,
Nov-20,Walsall,Mean of Weekly Award Amount,59.13,
Nov-20,Wolverhampton,Pension Credit Caseload - 2011 Geographies,8131,
Nov-20,Wolverhampton,Mean of Weekly Award Amount,62.87,
Nov-20,Bromsgrove,Pension Credit Caseload - 2011 Geographies,1710,
Nov-20,Bromsgrove,Mean of Weekly Award Amount,50.74,
Nov-20,Malvern Hills,Pension Credit Caseload - 2011 Geographies,1719,
Nov-20,Malvern Hills,Mean of Weekly Award Amount,56.92,
Nov-20,Redditch,Pension Credit Caseload - 2011 Geographies,1859,
Nov-20,Redditch,Mean of Weekly Award Amount,56.18,
Nov-20,Worcester,Pension Credit Caseload - 2011 Geographies,1897,
Nov-20,Worcester,Mean of Weekly Award Amount,56.32,
Nov-20,Wychavon,Pension Credit Caseload - 2011 Geographies,2532,
Nov-20,Wychavon,Mean of Weekly Award Amount,56.46,
Nov-20,Wyre Forest,Pension Credit Caseload - 2011 Geographies,2629,
Nov-20,Wyre Forest,Mean of Weekly Award Amount,51.41,
Nov-20,Bedford,Pension Credit Caseload - 2011 Geographies,3065,
Nov-20,Bedford,Mean of Weekly Award Amount,65.04,
Nov-20,Central Bedfordshire,Pension Credit Caseload - 2011 Geographies,4007,
Nov-20,Central Bedfordshire,Mean of Weekly Award Amount,55.13,
Nov-20,Luton,Pension Credit Caseload - 2011 Geographies,4489,
Nov-20,Luton,Mean of Weekly Award Amount,77.69,
Nov-20,Peterborough,Pension Credit Caseload - 2011 Geographies,4443,
Nov-20,Peterborough,Mean of Weekly Award Amount,71.43,
Nov-20,Southend-on-Sea,Pension Credit Caseload - 2011 Geographies,4659,
Nov-20,Southend-on-Sea,Mean of Weekly Award Amount,60.93,
Nov-20,Thurrock,Pension Credit Caseload - 2011 Geographies,3038,
Nov-20,Thurrock,Mean of Weekly Award Amount,65.17,
Nov-20,Cambridge,Pension Credit Caseload - 2011 Geographies,1578,
Nov-20,Cambridge,Mean of Weekly Award Amount,69.92,
Nov-20,East Cambridgeshire,Pension Credit Caseload - 2011 Geographies,1412,
Nov-20,East Cambridgeshire,Mean of Weekly Award Amount,58.31,
Nov-20,Fenland,Pension Credit Caseload - 2011 Geographies,2758,
Nov-20,Fenland,Mean of Weekly Award Amount,57.99,
Nov-20,Huntingdonshire,Pension Credit Caseload - 2011 Geographies,2506,
Nov-20,Huntingdonshire,Mean of Weekly Award Amount,55.67,
Nov-20,South Cambridgeshire,Pension Credit Caseload - 2011 Geographies,1852,
Nov-20,South Cambridgeshire,Mean of Weekly Award Amount,64.32,
Nov-20,Basildon,Pension Credit Caseload - 2011 Geographies,4056,
Nov-20,Basildon,Mean of Weekly Award Amount,60.79,
Nov-20,Braintree,Pension Credit Caseload - 2011 Geographies,2928,
Nov-20,Braintree,Mean of Weekly Award Amount,53.49,
Nov-20,Brentwood,Pension Credit Caseload - 2011 Geographies,1150,
Nov-20,Brentwood,Mean of Weekly Award Amount,60.26,
Nov-20,Castle Point,Pension Credit Caseload - 2011 Geographies,2229,
Nov-20,Castle Point,Mean of Weekly Award Amount,56.62,
Nov-20,Chelmsford,Pension Credit Caseload - 2011 Geographies,2535,
Nov-20,Chelmsford,Mean of Weekly Award Amount,58.13,
Nov-20,Colchester,Pension Credit Caseload - 2011 Geographies,3119,
Nov-20,Colchester,Mean of Weekly Award Amount,62.37,
Nov-20,Epping Forest,Pension Credit Caseload - 2011 Geographies,2600,
Nov-20,Epping Forest,Mean of Weekly Award Amount,63.36,
Nov-20,Harlow,Pension Credit Caseload - 2011 Geographies,1801,
Nov-20,Harlow,Mean of Weekly Award Amount,59.81,
Nov-20,Maldon,Pension Credit Caseload - 2011 Geographies,1390,
Nov-20,Maldon,Mean of Weekly Award Amount,55.19,
Nov-20,Rochford,Pension Credit Caseload - 2011 Geographies,1585,
Nov-20,Rochford,Mean of Weekly Award Amount,54.3,
Nov-20,Tendring,Pension Credit Caseload - 2011 Geographies,5305,
Nov-20,Tendring,Mean of Weekly Award Amount,57.09,
Nov-20,Uttlesford,Pension Credit Caseload - 2011 Geographies,1168,
Nov-20,Uttlesford,Mean of Weekly Award Amount,54.8,
Nov-20,Broxbourne,Pension Credit Caseload - 2011 Geographies,1882,
Nov-20,Broxbourne,Mean of Weekly Award Amount,67.23,
Nov-20,Dacorum,Pension Credit Caseload - 2011 Geographies,2159,
Nov-20,Dacorum,Mean of Weekly Award Amount,61.32,
Nov-20,East Hertfordshire,Pension Credit Caseload - 2011 Geographies,1885,
Nov-20,East Hertfordshire,Mean of Weekly Award Amount,59.59,
Nov-20,Hertsmere,Pension Credit Caseload - 2011 Geographies,1880,
Nov-20,Hertsmere,Mean of Weekly Award Amount,71.58,
Nov-20,North Hertfordshire,Pension Credit Caseload - 2011 Geographies,2084,
Nov-20,North Hertfordshire,Mean of Weekly Award Amount,55.62,
Nov-20,St Albans,Pension Credit Caseload - 2011 Geographies,1533,
Nov-20,St Albans,Mean of Weekly Award Amount,65.47,
Nov-20,Stevenage,Pension Credit Caseload - 2011 Geographies,1516,
Nov-20,Stevenage,Mean of Weekly Award Amount,62.26,
Nov-20,Three Rivers,Pension Credit Caseload - 2011 Geographies,1315,
Nov-20,Three Rivers,Mean of Weekly Award Amount,70.33,
Nov-20,Watford,Pension Credit Caseload - 2011 Geographies,1461,
Nov-20,Watford,Mean of Weekly Award Amount,73.1,
Nov-20,Welwyn Hatfield,Pension Credit Caseload - 2011 Geographies,1700,
Nov-20,Welwyn Hatfield,Mean of Weekly Award Amount,64.48,
Nov-20,Breckland,Pension Credit Caseload - 2011 Geographies,3288,
Nov-20,Breckland,Mean of Weekly Award Amount,53.44,
Nov-20,Broadland,Pension Credit Caseload - 2011 Geographies,2439,
Nov-20,Broadland,Mean of Weekly Award Amount,51.26,
Nov-20,Great Yarmouth,Pension Credit Caseload - 2011 Geographies,3550,
Nov-20,Great Yarmouth,Mean of Weekly Award Amount,53.38,
Nov-20,King's Lynn and West Norfolk,Pension Credit Caseload - 2011 Geographies,4231,
Nov-20,King's Lynn and West Norfolk,Mean of Weekly Award Amount,54.79,
Nov-20,North Norfolk,Pension Credit Caseload - 2011 Geographies,3071,
Nov-20,North Norfolk,Mean of Weekly Award Amount,50.77,
Nov-20,Norwich,Pension Credit Caseload - 2011 Geographies,3679,
Nov-20,Norwich,Mean of Weekly Award Amount,57.1,
Nov-20,South Norfolk,Pension Credit Caseload - 2011 Geographies,2699,
Nov-20,South Norfolk,Mean of Weekly Award Amount,53.8,
Nov-20,Babergh,Pension Credit Caseload - 2011 Geographies,1823,
Nov-20,Babergh,Mean of Weekly Award Amount,51.8,
Nov-20,East Suffolk,Pension Credit Caseload - 2011 Geographies,5970,
Nov-20,East Suffolk,Mean of Weekly Award Amount,53.65,
Nov-20,Ipswich,Pension Credit Caseload - 2011 Geographies,2989,
Nov-20,Ipswich,Mean of Weekly Award Amount,65.43,
Nov-20,Mid Suffolk,Pension Credit Caseload - 2011 Geographies,1858,
Nov-20,Mid Suffolk,Mean of Weekly Award Amount,54.57,
Nov-20,West Suffolk,Pension Credit Caseload - 2011 Geographies,3135,
Nov-20,West Suffolk,Mean of Weekly Award Amount,54.23,
Nov-20,Camden,Pension Credit Caseload - 2011 Geographies,6234,
Nov-20,Camden,Mean of Weekly Award Amount,95.67,
Nov-20,City of London,Pension Credit Caseload - 2011 Geographies,102,
Nov-20,City of London,Mean of Weekly Award Amount,89.18,
Nov-20,Hackney,Pension Credit Caseload - 2011 Geographies,7665,
Nov-20,Hackney,Mean of Weekly Award Amount,97.68,
Nov-20,Hammersmith and Fulham,Pension Credit Caseload - 2011 Geographies,4531,
Nov-20,Hammersmith and Fulham,Mean of Weekly Award Amount,95.19,
Nov-20,Haringey,Pension Credit Caseload - 2011 Geographies,7024,
Nov-20,Haringey,Mean of Weekly Award Amount,99.27,
Nov-20,Islington,Pension Credit Caseload - 2011 Geographies,6305,
Nov-20,Islington,Mean of Weekly Award Amount,89.27,
Nov-20,Kensington and Chelsea,Pension Credit Caseload - 2011 Geographies,4441,
Nov-20,Kensington and Chelsea,Mean of Weekly Award Amount,96.95,
Nov-20,Lambeth,Pension Credit Caseload - 2011 Geographies,7504,
Nov-20,Lambeth,Mean of Weekly Award Amount,89.87,
Nov-20,Lewisham,Pension Credit Caseload - 2011 Geographies,6166,
Nov-20,Lewisham,Mean of Weekly Award Amount,84.04,
Nov-20,Newham,Pension Credit Caseload - 2011 Geographies,8320,
Nov-20,Newham,Mean of Weekly Award Amount,101.69,
Nov-20,Southwark,Pension Credit Caseload - 2011 Geographies,7496,
Nov-20,Southwark,Mean of Weekly Award Amount,90.67,
Nov-20,Tower Hamlets,Pension Credit Caseload - 2011 Geographies,7344,
Nov-20,Tower Hamlets,Mean of Weekly Award Amount,96.68,
Nov-20,Wandsworth,Pension Credit Caseload - 2011 Geographies,5856,
Nov-20,Wandsworth,Mean of Weekly Award Amount,89.66,
Nov-20,Westminster,Pension Credit Caseload - 2011 Geographies,5977,
Nov-20,Westminster,Mean of Weekly Award Amount,106.72,
Nov-20,Barking and Dagenham,Pension Credit Caseload - 2011 Geographies,4661,
Nov-20,Barking and Dagenham,Mean of Weekly Award Amount,84.24,
Nov-20,Barnet,Pension Credit Caseload - 2011 Geographies,7884,
Nov-20,Barnet,Mean of Weekly Award Amount,99.61,
Nov-20,Bexley,Pension Credit Caseload - 2011 Geographies,4074,
Nov-20,Bexley,Mean of Weekly Award Amount,70.59,
Nov-20,Brent,Pension Credit Caseload - 2011 Geographies,9164,
Nov-20,Brent,Mean of Weekly Award Amount,108.07,
Nov-20,Bromley,Pension Credit Caseload - 2011 Geographies,5179,
Nov-20,Bromley,Mean of Weekly Award Amount,72.17,
Nov-20,Croydon,Pension Credit Caseload - 2011 Geographies,7292,
Nov-20,Croydon,Mean of Weekly Award Amount,87.48,
Nov-20,Ealing,Pension Credit Caseload - 2011 Geographies,8802,
Nov-20,Ealing,Mean of Weekly Award Amount,113.85,
Nov-20,Enfield,Pension Credit Caseload - 2011 Geographies,8072,
Nov-20,Enfield,Mean of Weekly Award Amount,92.95,
Nov-20,Greenwich,Pension Credit Caseload - 2011 Geographies,6274,
Nov-20,Greenwich,Mean of Weekly Award Amount,91.85,
Nov-20,Harrow,Pension Credit Caseload - 2011 Geographies,5927,
Nov-20,Harrow,Mean of Weekly Award Amount,118.43,
Nov-20,Havering,Pension Credit Caseload - 2011 Geographies,4736,
Nov-20,Havering,Mean of Weekly Award Amount,65.8,
Nov-20,Hillingdon,Pension Credit Caseload - 2011 Geographies,5408,
Nov-20,Hillingdon,Mean of Weekly Award Amount,100.92,
Nov-20,Hounslow,Pension Credit Caseload - 2011 Geographies,5910,
Nov-20,Hounslow,Mean of Weekly Award Amount,107.89,
Nov-20,Kingston upon Thames,Pension Credit Caseload - 2011 Geographies,2482,
Nov-20,Kingston upon Thames,Mean of Weekly Award Amount,97.51,
Nov-20,Merton,Pension Credit Caseload - 2011 Geographies,3515,
Nov-20,Merton,Mean of Weekly Award Amount,92.79,
Nov-20,Redbridge,Pension Credit Caseload - 2011 Geographies,6405,
Nov-20,Redbridge,Mean of Weekly Award Amount,96.29,
Nov-20,Richmond upon Thames,Pension Credit Caseload - 2011 Geographies,2686,
Nov-20,Richmond upon Thames,Mean of Weekly Award Amount,82.46,
Nov-20,Sutton,Pension Credit Caseload - 2011 Geographies,3245,
Nov-20,Sutton,Mean of Weekly Award Amount,81.58,
Nov-20,Waltham Forest,Pension Credit Caseload - 2011 Geographies,5978,
Nov-20,Waltham Forest,Mean of Weekly Award Amount,85.8,
Nov-20,Bracknell Forest,Pension Credit Caseload - 2011 Geographies,1586,
Nov-20,Bracknell Forest,Mean of Weekly Award Amount,72.87,
Nov-20,Brighton and Hove,Pension Credit Caseload - 2011 Geographies,6264,
Nov-20,Brighton and Hove,Mean of Weekly Award Amount,70.23,
Nov-20,Buckinghamshire,Pension Credit Caseload - 2011 Geographies,6821,
Nov-20,Buckinghamshire,Mean of Weekly Award Amount,65.56,
Nov-20,Isle of Wight,Pension Credit Caseload - 2011 Geographies,4430,
Nov-20,Isle of Wight,Mean of Weekly Award Amount,56.39,
Nov-20,Medway,Pension Credit Caseload - 2011 Geographies,5261,
Nov-20,Medway,Mean of Weekly Award Amount,60.26,
Nov-20,Milton Keynes,Pension Credit Caseload - 2011 Geographies,4327,
Nov-20,Milton Keynes,Mean of Weekly Award Amount,69.78,
Nov-20,Portsmouth,Pension Credit Caseload - 2011 Geographies,4647,
Nov-20,Portsmouth,Mean of Weekly Award Amount,62.29,
Nov-20,Reading,Pension Credit Caseload - 2011 Geographies,3055,
Nov-20,Reading,Mean of Weekly Award Amount,89.29,
Nov-20,Slough,Pension Credit Caseload - 2011 Geographies,2833,
Nov-20,Slough,Mean of Weekly Award Amount,92.31,
Nov-20,Southampton,Pension Credit Caseload - 2011 Geographies,5183,
Nov-20,Southampton,Mean of Weekly Award Amount,65.99,
Nov-20,West Berkshire,Pension Credit Caseload - 2011 Geographies,2043,
Nov-20,West Berkshire,Mean of Weekly Award Amount,57.6,
Nov-20,Windsor and Maidenhead,Pension Credit Caseload - 2011 Geographies,2007,
Nov-20,Windsor and Maidenhead,Mean of Weekly Award Amount,67.14,
Nov-20,Wokingham,Pension Credit Caseload - 2011 Geographies,1470,
Nov-20,Wokingham,Mean of Weekly Award Amount,62.94,
Nov-20,Eastbourne,Pension Credit Caseload - 2011 Geographies,2948,
Nov-20,Eastbourne,Mean of Weekly Award Amount,62.76,
Nov-20,Hastings,Pension Credit Caseload - 2011 Geographies,3194,
Nov-20,Hastings,Mean of Weekly Award Amount,63.11,
Nov-20,Lewes,Pension Credit Caseload - 2011 Geographies,2352,
Nov-20,Lewes,Mean of Weekly Award Amount,59.15,
Nov-20,Rother,Pension Credit Caseload - 2011 Geographies,2794,
Nov-20,Rother,Mean of Weekly Award Amount,58.66,
Nov-20,Wealden,Pension Credit Caseload - 2011 Geographies,3017,
Nov-20,Wealden,Mean of Weekly Award Amount,56.49,
Nov-20,Basingstoke and Deane,Pension Credit Caseload - 2011 Geographies,2195,
Nov-20,Basingstoke and Deane,Mean of Weekly Award Amount,67.88,
Nov-20,East Hampshire,Pension Credit Caseload - 2011 Geographies,1683,
Nov-20,East Hampshire,Mean of Weekly Award Amount,58.69,
Nov-20,Eastleigh,Pension Credit Caseload - 2011 Geographies,1816,
Nov-20,Eastleigh,Mean of Weekly Award Amount,57.31,
Nov-20,Fareham,Pension Credit Caseload - 2011 Geographies,1662,
Nov-20,Fareham,Mean of Weekly Award Amount,51.86,
Nov-20,Gosport,Pension Credit Caseload - 2011 Geographies,1655,
Nov-20,Gosport,Mean of Weekly Award Amount,54.79,
Nov-20,Hart,Pension Credit Caseload - 2011 Geographies,905,
Nov-20,Hart,Mean of Weekly Award Amount,63.73,
Nov-20,Havant,Pension Credit Caseload - 2011 Geographies,3082,
Nov-20,Havant,Mean of Weekly Award Amount,55.07,
Nov-20,New Forest,Pension Credit Caseload - 2011 Geographies,3475,
Nov-20,New Forest,Mean of Weekly Award Amount,55.9,
Nov-20,Rushmoor,Pension Credit Caseload - 2011 Geographies,2503,
Nov-20,Rushmoor,Mean of Weekly Award Amount,121.36,
Nov-20,Test Valley,Pension Credit Caseload - 2011 Geographies,1783,
Nov-20,Test Valley,Mean of Weekly Award Amount,59.17,
Nov-20,Winchester,Pension Credit Caseload - 2011 Geographies,1739,
Nov-20,Winchester,Mean of Weekly Award Amount,60.11,
Nov-20,Ashford,Pension Credit Caseload - 2011 Geographies,2590,
Nov-20,Ashford,Mean of Weekly Award Amount,76.97,
Nov-20,Canterbury,Pension Credit Caseload - 2011 Geographies,3324,
Nov-20,Canterbury,Mean of Weekly Award Amount,59.85,
Nov-20,Dartford,Pension Credit Caseload - 2011 Geographies,1495,
Nov-20,Dartford,Mean of Weekly Award Amount,62.92,
Nov-20,Dover,Pension Credit Caseload - 2011 Geographies,2889,
Nov-20,Dover,Mean of Weekly Award Amount,57.41,
Nov-20,Folkestone and Hythe,Pension Credit Caseload - 2011 Geographies,3207,
Nov-20,Folkestone and Hythe,Mean of Weekly Award Amount,66.61,
Nov-20,Gravesham,Pension Credit Caseload - 2011 Geographies,2035,
Nov-20,Gravesham,Mean of Weekly Award Amount,63.41,
Nov-20,Maidstone,Pension Credit Caseload - 2011 Geographies,2864,
Nov-20,Maidstone,Mean of Weekly Award Amount,65.43,
Nov-20,Sevenoaks,Pension Credit Caseload - 2011 Geographies,1805,
Nov-20,Sevenoaks,Mean of Weekly Award Amount,61.87,
Nov-20,Swale,Pension Credit Caseload - 2011 Geographies,3300,
Nov-20,Swale,Mean of Weekly Award Amount,57.12,
Nov-20,Thanet,Pension Credit Caseload - 2011 Geographies,4823,
Nov-20,Thanet,Mean of Weekly Award Amount,59.93,
Nov-20,Tonbridge and Malling,Pension Credit Caseload - 2011 Geographies,1869,
Nov-20,Tonbridge and Malling,Mean of Weekly Award Amount,60.42,
Nov-20,Tunbridge Wells,Pension Credit Caseload - 2011 Geographies,1775,
Nov-20,Tunbridge Wells,Mean of Weekly Award Amount,60.62,
Nov-20,Cherwell,Pension Credit Caseload - 2011 Geographies,2000,
Nov-20,Cherwell,Mean of Weekly Award Amount,59.56,
Nov-20,Oxford,Pension Credit Caseload - 2011 Geographies,2057,
Nov-20,Oxford,Mean of Weekly Award Amount,76.73,
Nov-20,South Oxfordshire,Pension Credit Caseload - 2011 Geographies,1709,
Nov-20,South Oxfordshire,Mean of Weekly Award Amount,56.51,
Nov-20,Vale of White Horse,Pension Credit Caseload - 2011 Geographies,1494,
Nov-20,Vale of White Horse,Mean of Weekly Award Amount,59.53,
Nov-20,West Oxfordshire,Pension Credit Caseload - 2011 Geographies,1508,
Nov-20,West Oxfordshire,Mean of Weekly Award Amount,59.35,
Nov-20,Elmbridge,Pension Credit Caseload - 2011 Geographies,1692,
Nov-20,Elmbridge,Mean of Weekly Award Amount,72.99,
Nov-20,Epsom and Ewell,Pension Credit Caseload - 2011 Geographies,897,
Nov-20,Epsom and Ewell,Mean of Weekly Award Amount,78.73,
Nov-20,Guildford,Pension Credit Caseload - 2011 Geographies,1579,
Nov-20,Guildford,Mean of Weekly Award Amount,62.14,
Nov-20,Mole Valley,Pension Credit Caseload - 2011 Geographies,1182,
Nov-20,Mole Valley,Mean of Weekly Award Amount,63.4,
Nov-20,Reigate and Banstead,Pension Credit Caseload - 2011 Geographies,1746,
Nov-20,Reigate and Banstead,Mean of Weekly Award Amount,68.12,
Nov-20,Runnymede,Pension Credit Caseload - 2011 Geographies,1192,
Nov-20,Runnymede,Mean of Weekly Award Amount,64.66,
Nov-20,Spelthorne,Pension Credit Caseload - 2011 Geographies,1433,
Nov-20,Spelthorne,Mean of Weekly Award Amount,67.47,
Nov-20,Surrey Heath,Pension Credit Caseload - 2011 Geographies,1009,
Nov-20,Surrey Heath,Mean of Weekly Award Amount,71.36,
Nov-20,Tandridge,Pension Credit Caseload - 2011 Geographies,1077,
Nov-20,Tandridge,Mean of Weekly Award Amount,65.03,
Nov-20,Waverley,Pension Credit Caseload - 2011 Geographies,1630,
Nov-20,Waverley,Mean of Weekly Award Amount,61.28,
Nov-20,Woking,Pension Credit Caseload - 2011 Geographies,1255,
Nov-20,Woking,Mean of Weekly Award Amount,69.2,
Nov-20,Adur,Pension Credit Caseload - 2011 Geographies,1515,
Nov-20,Adur,Mean of Weekly Award Amount,57.9,
Nov-20,Arun,Pension Credit Caseload - 2011 Geographies,4234,
Nov-20,Arun,Mean of Weekly Award Amount,57.11,
Nov-20,Chichester,Pension Credit Caseload - 2011 Geographies,2377,
Nov-20,Chichester,Mean of Weekly Award Amount,58.78,
Nov-20,Crawley,Pension Credit Caseload - 2011 Geographies,1851,
Nov-20,Crawley,Mean of Weekly Award Amount,77.92,
Nov-20,Horsham,Pension Credit Caseload - 2011 Geographies,1919,
Nov-20,Horsham,Mean of Weekly Award Amount,59.8,
Nov-20,Mid Sussex,Pension Credit Caseload - 2011 Geographies,1855,
Nov-20,Mid Sussex,Mean of Weekly Award Amount,60.48,
Nov-20,Worthing,Pension Credit Caseload - 2011 Geographies,2471,
Nov-20,Worthing,Mean of Weekly Award Amount,58.63,
Nov-20,Bath and North East Somerset,Pension Credit Caseload - 2011 Geographies,3101,
Nov-20,Bath and North East Somerset,Mean of Weekly Award Amount,56.92,
Nov-20,"Bournemouth, Christchurch and Poole",Pension Credit Caseload - 2011 Geographies,9952,
Nov-20,"Bournemouth, Christchurch and Poole",Mean of Weekly Award Amount,59.01,
Nov-20,"Bristol, City of",Pension Credit Caseload - 2011 Geographies,8740,
Nov-20,"Bristol, City of",Mean of Weekly Award Amount,67.33,
Nov-20,Cornwall,Pension Credit Caseload - 2011 Geographies,17029,
Nov-20,Cornwall,Mean of Weekly Award Amount,52.18,
Nov-20,Dorset,Pension Credit Caseload - 2011 Geographies,8386,
Nov-20,Dorset,Mean of Weekly Award Amount,54.37,
Nov-20,Isles of Scilly,Pension Credit Caseload - 2011 Geographies,25,
Nov-20,Isles of Scilly,Mean of Weekly Award Amount,67.04,
Nov-20,North Somerset,Pension Credit Caseload - 2011 Geographies,4578,
Nov-20,North Somerset,Mean of Weekly Award Amount,56.09,
Nov-20,Plymouth,Pension Credit Caseload - 2011 Geographies,6424,
Nov-20,Plymouth,Mean of Weekly Award Amount,57.33,
Nov-20,Somerset,Pension Credit Caseload - 2011 Geographies,12457,
Nov-20,Somerset,Mean of Weekly Award Amount,55.43,
Nov-20,South Gloucestershire,Pension Credit Caseload - 2011 Geographies,4017,
Nov-20,South Gloucestershire,Mean of Weekly Award Amount,58.06,
Nov-20,Swindon,Pension Credit Caseload - 2011 Geographies,4122,
Nov-20,Swindon,Mean of Weekly Award Amount,73.63,
Nov-20,Torbay,Pension Credit Caseload - 2011 Geographies,5265,
Nov-20,Torbay,Mean of Weekly Award Amount,57.48,
Nov-20,Wiltshire,Pension Credit Caseload - 2011 Geographies,8107,
Nov-20,Wiltshire,Mean of Weekly Award Amount,56.37,
Nov-20,East Devon,Pension Credit Caseload - 2011 Geographies,3318,
Nov-20,East Devon,Mean of Weekly Award Amount,52.4,
Nov-20,Exeter,Pension Credit Caseload - 2011 Geographies,2432,
Nov-20,Exeter,Mean of Weekly Award Amount,55.62,
Nov-20,Mid Devon,Pension Credit Caseload - 2011 Geographies,1765,
Nov-20,Mid Devon,Mean of Weekly Award Amount,55.91,
Nov-20,North Devon,Pension Credit Caseload - 2011 Geographies,2558,
Nov-20,North Devon,Mean of Weekly Award Amount,52.35,
Nov-20,South Hams,Pension Credit Caseload - 2011 Geographies,2018,
Nov-20,South Hams,Mean of Weekly Award Amount,56.34,
Nov-20,Teignbridge,Pension Credit Caseload - 2011 Geographies,3460,
Nov-20,Teignbridge,Mean of Weekly Award Amount,56.02,
Nov-20,Torridge,Pension Credit Caseload - 2011 Geographies,1980,
Nov-20,Torridge,Mean of Weekly Award Amount,52.28,
Nov-20,West Devon,Pension Credit Caseload - 2011 Geographies,1361,
Nov-20,West Devon,Mean of Weekly Award Amount,56.32,
Nov-20,Cheltenham,Pension Credit Caseload - 2011 Geographies,1961,
Nov-20,Cheltenham,Mean of Weekly Award Amount,57.18,
Nov-20,Cotswold,Pension Credit Caseload - 2011 Geographies,1601,
Nov-20,Cotswold,Mean of Weekly Award Amount,53.24,
Nov-20,Forest of Dean,Pension Credit Caseload - 2011 Geographies,1991,
Nov-20,Forest of Dean,Mean of Weekly Award Amount,58.4,
Nov-20,Gloucester,Pension Credit Caseload - 2011 Geographies,2449,
Nov-20,Gloucester,Mean of Weekly Award Amount,63.5,
Nov-20,Stroud,Pension Credit Caseload - 2011 Geographies,2060,
Nov-20,Stroud,Mean of Weekly Award Amount,54.57,
Nov-20,Tewkesbury,Pension Credit Caseload - 2011 Geographies,1508,
Nov-20,Tewkesbury,Mean of Weekly Award Amount,58.62,
Nov-20,Total,Pension Credit Caseload - 2011 Geographies,1249181,
Nov-20,Total,Mean of Weekly Award Amount,65.11,
Feb-21,England,Pension Credit Caseload - 2011 Geographies,1224509,
Feb-21,England,Mean of Weekly Award Amount,65.13,
Feb-21,County Durham,Pension Credit Caseload - 2011 Geographies,15838,
Feb-21,County Durham,Mean of Weekly Award Amount,52.57,
Feb-21,Darlington,Pension Credit Caseload - 2011 Geographies,2808,
Feb-21,Darlington,Mean of Weekly Award Amount,57.23,
Feb-21,Hartlepool,Pension Credit Caseload - 2011 Geographies,3431,
Feb-21,Hartlepool,Mean of Weekly Award Amount,56.56,
Feb-21,Middlesbrough,Pension Credit Caseload - 2011 Geographies,4469,
Feb-21,Middlesbrough,Mean of Weekly Award Amount,58.98,
Feb-21,Northumberland,Pension Credit Caseload - 2011 Geographies,7746,
Feb-21,Northumberland,Mean of Weekly Award Amount,51.15,
Feb-21,Redcar and Cleveland,Pension Credit Caseload - 2011 Geographies,4538,
Feb-21,Redcar and Cleveland,Mean of Weekly Award Amount,51.82,
Feb-21,Stockton-on-Tees,Pension Credit Caseload - 2011 Geographies,4962,
Feb-21,Stockton-on-Tees,Mean of Weekly Award Amount,55.09,
Feb-21,Gateshead,Pension Credit Caseload - 2011 Geographies,6459,
Feb-21,Gateshead,Mean of Weekly Award Amount,54.39,
Feb-21,Newcastle upon Tyne,Pension Credit Caseload - 2011 Geographies,8048,
Feb-21,Newcastle upon Tyne,Mean of Weekly Award Amount,60.97,
Feb-21,North Tyneside,Pension Credit Caseload - 2011 Geographies,5780,
Feb-21,North Tyneside,Mean of Weekly Award Amount,51.01,
Feb-21,South Tyneside,Pension Credit Caseload - 2011 Geographies,5499,
Feb-21,South Tyneside,Mean of Weekly Award Amount,52.33,
Feb-21,Sunderland,Pension Credit Caseload - 2011 Geographies,10084,
Feb-21,Sunderland,Mean of Weekly Award Amount,53.65,
Feb-21,Blackburn with Darwen,Pension Credit Caseload - 2011 Geographies,4144,
Feb-21,Blackburn with Darwen,Mean of Weekly Award Amount,69.7,
Feb-21,Blackpool,Pension Credit Caseload - 2011 Geographies,5715,
Feb-21,Blackpool,Mean of Weekly Award Amount,57.61,
Feb-21,Cheshire East,Pension Credit Caseload - 2011 Geographies,6348,
Feb-21,Cheshire East,Mean of Weekly Award Amount,55.18,
Feb-21,Cheshire West and Chester,Pension Credit Caseload - 2011 Geographies,6968,
Feb-21,Cheshire West and Chester,Mean of Weekly Award Amount,55.06,
Feb-21,Cumberland,Pension Credit Caseload - 2011 Geographies,6335,
Feb-21,Cumberland,Mean of Weekly Award Amount,53.6,
Feb-21,Halton,Pension Credit Caseload - 2011 Geographies,3591,
Feb-21,Halton,Mean of Weekly Award Amount,58.87,
Feb-21,Warrington,Pension Credit Caseload - 2011 Geographies,4027,
Feb-21,Warrington,Mean of Weekly Award Amount,55.72,
Feb-21,Westmorland and Furness,Pension Credit Caseload - 2011 Geographies,4484,
Feb-21,Westmorland and Furness,Mean of Weekly Award Amount,55.07,
Feb-21,Bolton,Pension Credit Caseload - 2011 Geographies,7859,
Feb-21,Bolton,Mean of Weekly Award Amount,64.44,
Feb-21,Bury,Pension Credit Caseload - 2011 Geographies,4287,
Feb-21,Bury,Mean of Weekly Award Amount,60.27,
Feb-21,Manchester,Pension Credit Caseload - 2011 Geographies,14631,
Feb-21,Manchester,Mean of Weekly Award Amount,77.05,
Feb-21,Oldham,Pension Credit Caseload - 2011 Geographies,5952,
Feb-21,Oldham,Mean of Weekly Award Amount,62.89,
Feb-21,Rochdale,Pension Credit Caseload - 2011 Geographies,6029,
Feb-21,Rochdale,Mean of Weekly Award Amount,60.06,
Feb-21,Salford,Pension Credit Caseload - 2011 Geographies,6786,
Feb-21,Salford,Mean of Weekly Award Amount,59.92,
Feb-21,Stockport,Pension Credit Caseload - 2011 Geographies,6192,
Feb-21,Stockport,Mean of Weekly Award Amount,61.11,
Feb-21,Tameside,Pension Credit Caseload - 2011 Geographies,5943,
Feb-21,Tameside,Mean of Weekly Award Amount,55.73,
Feb-21,Trafford,Pension Credit Caseload - 2011 Geographies,4522,
Feb-21,Trafford,Mean of Weekly Award Amount,65.17,
Feb-21,Wigan,Pension Credit Caseload - 2011 Geographies,8226,
Feb-21,Wigan,Mean of Weekly Award Amount,52.21,
Feb-21,Burnley,Pension Credit Caseload - 2011 Geographies,2488,
Feb-21,Burnley,Mean of Weekly Award Amount,58.14,
Feb-21,Chorley,Pension Credit Caseload - 2011 Geographies,2192,
Feb-21,Chorley,Mean of Weekly Award Amount,52.06,
Feb-21,Fylde,Pension Credit Caseload - 2011 Geographies,2031,
Feb-21,Fylde,Mean of Weekly Award Amount,56.87,
Feb-21,Hyndburn,Pension Credit Caseload - 2011 Geographies,2257,
Feb-21,Hyndburn,Mean of Weekly Award Amount,57.91,
Feb-21,Lancaster,Pension Credit Caseload - 2011 Geographies,3376,
Feb-21,Lancaster,Mean of Weekly Award Amount,57.57,
Feb-21,Pendle,Pension Credit Caseload - 2011 Geographies,2564,
Feb-21,Pendle,Mean of Weekly Award Amount,63.56,
Feb-21,Preston,Pension Credit Caseload - 2011 Geographies,3331,
Feb-21,Preston,Mean of Weekly Award Amount,65.73,
Feb-21,Ribble Valley,Pension Credit Caseload - 2011 Geographies,840,
Feb-21,Ribble Valley,Mean of Weekly Award Amount,51.83,
Feb-21,Rossendale,Pension Credit Caseload - 2011 Geographies,1747,
Feb-21,Rossendale,Mean of Weekly Award Amount,53.53,
Feb-21,South Ribble,Pension Credit Caseload - 2011 Geographies,2003,
Feb-21,South Ribble,Mean of Weekly Award Amount,53.97,
Feb-21,West Lancashire,Pension Credit Caseload - 2011 Geographies,2976,
Feb-21,West Lancashire,Mean of Weekly Award Amount,53.81,
Feb-21,Wyre,Pension Credit Caseload - 2011 Geographies,3247,
Feb-21,Wyre,Mean of Weekly Award Amount,56.1,
Feb-21,Knowsley,Pension Credit Caseload - 2011 Geographies,6042,
Feb-21,Knowsley,Mean of Weekly Award Amount,59.69,
Feb-21,Liverpool,Pension Credit Caseload - 2011 Geographies,18137,
Feb-21,Liverpool,Mean of Weekly Award Amount,64.5,
Feb-21,Sefton,Pension Credit Caseload - 2011 Geographies,9043,
Feb-21,Sefton,Mean of Weekly Award Amount,55.71,
Feb-21,St. Helens,Pension Credit Caseload - 2011 Geographies,5139,
Feb-21,St. Helens,Mean of Weekly Award Amount,56.71,
Feb-21,Wirral,Pension Credit Caseload - 2011 Geographies,9562,
Feb-21,Wirral,Mean of Weekly Award Amount,58.99,
Feb-21,East Riding of Yorkshire,Pension Credit Caseload - 2011 Geographies,8441,
Feb-21,East Riding of Yorkshire,Mean of Weekly Award Amount,51.26,
Feb-21,"Kingston upon Hull, City of",Pension Credit Caseload - 2011 Geographies,8491,
Feb-21,"Kingston upon Hull, City of",Mean of Weekly Award Amount,55.46,
Feb-21,North East Lincolnshire,Pension Credit Caseload - 2011 Geographies,4860,
Feb-21,North East Lincolnshire,Mean of Weekly Award Amount,53.74,
Feb-21,North Lincolnshire,Pension Credit Caseload - 2011 Geographies,4325,
Feb-21,North Lincolnshire,Mean of Weekly Award Amount,54.43,
Feb-21,North Yorkshire,Pension Credit Caseload - 2011 Geographies,12292,
Feb-21,North Yorkshire,Mean of Weekly Award Amount,54.14,
Feb-21,York,Pension Credit Caseload - 2011 Geographies,3047,
Feb-21,York,Mean of Weekly Award Amount,53.58,
Feb-21,Barnsley,Pension Credit Caseload - 2011 Geographies,6364,
Feb-21,Barnsley,Mean of Weekly Award Amount,55.07,
Feb-21,Doncaster,Pension Credit Caseload - 2011 Geographies,8014,
Feb-21,Doncaster,Mean of Weekly Award Amount,56.31,
Feb-21,Rotherham,Pension Credit Caseload - 2011 Geographies,7014,
Feb-21,Rotherham,Mean of Weekly Award Amount,53.88,
Feb-21,Sheffield,Pension Credit Caseload - 2011 Geographies,14389,
Feb-21,Sheffield,Mean of Weekly Award Amount,60.06,
Feb-21,Bradford,Pension Credit Caseload - 2011 Geographies,13709,
Feb-21,Bradford,Mean of Weekly Award Amount,64.29,
Feb-21,Calderdale,Pension Credit Caseload - 2011 Geographies,4741,
Feb-21,Calderdale,Mean of Weekly Award Amount,55.15,
Feb-21,Kirklees,Pension Credit Caseload - 2011 Geographies,9434,
Feb-21,Kirklees,Mean of Weekly Award Amount,57.77,
Feb-21,Leeds,Pension Credit Caseload - 2011 Geographies,16379,
Feb-21,Leeds,Mean of Weekly Award Amount,59.22,
Feb-21,Wakefield,Pension Credit Caseload - 2011 Geographies,8079,
Feb-21,Wakefield,Mean of Weekly Award Amount,53.35,
Feb-21,Derby,Pension Credit Caseload - 2011 Geographies,5912,
Feb-21,Derby,Mean of Weekly Award Amount,65.64,
Feb-21,Leicester,Pension Credit Caseload - 2011 Geographies,10763,
Feb-21,Leicester,Mean of Weekly Award Amount,95.19,
Feb-21,North Northamptonshire,Pension Credit Caseload - 2011 Geographies,6641,
Feb-21,North Northamptonshire,Mean of Weekly Award Amount,56.38,
Feb-21,Nottingham,Pension Credit Caseload - 2011 Geographies,7681,
Feb-21,Nottingham,Mean of Weekly Award Amount,64.99,
Feb-21,Rutland,Pension Credit Caseload - 2011 Geographies,551,
Feb-21,Rutland,Mean of Weekly Award Amount,52.31,
Feb-21,West Northamptonshire,Pension Credit Caseload - 2011 Geographies,6616,
Feb-21,West Northamptonshire,Mean of Weekly Award Amount,61.86,
Feb-21,Amber Valley,Pension Credit Caseload - 2011 Geographies,2751,
Feb-21,Amber Valley,Mean of Weekly Award Amount,52.72,
Feb-21,Bolsover,Pension Credit Caseload - 2011 Geographies,2094,
Feb-21,Bolsover,Mean of Weekly Award Amount,53.94,
Feb-21,Chesterfield,Pension Credit Caseload - 2011 Geographies,2942,
Feb-21,Chesterfield,Mean of Weekly Award Amount,53.22,
Feb-21,Derbyshire Dales,Pension Credit Caseload - 2011 Geographies,1276,
Feb-21,Derbyshire Dales,Mean of Weekly Award Amount,55.53,
Feb-21,Erewash,Pension Credit Caseload - 2011 Geographies,2509,
Feb-21,Erewash,Mean of Weekly Award Amount,48.02,
Feb-21,High Peak,Pension Credit Caseload - 2011 Geographies,1799,
Feb-21,High Peak,Mean of Weekly Award Amount,53.01,
Feb-21,North East Derbyshire,Pension Credit Caseload - 2011 Geographies,2524,
Feb-21,North East Derbyshire,Mean of Weekly Award Amount,51.67,
Feb-21,South Derbyshire,Pension Credit Caseload - 2011 Geographies,1600,
Feb-21,South Derbyshire,Mean of Weekly Award Amount,51.68,
Feb-21,Blaby,Pension Credit Caseload - 2011 Geographies,1685,
Feb-21,Blaby,Mean of Weekly Award Amount,55.31,
Feb-21,Charnwood,Pension Credit Caseload - 2011 Geographies,2923,
Feb-21,Charnwood,Mean of Weekly Award Amount,57.64,
Feb-21,Harborough,Pension Credit Caseload - 2011 Geographies,1321,
Feb-21,Harborough,Mean of Weekly Award Amount,56.25,
Feb-21,Hinckley and Bosworth,Pension Credit Caseload - 2011 Geographies,1956,
Feb-21,Hinckley and Bosworth,Mean of Weekly Award Amount,49.33,
Feb-21,Melton,Pension Credit Caseload - 2011 Geographies,820,
Feb-21,Melton,Mean of Weekly Award Amount,52.34,
Feb-21,North West Leicestershire,Pension Credit Caseload - 2011 Geographies,1709,
Feb-21,North West Leicestershire,Mean of Weekly Award Amount,52.35,
Feb-21,Oadby and Wigston,Pension Credit Caseload - 2011 Geographies,1165,
Feb-21,Oadby and Wigston,Mean of Weekly Award Amount,62.75,
Feb-21,Boston,Pension Credit Caseload - 2011 Geographies,1943,
Feb-21,Boston,Mean of Weekly Award Amount,62.43,
Feb-21,East Lindsey,Pension Credit Caseload - 2011 Geographies,5297,
Feb-21,East Lindsey,Mean of Weekly Award Amount,56.19,
Feb-21,Lincoln,Pension Credit Caseload - 2011 Geographies,2258,
Feb-21,Lincoln,Mean of Weekly Award Amount,57.75,
Feb-21,North Kesteven,Pension Credit Caseload - 2011 Geographies,2335,
Feb-21,North Kesteven,Mean of Weekly Award Amount,53.09,
Feb-21,South Holland,Pension Credit Caseload - 2011 Geographies,2310,
Feb-21,South Holland,Mean of Weekly Award Amount,52.72,
Feb-21,South Kesteven,Pension Credit Caseload - 2011 Geographies,2553,
Feb-21,South Kesteven,Mean of Weekly Award Amount,55.06,
Feb-21,West Lindsey,Pension Credit Caseload - 2011 Geographies,2177,
Feb-21,West Lindsey,Mean of Weekly Award Amount,52.52,
Feb-21,Ashfield,Pension Credit Caseload - 2011 Geographies,2930,
Feb-21,Ashfield,Mean of Weekly Award Amount,52.96,
Feb-21,Bassetlaw,Pension Credit Caseload - 2011 Geographies,2655,
Feb-21,Bassetlaw,Mean of Weekly Award Amount,53.92,
Feb-21,Broxtowe,Pension Credit Caseload - 2011 Geographies,2194,
Feb-21,Broxtowe,Mean of Weekly Award Amount,53.15,
Feb-21,Gedling,Pension Credit Caseload - 2011 Geographies,2209,
Feb-21,Gedling,Mean of Weekly Award Amount,51.96,
Feb-21,Mansfield,Pension Credit Caseload - 2011 Geographies,2453,
Feb-21,Mansfield,Mean of Weekly Award Amount,54.26,
Feb-21,Newark and Sherwood,Pension Credit Caseload - 2011 Geographies,2372,
Feb-21,Newark and Sherwood,Mean of Weekly Award Amount,54.04,
Feb-21,Rushcliffe,Pension Credit Caseload - 2011 Geographies,1632,
Feb-21,Rushcliffe,Mean of Weekly Award Amount,53.85,
Feb-21,"Herefordshire, County of",Pension Credit Caseload - 2011 Geographies,4266,
Feb-21,"Herefordshire, County of",Mean of Weekly Award Amount,55.53,
Feb-21,Shropshire,Pension Credit Caseload - 2011 Geographies,7439,
Feb-21,Shropshire,Mean of Weekly Award Amount,54.69,
Feb-21,Stoke-on-Trent,Pension Credit Caseload - 2011 Geographies,6854,
Feb-21,Stoke-on-Trent,Mean of Weekly Award Amount,54.79,
Feb-21,Telford and Wrekin,Pension Credit Caseload - 2011 Geographies,4414,
Feb-21,Telford and Wrekin,Mean of Weekly Award Amount,58.1,
Feb-21,Cannock Chase,Pension Credit Caseload - 2011 Geographies,2460,
Feb-21,Cannock Chase,Mean of Weekly Award Amount,50.58,
Feb-21,East Staffordshire,Pension Credit Caseload - 2011 Geographies,2069,
Feb-21,East Staffordshire,Mean of Weekly Award Amount,54.97,
Feb-21,Lichfield,Pension Credit Caseload - 2011 Geographies,1862,
Feb-21,Lichfield,Mean of Weekly Award Amount,50.52,
Feb-21,Newcastle-under-Lyme,Pension Credit Caseload - 2011 Geographies,2749,
Feb-21,Newcastle-under-Lyme,Mean of Weekly Award Amount,52.69,
Feb-21,South Staffordshire,Pension Credit Caseload - 2011 Geographies,2426,
Feb-21,South Staffordshire,Mean of Weekly Award Amount,50.46,
Feb-21,Stafford,Pension Credit Caseload - 2011 Geographies,2208,
Feb-21,Stafford,Mean of Weekly Award Amount,53.26,
Feb-21,Staffordshire Moorlands,Pension Credit Caseload - 2011 Geographies,1899,
Feb-21,Staffordshire Moorlands,Mean of Weekly Award Amount,52.27,
Feb-21,Tamworth,Pension Credit Caseload - 2011 Geographies,1843,
Feb-21,Tamworth,Mean of Weekly Award Amount,50.89,
Feb-21,North Warwickshire,Pension Credit Caseload - 2011 Geographies,1418,
Feb-21,North Warwickshire,Mean of Weekly Award Amount,50.53,
Feb-21,Nuneaton and Bedworth,Pension Credit Caseload - 2011 Geographies,2933,
Feb-21,Nuneaton and Bedworth,Mean of Weekly Award Amount,59.59,
Feb-21,Rugby,Pension Credit Caseload - 2011 Geographies,1735,
Feb-21,Rugby,Mean of Weekly Award Amount,59.36,
Feb-21,Stratford-on-Avon,Pension Credit Caseload - 2011 Geographies,2332,
Feb-21,Stratford-on-Avon,Mean of Weekly Award Amount,55.35,
Feb-21,Warwick,Pension Credit Caseload - 2011 Geographies,2229,
Feb-21,Warwick,Mean of Weekly Award Amount,54.55,
Feb-21,Birmingham,Pension Credit Caseload - 2011 Geographies,31449,
Feb-21,Birmingham,Mean of Weekly Award Amount,72.28,
Feb-21,Coventry,Pension Credit Caseload - 2011 Geographies,7715,
Feb-21,Coventry,Mean of Weekly Award Amount,65.86,
Feb-21,Dudley,Pension Credit Caseload - 2011 Geographies,8602,
Feb-21,Dudley,Mean of Weekly Award Amount,53.58,
Feb-21,Sandwell,Pension Credit Caseload - 2011 Geographies,10508,
Feb-21,Sandwell,Mean of Weekly Award Amount,66.28,
Feb-21,Solihull,Pension Credit Caseload - 2011 Geographies,4197,
Feb-21,Solihull,Mean of Weekly Award Amount,57.33,
Feb-21,Walsall,Pension Credit Caseload - 2011 Geographies,8384,
Feb-21,Walsall,Mean of Weekly Award Amount,59.09,
Feb-21,Wolverhampton,Pension Credit Caseload - 2011 Geographies,7950,
Feb-21,Wolverhampton,Mean of Weekly Award Amount,63.34,
Feb-21,Bromsgrove,Pension Credit Caseload - 2011 Geographies,1665,
Feb-21,Bromsgrove,Mean of Weekly Award Amount,50.67,
Feb-21,Malvern Hills,Pension Credit Caseload - 2011 Geographies,1677,
Feb-21,Malvern Hills,Mean of Weekly Award Amount,56.52,
Feb-21,Redditch,Pension Credit Caseload - 2011 Geographies,1814,
Feb-21,Redditch,Mean of Weekly Award Amount,55.92,
Feb-21,Worcester,Pension Credit Caseload - 2011 Geographies,1858,
Feb-21,Worcester,Mean of Weekly Award Amount,56.43,
Feb-21,Wychavon,Pension Credit Caseload - 2011 Geographies,2496,
Feb-21,Wychavon,Mean of Weekly Award Amount,55.78,
Feb-21,Wyre Forest,Pension Credit Caseload - 2011 Geographies,2576,
Feb-21,Wyre Forest,Mean of Weekly Award Amount,51.34,
Feb-21,Bedford,Pension Credit Caseload - 2011 Geographies,2971,
Feb-21,Bedford,Mean of Weekly Award Amount,65.39,
Feb-21,Central Bedfordshire,Pension Credit Caseload - 2011 Geographies,3924,
Feb-21,Central Bedfordshire,Mean of Weekly Award Amount,55.67,
Feb-21,Luton,Pension Credit Caseload - 2011 Geographies,4385,
Feb-21,Luton,Mean of Weekly Award Amount,78.25,
Feb-21,Peterborough,Pension Credit Caseload - 2011 Geographies,4337,
Feb-21,Peterborough,Mean of Weekly Award Amount,71.74,
Feb-21,Southend-on-Sea,Pension Credit Caseload - 2011 Geographies,4530,
Feb-21,Southend-on-Sea,Mean of Weekly Award Amount,60.83,
Feb-21,Thurrock,Pension Credit Caseload - 2011 Geographies,2993,
Feb-21,Thurrock,Mean of Weekly Award Amount,65.19,
Feb-21,Cambridge,Pension Credit Caseload - 2011 Geographies,1555,
Feb-21,Cambridge,Mean of Weekly Award Amount,69.74,
Feb-21,East Cambridgeshire,Pension Credit Caseload - 2011 Geographies,1379,
Feb-21,East Cambridgeshire,Mean of Weekly Award Amount,57.8,
Feb-21,Fenland,Pension Credit Caseload - 2011 Geographies,2703,
Feb-21,Fenland,Mean of Weekly Award Amount,57.58,
Feb-21,Huntingdonshire,Pension Credit Caseload - 2011 Geographies,2447,
Feb-21,Huntingdonshire,Mean of Weekly Award Amount,55.9,
Feb-21,South Cambridgeshire,Pension Credit Caseload - 2011 Geographies,1830,
Feb-21,South Cambridgeshire,Mean of Weekly Award Amount,64.15,
Feb-21,Basildon,Pension Credit Caseload - 2011 Geographies,3957,
Feb-21,Basildon,Mean of Weekly Award Amount,60.72,
Feb-21,Braintree,Pension Credit Caseload - 2011 Geographies,2849,
Feb-21,Braintree,Mean of Weekly Award Amount,54.15,
Feb-21,Brentwood,Pension Credit Caseload - 2011 Geographies,1129,
Feb-21,Brentwood,Mean of Weekly Award Amount,60.22,
Feb-21,Castle Point,Pension Credit Caseload - 2011 Geographies,2140,
Feb-21,Castle Point,Mean of Weekly Award Amount,56.6,
Feb-21,Chelmsford,Pension Credit Caseload - 2011 Geographies,2488,
Feb-21,Chelmsford,Mean of Weekly Award Amount,58.56,
Feb-21,Colchester,Pension Credit Caseload - 2011 Geographies,3052,
Feb-21,Colchester,Mean of Weekly Award Amount,62.19,
Feb-21,Epping Forest,Pension Credit Caseload - 2011 Geographies,2542,
Feb-21,Epping Forest,Mean of Weekly Award Amount,63.11,
Feb-21,Harlow,Pension Credit Caseload - 2011 Geographies,1758,
Feb-21,Harlow,Mean of Weekly Award Amount,59.7,
Feb-21,Maldon,Pension Credit Caseload - 2011 Geographies,1351,
Feb-21,Maldon,Mean of Weekly Award Amount,55.15,
Feb-21,Rochford,Pension Credit Caseload - 2011 Geographies,1539,
Feb-21,Rochford,Mean of Weekly Award Amount,53.55,
Feb-21,Tendring,Pension Credit Caseload - 2011 Geographies,5180,
Feb-21,Tendring,Mean of Weekly Award Amount,57.01,
Feb-21,Uttlesford,Pension Credit Caseload - 2011 Geographies,1156,
Feb-21,Uttlesford,Mean of Weekly Award Amount,54.45,
Feb-21,Broxbourne,Pension Credit Caseload - 2011 Geographies,1827,
Feb-21,Broxbourne,Mean of Weekly Award Amount,66.41,
Feb-21,Dacorum,Pension Credit Caseload - 2011 Geographies,2095,
Feb-21,Dacorum,Mean of Weekly Award Amount,61,
Feb-21,East Hertfordshire,Pension Credit Caseload - 2011 Geographies,1866,
Feb-21,East Hertfordshire,Mean of Weekly Award Amount,59.71,
Feb-21,Hertsmere,Pension Credit Caseload - 2011 Geographies,1835,
Feb-21,Hertsmere,Mean of Weekly Award Amount,71.87,
Feb-21,North Hertfordshire,Pension Credit Caseload - 2011 Geographies,2045,
Feb-21,North Hertfordshire,Mean of Weekly Award Amount,56.11,
Feb-21,St Albans,Pension Credit Caseload - 2011 Geographies,1492,
Feb-21,St Albans,Mean of Weekly Award Amount,65.57,
Feb-21,Stevenage,Pension Credit Caseload - 2011 Geographies,1497,
Feb-21,Stevenage,Mean of Weekly Award Amount,62.56,
Feb-21,Three Rivers,Pension Credit Caseload - 2011 Geographies,1285,
Feb-21,Three Rivers,Mean of Weekly Award Amount,70.14,
Feb-21,Watford,Pension Credit Caseload - 2011 Geographies,1437,
Feb-21,Watford,Mean of Weekly Award Amount,73.22,
Feb-21,Welwyn Hatfield,Pension Credit Caseload - 2011 Geographies,1667,
Feb-21,Welwyn Hatfield,Mean of Weekly Award Amount,63.7,
Feb-21,Breckland,Pension Credit Caseload - 2011 Geographies,3191,
Feb-21,Breckland,Mean of Weekly Award Amount,53.95,
Feb-21,Broadland,Pension Credit Caseload - 2011 Geographies,2351,
Feb-21,Broadland,Mean of Weekly Award Amount,51.12,
Feb-21,Great Yarmouth,Pension Credit Caseload - 2011 Geographies,3461,
Feb-21,Great Yarmouth,Mean of Weekly Award Amount,53.46,
Feb-21,King's Lynn and West Norfolk,Pension Credit Caseload - 2011 Geographies,4087,
Feb-21,King's Lynn and West Norfolk,Mean of Weekly Award Amount,54.77,
Feb-21,North Norfolk,Pension Credit Caseload - 2011 Geographies,3009,
Feb-21,North Norfolk,Mean of Weekly Award Amount,50.52,
Feb-21,Norwich,Pension Credit Caseload - 2011 Geographies,3565,
Feb-21,Norwich,Mean of Weekly Award Amount,57.38,
Feb-21,South Norfolk,Pension Credit Caseload - 2011 Geographies,2613,
Feb-21,South Norfolk,Mean of Weekly Award Amount,53.68,
Feb-21,Babergh,Pension Credit Caseload - 2011 Geographies,1782,
Feb-21,Babergh,Mean of Weekly Award Amount,52.21,
Feb-21,East Suffolk,Pension Credit Caseload - 2011 Geographies,5840,
Feb-21,East Suffolk,Mean of Weekly Award Amount,53.4,
Feb-21,Ipswich,Pension Credit Caseload - 2011 Geographies,2936,
Feb-21,Ipswich,Mean of Weekly Award Amount,65.3,
Feb-21,Mid Suffolk,Pension Credit Caseload - 2011 Geographies,1813,
Feb-21,Mid Suffolk,Mean of Weekly Award Amount,54.83,
Feb-21,West Suffolk,Pension Credit Caseload - 2011 Geographies,3073,
Feb-21,West Suffolk,Mean of Weekly Award Amount,54.39,
Feb-21,Camden,Pension Credit Caseload - 2011 Geographies,6126,
Feb-21,Camden,Mean of Weekly Award Amount,95.65,
Feb-21,City of London,Pension Credit Caseload - 2011 Geographies,99,
Feb-21,City of London,Mean of Weekly Award Amount,89.04,
Feb-21,Hackney,Pension Credit Caseload - 2011 Geographies,7558,
Feb-21,Hackney,Mean of Weekly Award Amount,97.56,
Feb-21,Hammersmith and Fulham,Pension Credit Caseload - 2011 Geographies,4495,
Feb-21,Hammersmith and Fulham,Mean of Weekly Award Amount,94.93,
Feb-21,Haringey,Pension Credit Caseload - 2011 Geographies,6938,
Feb-21,Haringey,Mean of Weekly Award Amount,99.4,
Feb-21,Islington,Pension Credit Caseload - 2011 Geographies,6206,
Feb-21,Islington,Mean of Weekly Award Amount,89.29,
Feb-21,Kensington and Chelsea,Pension Credit Caseload - 2011 Geographies,4404,
Feb-21,Kensington and Chelsea,Mean of Weekly Award Amount,96.84,
Feb-21,Lambeth,Pension Credit Caseload - 2011 Geographies,7345,
Feb-21,Lambeth,Mean of Weekly Award Amount,90.01,
Feb-21,Lewisham,Pension Credit Caseload - 2011 Geographies,6035,
Feb-21,Lewisham,Mean of Weekly Award Amount,84.14,
Feb-21,Newham,Pension Credit Caseload - 2011 Geographies,8155,
Feb-21,Newham,Mean of Weekly Award Amount,101.48,
Feb-21,Southwark,Pension Credit Caseload - 2011 Geographies,7367,
Feb-21,Southwark,Mean of Weekly Award Amount,90.77,
Feb-21,Tower Hamlets,Pension Credit Caseload - 2011 Geographies,7202,
Feb-21,Tower Hamlets,Mean of Weekly Award Amount,96.51,
Feb-21,Wandsworth,Pension Credit Caseload - 2011 Geographies,5772,
Feb-21,Wandsworth,Mean of Weekly Award Amount,89.72,
Feb-21,Westminster,Pension Credit Caseload - 2011 Geographies,5913,
Feb-21,Westminster,Mean of Weekly Award Amount,106.95,
Feb-21,Barking and Dagenham,Pension Credit Caseload - 2011 Geographies,4533,
Feb-21,Barking and Dagenham,Mean of Weekly Award Amount,84.39,
Feb-21,Barnet,Pension Credit Caseload - 2011 Geographies,7766,
Feb-21,Barnet,Mean of Weekly Award Amount,99.89,
Feb-21,Bexley,Pension Credit Caseload - 2011 Geographies,4006,
Feb-21,Bexley,Mean of Weekly Award Amount,70.78,
Feb-21,Brent,Pension Credit Caseload - 2011 Geographies,9047,
Feb-21,Brent,Mean of Weekly Award Amount,108.22,
Feb-21,Bromley,Pension Credit Caseload - 2011 Geographies,5082,
Feb-21,Bromley,Mean of Weekly Award Amount,72.24,
Feb-21,Croydon,Pension Credit Caseload - 2011 Geographies,7194,
Feb-21,Croydon,Mean of Weekly Award Amount,87.01,
Feb-21,Ealing,Pension Credit Caseload - 2011 Geographies,8668,
Feb-21,Ealing,Mean of Weekly Award Amount,113.92,
Feb-21,Enfield,Pension Credit Caseload - 2011 Geographies,7940,
Feb-21,Enfield,Mean of Weekly Award Amount,92.81,
Feb-21,Greenwich,Pension Credit Caseload - 2011 Geographies,6161,
Feb-21,Greenwich,Mean of Weekly Award Amount,91.74,
Feb-21,Harrow,Pension Credit Caseload - 2011 Geographies,5843,
Feb-21,Harrow,Mean of Weekly Award Amount,118.2,
Feb-21,Havering,Pension Credit Caseload - 2011 Geographies,4600,
Feb-21,Havering,Mean of Weekly Award Amount,66.25,
Feb-21,Hillingdon,Pension Credit Caseload - 2011 Geographies,5303,
Feb-21,Hillingdon,Mean of Weekly Award Amount,100.88,
Feb-21,Hounslow,Pension Credit Caseload - 2011 Geographies,5842,
Feb-21,Hounslow,Mean of Weekly Award Amount,107.87,
Feb-21,Kingston upon Thames,Pension Credit Caseload - 2011 Geographies,2428,
Feb-21,Kingston upon Thames,Mean of Weekly Award Amount,98.04,
Feb-21,Merton,Pension Credit Caseload - 2011 Geographies,3454,
Feb-21,Merton,Mean of Weekly Award Amount,93.11,
Feb-21,Redbridge,Pension Credit Caseload - 2011 Geographies,6271,
Feb-21,Redbridge,Mean of Weekly Award Amount,96.53,
Feb-21,Richmond upon Thames,Pension Credit Caseload - 2011 Geographies,2656,
Feb-21,Richmond upon Thames,Mean of Weekly Award Amount,82.57,
Feb-21,Sutton,Pension Credit Caseload - 2011 Geographies,3198,
Feb-21,Sutton,Mean of Weekly Award Amount,81.66,
Feb-21,Waltham Forest,Pension Credit Caseload - 2011 Geographies,5866,
Feb-21,Waltham Forest,Mean of Weekly Award Amount,86.2,
Feb-21,Bracknell Forest,Pension Credit Caseload - 2011 Geographies,1549,
Feb-21,Bracknell Forest,Mean of Weekly Award Amount,72.75,
Feb-21,Brighton and Hove,Pension Credit Caseload - 2011 Geographies,6137,
Feb-21,Brighton and Hove,Mean of Weekly Award Amount,69.93,
Feb-21,Buckinghamshire,Pension Credit Caseload - 2011 Geographies,6646,
Feb-21,Buckinghamshire,Mean of Weekly Award Amount,65.68,
Feb-21,Isle of Wight,Pension Credit Caseload - 2011 Geographies,4350,
Feb-21,Isle of Wight,Mean of Weekly Award Amount,56.11,
Feb-21,Medway,Pension Credit Caseload - 2011 Geographies,5148,
Feb-21,Medway,Mean of Weekly Award Amount,60.23,
Feb-21,Milton Keynes,Pension Credit Caseload - 2011 Geographies,4245,
Feb-21,Milton Keynes,Mean of Weekly Award Amount,69.46,
Feb-21,Portsmouth,Pension Credit Caseload - 2011 Geographies,4529,
Feb-21,Portsmouth,Mean of Weekly Award Amount,62.51,
Feb-21,Reading,Pension Credit Caseload - 2011 Geographies,2991,
Feb-21,Reading,Mean of Weekly Award Amount,89.94,
Feb-21,Slough,Pension Credit Caseload - 2011 Geographies,2752,
Feb-21,Slough,Mean of Weekly Award Amount,92.75,
Feb-21,Southampton,Pension Credit Caseload - 2011 Geographies,5094,
Feb-21,Southampton,Mean of Weekly Award Amount,66.02,
Feb-21,West Berkshire,Pension Credit Caseload - 2011 Geographies,2008,
Feb-21,West Berkshire,Mean of Weekly Award Amount,57.69,
Feb-21,Windsor and Maidenhead,Pension Credit Caseload - 2011 Geographies,1943,
Feb-21,Windsor and Maidenhead,Mean of Weekly Award Amount,67.7,
Feb-21,Wokingham,Pension Credit Caseload - 2011 Geographies,1446,
Feb-21,Wokingham,Mean of Weekly Award Amount,62.98,
Feb-21,Eastbourne,Pension Credit Caseload - 2011 Geographies,2860,
Feb-21,Eastbourne,Mean of Weekly Award Amount,62.85,
Feb-21,Hastings,Pension Credit Caseload - 2011 Geographies,3093,
Feb-21,Hastings,Mean of Weekly Award Amount,63.08,
Feb-21,Lewes,Pension Credit Caseload - 2011 Geographies,2307,
Feb-21,Lewes,Mean of Weekly Award Amount,58.78,
Feb-21,Rother,Pension Credit Caseload - 2011 Geographies,2690,
Feb-21,Rother,Mean of Weekly Award Amount,58.54,
Feb-21,Wealden,Pension Credit Caseload - 2011 Geographies,2939,
Feb-21,Wealden,Mean of Weekly Award Amount,56.47,
Feb-21,Basingstoke and Deane,Pension Credit Caseload - 2011 Geographies,2166,
Feb-21,Basingstoke and Deane,Mean of Weekly Award Amount,68.11,
Feb-21,East Hampshire,Pension Credit Caseload - 2011 Geographies,1650,
Feb-21,East Hampshire,Mean of Weekly Award Amount,58.94,
Feb-21,Eastleigh,Pension Credit Caseload - 2011 Geographies,1771,
Feb-21,Eastleigh,Mean of Weekly Award Amount,57.58,
Feb-21,Fareham,Pension Credit Caseload - 2011 Geographies,1627,
Feb-21,Fareham,Mean of Weekly Award Amount,51.66,
Feb-21,Gosport,Pension Credit Caseload - 2011 Geographies,1610,
Feb-21,Gosport,Mean of Weekly Award Amount,54.63,
Feb-21,Hart,Pension Credit Caseload - 2011 Geographies,882,
Feb-21,Hart,Mean of Weekly Award Amount,63.2,
Feb-21,Havant,Pension Credit Caseload - 2011 Geographies,3034,
Feb-21,Havant,Mean of Weekly Award Amount,55.28,
Feb-21,New Forest,Pension Credit Caseload - 2011 Geographies,3398,
Feb-21,New Forest,Mean of Weekly Award Amount,55.89,
Feb-21,Rushmoor,Pension Credit Caseload - 2011 Geographies,2428,
Feb-21,Rushmoor,Mean of Weekly Award Amount,120.63,
Feb-21,Test Valley,Pension Credit Caseload - 2011 Geographies,1740,
Feb-21,Test Valley,Mean of Weekly Award Amount,58.48,
Feb-21,Winchester,Pension Credit Caseload - 2011 Geographies,1708,
Feb-21,Winchester,Mean of Weekly Award Amount,59.99,
Feb-21,Ashford,Pension Credit Caseload - 2011 Geographies,2533,
Feb-21,Ashford,Mean of Weekly Award Amount,76.58,
Feb-21,Canterbury,Pension Credit Caseload - 2011 Geographies,3241,
Feb-21,Canterbury,Mean of Weekly Award Amount,59.97,
Feb-21,Dartford,Pension Credit Caseload - 2011 Geographies,1462,
Feb-21,Dartford,Mean of Weekly Award Amount,63.26,
Feb-21,Dover,Pension Credit Caseload - 2011 Geographies,2824,
Feb-21,Dover,Mean of Weekly Award Amount,57.6,
Feb-21,Folkestone and Hythe,Pension Credit Caseload - 2011 Geographies,3123,
Feb-21,Folkestone and Hythe,Mean of Weekly Award Amount,66.42,
Feb-21,Gravesham,Pension Credit Caseload - 2011 Geographies,1986,
Feb-21,Gravesham,Mean of Weekly Award Amount,62.98,
Feb-21,Maidstone,Pension Credit Caseload - 2011 Geographies,2786,
Feb-21,Maidstone,Mean of Weekly Award Amount,65.64,
Feb-21,Sevenoaks,Pension Credit Caseload - 2011 Geographies,1761,
Feb-21,Sevenoaks,Mean of Weekly Award Amount,62.25,
Feb-21,Swale,Pension Credit Caseload - 2011 Geographies,3215,
Feb-21,Swale,Mean of Weekly Award Amount,57.69,
Feb-21,Thanet,Pension Credit Caseload - 2011 Geographies,4733,
Feb-21,Thanet,Mean of Weekly Award Amount,60.07,
Feb-21,Tonbridge and Malling,Pension Credit Caseload - 2011 Geographies,1816,
Feb-21,Tonbridge and Malling,Mean of Weekly Award Amount,60.71,
Feb-21,Tunbridge Wells,Pension Credit Caseload - 2011 Geographies,1720,
Feb-21,Tunbridge Wells,Mean of Weekly Award Amount,60.48,
Feb-21,Cherwell,Pension Credit Caseload - 2011 Geographies,1956,
Feb-21,Cherwell,Mean of Weekly Award Amount,59.45,
Feb-21,Oxford,Pension Credit Caseload - 2011 Geographies,2008,
Feb-21,Oxford,Mean of Weekly Award Amount,76.57,
Feb-21,South Oxfordshire,Pension Credit Caseload - 2011 Geographies,1650,
Feb-21,South Oxfordshire,Mean of Weekly Award Amount,57.01,
Feb-21,Vale of White Horse,Pension Credit Caseload - 2011 Geographies,1475,
Feb-21,Vale of White Horse,Mean of Weekly Award Amount,60.12,
Feb-21,West Oxfordshire,Pension Credit Caseload - 2011 Geographies,1473,
Feb-21,West Oxfordshire,Mean of Weekly Award Amount,59.21,
Feb-21,Elmbridge,Pension Credit Caseload - 2011 Geographies,1659,
Feb-21,Elmbridge,Mean of Weekly Award Amount,72.55,
Feb-21,Epsom and Ewell,Pension Credit Caseload - 2011 Geographies,874,
Feb-21,Epsom and Ewell,Mean of Weekly Award Amount,79.41,
Feb-21,Guildford,Pension Credit Caseload - 2011 Geographies,1549,
Feb-21,Guildford,Mean of Weekly Award Amount,62.48,
Feb-21,Mole Valley,Pension Credit Caseload - 2011 Geographies,1151,
Feb-21,Mole Valley,Mean of Weekly Award Amount,63.45,
Feb-21,Reigate and Banstead,Pension Credit Caseload - 2011 Geographies,1680,
Feb-21,Reigate and Banstead,Mean of Weekly Award Amount,68.48,
Feb-21,Runnymede,Pension Credit Caseload - 2011 Geographies,1172,
Feb-21,Runnymede,Mean of Weekly Award Amount,64.62,
Feb-21,Spelthorne,Pension Credit Caseload - 2011 Geographies,1410,
Feb-21,Spelthorne,Mean of Weekly Award Amount,67.8,
Feb-21,Surrey Heath,Pension Credit Caseload - 2011 Geographies,979,
Feb-21,Surrey Heath,Mean of Weekly Award Amount,71.22,
Feb-21,Tandridge,Pension Credit Caseload - 2011 Geographies,1059,
Feb-21,Tandridge,Mean of Weekly Award Amount,64.53,
Feb-21,Waverley,Pension Credit Caseload - 2011 Geographies,1585,
Feb-21,Waverley,Mean of Weekly Award Amount,61.74,
Feb-21,Woking,Pension Credit Caseload - 2011 Geographies,1222,
Feb-21,Woking,Mean of Weekly Award Amount,69.82,
Feb-21,Adur,Pension Credit Caseload - 2011 Geographies,1468,
Feb-21,Adur,Mean of Weekly Award Amount,58.36,
Feb-21,Arun,Pension Credit Caseload - 2011 Geographies,4118,
Feb-21,Arun,Mean of Weekly Award Amount,57.12,
Feb-21,Chichester,Pension Credit Caseload - 2011 Geographies,2315,
Feb-21,Chichester,Mean of Weekly Award Amount,58.76,
Feb-21,Crawley,Pension Credit Caseload - 2011 Geographies,1818,
Feb-21,Crawley,Mean of Weekly Award Amount,77.85,
Feb-21,Horsham,Pension Credit Caseload - 2011 Geographies,1907,
Feb-21,Horsham,Mean of Weekly Award Amount,59.29,
Feb-21,Mid Sussex,Pension Credit Caseload - 2011 Geographies,1813,
Feb-21,Mid Sussex,Mean of Weekly Award Amount,60.74,
Feb-21,Worthing,Pension Credit Caseload - 2011 Geographies,2422,
Feb-21,Worthing,Mean of Weekly Award Amount,58.68,
Feb-21,Bath and North East Somerset,Pension Credit Caseload - 2011 Geographies,3028,
Feb-21,Bath and North East Somerset,Mean of Weekly Award Amount,56.93,
Feb-21,"Bournemouth, Christchurch and Poole",Pension Credit Caseload - 2011 Geographies,9727,
Feb-21,"Bournemouth, Christchurch and Poole",Mean of Weekly Award Amount,59.18,
Feb-21,"Bristol, City of",Pension Credit Caseload - 2011 Geographies,8548,
Feb-21,"Bristol, City of",Mean of Weekly Award Amount,67.36,
Feb-21,Cornwall,Pension Credit Caseload - 2011 Geographies,16716,
Feb-21,Cornwall,Mean of Weekly Award Amount,52.19,
Feb-21,Dorset,Pension Credit Caseload - 2011 Geographies,8236,
Feb-21,Dorset,Mean of Weekly Award Amount,54.2,
Feb-21,Isles of Scilly,Pension Credit Caseload - 2011 Geographies,27,
Feb-21,Isles of Scilly,Mean of Weekly Award Amount,64.66,
Feb-21,North Somerset,Pension Credit Caseload - 2011 Geographies,4521,
Feb-21,North Somerset,Mean of Weekly Award Amount,56.02,
Feb-21,Plymouth,Pension Credit Caseload - 2011 Geographies,6311,
Feb-21,Plymouth,Mean of Weekly Award Amount,57.37,
Feb-21,Somerset,Pension Credit Caseload - 2011 Geographies,12224,
Feb-21,Somerset,Mean of Weekly Award Amount,55.35,
Feb-21,South Gloucestershire,Pension Credit Caseload - 2011 Geographies,3952,
Feb-21,South Gloucestershire,Mean of Weekly Award Amount,57.98,
Feb-21,Swindon,Pension Credit Caseload - 2011 Geographies,4075,
Feb-21,Swindon,Mean of Weekly Award Amount,74.11,
Feb-21,Torbay,Pension Credit Caseload - 2011 Geographies,5188,
Feb-21,Torbay,Mean of Weekly Award Amount,57.58,
Feb-21,Wiltshire,Pension Credit Caseload - 2011 Geographies,7975,
Feb-21,Wiltshire,Mean of Weekly Award Amount,56.54,
Feb-21,East Devon,Pension Credit Caseload - 2011 Geographies,3265,
Feb-21,East Devon,Mean of Weekly Award Amount,52.6,
Feb-21,Exeter,Pension Credit Caseload - 2011 Geographies,2399,
Feb-21,Exeter,Mean of Weekly Award Amount,55.4,
Feb-21,Mid Devon,Pension Credit Caseload - 2011 Geographies,1722,
Feb-21,Mid Devon,Mean of Weekly Award Amount,55.97,
Feb-21,North Devon,Pension Credit Caseload - 2011 Geographies,2536,
Feb-21,North Devon,Mean of Weekly Award Amount,52.46,
Feb-21,South Hams,Pension Credit Caseload - 2011 Geographies,1992,
Feb-21,South Hams,Mean of Weekly Award Amount,56.16,
Feb-21,Teignbridge,Pension Credit Caseload - 2011 Geographies,3410,
Feb-21,Teignbridge,Mean of Weekly Award Amount,55.6,
Feb-21,Torridge,Pension Credit Caseload - 2011 Geographies,1961,
Feb-21,Torridge,Mean of Weekly Award Amount,52.32,
Feb-21,West Devon,Pension Credit Caseload - 2011 Geographies,1339,
Feb-21,West Devon,Mean of Weekly Award Amount,56.05,
Feb-21,Cheltenham,Pension Credit Caseload - 2011 Geographies,1945,
Feb-21,Cheltenham,Mean of Weekly Award Amount,57.34,
Feb-21,Cotswold,Pension Credit Caseload - 2011 Geographies,1570,
Feb-21,Cotswold,Mean of Weekly Award Amount,53.03,
Feb-21,Forest of Dean,Pension Credit Caseload - 2011 Geographies,1972,
Feb-21,Forest of Dean,Mean of Weekly Award Amount,57.84,
Feb-21,Gloucester,Pension Credit Caseload - 2011 Geographies,2408,
Feb-21,Gloucester,Mean of Weekly Award Amount,63.76,
Feb-21,Stroud,Pension Credit Caseload - 2011 Geographies,2028,
Feb-21,Stroud,Mean of Weekly Award Amount,54.98,
Feb-21,Tewkesbury,Pension Credit Caseload - 2011 Geographies,1468,
Feb-21,Tewkesbury,Mean of Weekly Award Amount,57.9,
Feb-21,Total,Pension Credit Caseload - 2011 Geographies,1224509,
Feb-21,Total,Mean of Weekly Award Amount,65.13,
May-21,England,Pension Credit Caseload - 2011 Geographies,1213094,
May-21,England,Mean of Weekly Award Amount,65.86,
May-21,County Durham,Pension Credit Caseload - 2011 Geographies,15668,
May-21,County Durham,Mean of Weekly Award Amount,52.96,
May-21,Darlington,Pension Credit Caseload - 2011 Geographies,2805,
May-21,Darlington,Mean of Weekly Award Amount,57.56,
May-21,Hartlepool,Pension Credit Caseload - 2011 Geographies,3394,
May-21,Hartlepool,Mean of Weekly Award Amount,57.07,
May-21,Middlesbrough,Pension Credit Caseload - 2011 Geographies,4403,
May-21,Middlesbrough,Mean of Weekly Award Amount,59.72,
May-21,Northumberland,Pension Credit Caseload - 2011 Geographies,7664,
May-21,Northumberland,Mean of Weekly Award Amount,51.15,
May-21,Redcar and Cleveland,Pension Credit Caseload - 2011 Geographies,4497,
May-21,Redcar and Cleveland,Mean of Weekly Award Amount,52.42,
May-21,Stockton-on-Tees,Pension Credit Caseload - 2011 Geographies,4900,
May-21,Stockton-on-Tees,Mean of Weekly Award Amount,55.14,
May-21,Gateshead,Pension Credit Caseload - 2011 Geographies,6418,
May-21,Gateshead,Mean of Weekly Award Amount,55.08,
May-21,Newcastle upon Tyne,Pension Credit Caseload - 2011 Geographies,7950,
May-21,Newcastle upon Tyne,Mean of Weekly Award Amount,61.6,
May-21,North Tyneside,Pension Credit Caseload - 2011 Geographies,5693,
May-21,North Tyneside,Mean of Weekly Award Amount,51.51,
May-21,South Tyneside,Pension Credit Caseload - 2011 Geographies,5446,
May-21,South Tyneside,Mean of Weekly Award Amount,52.74,
May-21,Sunderland,Pension Credit Caseload - 2011 Geographies,9989,
May-21,Sunderland,Mean of Weekly Award Amount,54.11,
May-21,Blackburn with Darwen,Pension Credit Caseload - 2011 Geographies,4120,
May-21,Blackburn with Darwen,Mean of Weekly Award Amount,70.31,
May-21,Blackpool,Pension Credit Caseload - 2011 Geographies,5655,
May-21,Blackpool,Mean of Weekly Award Amount,58.26,
May-21,Cheshire East,Pension Credit Caseload - 2011 Geographies,6289,
May-21,Cheshire East,Mean of Weekly Award Amount,55.81,
May-21,Cheshire West and Chester,Pension Credit Caseload - 2011 Geographies,6923,
May-21,Cheshire West and Chester,Mean of Weekly Award Amount,55.46,
May-21,Cumberland,Pension Credit Caseload - 2011 Geographies,6287,
May-21,Cumberland,Mean of Weekly Award Amount,53.83,
May-21,Halton,Pension Credit Caseload - 2011 Geographies,3570,
May-21,Halton,Mean of Weekly Award Amount,59.16,
May-21,Warrington,Pension Credit Caseload - 2011 Geographies,3979,
May-21,Warrington,Mean of Weekly Award Amount,55.93,
May-21,Westmorland and Furness,Pension Credit Caseload - 2011 Geographies,4416,
May-21,Westmorland and Furness,Mean of Weekly Award Amount,55.29,
May-21,Bolton,Pension Credit Caseload - 2011 Geographies,7798,
May-21,Bolton,Mean of Weekly Award Amount,65.33,
May-21,Bury,Pension Credit Caseload - 2011 Geographies,4223,
May-21,Bury,Mean of Weekly Award Amount,61.24,
May-21,Manchester,Pension Credit Caseload - 2011 Geographies,14515,
May-21,Manchester,Mean of Weekly Award Amount,78.06,
May-21,Oldham,Pension Credit Caseload - 2011 Geographies,5887,
May-21,Oldham,Mean of Weekly Award Amount,63.54,
May-21,Rochdale,Pension Credit Caseload - 2011 Geographies,5970,
May-21,Rochdale,Mean of Weekly Award Amount,60.48,
May-21,Salford,Pension Credit Caseload - 2011 Geographies,6741,
May-21,Salford,Mean of Weekly Award Amount,60.55,
May-21,Stockport,Pension Credit Caseload - 2011 Geographies,6126,
May-21,Stockport,Mean of Weekly Award Amount,61.47,
May-21,Tameside,Pension Credit Caseload - 2011 Geographies,5905,
May-21,Tameside,Mean of Weekly Award Amount,56.22,
May-21,Trafford,Pension Credit Caseload - 2011 Geographies,4460,
May-21,Trafford,Mean of Weekly Award Amount,65.79,
May-21,Wigan,Pension Credit Caseload - 2011 Geographies,8138,
May-21,Wigan,Mean of Weekly Award Amount,52.56,
May-21,Burnley,Pension Credit Caseload - 2011 Geographies,2466,
May-21,Burnley,Mean of Weekly Award Amount,58.66,
May-21,Chorley,Pension Credit Caseload - 2011 Geographies,2183,
May-21,Chorley,Mean of Weekly Award Amount,52.44,
May-21,Fylde,Pension Credit Caseload - 2011 Geographies,2012,
May-21,Fylde,Mean of Weekly Award Amount,57.29,
May-21,Hyndburn,Pension Credit Caseload - 2011 Geographies,2254,
May-21,Hyndburn,Mean of Weekly Award Amount,58.48,
May-21,Lancaster,Pension Credit Caseload - 2011 Geographies,3342,
May-21,Lancaster,Mean of Weekly Award Amount,58.07,
May-21,Pendle,Pension Credit Caseload - 2011 Geographies,2544,
May-21,Pendle,Mean of Weekly Award Amount,64.45,
May-21,Preston,Pension Credit Caseload - 2011 Geographies,3291,
May-21,Preston,Mean of Weekly Award Amount,65.78,
May-21,Ribble Valley,Pension Credit Caseload - 2011 Geographies,822,
May-21,Ribble Valley,Mean of Weekly Award Amount,51.46,
May-21,Rossendale,Pension Credit Caseload - 2011 Geographies,1730,
May-21,Rossendale,Mean of Weekly Award Amount,53.97,
May-21,South Ribble,Pension Credit Caseload - 2011 Geographies,1976,
May-21,South Ribble,Mean of Weekly Award Amount,54.08,
May-21,West Lancashire,Pension Credit Caseload - 2011 Geographies,2938,
May-21,West Lancashire,Mean of Weekly Award Amount,54.19,
May-21,Wyre,Pension Credit Caseload - 2011 Geographies,3204,
May-21,Wyre,Mean of Weekly Award Amount,56.48,
May-21,Knowsley,Pension Credit Caseload - 2011 Geographies,6009,
May-21,Knowsley,Mean of Weekly Award Amount,59.95,
May-21,Liverpool,Pension Credit Caseload - 2011 Geographies,17960,
May-21,Liverpool,Mean of Weekly Award Amount,65.01,
May-21,Sefton,Pension Credit Caseload - 2011 Geographies,8965,
May-21,Sefton,Mean of Weekly Award Amount,56.11,
May-21,St. Helens,Pension Credit Caseload - 2011 Geographies,5088,
May-21,St. Helens,Mean of Weekly Award Amount,56.67,
May-21,Wirral,Pension Credit Caseload - 2011 Geographies,9439,
May-21,Wirral,Mean of Weekly Award Amount,59.69,
May-21,East Riding of Yorkshire,Pension Credit Caseload - 2011 Geographies,8368,
May-21,East Riding of Yorkshire,Mean of Weekly Award Amount,51.41,
May-21,"Kingston upon Hull, City of",Pension Credit Caseload - 2011 Geographies,8410,
May-21,"Kingston upon Hull, City of",Mean of Weekly Award Amount,56,
May-21,North East Lincolnshire,Pension Credit Caseload - 2011 Geographies,4778,
May-21,North East Lincolnshire,Mean of Weekly Award Amount,54.05,
May-21,North Lincolnshire,Pension Credit Caseload - 2011 Geographies,4281,
May-21,North Lincolnshire,Mean of Weekly Award Amount,54.6,
May-21,North Yorkshire,Pension Credit Caseload - 2011 Geographies,12246,
May-21,North Yorkshire,Mean of Weekly Award Amount,54.69,
May-21,York,Pension Credit Caseload - 2011 Geographies,2999,
May-21,York,Mean of Weekly Award Amount,54.16,
May-21,Barnsley,Pension Credit Caseload - 2011 Geographies,6295,
May-21,Barnsley,Mean of Weekly Award Amount,55.2,
May-21,Doncaster,Pension Credit Caseload - 2011 Geographies,7928,
May-21,Doncaster,Mean of Weekly Award Amount,56.81,
May-21,Rotherham,Pension Credit Caseload - 2011 Geographies,6932,
May-21,Rotherham,Mean of Weekly Award Amount,54.08,
May-21,Sheffield,Pension Credit Caseload - 2011 Geographies,14244,
May-21,Sheffield,Mean of Weekly Award Amount,60.65,
May-21,Bradford,Pension Credit Caseload - 2011 Geographies,13544,
May-21,Bradford,Mean of Weekly Award Amount,64.88,
May-21,Calderdale,Pension Credit Caseload - 2011 Geographies,4703,
May-21,Calderdale,Mean of Weekly Award Amount,55.68,
May-21,Kirklees,Pension Credit Caseload - 2011 Geographies,9320,
May-21,Kirklees,Mean of Weekly Award Amount,58.51,
May-21,Leeds,Pension Credit Caseload - 2011 Geographies,16164,
May-21,Leeds,Mean of Weekly Award Amount,59.83,
May-21,Wakefield,Pension Credit Caseload - 2011 Geographies,7978,
May-21,Wakefield,Mean of Weekly Award Amount,53.62,
May-21,Derby,Pension Credit Caseload - 2011 Geographies,5870,
May-21,Derby,Mean of Weekly Award Amount,66.73,
May-21,Leicester,Pension Credit Caseload - 2011 Geographies,10704,
May-21,Leicester,Mean of Weekly Award Amount,96.5,
May-21,North Northamptonshire,Pension Credit Caseload - 2011 Geographies,6584,
May-21,North Northamptonshire,Mean of Weekly Award Amount,56.57,
May-21,Nottingham,Pension Credit Caseload - 2011 Geographies,7589,
May-21,Nottingham,Mean of Weekly Award Amount,65.5,
May-21,Rutland,Pension Credit Caseload - 2011 Geographies,550,
May-21,Rutland,Mean of Weekly Award Amount,52.16,
May-21,West Northamptonshire,Pension Credit Caseload - 2011 Geographies,6536,
May-21,West Northamptonshire,Mean of Weekly Award Amount,62.66,
May-21,Amber Valley,Pension Credit Caseload - 2011 Geographies,2728,
May-21,Amber Valley,Mean of Weekly Award Amount,53.35,
May-21,Bolsover,Pension Credit Caseload - 2011 Geographies,2042,
May-21,Bolsover,Mean of Weekly Award Amount,54.31,
May-21,Chesterfield,Pension Credit Caseload - 2011 Geographies,2908,
May-21,Chesterfield,Mean of Weekly Award Amount,53.85,
May-21,Derbyshire Dales,Pension Credit Caseload - 2011 Geographies,1266,
May-21,Derbyshire Dales,Mean of Weekly Award Amount,55.74,
May-21,Erewash,Pension Credit Caseload - 2011 Geographies,2473,
May-21,Erewash,Mean of Weekly Award Amount,48.32,
May-21,High Peak,Pension Credit Caseload - 2011 Geographies,1786,
May-21,High Peak,Mean of Weekly Award Amount,53.59,
May-21,North East Derbyshire,Pension Credit Caseload - 2011 Geographies,2488,
May-21,North East Derbyshire,Mean of Weekly Award Amount,52,
May-21,South Derbyshire,Pension Credit Caseload - 2011 Geographies,1575,
May-21,South Derbyshire,Mean of Weekly Award Amount,51.67,
May-21,Blaby,Pension Credit Caseload - 2011 Geographies,1651,
May-21,Blaby,Mean of Weekly Award Amount,56.24,
May-21,Charnwood,Pension Credit Caseload - 2011 Geographies,2903,
May-21,Charnwood,Mean of Weekly Award Amount,58.16,
May-21,Harborough,Pension Credit Caseload - 2011 Geographies,1316,
May-21,Harborough,Mean of Weekly Award Amount,56,
May-21,Hinckley and Bosworth,Pension Credit Caseload - 2011 Geographies,1938,
May-21,Hinckley and Bosworth,Mean of Weekly Award Amount,49.7,
May-21,Melton,Pension Credit Caseload - 2011 Geographies,821,
May-21,Melton,Mean of Weekly Award Amount,52.97,
May-21,North West Leicestershire,Pension Credit Caseload - 2011 Geographies,1686,
May-21,North West Leicestershire,Mean of Weekly Award Amount,52.88,
May-21,Oadby and Wigston,Pension Credit Caseload - 2011 Geographies,1167,
May-21,Oadby and Wigston,Mean of Weekly Award Amount,63.39,
May-21,Boston,Pension Credit Caseload - 2011 Geographies,1934,
May-21,Boston,Mean of Weekly Award Amount,63.98,
May-21,East Lindsey,Pension Credit Caseload - 2011 Geographies,5237,
May-21,East Lindsey,Mean of Weekly Award Amount,56.65,
May-21,Lincoln,Pension Credit Caseload - 2011 Geographies,2238,
May-21,Lincoln,Mean of Weekly Award Amount,58.28,
May-21,North Kesteven,Pension Credit Caseload - 2011 Geographies,2294,
May-21,North Kesteven,Mean of Weekly Award Amount,53.38,
May-21,South Holland,Pension Credit Caseload - 2011 Geographies,2283,
May-21,South Holland,Mean of Weekly Award Amount,53.1,
May-21,South Kesteven,Pension Credit Caseload - 2011 Geographies,2542,
May-21,South Kesteven,Mean of Weekly Award Amount,55.18,
May-21,West Lindsey,Pension Credit Caseload - 2011 Geographies,2169,
May-21,West Lindsey,Mean of Weekly Award Amount,52.59,
May-21,Ashfield,Pension Credit Caseload - 2011 Geographies,2903,
May-21,Ashfield,Mean of Weekly Award Amount,53.49,
May-21,Bassetlaw,Pension Credit Caseload - 2011 Geographies,2640,
May-21,Bassetlaw,Mean of Weekly Award Amount,54.59,
May-21,Broxtowe,Pension Credit Caseload - 2011 Geographies,2177,
May-21,Broxtowe,Mean of Weekly Award Amount,53.36,
May-21,Gedling,Pension Credit Caseload - 2011 Geographies,2191,
May-21,Gedling,Mean of Weekly Award Amount,52.54,
May-21,Mansfield,Pension Credit Caseload - 2011 Geographies,2421,
May-21,Mansfield,Mean of Weekly Award Amount,54.98,
May-21,Newark and Sherwood,Pension Credit Caseload - 2011 Geographies,2348,
May-21,Newark and Sherwood,Mean of Weekly Award Amount,54.13,
May-21,Rushcliffe,Pension Credit Caseload - 2011 Geographies,1621,
May-21,Rushcliffe,Mean of Weekly Award Amount,54.11,
May-21,"Herefordshire, County of",Pension Credit Caseload - 2011 Geographies,4208,
May-21,"Herefordshire, County of",Mean of Weekly Award Amount,56.06,
May-21,Shropshire,Pension Credit Caseload - 2011 Geographies,7389,
May-21,Shropshire,Mean of Weekly Award Amount,54.74,
May-21,Stoke-on-Trent,Pension Credit Caseload - 2011 Geographies,6790,
May-21,Stoke-on-Trent,Mean of Weekly Award Amount,55.25,
May-21,Telford and Wrekin,Pension Credit Caseload - 2011 Geographies,4368,
May-21,Telford and Wrekin,Mean of Weekly Award Amount,58.47,
May-21,Cannock Chase,Pension Credit Caseload - 2011 Geographies,2429,
May-21,Cannock Chase,Mean of Weekly Award Amount,51.37,
May-21,East Staffordshire,Pension Credit Caseload - 2011 Geographies,2043,
May-21,East Staffordshire,Mean of Weekly Award Amount,55.6,
May-21,Lichfield,Pension Credit Caseload - 2011 Geographies,1851,
May-21,Lichfield,Mean of Weekly Award Amount,50.71,
May-21,Newcastle-under-Lyme,Pension Credit Caseload - 2011 Geographies,2712,
May-21,Newcastle-under-Lyme,Mean of Weekly Award Amount,52.99,
May-21,South Staffordshire,Pension Credit Caseload - 2011 Geographies,2412,
May-21,South Staffordshire,Mean of Weekly Award Amount,50.37,
May-21,Stafford,Pension Credit Caseload - 2011 Geographies,2175,
May-21,Stafford,Mean of Weekly Award Amount,53.51,
May-21,Staffordshire Moorlands,Pension Credit Caseload - 2011 Geographies,1879,
May-21,Staffordshire Moorlands,Mean of Weekly Award Amount,52.13,
May-21,Tamworth,Pension Credit Caseload - 2011 Geographies,1814,
May-21,Tamworth,Mean of Weekly Award Amount,51.6,
May-21,North Warwickshire,Pension Credit Caseload - 2011 Geographies,1415,
May-21,North Warwickshire,Mean of Weekly Award Amount,50.91,
May-21,Nuneaton and Bedworth,Pension Credit Caseload - 2011 Geographies,2900,
May-21,Nuneaton and Bedworth,Mean of Weekly Award Amount,60.1,
May-21,Rugby,Pension Credit Caseload - 2011 Geographies,1719,
May-21,Rugby,Mean of Weekly Award Amount,60.26,
May-21,Stratford-on-Avon,Pension Credit Caseload - 2011 Geographies,2325,
May-21,Stratford-on-Avon,Mean of Weekly Award Amount,55.54,
May-21,Warwick,Pension Credit Caseload - 2011 Geographies,2187,
May-21,Warwick,Mean of Weekly Award Amount,55.1,
May-21,Birmingham,Pension Credit Caseload - 2011 Geographies,31136,
May-21,Birmingham,Mean of Weekly Award Amount,73.29,
May-21,Coventry,Pension Credit Caseload - 2011 Geographies,7623,
May-21,Coventry,Mean of Weekly Award Amount,66.69,
May-21,Dudley,Pension Credit Caseload - 2011 Geographies,8539,
May-21,Dudley,Mean of Weekly Award Amount,53.87,
May-21,Sandwell,Pension Credit Caseload - 2011 Geographies,10409,
May-21,Sandwell,Mean of Weekly Award Amount,67.34,
May-21,Solihull,Pension Credit Caseload - 2011 Geographies,4138,
May-21,Solihull,Mean of Weekly Award Amount,57.91,
May-21,Walsall,Pension Credit Caseload - 2011 Geographies,8270,
May-21,Walsall,Mean of Weekly Award Amount,59.78,
May-21,Wolverhampton,Pension Credit Caseload - 2011 Geographies,7936,
May-21,Wolverhampton,Mean of Weekly Award Amount,64.7,
May-21,Bromsgrove,Pension Credit Caseload - 2011 Geographies,1650,
May-21,Bromsgrove,Mean of Weekly Award Amount,50.66,
May-21,Malvern Hills,Pension Credit Caseload - 2011 Geographies,1667,
May-21,Malvern Hills,Mean of Weekly Award Amount,57.05,
May-21,Redditch,Pension Credit Caseload - 2011 Geographies,1791,
May-21,Redditch,Mean of Weekly Award Amount,55.98,
May-21,Worcester,Pension Credit Caseload - 2011 Geographies,1851,
May-21,Worcester,Mean of Weekly Award Amount,56.76,
May-21,Wychavon,Pension Credit Caseload - 2011 Geographies,2461,
May-21,Wychavon,Mean of Weekly Award Amount,56.32,
May-21,Wyre Forest,Pension Credit Caseload - 2011 Geographies,2536,
May-21,Wyre Forest,Mean of Weekly Award Amount,52.2,
May-21,Bedford,Pension Credit Caseload - 2011 Geographies,2970,
May-21,Bedford,Mean of Weekly Award Amount,66.34,
May-21,Central Bedfordshire,Pension Credit Caseload - 2011 Geographies,3883,
May-21,Central Bedfordshire,Mean of Weekly Award Amount,56.36,
May-21,Luton,Pension Credit Caseload - 2011 Geographies,4348,
May-21,Luton,Mean of Weekly Award Amount,79.34,
May-21,Peterborough,Pension Credit Caseload - 2011 Geographies,4325,
May-21,Peterborough,Mean of Weekly Award Amount,72.93,
May-21,Southend-on-Sea,Pension Credit Caseload - 2011 Geographies,4444,
May-21,Southend-on-Sea,Mean of Weekly Award Amount,61.49,
May-21,Thurrock,Pension Credit Caseload - 2011 Geographies,2973,
May-21,Thurrock,Mean of Weekly Award Amount,66.7,
May-21,Cambridge,Pension Credit Caseload - 2011 Geographies,1541,
May-21,Cambridge,Mean of Weekly Award Amount,70.72,
May-21,East Cambridgeshire,Pension Credit Caseload - 2011 Geographies,1342,
May-21,East Cambridgeshire,Mean of Weekly Award Amount,58.49,
May-21,Fenland,Pension Credit Caseload - 2011 Geographies,2672,
May-21,Fenland,Mean of Weekly Award Amount,58.45,
May-21,Huntingdonshire,Pension Credit Caseload - 2011 Geographies,2424,
May-21,Huntingdonshire,Mean of Weekly Award Amount,56.82,
May-21,South Cambridgeshire,Pension Credit Caseload - 2011 Geographies,1807,
May-21,South Cambridgeshire,Mean of Weekly Award Amount,64.97,
May-21,Basildon,Pension Credit Caseload - 2011 Geographies,3912,
May-21,Basildon,Mean of Weekly Award Amount,61.3,
May-21,Braintree,Pension Credit Caseload - 2011 Geographies,2806,
May-21,Braintree,Mean of Weekly Award Amount,53.95,
May-21,Brentwood,Pension Credit Caseload - 2011 Geographies,1114,
May-21,Brentwood,Mean of Weekly Award Amount,60.53,
May-21,Castle Point,Pension Credit Caseload - 2011 Geographies,2120,
May-21,Castle Point,Mean of Weekly Award Amount,57.32,
May-21,Chelmsford,Pension Credit Caseload - 2011 Geographies,2469,
May-21,Chelmsford,Mean of Weekly Award Amount,58.95,
May-21,Colchester,Pension Credit Caseload - 2011 Geographies,3029,
May-21,Colchester,Mean of Weekly Award Amount,62.87,
May-21,Epping Forest,Pension Credit Caseload - 2011 Geographies,2516,
May-21,Epping Forest,Mean of Weekly Award Amount,64.12,
May-21,Harlow,Pension Credit Caseload - 2011 Geographies,1738,
May-21,Harlow,Mean of Weekly Award Amount,60.59,
May-21,Maldon,Pension Credit Caseload - 2011 Geographies,1353,
May-21,Maldon,Mean of Weekly Award Amount,55.62,
May-21,Rochford,Pension Credit Caseload - 2011 Geographies,1537,
May-21,Rochford,Mean of Weekly Award Amount,54.32,
May-21,Tendring,Pension Credit Caseload - 2011 Geographies,5106,
May-21,Tendring,Mean of Weekly Award Amount,57.21,
May-21,Uttlesford,Pension Credit Caseload - 2011 Geographies,1157,
May-21,Uttlesford,Mean of Weekly Award Amount,55.46,
May-21,Broxbourne,Pension Credit Caseload - 2011 Geographies,1806,
May-21,Broxbourne,Mean of Weekly Award Amount,66.88,
May-21,Dacorum,Pension Credit Caseload - 2011 Geographies,2083,
May-21,Dacorum,Mean of Weekly Award Amount,61.68,
May-21,East Hertfordshire,Pension Credit Caseload - 2011 Geographies,1827,
May-21,East Hertfordshire,Mean of Weekly Award Amount,61.06,
May-21,Hertsmere,Pension Credit Caseload - 2011 Geographies,1818,
May-21,Hertsmere,Mean of Weekly Award Amount,73.05,
May-21,North Hertfordshire,Pension Credit Caseload - 2011 Geographies,2010,
May-21,North Hertfordshire,Mean of Weekly Award Amount,56.5,
May-21,St Albans,Pension Credit Caseload - 2011 Geographies,1481,
May-21,St Albans,Mean of Weekly Award Amount,66.15,
May-21,Stevenage,Pension Credit Caseload - 2011 Geographies,1478,
May-21,Stevenage,Mean of Weekly Award Amount,62.98,
May-21,Three Rivers,Pension Credit Caseload - 2011 Geographies,1261,
May-21,Three Rivers,Mean of Weekly Award Amount,70.76,
May-21,Watford,Pension Credit Caseload - 2011 Geographies,1436,
May-21,Watford,Mean of Weekly Award Amount,74.39,
May-21,Welwyn Hatfield,Pension Credit Caseload - 2011 Geographies,1657,
May-21,Welwyn Hatfield,Mean of Weekly Award Amount,64.03,
May-21,Breckland,Pension Credit Caseload - 2011 Geographies,3155,
May-21,Breckland,Mean of Weekly Award Amount,54.36,
May-21,Broadland,Pension Credit Caseload - 2011 Geographies,2319,
May-21,Broadland,Mean of Weekly Award Amount,51.09,
May-21,Great Yarmouth,Pension Credit Caseload - 2011 Geographies,3422,
May-21,Great Yarmouth,Mean of Weekly Award Amount,53.7,
May-21,King's Lynn and West Norfolk,Pension Credit Caseload - 2011 Geographies,4024,
May-21,King's Lynn and West Norfolk,Mean of Weekly Award Amount,55.03,
May-21,North Norfolk,Pension Credit Caseload - 2011 Geographies,2963,
May-21,North Norfolk,Mean of Weekly Award Amount,51.07,
May-21,Norwich,Pension Credit Caseload - 2011 Geographies,3523,
May-21,Norwich,Mean of Weekly Award Amount,58.2,
May-21,South Norfolk,Pension Credit Caseload - 2011 Geographies,2586,
May-21,South Norfolk,Mean of Weekly Award Amount,54.06,
May-21,Babergh,Pension Credit Caseload - 2011 Geographies,1745,
May-21,Babergh,Mean of Weekly Award Amount,53.07,
May-21,East Suffolk,Pension Credit Caseload - 2011 Geographies,5744,
May-21,East Suffolk,Mean of Weekly Award Amount,53.83,
May-21,Ipswich,Pension Credit Caseload - 2011 Geographies,2903,
May-21,Ipswich,Mean of Weekly Award Amount,66.13,
May-21,Mid Suffolk,Pension Credit Caseload - 2011 Geographies,1794,
May-21,Mid Suffolk,Mean of Weekly Award Amount,55.3,
May-21,West Suffolk,Pension Credit Caseload - 2011 Geographies,3061,
May-21,West Suffolk,Mean of Weekly Award Amount,54.73,
May-21,Camden,Pension Credit Caseload - 2011 Geographies,6093,
May-21,Camden,Mean of Weekly Award Amount,96.55,
May-21,City of London,Pension Credit Caseload - 2011 Geographies,98,
May-21,City of London,Mean of Weekly Award Amount,89.11,
May-21,Hackney,Pension Credit Caseload - 2011 Geographies,7510,
May-21,Hackney,Mean of Weekly Award Amount,98.83,
May-21,Hammersmith and Fulham,Pension Credit Caseload - 2011 Geographies,4494,
May-21,Hammersmith and Fulham,Mean of Weekly Award Amount,96.3,
May-21,Haringey,Pension Credit Caseload - 2011 Geographies,6895,
May-21,Haringey,Mean of Weekly Award Amount,101.21,
May-21,Islington,Pension Credit Caseload - 2011 Geographies,6156,
May-21,Islington,Mean of Weekly Award Amount,90.35,
May-21,Kensington and Chelsea,Pension Credit Caseload - 2011 Geographies,4379,
May-21,Kensington and Chelsea,Mean of Weekly Award Amount,98.42,
May-21,Lambeth,Pension Credit Caseload - 2011 Geographies,7348,
May-21,Lambeth,Mean of Weekly Award Amount,91.06,
May-21,Lewisham,Pension Credit Caseload - 2011 Geographies,6009,
May-21,Lewisham,Mean of Weekly Award Amount,85.23,
May-21,Newham,Pension Credit Caseload - 2011 Geographies,8129,
May-21,Newham,Mean of Weekly Award Amount,102.91,
May-21,Southwark,Pension Credit Caseload - 2011 Geographies,7325,
May-21,Southwark,Mean of Weekly Award Amount,91.97,
May-21,Tower Hamlets,Pension Credit Caseload - 2011 Geographies,7164,
May-21,Tower Hamlets,Mean of Weekly Award Amount,98.01,
May-21,Wandsworth,Pension Credit Caseload - 2011 Geographies,5727,
May-21,Wandsworth,Mean of Weekly Award Amount,91.54,
May-21,Westminster,Pension Credit Caseload - 2011 Geographies,5902,
May-21,Westminster,Mean of Weekly Award Amount,108.5,
May-21,Barking and Dagenham,Pension Credit Caseload - 2011 Geographies,4513,
May-21,Barking and Dagenham,Mean of Weekly Award Amount,85.99,
May-21,Barnet,Pension Credit Caseload - 2011 Geographies,7754,
May-21,Barnet,Mean of Weekly Award Amount,101.32,
May-21,Bexley,Pension Credit Caseload - 2011 Geographies,3976,
May-21,Bexley,Mean of Weekly Award Amount,71.76,
May-21,Brent,Pension Credit Caseload - 2011 Geographies,9000,
May-21,Brent,Mean of Weekly Award Amount,110.09,
May-21,Bromley,Pension Credit Caseload - 2011 Geographies,5036,
May-21,Bromley,Mean of Weekly Award Amount,73.29,
May-21,Croydon,Pension Credit Caseload - 2011 Geographies,7152,
May-21,Croydon,Mean of Weekly Award Amount,87.94,
May-21,Ealing,Pension Credit Caseload - 2011 Geographies,8630,
May-21,Ealing,Mean of Weekly Award Amount,115.61,
May-21,Enfield,Pension Credit Caseload - 2011 Geographies,7939,
May-21,Enfield,Mean of Weekly Award Amount,94.22,
May-21,Greenwich,Pension Credit Caseload - 2011 Geographies,6141,
May-21,Greenwich,Mean of Weekly Award Amount,92.9,
May-21,Harrow,Pension Credit Caseload - 2011 Geographies,5817,
May-21,Harrow,Mean of Weekly Award Amount,120.1,
May-21,Havering,Pension Credit Caseload - 2011 Geographies,4547,
May-21,Havering,Mean of Weekly Award Amount,67.66,
May-21,Hillingdon,Pension Credit Caseload - 2011 Geographies,5293,
May-21,Hillingdon,Mean of Weekly Award Amount,102.99,
May-21,Hounslow,Pension Credit Caseload - 2011 Geographies,5841,
May-21,Hounslow,Mean of Weekly Award Amount,110.14,
May-21,Kingston upon Thames,Pension Credit Caseload - 2011 Geographies,2410,
May-21,Kingston upon Thames,Mean of Weekly Award Amount,99.96,
May-21,Merton,Pension Credit Caseload - 2011 Geographies,3452,
May-21,Merton,Mean of Weekly Award Amount,94.31,
May-21,Redbridge,Pension Credit Caseload - 2011 Geographies,6242,
May-21,Redbridge,Mean of Weekly Award Amount,98.06,
May-21,Richmond upon Thames,Pension Credit Caseload - 2011 Geographies,2641,
May-21,Richmond upon Thames,Mean of Weekly Award Amount,83.86,
May-21,Sutton,Pension Credit Caseload - 2011 Geographies,3179,
May-21,Sutton,Mean of Weekly Award Amount,82.6,
May-21,Waltham Forest,Pension Credit Caseload - 2011 Geographies,5822,
May-21,Waltham Forest,Mean of Weekly Award Amount,88.08,
May-21,Bracknell Forest,Pension Credit Caseload - 2011 Geographies,1529,
May-21,Bracknell Forest,Mean of Weekly Award Amount,73.82,
May-21,Brighton and Hove,Pension Credit Caseload - 2011 Geographies,6078,
May-21,Brighton and Hove,Mean of Weekly Award Amount,70.76,
May-21,Buckinghamshire,Pension Credit Caseload - 2011 Geographies,6604,
May-21,Buckinghamshire,Mean of Weekly Award Amount,66.1,
May-21,Isle of Wight,Pension Credit Caseload - 2011 Geographies,4316,
May-21,Isle of Wight,Mean of Weekly Award Amount,56.46,
May-21,Medway,Pension Credit Caseload - 2011 Geographies,5090,
May-21,Medway,Mean of Weekly Award Amount,61.07,
May-21,Milton Keynes,Pension Credit Caseload - 2011 Geographies,4201,
May-21,Milton Keynes,Mean of Weekly Award Amount,70.45,
May-21,Portsmouth,Pension Credit Caseload - 2011 Geographies,4490,
May-21,Portsmouth,Mean of Weekly Award Amount,63.12,
May-21,Reading,Pension Credit Caseload - 2011 Geographies,2966,
May-21,Reading,Mean of Weekly Award Amount,91.6,
May-21,Slough,Pension Credit Caseload - 2011 Geographies,2731,
May-21,Slough,Mean of Weekly Award Amount,94.15,
May-21,Southampton,Pension Credit Caseload - 2011 Geographies,5024,
May-21,Southampton,Mean of Weekly Award Amount,66.65,
May-21,West Berkshire,Pension Credit Caseload - 2011 Geographies,1979,
May-21,West Berkshire,Mean of Weekly Award Amount,58.41,
May-21,Windsor and Maidenhead,Pension Credit Caseload - 2011 Geographies,1937,
May-21,Windsor and Maidenhead,Mean of Weekly Award Amount,69.23,
May-21,Wokingham,Pension Credit Caseload - 2011 Geographies,1431,
May-21,Wokingham,Mean of Weekly Award Amount,64.33,
May-21,Eastbourne,Pension Credit Caseload - 2011 Geographies,2833,
May-21,Eastbourne,Mean of Weekly Award Amount,63.51,
May-21,Hastings,Pension Credit Caseload - 2011 Geographies,3059,
May-21,Hastings,Mean of Weekly Award Amount,63.66,
May-21,Lewes,Pension Credit Caseload - 2011 Geographies,2280,
May-21,Lewes,Mean of Weekly Award Amount,59.23,
May-21,Rother,Pension Credit Caseload - 2011 Geographies,2670,
May-21,Rother,Mean of Weekly Award Amount,58.97,
May-21,Wealden,Pension Credit Caseload - 2011 Geographies,2907,
May-21,Wealden,Mean of Weekly Award Amount,56.94,
May-21,Basingstoke and Deane,Pension Credit Caseload - 2011 Geographies,2151,
May-21,Basingstoke and Deane,Mean of Weekly Award Amount,69.31,
May-21,East Hampshire,Pension Credit Caseload - 2011 Geographies,1635,
May-21,East Hampshire,Mean of Weekly Award Amount,59.79,
May-21,Eastleigh,Pension Credit Caseload - 2011 Geographies,1763,
May-21,Eastleigh,Mean of Weekly Award Amount,57.35,
May-21,Fareham,Pension Credit Caseload - 2011 Geographies,1601,
May-21,Fareham,Mean of Weekly Award Amount,52.73,
May-21,Gosport,Pension Credit Caseload - 2011 Geographies,1581,
May-21,Gosport,Mean of Weekly Award Amount,55.25,
May-21,Hart,Pension Credit Caseload - 2011 Geographies,878,
May-21,Hart,Mean of Weekly Award Amount,63.8,
May-21,Havant,Pension Credit Caseload - 2011 Geographies,2977,
May-21,Havant,Mean of Weekly Award Amount,55.73,
May-21,New Forest,Pension Credit Caseload - 2011 Geographies,3336,
May-21,New Forest,Mean of Weekly Award Amount,56.46,
May-21,Rushmoor,Pension Credit Caseload - 2011 Geographies,2425,
May-21,Rushmoor,Mean of Weekly Award Amount,122.64,
May-21,Test Valley,Pension Credit Caseload - 2011 Geographies,1727,
May-21,Test Valley,Mean of Weekly Award Amount,59.13,
May-21,Winchester,Pension Credit Caseload - 2011 Geographies,1673,
May-21,Winchester,Mean of Weekly Award Amount,60.4,
May-21,Ashford,Pension Credit Caseload - 2011 Geographies,2510,
May-21,Ashford,Mean of Weekly Award Amount,77.95,
May-21,Canterbury,Pension Credit Caseload - 2011 Geographies,3228,
May-21,Canterbury,Mean of Weekly Award Amount,60.36,
May-21,Dartford,Pension Credit Caseload - 2011 Geographies,1454,
May-21,Dartford,Mean of Weekly Award Amount,63.23,
May-21,Dover,Pension Credit Caseload - 2011 Geographies,2814,
May-21,Dover,Mean of Weekly Award Amount,57.93,
May-21,Folkestone and Hythe,Pension Credit Caseload - 2011 Geographies,3091,
May-21,Folkestone and Hythe,Mean of Weekly Award Amount,67.14,
May-21,Gravesham,Pension Credit Caseload - 2011 Geographies,1962,
May-21,Gravesham,Mean of Weekly Award Amount,63.7,
May-21,Maidstone,Pension Credit Caseload - 2011 Geographies,2756,
May-21,Maidstone,Mean of Weekly Award Amount,66.23,
May-21,Sevenoaks,Pension Credit Caseload - 2011 Geographies,1748,
May-21,Sevenoaks,Mean of Weekly Award Amount,62.77,
May-21,Swale,Pension Credit Caseload - 2011 Geographies,3181,
May-21,Swale,Mean of Weekly Award Amount,57.86,
May-21,Thanet,Pension Credit Caseload - 2011 Geographies,4713,
May-21,Thanet,Mean of Weekly Award Amount,60.34,
May-21,Tonbridge and Malling,Pension Credit Caseload - 2011 Geographies,1796,
May-21,Tonbridge and Malling,Mean of Weekly Award Amount,60.73,
May-21,Tunbridge Wells,Pension Credit Caseload - 2011 Geographies,1704,
May-21,Tunbridge Wells,Mean of Weekly Award Amount,60.65,
May-21,Cherwell,Pension Credit Caseload - 2011 Geographies,1960,
May-21,Cherwell,Mean of Weekly Award Amount,60.31,
May-21,Oxford,Pension Credit Caseload - 2011 Geographies,1995,
May-21,Oxford,Mean of Weekly Award Amount,77.26,
May-21,South Oxfordshire,Pension Credit Caseload - 2011 Geographies,1643,
May-21,South Oxfordshire,Mean of Weekly Award Amount,57.28,
May-21,Vale of White Horse,Pension Credit Caseload - 2011 Geographies,1448,
May-21,Vale of White Horse,Mean of Weekly Award Amount,60.94,
May-21,West Oxfordshire,Pension Credit Caseload - 2011 Geographies,1464,
May-21,West Oxfordshire,Mean of Weekly Award Amount,59.62,
May-21,Elmbridge,Pension Credit Caseload - 2011 Geographies,1666,
May-21,Elmbridge,Mean of Weekly Award Amount,73.21,
May-21,Epsom and Ewell,Pension Credit Caseload - 2011 Geographies,863,
May-21,Epsom and Ewell,Mean of Weekly Award Amount,81.7,
May-21,Guildford,Pension Credit Caseload - 2011 Geographies,1532,
May-21,Guildford,Mean of Weekly Award Amount,63.15,
May-21,Mole Valley,Pension Credit Caseload - 2011 Geographies,1139,
May-21,Mole Valley,Mean of Weekly Award Amount,63.97,
May-21,Reigate and Banstead,Pension Credit Caseload - 2011 Geographies,1666,
May-21,Reigate and Banstead,Mean of Weekly Award Amount,69.75,
May-21,Runnymede,Pension Credit Caseload - 2011 Geographies,1173,
May-21,Runnymede,Mean of Weekly Award Amount,65.21,
May-21,Spelthorne,Pension Credit Caseload - 2011 Geographies,1418,
May-21,Spelthorne,Mean of Weekly Award Amount,68.87,
May-21,Surrey Heath,Pension Credit Caseload - 2011 Geographies,960,
May-21,Surrey Heath,Mean of Weekly Award Amount,73.03,
May-21,Tandridge,Pension Credit Caseload - 2011 Geographies,1052,
May-21,Tandridge,Mean of Weekly Award Amount,65.63,
May-21,Waverley,Pension Credit Caseload - 2011 Geographies,1569,
May-21,Waverley,Mean of Weekly Award Amount,62.15,
May-21,Woking,Pension Credit Caseload - 2011 Geographies,1222,
May-21,Woking,Mean of Weekly Award Amount,71.37,
May-21,Adur,Pension Credit Caseload - 2011 Geographies,1457,
May-21,Adur,Mean of Weekly Award Amount,58.97,
May-21,Arun,Pension Credit Caseload - 2011 Geographies,4076,
May-21,Arun,Mean of Weekly Award Amount,57.74,
May-21,Chichester,Pension Credit Caseload - 2011 Geographies,2290,
May-21,Chichester,Mean of Weekly Award Amount,58.65,
May-21,Crawley,Pension Credit Caseload - 2011 Geographies,1787,
May-21,Crawley,Mean of Weekly Award Amount,78.94,
May-21,Horsham,Pension Credit Caseload - 2011 Geographies,1893,
May-21,Horsham,Mean of Weekly Award Amount,59.52,
May-21,Mid Sussex,Pension Credit Caseload - 2011 Geographies,1802,
May-21,Mid Sussex,Mean of Weekly Award Amount,60.79,
May-21,Worthing,Pension Credit Caseload - 2011 Geographies,2382,
May-21,Worthing,Mean of Weekly Award Amount,59.24,
May-21,Bath and North East Somerset,Pension Credit Caseload - 2011 Geographies,3005,
May-21,Bath and North East Somerset,Mean of Weekly Award Amount,56.72,
May-21,"Bournemouth, Christchurch and Poole",Pension Credit Caseload - 2011 Geographies,9621,
May-21,"Bournemouth, Christchurch and Poole",Mean of Weekly Award Amount,59.66,
May-21,"Bristol, City of",Pension Credit Caseload - 2011 Geographies,8443,
May-21,"Bristol, City of",Mean of Weekly Award Amount,67.96,
May-21,Cornwall,Pension Credit Caseload - 2011 Geographies,16495,
May-21,Cornwall,Mean of Weekly Award Amount,52.38,
May-21,Dorset,Pension Credit Caseload - 2011 Geographies,8117,
May-21,Dorset,Mean of Weekly Award Amount,54.41,
May-21,Isles of Scilly,Pension Credit Caseload - 2011 Geographies,29,
May-21,Isles of Scilly,Mean of Weekly Award Amount,69.9,
May-21,North Somerset,Pension Credit Caseload - 2011 Geographies,4441,
May-21,North Somerset,Mean of Weekly Award Amount,56.4,
May-21,Plymouth,Pension Credit Caseload - 2011 Geographies,6246,
May-21,Plymouth,Mean of Weekly Award Amount,57.87,
May-21,Somerset,Pension Credit Caseload - 2011 Geographies,12053,
May-21,Somerset,Mean of Weekly Award Amount,55.61,
May-21,South Gloucestershire,Pension Credit Caseload - 2011 Geographies,3941,
May-21,South Gloucestershire,Mean of Weekly Award Amount,58.35,
May-21,Swindon,Pension Credit Caseload - 2011 Geographies,4038,
May-21,Swindon,Mean of Weekly Award Amount,75.26,
May-21,Torbay,Pension Credit Caseload - 2011 Geographies,5112,
May-21,Torbay,Mean of Weekly Award Amount,57.97,
May-21,Wiltshire,Pension Credit Caseload - 2011 Geographies,7905,
May-21,Wiltshire,Mean of Weekly Award Amount,57.25,
May-21,East Devon,Pension Credit Caseload - 2011 Geographies,3231,
May-21,East Devon,Mean of Weekly Award Amount,52.65,
May-21,Exeter,Pension Credit Caseload - 2011 Geographies,2367,
May-21,Exeter,Mean of Weekly Award Amount,55.77,
May-21,Mid Devon,Pension Credit Caseload - 2011 Geographies,1699,
May-21,Mid Devon,Mean of Weekly Award Amount,56.26,
May-21,North Devon,Pension Credit Caseload - 2011 Geographies,2501,
May-21,North Devon,Mean of Weekly Award Amount,52.82,
May-21,South Hams,Pension Credit Caseload - 2011 Geographies,1976,
May-21,South Hams,Mean of Weekly Award Amount,56.43,
May-21,Teignbridge,Pension Credit Caseload - 2011 Geographies,3362,
May-21,Teignbridge,Mean of Weekly Award Amount,55.49,
May-21,Torridge,Pension Credit Caseload - 2011 Geographies,1926,
May-21,Torridge,Mean of Weekly Award Amount,52.4,
May-21,West Devon,Pension Credit Caseload - 2011 Geographies,1326,
May-21,West Devon,Mean of Weekly Award Amount,56.31,
May-21,Cheltenham,Pension Credit Caseload - 2011 Geographies,1926,
May-21,Cheltenham,Mean of Weekly Award Amount,57.66,
May-21,Cotswold,Pension Credit Caseload - 2011 Geographies,1548,
May-21,Cotswold,Mean of Weekly Award Amount,53.5,
May-21,Forest of Dean,Pension Credit Caseload - 2011 Geographies,1934,
May-21,Forest of Dean,Mean of Weekly Award Amount,58.01,
May-21,Gloucester,Pension Credit Caseload - 2011 Geographies,2390,
May-21,Gloucester,Mean of Weekly Award Amount,64.81,
May-21,Stroud,Pension Credit Caseload - 2011 Geographies,1989,
May-21,Stroud,Mean of Weekly Award Amount,55.37,
May-21,Tewkesbury,Pension Credit Caseload - 2011 Geographies,1455,
May-21,Tewkesbury,Mean of Weekly Award Amount,57.76,
May-21,Total,Pension Credit Caseload - 2011 Geographies,1213094,
May-21,Total,Mean of Weekly Award Amount,65.86,
Aug-21,England,Pension Credit Caseload - 2011 Geographies,1202132,
Aug-21,England,Mean of Weekly Award Amount,66.17,
Aug-21,County Durham,Pension Credit Caseload - 2011 Geographies,15519,
Aug-21,County Durham,Mean of Weekly Award Amount,53.21,
Aug-21,Darlington,Pension Credit Caseload - 2011 Geographies,2774,
Aug-21,Darlington,Mean of Weekly Award Amount,58.22,
Aug-21,Hartlepool,Pension Credit Caseload - 2011 Geographies,3383,
Aug-21,Hartlepool,Mean of Weekly Award Amount,57.48,
Aug-21,Middlesbrough,Pension Credit Caseload - 2011 Geographies,4351,
Aug-21,Middlesbrough,Mean of Weekly Award Amount,60.06,
Aug-21,Northumberland,Pension Credit Caseload - 2011 Geographies,7610,
Aug-21,Northumberland,Mean of Weekly Award Amount,51.54,
Aug-21,Redcar and Cleveland,Pension Credit Caseload - 2011 Geographies,4435,
Aug-21,Redcar and Cleveland,Mean of Weekly Award Amount,52.68,
Aug-21,Stockton-on-Tees,Pension Credit Caseload - 2011 Geographies,4811,
Aug-21,Stockton-on-Tees,Mean of Weekly Award Amount,55.47,
Aug-21,Gateshead,Pension Credit Caseload - 2011 Geographies,6312,
Aug-21,Gateshead,Mean of Weekly Award Amount,55.46,
Aug-21,Newcastle upon Tyne,Pension Credit Caseload - 2011 Geographies,7878,
Aug-21,Newcastle upon Tyne,Mean of Weekly Award Amount,62.07,
Aug-21,North Tyneside,Pension Credit Caseload - 2011 Geographies,5631,
Aug-21,North Tyneside,Mean of Weekly Award Amount,51.75,
Aug-21,South Tyneside,Pension Credit Caseload - 2011 Geographies,5390,
Aug-21,South Tyneside,Mean of Weekly Award Amount,53.07,
Aug-21,Sunderland,Pension Credit Caseload - 2011 Geographies,9897,
Aug-21,Sunderland,Mean of Weekly Award Amount,54.45,
Aug-21,Blackburn with Darwen,Pension Credit Caseload - 2011 Geographies,4087,
Aug-21,Blackburn with Darwen,Mean of Weekly Award Amount,70.54,
Aug-21,Blackpool,Pension Credit Caseload - 2011 Geographies,5578,
Aug-21,Blackpool,Mean of Weekly Award Amount,58.53,
Aug-21,Cheshire East,Pension Credit Caseload - 2011 Geographies,6215,
Aug-21,Cheshire East,Mean of Weekly Award Amount,56.07,
Aug-21,Cheshire West and Chester,Pension Credit Caseload - 2011 Geographies,6893,
Aug-21,Cheshire West and Chester,Mean of Weekly Award Amount,55.71,
Aug-21,Cumberland,Pension Credit Caseload - 2011 Geographies,6217,
Aug-21,Cumberland,Mean of Weekly Award Amount,53.76,
Aug-21,Halton,Pension Credit Caseload - 2011 Geographies,3560,
Aug-21,Halton,Mean of Weekly Award Amount,59.19,
Aug-21,Warrington,Pension Credit Caseload - 2011 Geographies,3960,
Aug-21,Warrington,Mean of Weekly Award Amount,56.26,
Aug-21,Westmorland and Furness,Pension Credit Caseload - 2011 Geographies,4363,
Aug-21,Westmorland and Furness,Mean of Weekly Award Amount,55.18,
Aug-21,Bolton,Pension Credit Caseload - 2011 Geographies,7757,
Aug-21,Bolton,Mean of Weekly Award Amount,65.65,
Aug-21,Bury,Pension Credit Caseload - 2011 Geographies,4142,
Aug-21,Bury,Mean of Weekly Award Amount,61.53,
Aug-21,Manchester,Pension Credit Caseload - 2011 Geographies,14333,
Aug-21,Manchester,Mean of Weekly Award Amount,78.37,
Aug-21,Oldham,Pension Credit Caseload - 2011 Geographies,5802,
Aug-21,Oldham,Mean of Weekly Award Amount,63.92,
Aug-21,Rochdale,Pension Credit Caseload - 2011 Geographies,5906,
Aug-21,Rochdale,Mean of Weekly Award Amount,60.69,
Aug-21,Salford,Pension Credit Caseload - 2011 Geographies,6642,
Aug-21,Salford,Mean of Weekly Award Amount,60.53,
Aug-21,Stockport,Pension Credit Caseload - 2011 Geographies,6061,
Aug-21,Stockport,Mean of Weekly Award Amount,61.87,
Aug-21,Tameside,Pension Credit Caseload - 2011 Geographies,5853,
Aug-21,Tameside,Mean of Weekly Award Amount,56.81,
Aug-21,Trafford,Pension Credit Caseload - 2011 Geographies,4433,
Aug-21,Trafford,Mean of Weekly Award Amount,65.31,
Aug-21,Wigan,Pension Credit Caseload - 2011 Geographies,8015,
Aug-21,Wigan,Mean of Weekly Award Amount,52.48,
Aug-21,Burnley,Pension Credit Caseload - 2011 Geographies,2443,
Aug-21,Burnley,Mean of Weekly Award Amount,58.93,
Aug-21,Chorley,Pension Credit Caseload - 2011 Geographies,2133,
Aug-21,Chorley,Mean of Weekly Award Amount,52.84,
Aug-21,Fylde,Pension Credit Caseload - 2011 Geographies,1998,
Aug-21,Fylde,Mean of Weekly Award Amount,57.32,
Aug-21,Hyndburn,Pension Credit Caseload - 2011 Geographies,2237,
Aug-21,Hyndburn,Mean of Weekly Award Amount,58.64,
Aug-21,Lancaster,Pension Credit Caseload - 2011 Geographies,3315,
Aug-21,Lancaster,Mean of Weekly Award Amount,58.01,
Aug-21,Pendle,Pension Credit Caseload - 2011 Geographies,2544,
Aug-21,Pendle,Mean of Weekly Award Amount,65.23,
Aug-21,Preston,Pension Credit Caseload - 2011 Geographies,3250,
Aug-21,Preston,Mean of Weekly Award Amount,65.97,
Aug-21,Ribble Valley,Pension Credit Caseload - 2011 Geographies,804,
Aug-21,Ribble Valley,Mean of Weekly Award Amount,51.01,
Aug-21,Rossendale,Pension Credit Caseload - 2011 Geographies,1720,
Aug-21,Rossendale,Mean of Weekly Award Amount,54.42,
Aug-21,South Ribble,Pension Credit Caseload - 2011 Geographies,1955,
Aug-21,South Ribble,Mean of Weekly Award Amount,54.4,
Aug-21,West Lancashire,Pension Credit Caseload - 2011 Geographies,2900,
Aug-21,West Lancashire,Mean of Weekly Award Amount,54.26,
Aug-21,Wyre,Pension Credit Caseload - 2011 Geographies,3172,
Aug-21,Wyre,Mean of Weekly Award Amount,56.24,
Aug-21,Knowsley,Pension Credit Caseload - 2011 Geographies,5944,
Aug-21,Knowsley,Mean of Weekly Award Amount,60.18,
Aug-21,Liverpool,Pension Credit Caseload - 2011 Geographies,17737,
Aug-21,Liverpool,Mean of Weekly Award Amount,65.53,
Aug-21,Sefton,Pension Credit Caseload - 2011 Geographies,8831,
Aug-21,Sefton,Mean of Weekly Award Amount,56.24,
Aug-21,St. Helens,Pension Credit Caseload - 2011 Geographies,5022,
Aug-21,St. Helens,Mean of Weekly Award Amount,56.59,
Aug-21,Wirral,Pension Credit Caseload - 2011 Geographies,9350,
Aug-21,Wirral,Mean of Weekly Award Amount,59.98,
Aug-21,East Riding of Yorkshire,Pension Credit Caseload - 2011 Geographies,8267,
Aug-21,East Riding of Yorkshire,Mean of Weekly Award Amount,51.54,
Aug-21,"Kingston upon Hull, City of",Pension Credit Caseload - 2011 Geographies,8308,
Aug-21,"Kingston upon Hull, City of",Mean of Weekly Award Amount,56.53,
Aug-21,North East Lincolnshire,Pension Credit Caseload - 2011 Geographies,4712,
Aug-21,North East Lincolnshire,Mean of Weekly Award Amount,54.37,
Aug-21,North Lincolnshire,Pension Credit Caseload - 2011 Geographies,4220,
Aug-21,North Lincolnshire,Mean of Weekly Award Amount,54.91,
Aug-21,North Yorkshire,Pension Credit Caseload - 2011 Geographies,12157,
Aug-21,North Yorkshire,Mean of Weekly Award Amount,54.9,
Aug-21,York,Pension Credit Caseload - 2011 Geographies,2974,
Aug-21,York,Mean of Weekly Award Amount,54.86,
Aug-21,Barnsley,Pension Credit Caseload - 2011 Geographies,6232,
Aug-21,Barnsley,Mean of Weekly Award Amount,55.52,
Aug-21,Doncaster,Pension Credit Caseload - 2011 Geographies,7860,
Aug-21,Doncaster,Mean of Weekly Award Amount,57.46,
Aug-21,Rotherham,Pension Credit Caseload - 2011 Geographies,6854,
Aug-21,Rotherham,Mean of Weekly Award Amount,54.43,
Aug-21,Sheffield,Pension Credit Caseload - 2011 Geographies,14129,
Aug-21,Sheffield,Mean of Weekly Award Amount,61.02,
Aug-21,Bradford,Pension Credit Caseload - 2011 Geographies,13391,
Aug-21,Bradford,Mean of Weekly Award Amount,65.13,
Aug-21,Calderdale,Pension Credit Caseload - 2011 Geographies,4671,
Aug-21,Calderdale,Mean of Weekly Award Amount,55.85,
Aug-21,Kirklees,Pension Credit Caseload - 2011 Geographies,9192,
Aug-21,Kirklees,Mean of Weekly Award Amount,58.98,
Aug-21,Leeds,Pension Credit Caseload - 2011 Geographies,15947,
Aug-21,Leeds,Mean of Weekly Award Amount,60.31,
Aug-21,Wakefield,Pension Credit Caseload - 2011 Geographies,7907,
Aug-21,Wakefield,Mean of Weekly Award Amount,53.96,
Aug-21,Derby,Pension Credit Caseload - 2011 Geographies,5825,
Aug-21,Derby,Mean of Weekly Award Amount,67.02,
Aug-21,Leicester,Pension Credit Caseload - 2011 Geographies,10658,
Aug-21,Leicester,Mean of Weekly Award Amount,96.98,
Aug-21,North Northamptonshire,Pension Credit Caseload - 2011 Geographies,6523,
Aug-21,North Northamptonshire,Mean of Weekly Award Amount,56.68,
Aug-21,Nottingham,Pension Credit Caseload - 2011 Geographies,7510,
Aug-21,Nottingham,Mean of Weekly Award Amount,65.77,
Aug-21,Rutland,Pension Credit Caseload - 2011 Geographies,538,
Aug-21,Rutland,Mean of Weekly Award Amount,52.44,
Aug-21,West Northamptonshire,Pension Credit Caseload - 2011 Geographies,6500,
Aug-21,West Northamptonshire,Mean of Weekly Award Amount,62.71,
Aug-21,Amber Valley,Pension Credit Caseload - 2011 Geographies,2693,
Aug-21,Amber Valley,Mean of Weekly Award Amount,53.82,
Aug-21,Bolsover,Pension Credit Caseload - 2011 Geographies,2021,
Aug-21,Bolsover,Mean of Weekly Award Amount,54.79,
Aug-21,Chesterfield,Pension Credit Caseload - 2011 Geographies,2887,
Aug-21,Chesterfield,Mean of Weekly Award Amount,53.86,
Aug-21,Derbyshire Dales,Pension Credit Caseload - 2011 Geographies,1255,
Aug-21,Derbyshire Dales,Mean of Weekly Award Amount,56,
Aug-21,Erewash,Pension Credit Caseload - 2011 Geographies,2452,
Aug-21,Erewash,Mean of Weekly Award Amount,48.44,
Aug-21,High Peak,Pension Credit Caseload - 2011 Geographies,1768,
Aug-21,High Peak,Mean of Weekly Award Amount,53.87,
Aug-21,North East Derbyshire,Pension Credit Caseload - 2011 Geographies,2478,
Aug-21,North East Derbyshire,Mean of Weekly Award Amount,52.3,
Aug-21,South Derbyshire,Pension Credit Caseload - 2011 Geographies,1589,
Aug-21,South Derbyshire,Mean of Weekly Award Amount,51.87,
Aug-21,Blaby,Pension Credit Caseload - 2011 Geographies,1619,
Aug-21,Blaby,Mean of Weekly Award Amount,57.14,
Aug-21,Charnwood,Pension Credit Caseload - 2011 Geographies,2892,
Aug-21,Charnwood,Mean of Weekly Award Amount,58.29,
Aug-21,Harborough,Pension Credit Caseload - 2011 Geographies,1296,
Aug-21,Harborough,Mean of Weekly Award Amount,55.97,
Aug-21,Hinckley and Bosworth,Pension Credit Caseload - 2011 Geographies,1911,
Aug-21,Hinckley and Bosworth,Mean of Weekly Award Amount,50.13,
Aug-21,Melton,Pension Credit Caseload - 2011 Geographies,807,
Aug-21,Melton,Mean of Weekly Award Amount,52.85,
Aug-21,North West Leicestershire,Pension Credit Caseload - 2011 Geographies,1657,
Aug-21,North West Leicestershire,Mean of Weekly Award Amount,52.67,
Aug-21,Oadby and Wigston,Pension Credit Caseload - 2011 Geographies,1151,
Aug-21,Oadby and Wigston,Mean of Weekly Award Amount,63.44,
Aug-21,Boston,Pension Credit Caseload - 2011 Geographies,1917,
Aug-21,Boston,Mean of Weekly Award Amount,64.49,
Aug-21,East Lindsey,Pension Credit Caseload - 2011 Geographies,5168,
Aug-21,East Lindsey,Mean of Weekly Award Amount,56.76,
Aug-21,Lincoln,Pension Credit Caseload - 2011 Geographies,2219,
Aug-21,Lincoln,Mean of Weekly Award Amount,58.53,
Aug-21,North Kesteven,Pension Credit Caseload - 2011 Geographies,2285,
Aug-21,North Kesteven,Mean of Weekly Award Amount,53.24,
Aug-21,South Holland,Pension Credit Caseload - 2011 Geographies,2246,
Aug-21,South Holland,Mean of Weekly Award Amount,53.35,
Aug-21,South Kesteven,Pension Credit Caseload - 2011 Geographies,2526,
Aug-21,South Kesteven,Mean of Weekly Award Amount,55.33,
Aug-21,West Lindsey,Pension Credit Caseload - 2011 Geographies,2143,
Aug-21,West Lindsey,Mean of Weekly Award Amount,52.08,
Aug-21,Ashfield,Pension Credit Caseload - 2011 Geographies,2859,
Aug-21,Ashfield,Mean of Weekly Award Amount,53.72,
Aug-21,Bassetlaw,Pension Credit Caseload - 2011 Geographies,2636,
Aug-21,Bassetlaw,Mean of Weekly Award Amount,54.79,
Aug-21,Broxtowe,Pension Credit Caseload - 2011 Geographies,2161,
Aug-21,Broxtowe,Mean of Weekly Award Amount,54.3,
Aug-21,Gedling,Pension Credit Caseload - 2011 Geographies,2164,
Aug-21,Gedling,Mean of Weekly Award Amount,53.01,
Aug-21,Mansfield,Pension Credit Caseload - 2011 Geographies,2401,
Aug-21,Mansfield,Mean of Weekly Award Amount,55.15,
Aug-21,Newark and Sherwood,Pension Credit Caseload - 2011 Geographies,2330,
Aug-21,Newark and Sherwood,Mean of Weekly Award Amount,54.43,
Aug-21,Rushcliffe,Pension Credit Caseload - 2011 Geographies,1606,
Aug-21,Rushcliffe,Mean of Weekly Award Amount,54.29,
Aug-21,"Herefordshire, County of",Pension Credit Caseload - 2011 Geographies,4151,
Aug-21,"Herefordshire, County of",Mean of Weekly Award Amount,56.72,
Aug-21,Shropshire,Pension Credit Caseload - 2011 Geographies,7335,
Aug-21,Shropshire,Mean of Weekly Award Amount,54.83,
Aug-21,Stoke-on-Trent,Pension Credit Caseload - 2011 Geographies,6721,
Aug-21,Stoke-on-Trent,Mean of Weekly Award Amount,55.55,
Aug-21,Telford and Wrekin,Pension Credit Caseload - 2011 Geographies,4307,
Aug-21,Telford and Wrekin,Mean of Weekly Award Amount,58.56,
Aug-21,Cannock Chase,Pension Credit Caseload - 2011 Geographies,2405,
Aug-21,Cannock Chase,Mean of Weekly Award Amount,51.95,
Aug-21,East Staffordshire,Pension Credit Caseload - 2011 Geographies,2011,
Aug-21,East Staffordshire,Mean of Weekly Award Amount,55.64,
Aug-21,Lichfield,Pension Credit Caseload - 2011 Geographies,1826,
Aug-21,Lichfield,Mean of Weekly Award Amount,50.78,
Aug-21,Newcastle-under-Lyme,Pension Credit Caseload - 2011 Geographies,2683,
Aug-21,Newcastle-under-Lyme,Mean of Weekly Award Amount,53.24,
Aug-21,South Staffordshire,Pension Credit Caseload - 2011 Geographies,2393,
Aug-21,South Staffordshire,Mean of Weekly Award Amount,50.79,
Aug-21,Stafford,Pension Credit Caseload - 2011 Geographies,2153,
Aug-21,Stafford,Mean of Weekly Award Amount,53.35,
Aug-21,Staffordshire Moorlands,Pension Credit Caseload - 2011 Geographies,1851,
Aug-21,Staffordshire Moorlands,Mean of Weekly Award Amount,52.51,
Aug-21,Tamworth,Pension Credit Caseload - 2011 Geographies,1793,
Aug-21,Tamworth,Mean of Weekly Award Amount,51.51,
Aug-21,North Warwickshire,Pension Credit Caseload - 2011 Geographies,1409,
Aug-21,North Warwickshire,Mean of Weekly Award Amount,51.43,
Aug-21,Nuneaton and Bedworth,Pension Credit Caseload - 2011 Geographies,2877,
Aug-21,Nuneaton and Bedworth,Mean of Weekly Award Amount,61.17,
Aug-21,Rugby,Pension Credit Caseload - 2011 Geographies,1705,
Aug-21,Rugby,Mean of Weekly Award Amount,60.85,
Aug-21,Stratford-on-Avon,Pension Credit Caseload - 2011 Geographies,2308,
Aug-21,Stratford-on-Avon,Mean of Weekly Award Amount,55.38,
Aug-21,Warwick,Pension Credit Caseload - 2011 Geographies,2149,
Aug-21,Warwick,Mean of Weekly Award Amount,55.7,
Aug-21,Birmingham,Pension Credit Caseload - 2011 Geographies,30797,
Aug-21,Birmingham,Mean of Weekly Award Amount,73.55,
Aug-21,Coventry,Pension Credit Caseload - 2011 Geographies,7508,
Aug-21,Coventry,Mean of Weekly Award Amount,67.28,
Aug-21,Dudley,Pension Credit Caseload - 2011 Geographies,8444,
Aug-21,Dudley,Mean of Weekly Award Amount,54.05,
Aug-21,Sandwell,Pension Credit Caseload - 2011 Geographies,10354,
Aug-21,Sandwell,Mean of Weekly Award Amount,67.79,
Aug-21,Solihull,Pension Credit Caseload - 2011 Geographies,4109,
Aug-21,Solihull,Mean of Weekly Award Amount,58.5,
Aug-21,Walsall,Pension Credit Caseload - 2011 Geographies,8182,
Aug-21,Walsall,Mean of Weekly Award Amount,60.51,
Aug-21,Wolverhampton,Pension Credit Caseload - 2011 Geographies,7844,
Aug-21,Wolverhampton,Mean of Weekly Award Amount,65.74,
Aug-21,Bromsgrove,Pension Credit Caseload - 2011 Geographies,1636,
Aug-21,Bromsgrove,Mean of Weekly Award Amount,50.89,
Aug-21,Malvern Hills,Pension Credit Caseload - 2011 Geographies,1659,
Aug-21,Malvern Hills,Mean of Weekly Award Amount,57.21,
Aug-21,Redditch,Pension Credit Caseload - 2011 Geographies,1770,
Aug-21,Redditch,Mean of Weekly Award Amount,56.3,
Aug-21,Worcester,Pension Credit Caseload - 2011 Geographies,1864,
Aug-21,Worcester,Mean of Weekly Award Amount,57.08,
Aug-21,Wychavon,Pension Credit Caseload - 2011 Geographies,2425,
Aug-21,Wychavon,Mean of Weekly Award Amount,56.74,
Aug-21,Wyre Forest,Pension Credit Caseload - 2011 Geographies,2521,
Aug-21,Wyre Forest,Mean of Weekly Award Amount,52.39,
Aug-21,Bedford,Pension Credit Caseload - 2011 Geographies,2949,
Aug-21,Bedford,Mean of Weekly Award Amount,66.84,
Aug-21,Central Bedfordshire,Pension Credit Caseload - 2011 Geographies,3843,
Aug-21,Central Bedfordshire,Mean of Weekly Award Amount,56.27,
Aug-21,Luton,Pension Credit Caseload - 2011 Geographies,4322,
Aug-21,Luton,Mean of Weekly Award Amount,79.55,
Aug-21,Peterborough,Pension Credit Caseload - 2011 Geographies,4285,
Aug-21,Peterborough,Mean of Weekly Award Amount,73.38,
Aug-21,Southend-on-Sea,Pension Credit Caseload - 2011 Geographies,4418,
Aug-21,Southend-on-Sea,Mean of Weekly Award Amount,62.05,
Aug-21,Thurrock,Pension Credit Caseload - 2011 Geographies,2950,
Aug-21,Thurrock,Mean of Weekly Award Amount,66.95,
Aug-21,Cambridge,Pension Credit Caseload - 2011 Geographies,1543,
Aug-21,Cambridge,Mean of Weekly Award Amount,70.38,
Aug-21,East Cambridgeshire,Pension Credit Caseload - 2011 Geographies,1322,
Aug-21,East Cambridgeshire,Mean of Weekly Award Amount,58.7,
Aug-21,Fenland,Pension Credit Caseload - 2011 Geographies,2668,
Aug-21,Fenland,Mean of Weekly Award Amount,58.21,
Aug-21,Huntingdonshire,Pension Credit Caseload - 2011 Geographies,2402,
Aug-21,Huntingdonshire,Mean of Weekly Award Amount,56.84,
Aug-21,South Cambridgeshire,Pension Credit Caseload - 2011 Geographies,1799,
Aug-21,South Cambridgeshire,Mean of Weekly Award Amount,65.15,
Aug-21,Basildon,Pension Credit Caseload - 2011 Geographies,3868,
Aug-21,Basildon,Mean of Weekly Award Amount,60.97,
Aug-21,Braintree,Pension Credit Caseload - 2011 Geographies,2760,
Aug-21,Braintree,Mean of Weekly Award Amount,54.39,
Aug-21,Brentwood,Pension Credit Caseload - 2011 Geographies,1124,
Aug-21,Brentwood,Mean of Weekly Award Amount,60.93,
Aug-21,Castle Point,Pension Credit Caseload - 2011 Geographies,2100,
Aug-21,Castle Point,Mean of Weekly Award Amount,56.92,
Aug-21,Chelmsford,Pension Credit Caseload - 2011 Geographies,2453,
Aug-21,Chelmsford,Mean of Weekly Award Amount,59.65,
Aug-21,Colchester,Pension Credit Caseload - 2011 Geographies,3007,
Aug-21,Colchester,Mean of Weekly Award Amount,63.04,
Aug-21,Epping Forest,Pension Credit Caseload - 2011 Geographies,2515,
Aug-21,Epping Forest,Mean of Weekly Award Amount,64.23,
Aug-21,Harlow,Pension Credit Caseload - 2011 Geographies,1721,
Aug-21,Harlow,Mean of Weekly Award Amount,60.61,
Aug-21,Maldon,Pension Credit Caseload - 2011 Geographies,1337,
Aug-21,Maldon,Mean of Weekly Award Amount,56.87,
Aug-21,Rochford,Pension Credit Caseload - 2011 Geographies,1509,
Aug-21,Rochford,Mean of Weekly Award Amount,54.93,
Aug-21,Tendring,Pension Credit Caseload - 2011 Geographies,5050,
Aug-21,Tendring,Mean of Weekly Award Amount,57.73,
Aug-21,Uttlesford,Pension Credit Caseload - 2011 Geographies,1145,
Aug-21,Uttlesford,Mean of Weekly Award Amount,55.73,
Aug-21,Broxbourne,Pension Credit Caseload - 2011 Geographies,1787,
Aug-21,Broxbourne,Mean of Weekly Award Amount,66.75,
Aug-21,Dacorum,Pension Credit Caseload - 2011 Geographies,2067,
Aug-21,Dacorum,Mean of Weekly Award Amount,62.13,
Aug-21,East Hertfordshire,Pension Credit Caseload - 2011 Geographies,1825,
Aug-21,East Hertfordshire,Mean of Weekly Award Amount,61.08,
Aug-21,Hertsmere,Pension Credit Caseload - 2011 Geographies,1803,
Aug-21,Hertsmere,Mean of Weekly Award Amount,72.91,
Aug-21,North Hertfordshire,Pension Credit Caseload - 2011 Geographies,1994,
Aug-21,North Hertfordshire,Mean of Weekly Award Amount,56.92,
Aug-21,St Albans,Pension Credit Caseload - 2011 Geographies,1464,
Aug-21,St Albans,Mean of Weekly Award Amount,65.68,
Aug-21,Stevenage,Pension Credit Caseload - 2011 Geographies,1488,
Aug-21,Stevenage,Mean of Weekly Award Amount,63.6,
Aug-21,Three Rivers,Pension Credit Caseload - 2011 Geographies,1243,
Aug-21,Three Rivers,Mean of Weekly Award Amount,70.36,
Aug-21,Watford,Pension Credit Caseload - 2011 Geographies,1433,
Aug-21,Watford,Mean of Weekly Award Amount,74.56,
Aug-21,Welwyn Hatfield,Pension Credit Caseload - 2011 Geographies,1641,
Aug-21,Welwyn Hatfield,Mean of Weekly Award Amount,64.57,
Aug-21,Breckland,Pension Credit Caseload - 2011 Geographies,3120,
Aug-21,Breckland,Mean of Weekly Award Amount,54.52,
Aug-21,Broadland,Pension Credit Caseload - 2011 Geographies,2309,
Aug-21,Broadland,Mean of Weekly Award Amount,51.03,
Aug-21,Great Yarmouth,Pension Credit Caseload - 2011 Geographies,3374,
Aug-21,Great Yarmouth,Mean of Weekly Award Amount,53.89,
Aug-21,King's Lynn and West Norfolk,Pension Credit Caseload - 2011 Geographies,3994,
Aug-21,King's Lynn and West Norfolk,Mean of Weekly Award Amount,55.58,
Aug-21,North Norfolk,Pension Credit Caseload - 2011 Geographies,2915,
Aug-21,North Norfolk,Mean of Weekly Award Amount,51.17,
Aug-21,Norwich,Pension Credit Caseload - 2011 Geographies,3493,
Aug-21,Norwich,Mean of Weekly Award Amount,58.44,
Aug-21,South Norfolk,Pension Credit Caseload - 2011 Geographies,2552,
Aug-21,South Norfolk,Mean of Weekly Award Amount,54.05,
Aug-21,Babergh,Pension Credit Caseload - 2011 Geographies,1720,
Aug-21,Babergh,Mean of Weekly Award Amount,53.24,
Aug-21,East Suffolk,Pension Credit Caseload - 2011 Geographies,5656,
Aug-21,East Suffolk,Mean of Weekly Award Amount,54,
Aug-21,Ipswich,Pension Credit Caseload - 2011 Geographies,2861,
Aug-21,Ipswich,Mean of Weekly Award Amount,66.17,
Aug-21,Mid Suffolk,Pension Credit Caseload - 2011 Geographies,1772,
Aug-21,Mid Suffolk,Mean of Weekly Award Amount,55.47,
Aug-21,West Suffolk,Pension Credit Caseload - 2011 Geographies,3047,
Aug-21,West Suffolk,Mean of Weekly Award Amount,55.01,
Aug-21,Camden,Pension Credit Caseload - 2011 Geographies,6059,
Aug-21,Camden,Mean of Weekly Award Amount,96.6,
Aug-21,City of London,Pension Credit Caseload - 2011 Geographies,99,
Aug-21,City of London,Mean of Weekly Award Amount,87.68,
Aug-21,Hackney,Pension Credit Caseload - 2011 Geographies,7462,
Aug-21,Hackney,Mean of Weekly Award Amount,98.88,
Aug-21,Hammersmith and Fulham,Pension Credit Caseload - 2011 Geographies,4464,
Aug-21,Hammersmith and Fulham,Mean of Weekly Award Amount,97.12,
Aug-21,Haringey,Pension Credit Caseload - 2011 Geographies,6885,
Aug-21,Haringey,Mean of Weekly Award Amount,101.07,
Aug-21,Islington,Pension Credit Caseload - 2011 Geographies,6093,
Aug-21,Islington,Mean of Weekly Award Amount,90.62,
Aug-21,Kensington and Chelsea,Pension Credit Caseload - 2011 Geographies,4340,
Aug-21,Kensington and Chelsea,Mean of Weekly Award Amount,98.71,
Aug-21,Lambeth,Pension Credit Caseload - 2011 Geographies,7329,
Aug-21,Lambeth,Mean of Weekly Award Amount,91.18,
Aug-21,Lewisham,Pension Credit Caseload - 2011 Geographies,5989,
Aug-21,Lewisham,Mean of Weekly Award Amount,85.91,
Aug-21,Newham,Pension Credit Caseload - 2011 Geographies,8072,
Aug-21,Newham,Mean of Weekly Award Amount,103.23,
Aug-21,Southwark,Pension Credit Caseload - 2011 Geographies,7311,
Aug-21,Southwark,Mean of Weekly Award Amount,92.16,
Aug-21,Tower Hamlets,Pension Credit Caseload - 2011 Geographies,7135,
Aug-21,Tower Hamlets,Mean of Weekly Award Amount,97.94,
Aug-21,Wandsworth,Pension Credit Caseload - 2011 Geographies,5693,
Aug-21,Wandsworth,Mean of Weekly Award Amount,91.82,
Aug-21,Westminster,Pension Credit Caseload - 2011 Geographies,5887,
Aug-21,Westminster,Mean of Weekly Award Amount,108.61,
Aug-21,Barking and Dagenham,Pension Credit Caseload - 2011 Geographies,4478,
Aug-21,Barking and Dagenham,Mean of Weekly Award Amount,86.81,
Aug-21,Barnet,Pension Credit Caseload - 2011 Geographies,7741,
Aug-21,Barnet,Mean of Weekly Award Amount,101.63,
Aug-21,Bexley,Pension Credit Caseload - 2011 Geographies,3935,
Aug-21,Bexley,Mean of Weekly Award Amount,71.87,
Aug-21,Brent,Pension Credit Caseload - 2011 Geographies,8967,
Aug-21,Brent,Mean of Weekly Award Amount,110.36,
Aug-21,Bromley,Pension Credit Caseload - 2011 Geographies,4964,
Aug-21,Bromley,Mean of Weekly Award Amount,73.72,
Aug-21,Croydon,Pension Credit Caseload - 2011 Geographies,7137,
Aug-21,Croydon,Mean of Weekly Award Amount,88.2,
Aug-21,Ealing,Pension Credit Caseload - 2011 Geographies,8611,
Aug-21,Ealing,Mean of Weekly Award Amount,115.9,
Aug-21,Enfield,Pension Credit Caseload - 2011 Geographies,7901,
Aug-21,Enfield,Mean of Weekly Award Amount,94.93,
Aug-21,Greenwich,Pension Credit Caseload - 2011 Geographies,6136,
Aug-21,Greenwich,Mean of Weekly Award Amount,93.55,
Aug-21,Harrow,Pension Credit Caseload - 2011 Geographies,5783,
Aug-21,Harrow,Mean of Weekly Award Amount,119.79,
Aug-21,Havering,Pension Credit Caseload - 2011 Geographies,4501,
Aug-21,Havering,Mean of Weekly Award Amount,68.17,
Aug-21,Hillingdon,Pension Credit Caseload - 2011 Geographies,5263,
Aug-21,Hillingdon,Mean of Weekly Award Amount,102.92,
Aug-21,Hounslow,Pension Credit Caseload - 2011 Geographies,5822,
Aug-21,Hounslow,Mean of Weekly Award Amount,110.14,
Aug-21,Kingston upon Thames,Pension Credit Caseload - 2011 Geographies,2414,
Aug-21,Kingston upon Thames,Mean of Weekly Award Amount,100.08,
Aug-21,Merton,Pension Credit Caseload - 2011 Geographies,3444,
Aug-21,Merton,Mean of Weekly Award Amount,94.39,
Aug-21,Redbridge,Pension Credit Caseload - 2011 Geographies,6230,
Aug-21,Redbridge,Mean of Weekly Award Amount,98.19,
Aug-21,Richmond upon Thames,Pension Credit Caseload - 2011 Geographies,2625,
Aug-21,Richmond upon Thames,Mean of Weekly Award Amount,84.16,
Aug-21,Sutton,Pension Credit Caseload - 2011 Geographies,3162,
Aug-21,Sutton,Mean of Weekly Award Amount,82.97,
Aug-21,Waltham Forest,Pension Credit Caseload - 2011 Geographies,5793,
Aug-21,Waltham Forest,Mean of Weekly Award Amount,88.35,
Aug-21,Bracknell Forest,Pension Credit Caseload - 2011 Geographies,1520,
Aug-21,Bracknell Forest,Mean of Weekly Award Amount,73.93,
Aug-21,Brighton and Hove,Pension Credit Caseload - 2011 Geographies,6018,
Aug-21,Brighton and Hove,Mean of Weekly Award Amount,71.14,
Aug-21,Buckinghamshire,Pension Credit Caseload - 2011 Geographies,6567,
Aug-21,Buckinghamshire,Mean of Weekly Award Amount,66.32,
Aug-21,Isle of Wight,Pension Credit Caseload - 2011 Geographies,4279,
Aug-21,Isle of Wight,Mean of Weekly Award Amount,56.48,
Aug-21,Medway,Pension Credit Caseload - 2011 Geographies,5029,
Aug-21,Medway,Mean of Weekly Award Amount,61.52,
Aug-21,Milton Keynes,Pension Credit Caseload - 2011 Geographies,4156,
Aug-21,Milton Keynes,Mean of Weekly Award Amount,70.72,
Aug-21,Portsmouth,Pension Credit Caseload - 2011 Geographies,4438,
Aug-21,Portsmouth,Mean of Weekly Award Amount,63.06,
Aug-21,Reading,Pension Credit Caseload - 2011 Geographies,2946,
Aug-21,Reading,Mean of Weekly Award Amount,92.3,
Aug-21,Slough,Pension Credit Caseload - 2011 Geographies,2719,
Aug-21,Slough,Mean of Weekly Award Amount,94.31,
Aug-21,Southampton,Pension Credit Caseload - 2011 Geographies,4975,
Aug-21,Southampton,Mean of Weekly Award Amount,67.28,
Aug-21,West Berkshire,Pension Credit Caseload - 2011 Geographies,1970,
Aug-21,West Berkshire,Mean of Weekly Award Amount,58.14,
Aug-21,Windsor and Maidenhead,Pension Credit Caseload - 2011 Geographies,1926,
Aug-21,Windsor and Maidenhead,Mean of Weekly Award Amount,69.48,
Aug-21,Wokingham,Pension Credit Caseload - 2011 Geographies,1424,
Aug-21,Wokingham,Mean of Weekly Award Amount,64.41,
Aug-21,Eastbourne,Pension Credit Caseload - 2011 Geographies,2827,
Aug-21,Eastbourne,Mean of Weekly Award Amount,63.61,
Aug-21,Hastings,Pension Credit Caseload - 2011 Geographies,3035,
Aug-21,Hastings,Mean of Weekly Award Amount,64.03,
Aug-21,Lewes,Pension Credit Caseload - 2011 Geographies,2267,
Aug-21,Lewes,Mean of Weekly Award Amount,59.83,
Aug-21,Rother,Pension Credit Caseload - 2011 Geographies,2628,
Aug-21,Rother,Mean of Weekly Award Amount,59.52,
Aug-21,Wealden,Pension Credit Caseload - 2011 Geographies,2870,
Aug-21,Wealden,Mean of Weekly Award Amount,57.08,
Aug-21,Basingstoke and Deane,Pension Credit Caseload - 2011 Geographies,2142,
Aug-21,Basingstoke and Deane,Mean of Weekly Award Amount,69.5,
Aug-21,East Hampshire,Pension Credit Caseload - 2011 Geographies,1627,
Aug-21,East Hampshire,Mean of Weekly Award Amount,60.08,
Aug-21,Eastleigh,Pension Credit Caseload - 2011 Geographies,1751,
Aug-21,Eastleigh,Mean of Weekly Award Amount,57.84,
Aug-21,Fareham,Pension Credit Caseload - 2011 Geographies,1566,
Aug-21,Fareham,Mean of Weekly Award Amount,52.62,
Aug-21,Gosport,Pension Credit Caseload - 2011 Geographies,1565,
Aug-21,Gosport,Mean of Weekly Award Amount,55.66,
Aug-21,Hart,Pension Credit Caseload - 2011 Geographies,874,
Aug-21,Hart,Mean of Weekly Award Amount,64.1,
Aug-21,Havant,Pension Credit Caseload - 2011 Geographies,2960,
Aug-21,Havant,Mean of Weekly Award Amount,55.9,
Aug-21,New Forest,Pension Credit Caseload - 2011 Geographies,3307,
Aug-21,New Forest,Mean of Weekly Award Amount,56.36,
Aug-21,Rushmoor,Pension Credit Caseload - 2011 Geographies,2405,
Aug-21,Rushmoor,Mean of Weekly Award Amount,122.38,
Aug-21,Test Valley,Pension Credit Caseload - 2011 Geographies,1697,
Aug-21,Test Valley,Mean of Weekly Award Amount,59.85,
Aug-21,Winchester,Pension Credit Caseload - 2011 Geographies,1655,
Aug-21,Winchester,Mean of Weekly Award Amount,60.27,
Aug-21,Ashford,Pension Credit Caseload - 2011 Geographies,2495,
Aug-21,Ashford,Mean of Weekly Award Amount,78.19,
Aug-21,Canterbury,Pension Credit Caseload - 2011 Geographies,3190,
Aug-21,Canterbury,Mean of Weekly Award Amount,60.74,
Aug-21,Dartford,Pension Credit Caseload - 2011 Geographies,1430,
Aug-21,Dartford,Mean of Weekly Award Amount,63.76,
Aug-21,Dover,Pension Credit Caseload - 2011 Geographies,2778,
Aug-21,Dover,Mean of Weekly Award Amount,57.77,
Aug-21,Folkestone and Hythe,Pension Credit Caseload - 2011 Geographies,3069,
Aug-21,Folkestone and Hythe,Mean of Weekly Award Amount,67.49,
Aug-21,Gravesham,Pension Credit Caseload - 2011 Geographies,1942,
Aug-21,Gravesham,Mean of Weekly Award Amount,63.66,
Aug-21,Maidstone,Pension Credit Caseload - 2011 Geographies,2741,
Aug-21,Maidstone,Mean of Weekly Award Amount,66.9,
Aug-21,Sevenoaks,Pension Credit Caseload - 2011 Geographies,1732,
Aug-21,Sevenoaks,Mean of Weekly Award Amount,63.35,
Aug-21,Swale,Pension Credit Caseload - 2011 Geographies,3157,
Aug-21,Swale,Mean of Weekly Award Amount,58.17,
Aug-21,Thanet,Pension Credit Caseload - 2011 Geographies,4672,
Aug-21,Thanet,Mean of Weekly Award Amount,60.92,
Aug-21,Tonbridge and Malling,Pension Credit Caseload - 2011 Geographies,1784,
Aug-21,Tonbridge and Malling,Mean of Weekly Award Amount,61.89,
Aug-21,Tunbridge Wells,Pension Credit Caseload - 2011 Geographies,1700,
Aug-21,Tunbridge Wells,Mean of Weekly Award Amount,60.69,
Aug-21,Cherwell,Pension Credit Caseload - 2011 Geographies,1943,
Aug-21,Cherwell,Mean of Weekly Award Amount,61.14,
Aug-21,Oxford,Pension Credit Caseload - 2011 Geographies,1977,
Aug-21,Oxford,Mean of Weekly Award Amount,77.75,
Aug-21,South Oxfordshire,Pension Credit Caseload - 2011 Geographies,1625,
Aug-21,South Oxfordshire,Mean of Weekly Award Amount,57.73,
Aug-21,Vale of White Horse,Pension Credit Caseload - 2011 Geographies,1429,
Aug-21,Vale of White Horse,Mean of Weekly Award Amount,61.19,
Aug-21,West Oxfordshire,Pension Credit Caseload - 2011 Geographies,1450,
Aug-21,West Oxfordshire,Mean of Weekly Award Amount,60.12,
Aug-21,Elmbridge,Pension Credit Caseload - 2011 Geographies,1673,
Aug-21,Elmbridge,Mean of Weekly Award Amount,73.48,
Aug-21,Epsom and Ewell,Pension Credit Caseload - 2011 Geographies,852,
Aug-21,Epsom and Ewell,Mean of Weekly Award Amount,82.32,
Aug-21,Guildford,Pension Credit Caseload - 2011 Geographies,1529,
Aug-21,Guildford,Mean of Weekly Award Amount,63.21,
Aug-21,Mole Valley,Pension Credit Caseload - 2011 Geographies,1123,
Aug-21,Mole Valley,Mean of Weekly Award Amount,63.89,
Aug-21,Reigate and Banstead,Pension Credit Caseload - 2011 Geographies,1666,
Aug-21,Reigate and Banstead,Mean of Weekly Award Amount,69.95,
Aug-21,Runnymede,Pension Credit Caseload - 2011 Geographies,1181,
Aug-21,Runnymede,Mean of Weekly Award Amount,65.06,
Aug-21,Spelthorne,Pension Credit Caseload - 2011 Geographies,1414,
Aug-21,Spelthorne,Mean of Weekly Award Amount,68.54,
Aug-21,Surrey Heath,Pension Credit Caseload - 2011 Geographies,962,
Aug-21,Surrey Heath,Mean of Weekly Award Amount,73.44,
Aug-21,Tandridge,Pension Credit Caseload - 2011 Geographies,1041,
Aug-21,Tandridge,Mean of Weekly Award Amount,65.6,
Aug-21,Waverley,Pension Credit Caseload - 2011 Geographies,1561,
Aug-21,Waverley,Mean of Weekly Award Amount,62.56,
Aug-21,Woking,Pension Credit Caseload - 2011 Geographies,1228,
Aug-21,Woking,Mean of Weekly Award Amount,72.73,
Aug-21,Adur,Pension Credit Caseload - 2011 Geographies,1446,
Aug-21,Adur,Mean of Weekly Award Amount,58.46,
Aug-21,Arun,Pension Credit Caseload - 2011 Geographies,4035,
Aug-21,Arun,Mean of Weekly Award Amount,57.92,
Aug-21,Chichester,Pension Credit Caseload - 2011 Geographies,2290,
Aug-21,Chichester,Mean of Weekly Award Amount,58.64,
Aug-21,Crawley,Pension Credit Caseload - 2011 Geographies,1777,
Aug-21,Crawley,Mean of Weekly Award Amount,79.29,
Aug-21,Horsham,Pension Credit Caseload - 2011 Geographies,1878,
Aug-21,Horsham,Mean of Weekly Award Amount,59.73,
Aug-21,Mid Sussex,Pension Credit Caseload - 2011 Geographies,1784,
Aug-21,Mid Sussex,Mean of Weekly Award Amount,61.39,
Aug-21,Worthing,Pension Credit Caseload - 2011 Geographies,2357,
Aug-21,Worthing,Mean of Weekly Award Amount,59.14,
Aug-21,Bath and North East Somerset,Pension Credit Caseload - 2011 Geographies,3002,
Aug-21,Bath and North East Somerset,Mean of Weekly Award Amount,56.95,
Aug-21,"Bournemouth, Christchurch and Poole",Pension Credit Caseload - 2011 Geographies,9516,
Aug-21,"Bournemouth, Christchurch and Poole",Mean of Weekly Award Amount,59.87,
Aug-21,"Bristol, City of",Pension Credit Caseload - 2011 Geographies,8370,
Aug-21,"Bristol, City of",Mean of Weekly Award Amount,68.44,
Aug-21,Cornwall,Pension Credit Caseload - 2011 Geographies,16312,
Aug-21,Cornwall,Mean of Weekly Award Amount,52.48,
Aug-21,Dorset,Pension Credit Caseload - 2011 Geographies,8029,
Aug-21,Dorset,Mean of Weekly Award Amount,54.8,
Aug-21,Isles of Scilly,Pension Credit Caseload - 2011 Geographies,25,
Aug-21,Isles of Scilly,Mean of Weekly Award Amount,70.87,
Aug-21,North Somerset,Pension Credit Caseload - 2011 Geographies,4397,
Aug-21,North Somerset,Mean of Weekly Award Amount,57.11,
Aug-21,Plymouth,Pension Credit Caseload - 2011 Geographies,6198,
Aug-21,Plymouth,Mean of Weekly Award Amount,58,
Aug-21,Somerset,Pension Credit Caseload - 2011 Geographies,11915,
Aug-21,Somerset,Mean of Weekly Award Amount,56.27,
Aug-21,South Gloucestershire,Pension Credit Caseload - 2011 Geographies,3906,
Aug-21,South Gloucestershire,Mean of Weekly Award Amount,58.66,
Aug-21,Swindon,Pension Credit Caseload - 2011 Geographies,4037,
Aug-21,Swindon,Mean of Weekly Award Amount,75.48,
Aug-21,Torbay,Pension Credit Caseload - 2011 Geographies,5061,
Aug-21,Torbay,Mean of Weekly Award Amount,57.94,
Aug-21,Wiltshire,Pension Credit Caseload - 2011 Geographies,7827,
Aug-21,Wiltshire,Mean of Weekly Award Amount,57.28,
Aug-21,East Devon,Pension Credit Caseload - 2011 Geographies,3174,
Aug-21,East Devon,Mean of Weekly Award Amount,53.38,
Aug-21,Exeter,Pension Credit Caseload - 2011 Geographies,2361,
Aug-21,Exeter,Mean of Weekly Award Amount,56.02,
Aug-21,Mid Devon,Pension Credit Caseload - 2011 Geographies,1668,
Aug-21,Mid Devon,Mean of Weekly Award Amount,56.26,
Aug-21,North Devon,Pension Credit Caseload - 2011 Geographies,2458,
Aug-21,North Devon,Mean of Weekly Award Amount,53.49,
Aug-21,South Hams,Pension Credit Caseload - 2011 Geographies,1945,
Aug-21,South Hams,Mean of Weekly Award Amount,56.84,
Aug-21,Teignbridge,Pension Credit Caseload - 2011 Geographies,3320,
Aug-21,Teignbridge,Mean of Weekly Award Amount,55.54,
Aug-21,Torridge,Pension Credit Caseload - 2011 Geographies,1902,
Aug-21,Torridge,Mean of Weekly Award Amount,52.47,
Aug-21,West Devon,Pension Credit Caseload - 2011 Geographies,1305,
Aug-21,West Devon,Mean of Weekly Award Amount,56.7,
Aug-21,Cheltenham,Pension Credit Caseload - 2011 Geographies,1912,
Aug-21,Cheltenham,Mean of Weekly Award Amount,58.35,
Aug-21,Cotswold,Pension Credit Caseload - 2011 Geographies,1533,
Aug-21,Cotswold,Mean of Weekly Award Amount,53.81,
Aug-21,Forest of Dean,Pension Credit Caseload - 2011 Geographies,1917,
Aug-21,Forest of Dean,Mean of Weekly Award Amount,58.45,
Aug-21,Gloucester,Pension Credit Caseload - 2011 Geographies,2358,
Aug-21,Gloucester,Mean of Weekly Award Amount,65.47,
Aug-21,Stroud,Pension Credit Caseload - 2011 Geographies,1969,
Aug-21,Stroud,Mean of Weekly Award Amount,55.5,
Aug-21,Tewkesbury,Pension Credit Caseload - 2011 Geographies,1433,
Aug-21,Tewkesbury,Mean of Weekly Award Amount,57.5,
Aug-21,Total,Pension Credit Caseload - 2011 Geographies,1202132,
Aug-21,Total,Mean of Weekly Award Amount,66.17,
Nov-21,England,Pension Credit Caseload - 2011 Geographies,1188173,
Nov-21,England,Mean of Weekly Award Amount,66.46,
Nov-21,County Durham,Pension Credit Caseload - 2011 Geographies,15355,
Nov-21,County Durham,Mean of Weekly Award Amount,53.71,
Nov-21,Darlington,Pension Credit Caseload - 2011 Geographies,2727,
Nov-21,Darlington,Mean of Weekly Award Amount,58.53,
Nov-21,Hartlepool,Pension Credit Caseload - 2011 Geographies,3342,
Nov-21,Hartlepool,Mean of Weekly Award Amount,58.4,
Nov-21,Middlesbrough,Pension Credit Caseload - 2011 Geographies,4288,
Nov-21,Middlesbrough,Mean of Weekly Award Amount,60.51,
Nov-21,Northumberland,Pension Credit Caseload - 2011 Geographies,7497,
Nov-21,Northumberland,Mean of Weekly Award Amount,51.7,
Nov-21,Redcar and Cleveland,Pension Credit Caseload - 2011 Geographies,4376,
Nov-21,Redcar and Cleveland,Mean of Weekly Award Amount,52.83,
Nov-21,Stockton-on-Tees,Pension Credit Caseload - 2011 Geographies,4755,
Nov-21,Stockton-on-Tees,Mean of Weekly Award Amount,56.3,
Nov-21,Gateshead,Pension Credit Caseload - 2011 Geographies,6224,
Nov-21,Gateshead,Mean of Weekly Award Amount,55.5,
Nov-21,Newcastle upon Tyne,Pension Credit Caseload - 2011 Geographies,7774,
Nov-21,Newcastle upon Tyne,Mean of Weekly Award Amount,62.19,
Nov-21,North Tyneside,Pension Credit Caseload - 2011 Geographies,5547,
Nov-21,North Tyneside,Mean of Weekly Award Amount,52.03,
Nov-21,South Tyneside,Pension Credit Caseload - 2011 Geographies,5326,
Nov-21,South Tyneside,Mean of Weekly Award Amount,53.3,
Nov-21,Sunderland,Pension Credit Caseload - 2011 Geographies,9760,
Nov-21,Sunderland,Mean of Weekly Award Amount,54.25,
Nov-21,Blackburn with Darwen,Pension Credit Caseload - 2011 Geographies,4032,
Nov-21,Blackburn with Darwen,Mean of Weekly Award Amount,70.55,
Nov-21,Blackpool,Pension Credit Caseload - 2011 Geographies,5520,
Nov-21,Blackpool,Mean of Weekly Award Amount,58.81,
Nov-21,Cheshire East,Pension Credit Caseload - 2011 Geographies,6133,
Nov-21,Cheshire East,Mean of Weekly Award Amount,56.18,
Nov-21,Cheshire West and Chester,Pension Credit Caseload - 2011 Geographies,6801,
Nov-21,Cheshire West and Chester,Mean of Weekly Award Amount,55.69,
Nov-21,Cumberland,Pension Credit Caseload - 2011 Geographies,6152,
Nov-21,Cumberland,Mean of Weekly Award Amount,53.86,
Nov-21,Halton,Pension Credit Caseload - 2011 Geographies,3526,
Nov-21,Halton,Mean of Weekly Award Amount,59.29,
Nov-21,Warrington,Pension Credit Caseload - 2011 Geographies,3922,
Nov-21,Warrington,Mean of Weekly Award Amount,56.42,
Nov-21,Westmorland and Furness,Pension Credit Caseload - 2011 Geographies,4305,
Nov-21,Westmorland and Furness,Mean of Weekly Award Amount,55.45,
Nov-21,Bolton,Pension Credit Caseload - 2011 Geographies,7650,
Nov-21,Bolton,Mean of Weekly Award Amount,66.27,
Nov-21,Bury,Pension Credit Caseload - 2011 Geographies,4090,
Nov-21,Bury,Mean of Weekly Award Amount,61.91,
Nov-21,Manchester,Pension Credit Caseload - 2011 Geographies,14174,
Nov-21,Manchester,Mean of Weekly Award Amount,78.67,
Nov-21,Oldham,Pension Credit Caseload - 2011 Geographies,5715,
Nov-21,Oldham,Mean of Weekly Award Amount,64.11,
Nov-21,Rochdale,Pension Credit Caseload - 2011 Geographies,5856,
Nov-21,Rochdale,Mean of Weekly Award Amount,60.52,
Nov-21,Salford,Pension Credit Caseload - 2011 Geographies,6573,
Nov-21,Salford,Mean of Weekly Award Amount,60.97,
Nov-21,Stockport,Pension Credit Caseload - 2011 Geographies,5971,
Nov-21,Stockport,Mean of Weekly Award Amount,62.09,
Nov-21,Tameside,Pension Credit Caseload - 2011 Geographies,5758,
Nov-21,Tameside,Mean of Weekly Award Amount,56.81,
Nov-21,Trafford,Pension Credit Caseload - 2011 Geographies,4376,
Nov-21,Trafford,Mean of Weekly Award Amount,65.59,
Nov-21,Wigan,Pension Credit Caseload - 2011 Geographies,7894,
Nov-21,Wigan,Mean of Weekly Award Amount,52.6,
Nov-21,Burnley,Pension Credit Caseload - 2011 Geographies,2437,
Nov-21,Burnley,Mean of Weekly Award Amount,58.93,
Nov-21,Chorley,Pension Credit Caseload - 2011 Geographies,2098,
Nov-21,Chorley,Mean of Weekly Award Amount,52.93,
Nov-21,Fylde,Pension Credit Caseload - 2011 Geographies,1962,
Nov-21,Fylde,Mean of Weekly Award Amount,56.92,
Nov-21,Hyndburn,Pension Credit Caseload - 2011 Geographies,2221,
Nov-21,Hyndburn,Mean of Weekly Award Amount,58.49,
Nov-21,Lancaster,Pension Credit Caseload - 2011 Geographies,3284,
Nov-21,Lancaster,Mean of Weekly Award Amount,58.41,
Nov-21,Pendle,Pension Credit Caseload - 2011 Geographies,2499,
Nov-21,Pendle,Mean of Weekly Award Amount,65.15,
Nov-21,Preston,Pension Credit Caseload - 2011 Geographies,3214,
Nov-21,Preston,Mean of Weekly Award Amount,65.9,
Nov-21,Ribble Valley,Pension Credit Caseload - 2011 Geographies,786,
Nov-21,Ribble Valley,Mean of Weekly Award Amount,50.85,
Nov-21,Rossendale,Pension Credit Caseload - 2011 Geographies,1709,
Nov-21,Rossendale,Mean of Weekly Award Amount,54.5,
Nov-21,South Ribble,Pension Credit Caseload - 2011 Geographies,1902,
Nov-21,South Ribble,Mean of Weekly Award Amount,54.33,
Nov-21,West Lancashire,Pension Credit Caseload - 2011 Geographies,2876,
Nov-21,West Lancashire,Mean of Weekly Award Amount,54.46,
Nov-21,Wyre,Pension Credit Caseload - 2011 Geographies,3124,
Nov-21,Wyre,Mean of Weekly Award Amount,56.74,
Nov-21,Knowsley,Pension Credit Caseload - 2011 Geographies,5858,
Nov-21,Knowsley,Mean of Weekly Award Amount,60.4,
Nov-21,Liverpool,Pension Credit Caseload - 2011 Geographies,17507,
Nov-21,Liverpool,Mean of Weekly Award Amount,65.61,
Nov-21,Sefton,Pension Credit Caseload - 2011 Geographies,8720,
Nov-21,Sefton,Mean of Weekly Award Amount,56.57,
Nov-21,St. Helens,Pension Credit Caseload - 2011 Geographies,4960,
Nov-21,St. Helens,Mean of Weekly Award Amount,56.69,
Nov-21,Wirral,Pension Credit Caseload - 2011 Geographies,9269,
Nov-21,Wirral,Mean of Weekly Award Amount,60.05,
Nov-21,East Riding of Yorkshire,Pension Credit Caseload - 2011 Geographies,8143,
Nov-21,East Riding of Yorkshire,Mean of Weekly Award Amount,51.83,
Nov-21,"Kingston upon Hull, City of",Pension Credit Caseload - 2011 Geographies,8165,
Nov-21,"Kingston upon Hull, City of",Mean of Weekly Award Amount,56.61,
Nov-21,North East Lincolnshire,Pension Credit Caseload - 2011 Geographies,4653,
Nov-21,North East Lincolnshire,Mean of Weekly Award Amount,54.5,
Nov-21,North Lincolnshire,Pension Credit Caseload - 2011 Geographies,4147,
Nov-21,North Lincolnshire,Mean of Weekly Award Amount,55.25,
Nov-21,North Yorkshire,Pension Credit Caseload - 2011 Geographies,11966,
Nov-21,North Yorkshire,Mean of Weekly Award Amount,55.07,
Nov-21,York,Pension Credit Caseload - 2011 Geographies,2925,
Nov-21,York,Mean of Weekly Award Amount,54.88,
Nov-21,Barnsley,Pension Credit Caseload - 2011 Geographies,6130,
Nov-21,Barnsley,Mean of Weekly Award Amount,55.59,
Nov-21,Doncaster,Pension Credit Caseload - 2011 Geographies,7757,
Nov-21,Doncaster,Mean of Weekly Award Amount,57.59,
Nov-21,Rotherham,Pension Credit Caseload - 2011 Geographies,6765,
Nov-21,Rotherham,Mean of Weekly Award Amount,54.81,
Nov-21,Sheffield,Pension Credit Caseload - 2011 Geographies,13859,
Nov-21,Sheffield,Mean of Weekly Award Amount,61.29,
Nov-21,Bradford,Pension Credit Caseload - 2011 Geographies,13231,
Nov-21,Bradford,Mean of Weekly Award Amount,65.57,
Nov-21,Calderdale,Pension Credit Caseload - 2011 Geographies,4596,
Nov-21,Calderdale,Mean of Weekly Award Amount,55.79,
Nov-21,Kirklees,Pension Credit Caseload - 2011 Geographies,9043,
Nov-21,Kirklees,Mean of Weekly Award Amount,59.37,
Nov-21,Leeds,Pension Credit Caseload - 2011 Geographies,15749,
Nov-21,Leeds,Mean of Weekly Award Amount,60.51,
Nov-21,Wakefield,Pension Credit Caseload - 2011 Geographies,7811,
Nov-21,Wakefield,Mean of Weekly Award Amount,54.27,
Nov-21,Derby,Pension Credit Caseload - 2011 Geographies,5750,
Nov-21,Derby,Mean of Weekly Award Amount,67.48,
Nov-21,Leicester,Pension Credit Caseload - 2011 Geographies,10563,
Nov-21,Leicester,Mean of Weekly Award Amount,97.53,
Nov-21,North Northamptonshire,Pension Credit Caseload - 2011 Geographies,6455,
Nov-21,North Northamptonshire,Mean of Weekly Award Amount,56.79,
Nov-21,Nottingham,Pension Credit Caseload - 2011 Geographies,7406,
Nov-21,Nottingham,Mean of Weekly Award Amount,66.05,
Nov-21,Rutland,Pension Credit Caseload - 2011 Geographies,533,
Nov-21,Rutland,Mean of Weekly Award Amount,51.49,
Nov-21,West Northamptonshire,Pension Credit Caseload - 2011 Geographies,6452,
Nov-21,West Northamptonshire,Mean of Weekly Award Amount,63.07,
Nov-21,Amber Valley,Pension Credit Caseload - 2011 Geographies,2658,
Nov-21,Amber Valley,Mean of Weekly Award Amount,53.92,
Nov-21,Bolsover,Pension Credit Caseload - 2011 Geographies,2009,
Nov-21,Bolsover,Mean of Weekly Award Amount,55.09,
Nov-21,Chesterfield,Pension Credit Caseload - 2011 Geographies,2853,
Nov-21,Chesterfield,Mean of Weekly Award Amount,54.22,
Nov-21,Derbyshire Dales,Pension Credit Caseload - 2011 Geographies,1231,
Nov-21,Derbyshire Dales,Mean of Weekly Award Amount,55.92,
Nov-21,Erewash,Pension Credit Caseload - 2011 Geographies,2414,
Nov-21,Erewash,Mean of Weekly Award Amount,48.94,
Nov-21,High Peak,Pension Credit Caseload - 2011 Geographies,1737,
Nov-21,High Peak,Mean of Weekly Award Amount,53.96,
Nov-21,North East Derbyshire,Pension Credit Caseload - 2011 Geographies,2466,
Nov-21,North East Derbyshire,Mean of Weekly Award Amount,53.14,
Nov-21,South Derbyshire,Pension Credit Caseload - 2011 Geographies,1590,
Nov-21,South Derbyshire,Mean of Weekly Award Amount,52.61,
Nov-21,Blaby,Pension Credit Caseload - 2011 Geographies,1620,
Nov-21,Blaby,Mean of Weekly Award Amount,57.8,
Nov-21,Charnwood,Pension Credit Caseload - 2011 Geographies,2852,
Nov-21,Charnwood,Mean of Weekly Award Amount,59.15,
Nov-21,Harborough,Pension Credit Caseload - 2011 Geographies,1275,
Nov-21,Harborough,Mean of Weekly Award Amount,56.81,
Nov-21,Hinckley and Bosworth,Pension Credit Caseload - 2011 Geographies,1881,
Nov-21,Hinckley and Bosworth,Mean of Weekly Award Amount,50.02,
Nov-21,Melton,Pension Credit Caseload - 2011 Geographies,803,
Nov-21,Melton,Mean of Weekly Award Amount,52.61,
Nov-21,North West Leicestershire,Pension Credit Caseload - 2011 Geographies,1637,
Nov-21,North West Leicestershire,Mean of Weekly Award Amount,52.92,
Nov-21,Oadby and Wigston,Pension Credit Caseload - 2011 Geographies,1125,
Nov-21,Oadby and Wigston,Mean of Weekly Award Amount,63.03,
Nov-21,Boston,Pension Credit Caseload - 2011 Geographies,1887,
Nov-21,Boston,Mean of Weekly Award Amount,64.7,
Nov-21,East Lindsey,Pension Credit Caseload - 2011 Geographies,5088,
Nov-21,East Lindsey,Mean of Weekly Award Amount,56.81,
Nov-21,Lincoln,Pension Credit Caseload - 2011 Geographies,2164,
Nov-21,Lincoln,Mean of Weekly Award Amount,58.92,
Nov-21,North Kesteven,Pension Credit Caseload - 2011 Geographies,2261,
Nov-21,North Kesteven,Mean of Weekly Award Amount,53.7,
Nov-21,South Holland,Pension Credit Caseload - 2011 Geographies,2198,
Nov-21,South Holland,Mean of Weekly Award Amount,53.87,
Nov-21,South Kesteven,Pension Credit Caseload - 2011 Geographies,2489,
Nov-21,South Kesteven,Mean of Weekly Award Amount,55.26,
Nov-21,West Lindsey,Pension Credit Caseload - 2011 Geographies,2103,
Nov-21,West Lindsey,Mean of Weekly Award Amount,52.34,
Nov-21,Ashfield,Pension Credit Caseload - 2011 Geographies,2810,
Nov-21,Ashfield,Mean of Weekly Award Amount,53.48,
Nov-21,Bassetlaw,Pension Credit Caseload - 2011 Geographies,2574,
Nov-21,Bassetlaw,Mean of Weekly Award Amount,55.04,
Nov-21,Broxtowe,Pension Credit Caseload - 2011 Geographies,2137,
Nov-21,Broxtowe,Mean of Weekly Award Amount,54.04,
Nov-21,Gedling,Pension Credit Caseload - 2011 Geographies,2114,
Nov-21,Gedling,Mean of Weekly Award Amount,53.31,
Nov-21,Mansfield,Pension Credit Caseload - 2011 Geographies,2386,
Nov-21,Mansfield,Mean of Weekly Award Amount,54.96,
Nov-21,Newark and Sherwood,Pension Credit Caseload - 2011 Geographies,2286,
Nov-21,Newark and Sherwood,Mean of Weekly Award Amount,54.98,
Nov-21,Rushcliffe,Pension Credit Caseload - 2011 Geographies,1590,
Nov-21,Rushcliffe,Mean of Weekly Award Amount,54.69,
Nov-21,"Herefordshire, County of",Pension Credit Caseload - 2011 Geographies,4120,
Nov-21,"Herefordshire, County of",Mean of Weekly Award Amount,57.09,
Nov-21,Shropshire,Pension Credit Caseload - 2011 Geographies,7232,
Nov-21,Shropshire,Mean of Weekly Award Amount,55.36,
Nov-21,Stoke-on-Trent,Pension Credit Caseload - 2011 Geographies,6654,
Nov-21,Stoke-on-Trent,Mean of Weekly Award Amount,55.93,
Nov-21,Telford and Wrekin,Pension Credit Caseload - 2011 Geographies,4255,
Nov-21,Telford and Wrekin,Mean of Weekly Award Amount,58.64,
Nov-21,Cannock Chase,Pension Credit Caseload - 2011 Geographies,2356,
Nov-21,Cannock Chase,Mean of Weekly Award Amount,51.54,
Nov-21,East Staffordshire,Pension Credit Caseload - 2011 Geographies,1975,
Nov-21,East Staffordshire,Mean of Weekly Award Amount,56.13,
Nov-21,Lichfield,Pension Credit Caseload - 2011 Geographies,1801,
Nov-21,Lichfield,Mean of Weekly Award Amount,50.76,
Nov-21,Newcastle-under-Lyme,Pension Credit Caseload - 2011 Geographies,2667,
Nov-21,Newcastle-under-Lyme,Mean of Weekly Award Amount,53.47,
Nov-21,South Staffordshire,Pension Credit Caseload - 2011 Geographies,2368,
Nov-21,South Staffordshire,Mean of Weekly Award Amount,51.27,
Nov-21,Stafford,Pension Credit Caseload - 2011 Geographies,2124,
Nov-21,Stafford,Mean of Weekly Award Amount,54.22,
Nov-21,Staffordshire Moorlands,Pension Credit Caseload - 2011 Geographies,1830,
Nov-21,Staffordshire Moorlands,Mean of Weekly Award Amount,52.17,
Nov-21,Tamworth,Pension Credit Caseload - 2011 Geographies,1755,
Nov-21,Tamworth,Mean of Weekly Award Amount,51.3,
Nov-21,North Warwickshire,Pension Credit Caseload - 2011 Geographies,1386,
Nov-21,North Warwickshire,Mean of Weekly Award Amount,52.45,
Nov-21,Nuneaton and Bedworth,Pension Credit Caseload - 2011 Geographies,2833,
Nov-21,Nuneaton and Bedworth,Mean of Weekly Award Amount,61.1,
Nov-21,Rugby,Pension Credit Caseload - 2011 Geographies,1653,
Nov-21,Rugby,Mean of Weekly Award Amount,61.55,
Nov-21,Stratford-on-Avon,Pension Credit Caseload - 2011 Geographies,2265,
Nov-21,Stratford-on-Avon,Mean of Weekly Award Amount,55.96,
Nov-21,Warwick,Pension Credit Caseload - 2011 Geographies,2110,
Nov-21,Warwick,Mean of Weekly Award Amount,55.96,
Nov-21,Birmingham,Pension Credit Caseload - 2011 Geographies,30394,
Nov-21,Birmingham,Mean of Weekly Award Amount,73.76,
Nov-21,Coventry,Pension Credit Caseload - 2011 Geographies,7387,
Nov-21,Coventry,Mean of Weekly Award Amount,67.84,
Nov-21,Dudley,Pension Credit Caseload - 2011 Geographies,8264,
Nov-21,Dudley,Mean of Weekly Award Amount,54.37,
Nov-21,Sandwell,Pension Credit Caseload - 2011 Geographies,10243,
Nov-21,Sandwell,Mean of Weekly Award Amount,68.89,
Nov-21,Solihull,Pension Credit Caseload - 2011 Geographies,4070,
Nov-21,Solihull,Mean of Weekly Award Amount,58.7,
Nov-21,Walsall,Pension Credit Caseload - 2011 Geographies,8061,
Nov-21,Walsall,Mean of Weekly Award Amount,61.06,
Nov-21,Wolverhampton,Pension Credit Caseload - 2011 Geographies,7752,
Nov-21,Wolverhampton,Mean of Weekly Award Amount,66.82,
Nov-21,Bromsgrove,Pension Credit Caseload - 2011 Geographies,1594,
Nov-21,Bromsgrove,Mean of Weekly Award Amount,51.26,
Nov-21,Malvern Hills,Pension Credit Caseload - 2011 Geographies,1635,
Nov-21,Malvern Hills,Mean of Weekly Award Amount,57,
Nov-21,Redditch,Pension Credit Caseload - 2011 Geographies,1743,
Nov-21,Redditch,Mean of Weekly Award Amount,56.36,
Nov-21,Worcester,Pension Credit Caseload - 2011 Geographies,1833,
Nov-21,Worcester,Mean of Weekly Award Amount,57.29,
Nov-21,Wychavon,Pension Credit Caseload - 2011 Geographies,2390,
Nov-21,Wychavon,Mean of Weekly Award Amount,56.65,
Nov-21,Wyre Forest,Pension Credit Caseload - 2011 Geographies,2485,
Nov-21,Wyre Forest,Mean of Weekly Award Amount,52.59,
Nov-21,Bedford,Pension Credit Caseload - 2011 Geographies,2920,
Nov-21,Bedford,Mean of Weekly Award Amount,67.16,
Nov-21,Central Bedfordshire,Pension Credit Caseload - 2011 Geographies,3772,
Nov-21,Central Bedfordshire,Mean of Weekly Award Amount,56.7,
Nov-21,Luton,Pension Credit Caseload - 2011 Geographies,4283,
Nov-21,Luton,Mean of Weekly Award Amount,79.86,
Nov-21,Peterborough,Pension Credit Caseload - 2011 Geographies,4255,
Nov-21,Peterborough,Mean of Weekly Award Amount,73.53,
Nov-21,Southend-on-Sea,Pension Credit Caseload - 2011 Geographies,4360,
Nov-21,Southend-on-Sea,Mean of Weekly Award Amount,62.54,
Nov-21,Thurrock,Pension Credit Caseload - 2011 Geographies,2910,
Nov-21,Thurrock,Mean of Weekly Award Amount,67.36,
Nov-21,Cambridge,Pension Credit Caseload - 2011 Geographies,1528,
Nov-21,Cambridge,Mean of Weekly Award Amount,70.55,
Nov-21,East Cambridgeshire,Pension Credit Caseload - 2011 Geographies,1313,
Nov-21,East Cambridgeshire,Mean of Weekly Award Amount,59.19,
Nov-21,Fenland,Pension Credit Caseload - 2011 Geographies,2648,
Nov-21,Fenland,Mean of Weekly Award Amount,58.04,
Nov-21,Huntingdonshire,Pension Credit Caseload - 2011 Geographies,2364,
Nov-21,Huntingdonshire,Mean of Weekly Award Amount,56.88,
Nov-21,South Cambridgeshire,Pension Credit Caseload - 2011 Geographies,1778,
Nov-21,South Cambridgeshire,Mean of Weekly Award Amount,65.34,
Nov-21,Basildon,Pension Credit Caseload - 2011 Geographies,3824,
Nov-21,Basildon,Mean of Weekly Award Amount,61.1,
Nov-21,Braintree,Pension Credit Caseload - 2011 Geographies,2715,
Nov-21,Braintree,Mean of Weekly Award Amount,54.37,
Nov-21,Brentwood,Pension Credit Caseload - 2011 Geographies,1105,
Nov-21,Brentwood,Mean of Weekly Award Amount,60.15,
Nov-21,Castle Point,Pension Credit Caseload - 2011 Geographies,2074,
Nov-21,Castle Point,Mean of Weekly Award Amount,56.92,
Nov-21,Chelmsford,Pension Credit Caseload - 2011 Geographies,2418,
Nov-21,Chelmsford,Mean of Weekly Award Amount,59.79,
Nov-21,Colchester,Pension Credit Caseload - 2011 Geographies,2953,
Nov-21,Colchester,Mean of Weekly Award Amount,63.13,
Nov-21,Epping Forest,Pension Credit Caseload - 2011 Geographies,2488,
Nov-21,Epping Forest,Mean of Weekly Award Amount,64.43,
Nov-21,Harlow,Pension Credit Caseload - 2011 Geographies,1711,
Nov-21,Harlow,Mean of Weekly Award Amount,61.2,
Nov-21,Maldon,Pension Credit Caseload - 2011 Geographies,1306,
Nov-21,Maldon,Mean of Weekly Award Amount,55.93,
Nov-21,Rochford,Pension Credit Caseload - 2011 Geographies,1481,
Nov-21,Rochford,Mean of Weekly Award Amount,55.24,
Nov-21,Tendring,Pension Credit Caseload - 2011 Geographies,5006,
Nov-21,Tendring,Mean of Weekly Award Amount,57.57,
Nov-21,Uttlesford,Pension Credit Caseload - 2011 Geographies,1124,
Nov-21,Uttlesford,Mean of Weekly Award Amount,56.43,
Nov-21,Broxbourne,Pension Credit Caseload - 2011 Geographies,1769,
Nov-21,Broxbourne,Mean of Weekly Award Amount,66.61,
Nov-21,Dacorum,Pension Credit Caseload - 2011 Geographies,2051,
Nov-21,Dacorum,Mean of Weekly Award Amount,62.25,
Nov-21,East Hertfordshire,Pension Credit Caseload - 2011 Geographies,1815,
Nov-21,East Hertfordshire,Mean of Weekly Award Amount,61.42,
Nov-21,Hertsmere,Pension Credit Caseload - 2011 Geographies,1794,
Nov-21,Hertsmere,Mean of Weekly Award Amount,72.96,
Nov-21,North Hertfordshire,Pension Credit Caseload - 2011 Geographies,1977,
Nov-21,North Hertfordshire,Mean of Weekly Award Amount,57.69,
Nov-21,St Albans,Pension Credit Caseload - 2011 Geographies,1474,
Nov-21,St Albans,Mean of Weekly Award Amount,66.52,
Nov-21,Stevenage,Pension Credit Caseload - 2011 Geographies,1460,
Nov-21,Stevenage,Mean of Weekly Award Amount,63.6,
Nov-21,Three Rivers,Pension Credit Caseload - 2011 Geographies,1234,
Nov-21,Three Rivers,Mean of Weekly Award Amount,70.63,
Nov-21,Watford,Pension Credit Caseload - 2011 Geographies,1416,
Nov-21,Watford,Mean of Weekly Award Amount,74.49,
Nov-21,Welwyn Hatfield,Pension Credit Caseload - 2011 Geographies,1616,
Nov-21,Welwyn Hatfield,Mean of Weekly Award Amount,64.51,
Nov-21,Breckland,Pension Credit Caseload - 2011 Geographies,3079,
Nov-21,Breckland,Mean of Weekly Award Amount,54.62,
Nov-21,Broadland,Pension Credit Caseload - 2011 Geographies,2271,
Nov-21,Broadland,Mean of Weekly Award Amount,51.5,
Nov-21,Great Yarmouth,Pension Credit Caseload - 2011 Geographies,3350,
Nov-21,Great Yarmouth,Mean of Weekly Award Amount,53.9,
Nov-21,King's Lynn and West Norfolk,Pension Credit Caseload - 2011 Geographies,3949,
Nov-21,King's Lynn and West Norfolk,Mean of Weekly Award Amount,55.79,
Nov-21,North Norfolk,Pension Credit Caseload - 2011 Geographies,2875,
Nov-21,North Norfolk,Mean of Weekly Award Amount,51.42,
Nov-21,Norwich,Pension Credit Caseload - 2011 Geographies,3462,
Nov-21,Norwich,Mean of Weekly Award Amount,58.68,
Nov-21,South Norfolk,Pension Credit Caseload - 2011 Geographies,2505,
Nov-21,South Norfolk,Mean of Weekly Award Amount,54.06,
Nov-21,Babergh,Pension Credit Caseload - 2011 Geographies,1700,
Nov-21,Babergh,Mean of Weekly Award Amount,53.86,
Nov-21,East Suffolk,Pension Credit Caseload - 2011 Geographies,5604,
Nov-21,East Suffolk,Mean of Weekly Award Amount,54.12,
Nov-21,Ipswich,Pension Credit Caseload - 2011 Geographies,2836,
Nov-21,Ipswich,Mean of Weekly Award Amount,66.43,
Nov-21,Mid Suffolk,Pension Credit Caseload - 2011 Geographies,1733,
Nov-21,Mid Suffolk,Mean of Weekly Award Amount,56.39,
Nov-21,West Suffolk,Pension Credit Caseload - 2011 Geographies,2997,
Nov-21,West Suffolk,Mean of Weekly Award Amount,55.48,
Nov-21,Camden,Pension Credit Caseload - 2011 Geographies,6050,
Nov-21,Camden,Mean of Weekly Award Amount,96.54,
Nov-21,City of London,Pension Credit Caseload - 2011 Geographies,93,
Nov-21,City of London,Mean of Weekly Award Amount,90.13,
Nov-21,Hackney,Pension Credit Caseload - 2011 Geographies,7425,
Nov-21,Hackney,Mean of Weekly Award Amount,99.38,
Nov-21,Hammersmith and Fulham,Pension Credit Caseload - 2011 Geographies,4443,
Nov-21,Hammersmith and Fulham,Mean of Weekly Award Amount,97.28,
Nov-21,Haringey,Pension Credit Caseload - 2011 Geographies,6842,
Nov-21,Haringey,Mean of Weekly Award Amount,101.65,
Nov-21,Islington,Pension Credit Caseload - 2011 Geographies,6096,
Nov-21,Islington,Mean of Weekly Award Amount,90.26,
Nov-21,Kensington and Chelsea,Pension Credit Caseload - 2011 Geographies,4312,
Nov-21,Kensington and Chelsea,Mean of Weekly Award Amount,98.74,
Nov-21,Lambeth,Pension Credit Caseload - 2011 Geographies,7259,
Nov-21,Lambeth,Mean of Weekly Award Amount,91.38,
Nov-21,Lewisham,Pension Credit Caseload - 2011 Geographies,5953,
Nov-21,Lewisham,Mean of Weekly Award Amount,86.01,
Nov-21,Newham,Pension Credit Caseload - 2011 Geographies,8030,
Nov-21,Newham,Mean of Weekly Award Amount,103.8,
Nov-21,Southwark,Pension Credit Caseload - 2011 Geographies,7273,
Nov-21,Southwark,Mean of Weekly Award Amount,92.51,
Nov-21,Tower Hamlets,Pension Credit Caseload - 2011 Geographies,7119,
Nov-21,Tower Hamlets,Mean of Weekly Award Amount,97.95,
Nov-21,Wandsworth,Pension Credit Caseload - 2011 Geographies,5641,
Nov-21,Wandsworth,Mean of Weekly Award Amount,91.73,
Nov-21,Westminster,Pension Credit Caseload - 2011 Geographies,5861,
Nov-21,Westminster,Mean of Weekly Award Amount,108.86,
Nov-21,Barking and Dagenham,Pension Credit Caseload - 2011 Geographies,4451,
Nov-21,Barking and Dagenham,Mean of Weekly Award Amount,87.75,
Nov-21,Barnet,Pension Credit Caseload - 2011 Geographies,7690,
Nov-21,Barnet,Mean of Weekly Award Amount,101.75,
Nov-21,Bexley,Pension Credit Caseload - 2011 Geographies,3895,
Nov-21,Bexley,Mean of Weekly Award Amount,71.96,
Nov-21,Brent,Pension Credit Caseload - 2011 Geographies,8927,
Nov-21,Brent,Mean of Weekly Award Amount,110.4,
Nov-21,Bromley,Pension Credit Caseload - 2011 Geographies,4912,
Nov-21,Bromley,Mean of Weekly Award Amount,73.72,
Nov-21,Croydon,Pension Credit Caseload - 2011 Geographies,7073,
Nov-21,Croydon,Mean of Weekly Award Amount,88.28,
Nov-21,Ealing,Pension Credit Caseload - 2011 Geographies,8564,
Nov-21,Ealing,Mean of Weekly Award Amount,115.75,
Nov-21,Enfield,Pension Credit Caseload - 2011 Geographies,7875,
Nov-21,Enfield,Mean of Weekly Award Amount,95.26,
Nov-21,Greenwich,Pension Credit Caseload - 2011 Geographies,6056,
Nov-21,Greenwich,Mean of Weekly Award Amount,93.36,
Nov-21,Harrow,Pension Credit Caseload - 2011 Geographies,5743,
Nov-21,Harrow,Mean of Weekly Award Amount,119.65,
Nov-21,Havering,Pension Credit Caseload - 2011 Geographies,4457,
Nov-21,Havering,Mean of Weekly Award Amount,68.65,
Nov-21,Hillingdon,Pension Credit Caseload - 2011 Geographies,5222,
Nov-21,Hillingdon,Mean of Weekly Award Amount,103.28,
Nov-21,Hounslow,Pension Credit Caseload - 2011 Geographies,5777,
Nov-21,Hounslow,Mean of Weekly Award Amount,110.1,
Nov-21,Kingston upon Thames,Pension Credit Caseload - 2011 Geographies,2386,
Nov-21,Kingston upon Thames,Mean of Weekly Award Amount,100.72,
Nov-21,Merton,Pension Credit Caseload - 2011 Geographies,3422,
Nov-21,Merton,Mean of Weekly Award Amount,94.8,
Nov-21,Redbridge,Pension Credit Caseload - 2011 Geographies,6238,
Nov-21,Redbridge,Mean of Weekly Award Amount,98.21,
Nov-21,Richmond upon Thames,Pension Credit Caseload - 2011 Geographies,2598,
Nov-21,Richmond upon Thames,Mean of Weekly Award Amount,84.33,
Nov-21,Sutton,Pension Credit Caseload - 2011 Geographies,3131,
Nov-21,Sutton,Mean of Weekly Award Amount,83.05,
Nov-21,Waltham Forest,Pension Credit Caseload - 2011 Geographies,5748,
Nov-21,Waltham Forest,Mean of Weekly Award Amount,88.9,
Nov-21,Bracknell Forest,Pension Credit Caseload - 2011 Geographies,1504,
Nov-21,Bracknell Forest,Mean of Weekly Award Amount,74.15,
Nov-21,Brighton and Hove,Pension Credit Caseload - 2011 Geographies,5983,
Nov-21,Brighton and Hove,Mean of Weekly Award Amount,71.22,
Nov-21,Buckinghamshire,Pension Credit Caseload - 2011 Geographies,6492,
Nov-21,Buckinghamshire,Mean of Weekly Award Amount,66.48,
Nov-21,Isle of Wight,Pension Credit Caseload - 2011 Geographies,4232,
Nov-21,Isle of Wight,Mean of Weekly Award Amount,56.25,
Nov-21,Medway,Pension Credit Caseload - 2011 Geographies,4962,
Nov-21,Medway,Mean of Weekly Award Amount,61.91,
Nov-21,Milton Keynes,Pension Credit Caseload - 2011 Geographies,4113,
Nov-21,Milton Keynes,Mean of Weekly Award Amount,70.97,
Nov-21,Portsmouth,Pension Credit Caseload - 2011 Geographies,4395,
Nov-21,Portsmouth,Mean of Weekly Award Amount,63.74,
Nov-21,Reading,Pension Credit Caseload - 2011 Geographies,2901,
Nov-21,Reading,Mean of Weekly Award Amount,92.92,
Nov-21,Slough,Pension Credit Caseload - 2011 Geographies,2748,
Nov-21,Slough,Mean of Weekly Award Amount,94.64,
Nov-21,Southampton,Pension Credit Caseload - 2011 Geographies,4913,
Nov-21,Southampton,Mean of Weekly Award Amount,67.7,
Nov-21,West Berkshire,Pension Credit Caseload - 2011 Geographies,1959,
Nov-21,West Berkshire,Mean of Weekly Award Amount,58.51,
Nov-21,Windsor and Maidenhead,Pension Credit Caseload - 2011 Geographies,1897,
Nov-21,Windsor and Maidenhead,Mean of Weekly Award Amount,69.04,
Nov-21,Wokingham,Pension Credit Caseload - 2011 Geographies,1432,
Nov-21,Wokingham,Mean of Weekly Award Amount,64.65,
Nov-21,Eastbourne,Pension Credit Caseload - 2011 Geographies,2798,
Nov-21,Eastbourne,Mean of Weekly Award Amount,64.15,
Nov-21,Hastings,Pension Credit Caseload - 2011 Geographies,3017,
Nov-21,Hastings,Mean of Weekly Award Amount,63.89,
Nov-21,Lewes,Pension Credit Caseload - 2011 Geographies,2227,
Nov-21,Lewes,Mean of Weekly Award Amount,59.74,
Nov-21,Rother,Pension Credit Caseload - 2011 Geographies,2597,
Nov-21,Rother,Mean of Weekly Award Amount,59.93,
Nov-21,Wealden,Pension Credit Caseload - 2011 Geographies,2824,
Nov-21,Wealden,Mean of Weekly Award Amount,57.15,
Nov-21,Basingstoke and Deane,Pension Credit Caseload - 2011 Geographies,2126,
Nov-21,Basingstoke and Deane,Mean of Weekly Award Amount,70.1,
Nov-21,East Hampshire,Pension Credit Caseload - 2011 Geographies,1618,
Nov-21,East Hampshire,Mean of Weekly Award Amount,60,
Nov-21,Eastleigh,Pension Credit Caseload - 2011 Geographies,1733,
Nov-21,Eastleigh,Mean of Weekly Award Amount,57.93,
Nov-21,Fareham,Pension Credit Caseload - 2011 Geographies,1548,
Nov-21,Fareham,Mean of Weekly Award Amount,53.4,
Nov-21,Gosport,Pension Credit Caseload - 2011 Geographies,1560,
Nov-21,Gosport,Mean of Weekly Award Amount,55.5,
Nov-21,Hart,Pension Credit Caseload - 2011 Geographies,867,
Nov-21,Hart,Mean of Weekly Award Amount,64.13,
Nov-21,Havant,Pension Credit Caseload - 2011 Geographies,2922,
Nov-21,Havant,Mean of Weekly Award Amount,56.39,
Nov-21,New Forest,Pension Credit Caseload - 2011 Geographies,3246,
Nov-21,New Forest,Mean of Weekly Award Amount,56.89,
Nov-21,Rushmoor,Pension Credit Caseload - 2011 Geographies,2381,
Nov-21,Rushmoor,Mean of Weekly Award Amount,122.78,
Nov-21,Test Valley,Pension Credit Caseload - 2011 Geographies,1680,
Nov-21,Test Valley,Mean of Weekly Award Amount,59.94,
Nov-21,Winchester,Pension Credit Caseload - 2011 Geographies,1635,
Nov-21,Winchester,Mean of Weekly Award Amount,60.97,
Nov-21,Ashford,Pension Credit Caseload - 2011 Geographies,2492,
Nov-21,Ashford,Mean of Weekly Award Amount,78.47,
Nov-21,Canterbury,Pension Credit Caseload - 2011 Geographies,3175,
Nov-21,Canterbury,Mean of Weekly Award Amount,61.31,
Nov-21,Dartford,Pension Credit Caseload - 2011 Geographies,1422,
Nov-21,Dartford,Mean of Weekly Award Amount,63.82,
Nov-21,Dover,Pension Credit Caseload - 2011 Geographies,2741,
Nov-21,Dover,Mean of Weekly Award Amount,58.38,
Nov-21,Folkestone and Hythe,Pension Credit Caseload - 2011 Geographies,3038,
Nov-21,Folkestone and Hythe,Mean of Weekly Award Amount,67.53,
Nov-21,Gravesham,Pension Credit Caseload - 2011 Geographies,1917,
Nov-21,Gravesham,Mean of Weekly Award Amount,64.58,
Nov-21,Maidstone,Pension Credit Caseload - 2011 Geographies,2729,
Nov-21,Maidstone,Mean of Weekly Award Amount,67.4,
Nov-21,Sevenoaks,Pension Credit Caseload - 2011 Geographies,1702,
Nov-21,Sevenoaks,Mean of Weekly Award Amount,63.57,
Nov-21,Swale,Pension Credit Caseload - 2011 Geographies,3125,
Nov-21,Swale,Mean of Weekly Award Amount,58.43,
Nov-21,Thanet,Pension Credit Caseload - 2011 Geographies,4600,
Nov-21,Thanet,Mean of Weekly Award Amount,61.2,
Nov-21,Tonbridge and Malling,Pension Credit Caseload - 2011 Geographies,1767,
Nov-21,Tonbridge and Malling,Mean of Weekly Award Amount,62.06,
Nov-21,Tunbridge Wells,Pension Credit Caseload - 2011 Geographies,1681,
Nov-21,Tunbridge Wells,Mean of Weekly Award Amount,61.03,
Nov-21,Cherwell,Pension Credit Caseload - 2011 Geographies,1922,
Nov-21,Cherwell,Mean of Weekly Award Amount,61.06,
Nov-21,Oxford,Pension Credit Caseload - 2011 Geographies,1967,
Nov-21,Oxford,Mean of Weekly Award Amount,77.97,
Nov-21,South Oxfordshire,Pension Credit Caseload - 2011 Geographies,1622,
Nov-21,South Oxfordshire,Mean of Weekly Award Amount,58.36,
Nov-21,Vale of White Horse,Pension Credit Caseload - 2011 Geographies,1422,
Nov-21,Vale of White Horse,Mean of Weekly Award Amount,61.55,
Nov-21,West Oxfordshire,Pension Credit Caseload - 2011 Geographies,1431,
Nov-21,West Oxfordshire,Mean of Weekly Award Amount,60.73,
Nov-21,Elmbridge,Pension Credit Caseload - 2011 Geographies,1665,
Nov-21,Elmbridge,Mean of Weekly Award Amount,73.2,
Nov-21,Epsom and Ewell,Pension Credit Caseload - 2011 Geographies,854,
Nov-21,Epsom and Ewell,Mean of Weekly Award Amount,82.13,
Nov-21,Guildford,Pension Credit Caseload - 2011 Geographies,1495,
Nov-21,Guildford,Mean of Weekly Award Amount,63.9,
Nov-21,Mole Valley,Pension Credit Caseload - 2011 Geographies,1100,
Nov-21,Mole Valley,Mean of Weekly Award Amount,64.44,
Nov-21,Reigate and Banstead,Pension Credit Caseload - 2011 Geographies,1640,
Nov-21,Reigate and Banstead,Mean of Weekly Award Amount,70.17,
Nov-21,Runnymede,Pension Credit Caseload - 2011 Geographies,1163,
Nov-21,Runnymede,Mean of Weekly Award Amount,65.06,
Nov-21,Spelthorne,Pension Credit Caseload - 2011 Geographies,1408,
Nov-21,Spelthorne,Mean of Weekly Award Amount,68.86,
Nov-21,Surrey Heath,Pension Credit Caseload - 2011 Geographies,951,
Nov-21,Surrey Heath,Mean of Weekly Award Amount,73.68,
Nov-21,Tandridge,Pension Credit Caseload - 2011 Geographies,1027,
Nov-21,Tandridge,Mean of Weekly Award Amount,66.21,
Nov-21,Waverley,Pension Credit Caseload - 2011 Geographies,1548,
Nov-21,Waverley,Mean of Weekly Award Amount,63.54,
Nov-21,Woking,Pension Credit Caseload - 2011 Geographies,1208,
Nov-21,Woking,Mean of Weekly Award Amount,73.3,
Nov-21,Adur,Pension Credit Caseload - 2011 Geographies,1425,
Nov-21,Adur,Mean of Weekly Award Amount,58.89,
Nov-21,Arun,Pension Credit Caseload - 2011 Geographies,3991,
Nov-21,Arun,Mean of Weekly Award Amount,58.32,
Nov-21,Chichester,Pension Credit Caseload - 2011 Geographies,2271,
Nov-21,Chichester,Mean of Weekly Award Amount,58.79,
Nov-21,Crawley,Pension Credit Caseload - 2011 Geographies,1739,
Nov-21,Crawley,Mean of Weekly Award Amount,80.37,
Nov-21,Horsham,Pension Credit Caseload - 2011 Geographies,1860,
Nov-21,Horsham,Mean of Weekly Award Amount,60.42,
Nov-21,Mid Sussex,Pension Credit Caseload - 2011 Geographies,1766,
Nov-21,Mid Sussex,Mean of Weekly Award Amount,61.45,
Nov-21,Worthing,Pension Credit Caseload - 2011 Geographies,2335,
Nov-21,Worthing,Mean of Weekly Award Amount,59.24,
Nov-21,Bath and North East Somerset,Pension Credit Caseload - 2011 Geographies,2987,
Nov-21,Bath and North East Somerset,Mean of Weekly Award Amount,57.48,
Nov-21,"Bournemouth, Christchurch and Poole",Pension Credit Caseload - 2011 Geographies,9385,
Nov-21,"Bournemouth, Christchurch and Poole",Mean of Weekly Award Amount,60.37,
Nov-21,"Bristol, City of",Pension Credit Caseload - 2011 Geographies,8259,
Nov-21,"Bristol, City of",Mean of Weekly Award Amount,68.8,
Nov-21,Cornwall,Pension Credit Caseload - 2011 Geographies,16095,
Nov-21,Cornwall,Mean of Weekly Award Amount,52.61,
Nov-21,Dorset,Pension Credit Caseload - 2011 Geographies,7911,
Nov-21,Dorset,Mean of Weekly Award Amount,55.32,
Nov-21,Isles of Scilly,Pension Credit Caseload - 2011 Geographies,23,
Nov-21,Isles of Scilly,Mean of Weekly Award Amount,76.23,
Nov-21,North Somerset,Pension Credit Caseload - 2011 Geographies,4333,
Nov-21,North Somerset,Mean of Weekly Award Amount,57.02,
Nov-21,Plymouth,Pension Credit Caseload - 2011 Geographies,6137,
Nov-21,Plymouth,Mean of Weekly Award Amount,58.14,
Nov-21,Somerset,Pension Credit Caseload - 2011 Geographies,11754,
Nov-21,Somerset,Mean of Weekly Award Amount,56.52,
Nov-21,South Gloucestershire,Pension Credit Caseload - 2011 Geographies,3855,
Nov-21,South Gloucestershire,Mean of Weekly Award Amount,58.74,
Nov-21,Swindon,Pension Credit Caseload - 2011 Geographies,3995,
Nov-21,Swindon,Mean of Weekly Award Amount,75.93,
Nov-21,Torbay,Pension Credit Caseload - 2011 Geographies,5005,
Nov-21,Torbay,Mean of Weekly Award Amount,58.26,
Nov-21,Wiltshire,Pension Credit Caseload - 2011 Geographies,7734,
Nov-21,Wiltshire,Mean of Weekly Award Amount,57.7,
Nov-21,East Devon,Pension Credit Caseload - 2011 Geographies,3140,
Nov-21,East Devon,Mean of Weekly Award Amount,53.34,
Nov-21,Exeter,Pension Credit Caseload - 2011 Geographies,2325,
Nov-21,Exeter,Mean of Weekly Award Amount,56.34,
Nov-21,Mid Devon,Pension Credit Caseload - 2011 Geographies,1648,
Nov-21,Mid Devon,Mean of Weekly Award Amount,56.26,
Nov-21,North Devon,Pension Credit Caseload - 2011 Geographies,2436,
Nov-21,North Devon,Mean of Weekly Award Amount,53.87,
Nov-21,South Hams,Pension Credit Caseload - 2011 Geographies,1911,
Nov-21,South Hams,Mean of Weekly Award Amount,57.25,
Nov-21,Teignbridge,Pension Credit Caseload - 2011 Geographies,3249,
Nov-21,Teignbridge,Mean of Weekly Award Amount,55.49,
Nov-21,Torridge,Pension Credit Caseload - 2011 Geographies,1890,
Nov-21,Torridge,Mean of Weekly Award Amount,53.07,
Nov-21,West Devon,Pension Credit Caseload - 2011 Geographies,1284,
Nov-21,West Devon,Mean of Weekly Award Amount,57.15,
Nov-21,Cheltenham,Pension Credit Caseload - 2011 Geographies,1888,
Nov-21,Cheltenham,Mean of Weekly Award Amount,59.33,
Nov-21,Cotswold,Pension Credit Caseload - 2011 Geographies,1507,
Nov-21,Cotswold,Mean of Weekly Award Amount,54.1,
Nov-21,Forest of Dean,Pension Credit Caseload - 2011 Geographies,1910,
Nov-21,Forest of Dean,Mean of Weekly Award Amount,58.49,
Nov-21,Gloucester,Pension Credit Caseload - 2011 Geographies,2339,
Nov-21,Gloucester,Mean of Weekly Award Amount,65.27,
Nov-21,Stroud,Pension Credit Caseload - 2011 Geographies,1929,
Nov-21,Stroud,Mean of Weekly Award Amount,55.64,
Nov-21,Tewkesbury,Pension Credit Caseload - 2011 Geographies,1432,
Nov-21,Tewkesbury,Mean of Weekly Award Amount,57.62,
Nov-21,Total,Pension Credit Caseload - 2011 Geographies,1188173,
Nov-21,Total,Mean of Weekly Award Amount,66.46,
Feb-22,England,Pension Credit Caseload - 2011 Geographies,1171282,
Feb-22,England,Mean of Weekly Award Amount,66.6,
Feb-22,County Durham,Pension Credit Caseload - 2011 Geographies,15128,
Feb-22,County Durham,Mean of Weekly Award Amount,54.03,
Feb-22,Darlington,Pension Credit Caseload - 2011 Geographies,2690,
Feb-22,Darlington,Mean of Weekly Award Amount,58.51,
Feb-22,Hartlepool,Pension Credit Caseload - 2011 Geographies,3299,
Feb-22,Hartlepool,Mean of Weekly Award Amount,58.66,
Feb-22,Middlesbrough,Pension Credit Caseload - 2011 Geographies,4211,
Feb-22,Middlesbrough,Mean of Weekly Award Amount,60.66,
Feb-22,Northumberland,Pension Credit Caseload - 2011 Geographies,7383,
Feb-22,Northumberland,Mean of Weekly Award Amount,51.49,
Feb-22,Redcar and Cleveland,Pension Credit Caseload - 2011 Geographies,4341,
Feb-22,Redcar and Cleveland,Mean of Weekly Award Amount,52.85,
Feb-22,Stockton-on-Tees,Pension Credit Caseload - 2011 Geographies,4681,
Feb-22,Stockton-on-Tees,Mean of Weekly Award Amount,56.24,
Feb-22,Gateshead,Pension Credit Caseload - 2011 Geographies,6128,
Feb-22,Gateshead,Mean of Weekly Award Amount,55.31,
Feb-22,Newcastle upon Tyne,Pension Credit Caseload - 2011 Geographies,7640,
Feb-22,Newcastle upon Tyne,Mean of Weekly Award Amount,62.27,
Feb-22,North Tyneside,Pension Credit Caseload - 2011 Geographies,5467,
Feb-22,North Tyneside,Mean of Weekly Award Amount,52.39,
Feb-22,South Tyneside,Pension Credit Caseload - 2011 Geographies,5246,
Feb-22,South Tyneside,Mean of Weekly Award Amount,53.15,
Feb-22,Sunderland,Pension Credit Caseload - 2011 Geographies,9606,
Feb-22,Sunderland,Mean of Weekly Award Amount,54.35,
Feb-22,Blackburn with Darwen,Pension Credit Caseload - 2011 Geographies,3984,
Feb-22,Blackburn with Darwen,Mean of Weekly Award Amount,70.31,
Feb-22,Blackpool,Pension Credit Caseload - 2011 Geographies,5416,
Feb-22,Blackpool,Mean of Weekly Award Amount,58.52,
Feb-22,Cheshire East,Pension Credit Caseload - 2011 Geographies,6044,
Feb-22,Cheshire East,Mean of Weekly Award Amount,56.33,
Feb-22,Cheshire West and Chester,Pension Credit Caseload - 2011 Geographies,6686,
Feb-22,Cheshire West and Chester,Mean of Weekly Award Amount,55.73,
Feb-22,Cumberland,Pension Credit Caseload - 2011 Geographies,6073,
Feb-22,Cumberland,Mean of Weekly Award Amount,53.89,
Feb-22,Halton,Pension Credit Caseload - 2011 Geographies,3464,
Feb-22,Halton,Mean of Weekly Award Amount,59.05,
Feb-22,Warrington,Pension Credit Caseload - 2011 Geographies,3864,
Feb-22,Warrington,Mean of Weekly Award Amount,56.25,
Feb-22,Westmorland and Furness,Pension Credit Caseload - 2011 Geographies,4221,
Feb-22,Westmorland and Furness,Mean of Weekly Award Amount,55.52,
Feb-22,Bolton,Pension Credit Caseload - 2011 Geographies,7554,
Feb-22,Bolton,Mean of Weekly Award Amount,66.92,
Feb-22,Bury,Pension Credit Caseload - 2011 Geographies,4032,
Feb-22,Bury,Mean of Weekly Award Amount,62.04,
Feb-22,Manchester,Pension Credit Caseload - 2011 Geographies,13995,
Feb-22,Manchester,Mean of Weekly Award Amount,78.89,
Feb-22,Oldham,Pension Credit Caseload - 2011 Geographies,5646,
Feb-22,Oldham,Mean of Weekly Award Amount,63.76,
Feb-22,Rochdale,Pension Credit Caseload - 2011 Geographies,5769,
Feb-22,Rochdale,Mean of Weekly Award Amount,60.41,
Feb-22,Salford,Pension Credit Caseload - 2011 Geographies,6456,
Feb-22,Salford,Mean of Weekly Award Amount,60.98,
Feb-22,Stockport,Pension Credit Caseload - 2011 Geographies,5870,
Feb-22,Stockport,Mean of Weekly Award Amount,62.26,
Feb-22,Tameside,Pension Credit Caseload - 2011 Geographies,5670,
Feb-22,Tameside,Mean of Weekly Award Amount,56.74,
Feb-22,Trafford,Pension Credit Caseload - 2011 Geographies,4314,
Feb-22,Trafford,Mean of Weekly Award Amount,65.87,
Feb-22,Wigan,Pension Credit Caseload - 2011 Geographies,7753,
Feb-22,Wigan,Mean of Weekly Award Amount,52.62,
Feb-22,Burnley,Pension Credit Caseload - 2011 Geographies,2410,
Feb-22,Burnley,Mean of Weekly Award Amount,58.99,
Feb-22,Chorley,Pension Credit Caseload - 2011 Geographies,2055,
Feb-22,Chorley,Mean of Weekly Award Amount,52.95,
Feb-22,Fylde,Pension Credit Caseload - 2011 Geographies,1937,
Feb-22,Fylde,Mean of Weekly Award Amount,56.69,
Feb-22,Hyndburn,Pension Credit Caseload - 2011 Geographies,2164,
Feb-22,Hyndburn,Mean of Weekly Award Amount,58.35,
Feb-22,Lancaster,Pension Credit Caseload - 2011 Geographies,3240,
Feb-22,Lancaster,Mean of Weekly Award Amount,58.13,
Feb-22,Pendle,Pension Credit Caseload - 2011 Geographies,2473,
Feb-22,Pendle,Mean of Weekly Award Amount,65.76,
Feb-22,Preston,Pension Credit Caseload - 2011 Geographies,3168,
Feb-22,Preston,Mean of Weekly Award Amount,66.19,
Feb-22,Ribble Valley,Pension Credit Caseload - 2011 Geographies,782,
Feb-22,Ribble Valley,Mean of Weekly Award Amount,51.3,
Feb-22,Rossendale,Pension Credit Caseload - 2011 Geographies,1676,
Feb-22,Rossendale,Mean of Weekly Award Amount,54.49,
Feb-22,South Ribble,Pension Credit Caseload - 2011 Geographies,1873,
Feb-22,South Ribble,Mean of Weekly Award Amount,53.65,
Feb-22,West Lancashire,Pension Credit Caseload - 2011 Geographies,2830,
Feb-22,West Lancashire,Mean of Weekly Award Amount,54.4,
Feb-22,Wyre,Pension Credit Caseload - 2011 Geographies,3077,
Feb-22,Wyre,Mean of Weekly Award Amount,56.75,
Feb-22,Knowsley,Pension Credit Caseload - 2011 Geographies,5773,
Feb-22,Knowsley,Mean of Weekly Award Amount,60.11,
Feb-22,Liverpool,Pension Credit Caseload - 2011 Geographies,17263,
Feb-22,Liverpool,Mean of Weekly Award Amount,65.8,
Feb-22,Sefton,Pension Credit Caseload - 2011 Geographies,8605,
Feb-22,Sefton,Mean of Weekly Award Amount,56.61,
Feb-22,St. Helens,Pension Credit Caseload - 2011 Geographies,4882,
Feb-22,St. Helens,Mean of Weekly Award Amount,56.58,
Feb-22,Wirral,Pension Credit Caseload - 2011 Geographies,9156,
Feb-22,Wirral,Mean of Weekly Award Amount,60.02,
Feb-22,East Riding of Yorkshire,Pension Credit Caseload - 2011 Geographies,7976,
Feb-22,East Riding of Yorkshire,Mean of Weekly Award Amount,51.9,
Feb-22,"Kingston upon Hull, City of",Pension Credit Caseload - 2011 Geographies,8026,
Feb-22,"Kingston upon Hull, City of",Mean of Weekly Award Amount,56.82,
Feb-22,North East Lincolnshire,Pension Credit Caseload - 2011 Geographies,4565,
Feb-22,North East Lincolnshire,Mean of Weekly Award Amount,54.82,
Feb-22,North Lincolnshire,Pension Credit Caseload - 2011 Geographies,4067,
Feb-22,North Lincolnshire,Mean of Weekly Award Amount,55.17,
Feb-22,North Yorkshire,Pension Credit Caseload - 2011 Geographies,11835,
Feb-22,North Yorkshire,Mean of Weekly Award Amount,55.06,
Feb-22,York,Pension Credit Caseload - 2011 Geographies,2878,
Feb-22,York,Mean of Weekly Award Amount,55.19,
Feb-22,Barnsley,Pension Credit Caseload - 2011 Geographies,6048,
Feb-22,Barnsley,Mean of Weekly Award Amount,55.32,
Feb-22,Doncaster,Pension Credit Caseload - 2011 Geographies,7622,
Feb-22,Doncaster,Mean of Weekly Award Amount,57.53,
Feb-22,Rotherham,Pension Credit Caseload - 2011 Geographies,6637,
Feb-22,Rotherham,Mean of Weekly Award Amount,54.68,
Feb-22,Sheffield,Pension Credit Caseload - 2011 Geographies,13601,
Feb-22,Sheffield,Mean of Weekly Award Amount,61.41,
Feb-22,Bradford,Pension Credit Caseload - 2011 Geographies,13018,
Feb-22,Bradford,Mean of Weekly Award Amount,65.58,
Feb-22,Calderdale,Pension Credit Caseload - 2011 Geographies,4528,
Feb-22,Calderdale,Mean of Weekly Award Amount,55.68,
Feb-22,Kirklees,Pension Credit Caseload - 2011 Geographies,8913,
Feb-22,Kirklees,Mean of Weekly Award Amount,59.39,
Feb-22,Leeds,Pension Credit Caseload - 2011 Geographies,15503,
Feb-22,Leeds,Mean of Weekly Award Amount,60.56,
Feb-22,Wakefield,Pension Credit Caseload - 2011 Geographies,7705,
Feb-22,Wakefield,Mean of Weekly Award Amount,54.3,
Feb-22,Derby,Pension Credit Caseload - 2011 Geographies,5651,
Feb-22,Derby,Mean of Weekly Award Amount,67.98,
Feb-22,Leicester,Pension Credit Caseload - 2011 Geographies,10426,
Feb-22,Leicester,Mean of Weekly Award Amount,97.46,
Feb-22,North Northamptonshire,Pension Credit Caseload - 2011 Geographies,6319,
Feb-22,North Northamptonshire,Mean of Weekly Award Amount,57.25,
Feb-22,Nottingham,Pension Credit Caseload - 2011 Geographies,7311,
Feb-22,Nottingham,Mean of Weekly Award Amount,66.51,
Feb-22,Rutland,Pension Credit Caseload - 2011 Geographies,530,
Feb-22,Rutland,Mean of Weekly Award Amount,52.66,
Feb-22,West Northamptonshire,Pension Credit Caseload - 2011 Geographies,6353,
Feb-22,West Northamptonshire,Mean of Weekly Award Amount,62.95,
Feb-22,Amber Valley,Pension Credit Caseload - 2011 Geographies,2619,
Feb-22,Amber Valley,Mean of Weekly Award Amount,54.19,
Feb-22,Bolsover,Pension Credit Caseload - 2011 Geographies,1968,
Feb-22,Bolsover,Mean of Weekly Award Amount,55.38,
Feb-22,Chesterfield,Pension Credit Caseload - 2011 Geographies,2806,
Feb-22,Chesterfield,Mean of Weekly Award Amount,53.87,
Feb-22,Derbyshire Dales,Pension Credit Caseload - 2011 Geographies,1196,
Feb-22,Derbyshire Dales,Mean of Weekly Award Amount,56.24,
Feb-22,Erewash,Pension Credit Caseload - 2011 Geographies,2377,
Feb-22,Erewash,Mean of Weekly Award Amount,49,
Feb-22,High Peak,Pension Credit Caseload - 2011 Geographies,1715,
Feb-22,High Peak,Mean of Weekly Award Amount,54.42,
Feb-22,North East Derbyshire,Pension Credit Caseload - 2011 Geographies,2441,
Feb-22,North East Derbyshire,Mean of Weekly Award Amount,53.25,
Feb-22,South Derbyshire,Pension Credit Caseload - 2011 Geographies,1590,
Feb-22,South Derbyshire,Mean of Weekly Award Amount,52.4,
Feb-22,Blaby,Pension Credit Caseload - 2011 Geographies,1606,
Feb-22,Blaby,Mean of Weekly Award Amount,57.42,
Feb-22,Charnwood,Pension Credit Caseload - 2011 Geographies,2784,
Feb-22,Charnwood,Mean of Weekly Award Amount,58.63,
Feb-22,Harborough,Pension Credit Caseload - 2011 Geographies,1245,
Feb-22,Harborough,Mean of Weekly Award Amount,56.8,
Feb-22,Hinckley and Bosworth,Pension Credit Caseload - 2011 Geographies,1840,
Feb-22,Hinckley and Bosworth,Mean of Weekly Award Amount,49.8,
Feb-22,Melton,Pension Credit Caseload - 2011 Geographies,789,
Feb-22,Melton,Mean of Weekly Award Amount,52.75,
Feb-22,North West Leicestershire,Pension Credit Caseload - 2011 Geographies,1600,
Feb-22,North West Leicestershire,Mean of Weekly Award Amount,52.88,
Feb-22,Oadby and Wigston,Pension Credit Caseload - 2011 Geographies,1103,
Feb-22,Oadby and Wigston,Mean of Weekly Award Amount,63.64,
Feb-22,Boston,Pension Credit Caseload - 2011 Geographies,1840,
Feb-22,Boston,Mean of Weekly Award Amount,65.12,
Feb-22,East Lindsey,Pension Credit Caseload - 2011 Geographies,4971,
Feb-22,East Lindsey,Mean of Weekly Award Amount,56.91,
Feb-22,Lincoln,Pension Credit Caseload - 2011 Geographies,2134,
Feb-22,Lincoln,Mean of Weekly Award Amount,59.1,
Feb-22,North Kesteven,Pension Credit Caseload - 2011 Geographies,2226,
Feb-22,North Kesteven,Mean of Weekly Award Amount,53.71,
Feb-22,South Holland,Pension Credit Caseload - 2011 Geographies,2182,
Feb-22,South Holland,Mean of Weekly Award Amount,53.93,
Feb-22,South Kesteven,Pension Credit Caseload - 2011 Geographies,2447,
Feb-22,South Kesteven,Mean of Weekly Award Amount,55.46,
Feb-22,West Lindsey,Pension Credit Caseload - 2011 Geographies,2071,
Feb-22,West Lindsey,Mean of Weekly Award Amount,52.69,
Feb-22,Ashfield,Pension Credit Caseload - 2011 Geographies,2773,
Feb-22,Ashfield,Mean of Weekly Award Amount,53.42,
Feb-22,Bassetlaw,Pension Credit Caseload - 2011 Geographies,2545,
Feb-22,Bassetlaw,Mean of Weekly Award Amount,55.38,
Feb-22,Broxtowe,Pension Credit Caseload - 2011 Geographies,2081,
Feb-22,Broxtowe,Mean of Weekly Award Amount,54.2,
Feb-22,Gedling,Pension Credit Caseload - 2011 Geographies,2083,
Feb-22,Gedling,Mean of Weekly Award Amount,53.26,
Feb-22,Mansfield,Pension Credit Caseload - 2011 Geographies,2360,
Feb-22,Mansfield,Mean of Weekly Award Amount,55.09,
Feb-22,Newark and Sherwood,Pension Credit Caseload - 2011 Geographies,2250,
Feb-22,Newark and Sherwood,Mean of Weekly Award Amount,55,
Feb-22,Rushcliffe,Pension Credit Caseload - 2011 Geographies,1559,
Feb-22,Rushcliffe,Mean of Weekly Award Amount,53.76,
Feb-22,"Herefordshire, County of",Pension Credit Caseload - 2011 Geographies,4060,
Feb-22,"Herefordshire, County of",Mean of Weekly Award Amount,56.91,
Feb-22,Shropshire,Pension Credit Caseload - 2011 Geographies,7121,
Feb-22,Shropshire,Mean of Weekly Award Amount,55.2,
Feb-22,Stoke-on-Trent,Pension Credit Caseload - 2011 Geographies,6538,
Feb-22,Stoke-on-Trent,Mean of Weekly Award Amount,56.08,
Feb-22,Telford and Wrekin,Pension Credit Caseload - 2011 Geographies,4200,
Feb-22,Telford and Wrekin,Mean of Weekly Award Amount,58.73,
Feb-22,Cannock Chase,Pension Credit Caseload - 2011 Geographies,2334,
Feb-22,Cannock Chase,Mean of Weekly Award Amount,51.46,
Feb-22,East Staffordshire,Pension Credit Caseload - 2011 Geographies,1961,
Feb-22,East Staffordshire,Mean of Weekly Award Amount,55.63,
Feb-22,Lichfield,Pension Credit Caseload - 2011 Geographies,1768,
Feb-22,Lichfield,Mean of Weekly Award Amount,49.71,
Feb-22,Newcastle-under-Lyme,Pension Credit Caseload - 2011 Geographies,2611,
Feb-22,Newcastle-under-Lyme,Mean of Weekly Award Amount,53.5,
Feb-22,South Staffordshire,Pension Credit Caseload - 2011 Geographies,2348,
Feb-22,South Staffordshire,Mean of Weekly Award Amount,50.88,
Feb-22,Stafford,Pension Credit Caseload - 2011 Geographies,2078,
Feb-22,Stafford,Mean of Weekly Award Amount,54.23,
Feb-22,Staffordshire Moorlands,Pension Credit Caseload - 2011 Geographies,1805,
Feb-22,Staffordshire Moorlands,Mean of Weekly Award Amount,52.46,
Feb-22,Tamworth,Pension Credit Caseload - 2011 Geographies,1735,
Feb-22,Tamworth,Mean of Weekly Award Amount,51.28,
Feb-22,North Warwickshire,Pension Credit Caseload - 2011 Geographies,1359,
Feb-22,North Warwickshire,Mean of Weekly Award Amount,52.72,
Feb-22,Nuneaton and Bedworth,Pension Credit Caseload - 2011 Geographies,2778,
Feb-22,Nuneaton and Bedworth,Mean of Weekly Award Amount,61.32,
Feb-22,Rugby,Pension Credit Caseload - 2011 Geographies,1629,
Feb-22,Rugby,Mean of Weekly Award Amount,60.6,
Feb-22,Stratford-on-Avon,Pension Credit Caseload - 2011 Geographies,2239,
Feb-22,Stratford-on-Avon,Mean of Weekly Award Amount,56.1,
Feb-22,Warwick,Pension Credit Caseload - 2011 Geographies,2060,
Feb-22,Warwick,Mean of Weekly Award Amount,55.51,
Feb-22,Birmingham,Pension Credit Caseload - 2011 Geographies,29881,
Feb-22,Birmingham,Mean of Weekly Award Amount,74.16,
Feb-22,Coventry,Pension Credit Caseload - 2011 Geographies,7270,
Feb-22,Coventry,Mean of Weekly Award Amount,68.21,
Feb-22,Dudley,Pension Credit Caseload - 2011 Geographies,8100,
Feb-22,Dudley,Mean of Weekly Award Amount,54.29,
Feb-22,Sandwell,Pension Credit Caseload - 2011 Geographies,10099,
Feb-22,Sandwell,Mean of Weekly Award Amount,69.31,
Feb-22,Solihull,Pension Credit Caseload - 2011 Geographies,3982,
Feb-22,Solihull,Mean of Weekly Award Amount,58.85,
Feb-22,Walsall,Pension Credit Caseload - 2011 Geographies,7917,
Feb-22,Walsall,Mean of Weekly Award Amount,61.04,
Feb-22,Wolverhampton,Pension Credit Caseload - 2011 Geographies,7616,
Feb-22,Wolverhampton,Mean of Weekly Award Amount,67.24,
Feb-22,Bromsgrove,Pension Credit Caseload - 2011 Geographies,1562,
Feb-22,Bromsgrove,Mean of Weekly Award Amount,50.78,
Feb-22,Malvern Hills,Pension Credit Caseload - 2011 Geographies,1607,
Feb-22,Malvern Hills,Mean of Weekly Award Amount,57,
Feb-22,Redditch,Pension Credit Caseload - 2011 Geographies,1715,
Feb-22,Redditch,Mean of Weekly Award Amount,56.48,
Feb-22,Worcester,Pension Credit Caseload - 2011 Geographies,1793,
Feb-22,Worcester,Mean of Weekly Award Amount,57.4,
Feb-22,Wychavon,Pension Credit Caseload - 2011 Geographies,2330,
Feb-22,Wychavon,Mean of Weekly Award Amount,56.98,
Feb-22,Wyre Forest,Pension Credit Caseload - 2011 Geographies,2444,
Feb-22,Wyre Forest,Mean of Weekly Award Amount,52.81,
Feb-22,Bedford,Pension Credit Caseload - 2011 Geographies,2871,
Feb-22,Bedford,Mean of Weekly Award Amount,67.75,
Feb-22,Central Bedfordshire,Pension Credit Caseload - 2011 Geographies,3720,
Feb-22,Central Bedfordshire,Mean of Weekly Award Amount,56.31,
Feb-22,Luton,Pension Credit Caseload - 2011 Geographies,4260,
Feb-22,Luton,Mean of Weekly Award Amount,80.04,
Feb-22,Peterborough,Pension Credit Caseload - 2011 Geographies,4205,
Feb-22,Peterborough,Mean of Weekly Award Amount,73.59,
Feb-22,Southend-on-Sea,Pension Credit Caseload - 2011 Geographies,4303,
Feb-22,Southend-on-Sea,Mean of Weekly Award Amount,62.71,
Feb-22,Thurrock,Pension Credit Caseload - 2011 Geographies,2878,
Feb-22,Thurrock,Mean of Weekly Award Amount,67.74,
Feb-22,Cambridge,Pension Credit Caseload - 2011 Geographies,1521,
Feb-22,Cambridge,Mean of Weekly Award Amount,70.61,
Feb-22,East Cambridgeshire,Pension Credit Caseload - 2011 Geographies,1313,
Feb-22,East Cambridgeshire,Mean of Weekly Award Amount,59.19,
Feb-22,Fenland,Pension Credit Caseload - 2011 Geographies,2596,
Feb-22,Fenland,Mean of Weekly Award Amount,57.86,
Feb-22,Huntingdonshire,Pension Credit Caseload - 2011 Geographies,2313,
Feb-22,Huntingdonshire,Mean of Weekly Award Amount,56.87,
Feb-22,South Cambridgeshire,Pension Credit Caseload - 2011 Geographies,1763,
Feb-22,South Cambridgeshire,Mean of Weekly Award Amount,65.08,
Feb-22,Basildon,Pension Credit Caseload - 2011 Geographies,3764,
Feb-22,Basildon,Mean of Weekly Award Amount,61.09,
Feb-22,Braintree,Pension Credit Caseload - 2011 Geographies,2689,
Feb-22,Braintree,Mean of Weekly Award Amount,54.3,
Feb-22,Brentwood,Pension Credit Caseload - 2011 Geographies,1085,
Feb-22,Brentwood,Mean of Weekly Award Amount,60.84,
Feb-22,Castle Point,Pension Credit Caseload - 2011 Geographies,2041,
Feb-22,Castle Point,Mean of Weekly Award Amount,56.83,
Feb-22,Chelmsford,Pension Credit Caseload - 2011 Geographies,2382,
Feb-22,Chelmsford,Mean of Weekly Award Amount,59.96,
Feb-22,Colchester,Pension Credit Caseload - 2011 Geographies,2900,
Feb-22,Colchester,Mean of Weekly Award Amount,63.54,
Feb-22,Epping Forest,Pension Credit Caseload - 2011 Geographies,2468,
Feb-22,Epping Forest,Mean of Weekly Award Amount,65.02,
Feb-22,Harlow,Pension Credit Caseload - 2011 Geographies,1695,
Feb-22,Harlow,Mean of Weekly Award Amount,61.46,
Feb-22,Maldon,Pension Credit Caseload - 2011 Geographies,1294,
Feb-22,Maldon,Mean of Weekly Award Amount,55.79,
Feb-22,Rochford,Pension Credit Caseload - 2011 Geographies,1460,
Feb-22,Rochford,Mean of Weekly Award Amount,55.63,
Feb-22,Tendring,Pension Credit Caseload - 2011 Geographies,4961,
Feb-22,Tendring,Mean of Weekly Award Amount,57.52,
Feb-22,Uttlesford,Pension Credit Caseload - 2011 Geographies,1114,
Feb-22,Uttlesford,Mean of Weekly Award Amount,57.07,
Feb-22,Broxbourne,Pension Credit Caseload - 2011 Geographies,1746,
Feb-22,Broxbourne,Mean of Weekly Award Amount,67.19,
Feb-22,Dacorum,Pension Credit Caseload - 2011 Geographies,2037,
Feb-22,Dacorum,Mean of Weekly Award Amount,62.32,
Feb-22,East Hertfordshire,Pension Credit Caseload - 2011 Geographies,1792,
Feb-22,East Hertfordshire,Mean of Weekly Award Amount,61.54,
Feb-22,Hertsmere,Pension Credit Caseload - 2011 Geographies,1777,
Feb-22,Hertsmere,Mean of Weekly Award Amount,72.98,
Feb-22,North Hertfordshire,Pension Credit Caseload - 2011 Geographies,1937,
Feb-22,North Hertfordshire,Mean of Weekly Award Amount,57.8,
Feb-22,St Albans,Pension Credit Caseload - 2011 Geographies,1448,
Feb-22,St Albans,Mean of Weekly Award Amount,66.51,
Feb-22,Stevenage,Pension Credit Caseload - 2011 Geographies,1442,
Feb-22,Stevenage,Mean of Weekly Award Amount,64.05,
Feb-22,Three Rivers,Pension Credit Caseload - 2011 Geographies,1214,
Feb-22,Three Rivers,Mean of Weekly Award Amount,70.57,
Feb-22,Watford,Pension Credit Caseload - 2011 Geographies,1410,
Feb-22,Watford,Mean of Weekly Award Amount,74.24,
Feb-22,Welwyn Hatfield,Pension Credit Caseload - 2011 Geographies,1592,
Feb-22,Welwyn Hatfield,Mean of Weekly Award Amount,65.16,
Feb-22,Breckland,Pension Credit Caseload - 2011 Geographies,3043,
Feb-22,Breckland,Mean of Weekly Award Amount,54.69,
Feb-22,Broadland,Pension Credit Caseload - 2011 Geographies,2224,
Feb-22,Broadland,Mean of Weekly Award Amount,51.19,
Feb-22,Great Yarmouth,Pension Credit Caseload - 2011 Geographies,3307,
Feb-22,Great Yarmouth,Mean of Weekly Award Amount,54.12,
Feb-22,King's Lynn and West Norfolk,Pension Credit Caseload - 2011 Geographies,3896,
Feb-22,King's Lynn and West Norfolk,Mean of Weekly Award Amount,55.99,
Feb-22,North Norfolk,Pension Credit Caseload - 2011 Geographies,2805,
Feb-22,North Norfolk,Mean of Weekly Award Amount,50.7,
Feb-22,Norwich,Pension Credit Caseload - 2011 Geographies,3403,
Feb-22,Norwich,Mean of Weekly Award Amount,59.11,
Feb-22,South Norfolk,Pension Credit Caseload - 2011 Geographies,2465,
Feb-22,South Norfolk,Mean of Weekly Award Amount,54.44,
Feb-22,Babergh,Pension Credit Caseload - 2011 Geographies,1659,
Feb-22,Babergh,Mean of Weekly Award Amount,53.72,
Feb-22,East Suffolk,Pension Credit Caseload - 2011 Geographies,5497,
Feb-22,East Suffolk,Mean of Weekly Award Amount,53.72,
Feb-22,Ipswich,Pension Credit Caseload - 2011 Geographies,2790,
Feb-22,Ipswich,Mean of Weekly Award Amount,66.01,
Feb-22,Mid Suffolk,Pension Credit Caseload - 2011 Geographies,1695,
Feb-22,Mid Suffolk,Mean of Weekly Award Amount,56.4,
Feb-22,West Suffolk,Pension Credit Caseload - 2011 Geographies,2959,
Feb-22,West Suffolk,Mean of Weekly Award Amount,55.73,
Feb-22,Camden,Pension Credit Caseload - 2011 Geographies,5986,
Feb-22,Camden,Mean of Weekly Award Amount,96.62,
Feb-22,City of London,Pension Credit Caseload - 2011 Geographies,99,
Feb-22,City of London,Mean of Weekly Award Amount,90.53,
Feb-22,Hackney,Pension Credit Caseload - 2011 Geographies,7389,
Feb-22,Hackney,Mean of Weekly Award Amount,99.23,
Feb-22,Hammersmith and Fulham,Pension Credit Caseload - 2011 Geographies,4432,
Feb-22,Hammersmith and Fulham,Mean of Weekly Award Amount,97.28,
Feb-22,Haringey,Pension Credit Caseload - 2011 Geographies,6798,
Feb-22,Haringey,Mean of Weekly Award Amount,101.65,
Feb-22,Islington,Pension Credit Caseload - 2011 Geographies,6049,
Feb-22,Islington,Mean of Weekly Award Amount,90.25,
Feb-22,Kensington and Chelsea,Pension Credit Caseload - 2011 Geographies,4267,
Feb-22,Kensington and Chelsea,Mean of Weekly Award Amount,99.01,
Feb-22,Lambeth,Pension Credit Caseload - 2011 Geographies,7220,
Feb-22,Lambeth,Mean of Weekly Award Amount,91.16,
Feb-22,Lewisham,Pension Credit Caseload - 2011 Geographies,5901,
Feb-22,Lewisham,Mean of Weekly Award Amount,85.95,
Feb-22,Newham,Pension Credit Caseload - 2011 Geographies,7977,
Feb-22,Newham,Mean of Weekly Award Amount,104.42,
Feb-22,Southwark,Pension Credit Caseload - 2011 Geographies,7185,
Feb-22,Southwark,Mean of Weekly Award Amount,92.41,
Feb-22,Tower Hamlets,Pension Credit Caseload - 2011 Geographies,7054,
Feb-22,Tower Hamlets,Mean of Weekly Award Amount,97.74,
Feb-22,Wandsworth,Pension Credit Caseload - 2011 Geographies,5582,
Feb-22,Wandsworth,Mean of Weekly Award Amount,92.27,
Feb-22,Westminster,Pension Credit Caseload - 2011 Geographies,5808,
Feb-22,Westminster,Mean of Weekly Award Amount,108.81,
Feb-22,Barking and Dagenham,Pension Credit Caseload - 2011 Geographies,4416,
Feb-22,Barking and Dagenham,Mean of Weekly Award Amount,88.46,
Feb-22,Barnet,Pension Credit Caseload - 2011 Geographies,7651,
Feb-22,Barnet,Mean of Weekly Award Amount,102.14,
Feb-22,Bexley,Pension Credit Caseload - 2011 Geographies,3839,
Feb-22,Bexley,Mean of Weekly Award Amount,72.42,
Feb-22,Brent,Pension Credit Caseload - 2011 Geographies,8872,
Feb-22,Brent,Mean of Weekly Award Amount,110.53,
Feb-22,Bromley,Pension Credit Caseload - 2011 Geographies,4861,
Feb-22,Bromley,Mean of Weekly Award Amount,74.04,
Feb-22,Croydon,Pension Credit Caseload - 2011 Geographies,7007,
Feb-22,Croydon,Mean of Weekly Award Amount,88.19,
Feb-22,Ealing,Pension Credit Caseload - 2011 Geographies,8488,
Feb-22,Ealing,Mean of Weekly Award Amount,115.95,
Feb-22,Enfield,Pension Credit Caseload - 2011 Geographies,7809,
Feb-22,Enfield,Mean of Weekly Award Amount,95.56,
Feb-22,Greenwich,Pension Credit Caseload - 2011 Geographies,6006,
Feb-22,Greenwich,Mean of Weekly Award Amount,93.44,
Feb-22,Harrow,Pension Credit Caseload - 2011 Geographies,5708,
Feb-22,Harrow,Mean of Weekly Award Amount,119.76,
Feb-22,Havering,Pension Credit Caseload - 2011 Geographies,4372,
Feb-22,Havering,Mean of Weekly Award Amount,68.82,
Feb-22,Hillingdon,Pension Credit Caseload - 2011 Geographies,5182,
Feb-22,Hillingdon,Mean of Weekly Award Amount,103.75,
Feb-22,Hounslow,Pension Credit Caseload - 2011 Geographies,5766,
Feb-22,Hounslow,Mean of Weekly Award Amount,110.15,
Feb-22,Kingston upon Thames,Pension Credit Caseload - 2011 Geographies,2358,
Feb-22,Kingston upon Thames,Mean of Weekly Award Amount,100.92,
Feb-22,Merton,Pension Credit Caseload - 2011 Geographies,3395,
Feb-22,Merton,Mean of Weekly Award Amount,95.25,
Feb-22,Redbridge,Pension Credit Caseload - 2011 Geographies,6192,
Feb-22,Redbridge,Mean of Weekly Award Amount,98.45,
Feb-22,Richmond upon Thames,Pension Credit Caseload - 2011 Geographies,2567,
Feb-22,Richmond upon Thames,Mean of Weekly Award Amount,84.48,
Feb-22,Sutton,Pension Credit Caseload - 2011 Geographies,3112,
Feb-22,Sutton,Mean of Weekly Award Amount,83.9,
Feb-22,Waltham Forest,Pension Credit Caseload - 2011 Geographies,5670,
Feb-22,Waltham Forest,Mean of Weekly Award Amount,88.82,
Feb-22,Bracknell Forest,Pension Credit Caseload - 2011 Geographies,1495,
Feb-22,Bracknell Forest,Mean of Weekly Award Amount,73.35,
Feb-22,Brighton and Hove,Pension Credit Caseload - 2011 Geographies,5878,
Feb-22,Brighton and Hove,Mean of Weekly Award Amount,70.94,
Feb-22,Buckinghamshire,Pension Credit Caseload - 2011 Geographies,6421,
Feb-22,Buckinghamshire,Mean of Weekly Award Amount,66.43,
Feb-22,Isle of Wight,Pension Credit Caseload - 2011 Geographies,4177,
Feb-22,Isle of Wight,Mean of Weekly Award Amount,55.96,
Feb-22,Medway,Pension Credit Caseload - 2011 Geographies,4889,
Feb-22,Medway,Mean of Weekly Award Amount,61.98,
Feb-22,Milton Keynes,Pension Credit Caseload - 2011 Geographies,4078,
Feb-22,Milton Keynes,Mean of Weekly Award Amount,70.93,
Feb-22,Portsmouth,Pension Credit Caseload - 2011 Geographies,4317,
Feb-22,Portsmouth,Mean of Weekly Award Amount,63.94,
Feb-22,Reading,Pension Credit Caseload - 2011 Geographies,2861,
Feb-22,Reading,Mean of Weekly Award Amount,92.77,
Feb-22,Slough,Pension Credit Caseload - 2011 Geographies,2731,
Feb-22,Slough,Mean of Weekly Award Amount,94.5,
Feb-22,Southampton,Pension Credit Caseload - 2011 Geographies,4825,
Feb-22,Southampton,Mean of Weekly Award Amount,67.66,
Feb-22,West Berkshire,Pension Credit Caseload - 2011 Geographies,1944,
Feb-22,West Berkshire,Mean of Weekly Award Amount,58.61,
Feb-22,Windsor and Maidenhead,Pension Credit Caseload - 2011 Geographies,1865,
Feb-22,Windsor and Maidenhead,Mean of Weekly Award Amount,70.15,
Feb-22,Wokingham,Pension Credit Caseload - 2011 Geographies,1401,
Feb-22,Wokingham,Mean of Weekly Award Amount,64.57,
Feb-22,Eastbourne,Pension Credit Caseload - 2011 Geographies,2723,
Feb-22,Eastbourne,Mean of Weekly Award Amount,64.9,
Feb-22,Hastings,Pension Credit Caseload - 2011 Geographies,2987,
Feb-22,Hastings,Mean of Weekly Award Amount,64.81,
Feb-22,Lewes,Pension Credit Caseload - 2011 Geographies,2195,
Feb-22,Lewes,Mean of Weekly Award Amount,59.91,
Feb-22,Rother,Pension Credit Caseload - 2011 Geographies,2548,
Feb-22,Rother,Mean of Weekly Award Amount,59.81,
Feb-22,Wealden,Pension Credit Caseload - 2011 Geographies,2784,
Feb-22,Wealden,Mean of Weekly Award Amount,56.9,
Feb-22,Basingstoke and Deane,Pension Credit Caseload - 2011 Geographies,2088,
Feb-22,Basingstoke and Deane,Mean of Weekly Award Amount,69.72,
Feb-22,East Hampshire,Pension Credit Caseload - 2011 Geographies,1601,
Feb-22,East Hampshire,Mean of Weekly Award Amount,60.53,
Feb-22,Eastleigh,Pension Credit Caseload - 2011 Geographies,1693,
Feb-22,Eastleigh,Mean of Weekly Award Amount,57.96,
Feb-22,Fareham,Pension Credit Caseload - 2011 Geographies,1541,
Feb-22,Fareham,Mean of Weekly Award Amount,52.95,
Feb-22,Gosport,Pension Credit Caseload - 2011 Geographies,1537,
Feb-22,Gosport,Mean of Weekly Award Amount,55.42,
Feb-22,Hart,Pension Credit Caseload - 2011 Geographies,856,
Feb-22,Hart,Mean of Weekly Award Amount,63.5,
Feb-22,Havant,Pension Credit Caseload - 2011 Geographies,2873,
Feb-22,Havant,Mean of Weekly Award Amount,56.41,
Feb-22,New Forest,Pension Credit Caseload - 2011 Geographies,3181,
Feb-22,New Forest,Mean of Weekly Award Amount,56.76,
Feb-22,Rushmoor,Pension Credit Caseload - 2011 Geographies,2362,
Feb-22,Rushmoor,Mean of Weekly Award Amount,122.53,
Feb-22,Test Valley,Pension Credit Caseload - 2011 Geographies,1659,
Feb-22,Test Valley,Mean of Weekly Award Amount,60.02,
Feb-22,Winchester,Pension Credit Caseload - 2011 Geographies,1615,
Feb-22,Winchester,Mean of Weekly Award Amount,60.89,
Feb-22,Ashford,Pension Credit Caseload - 2011 Geographies,2453,
Feb-22,Ashford,Mean of Weekly Award Amount,79.29,
Feb-22,Canterbury,Pension Credit Caseload - 2011 Geographies,3122,
Feb-22,Canterbury,Mean of Weekly Award Amount,61.58,
Feb-22,Dartford,Pension Credit Caseload - 2011 Geographies,1390,
Feb-22,Dartford,Mean of Weekly Award Amount,63.91,
Feb-22,Dover,Pension Credit Caseload - 2011 Geographies,2679,
Feb-22,Dover,Mean of Weekly Award Amount,59.12,
Feb-22,Folkestone and Hythe,Pension Credit Caseload - 2011 Geographies,3013,
Feb-22,Folkestone and Hythe,Mean of Weekly Award Amount,67.07,
Feb-22,Gravesham,Pension Credit Caseload - 2011 Geographies,1909,
Feb-22,Gravesham,Mean of Weekly Award Amount,65.29,
Feb-22,Maidstone,Pension Credit Caseload - 2011 Geographies,2677,
Feb-22,Maidstone,Mean of Weekly Award Amount,67.94,
Feb-22,Sevenoaks,Pension Credit Caseload - 2011 Geographies,1684,
Feb-22,Sevenoaks,Mean of Weekly Award Amount,63.55,
Feb-22,Swale,Pension Credit Caseload - 2011 Geographies,3106,
Feb-22,Swale,Mean of Weekly Award Amount,58.63,
Feb-22,Thanet,Pension Credit Caseload - 2011 Geographies,4526,
Feb-22,Thanet,Mean of Weekly Award Amount,61.28,
Feb-22,Tonbridge and Malling,Pension Credit Caseload - 2011 Geographies,1744,
Feb-22,Tonbridge and Malling,Mean of Weekly Award Amount,62.05,
Feb-22,Tunbridge Wells,Pension Credit Caseload - 2011 Geographies,1642,
Feb-22,Tunbridge Wells,Mean of Weekly Award Amount,61.53,
Feb-22,Cherwell,Pension Credit Caseload - 2011 Geographies,1891,
Feb-22,Cherwell,Mean of Weekly Award Amount,60.76,
Feb-22,Oxford,Pension Credit Caseload - 2011 Geographies,1947,
Feb-22,Oxford,Mean of Weekly Award Amount,78.76,
Feb-22,South Oxfordshire,Pension Credit Caseload - 2011 Geographies,1603,
Feb-22,South Oxfordshire,Mean of Weekly Award Amount,58.48,
Feb-22,Vale of White Horse,Pension Credit Caseload - 2011 Geographies,1411,
Feb-22,Vale of White Horse,Mean of Weekly Award Amount,61.15,
Feb-22,West Oxfordshire,Pension Credit Caseload - 2011 Geographies,1386,
Feb-22,West Oxfordshire,Mean of Weekly Award Amount,60.6,
Feb-22,Elmbridge,Pension Credit Caseload - 2011 Geographies,1654,
Feb-22,Elmbridge,Mean of Weekly Award Amount,73.15,
Feb-22,Epsom and Ewell,Pension Credit Caseload - 2011 Geographies,839,
Feb-22,Epsom and Ewell,Mean of Weekly Award Amount,82.1,
Feb-22,Guildford,Pension Credit Caseload - 2011 Geographies,1468,
Feb-22,Guildford,Mean of Weekly Award Amount,64.44,
Feb-22,Mole Valley,Pension Credit Caseload - 2011 Geographies,1085,
Feb-22,Mole Valley,Mean of Weekly Award Amount,65.09,
Feb-22,Reigate and Banstead,Pension Credit Caseload - 2011 Geographies,1612,
Feb-22,Reigate and Banstead,Mean of Weekly Award Amount,70.14,
Feb-22,Runnymede,Pension Credit Caseload - 2011 Geographies,1141,
Feb-22,Runnymede,Mean of Weekly Award Amount,65.27,
Feb-22,Spelthorne,Pension Credit Caseload - 2011 Geographies,1380,
Feb-22,Spelthorne,Mean of Weekly Award Amount,69.95,
Feb-22,Surrey Heath,Pension Credit Caseload - 2011 Geographies,934,
Feb-22,Surrey Heath,Mean of Weekly Award Amount,74.11,
Feb-22,Tandridge,Pension Credit Caseload - 2011 Geographies,1010,
Feb-22,Tandridge,Mean of Weekly Award Amount,66.79,
Feb-22,Waverley,Pension Credit Caseload - 2011 Geographies,1536,
Feb-22,Waverley,Mean of Weekly Award Amount,63.4,
Feb-22,Woking,Pension Credit Caseload - 2011 Geographies,1205,
Feb-22,Woking,Mean of Weekly Award Amount,73.75,
Feb-22,Adur,Pension Credit Caseload - 2011 Geographies,1414,
Feb-22,Adur,Mean of Weekly Award Amount,58.9,
Feb-22,Arun,Pension Credit Caseload - 2011 Geographies,3913,
Feb-22,Arun,Mean of Weekly Award Amount,58.53,
Feb-22,Chichester,Pension Credit Caseload - 2011 Geographies,2231,
Feb-22,Chichester,Mean of Weekly Award Amount,58.51,
Feb-22,Crawley,Pension Credit Caseload - 2011 Geographies,1710,
Feb-22,Crawley,Mean of Weekly Award Amount,80.2,
Feb-22,Horsham,Pension Credit Caseload - 2011 Geographies,1852,
Feb-22,Horsham,Mean of Weekly Award Amount,60.82,
Feb-22,Mid Sussex,Pension Credit Caseload - 2011 Geographies,1749,
Feb-22,Mid Sussex,Mean of Weekly Award Amount,61.79,
Feb-22,Worthing,Pension Credit Caseload - 2011 Geographies,2316,
Feb-22,Worthing,Mean of Weekly Award Amount,59.11,
Feb-22,Bath and North East Somerset,Pension Credit Caseload - 2011 Geographies,2947,
Feb-22,Bath and North East Somerset,Mean of Weekly Award Amount,57.96,
Feb-22,"Bournemouth, Christchurch and Poole",Pension Credit Caseload - 2011 Geographies,9248,
Feb-22,"Bournemouth, Christchurch and Poole",Mean of Weekly Award Amount,60.69,
Feb-22,"Bristol, City of",Pension Credit Caseload - 2011 Geographies,8141,
Feb-22,"Bristol, City of",Mean of Weekly Award Amount,69.15,
Feb-22,Cornwall,Pension Credit Caseload - 2011 Geographies,15816,
Feb-22,Cornwall,Mean of Weekly Award Amount,52.65,
Feb-22,Dorset,Pension Credit Caseload - 2011 Geographies,7848,
Feb-22,Dorset,Mean of Weekly Award Amount,55.33,
Feb-22,Isles of Scilly,Pension Credit Caseload - 2011 Geographies,25,
Feb-22,Isles of Scilly,Mean of Weekly Award Amount,74.39,
Feb-22,North Somerset,Pension Credit Caseload - 2011 Geographies,4266,
Feb-22,North Somerset,Mean of Weekly Award Amount,56.95,
Feb-22,Plymouth,Pension Credit Caseload - 2011 Geographies,6013,
Feb-22,Plymouth,Mean of Weekly Award Amount,58.22,
Feb-22,Somerset,Pension Credit Caseload - 2011 Geographies,11543,
Feb-22,Somerset,Mean of Weekly Award Amount,56.43,
Feb-22,South Gloucestershire,Pension Credit Caseload - 2011 Geographies,3812,
Feb-22,South Gloucestershire,Mean of Weekly Award Amount,58.42,
Feb-22,Swindon,Pension Credit Caseload - 2011 Geographies,3916,
Feb-22,Swindon,Mean of Weekly Award Amount,76.1,
Feb-22,Torbay,Pension Credit Caseload - 2011 Geographies,4912,
Feb-22,Torbay,Mean of Weekly Award Amount,58.39,
Feb-22,Wiltshire,Pension Credit Caseload - 2011 Geographies,7598,
Feb-22,Wiltshire,Mean of Weekly Award Amount,58.23,
Feb-22,East Devon,Pension Credit Caseload - 2011 Geographies,3073,
Feb-22,East Devon,Mean of Weekly Award Amount,53.4,
Feb-22,Exeter,Pension Credit Caseload - 2011 Geographies,2300,
Feb-22,Exeter,Mean of Weekly Award Amount,56.63,
Feb-22,Mid Devon,Pension Credit Caseload - 2011 Geographies,1616,
Feb-22,Mid Devon,Mean of Weekly Award Amount,56.01,
Feb-22,North Devon,Pension Credit Caseload - 2011 Geographies,2392,
Feb-22,North Devon,Mean of Weekly Award Amount,53.89,
Feb-22,South Hams,Pension Credit Caseload - 2011 Geographies,1874,
Feb-22,South Hams,Mean of Weekly Award Amount,57.33,
Feb-22,Teignbridge,Pension Credit Caseload - 2011 Geographies,3197,
Feb-22,Teignbridge,Mean of Weekly Award Amount,55.64,
Feb-22,Torridge,Pension Credit Caseload - 2011 Geographies,1853,
Feb-22,Torridge,Mean of Weekly Award Amount,53.63,
Feb-22,West Devon,Pension Credit Caseload - 2011 Geographies,1271,
Feb-22,West Devon,Mean of Weekly Award Amount,56.87,
Feb-22,Cheltenham,Pension Credit Caseload - 2011 Geographies,1851,
Feb-22,Cheltenham,Mean of Weekly Award Amount,59.06,
Feb-22,Cotswold,Pension Credit Caseload - 2011 Geographies,1485,
Feb-22,Cotswold,Mean of Weekly Award Amount,53.87,
Feb-22,Forest of Dean,Pension Credit Caseload - 2011 Geographies,1888,
Feb-22,Forest of Dean,Mean of Weekly Award Amount,58.49,
Feb-22,Gloucester,Pension Credit Caseload - 2011 Geographies,2294,
Feb-22,Gloucester,Mean of Weekly Award Amount,65.32,
Feb-22,Stroud,Pension Credit Caseload - 2011 Geographies,1895,
Feb-22,Stroud,Mean of Weekly Award Amount,56.16,
Feb-22,Tewkesbury,Pension Credit Caseload - 2011 Geographies,1394,
Feb-22,Tewkesbury,Mean of Weekly Award Amount,58.25,
Feb-22,Total,Pension Credit Caseload - 2011 Geographies,1171282,
Feb-22,Total,Mean of Weekly Award Amount,66.6,
May-22,England,Pension Credit Caseload - 2011 Geographies,1160528,
May-22,England,Mean of Weekly Award Amount,69.08,
May-22,County Durham,Pension Credit Caseload - 2011 Geographies,15015,
May-22,County Durham,Mean of Weekly Award Amount,56.11,
May-22,Darlington,Pension Credit Caseload - 2011 Geographies,2663,
May-22,Darlington,Mean of Weekly Award Amount,60.23,
May-22,Hartlepool,Pension Credit Caseload - 2011 Geographies,3243,
May-22,Hartlepool,Mean of Weekly Award Amount,60.71,
May-22,Middlesbrough,Pension Credit Caseload - 2011 Geographies,4152,
May-22,Middlesbrough,Mean of Weekly Award Amount,62.31,
May-22,Northumberland,Pension Credit Caseload - 2011 Geographies,7305,
May-22,Northumberland,Mean of Weekly Award Amount,53.14,
May-22,Redcar and Cleveland,Pension Credit Caseload - 2011 Geographies,4345,
May-22,Redcar and Cleveland,Mean of Weekly Award Amount,54.47,
May-22,Stockton-on-Tees,Pension Credit Caseload - 2011 Geographies,4633,
May-22,Stockton-on-Tees,Mean of Weekly Award Amount,58.5,
May-22,Gateshead,Pension Credit Caseload - 2011 Geographies,6051,
May-22,Gateshead,Mean of Weekly Award Amount,57.51,
May-22,Newcastle upon Tyne,Pension Credit Caseload - 2011 Geographies,7594,
May-22,Newcastle upon Tyne,Mean of Weekly Award Amount,64.48,
May-22,North Tyneside,Pension Credit Caseload - 2011 Geographies,5396,
May-22,North Tyneside,Mean of Weekly Award Amount,54.35,
May-22,South Tyneside,Pension Credit Caseload - 2011 Geographies,5187,
May-22,South Tyneside,Mean of Weekly Award Amount,55.04,
May-22,Sunderland,Pension Credit Caseload - 2011 Geographies,9516,
May-22,Sunderland,Mean of Weekly Award Amount,56.36,
May-22,Blackburn with Darwen,Pension Credit Caseload - 2011 Geographies,3930,
May-22,Blackburn with Darwen,Mean of Weekly Award Amount,73.05,
May-22,Blackpool,Pension Credit Caseload - 2011 Geographies,5344,
May-22,Blackpool,Mean of Weekly Award Amount,60.75,
May-22,Cheshire East,Pension Credit Caseload - 2011 Geographies,5972,
May-22,Cheshire East,Mean of Weekly Award Amount,57.91,
May-22,Cheshire West and Chester,Pension Credit Caseload - 2011 Geographies,6573,
May-22,Cheshire West and Chester,Mean of Weekly Award Amount,57.53,
May-22,Cumberland,Pension Credit Caseload - 2011 Geographies,5958,
May-22,Cumberland,Mean of Weekly Award Amount,55.7,
May-22,Halton,Pension Credit Caseload - 2011 Geographies,3423,
May-22,Halton,Mean of Weekly Award Amount,61.02,
May-22,Warrington,Pension Credit Caseload - 2011 Geographies,3806,
May-22,Warrington,Mean of Weekly Award Amount,58.57,
May-22,Westmorland and Furness,Pension Credit Caseload - 2011 Geographies,4173,
May-22,Westmorland and Furness,Mean of Weekly Award Amount,57.58,
May-22,Bolton,Pension Credit Caseload - 2011 Geographies,7462,
May-22,Bolton,Mean of Weekly Award Amount,69.11,
May-22,Bury,Pension Credit Caseload - 2011 Geographies,3988,
May-22,Bury,Mean of Weekly Award Amount,64.2,
May-22,Manchester,Pension Credit Caseload - 2011 Geographies,13929,
May-22,Manchester,Mean of Weekly Award Amount,81.72,
May-22,Oldham,Pension Credit Caseload - 2011 Geographies,5576,
May-22,Oldham,Mean of Weekly Award Amount,66.29,
May-22,Rochdale,Pension Credit Caseload - 2011 Geographies,5740,
May-22,Rochdale,Mean of Weekly Award Amount,62.73,
May-22,Salford,Pension Credit Caseload - 2011 Geographies,6363,
May-22,Salford,Mean of Weekly Award Amount,63.2,
May-22,Stockport,Pension Credit Caseload - 2011 Geographies,5803,
May-22,Stockport,Mean of Weekly Award Amount,64.41,
May-22,Tameside,Pension Credit Caseload - 2011 Geographies,5616,
May-22,Tameside,Mean of Weekly Award Amount,58.57,
May-22,Trafford,Pension Credit Caseload - 2011 Geographies,4268,
May-22,Trafford,Mean of Weekly Award Amount,68.19,
May-22,Wigan,Pension Credit Caseload - 2011 Geographies,7658,
May-22,Wigan,Mean of Weekly Award Amount,54.48,
May-22,Burnley,Pension Credit Caseload - 2011 Geographies,2382,
May-22,Burnley,Mean of Weekly Award Amount,61.26,
May-22,Chorley,Pension Credit Caseload - 2011 Geographies,2025,
May-22,Chorley,Mean of Weekly Award Amount,54.82,
May-22,Fylde,Pension Credit Caseload - 2011 Geographies,1941,
May-22,Fylde,Mean of Weekly Award Amount,58.39,
May-22,Hyndburn,Pension Credit Caseload - 2011 Geographies,2116,
May-22,Hyndburn,Mean of Weekly Award Amount,60.65,
May-22,Lancaster,Pension Credit Caseload - 2011 Geographies,3178,
May-22,Lancaster,Mean of Weekly Award Amount,60.21,
May-22,Pendle,Pension Credit Caseload - 2011 Geographies,2440,
May-22,Pendle,Mean of Weekly Award Amount,68.75,
May-22,Preston,Pension Credit Caseload - 2011 Geographies,3138,
May-22,Preston,Mean of Weekly Award Amount,68.26,
May-22,Ribble Valley,Pension Credit Caseload - 2011 Geographies,783,
May-22,Ribble Valley,Mean of Weekly Award Amount,53.47,
May-22,Rossendale,Pension Credit Caseload - 2011 Geographies,1660,
May-22,Rossendale,Mean of Weekly Award Amount,56.74,
May-22,South Ribble,Pension Credit Caseload - 2011 Geographies,1854,
May-22,South Ribble,Mean of Weekly Award Amount,55.32,
May-22,West Lancashire,Pension Credit Caseload - 2011 Geographies,2802,
May-22,West Lancashire,Mean of Weekly Award Amount,56.37,
May-22,Wyre,Pension Credit Caseload - 2011 Geographies,3036,
May-22,Wyre,Mean of Weekly Award Amount,58.94,
May-22,Knowsley,Pension Credit Caseload - 2011 Geographies,5686,
May-22,Knowsley,Mean of Weekly Award Amount,62.41,
May-22,Liverpool,Pension Credit Caseload - 2011 Geographies,17180,
May-22,Liverpool,Mean of Weekly Award Amount,68.01,
May-22,Sefton,Pension Credit Caseload - 2011 Geographies,8517,
May-22,Sefton,Mean of Weekly Award Amount,58.61,
May-22,St. Helens,Pension Credit Caseload - 2011 Geographies,4812,
May-22,St. Helens,Mean of Weekly Award Amount,58.66,
May-22,Wirral,Pension Credit Caseload - 2011 Geographies,9069,
May-22,Wirral,Mean of Weekly Award Amount,62.14,
May-22,East Riding of Yorkshire,Pension Credit Caseload - 2011 Geographies,7878,
May-22,East Riding of Yorkshire,Mean of Weekly Award Amount,53.61,
May-22,"Kingston upon Hull, City of",Pension Credit Caseload - 2011 Geographies,7921,
May-22,"Kingston upon Hull, City of",Mean of Weekly Award Amount,59.05,
May-22,North East Lincolnshire,Pension Credit Caseload - 2011 Geographies,4535,
May-22,North East Lincolnshire,Mean of Weekly Award Amount,56.35,
May-22,North Lincolnshire,Pension Credit Caseload - 2011 Geographies,4003,
May-22,North Lincolnshire,Mean of Weekly Award Amount,56.99,
May-22,North Yorkshire,Pension Credit Caseload - 2011 Geographies,11657,
May-22,North Yorkshire,Mean of Weekly Award Amount,57.24,
May-22,York,Pension Credit Caseload - 2011 Geographies,2811,
May-22,York,Mean of Weekly Award Amount,57.15,
May-22,Barnsley,Pension Credit Caseload - 2011 Geographies,5969,
May-22,Barnsley,Mean of Weekly Award Amount,57.52,
May-22,Doncaster,Pension Credit Caseload - 2011 Geographies,7516,
May-22,Doncaster,Mean of Weekly Award Amount,59.44,
May-22,Rotherham,Pension Credit Caseload - 2011 Geographies,6553,
May-22,Rotherham,Mean of Weekly Award Amount,56.56,
May-22,Sheffield,Pension Credit Caseload - 2011 Geographies,13397,
May-22,Sheffield,Mean of Weekly Award Amount,63.48,
May-22,Bradford,Pension Credit Caseload - 2011 Geographies,12859,
May-22,Bradford,Mean of Weekly Award Amount,68.01,
May-22,Calderdale,Pension Credit Caseload - 2011 Geographies,4474,
May-22,Calderdale,Mean of Weekly Award Amount,57.53,
May-22,Kirklees,Pension Credit Caseload - 2011 Geographies,8830,
May-22,Kirklees,Mean of Weekly Award Amount,61.5,
May-22,Leeds,Pension Credit Caseload - 2011 Geographies,15320,
May-22,Leeds,Mean of Weekly Award Amount,62.85,
May-22,Wakefield,Pension Credit Caseload - 2011 Geographies,7629,
May-22,Wakefield,Mean of Weekly Award Amount,56.23,
May-22,Derby,Pension Credit Caseload - 2011 Geographies,5593,
May-22,Derby,Mean of Weekly Award Amount,70.41,
May-22,Leicester,Pension Credit Caseload - 2011 Geographies,10319,
May-22,Leicester,Mean of Weekly Award Amount,100.94,
May-22,North Northamptonshire,Pension Credit Caseload - 2011 Geographies,6232,
May-22,North Northamptonshire,Mean of Weekly Award Amount,59.35,
May-22,Nottingham,Pension Credit Caseload - 2011 Geographies,7273,
May-22,Nottingham,Mean of Weekly Award Amount,68.83,
May-22,Rutland,Pension Credit Caseload - 2011 Geographies,530,
May-22,Rutland,Mean of Weekly Award Amount,55.05,
May-22,West Northamptonshire,Pension Credit Caseload - 2011 Geographies,6314,
May-22,West Northamptonshire,Mean of Weekly Award Amount,65.44,
May-22,Amber Valley,Pension Credit Caseload - 2011 Geographies,2559,
May-22,Amber Valley,Mean of Weekly Award Amount,56.37,
May-22,Bolsover,Pension Credit Caseload - 2011 Geographies,1946,
May-22,Bolsover,Mean of Weekly Award Amount,57.02,
May-22,Chesterfield,Pension Credit Caseload - 2011 Geographies,2780,
May-22,Chesterfield,Mean of Weekly Award Amount,56.4,
May-22,Derbyshire Dales,Pension Credit Caseload - 2011 Geographies,1174,
May-22,Derbyshire Dales,Mean of Weekly Award Amount,57.73,
May-22,Erewash,Pension Credit Caseload - 2011 Geographies,2347,
May-22,Erewash,Mean of Weekly Award Amount,50.86,
May-22,High Peak,Pension Credit Caseload - 2011 Geographies,1698,
May-22,High Peak,Mean of Weekly Award Amount,56.45,
May-22,North East Derbyshire,Pension Credit Caseload - 2011 Geographies,2397,
May-22,North East Derbyshire,Mean of Weekly Award Amount,55.6,
May-22,South Derbyshire,Pension Credit Caseload - 2011 Geographies,1571,
May-22,South Derbyshire,Mean of Weekly Award Amount,54.65,
May-22,Blaby,Pension Credit Caseload - 2011 Geographies,1597,
May-22,Blaby,Mean of Weekly Award Amount,59.73,
May-22,Charnwood,Pension Credit Caseload - 2011 Geographies,2769,
May-22,Charnwood,Mean of Weekly Award Amount,60.91,
May-22,Harborough,Pension Credit Caseload - 2011 Geographies,1228,
May-22,Harborough,Mean of Weekly Award Amount,58.49,
May-22,Hinckley and Bosworth,Pension Credit Caseload - 2011 Geographies,1825,
May-22,Hinckley and Bosworth,Mean of Weekly Award Amount,51.11,
May-22,Melton,Pension Credit Caseload - 2011 Geographies,765,
May-22,Melton,Mean of Weekly Award Amount,55,
May-22,North West Leicestershire,Pension Credit Caseload - 2011 Geographies,1581,
May-22,North West Leicestershire,Mean of Weekly Award Amount,54.5,
May-22,Oadby and Wigston,Pension Credit Caseload - 2011 Geographies,1081,
May-22,Oadby and Wigston,Mean of Weekly Award Amount,66.07,
May-22,Boston,Pension Credit Caseload - 2011 Geographies,1821,
May-22,Boston,Mean of Weekly Award Amount,66.92,
May-22,East Lindsey,Pension Credit Caseload - 2011 Geographies,4874,
May-22,East Lindsey,Mean of Weekly Award Amount,58.96,
May-22,Lincoln,Pension Credit Caseload - 2011 Geographies,2103,
May-22,Lincoln,Mean of Weekly Award Amount,61.02,
May-22,North Kesteven,Pension Credit Caseload - 2011 Geographies,2192,
May-22,North Kesteven,Mean of Weekly Award Amount,55.56,
May-22,South Holland,Pension Credit Caseload - 2011 Geographies,2148,
May-22,South Holland,Mean of Weekly Award Amount,55.81,
May-22,South Kesteven,Pension Credit Caseload - 2011 Geographies,2430,
May-22,South Kesteven,Mean of Weekly Award Amount,57.57,
May-22,West Lindsey,Pension Credit Caseload - 2011 Geographies,2044,
May-22,West Lindsey,Mean of Weekly Award Amount,54.92,
May-22,Ashfield,Pension Credit Caseload - 2011 Geographies,2749,
May-22,Ashfield,Mean of Weekly Award Amount,54.9,
May-22,Bassetlaw,Pension Credit Caseload - 2011 Geographies,2519,
May-22,Bassetlaw,Mean of Weekly Award Amount,57.07,
May-22,Broxtowe,Pension Credit Caseload - 2011 Geographies,2051,
May-22,Broxtowe,Mean of Weekly Award Amount,56.4,
May-22,Gedling,Pension Credit Caseload - 2011 Geographies,2050,
May-22,Gedling,Mean of Weekly Award Amount,55.4,
May-22,Mansfield,Pension Credit Caseload - 2011 Geographies,2336,
May-22,Mansfield,Mean of Weekly Award Amount,57.46,
May-22,Newark and Sherwood,Pension Credit Caseload - 2011 Geographies,2230,
May-22,Newark and Sherwood,Mean of Weekly Award Amount,57.01,
May-22,Rushcliffe,Pension Credit Caseload - 2011 Geographies,1538,
May-22,Rushcliffe,Mean of Weekly Award Amount,55.58,
May-22,"Herefordshire, County of",Pension Credit Caseload - 2011 Geographies,4014,
May-22,"Herefordshire, County of",Mean of Weekly Award Amount,58.43,
May-22,Shropshire,Pension Credit Caseload - 2011 Geographies,7060,
May-22,Shropshire,Mean of Weekly Award Amount,57.17,
May-22,Stoke-on-Trent,Pension Credit Caseload - 2011 Geographies,6456,
May-22,Stoke-on-Trent,Mean of Weekly Award Amount,57.93,
May-22,Telford and Wrekin,Pension Credit Caseload - 2011 Geographies,4168,
May-22,Telford and Wrekin,Mean of Weekly Award Amount,60.82,
May-22,Cannock Chase,Pension Credit Caseload - 2011 Geographies,2280,
May-22,Cannock Chase,Mean of Weekly Award Amount,52.97,
May-22,East Staffordshire,Pension Credit Caseload - 2011 Geographies,1935,
May-22,East Staffordshire,Mean of Weekly Award Amount,57.45,
May-22,Lichfield,Pension Credit Caseload - 2011 Geographies,1757,
May-22,Lichfield,Mean of Weekly Award Amount,51.85,
May-22,Newcastle-under-Lyme,Pension Credit Caseload - 2011 Geographies,2574,
May-22,Newcastle-under-Lyme,Mean of Weekly Award Amount,55.35,
May-22,South Staffordshire,Pension Credit Caseload - 2011 Geographies,2324,
May-22,South Staffordshire,Mean of Weekly Award Amount,52.84,
May-22,Stafford,Pension Credit Caseload - 2011 Geographies,2064,
May-22,Stafford,Mean of Weekly Award Amount,55.93,
May-22,Staffordshire Moorlands,Pension Credit Caseload - 2011 Geographies,1792,
May-22,Staffordshire Moorlands,Mean of Weekly Award Amount,53.93,
May-22,Tamworth,Pension Credit Caseload - 2011 Geographies,1727,
May-22,Tamworth,Mean of Weekly Award Amount,53.03,
May-22,North Warwickshire,Pension Credit Caseload - 2011 Geographies,1341,
May-22,North Warwickshire,Mean of Weekly Award Amount,54.42,
May-22,Nuneaton and Bedworth,Pension Credit Caseload - 2011 Geographies,2744,
May-22,Nuneaton and Bedworth,Mean of Weekly Award Amount,63.23,
May-22,Rugby,Pension Credit Caseload - 2011 Geographies,1607,
May-22,Rugby,Mean of Weekly Award Amount,63.47,
May-22,Stratford-on-Avon,Pension Credit Caseload - 2011 Geographies,2225,
May-22,Stratford-on-Avon,Mean of Weekly Award Amount,57.39,
May-22,Warwick,Pension Credit Caseload - 2011 Geographies,2038,
May-22,Warwick,Mean of Weekly Award Amount,57.93,
May-22,Birmingham,Pension Credit Caseload - 2011 Geographies,29555,
May-22,Birmingham,Mean of Weekly Award Amount,76.88,
May-22,Coventry,Pension Credit Caseload - 2011 Geographies,7152,
May-22,Coventry,Mean of Weekly Award Amount,70.85,
May-22,Dudley,Pension Credit Caseload - 2011 Geographies,8002,
May-22,Dudley,Mean of Weekly Award Amount,56.33,
May-22,Sandwell,Pension Credit Caseload - 2011 Geographies,9989,
May-22,Sandwell,Mean of Weekly Award Amount,72.26,
May-22,Solihull,Pension Credit Caseload - 2011 Geographies,3934,
May-22,Solihull,Mean of Weekly Award Amount,60.99,
May-22,Walsall,Pension Credit Caseload - 2011 Geographies,7839,
May-22,Walsall,Mean of Weekly Award Amount,62.92,
May-22,Wolverhampton,Pension Credit Caseload - 2011 Geographies,7503,
May-22,Wolverhampton,Mean of Weekly Award Amount,69.89,
May-22,Bromsgrove,Pension Credit Caseload - 2011 Geographies,1546,
May-22,Bromsgrove,Mean of Weekly Award Amount,53.09,
May-22,Malvern Hills,Pension Credit Caseload - 2011 Geographies,1581,
May-22,Malvern Hills,Mean of Weekly Award Amount,59.38,
May-22,Redditch,Pension Credit Caseload - 2011 Geographies,1683,
May-22,Redditch,Mean of Weekly Award Amount,58.24,
May-22,Worcester,Pension Credit Caseload - 2011 Geographies,1784,
May-22,Worcester,Mean of Weekly Award Amount,59.99,
May-22,Wychavon,Pension Credit Caseload - 2011 Geographies,2301,
May-22,Wychavon,Mean of Weekly Award Amount,58.95,
May-22,Wyre Forest,Pension Credit Caseload - 2011 Geographies,2427,
May-22,Wyre Forest,Mean of Weekly Award Amount,54.8,
May-22,Bedford,Pension Credit Caseload - 2011 Geographies,2852,
May-22,Bedford,Mean of Weekly Award Amount,70.4,
May-22,Central Bedfordshire,Pension Credit Caseload - 2011 Geographies,3684,
May-22,Central Bedfordshire,Mean of Weekly Award Amount,58.86,
May-22,Luton,Pension Credit Caseload - 2011 Geographies,4230,
May-22,Luton,Mean of Weekly Award Amount,83.22,
May-22,Peterborough,Pension Credit Caseload - 2011 Geographies,4164,
May-22,Peterborough,Mean of Weekly Award Amount,76.13,
May-22,Southend-on-Sea,Pension Credit Caseload - 2011 Geographies,4288,
May-22,Southend-on-Sea,Mean of Weekly Award Amount,65.31,
May-22,Thurrock,Pension Credit Caseload - 2011 Geographies,2846,
May-22,Thurrock,Mean of Weekly Award Amount,70.57,
May-22,Cambridge,Pension Credit Caseload - 2011 Geographies,1518,
May-22,Cambridge,Mean of Weekly Award Amount,73.65,
May-22,East Cambridgeshire,Pension Credit Caseload - 2011 Geographies,1294,
May-22,East Cambridgeshire,Mean of Weekly Award Amount,61.06,
May-22,Fenland,Pension Credit Caseload - 2011 Geographies,2546,
May-22,Fenland,Mean of Weekly Award Amount,59.93,
May-22,Huntingdonshire,Pension Credit Caseload - 2011 Geographies,2307,
May-22,Huntingdonshire,Mean of Weekly Award Amount,60.23,
May-22,South Cambridgeshire,Pension Credit Caseload - 2011 Geographies,1760,
May-22,South Cambridgeshire,Mean of Weekly Award Amount,67.72,
May-22,Basildon,Pension Credit Caseload - 2011 Geographies,3725,
May-22,Basildon,Mean of Weekly Award Amount,63.3,
May-22,Braintree,Pension Credit Caseload - 2011 Geographies,2668,
May-22,Braintree,Mean of Weekly Award Amount,55.69,
May-22,Brentwood,Pension Credit Caseload - 2011 Geographies,1080,
May-22,Brentwood,Mean of Weekly Award Amount,63.58,
May-22,Castle Point,Pension Credit Caseload - 2011 Geographies,2045,
May-22,Castle Point,Mean of Weekly Award Amount,58.96,
May-22,Chelmsford,Pension Credit Caseload - 2011 Geographies,2373,
May-22,Chelmsford,Mean of Weekly Award Amount,62.65,
May-22,Colchester,Pension Credit Caseload - 2011 Geographies,2893,
May-22,Colchester,Mean of Weekly Award Amount,65.89,
May-22,Epping Forest,Pension Credit Caseload - 2011 Geographies,2472,
May-22,Epping Forest,Mean of Weekly Award Amount,67.93,
May-22,Harlow,Pension Credit Caseload - 2011 Geographies,1665,
May-22,Harlow,Mean of Weekly Award Amount,64.13,
May-22,Maldon,Pension Credit Caseload - 2011 Geographies,1288,
May-22,Maldon,Mean of Weekly Award Amount,57.58,
May-22,Rochford,Pension Credit Caseload - 2011 Geographies,1429,
May-22,Rochford,Mean of Weekly Award Amount,57.8,
May-22,Tendring,Pension Credit Caseload - 2011 Geographies,4901,
May-22,Tendring,Mean of Weekly Award Amount,59.27,
May-22,Uttlesford,Pension Credit Caseload - 2011 Geographies,1099,
May-22,Uttlesford,Mean of Weekly Award Amount,59.19,
May-22,Broxbourne,Pension Credit Caseload - 2011 Geographies,1748,
May-22,Broxbourne,Mean of Weekly Award Amount,69.29,
May-22,Dacorum,Pension Credit Caseload - 2011 Geographies,2014,
May-22,Dacorum,Mean of Weekly Award Amount,65.48,
May-22,East Hertfordshire,Pension Credit Caseload - 2011 Geographies,1774,
May-22,East Hertfordshire,Mean of Weekly Award Amount,64.21,
May-22,Hertsmere,Pension Credit Caseload - 2011 Geographies,1753,
May-22,Hertsmere,Mean of Weekly Award Amount,76.12,
May-22,North Hertfordshire,Pension Credit Caseload - 2011 Geographies,1902,
May-22,North Hertfordshire,Mean of Weekly Award Amount,59.63,
May-22,St Albans,Pension Credit Caseload - 2011 Geographies,1431,
May-22,St Albans,Mean of Weekly Award Amount,70,
May-22,Stevenage,Pension Credit Caseload - 2011 Geographies,1428,
May-22,Stevenage,Mean of Weekly Award Amount,66.44,
May-22,Three Rivers,Pension Credit Caseload - 2011 Geographies,1213,
May-22,Three Rivers,Mean of Weekly Award Amount,73.4,
May-22,Watford,Pension Credit Caseload - 2011 Geographies,1389,
May-22,Watford,Mean of Weekly Award Amount,78,
May-22,Welwyn Hatfield,Pension Credit Caseload - 2011 Geographies,1572,
May-22,Welwyn Hatfield,Mean of Weekly Award Amount,68.38,
May-22,Breckland,Pension Credit Caseload - 2011 Geographies,3013,
May-22,Breckland,Mean of Weekly Award Amount,56.45,
May-22,Broadland,Pension Credit Caseload - 2011 Geographies,2201,
May-22,Broadland,Mean of Weekly Award Amount,52.69,
May-22,Great Yarmouth,Pension Credit Caseload - 2011 Geographies,3256,
May-22,Great Yarmouth,Mean of Weekly Award Amount,55.83,
May-22,King's Lynn and West Norfolk,Pension Credit Caseload - 2011 Geographies,3860,
May-22,King's Lynn and West Norfolk,Mean of Weekly Award Amount,57.64,
May-22,North Norfolk,Pension Credit Caseload - 2011 Geographies,2735,
May-22,North Norfolk,Mean of Weekly Award Amount,52.64,
May-22,Norwich,Pension Credit Caseload - 2011 Geographies,3362,
May-22,Norwich,Mean of Weekly Award Amount,60.89,
May-22,South Norfolk,Pension Credit Caseload - 2011 Geographies,2461,
May-22,South Norfolk,Mean of Weekly Award Amount,57.04,
May-22,Babergh,Pension Credit Caseload - 2011 Geographies,1646,
May-22,Babergh,Mean of Weekly Award Amount,55.83,
May-22,East Suffolk,Pension Credit Caseload - 2011 Geographies,5429,
May-22,East Suffolk,Mean of Weekly Award Amount,55.44,
May-22,Ipswich,Pension Credit Caseload - 2011 Geographies,2739,
May-22,Ipswich,Mean of Weekly Award Amount,68.01,
May-22,Mid Suffolk,Pension Credit Caseload - 2011 Geographies,1665,
May-22,Mid Suffolk,Mean of Weekly Award Amount,58.21,
May-22,West Suffolk,Pension Credit Caseload - 2011 Geographies,2926,
May-22,West Suffolk,Mean of Weekly Award Amount,57.4,
May-22,Camden,Pension Credit Caseload - 2011 Geographies,5986,
May-22,Camden,Mean of Weekly Award Amount,99.98,
May-22,City of London,Pension Credit Caseload - 2011 Geographies,97,
May-22,City of London,Mean of Weekly Award Amount,93.29,
May-22,Hackney,Pension Credit Caseload - 2011 Geographies,7362,
May-22,Hackney,Mean of Weekly Award Amount,102.45,
May-22,Hammersmith and Fulham,Pension Credit Caseload - 2011 Geographies,4443,
May-22,Hammersmith and Fulham,Mean of Weekly Award Amount,100.87,
May-22,Haringey,Pension Credit Caseload - 2011 Geographies,6780,
May-22,Haringey,Mean of Weekly Award Amount,105.24,
May-22,Islington,Pension Credit Caseload - 2011 Geographies,6022,
May-22,Islington,Mean of Weekly Award Amount,93.3,
May-22,Kensington and Chelsea,Pension Credit Caseload - 2011 Geographies,4267,
May-22,Kensington and Chelsea,Mean of Weekly Award Amount,103.03,
May-22,Lambeth,Pension Credit Caseload - 2011 Geographies,7183,
May-22,Lambeth,Mean of Weekly Award Amount,94.18,
May-22,Lewisham,Pension Credit Caseload - 2011 Geographies,5889,
May-22,Lewisham,Mean of Weekly Award Amount,89.43,
May-22,Newham,Pension Credit Caseload - 2011 Geographies,7962,
May-22,Newham,Mean of Weekly Award Amount,107.83,
May-22,Southwark,Pension Credit Caseload - 2011 Geographies,7153,
May-22,Southwark,Mean of Weekly Award Amount,95.39,
May-22,Tower Hamlets,Pension Credit Caseload - 2011 Geographies,7055,
May-22,Tower Hamlets,Mean of Weekly Award Amount,101.31,
May-22,Wandsworth,Pension Credit Caseload - 2011 Geographies,5563,
May-22,Wandsworth,Mean of Weekly Award Amount,95.46,
May-22,Westminster,Pension Credit Caseload - 2011 Geographies,5792,
May-22,Westminster,Mean of Weekly Award Amount,112.8,
May-22,Barking and Dagenham,Pension Credit Caseload - 2011 Geographies,4395,
May-22,Barking and Dagenham,Mean of Weekly Award Amount,91.92,
May-22,Barnet,Pension Credit Caseload - 2011 Geographies,7681,
May-22,Barnet,Mean of Weekly Award Amount,106.04,
May-22,Bexley,Pension Credit Caseload - 2011 Geographies,3837,
May-22,Bexley,Mean of Weekly Award Amount,75.05,
May-22,Brent,Pension Credit Caseload - 2011 Geographies,8860,
May-22,Brent,Mean of Weekly Award Amount,114.14,
May-22,Bromley,Pension Credit Caseload - 2011 Geographies,4880,
May-22,Bromley,Mean of Weekly Award Amount,77.14,
May-22,Croydon,Pension Credit Caseload - 2011 Geographies,6969,
May-22,Croydon,Mean of Weekly Award Amount,91.48,
May-22,Ealing,Pension Credit Caseload - 2011 Geographies,8486,
May-22,Ealing,Mean of Weekly Award Amount,120.07,
May-22,Enfield,Pension Credit Caseload - 2011 Geographies,7799,
May-22,Enfield,Mean of Weekly Award Amount,98.8,
May-22,Greenwich,Pension Credit Caseload - 2011 Geographies,6012,
May-22,Greenwich,Mean of Weekly Award Amount,97.03,
May-22,Harrow,Pension Credit Caseload - 2011 Geographies,5684,
May-22,Harrow,Mean of Weekly Award Amount,123.81,
May-22,Havering,Pension Credit Caseload - 2011 Geographies,4351,
May-22,Havering,Mean of Weekly Award Amount,71.86,
May-22,Hillingdon,Pension Credit Caseload - 2011 Geographies,5172,
May-22,Hillingdon,Mean of Weekly Award Amount,107.71,
May-22,Hounslow,Pension Credit Caseload - 2011 Geographies,5771,
May-22,Hounslow,Mean of Weekly Award Amount,114.29,
May-22,Kingston upon Thames,Pension Credit Caseload - 2011 Geographies,2351,
May-22,Kingston upon Thames,Mean of Weekly Award Amount,104.63,
May-22,Merton,Pension Credit Caseload - 2011 Geographies,3402,
May-22,Merton,Mean of Weekly Award Amount,99.2,
May-22,Redbridge,Pension Credit Caseload - 2011 Geographies,6190,
May-22,Redbridge,Mean of Weekly Award Amount,102.79,
May-22,Richmond upon Thames,Pension Credit Caseload - 2011 Geographies,2596,
May-22,Richmond upon Thames,Mean of Weekly Award Amount,88.54,
May-22,Sutton,Pension Credit Caseload - 2011 Geographies,3096,
May-22,Sutton,Mean of Weekly Award Amount,87.32,
May-22,Waltham Forest,Pension Credit Caseload - 2011 Geographies,5643,
May-22,Waltham Forest,Mean of Weekly Award Amount,91.94,
May-22,Bracknell Forest,Pension Credit Caseload - 2011 Geographies,1486,
May-22,Bracknell Forest,Mean of Weekly Award Amount,76.65,
May-22,Brighton and Hove,Pension Credit Caseload - 2011 Geographies,5856,
May-22,Brighton and Hove,Mean of Weekly Award Amount,73.23,
May-22,Buckinghamshire,Pension Credit Caseload - 2011 Geographies,6385,
May-22,Buckinghamshire,Mean of Weekly Award Amount,69.27,
May-22,Isle of Wight,Pension Credit Caseload - 2011 Geographies,4102,
May-22,Isle of Wight,Mean of Weekly Award Amount,57.81,
May-22,Medway,Pension Credit Caseload - 2011 Geographies,4847,
May-22,Medway,Mean of Weekly Award Amount,64.05,
May-22,Milton Keynes,Pension Credit Caseload - 2011 Geographies,4063,
May-22,Milton Keynes,Mean of Weekly Award Amount,73.65,
May-22,Portsmouth,Pension Credit Caseload - 2011 Geographies,4290,
May-22,Portsmouth,Mean of Weekly Award Amount,66.36,
May-22,Reading,Pension Credit Caseload - 2011 Geographies,2848,
May-22,Reading,Mean of Weekly Award Amount,97.01,
May-22,Slough,Pension Credit Caseload - 2011 Geographies,2722,
May-22,Slough,Mean of Weekly Award Amount,97.44,
May-22,Southampton,Pension Credit Caseload - 2011 Geographies,4783,
May-22,Southampton,Mean of Weekly Award Amount,70.36,
May-22,West Berkshire,Pension Credit Caseload - 2011 Geographies,1933,
May-22,West Berkshire,Mean of Weekly Award Amount,60.78,
May-22,Windsor and Maidenhead,Pension Credit Caseload - 2011 Geographies,1864,
May-22,Windsor and Maidenhead,Mean of Weekly Award Amount,72.55,
May-22,Wokingham,Pension Credit Caseload - 2011 Geographies,1395,
May-22,Wokingham,Mean of Weekly Award Amount,66.94,
May-22,Eastbourne,Pension Credit Caseload - 2011 Geographies,2695,
May-22,Eastbourne,Mean of Weekly Award Amount,67.18,
May-22,Hastings,Pension Credit Caseload - 2011 Geographies,2937,
May-22,Hastings,Mean of Weekly Award Amount,66.98,
May-22,Lewes,Pension Credit Caseload - 2011 Geographies,2165,
May-22,Lewes,Mean of Weekly Award Amount,62.51,
May-22,Rother,Pension Credit Caseload - 2011 Geographies,2528,
May-22,Rother,Mean of Weekly Award Amount,61.64,
May-22,Wealden,Pension Credit Caseload - 2011 Geographies,2761,
May-22,Wealden,Mean of Weekly Award Amount,58.73,
May-22,Basingstoke and Deane,Pension Credit Caseload - 2011 Geographies,2085,
May-22,Basingstoke and Deane,Mean of Weekly Award Amount,72.5,
May-22,East Hampshire,Pension Credit Caseload - 2011 Geographies,1584,
May-22,East Hampshire,Mean of Weekly Award Amount,62.68,
May-22,Eastleigh,Pension Credit Caseload - 2011 Geographies,1680,
May-22,Eastleigh,Mean of Weekly Award Amount,59.62,
May-22,Fareham,Pension Credit Caseload - 2011 Geographies,1526,
May-22,Fareham,Mean of Weekly Award Amount,55.5,
May-22,Gosport,Pension Credit Caseload - 2011 Geographies,1526,
May-22,Gosport,Mean of Weekly Award Amount,57.12,
May-22,Hart,Pension Credit Caseload - 2011 Geographies,855,
May-22,Hart,Mean of Weekly Award Amount,66.17,
May-22,Havant,Pension Credit Caseload - 2011 Geographies,2848,
May-22,Havant,Mean of Weekly Award Amount,58.33,
May-22,New Forest,Pension Credit Caseload - 2011 Geographies,3147,
May-22,New Forest,Mean of Weekly Award Amount,58.72,
May-22,Rushmoor,Pension Credit Caseload - 2011 Geographies,2334,
May-22,Rushmoor,Mean of Weekly Award Amount,126.13,
May-22,Test Valley,Pension Credit Caseload - 2011 Geographies,1649,
May-22,Test Valley,Mean of Weekly Award Amount,62.39,
May-22,Winchester,Pension Credit Caseload - 2011 Geographies,1613,
May-22,Winchester,Mean of Weekly Award Amount,62.97,
May-22,Ashford,Pension Credit Caseload - 2011 Geographies,2451,
May-22,Ashford,Mean of Weekly Award Amount,82.58,
May-22,Canterbury,Pension Credit Caseload - 2011 Geographies,3076,
May-22,Canterbury,Mean of Weekly Award Amount,63.65,
May-22,Dartford,Pension Credit Caseload - 2011 Geographies,1389,
May-22,Dartford,Mean of Weekly Award Amount,66.16,
May-22,Dover,Pension Credit Caseload - 2011 Geographies,2641,
May-22,Dover,Mean of Weekly Award Amount,61.3,
May-22,Folkestone and Hythe,Pension Credit Caseload - 2011 Geographies,2991,
May-22,Folkestone and Hythe,Mean of Weekly Award Amount,69.29,
May-22,Gravesham,Pension Credit Caseload - 2011 Geographies,1887,
May-22,Gravesham,Mean of Weekly Award Amount,68.52,
May-22,Maidstone,Pension Credit Caseload - 2011 Geographies,2691,
May-22,Maidstone,Mean of Weekly Award Amount,70.26,
May-22,Sevenoaks,Pension Credit Caseload - 2011 Geographies,1680,
May-22,Sevenoaks,Mean of Weekly Award Amount,66.26,
May-22,Swale,Pension Credit Caseload - 2011 Geographies,3077,
May-22,Swale,Mean of Weekly Award Amount,60.98,
May-22,Thanet,Pension Credit Caseload - 2011 Geographies,4491,
May-22,Thanet,Mean of Weekly Award Amount,63.46,
May-22,Tonbridge and Malling,Pension Credit Caseload - 2011 Geographies,1726,
May-22,Tonbridge and Malling,Mean of Weekly Award Amount,64.22,
May-22,Tunbridge Wells,Pension Credit Caseload - 2011 Geographies,1634,
May-22,Tunbridge Wells,Mean of Weekly Award Amount,64.12,
May-22,Cherwell,Pension Credit Caseload - 2011 Geographies,1882,
May-22,Cherwell,Mean of Weekly Award Amount,62.71,
May-22,Oxford,Pension Credit Caseload - 2011 Geographies,1921,
May-22,Oxford,Mean of Weekly Award Amount,82.04,
May-22,South Oxfordshire,Pension Credit Caseload - 2011 Geographies,1590,
May-22,South Oxfordshire,Mean of Weekly Award Amount,60.58,
May-22,Vale of White Horse,Pension Credit Caseload - 2011 Geographies,1400,
May-22,Vale of White Horse,Mean of Weekly Award Amount,64.26,
May-22,West Oxfordshire,Pension Credit Caseload - 2011 Geographies,1365,
May-22,West Oxfordshire,Mean of Weekly Award Amount,62.77,
May-22,Elmbridge,Pension Credit Caseload - 2011 Geographies,1640,
May-22,Elmbridge,Mean of Weekly Award Amount,76.73,
May-22,Epsom and Ewell,Pension Credit Caseload - 2011 Geographies,834,
May-22,Epsom and Ewell,Mean of Weekly Award Amount,85.11,
May-22,Guildford,Pension Credit Caseload - 2011 Geographies,1457,
May-22,Guildford,Mean of Weekly Award Amount,67.07,
May-22,Mole Valley,Pension Credit Caseload - 2011 Geographies,1063,
May-22,Mole Valley,Mean of Weekly Award Amount,68.94,
May-22,Reigate and Banstead,Pension Credit Caseload - 2011 Geographies,1618,
May-22,Reigate and Banstead,Mean of Weekly Award Amount,74.05,
May-22,Runnymede,Pension Credit Caseload - 2011 Geographies,1128,
May-22,Runnymede,Mean of Weekly Award Amount,67.73,
May-22,Spelthorne,Pension Credit Caseload - 2011 Geographies,1365,
May-22,Spelthorne,Mean of Weekly Award Amount,73.54,
May-22,Surrey Heath,Pension Credit Caseload - 2011 Geographies,941,
May-22,Surrey Heath,Mean of Weekly Award Amount,76.66,
May-22,Tandridge,Pension Credit Caseload - 2011 Geographies,1021,
May-22,Tandridge,Mean of Weekly Award Amount,69.09,
May-22,Waverley,Pension Credit Caseload - 2011 Geographies,1512,
May-22,Waverley,Mean of Weekly Award Amount,66.34,
May-22,Woking,Pension Credit Caseload - 2011 Geographies,1193,
May-22,Woking,Mean of Weekly Award Amount,77.5,
May-22,Adur,Pension Credit Caseload - 2011 Geographies,1401,
May-22,Adur,Mean of Weekly Award Amount,61.16,
May-22,Arun,Pension Credit Caseload - 2011 Geographies,3873,
May-22,Arun,Mean of Weekly Award Amount,60.55,
May-22,Chichester,Pension Credit Caseload - 2011 Geographies,2229,
May-22,Chichester,Mean of Weekly Award Amount,60.45,
May-22,Crawley,Pension Credit Caseload - 2011 Geographies,1703,
May-22,Crawley,Mean of Weekly Award Amount,83.14,
May-22,Horsham,Pension Credit Caseload - 2011 Geographies,1836,
May-22,Horsham,Mean of Weekly Award Amount,62.61,
May-22,Mid Sussex,Pension Credit Caseload - 2011 Geographies,1734,
May-22,Mid Sussex,Mean of Weekly Award Amount,64.33,
May-22,Worthing,Pension Credit Caseload - 2011 Geographies,2286,
May-22,Worthing,Mean of Weekly Award Amount,61.3,
May-22,Bath and North East Somerset,Pension Credit Caseload - 2011 Geographies,2905,
May-22,Bath and North East Somerset,Mean of Weekly Award Amount,60.02,
May-22,"Bournemouth, Christchurch and Poole",Pension Credit Caseload - 2011 Geographies,9166,
May-22,"Bournemouth, Christchurch and Poole",Mean of Weekly Award Amount,62.99,
May-22,"Bristol, City of",Pension Credit Caseload - 2011 Geographies,8030,
May-22,"Bristol, City of",Mean of Weekly Award Amount,71.63,
May-22,Cornwall,Pension Credit Caseload - 2011 Geographies,15587,
May-22,Cornwall,Mean of Weekly Award Amount,54.51,
May-22,Dorset,Pension Credit Caseload - 2011 Geographies,7776,
May-22,Dorset,Mean of Weekly Award Amount,57.05,
May-22,Isles of Scilly,Pension Credit Caseload - 2011 Geographies,25,
May-22,Isles of Scilly,Mean of Weekly Award Amount,73.43,
May-22,North Somerset,Pension Credit Caseload - 2011 Geographies,4234,
May-22,North Somerset,Mean of Weekly Award Amount,58.85,
May-22,Plymouth,Pension Credit Caseload - 2011 Geographies,5952,
May-22,Plymouth,Mean of Weekly Award Amount,60.24,
May-22,Somerset,Pension Credit Caseload - 2011 Geographies,11455,
May-22,Somerset,Mean of Weekly Award Amount,58.3,
May-22,South Gloucestershire,Pension Credit Caseload - 2011 Geographies,3766,
May-22,South Gloucestershire,Mean of Weekly Award Amount,60.54,
May-22,Swindon,Pension Credit Caseload - 2011 Geographies,3874,
May-22,Swindon,Mean of Weekly Award Amount,79.31,
May-22,Torbay,Pension Credit Caseload - 2011 Geographies,4864,
May-22,Torbay,Mean of Weekly Award Amount,60.71,
May-22,Wiltshire,Pension Credit Caseload - 2011 Geographies,7529,
May-22,Wiltshire,Mean of Weekly Award Amount,60.65,
May-22,East Devon,Pension Credit Caseload - 2011 Geographies,3064,
May-22,East Devon,Mean of Weekly Award Amount,55.35,
May-22,Exeter,Pension Credit Caseload - 2011 Geographies,2260,
May-22,Exeter,Mean of Weekly Award Amount,58.28,
May-22,Mid Devon,Pension Credit Caseload - 2011 Geographies,1595,
May-22,Mid Devon,Mean of Weekly Award Amount,57.87,
May-22,North Devon,Pension Credit Caseload - 2011 Geographies,2367,
May-22,North Devon,Mean of Weekly Award Amount,55.59,
May-22,South Hams,Pension Credit Caseload - 2011 Geographies,1864,
May-22,South Hams,Mean of Weekly Award Amount,59.6,
May-22,Teignbridge,Pension Credit Caseload - 2011 Geographies,3173,
May-22,Teignbridge,Mean of Weekly Award Amount,57.31,
May-22,Torridge,Pension Credit Caseload - 2011 Geographies,1817,
May-22,Torridge,Mean of Weekly Award Amount,55.36,
May-22,West Devon,Pension Credit Caseload - 2011 Geographies,1252,
May-22,West Devon,Mean of Weekly Award Amount,58.62,
May-22,Cheltenham,Pension Credit Caseload - 2011 Geographies,1815,
May-22,Cheltenham,Mean of Weekly Award Amount,61.51,
May-22,Cotswold,Pension Credit Caseload - 2011 Geographies,1467,
May-22,Cotswold,Mean of Weekly Award Amount,55.54,
May-22,Forest of Dean,Pension Credit Caseload - 2011 Geographies,1873,
May-22,Forest of Dean,Mean of Weekly Award Amount,60.94,
May-22,Gloucester,Pension Credit Caseload - 2011 Geographies,2267,
May-22,Gloucester,Mean of Weekly Award Amount,67.79,
May-22,Stroud,Pension Credit Caseload - 2011 Geographies,1855,
May-22,Stroud,Mean of Weekly Award Amount,58.18,
May-22,Tewkesbury,Pension Credit Caseload - 2011 Geographies,1383,
May-22,Tewkesbury,Mean of Weekly Award Amount,60.58,
May-22,Total,Pension Credit Caseload - 2011 Geographies,1160528,
May-22,Total,Mean of Weekly Award Amount,69.08,
Aug-22,England,Pension Credit Caseload - 2011 Geographies,1165926,
Aug-22,England,Mean of Weekly Award Amount,69,
Aug-22,County Durham,Pension Credit Caseload - 2011 Geographies,15134,
Aug-22,County Durham,Mean of Weekly Award Amount,56.16,
Aug-22,Darlington,Pension Credit Caseload - 2011 Geographies,2664,
Aug-22,Darlington,Mean of Weekly Award Amount,60.18,
Aug-22,Hartlepool,Pension Credit Caseload - 2011 Geographies,3257,
Aug-22,Hartlepool,Mean of Weekly Award Amount,59.89,
Aug-22,Middlesbrough,Pension Credit Caseload - 2011 Geographies,4160,
Aug-22,Middlesbrough,Mean of Weekly Award Amount,62.28,
Aug-22,Northumberland,Pension Credit Caseload - 2011 Geographies,7354,
Aug-22,Northumberland,Mean of Weekly Award Amount,53.11,
Aug-22,Redcar and Cleveland,Pension Credit Caseload - 2011 Geographies,4414,
Aug-22,Redcar and Cleveland,Mean of Weekly Award Amount,54.36,
Aug-22,Stockton-on-Tees,Pension Credit Caseload - 2011 Geographies,4652,
Aug-22,Stockton-on-Tees,Mean of Weekly Award Amount,58.38,
Aug-22,Gateshead,Pension Credit Caseload - 2011 Geographies,6040,
Aug-22,Gateshead,Mean of Weekly Award Amount,57.49,
Aug-22,Newcastle upon Tyne,Pension Credit Caseload - 2011 Geographies,7647,
Aug-22,Newcastle upon Tyne,Mean of Weekly Award Amount,64.54,
Aug-22,North Tyneside,Pension Credit Caseload - 2011 Geographies,5431,
Aug-22,North Tyneside,Mean of Weekly Award Amount,54.15,
Aug-22,South Tyneside,Pension Credit Caseload - 2011 Geographies,5183,
Aug-22,South Tyneside,Mean of Weekly Award Amount,55.06,
Aug-22,Sunderland,Pension Credit Caseload - 2011 Geographies,9527,
Aug-22,Sunderland,Mean of Weekly Award Amount,56.41,
Aug-22,Blackburn with Darwen,Pension Credit Caseload - 2011 Geographies,3930,
Aug-22,Blackburn with Darwen,Mean of Weekly Award Amount,72.82,
Aug-22,Blackpool,Pension Credit Caseload - 2011 Geographies,5356,
Aug-22,Blackpool,Mean of Weekly Award Amount,60.08,
Aug-22,Cheshire East,Pension Credit Caseload - 2011 Geographies,5986,
Aug-22,Cheshire East,Mean of Weekly Award Amount,58.36,
Aug-22,Cheshire West and Chester,Pension Credit Caseload - 2011 Geographies,6637,
Aug-22,Cheshire West and Chester,Mean of Weekly Award Amount,57.52,
Aug-22,Cumberland,Pension Credit Caseload - 2011 Geographies,5992,
Aug-22,Cumberland,Mean of Weekly Award Amount,55.35,
Aug-22,Halton,Pension Credit Caseload - 2011 Geographies,3423,
Aug-22,Halton,Mean of Weekly Award Amount,60.62,
Aug-22,Warrington,Pension Credit Caseload - 2011 Geographies,3805,
Aug-22,Warrington,Mean of Weekly Award Amount,58.85,
Aug-22,Westmorland and Furness,Pension Credit Caseload - 2011 Geographies,4188,
Aug-22,Westmorland and Furness,Mean of Weekly Award Amount,56.94,
Aug-22,Bolton,Pension Credit Caseload - 2011 Geographies,7474,
Aug-22,Bolton,Mean of Weekly Award Amount,69.05,
Aug-22,Bury,Pension Credit Caseload - 2011 Geographies,4023,
Aug-22,Bury,Mean of Weekly Award Amount,63.81,
Aug-22,Manchester,Pension Credit Caseload - 2011 Geographies,13961,
Aug-22,Manchester,Mean of Weekly Award Amount,81.77,
Aug-22,Oldham,Pension Credit Caseload - 2011 Geographies,5587,
Aug-22,Oldham,Mean of Weekly Award Amount,66.24,
Aug-22,Rochdale,Pension Credit Caseload - 2011 Geographies,5774,
Aug-22,Rochdale,Mean of Weekly Award Amount,62.72,
Aug-22,Salford,Pension Credit Caseload - 2011 Geographies,6346,
Aug-22,Salford,Mean of Weekly Award Amount,63.33,
Aug-22,Stockport,Pension Credit Caseload - 2011 Geographies,5800,
Aug-22,Stockport,Mean of Weekly Award Amount,64.14,
Aug-22,Tameside,Pension Credit Caseload - 2011 Geographies,5642,
Aug-22,Tameside,Mean of Weekly Award Amount,58.65,
Aug-22,Trafford,Pension Credit Caseload - 2011 Geographies,4276,
Aug-22,Trafford,Mean of Weekly Award Amount,67.93,
Aug-22,Wigan,Pension Credit Caseload - 2011 Geographies,7674,
Aug-22,Wigan,Mean of Weekly Award Amount,54.18,
Aug-22,Burnley,Pension Credit Caseload - 2011 Geographies,2392,
Aug-22,Burnley,Mean of Weekly Award Amount,61.55,
Aug-22,Chorley,Pension Credit Caseload - 2011 Geographies,2023,
Aug-22,Chorley,Mean of Weekly Award Amount,54.42,
Aug-22,Fylde,Pension Credit Caseload - 2011 Geographies,1944,
Aug-22,Fylde,Mean of Weekly Award Amount,58.63,
Aug-22,Hyndburn,Pension Credit Caseload - 2011 Geographies,2124,
Aug-22,Hyndburn,Mean of Weekly Award Amount,60.61,
Aug-22,Lancaster,Pension Credit Caseload - 2011 Geographies,3165,
Aug-22,Lancaster,Mean of Weekly Award Amount,59.65,
Aug-22,Pendle,Pension Credit Caseload - 2011 Geographies,2459,
Aug-22,Pendle,Mean of Weekly Award Amount,68.91,
Aug-22,Preston,Pension Credit Caseload - 2011 Geographies,3157,
Aug-22,Preston,Mean of Weekly Award Amount,67.3,
Aug-22,Ribble Valley,Pension Credit Caseload - 2011 Geographies,777,
Aug-22,Ribble Valley,Mean of Weekly Award Amount,53.59,
Aug-22,Rossendale,Pension Credit Caseload - 2011 Geographies,1661,
Aug-22,Rossendale,Mean of Weekly Award Amount,56.24,
Aug-22,South Ribble,Pension Credit Caseload - 2011 Geographies,1853,
Aug-22,South Ribble,Mean of Weekly Award Amount,54.79,
Aug-22,West Lancashire,Pension Credit Caseload - 2011 Geographies,2828,
Aug-22,West Lancashire,Mean of Weekly Award Amount,56.51,
Aug-22,Wyre,Pension Credit Caseload - 2011 Geographies,3056,
Aug-22,Wyre,Mean of Weekly Award Amount,58.65,
Aug-22,Knowsley,Pension Credit Caseload - 2011 Geographies,5701,
Aug-22,Knowsley,Mean of Weekly Award Amount,62.25,
Aug-22,Liverpool,Pension Credit Caseload - 2011 Geographies,17241,
Aug-22,Liverpool,Mean of Weekly Award Amount,67.78,
Aug-22,Sefton,Pension Credit Caseload - 2011 Geographies,8542,
Aug-22,Sefton,Mean of Weekly Award Amount,58.47,
Aug-22,St. Helens,Pension Credit Caseload - 2011 Geographies,4804,
Aug-22,St. Helens,Mean of Weekly Award Amount,58.51,
Aug-22,Wirral,Pension Credit Caseload - 2011 Geographies,9130,
Aug-22,Wirral,Mean of Weekly Award Amount,61.78,
Aug-22,East Riding of Yorkshire,Pension Credit Caseload - 2011 Geographies,7916,
Aug-22,East Riding of Yorkshire,Mean of Weekly Award Amount,53.5,
Aug-22,"Kingston upon Hull, City of",Pension Credit Caseload - 2011 Geographies,7949,
Aug-22,"Kingston upon Hull, City of",Mean of Weekly Award Amount,58.81,
Aug-22,North East Lincolnshire,Pension Credit Caseload - 2011 Geographies,4542,
Aug-22,North East Lincolnshire,Mean of Weekly Award Amount,56.3,
Aug-22,North Lincolnshire,Pension Credit Caseload - 2011 Geographies,4023,
Aug-22,North Lincolnshire,Mean of Weekly Award Amount,56.6,
Aug-22,North Yorkshire,Pension Credit Caseload - 2011 Geographies,11722,
Aug-22,North Yorkshire,Mean of Weekly Award Amount,56.99,
Aug-22,York,Pension Credit Caseload - 2011 Geographies,2828,
Aug-22,York,Mean of Weekly Award Amount,57.29,
Aug-22,Barnsley,Pension Credit Caseload - 2011 Geographies,5989,
Aug-22,Barnsley,Mean of Weekly Award Amount,57.34,
Aug-22,Doncaster,Pension Credit Caseload - 2011 Geographies,7534,
Aug-22,Doncaster,Mean of Weekly Award Amount,59.47,
Aug-22,Rotherham,Pension Credit Caseload - 2011 Geographies,6577,
Aug-22,Rotherham,Mean of Weekly Award Amount,56.3,
Aug-22,Sheffield,Pension Credit Caseload - 2011 Geographies,13353,
Aug-22,Sheffield,Mean of Weekly Award Amount,63.54,
Aug-22,Bradford,Pension Credit Caseload - 2011 Geographies,12858,
Aug-22,Bradford,Mean of Weekly Award Amount,68.01,
Aug-22,Calderdale,Pension Credit Caseload - 2011 Geographies,4505,
Aug-22,Calderdale,Mean of Weekly Award Amount,57.28,
Aug-22,Kirklees,Pension Credit Caseload - 2011 Geographies,8846,
Aug-22,Kirklees,Mean of Weekly Award Amount,61.19,
Aug-22,Leeds,Pension Credit Caseload - 2011 Geographies,15325,
Aug-22,Leeds,Mean of Weekly Award Amount,62.84,
Aug-22,Wakefield,Pension Credit Caseload - 2011 Geographies,7671,
Aug-22,Wakefield,Mean of Weekly Award Amount,56.14,
Aug-22,Derby,Pension Credit Caseload - 2011 Geographies,5600,
Aug-22,Derby,Mean of Weekly Award Amount,70.77,
Aug-22,Leicester,Pension Credit Caseload - 2011 Geographies,10280,
Aug-22,Leicester,Mean of Weekly Award Amount,101.21,
Aug-22,North Northamptonshire,Pension Credit Caseload - 2011 Geographies,6239,
Aug-22,North Northamptonshire,Mean of Weekly Award Amount,59.01,
Aug-22,Nottingham,Pension Credit Caseload - 2011 Geographies,7302,
Aug-22,Nottingham,Mean of Weekly Award Amount,68.59,
Aug-22,Rutland,Pension Credit Caseload - 2011 Geographies,532,
Aug-22,Rutland,Mean of Weekly Award Amount,54.44,
Aug-22,West Northamptonshire,Pension Credit Caseload - 2011 Geographies,6393,
Aug-22,West Northamptonshire,Mean of Weekly Award Amount,65.38,
Aug-22,Amber Valley,Pension Credit Caseload - 2011 Geographies,2585,
Aug-22,Amber Valley,Mean of Weekly Award Amount,56.59,
Aug-22,Bolsover,Pension Credit Caseload - 2011 Geographies,1951,
Aug-22,Bolsover,Mean of Weekly Award Amount,57.25,
Aug-22,Chesterfield,Pension Credit Caseload - 2011 Geographies,2755,
Aug-22,Chesterfield,Mean of Weekly Award Amount,56.54,
Aug-22,Derbyshire Dales,Pension Credit Caseload - 2011 Geographies,1173,
Aug-22,Derbyshire Dales,Mean of Weekly Award Amount,57.77,
Aug-22,Erewash,Pension Credit Caseload - 2011 Geographies,2353,
Aug-22,Erewash,Mean of Weekly Award Amount,50.57,
Aug-22,High Peak,Pension Credit Caseload - 2011 Geographies,1698,
Aug-22,High Peak,Mean of Weekly Award Amount,56.18,
Aug-22,North East Derbyshire,Pension Credit Caseload - 2011 Geographies,2406,
Aug-22,North East Derbyshire,Mean of Weekly Award Amount,55.32,
Aug-22,South Derbyshire,Pension Credit Caseload - 2011 Geographies,1626,
Aug-22,South Derbyshire,Mean of Weekly Award Amount,54.44,
Aug-22,Blaby,Pension Credit Caseload - 2011 Geographies,1614,
Aug-22,Blaby,Mean of Weekly Award Amount,60.13,
Aug-22,Charnwood,Pension Credit Caseload - 2011 Geographies,2789,
Aug-22,Charnwood,Mean of Weekly Award Amount,61.2,
Aug-22,Harborough,Pension Credit Caseload - 2011 Geographies,1235,
Aug-22,Harborough,Mean of Weekly Award Amount,58.02,
Aug-22,Hinckley and Bosworth,Pension Credit Caseload - 2011 Geographies,1849,
Aug-22,Hinckley and Bosworth,Mean of Weekly Award Amount,51.31,
Aug-22,Melton,Pension Credit Caseload - 2011 Geographies,774,
Aug-22,Melton,Mean of Weekly Award Amount,54.52,
Aug-22,North West Leicestershire,Pension Credit Caseload - 2011 Geographies,1589,
Aug-22,North West Leicestershire,Mean of Weekly Award Amount,53.97,
Aug-22,Oadby and Wigston,Pension Credit Caseload - 2011 Geographies,1077,
Aug-22,Oadby and Wigston,Mean of Weekly Award Amount,65.64,
Aug-22,Boston,Pension Credit Caseload - 2011 Geographies,1822,
Aug-22,Boston,Mean of Weekly Award Amount,66.86,
Aug-22,East Lindsey,Pension Credit Caseload - 2011 Geographies,4879,
Aug-22,East Lindsey,Mean of Weekly Award Amount,58.56,
Aug-22,Lincoln,Pension Credit Caseload - 2011 Geographies,2112,
Aug-22,Lincoln,Mean of Weekly Award Amount,61.32,
Aug-22,North Kesteven,Pension Credit Caseload - 2011 Geographies,2200,
Aug-22,North Kesteven,Mean of Weekly Award Amount,56.22,
Aug-22,South Holland,Pension Credit Caseload - 2011 Geographies,2172,
Aug-22,South Holland,Mean of Weekly Award Amount,55.55,
Aug-22,South Kesteven,Pension Credit Caseload - 2011 Geographies,2452,
Aug-22,South Kesteven,Mean of Weekly Award Amount,57.58,
Aug-22,West Lindsey,Pension Credit Caseload - 2011 Geographies,2019,
Aug-22,West Lindsey,Mean of Weekly Award Amount,54.71,
Aug-22,Ashfield,Pension Credit Caseload - 2011 Geographies,2768,
Aug-22,Ashfield,Mean of Weekly Award Amount,54.43,
Aug-22,Bassetlaw,Pension Credit Caseload - 2011 Geographies,2522,
Aug-22,Bassetlaw,Mean of Weekly Award Amount,57.24,
Aug-22,Broxtowe,Pension Credit Caseload - 2011 Geographies,2047,
Aug-22,Broxtowe,Mean of Weekly Award Amount,56.52,
Aug-22,Gedling,Pension Credit Caseload - 2011 Geographies,2050,
Aug-22,Gedling,Mean of Weekly Award Amount,55.71,
Aug-22,Mansfield,Pension Credit Caseload - 2011 Geographies,2350,
Aug-22,Mansfield,Mean of Weekly Award Amount,56.92,
Aug-22,Newark and Sherwood,Pension Credit Caseload - 2011 Geographies,2254,
Aug-22,Newark and Sherwood,Mean of Weekly Award Amount,57.22,
Aug-22,Rushcliffe,Pension Credit Caseload - 2011 Geographies,1552,
Aug-22,Rushcliffe,Mean of Weekly Award Amount,56.95,
Aug-22,"Herefordshire, County of",Pension Credit Caseload - 2011 Geographies,4031,
Aug-22,"Herefordshire, County of",Mean of Weekly Award Amount,58.01,
Aug-22,Shropshire,Pension Credit Caseload - 2011 Geographies,7066,
Aug-22,Shropshire,Mean of Weekly Award Amount,57.32,
Aug-22,Stoke-on-Trent,Pension Credit Caseload - 2011 Geographies,6480,
Aug-22,Stoke-on-Trent,Mean of Weekly Award Amount,57.39,
Aug-22,Telford and Wrekin,Pension Credit Caseload - 2011 Geographies,4180,
Aug-22,Telford and Wrekin,Mean of Weekly Award Amount,60.43,
Aug-22,Cannock Chase,Pension Credit Caseload - 2011 Geographies,2277,
Aug-22,Cannock Chase,Mean of Weekly Award Amount,52.69,
Aug-22,East Staffordshire,Pension Credit Caseload - 2011 Geographies,1945,
Aug-22,East Staffordshire,Mean of Weekly Award Amount,57.06,
Aug-22,Lichfield,Pension Credit Caseload - 2011 Geographies,1787,
Aug-22,Lichfield,Mean of Weekly Award Amount,52.08,
Aug-22,Newcastle-under-Lyme,Pension Credit Caseload - 2011 Geographies,2565,
Aug-22,Newcastle-under-Lyme,Mean of Weekly Award Amount,55.24,
Aug-22,South Staffordshire,Pension Credit Caseload - 2011 Geographies,2326,
Aug-22,South Staffordshire,Mean of Weekly Award Amount,53,
Aug-22,Stafford,Pension Credit Caseload - 2011 Geographies,2071,
Aug-22,Stafford,Mean of Weekly Award Amount,55.98,
Aug-22,Staffordshire Moorlands,Pension Credit Caseload - 2011 Geographies,1789,
Aug-22,Staffordshire Moorlands,Mean of Weekly Award Amount,53.52,
Aug-22,Tamworth,Pension Credit Caseload - 2011 Geographies,1733,
Aug-22,Tamworth,Mean of Weekly Award Amount,52.62,
Aug-22,North Warwickshire,Pension Credit Caseload - 2011 Geographies,1349,
Aug-22,North Warwickshire,Mean of Weekly Award Amount,54.34,
Aug-22,Nuneaton and Bedworth,Pension Credit Caseload - 2011 Geographies,2770,
Aug-22,Nuneaton and Bedworth,Mean of Weekly Award Amount,62.8,
Aug-22,Rugby,Pension Credit Caseload - 2011 Geographies,1609,
Aug-22,Rugby,Mean of Weekly Award Amount,63.68,
Aug-22,Stratford-on-Avon,Pension Credit Caseload - 2011 Geographies,2253,
Aug-22,Stratford-on-Avon,Mean of Weekly Award Amount,57.19,
Aug-22,Warwick,Pension Credit Caseload - 2011 Geographies,2041,
Aug-22,Warwick,Mean of Weekly Award Amount,57.9,
Aug-22,Birmingham,Pension Credit Caseload - 2011 Geographies,29566,
Aug-22,Birmingham,Mean of Weekly Award Amount,76.68,
Aug-22,Coventry,Pension Credit Caseload - 2011 Geographies,7173,
Aug-22,Coventry,Mean of Weekly Award Amount,70.84,
Aug-22,Dudley,Pension Credit Caseload - 2011 Geographies,8002,
Aug-22,Dudley,Mean of Weekly Award Amount,56.08,
Aug-22,Sandwell,Pension Credit Caseload - 2011 Geographies,9981,
Aug-22,Sandwell,Mean of Weekly Award Amount,72.3,
Aug-22,Solihull,Pension Credit Caseload - 2011 Geographies,3955,
Aug-22,Solihull,Mean of Weekly Award Amount,61.15,
Aug-22,Walsall,Pension Credit Caseload - 2011 Geographies,7839,
Aug-22,Walsall,Mean of Weekly Award Amount,62.73,
Aug-22,Wolverhampton,Pension Credit Caseload - 2011 Geographies,7501,
Aug-22,Wolverhampton,Mean of Weekly Award Amount,70.14,
Aug-22,Bromsgrove,Pension Credit Caseload - 2011 Geographies,1546,
Aug-22,Bromsgrove,Mean of Weekly Award Amount,52.67,
Aug-22,Malvern Hills,Pension Credit Caseload - 2011 Geographies,1588,
Aug-22,Malvern Hills,Mean of Weekly Award Amount,58.72,
Aug-22,Redditch,Pension Credit Caseload - 2011 Geographies,1695,
Aug-22,Redditch,Mean of Weekly Award Amount,57.53,
Aug-22,Worcester,Pension Credit Caseload - 2011 Geographies,1800,
Aug-22,Worcester,Mean of Weekly Award Amount,59.33,
Aug-22,Wychavon,Pension Credit Caseload - 2011 Geographies,2325,
Aug-22,Wychavon,Mean of Weekly Award Amount,58.88,
Aug-22,Wyre Forest,Pension Credit Caseload - 2011 Geographies,2440,
Aug-22,Wyre Forest,Mean of Weekly Award Amount,54.27,
Aug-22,Bedford,Pension Credit Caseload - 2011 Geographies,2870,
Aug-22,Bedford,Mean of Weekly Award Amount,70.24,
Aug-22,Central Bedfordshire,Pension Credit Caseload - 2011 Geographies,3724,
Aug-22,Central Bedfordshire,Mean of Weekly Award Amount,58.67,
Aug-22,Luton,Pension Credit Caseload - 2011 Geographies,4331,
Aug-22,Luton,Mean of Weekly Award Amount,82.86,
Aug-22,Peterborough,Pension Credit Caseload - 2011 Geographies,4192,
Aug-22,Peterborough,Mean of Weekly Award Amount,76.23,
Aug-22,Southend-on-Sea,Pension Credit Caseload - 2011 Geographies,4309,
Aug-22,Southend-on-Sea,Mean of Weekly Award Amount,65.07,
Aug-22,Thurrock,Pension Credit Caseload - 2011 Geographies,2869,
Aug-22,Thurrock,Mean of Weekly Award Amount,70.18,
Aug-22,Cambridge,Pension Credit Caseload - 2011 Geographies,1517,
Aug-22,Cambridge,Mean of Weekly Award Amount,74.17,
Aug-22,East Cambridgeshire,Pension Credit Caseload - 2011 Geographies,1303,
Aug-22,East Cambridgeshire,Mean of Weekly Award Amount,60.85,
Aug-22,Fenland,Pension Credit Caseload - 2011 Geographies,2559,
Aug-22,Fenland,Mean of Weekly Award Amount,59.66,
Aug-22,Huntingdonshire,Pension Credit Caseload - 2011 Geographies,2315,
Aug-22,Huntingdonshire,Mean of Weekly Award Amount,59.92,
Aug-22,South Cambridgeshire,Pension Credit Caseload - 2011 Geographies,1788,
Aug-22,South Cambridgeshire,Mean of Weekly Award Amount,68.14,
Aug-22,Basildon,Pension Credit Caseload - 2011 Geographies,3743,
Aug-22,Basildon,Mean of Weekly Award Amount,63.19,
Aug-22,Braintree,Pension Credit Caseload - 2011 Geographies,2674,
Aug-22,Braintree,Mean of Weekly Award Amount,55.69,
Aug-22,Brentwood,Pension Credit Caseload - 2011 Geographies,1100,
Aug-22,Brentwood,Mean of Weekly Award Amount,64.16,
Aug-22,Castle Point,Pension Credit Caseload - 2011 Geographies,2049,
Aug-22,Castle Point,Mean of Weekly Award Amount,59.02,
Aug-22,Chelmsford,Pension Credit Caseload - 2011 Geographies,2388,
Aug-22,Chelmsford,Mean of Weekly Award Amount,62.98,
Aug-22,Colchester,Pension Credit Caseload - 2011 Geographies,2935,
Aug-22,Colchester,Mean of Weekly Award Amount,65.87,
Aug-22,Epping Forest,Pension Credit Caseload - 2011 Geographies,2494,
Aug-22,Epping Forest,Mean of Weekly Award Amount,68.34,
Aug-22,Harlow,Pension Credit Caseload - 2011 Geographies,1669,
Aug-22,Harlow,Mean of Weekly Award Amount,63.91,
Aug-22,Maldon,Pension Credit Caseload - 2011 Geographies,1291,
Aug-22,Maldon,Mean of Weekly Award Amount,56.87,
Aug-22,Rochford,Pension Credit Caseload - 2011 Geographies,1432,
Aug-22,Rochford,Mean of Weekly Award Amount,57.35,
Aug-22,Tendring,Pension Credit Caseload - 2011 Geographies,4932,
Aug-22,Tendring,Mean of Weekly Award Amount,59.44,
Aug-22,Uttlesford,Pension Credit Caseload - 2011 Geographies,1111,
Aug-22,Uttlesford,Mean of Weekly Award Amount,58.63,
Aug-22,Broxbourne,Pension Credit Caseload - 2011 Geographies,1766,
Aug-22,Broxbourne,Mean of Weekly Award Amount,69.61,
Aug-22,Dacorum,Pension Credit Caseload - 2011 Geographies,2028,
Aug-22,Dacorum,Mean of Weekly Award Amount,65.93,
Aug-22,East Hertfordshire,Pension Credit Caseload - 2011 Geographies,1781,
Aug-22,East Hertfordshire,Mean of Weekly Award Amount,64.86,
Aug-22,Hertsmere,Pension Credit Caseload - 2011 Geographies,1767,
Aug-22,Hertsmere,Mean of Weekly Award Amount,76.06,
Aug-22,North Hertfordshire,Pension Credit Caseload - 2011 Geographies,1898,
Aug-22,North Hertfordshire,Mean of Weekly Award Amount,59.82,
Aug-22,St Albans,Pension Credit Caseload - 2011 Geographies,1449,
Aug-22,St Albans,Mean of Weekly Award Amount,70.5,
Aug-22,Stevenage,Pension Credit Caseload - 2011 Geographies,1438,
Aug-22,Stevenage,Mean of Weekly Award Amount,66.3,
Aug-22,Three Rivers,Pension Credit Caseload - 2011 Geographies,1232,
Aug-22,Three Rivers,Mean of Weekly Award Amount,73.96,
Aug-22,Watford,Pension Credit Caseload - 2011 Geographies,1406,
Aug-22,Watford,Mean of Weekly Award Amount,78.3,
Aug-22,Welwyn Hatfield,Pension Credit Caseload - 2011 Geographies,1573,
Aug-22,Welwyn Hatfield,Mean of Weekly Award Amount,68.13,
Aug-22,Breckland,Pension Credit Caseload - 2011 Geographies,3028,
Aug-22,Breckland,Mean of Weekly Award Amount,57.11,
Aug-22,Broadland,Pension Credit Caseload - 2011 Geographies,2201,
Aug-22,Broadland,Mean of Weekly Award Amount,52.7,
Aug-22,Great Yarmouth,Pension Credit Caseload - 2011 Geographies,3277,
Aug-22,Great Yarmouth,Mean of Weekly Award Amount,55.86,
Aug-22,King's Lynn and West Norfolk,Pension Credit Caseload - 2011 Geographies,3863,
Aug-22,King's Lynn and West Norfolk,Mean of Weekly Award Amount,57.35,
Aug-22,North Norfolk,Pension Credit Caseload - 2011 Geographies,2713,
Aug-22,North Norfolk,Mean of Weekly Award Amount,52.89,
Aug-22,Norwich,Pension Credit Caseload - 2011 Geographies,3333,
Aug-22,Norwich,Mean of Weekly Award Amount,60.43,
Aug-22,South Norfolk,Pension Credit Caseload - 2011 Geographies,2456,
Aug-22,South Norfolk,Mean of Weekly Award Amount,56.99,
Aug-22,Babergh,Pension Credit Caseload - 2011 Geographies,1664,
Aug-22,Babergh,Mean of Weekly Award Amount,55.72,
Aug-22,East Suffolk,Pension Credit Caseload - 2011 Geographies,5408,
Aug-22,East Suffolk,Mean of Weekly Award Amount,55.41,
Aug-22,Ipswich,Pension Credit Caseload - 2011 Geographies,2738,
Aug-22,Ipswich,Mean of Weekly Award Amount,67.79,
Aug-22,Mid Suffolk,Pension Credit Caseload - 2011 Geographies,1663,
Aug-22,Mid Suffolk,Mean of Weekly Award Amount,58.04,
Aug-22,West Suffolk,Pension Credit Caseload - 2011 Geographies,2935,
Aug-22,West Suffolk,Mean of Weekly Award Amount,57.52,
Aug-22,Camden,Pension Credit Caseload - 2011 Geographies,6027,
Aug-22,Camden,Mean of Weekly Award Amount,99.54,
Aug-22,City of London,Pension Credit Caseload - 2011 Geographies,93,
Aug-22,City of London,Mean of Weekly Award Amount,92.19,
Aug-22,Hackney,Pension Credit Caseload - 2011 Geographies,7397,
Aug-22,Hackney,Mean of Weekly Award Amount,101.79,
Aug-22,Hammersmith and Fulham,Pension Credit Caseload - 2011 Geographies,4471,
Aug-22,Hammersmith and Fulham,Mean of Weekly Award Amount,100.59,
Aug-22,Haringey,Pension Credit Caseload - 2011 Geographies,6818,
Aug-22,Haringey,Mean of Weekly Award Amount,105.15,
Aug-22,Islington,Pension Credit Caseload - 2011 Geographies,6071,
Aug-22,Islington,Mean of Weekly Award Amount,93.2,
Aug-22,Kensington and Chelsea,Pension Credit Caseload - 2011 Geographies,4290,
Aug-22,Kensington and Chelsea,Mean of Weekly Award Amount,102.9,
Aug-22,Lambeth,Pension Credit Caseload - 2011 Geographies,7254,
Aug-22,Lambeth,Mean of Weekly Award Amount,93.99,
Aug-22,Lewisham,Pension Credit Caseload - 2011 Geographies,6043,
Aug-22,Lewisham,Mean of Weekly Award Amount,88.26,
Aug-22,Newham,Pension Credit Caseload - 2011 Geographies,8004,
Aug-22,Newham,Mean of Weekly Award Amount,107.62,
Aug-22,Southwark,Pension Credit Caseload - 2011 Geographies,7303,
Aug-22,Southwark,Mean of Weekly Award Amount,94.59,
Aug-22,Tower Hamlets,Pension Credit Caseload - 2011 Geographies,7144,
Aug-22,Tower Hamlets,Mean of Weekly Award Amount,101.28,
Aug-22,Wandsworth,Pension Credit Caseload - 2011 Geographies,5555,
Aug-22,Wandsworth,Mean of Weekly Award Amount,95.32,
Aug-22,Westminster,Pension Credit Caseload - 2011 Geographies,5832,
Aug-22,Westminster,Mean of Weekly Award Amount,112.51,
Aug-22,Barking and Dagenham,Pension Credit Caseload - 2011 Geographies,4457,
Aug-22,Barking and Dagenham,Mean of Weekly Award Amount,92.09,
Aug-22,Barnet,Pension Credit Caseload - 2011 Geographies,7766,
Aug-22,Barnet,Mean of Weekly Award Amount,105.96,
Aug-22,Bexley,Pension Credit Caseload - 2011 Geographies,3869,
Aug-22,Bexley,Mean of Weekly Award Amount,75.53,
Aug-22,Brent,Pension Credit Caseload - 2011 Geographies,8897,
Aug-22,Brent,Mean of Weekly Award Amount,113.57,
Aug-22,Bromley,Pension Credit Caseload - 2011 Geographies,4909,
Aug-22,Bromley,Mean of Weekly Award Amount,77.55,
Aug-22,Croydon,Pension Credit Caseload - 2011 Geographies,7007,
Aug-22,Croydon,Mean of Weekly Award Amount,91.32,
Aug-22,Ealing,Pension Credit Caseload - 2011 Geographies,8547,
Aug-22,Ealing,Mean of Weekly Award Amount,120.02,
Aug-22,Enfield,Pension Credit Caseload - 2011 Geographies,7862,
Aug-22,Enfield,Mean of Weekly Award Amount,98.48,
Aug-22,Greenwich,Pension Credit Caseload - 2011 Geographies,6048,
Aug-22,Greenwich,Mean of Weekly Award Amount,96.43,
Aug-22,Harrow,Pension Credit Caseload - 2011 Geographies,5685,
Aug-22,Harrow,Mean of Weekly Award Amount,123.25,
Aug-22,Havering,Pension Credit Caseload - 2011 Geographies,4385,
Aug-22,Havering,Mean of Weekly Award Amount,72.11,
Aug-22,Hillingdon,Pension Credit Caseload - 2011 Geographies,5212,
Aug-22,Hillingdon,Mean of Weekly Award Amount,107.42,
Aug-22,Hounslow,Pension Credit Caseload - 2011 Geographies,5798,
Aug-22,Hounslow,Mean of Weekly Award Amount,114.08,
Aug-22,Kingston upon Thames,Pension Credit Caseload - 2011 Geographies,2390,
Aug-22,Kingston upon Thames,Mean of Weekly Award Amount,105.01,
Aug-22,Merton,Pension Credit Caseload - 2011 Geographies,3431,
Aug-22,Merton,Mean of Weekly Award Amount,99.76,
Aug-22,Redbridge,Pension Credit Caseload - 2011 Geographies,6188,
Aug-22,Redbridge,Mean of Weekly Award Amount,102.91,
Aug-22,Richmond upon Thames,Pension Credit Caseload - 2011 Geographies,2648,
Aug-22,Richmond upon Thames,Mean of Weekly Award Amount,88.41,
Aug-22,Sutton,Pension Credit Caseload - 2011 Geographies,3127,
Aug-22,Sutton,Mean of Weekly Award Amount,87.62,
Aug-22,Waltham Forest,Pension Credit Caseload - 2011 Geographies,5677,
Aug-22,Waltham Forest,Mean of Weekly Award Amount,92,
Aug-22,Bracknell Forest,Pension Credit Caseload - 2011 Geographies,1489,
Aug-22,Bracknell Forest,Mean of Weekly Award Amount,75.87,
Aug-22,Brighton and Hove,Pension Credit Caseload - 2011 Geographies,5945,
Aug-22,Brighton and Hove,Mean of Weekly Award Amount,72.69,
Aug-22,Buckinghamshire,Pension Credit Caseload - 2011 Geographies,6462,
Aug-22,Buckinghamshire,Mean of Weekly Award Amount,69.24,
Aug-22,Isle of Wight,Pension Credit Caseload - 2011 Geographies,4068,
Aug-22,Isle of Wight,Mean of Weekly Award Amount,57.72,
Aug-22,Medway,Pension Credit Caseload - 2011 Geographies,4912,
Aug-22,Medway,Mean of Weekly Award Amount,63.8,
Aug-22,Milton Keynes,Pension Credit Caseload - 2011 Geographies,4102,
Aug-22,Milton Keynes,Mean of Weekly Award Amount,73.53,
Aug-22,Portsmouth,Pension Credit Caseload - 2011 Geographies,4347,
Aug-22,Portsmouth,Mean of Weekly Award Amount,66.24,
Aug-22,Reading,Pension Credit Caseload - 2011 Geographies,2858,
Aug-22,Reading,Mean of Weekly Award Amount,97.06,
Aug-22,Slough,Pension Credit Caseload - 2011 Geographies,2730,
Aug-22,Slough,Mean of Weekly Award Amount,97.29,
Aug-22,Southampton,Pension Credit Caseload - 2011 Geographies,4812,
Aug-22,Southampton,Mean of Weekly Award Amount,70.33,
Aug-22,West Berkshire,Pension Credit Caseload - 2011 Geographies,1950,
Aug-22,West Berkshire,Mean of Weekly Award Amount,60.48,
Aug-22,Windsor and Maidenhead,Pension Credit Caseload - 2011 Geographies,1858,
Aug-22,Windsor and Maidenhead,Mean of Weekly Award Amount,73.36,
Aug-22,Wokingham,Pension Credit Caseload - 2011 Geographies,1424,
Aug-22,Wokingham,Mean of Weekly Award Amount,67.82,
Aug-22,Eastbourne,Pension Credit Caseload - 2011 Geographies,2721,
Aug-22,Eastbourne,Mean of Weekly Award Amount,67.16,
Aug-22,Hastings,Pension Credit Caseload - 2011 Geographies,2934,
Aug-22,Hastings,Mean of Weekly Award Amount,67.13,
Aug-22,Lewes,Pension Credit Caseload - 2011 Geographies,2182,
Aug-22,Lewes,Mean of Weekly Award Amount,62.2,
Aug-22,Rother,Pension Credit Caseload - 2011 Geographies,2519,
Aug-22,Rother,Mean of Weekly Award Amount,61.26,
Aug-22,Wealden,Pension Credit Caseload - 2011 Geographies,2767,
Aug-22,Wealden,Mean of Weekly Award Amount,59.05,
Aug-22,Basingstoke and Deane,Pension Credit Caseload - 2011 Geographies,2120,
Aug-22,Basingstoke and Deane,Mean of Weekly Award Amount,72.36,
Aug-22,East Hampshire,Pension Credit Caseload - 2011 Geographies,1591,
Aug-22,East Hampshire,Mean of Weekly Award Amount,62.22,
Aug-22,Eastleigh,Pension Credit Caseload - 2011 Geographies,1683,
Aug-22,Eastleigh,Mean of Weekly Award Amount,59.15,
Aug-22,Fareham,Pension Credit Caseload - 2011 Geographies,1515,
Aug-22,Fareham,Mean of Weekly Award Amount,55.22,
Aug-22,Gosport,Pension Credit Caseload - 2011 Geographies,1540,
Aug-22,Gosport,Mean of Weekly Award Amount,56.77,
Aug-22,Hart,Pension Credit Caseload - 2011 Geographies,868,
Aug-22,Hart,Mean of Weekly Award Amount,66.63,
Aug-22,Havant,Pension Credit Caseload - 2011 Geographies,2844,
Aug-22,Havant,Mean of Weekly Award Amount,58.41,
Aug-22,New Forest,Pension Credit Caseload - 2011 Geographies,3176,
Aug-22,New Forest,Mean of Weekly Award Amount,59.08,
Aug-22,Rushmoor,Pension Credit Caseload - 2011 Geographies,2335,
Aug-22,Rushmoor,Mean of Weekly Award Amount,125.23,
Aug-22,Test Valley,Pension Credit Caseload - 2011 Geographies,1666,
Aug-22,Test Valley,Mean of Weekly Award Amount,62.82,
Aug-22,Winchester,Pension Credit Caseload - 2011 Geographies,1629,
Aug-22,Winchester,Mean of Weekly Award Amount,62.6,
Aug-22,Ashford,Pension Credit Caseload - 2011 Geographies,2501,
Aug-22,Ashford,Mean of Weekly Award Amount,81.57,
Aug-22,Canterbury,Pension Credit Caseload - 2011 Geographies,3095,
Aug-22,Canterbury,Mean of Weekly Award Amount,64.01,
Aug-22,Dartford,Pension Credit Caseload - 2011 Geographies,1390,
Aug-22,Dartford,Mean of Weekly Award Amount,66.64,
Aug-22,Dover,Pension Credit Caseload - 2011 Geographies,2669,
Aug-22,Dover,Mean of Weekly Award Amount,61.21,
Aug-22,Folkestone and Hythe,Pension Credit Caseload - 2011 Geographies,2997,
Aug-22,Folkestone and Hythe,Mean of Weekly Award Amount,69.66,
Aug-22,Gravesham,Pension Credit Caseload - 2011 Geographies,1901,
Aug-22,Gravesham,Mean of Weekly Award Amount,68.17,
Aug-22,Maidstone,Pension Credit Caseload - 2011 Geographies,2733,
Aug-22,Maidstone,Mean of Weekly Award Amount,70.18,
Aug-22,Sevenoaks,Pension Credit Caseload - 2011 Geographies,1699,
Aug-22,Sevenoaks,Mean of Weekly Award Amount,65.91,
Aug-22,Swale,Pension Credit Caseload - 2011 Geographies,3085,
Aug-22,Swale,Mean of Weekly Award Amount,61.15,
Aug-22,Thanet,Pension Credit Caseload - 2011 Geographies,4529,
Aug-22,Thanet,Mean of Weekly Award Amount,63.19,
Aug-22,Tonbridge and Malling,Pension Credit Caseload - 2011 Geographies,1727,
Aug-22,Tonbridge and Malling,Mean of Weekly Award Amount,64.08,
Aug-22,Tunbridge Wells,Pension Credit Caseload - 2011 Geographies,1662,
Aug-22,Tunbridge Wells,Mean of Weekly Award Amount,64.93,
Aug-22,Cherwell,Pension Credit Caseload - 2011 Geographies,1899,
Aug-22,Cherwell,Mean of Weekly Award Amount,62.86,
Aug-22,Oxford,Pension Credit Caseload - 2011 Geographies,1917,
Aug-22,Oxford,Mean of Weekly Award Amount,82.15,
Aug-22,South Oxfordshire,Pension Credit Caseload - 2011 Geographies,1614,
Aug-22,South Oxfordshire,Mean of Weekly Award Amount,60.83,
Aug-22,Vale of White Horse,Pension Credit Caseload - 2011 Geographies,1433,
Aug-22,Vale of White Horse,Mean of Weekly Award Amount,64.47,
Aug-22,West Oxfordshire,Pension Credit Caseload - 2011 Geographies,1371,
Aug-22,West Oxfordshire,Mean of Weekly Award Amount,63.21,
Aug-22,Elmbridge,Pension Credit Caseload - 2011 Geographies,1665,
Aug-22,Elmbridge,Mean of Weekly Award Amount,77.03,
Aug-22,Epsom and Ewell,Pension Credit Caseload - 2011 Geographies,847,
Aug-22,Epsom and Ewell,Mean of Weekly Award Amount,85.84,
Aug-22,Guildford,Pension Credit Caseload - 2011 Geographies,1467,
Aug-22,Guildford,Mean of Weekly Award Amount,68.24,
Aug-22,Mole Valley,Pension Credit Caseload - 2011 Geographies,1066,
Aug-22,Mole Valley,Mean of Weekly Award Amount,68.32,
Aug-22,Reigate and Banstead,Pension Credit Caseload - 2011 Geographies,1640,
Aug-22,Reigate and Banstead,Mean of Weekly Award Amount,73.64,
Aug-22,Runnymede,Pension Credit Caseload - 2011 Geographies,1124,
Aug-22,Runnymede,Mean of Weekly Award Amount,67.59,
Aug-22,Spelthorne,Pension Credit Caseload - 2011 Geographies,1398,
Aug-22,Spelthorne,Mean of Weekly Award Amount,73.92,
Aug-22,Surrey Heath,Pension Credit Caseload - 2011 Geographies,939,
Aug-22,Surrey Heath,Mean of Weekly Award Amount,77.08,
Aug-22,Tandridge,Pension Credit Caseload - 2011 Geographies,1051,
Aug-22,Tandridge,Mean of Weekly Award Amount,68.26,
Aug-22,Waverley,Pension Credit Caseload - 2011 Geographies,1531,
Aug-22,Waverley,Mean of Weekly Award Amount,66.98,
Aug-22,Woking,Pension Credit Caseload - 2011 Geographies,1203,
Aug-22,Woking,Mean of Weekly Award Amount,77.91,
Aug-22,Adur,Pension Credit Caseload - 2011 Geographies,1409,
Aug-22,Adur,Mean of Weekly Award Amount,61.32,
Aug-22,Arun,Pension Credit Caseload - 2011 Geographies,3927,
Aug-22,Arun,Mean of Weekly Award Amount,60.24,
Aug-22,Chichester,Pension Credit Caseload - 2011 Geographies,2229,
Aug-22,Chichester,Mean of Weekly Award Amount,60.92,
Aug-22,Crawley,Pension Credit Caseload - 2011 Geographies,1724,
Aug-22,Crawley,Mean of Weekly Award Amount,83.72,
Aug-22,Horsham,Pension Credit Caseload - 2011 Geographies,1840,
Aug-22,Horsham,Mean of Weekly Award Amount,62.38,
Aug-22,Mid Sussex,Pension Credit Caseload - 2011 Geographies,1742,
Aug-22,Mid Sussex,Mean of Weekly Award Amount,64.05,
Aug-22,Worthing,Pension Credit Caseload - 2011 Geographies,2316,
Aug-22,Worthing,Mean of Weekly Award Amount,60.89,
Aug-22,Bath and North East Somerset,Pension Credit Caseload - 2011 Geographies,2930,
Aug-22,Bath and North East Somerset,Mean of Weekly Award Amount,59.99,
Aug-22,"Bournemouth, Christchurch and Poole",Pension Credit Caseload - 2011 Geographies,9224,
Aug-22,"Bournemouth, Christchurch and Poole",Mean of Weekly Award Amount,63.38,
Aug-22,"Bristol, City of",Pension Credit Caseload - 2011 Geographies,8004,
Aug-22,"Bristol, City of",Mean of Weekly Award Amount,71.77,
Aug-22,Cornwall,Pension Credit Caseload - 2011 Geographies,15649,
Aug-22,Cornwall,Mean of Weekly Award Amount,54.54,
Aug-22,Dorset,Pension Credit Caseload - 2011 Geographies,7778,
Aug-22,Dorset,Mean of Weekly Award Amount,56.93,
Aug-22,Isles of Scilly,Pension Credit Caseload - 2011 Geographies,20,
Aug-22,Isles of Scilly,Mean of Weekly Award Amount,80.17,
Aug-22,North Somerset,Pension Credit Caseload - 2011 Geographies,4263,
Aug-22,North Somerset,Mean of Weekly Award Amount,58.84,
Aug-22,Plymouth,Pension Credit Caseload - 2011 Geographies,5958,
Aug-22,Plymouth,Mean of Weekly Award Amount,60.27,
Aug-22,Somerset,Pension Credit Caseload - 2011 Geographies,11528,
Aug-22,Somerset,Mean of Weekly Award Amount,58.29,
Aug-22,South Gloucestershire,Pension Credit Caseload - 2011 Geographies,3773,
Aug-22,South Gloucestershire,Mean of Weekly Award Amount,60,
Aug-22,Swindon,Pension Credit Caseload - 2011 Geographies,3866,
Aug-22,Swindon,Mean of Weekly Award Amount,78.46,
Aug-22,Torbay,Pension Credit Caseload - 2011 Geographies,4891,
Aug-22,Torbay,Mean of Weekly Award Amount,60.42,
Aug-22,Wiltshire,Pension Credit Caseload - 2011 Geographies,7514,
Aug-22,Wiltshire,Mean of Weekly Award Amount,60.52,
Aug-22,East Devon,Pension Credit Caseload - 2011 Geographies,3079,
Aug-22,East Devon,Mean of Weekly Award Amount,55.43,
Aug-22,Exeter,Pension Credit Caseload - 2011 Geographies,2263,
Aug-22,Exeter,Mean of Weekly Award Amount,58.09,
Aug-22,Mid Devon,Pension Credit Caseload - 2011 Geographies,1612,
Aug-22,Mid Devon,Mean of Weekly Award Amount,58.21,
Aug-22,North Devon,Pension Credit Caseload - 2011 Geographies,2364,
Aug-22,North Devon,Mean of Weekly Award Amount,55.96,
Aug-22,South Hams,Pension Credit Caseload - 2011 Geographies,1883,
Aug-22,South Hams,Mean of Weekly Award Amount,59.72,
Aug-22,Teignbridge,Pension Credit Caseload - 2011 Geographies,3184,
Aug-22,Teignbridge,Mean of Weekly Award Amount,57.23,
Aug-22,Torridge,Pension Credit Caseload - 2011 Geographies,1808,
Aug-22,Torridge,Mean of Weekly Award Amount,55.38,
Aug-22,West Devon,Pension Credit Caseload - 2011 Geographies,1252,
Aug-22,West Devon,Mean of Weekly Award Amount,58.31,
Aug-22,Cheltenham,Pension Credit Caseload - 2011 Geographies,1827,
Aug-22,Cheltenham,Mean of Weekly Award Amount,61.53,
Aug-22,Cotswold,Pension Credit Caseload - 2011 Geographies,1467,
Aug-22,Cotswold,Mean of Weekly Award Amount,55.35,
Aug-22,Forest of Dean,Pension Credit Caseload - 2011 Geographies,1862,
Aug-22,Forest of Dean,Mean of Weekly Award Amount,60.85,
Aug-22,Gloucester,Pension Credit Caseload - 2011 Geographies,2276,
Aug-22,Gloucester,Mean of Weekly Award Amount,67.69,
Aug-22,Stroud,Pension Credit Caseload - 2011 Geographies,1880,
Aug-22,Stroud,Mean of Weekly Award Amount,58.02,
Aug-22,Tewkesbury,Pension Credit Caseload - 2011 Geographies,1399,
Aug-22,Tewkesbury,Mean of Weekly Award Amount,61.05,
Aug-22,Total,Pension Credit Caseload - 2011 Geographies,1165926,
Aug-22,Total,Mean of Weekly Award Amount,69,
Nov-22,England,Pension Credit Caseload - 2011 Geographies,1166824,
Nov-22,England,Mean of Weekly Award Amount,68.87,
Nov-22,County Durham,Pension Credit Caseload - 2011 Geographies,15130,
Nov-22,County Durham,Mean of Weekly Award Amount,56.15,
Nov-22,Darlington,Pension Credit Caseload - 2011 Geographies,2657,
Nov-22,Darlington,Mean of Weekly Award Amount,60.65,
Nov-22,Hartlepool,Pension Credit Caseload - 2011 Geographies,3259,
Nov-22,Hartlepool,Mean of Weekly Award Amount,59.57,
Nov-22,Middlesbrough,Pension Credit Caseload - 2011 Geographies,4169,
Nov-22,Middlesbrough,Mean of Weekly Award Amount,62.3,
Nov-22,Northumberland,Pension Credit Caseload - 2011 Geographies,7357,
Nov-22,Northumberland,Mean of Weekly Award Amount,52.98,
Nov-22,Redcar and Cleveland,Pension Credit Caseload - 2011 Geographies,4387,
Nov-22,Redcar and Cleveland,Mean of Weekly Award Amount,54.28,
Nov-22,Stockton-on-Tees,Pension Credit Caseload - 2011 Geographies,4641,
Nov-22,Stockton-on-Tees,Mean of Weekly Award Amount,58.25,
Nov-22,Gateshead,Pension Credit Caseload - 2011 Geographies,6001,
Nov-22,Gateshead,Mean of Weekly Award Amount,57.52,
Nov-22,Newcastle upon Tyne,Pension Credit Caseload - 2011 Geographies,7657,
Nov-22,Newcastle upon Tyne,Mean of Weekly Award Amount,64.78,
Nov-22,North Tyneside,Pension Credit Caseload - 2011 Geographies,5430,
Nov-22,North Tyneside,Mean of Weekly Award Amount,53.9,
Nov-22,South Tyneside,Pension Credit Caseload - 2011 Geographies,5203,
Nov-22,South Tyneside,Mean of Weekly Award Amount,54.81,
Nov-22,Sunderland,Pension Credit Caseload - 2011 Geographies,9523,
Nov-22,Sunderland,Mean of Weekly Award Amount,56.18,
Nov-22,Blackburn with Darwen,Pension Credit Caseload - 2011 Geographies,3913,
Nov-22,Blackburn with Darwen,Mean of Weekly Award Amount,72.51,
Nov-22,Blackpool,Pension Credit Caseload - 2011 Geographies,5345,
Nov-22,Blackpool,Mean of Weekly Award Amount,59.86,
Nov-22,Cheshire East,Pension Credit Caseload - 2011 Geographies,5961,
Nov-22,Cheshire East,Mean of Weekly Award Amount,58.15,
Nov-22,Cheshire West and Chester,Pension Credit Caseload - 2011 Geographies,6632,
Nov-22,Cheshire West and Chester,Mean of Weekly Award Amount,57.34,
Nov-22,Cumberland,Pension Credit Caseload - 2011 Geographies,5988,
Nov-22,Cumberland,Mean of Weekly Award Amount,55.38,
Nov-22,Halton,Pension Credit Caseload - 2011 Geographies,3412,
Nov-22,Halton,Mean of Weekly Award Amount,59.99,
Nov-22,Warrington,Pension Credit Caseload - 2011 Geographies,3810,
Nov-22,Warrington,Mean of Weekly Award Amount,58.62,
Nov-22,Westmorland and Furness,Pension Credit Caseload - 2011 Geographies,4163,
Nov-22,Westmorland and Furness,Mean of Weekly Award Amount,56.74,
Nov-22,Bolton,Pension Credit Caseload - 2011 Geographies,7470,
Nov-22,Bolton,Mean of Weekly Award Amount,68.84,
Nov-22,Bury,Pension Credit Caseload - 2011 Geographies,3997,
Nov-22,Bury,Mean of Weekly Award Amount,63.62,
Nov-22,Manchester,Pension Credit Caseload - 2011 Geographies,13912,
Nov-22,Manchester,Mean of Weekly Award Amount,81.58,
Nov-22,Oldham,Pension Credit Caseload - 2011 Geographies,5566,
Nov-22,Oldham,Mean of Weekly Award Amount,66.09,
Nov-22,Rochdale,Pension Credit Caseload - 2011 Geographies,5766,
Nov-22,Rochdale,Mean of Weekly Award Amount,62.8,
Nov-22,Salford,Pension Credit Caseload - 2011 Geographies,6327,
Nov-22,Salford,Mean of Weekly Award Amount,63.06,
Nov-22,Stockport,Pension Credit Caseload - 2011 Geographies,5782,
Nov-22,Stockport,Mean of Weekly Award Amount,63.94,
Nov-22,Tameside,Pension Credit Caseload - 2011 Geographies,5626,
Nov-22,Tameside,Mean of Weekly Award Amount,58.27,
Nov-22,Trafford,Pension Credit Caseload - 2011 Geographies,4270,
Nov-22,Trafford,Mean of Weekly Award Amount,67.84,
Nov-22,Wigan,Pension Credit Caseload - 2011 Geographies,7663,
Nov-22,Wigan,Mean of Weekly Award Amount,53.95,
Nov-22,Burnley,Pension Credit Caseload - 2011 Geographies,2408,
Nov-22,Burnley,Mean of Weekly Award Amount,62,
Nov-22,Chorley,Pension Credit Caseload - 2011 Geographies,2037,
Nov-22,Chorley,Mean of Weekly Award Amount,54.2,
Nov-22,Fylde,Pension Credit Caseload - 2011 Geographies,1939,
Nov-22,Fylde,Mean of Weekly Award Amount,57.84,
Nov-22,Hyndburn,Pension Credit Caseload - 2011 Geographies,2147,
Nov-22,Hyndburn,Mean of Weekly Award Amount,59.81,
Nov-22,Lancaster,Pension Credit Caseload - 2011 Geographies,3140,
Nov-22,Lancaster,Mean of Weekly Award Amount,59.43,
Nov-22,Pendle,Pension Credit Caseload - 2011 Geographies,2487,
Nov-22,Pendle,Mean of Weekly Award Amount,68.45,
Nov-22,Preston,Pension Credit Caseload - 2011 Geographies,3167,
Nov-22,Preston,Mean of Weekly Award Amount,67.21,
Nov-22,Ribble Valley,Pension Credit Caseload - 2011 Geographies,793,
Nov-22,Ribble Valley,Mean of Weekly Award Amount,53.36,
Nov-22,Rossendale,Pension Credit Caseload - 2011 Geographies,1645,
Nov-22,Rossendale,Mean of Weekly Award Amount,56.98,
Nov-22,South Ribble,Pension Credit Caseload - 2011 Geographies,1861,
Nov-22,South Ribble,Mean of Weekly Award Amount,54.81,
Nov-22,West Lancashire,Pension Credit Caseload - 2011 Geographies,2805,
Nov-22,West Lancashire,Mean of Weekly Award Amount,56.16,
Nov-22,Wyre,Pension Credit Caseload - 2011 Geographies,3057,
Nov-22,Wyre,Mean of Weekly Award Amount,58.5,
Nov-22,Knowsley,Pension Credit Caseload - 2011 Geographies,5711,
Nov-22,Knowsley,Mean of Weekly Award Amount,62.11,
Nov-22,Liverpool,Pension Credit Caseload - 2011 Geographies,17236,
Nov-22,Liverpool,Mean of Weekly Award Amount,67.39,
Nov-22,Sefton,Pension Credit Caseload - 2011 Geographies,8530,
Nov-22,Sefton,Mean of Weekly Award Amount,58.15,
Nov-22,St. Helens,Pension Credit Caseload - 2011 Geographies,4790,
Nov-22,St. Helens,Mean of Weekly Award Amount,58.31,
Nov-22,Wirral,Pension Credit Caseload - 2011 Geographies,9107,
Nov-22,Wirral,Mean of Weekly Award Amount,61.58,
Nov-22,East Riding of Yorkshire,Pension Credit Caseload - 2011 Geographies,7963,
Nov-22,East Riding of Yorkshire,Mean of Weekly Award Amount,53.22,
Nov-22,"Kingston upon Hull, City of",Pension Credit Caseload - 2011 Geographies,7885,
Nov-22,"Kingston upon Hull, City of",Mean of Weekly Award Amount,58.6,
Nov-22,North East Lincolnshire,Pension Credit Caseload - 2011 Geographies,4568,
Nov-22,North East Lincolnshire,Mean of Weekly Award Amount,56.5,
Nov-22,North Lincolnshire,Pension Credit Caseload - 2011 Geographies,4008,
Nov-22,North Lincolnshire,Mean of Weekly Award Amount,56.15,
Nov-22,North Yorkshire,Pension Credit Caseload - 2011 Geographies,11756,
Nov-22,North Yorkshire,Mean of Weekly Award Amount,56.5,
Nov-22,York,Pension Credit Caseload - 2011 Geographies,2810,
Nov-22,York,Mean of Weekly Award Amount,56.78,
Nov-22,Barnsley,Pension Credit Caseload - 2011 Geographies,5973,
Nov-22,Barnsley,Mean of Weekly Award Amount,57.37,
Nov-22,Doncaster,Pension Credit Caseload - 2011 Geographies,7511,
Nov-22,Doncaster,Mean of Weekly Award Amount,59.6,
Nov-22,Rotherham,Pension Credit Caseload - 2011 Geographies,6570,
Nov-22,Rotherham,Mean of Weekly Award Amount,56.24,
Nov-22,Sheffield,Pension Credit Caseload - 2011 Geographies,13266,
Nov-22,Sheffield,Mean of Weekly Award Amount,63.48,
Nov-22,Bradford,Pension Credit Caseload - 2011 Geographies,12789,
Nov-22,Bradford,Mean of Weekly Award Amount,68.07,
Nov-22,Calderdale,Pension Credit Caseload - 2011 Geographies,4499,
Nov-22,Calderdale,Mean of Weekly Award Amount,57.18,
Nov-22,Kirklees,Pension Credit Caseload - 2011 Geographies,8840,
Nov-22,Kirklees,Mean of Weekly Award Amount,61.23,
Nov-22,Leeds,Pension Credit Caseload - 2011 Geographies,15274,
Nov-22,Leeds,Mean of Weekly Award Amount,63.01,
Nov-22,Wakefield,Pension Credit Caseload - 2011 Geographies,7668,
Nov-22,Wakefield,Mean of Weekly Award Amount,56.05,
Nov-22,Derby,Pension Credit Caseload - 2011 Geographies,5600,
Nov-22,Derby,Mean of Weekly Award Amount,70.8,
Nov-22,Leicester,Pension Credit Caseload - 2011 Geographies,10248,
Nov-22,Leicester,Mean of Weekly Award Amount,101.03,
Nov-22,North Northamptonshire,Pension Credit Caseload - 2011 Geographies,6244,
Nov-22,North Northamptonshire,Mean of Weekly Award Amount,59.08,
Nov-22,Nottingham,Pension Credit Caseload - 2011 Geographies,7271,
Nov-22,Nottingham,Mean of Weekly Award Amount,68.69,
Nov-22,Rutland,Pension Credit Caseload - 2011 Geographies,527,
Nov-22,Rutland,Mean of Weekly Award Amount,54.63,
Nov-22,West Northamptonshire,Pension Credit Caseload - 2011 Geographies,6369,
Nov-22,West Northamptonshire,Mean of Weekly Award Amount,65.5,
Nov-22,Amber Valley,Pension Credit Caseload - 2011 Geographies,2587,
Nov-22,Amber Valley,Mean of Weekly Award Amount,56.22,
Nov-22,Bolsover,Pension Credit Caseload - 2011 Geographies,1956,
Nov-22,Bolsover,Mean of Weekly Award Amount,56.54,
Nov-22,Chesterfield,Pension Credit Caseload - 2011 Geographies,2756,
Nov-22,Chesterfield,Mean of Weekly Award Amount,56.52,
Nov-22,Derbyshire Dales,Pension Credit Caseload - 2011 Geographies,1179,
Nov-22,Derbyshire Dales,Mean of Weekly Award Amount,57.02,
Nov-22,Erewash,Pension Credit Caseload - 2011 Geographies,2349,
Nov-22,Erewash,Mean of Weekly Award Amount,50.34,
Nov-22,High Peak,Pension Credit Caseload - 2011 Geographies,1700,
Nov-22,High Peak,Mean of Weekly Award Amount,56.17,
Nov-22,North East Derbyshire,Pension Credit Caseload - 2011 Geographies,2410,
Nov-22,North East Derbyshire,Mean of Weekly Award Amount,55.42,
Nov-22,South Derbyshire,Pension Credit Caseload - 2011 Geographies,1633,
Nov-22,South Derbyshire,Mean of Weekly Award Amount,53.65,
Nov-22,Blaby,Pension Credit Caseload - 2011 Geographies,1618,
Nov-22,Blaby,Mean of Weekly Award Amount,60.15,
Nov-22,Charnwood,Pension Credit Caseload - 2011 Geographies,2792,
Nov-22,Charnwood,Mean of Weekly Award Amount,60.52,
Nov-22,Harborough,Pension Credit Caseload - 2011 Geographies,1226,
Nov-22,Harborough,Mean of Weekly Award Amount,57.85,
Nov-22,Hinckley and Bosworth,Pension Credit Caseload - 2011 Geographies,1843,
Nov-22,Hinckley and Bosworth,Mean of Weekly Award Amount,50.86,
Nov-22,Melton,Pension Credit Caseload - 2011 Geographies,787,
Nov-22,Melton,Mean of Weekly Award Amount,55.48,
Nov-22,North West Leicestershire,Pension Credit Caseload - 2011 Geographies,1603,
Nov-22,North West Leicestershire,Mean of Weekly Award Amount,53.91,
Nov-22,Oadby and Wigston,Pension Credit Caseload - 2011 Geographies,1078,
Nov-22,Oadby and Wigston,Mean of Weekly Award Amount,65.41,
Nov-22,Boston,Pension Credit Caseload - 2011 Geographies,1816,
Nov-22,Boston,Mean of Weekly Award Amount,66.92,
Nov-22,East Lindsey,Pension Credit Caseload - 2011 Geographies,4912,
Nov-22,East Lindsey,Mean of Weekly Award Amount,58,
Nov-22,Lincoln,Pension Credit Caseload - 2011 Geographies,2134,
Nov-22,Lincoln,Mean of Weekly Award Amount,60.84,
Nov-22,North Kesteven,Pension Credit Caseload - 2011 Geographies,2204,
Nov-22,North Kesteven,Mean of Weekly Award Amount,55.82,
Nov-22,South Holland,Pension Credit Caseload - 2011 Geographies,2171,
Nov-22,South Holland,Mean of Weekly Award Amount,55.74,
Nov-22,South Kesteven,Pension Credit Caseload - 2011 Geographies,2480,
Nov-22,South Kesteven,Mean of Weekly Award Amount,57.69,
Nov-22,West Lindsey,Pension Credit Caseload - 2011 Geographies,2023,
Nov-22,West Lindsey,Mean of Weekly Award Amount,54.85,
Nov-22,Ashfield,Pension Credit Caseload - 2011 Geographies,2768,
Nov-22,Ashfield,Mean of Weekly Award Amount,54.75,
Nov-22,Bassetlaw,Pension Credit Caseload - 2011 Geographies,2548,
Nov-22,Bassetlaw,Mean of Weekly Award Amount,57.57,
Nov-22,Broxtowe,Pension Credit Caseload - 2011 Geographies,2055,
Nov-22,Broxtowe,Mean of Weekly Award Amount,56.01,
Nov-22,Gedling,Pension Credit Caseload - 2011 Geographies,2094,
Nov-22,Gedling,Mean of Weekly Award Amount,55.42,
Nov-22,Mansfield,Pension Credit Caseload - 2011 Geographies,2358,
Nov-22,Mansfield,Mean of Weekly Award Amount,57.5,
Nov-22,Newark and Sherwood,Pension Credit Caseload - 2011 Geographies,2268,
Nov-22,Newark and Sherwood,Mean of Weekly Award Amount,57.1,
Nov-22,Rushcliffe,Pension Credit Caseload - 2011 Geographies,1571,
Nov-22,Rushcliffe,Mean of Weekly Award Amount,56.71,
Nov-22,"Herefordshire, County of",Pension Credit Caseload - 2011 Geographies,4019,
Nov-22,"Herefordshire, County of",Mean of Weekly Award Amount,57.79,
Nov-22,Shropshire,Pension Credit Caseload - 2011 Geographies,7036,
Nov-22,Shropshire,Mean of Weekly Award Amount,56.93,
Nov-22,Stoke-on-Trent,Pension Credit Caseload - 2011 Geographies,6470,
Nov-22,Stoke-on-Trent,Mean of Weekly Award Amount,57.19,
Nov-22,Telford and Wrekin,Pension Credit Caseload - 2011 Geographies,4189,
Nov-22,Telford and Wrekin,Mean of Weekly Award Amount,60.3,
Nov-22,Cannock Chase,Pension Credit Caseload - 2011 Geographies,2279,
Nov-22,Cannock Chase,Mean of Weekly Award Amount,52.41,
Nov-22,East Staffordshire,Pension Credit Caseload - 2011 Geographies,1938,
Nov-22,East Staffordshire,Mean of Weekly Award Amount,57.24,
Nov-22,Lichfield,Pension Credit Caseload - 2011 Geographies,1773,
Nov-22,Lichfield,Mean of Weekly Award Amount,51.98,
Nov-22,Newcastle-under-Lyme,Pension Credit Caseload - 2011 Geographies,2578,
Nov-22,Newcastle-under-Lyme,Mean of Weekly Award Amount,54.85,
Nov-22,South Staffordshire,Pension Credit Caseload - 2011 Geographies,2314,
Nov-22,South Staffordshire,Mean of Weekly Award Amount,53.3,
Nov-22,Stafford,Pension Credit Caseload - 2011 Geographies,2085,
Nov-22,Stafford,Mean of Weekly Award Amount,55.62,
Nov-22,Staffordshire Moorlands,Pension Credit Caseload - 2011 Geographies,1779,
Nov-22,Staffordshire Moorlands,Mean of Weekly Award Amount,53.23,
Nov-22,Tamworth,Pension Credit Caseload - 2011 Geographies,1728,
Nov-22,Tamworth,Mean of Weekly Award Amount,52.77,
Nov-22,North Warwickshire,Pension Credit Caseload - 2011 Geographies,1342,
Nov-22,North Warwickshire,Mean of Weekly Award Amount,54.09,
Nov-22,Nuneaton and Bedworth,Pension Credit Caseload - 2011 Geographies,2766,
Nov-22,Nuneaton and Bedworth,Mean of Weekly Award Amount,62.96,
Nov-22,Rugby,Pension Credit Caseload - 2011 Geographies,1606,
Nov-22,Rugby,Mean of Weekly Award Amount,62.86,
Nov-22,Stratford-on-Avon,Pension Credit Caseload - 2011 Geographies,2251,
Nov-22,Stratford-on-Avon,Mean of Weekly Award Amount,57.25,
Nov-22,Warwick,Pension Credit Caseload - 2011 Geographies,2047,
Nov-22,Warwick,Mean of Weekly Award Amount,57.87,
Nov-22,Birmingham,Pension Credit Caseload - 2011 Geographies,29452,
Nov-22,Birmingham,Mean of Weekly Award Amount,76.45,
Nov-22,Coventry,Pension Credit Caseload - 2011 Geographies,7186,
Nov-22,Coventry,Mean of Weekly Award Amount,70.82,
Nov-22,Dudley,Pension Credit Caseload - 2011 Geographies,7980,
Nov-22,Dudley,Mean of Weekly Award Amount,56.12,
Nov-22,Sandwell,Pension Credit Caseload - 2011 Geographies,9999,
Nov-22,Sandwell,Mean of Weekly Award Amount,71.94,
Nov-22,Solihull,Pension Credit Caseload - 2011 Geographies,3962,
Nov-22,Solihull,Mean of Weekly Award Amount,60.91,
Nov-22,Walsall,Pension Credit Caseload - 2011 Geographies,7822,
Nov-22,Walsall,Mean of Weekly Award Amount,62.64,
Nov-22,Wolverhampton,Pension Credit Caseload - 2011 Geographies,7511,
Nov-22,Wolverhampton,Mean of Weekly Award Amount,70.5,
Nov-22,Bromsgrove,Pension Credit Caseload - 2011 Geographies,1530,
Nov-22,Bromsgrove,Mean of Weekly Award Amount,53,
Nov-22,Malvern Hills,Pension Credit Caseload - 2011 Geographies,1599,
Nov-22,Malvern Hills,Mean of Weekly Award Amount,58.17,
Nov-22,Redditch,Pension Credit Caseload - 2011 Geographies,1704,
Nov-22,Redditch,Mean of Weekly Award Amount,57.04,
Nov-22,Worcester,Pension Credit Caseload - 2011 Geographies,1830,
Nov-22,Worcester,Mean of Weekly Award Amount,58.84,
Nov-22,Wychavon,Pension Credit Caseload - 2011 Geographies,2327,
Nov-22,Wychavon,Mean of Weekly Award Amount,58.67,
Nov-22,Wyre Forest,Pension Credit Caseload - 2011 Geographies,2455,
Nov-22,Wyre Forest,Mean of Weekly Award Amount,53.84,
Nov-22,Bedford,Pension Credit Caseload - 2011 Geographies,2857,
Nov-22,Bedford,Mean of Weekly Award Amount,71.14,
Nov-22,Central Bedfordshire,Pension Credit Caseload - 2011 Geographies,3720,
Nov-22,Central Bedfordshire,Mean of Weekly Award Amount,58.64,
Nov-22,Luton,Pension Credit Caseload - 2011 Geographies,4369,
Nov-22,Luton,Mean of Weekly Award Amount,82.5,
Nov-22,Peterborough,Pension Credit Caseload - 2011 Geographies,4199,
Nov-22,Peterborough,Mean of Weekly Award Amount,75.82,
Nov-22,Southend-on-Sea,Pension Credit Caseload - 2011 Geographies,4300,
Nov-22,Southend-on-Sea,Mean of Weekly Award Amount,64.86,
Nov-22,Thurrock,Pension Credit Caseload - 2011 Geographies,2911,
Nov-22,Thurrock,Mean of Weekly Award Amount,70.06,
Nov-22,Cambridge,Pension Credit Caseload - 2011 Geographies,1519,
Nov-22,Cambridge,Mean of Weekly Award Amount,74.58,
Nov-22,East Cambridgeshire,Pension Credit Caseload - 2011 Geographies,1293,
Nov-22,East Cambridgeshire,Mean of Weekly Award Amount,59.86,
Nov-22,Fenland,Pension Credit Caseload - 2011 Geographies,2574,
Nov-22,Fenland,Mean of Weekly Award Amount,59.93,
Nov-22,Huntingdonshire,Pension Credit Caseload - 2011 Geographies,2324,
Nov-22,Huntingdonshire,Mean of Weekly Award Amount,60.34,
Nov-22,South Cambridgeshire,Pension Credit Caseload - 2011 Geographies,1789,
Nov-22,South Cambridgeshire,Mean of Weekly Award Amount,67.16,
Nov-22,Basildon,Pension Credit Caseload - 2011 Geographies,3725,
Nov-22,Basildon,Mean of Weekly Award Amount,62.62,
Nov-22,Braintree,Pension Credit Caseload - 2011 Geographies,2703,
Nov-22,Braintree,Mean of Weekly Award Amount,55.36,
Nov-22,Brentwood,Pension Credit Caseload - 2011 Geographies,1122,
Nov-22,Brentwood,Mean of Weekly Award Amount,64.55,
Nov-22,Castle Point,Pension Credit Caseload - 2011 Geographies,2056,
Nov-22,Castle Point,Mean of Weekly Award Amount,58.44,
Nov-22,Chelmsford,Pension Credit Caseload - 2011 Geographies,2382,
Nov-22,Chelmsford,Mean of Weekly Award Amount,63.85,
Nov-22,Colchester,Pension Credit Caseload - 2011 Geographies,2918,
Nov-22,Colchester,Mean of Weekly Award Amount,65.67,
Nov-22,Epping Forest,Pension Credit Caseload - 2011 Geographies,2526,
Nov-22,Epping Forest,Mean of Weekly Award Amount,68.49,
Nov-22,Harlow,Pension Credit Caseload - 2011 Geographies,1680,
Nov-22,Harlow,Mean of Weekly Award Amount,63.44,
Nov-22,Maldon,Pension Credit Caseload - 2011 Geographies,1305,
Nov-22,Maldon,Mean of Weekly Award Amount,56.47,
Nov-22,Rochford,Pension Credit Caseload - 2011 Geographies,1446,
Nov-22,Rochford,Mean of Weekly Award Amount,57.58,
Nov-22,Tendring,Pension Credit Caseload - 2011 Geographies,4925,
Nov-22,Tendring,Mean of Weekly Award Amount,59.29,
Nov-22,Uttlesford,Pension Credit Caseload - 2011 Geographies,1110,
Nov-22,Uttlesford,Mean of Weekly Award Amount,59.42,
Nov-22,Broxbourne,Pension Credit Caseload - 2011 Geographies,1767,
Nov-22,Broxbourne,Mean of Weekly Award Amount,69.63,
Nov-22,Dacorum,Pension Credit Caseload - 2011 Geographies,2031,
Nov-22,Dacorum,Mean of Weekly Award Amount,65.72,
Nov-22,East Hertfordshire,Pension Credit Caseload - 2011 Geographies,1774,
Nov-22,East Hertfordshire,Mean of Weekly Award Amount,64.27,
Nov-22,Hertsmere,Pension Credit Caseload - 2011 Geographies,1774,
Nov-22,Hertsmere,Mean of Weekly Award Amount,75.62,
Nov-22,North Hertfordshire,Pension Credit Caseload - 2011 Geographies,1919,
Nov-22,North Hertfordshire,Mean of Weekly Award Amount,60.01,
Nov-22,St Albans,Pension Credit Caseload - 2011 Geographies,1450,
Nov-22,St Albans,Mean of Weekly Award Amount,69.62,
Nov-22,Stevenage,Pension Credit Caseload - 2011 Geographies,1436,
Nov-22,Stevenage,Mean of Weekly Award Amount,66.47,
Nov-22,Three Rivers,Pension Credit Caseload - 2011 Geographies,1242,
Nov-22,Three Rivers,Mean of Weekly Award Amount,74.55,
Nov-22,Watford,Pension Credit Caseload - 2011 Geographies,1402,
Nov-22,Watford,Mean of Weekly Award Amount,78.4,
Nov-22,Welwyn Hatfield,Pension Credit Caseload - 2011 Geographies,1592,
Nov-22,Welwyn Hatfield,Mean of Weekly Award Amount,68.76,
Nov-22,Breckland,Pension Credit Caseload - 2011 Geographies,3026,
Nov-22,Breckland,Mean of Weekly Award Amount,57.06,
Nov-22,Broadland,Pension Credit Caseload - 2011 Geographies,2204,
Nov-22,Broadland,Mean of Weekly Award Amount,52.77,
Nov-22,Great Yarmouth,Pension Credit Caseload - 2011 Geographies,3261,
Nov-22,Great Yarmouth,Mean of Weekly Award Amount,55.75,
Nov-22,King's Lynn and West Norfolk,Pension Credit Caseload - 2011 Geographies,3854,
Nov-22,King's Lynn and West Norfolk,Mean of Weekly Award Amount,56.9,
Nov-22,North Norfolk,Pension Credit Caseload - 2011 Geographies,2718,
Nov-22,North Norfolk,Mean of Weekly Award Amount,52.31,
Nov-22,Norwich,Pension Credit Caseload - 2011 Geographies,3275,
Nov-22,Norwich,Mean of Weekly Award Amount,60.23,
Nov-22,South Norfolk,Pension Credit Caseload - 2011 Geographies,2453,
Nov-22,South Norfolk,Mean of Weekly Award Amount,57.44,
Nov-22,Babergh,Pension Credit Caseload - 2011 Geographies,1669,
Nov-22,Babergh,Mean of Weekly Award Amount,55.55,
Nov-22,East Suffolk,Pension Credit Caseload - 2011 Geographies,5398,
Nov-22,East Suffolk,Mean of Weekly Award Amount,55.28,
Nov-22,Ipswich,Pension Credit Caseload - 2011 Geographies,2741,
Nov-22,Ipswich,Mean of Weekly Award Amount,67.8,
Nov-22,Mid Suffolk,Pension Credit Caseload - 2011 Geographies,1665,
Nov-22,Mid Suffolk,Mean of Weekly Award Amount,57.45,
Nov-22,West Suffolk,Pension Credit Caseload - 2011 Geographies,2943,
Nov-22,West Suffolk,Mean of Weekly Award Amount,57,
Nov-22,Camden,Pension Credit Caseload - 2011 Geographies,6039,
Nov-22,Camden,Mean of Weekly Award Amount,99.44,
Nov-22,City of London,Pension Credit Caseload - 2011 Geographies,96,
Nov-22,City of London,Mean of Weekly Award Amount,93.43,
Nov-22,Hackney,Pension Credit Caseload - 2011 Geographies,7442,
Nov-22,Hackney,Mean of Weekly Award Amount,101.61,
Nov-22,Hammersmith and Fulham,Pension Credit Caseload - 2011 Geographies,4476,
Nov-22,Hammersmith and Fulham,Mean of Weekly Award Amount,100.52,
Nov-22,Haringey,Pension Credit Caseload - 2011 Geographies,6819,
Nov-22,Haringey,Mean of Weekly Award Amount,104.93,
Nov-22,Islington,Pension Credit Caseload - 2011 Geographies,6046,
Nov-22,Islington,Mean of Weekly Award Amount,92.75,
Nov-22,Kensington and Chelsea,Pension Credit Caseload - 2011 Geographies,4298,
Nov-22,Kensington and Chelsea,Mean of Weekly Award Amount,102.7,
Nov-22,Lambeth,Pension Credit Caseload - 2011 Geographies,7270,
Nov-22,Lambeth,Mean of Weekly Award Amount,93.76,
Nov-22,Lewisham,Pension Credit Caseload - 2011 Geographies,6098,
Nov-22,Lewisham,Mean of Weekly Award Amount,87.77,
Nov-22,Newham,Pension Credit Caseload - 2011 Geographies,8066,
Nov-22,Newham,Mean of Weekly Award Amount,107.38,
Nov-22,Southwark,Pension Credit Caseload - 2011 Geographies,7358,
Nov-22,Southwark,Mean of Weekly Award Amount,93.8,
Nov-22,Tower Hamlets,Pension Credit Caseload - 2011 Geographies,7145,
Nov-22,Tower Hamlets,Mean of Weekly Award Amount,100.63,
Nov-22,Wandsworth,Pension Credit Caseload - 2011 Geographies,5576,
Nov-22,Wandsworth,Mean of Weekly Award Amount,95.34,
Nov-22,Westminster,Pension Credit Caseload - 2011 Geographies,5884,
Nov-22,Westminster,Mean of Weekly Award Amount,112.14,
Nov-22,Barking and Dagenham,Pension Credit Caseload - 2011 Geographies,4477,
Nov-22,Barking and Dagenham,Mean of Weekly Award Amount,92.22,
Nov-22,Barnet,Pension Credit Caseload - 2011 Geographies,7842,
Nov-22,Barnet,Mean of Weekly Award Amount,105.63,
Nov-22,Bexley,Pension Credit Caseload - 2011 Geographies,3880,
Nov-22,Bexley,Mean of Weekly Award Amount,75.48,
Nov-22,Brent,Pension Credit Caseload - 2011 Geographies,8868,
Nov-22,Brent,Mean of Weekly Award Amount,113.38,
Nov-22,Bromley,Pension Credit Caseload - 2011 Geographies,4935,
Nov-22,Bromley,Mean of Weekly Award Amount,77.49,
Nov-22,Croydon,Pension Credit Caseload - 2011 Geographies,7040,
Nov-22,Croydon,Mean of Weekly Award Amount,91.15,
Nov-22,Ealing,Pension Credit Caseload - 2011 Geographies,8571,
Nov-22,Ealing,Mean of Weekly Award Amount,119.41,
Nov-22,Enfield,Pension Credit Caseload - 2011 Geographies,7918,
Nov-22,Enfield,Mean of Weekly Award Amount,98.78,
Nov-22,Greenwich,Pension Credit Caseload - 2011 Geographies,6095,
Nov-22,Greenwich,Mean of Weekly Award Amount,95.67,
Nov-22,Harrow,Pension Credit Caseload - 2011 Geographies,5668,
Nov-22,Harrow,Mean of Weekly Award Amount,122.83,
Nov-22,Havering,Pension Credit Caseload - 2011 Geographies,4406,
Nov-22,Havering,Mean of Weekly Award Amount,72.81,
Nov-22,Hillingdon,Pension Credit Caseload - 2011 Geographies,5260,
Nov-22,Hillingdon,Mean of Weekly Award Amount,106.84,
Nov-22,Hounslow,Pension Credit Caseload - 2011 Geographies,5839,
Nov-22,Hounslow,Mean of Weekly Award Amount,114.09,
Nov-22,Kingston upon Thames,Pension Credit Caseload - 2011 Geographies,2400,
Nov-22,Kingston upon Thames,Mean of Weekly Award Amount,104.54,
Nov-22,Merton,Pension Credit Caseload - 2011 Geographies,3465,
Nov-22,Merton,Mean of Weekly Award Amount,99.46,
Nov-22,Redbridge,Pension Credit Caseload - 2011 Geographies,6226,
Nov-22,Redbridge,Mean of Weekly Award Amount,102.65,
Nov-22,Richmond upon Thames,Pension Credit Caseload - 2011 Geographies,2662,
Nov-22,Richmond upon Thames,Mean of Weekly Award Amount,88.5,
Nov-22,Sutton,Pension Credit Caseload - 2011 Geographies,3131,
Nov-22,Sutton,Mean of Weekly Award Amount,88.08,
Nov-22,Waltham Forest,Pension Credit Caseload - 2011 Geographies,5662,
Nov-22,Waltham Forest,Mean of Weekly Award Amount,91.64,
Nov-22,Bracknell Forest,Pension Credit Caseload - 2011 Geographies,1495,
Nov-22,Bracknell Forest,Mean of Weekly Award Amount,75.37,
Nov-22,Brighton and Hove,Pension Credit Caseload - 2011 Geographies,5956,
Nov-22,Brighton and Hove,Mean of Weekly Award Amount,72.56,
Nov-22,Buckinghamshire,Pension Credit Caseload - 2011 Geographies,6465,
Nov-22,Buckinghamshire,Mean of Weekly Award Amount,69.27,
Nov-22,Isle of Wight,Pension Credit Caseload - 2011 Geographies,4045,
Nov-22,Isle of Wight,Mean of Weekly Award Amount,57.62,
Nov-22,Medway,Pension Credit Caseload - 2011 Geographies,4916,
Nov-22,Medway,Mean of Weekly Award Amount,63.79,
Nov-22,Milton Keynes,Pension Credit Caseload - 2011 Geographies,4104,
Nov-22,Milton Keynes,Mean of Weekly Award Amount,73.37,
Nov-22,Portsmouth,Pension Credit Caseload - 2011 Geographies,4364,
Nov-22,Portsmouth,Mean of Weekly Award Amount,65.75,
Nov-22,Reading,Pension Credit Caseload - 2011 Geographies,2862,
Nov-22,Reading,Mean of Weekly Award Amount,97.08,
Nov-22,Slough,Pension Credit Caseload - 2011 Geographies,2748,
Nov-22,Slough,Mean of Weekly Award Amount,96.97,
Nov-22,Southampton,Pension Credit Caseload - 2011 Geographies,4803,
Nov-22,Southampton,Mean of Weekly Award Amount,70.14,
Nov-22,West Berkshire,Pension Credit Caseload - 2011 Geographies,1980,
Nov-22,West Berkshire,Mean of Weekly Award Amount,60.76,
Nov-22,Windsor and Maidenhead,Pension Credit Caseload - 2011 Geographies,1871,
Nov-22,Windsor and Maidenhead,Mean of Weekly Award Amount,72.2,
Nov-22,Wokingham,Pension Credit Caseload - 2011 Geographies,1420,
Nov-22,Wokingham,Mean of Weekly Award Amount,68.25,
Nov-22,Eastbourne,Pension Credit Caseload - 2011 Geographies,2741,
Nov-22,Eastbourne,Mean of Weekly Award Amount,66.79,
Nov-22,Hastings,Pension Credit Caseload - 2011 Geographies,2931,
Nov-22,Hastings,Mean of Weekly Award Amount,67.3,
Nov-22,Lewes,Pension Credit Caseload - 2011 Geographies,2177,
Nov-22,Lewes,Mean of Weekly Award Amount,61.94,
Nov-22,Rother,Pension Credit Caseload - 2011 Geographies,2526,
Nov-22,Rother,Mean of Weekly Award Amount,61.45,
Nov-22,Wealden,Pension Credit Caseload - 2011 Geographies,2750,
Nov-22,Wealden,Mean of Weekly Award Amount,59,
Nov-22,Basingstoke and Deane,Pension Credit Caseload - 2011 Geographies,2124,
Nov-22,Basingstoke and Deane,Mean of Weekly Award Amount,71.97,
Nov-22,East Hampshire,Pension Credit Caseload - 2011 Geographies,1585,
Nov-22,East Hampshire,Mean of Weekly Award Amount,62.41,
Nov-22,Eastleigh,Pension Credit Caseload - 2011 Geographies,1696,
Nov-22,Eastleigh,Mean of Weekly Award Amount,59.22,
Nov-22,Fareham,Pension Credit Caseload - 2011 Geographies,1557,
Nov-22,Fareham,Mean of Weekly Award Amount,55.12,
Nov-22,Gosport,Pension Credit Caseload - 2011 Geographies,1545,
Nov-22,Gosport,Mean of Weekly Award Amount,56.32,
Nov-22,Hart,Pension Credit Caseload - 2011 Geographies,889,
Nov-22,Hart,Mean of Weekly Award Amount,66,
Nov-22,Havant,Pension Credit Caseload - 2011 Geographies,2837,
Nov-22,Havant,Mean of Weekly Award Amount,57.91,
Nov-22,New Forest,Pension Credit Caseload - 2011 Geographies,3209,
Nov-22,New Forest,Mean of Weekly Award Amount,59.18,
Nov-22,Rushmoor,Pension Credit Caseload - 2011 Geographies,2329,
Nov-22,Rushmoor,Mean of Weekly Award Amount,124.42,
Nov-22,Test Valley,Pension Credit Caseload - 2011 Geographies,1654,
Nov-22,Test Valley,Mean of Weekly Award Amount,61.86,
Nov-22,Winchester,Pension Credit Caseload - 2011 Geographies,1649,
Nov-22,Winchester,Mean of Weekly Award Amount,62.35,
Nov-22,Ashford,Pension Credit Caseload - 2011 Geographies,2517,
Nov-22,Ashford,Mean of Weekly Award Amount,81.26,
Nov-22,Canterbury,Pension Credit Caseload - 2011 Geographies,3143,
Nov-22,Canterbury,Mean of Weekly Award Amount,63.69,
Nov-22,Dartford,Pension Credit Caseload - 2011 Geographies,1406,
Nov-22,Dartford,Mean of Weekly Award Amount,67.29,
Nov-22,Dover,Pension Credit Caseload - 2011 Geographies,2698,
Nov-22,Dover,Mean of Weekly Award Amount,61.03,
Nov-22,Folkestone and Hythe,Pension Credit Caseload - 2011 Geographies,2991,
Nov-22,Folkestone and Hythe,Mean of Weekly Award Amount,69.7,
Nov-22,Gravesham,Pension Credit Caseload - 2011 Geographies,1926,
Nov-22,Gravesham,Mean of Weekly Award Amount,68.45,
Nov-22,Maidstone,Pension Credit Caseload - 2011 Geographies,2743,
Nov-22,Maidstone,Mean of Weekly Award Amount,69.72,
Nov-22,Sevenoaks,Pension Credit Caseload - 2011 Geographies,1714,
Nov-22,Sevenoaks,Mean of Weekly Award Amount,65.68,
Nov-22,Swale,Pension Credit Caseload - 2011 Geographies,3067,
Nov-22,Swale,Mean of Weekly Award Amount,61.42,
Nov-22,Thanet,Pension Credit Caseload - 2011 Geographies,4522,
Nov-22,Thanet,Mean of Weekly Award Amount,63.32,
Nov-22,Tonbridge and Malling,Pension Credit Caseload - 2011 Geographies,1720,
Nov-22,Tonbridge and Malling,Mean of Weekly Award Amount,64.21,
Nov-22,Tunbridge Wells,Pension Credit Caseload - 2011 Geographies,1674,
Nov-22,Tunbridge Wells,Mean of Weekly Award Amount,66.06,
Nov-22,Cherwell,Pension Credit Caseload - 2011 Geographies,1917,
Nov-22,Cherwell,Mean of Weekly Award Amount,62.84,
Nov-22,Oxford,Pension Credit Caseload - 2011 Geographies,1934,
Nov-22,Oxford,Mean of Weekly Award Amount,82.18,
Nov-22,South Oxfordshire,Pension Credit Caseload - 2011 Geographies,1613,
Nov-22,South Oxfordshire,Mean of Weekly Award Amount,61.38,
Nov-22,Vale of White Horse,Pension Credit Caseload - 2011 Geographies,1419,
Nov-22,Vale of White Horse,Mean of Weekly Award Amount,64.35,
Nov-22,West Oxfordshire,Pension Credit Caseload - 2011 Geographies,1355,
Nov-22,West Oxfordshire,Mean of Weekly Award Amount,63.22,
Nov-22,Elmbridge,Pension Credit Caseload - 2011 Geographies,1661,
Nov-22,Elmbridge,Mean of Weekly Award Amount,76.88,
Nov-22,Epsom and Ewell,Pension Credit Caseload - 2011 Geographies,850,
Nov-22,Epsom and Ewell,Mean of Weekly Award Amount,85.91,
Nov-22,Guildford,Pension Credit Caseload - 2011 Geographies,1473,
Nov-22,Guildford,Mean of Weekly Award Amount,68.74,
Nov-22,Mole Valley,Pension Credit Caseload - 2011 Geographies,1066,
Nov-22,Mole Valley,Mean of Weekly Award Amount,68.12,
Nov-22,Reigate and Banstead,Pension Credit Caseload - 2011 Geographies,1654,
Nov-22,Reigate and Banstead,Mean of Weekly Award Amount,73.2,
Nov-22,Runnymede,Pension Credit Caseload - 2011 Geographies,1121,
Nov-22,Runnymede,Mean of Weekly Award Amount,67.67,
Nov-22,Spelthorne,Pension Credit Caseload - 2011 Geographies,1402,
Nov-22,Spelthorne,Mean of Weekly Award Amount,73.64,
Nov-22,Surrey Heath,Pension Credit Caseload - 2011 Geographies,971,
Nov-22,Surrey Heath,Mean of Weekly Award Amount,77.89,
Nov-22,Tandridge,Pension Credit Caseload - 2011 Geographies,1051,
Nov-22,Tandridge,Mean of Weekly Award Amount,67.82,
Nov-22,Waverley,Pension Credit Caseload - 2011 Geographies,1536,
Nov-22,Waverley,Mean of Weekly Award Amount,67.41,
Nov-22,Woking,Pension Credit Caseload - 2011 Geographies,1191,
Nov-22,Woking,Mean of Weekly Award Amount,77.33,
Nov-22,Adur,Pension Credit Caseload - 2011 Geographies,1416,
Nov-22,Adur,Mean of Weekly Award Amount,61.35,
Nov-22,Arun,Pension Credit Caseload - 2011 Geographies,3915,
Nov-22,Arun,Mean of Weekly Award Amount,60.38,
Nov-22,Chichester,Pension Credit Caseload - 2011 Geographies,2231,
Nov-22,Chichester,Mean of Weekly Award Amount,60.24,
Nov-22,Crawley,Pension Credit Caseload - 2011 Geographies,1733,
Nov-22,Crawley,Mean of Weekly Award Amount,83.19,
Nov-22,Horsham,Pension Credit Caseload - 2011 Geographies,1834,
Nov-22,Horsham,Mean of Weekly Award Amount,62.28,
Nov-22,Mid Sussex,Pension Credit Caseload - 2011 Geographies,1757,
Nov-22,Mid Sussex,Mean of Weekly Award Amount,64.51,
Nov-22,Worthing,Pension Credit Caseload - 2011 Geographies,2326,
Nov-22,Worthing,Mean of Weekly Award Amount,61.9,
Nov-22,Bath and North East Somerset,Pension Credit Caseload - 2011 Geographies,2909,
Nov-22,Bath and North East Somerset,Mean of Weekly Award Amount,59.93,
Nov-22,"Bournemouth, Christchurch and Poole",Pension Credit Caseload - 2011 Geographies,9220,
Nov-22,"Bournemouth, Christchurch and Poole",Mean of Weekly Award Amount,63.17,
Nov-22,"Bristol, City of",Pension Credit Caseload - 2011 Geographies,7995,
Nov-22,"Bristol, City of",Mean of Weekly Award Amount,71.77,
Nov-22,Cornwall,Pension Credit Caseload - 2011 Geographies,15629,
Nov-22,Cornwall,Mean of Weekly Award Amount,54.47,
Nov-22,Dorset,Pension Credit Caseload - 2011 Geographies,7815,
Nov-22,Dorset,Mean of Weekly Award Amount,56.88,
Nov-22,Isles of Scilly,Pension Credit Caseload - 2011 Geographies,22,
Nov-22,Isles of Scilly,Mean of Weekly Award Amount,76.76,
Nov-22,North Somerset,Pension Credit Caseload - 2011 Geographies,4278,
Nov-22,North Somerset,Mean of Weekly Award Amount,58.86,
Nov-22,Plymouth,Pension Credit Caseload - 2011 Geographies,5966,
Nov-22,Plymouth,Mean of Weekly Award Amount,59.89,
Nov-22,Somerset,Pension Credit Caseload - 2011 Geographies,11601,
Nov-22,Somerset,Mean of Weekly Award Amount,58,
Nov-22,South Gloucestershire,Pension Credit Caseload - 2011 Geographies,3771,
Nov-22,South Gloucestershire,Mean of Weekly Award Amount,60.13,
Nov-22,Swindon,Pension Credit Caseload - 2011 Geographies,3879,
Nov-22,Swindon,Mean of Weekly Award Amount,78.71,
Nov-22,Torbay,Pension Credit Caseload - 2011 Geographies,4901,
Nov-22,Torbay,Mean of Weekly Award Amount,60.13,
Nov-22,Wiltshire,Pension Credit Caseload - 2011 Geographies,7542,
Nov-22,Wiltshire,Mean of Weekly Award Amount,60.25,
Nov-22,East Devon,Pension Credit Caseload - 2011 Geographies,3070,
Nov-22,East Devon,Mean of Weekly Award Amount,55.3,
Nov-22,Exeter,Pension Credit Caseload - 2011 Geographies,2261,
Nov-22,Exeter,Mean of Weekly Award Amount,58.3,
Nov-22,Mid Devon,Pension Credit Caseload - 2011 Geographies,1642,
Nov-22,Mid Devon,Mean of Weekly Award Amount,57.49,
Nov-22,North Devon,Pension Credit Caseload - 2011 Geographies,2358,
Nov-22,North Devon,Mean of Weekly Award Amount,56.01,
Nov-22,South Hams,Pension Credit Caseload - 2011 Geographies,1866,
Nov-22,South Hams,Mean of Weekly Award Amount,59.22,
Nov-22,Teignbridge,Pension Credit Caseload - 2011 Geographies,3204,
Nov-22,Teignbridge,Mean of Weekly Award Amount,56.42,
Nov-22,Torridge,Pension Credit Caseload - 2011 Geographies,1824,
Nov-22,Torridge,Mean of Weekly Award Amount,55.53,
Nov-22,West Devon,Pension Credit Caseload - 2011 Geographies,1246,
Nov-22,West Devon,Mean of Weekly Award Amount,58.1,
Nov-22,Cheltenham,Pension Credit Caseload - 2011 Geographies,1835,
Nov-22,Cheltenham,Mean of Weekly Award Amount,62.24,
Nov-22,Cotswold,Pension Credit Caseload - 2011 Geographies,1492,
Nov-22,Cotswold,Mean of Weekly Award Amount,55.76,
Nov-22,Forest of Dean,Pension Credit Caseload - 2011 Geographies,1864,
Nov-22,Forest of Dean,Mean of Weekly Award Amount,61.34,
Nov-22,Gloucester,Pension Credit Caseload - 2011 Geographies,2267,
Nov-22,Gloucester,Mean of Weekly Award Amount,67.72,
Nov-22,Stroud,Pension Credit Caseload - 2011 Geographies,1878,
Nov-22,Stroud,Mean of Weekly Award Amount,57.85,
Nov-22,Tewkesbury,Pension Credit Caseload - 2011 Geographies,1410,
Nov-22,Tewkesbury,Mean of Weekly Award Amount,60.65,
Nov-22,Total,Pension Credit Caseload - 2011 Geographies,1166824,
Nov-22,Total,Mean of Weekly Award Amount,68.87,
Feb-23,England,Pension Credit Caseload - 2011 Geographies,1161284,
Feb-23,England,Mean of Weekly Award Amount,68.98,
Feb-23,County Durham,Pension Credit Caseload - 2011 Geographies,15072,
Feb-23,County Durham,Mean of Weekly Award Amount,56.19,
Feb-23,Darlington,Pension Credit Caseload - 2011 Geographies,2634,
Feb-23,Darlington,Mean of Weekly Award Amount,60.75,
Feb-23,Hartlepool,Pension Credit Caseload - 2011 Geographies,3248,
Feb-23,Hartlepool,Mean of Weekly Award Amount,59.58,
Feb-23,Middlesbrough,Pension Credit Caseload - 2011 Geographies,4138,
Feb-23,Middlesbrough,Mean of Weekly Award Amount,62.73,
Feb-23,Northumberland,Pension Credit Caseload - 2011 Geographies,7295,
Feb-23,Northumberland,Mean of Weekly Award Amount,52.89,
Feb-23,Redcar and Cleveland,Pension Credit Caseload - 2011 Geographies,4345,
Feb-23,Redcar and Cleveland,Mean of Weekly Award Amount,54.32,
Feb-23,Stockton-on-Tees,Pension Credit Caseload - 2011 Geographies,4600,
Feb-23,Stockton-on-Tees,Mean of Weekly Award Amount,58.54,
Feb-23,Gateshead,Pension Credit Caseload - 2011 Geographies,5928,
Feb-23,Gateshead,Mean of Weekly Award Amount,57.5,
Feb-23,Newcastle upon Tyne,Pension Credit Caseload - 2011 Geographies,7570,
Feb-23,Newcastle upon Tyne,Mean of Weekly Award Amount,64.74,
Feb-23,North Tyneside,Pension Credit Caseload - 2011 Geographies,5394,
Feb-23,North Tyneside,Mean of Weekly Award Amount,54.16,
Feb-23,South Tyneside,Pension Credit Caseload - 2011 Geographies,5162,
Feb-23,South Tyneside,Mean of Weekly Award Amount,54.86,
Feb-23,Sunderland,Pension Credit Caseload - 2011 Geographies,9451,
Feb-23,Sunderland,Mean of Weekly Award Amount,56.08,
Feb-23,Blackburn with Darwen,Pension Credit Caseload - 2011 Geographies,3865,
Feb-23,Blackburn with Darwen,Mean of Weekly Award Amount,73.01,
Feb-23,Blackpool,Pension Credit Caseload - 2011 Geographies,5303,
Feb-23,Blackpool,Mean of Weekly Award Amount,60,
Feb-23,Cheshire East,Pension Credit Caseload - 2011 Geographies,5921,
Feb-23,Cheshire East,Mean of Weekly Award Amount,58.52,
Feb-23,Cheshire West and Chester,Pension Credit Caseload - 2011 Geographies,6607,
Feb-23,Cheshire West and Chester,Mean of Weekly Award Amount,57.38,
Feb-23,Cumberland,Pension Credit Caseload - 2011 Geographies,5945,
Feb-23,Cumberland,Mean of Weekly Award Amount,55.37,
Feb-23,Halton,Pension Credit Caseload - 2011 Geographies,3417,
Feb-23,Halton,Mean of Weekly Award Amount,59.9,
Feb-23,Warrington,Pension Credit Caseload - 2011 Geographies,3790,
Feb-23,Warrington,Mean of Weekly Award Amount,58.41,
Feb-23,Westmorland and Furness,Pension Credit Caseload - 2011 Geographies,4137,
Feb-23,Westmorland and Furness,Mean of Weekly Award Amount,56.63,
Feb-23,Bolton,Pension Credit Caseload - 2011 Geographies,7389,
Feb-23,Bolton,Mean of Weekly Award Amount,69.24,
Feb-23,Bury,Pension Credit Caseload - 2011 Geographies,3972,
Feb-23,Bury,Mean of Weekly Award Amount,63.88,
Feb-23,Manchester,Pension Credit Caseload - 2011 Geographies,13883,
Feb-23,Manchester,Mean of Weekly Award Amount,81.8,
Feb-23,Oldham,Pension Credit Caseload - 2011 Geographies,5531,
Feb-23,Oldham,Mean of Weekly Award Amount,65.73,
Feb-23,Rochdale,Pension Credit Caseload - 2011 Geographies,5731,
Feb-23,Rochdale,Mean of Weekly Award Amount,62.92,
Feb-23,Salford,Pension Credit Caseload - 2011 Geographies,6307,
Feb-23,Salford,Mean of Weekly Award Amount,63.4,
Feb-23,Stockport,Pension Credit Caseload - 2011 Geographies,5761,
Feb-23,Stockport,Mean of Weekly Award Amount,63.45,
Feb-23,Tameside,Pension Credit Caseload - 2011 Geographies,5567,
Feb-23,Tameside,Mean of Weekly Award Amount,58.47,
Feb-23,Trafford,Pension Credit Caseload - 2011 Geographies,4239,
Feb-23,Trafford,Mean of Weekly Award Amount,67.94,
Feb-23,Wigan,Pension Credit Caseload - 2011 Geographies,7557,
Feb-23,Wigan,Mean of Weekly Award Amount,54.13,
Feb-23,Burnley,Pension Credit Caseload - 2011 Geographies,2390,
Feb-23,Burnley,Mean of Weekly Award Amount,61.93,
Feb-23,Chorley,Pension Credit Caseload - 2011 Geographies,2009,
Feb-23,Chorley,Mean of Weekly Award Amount,53.97,
Feb-23,Fylde,Pension Credit Caseload - 2011 Geographies,1926,
Feb-23,Fylde,Mean of Weekly Award Amount,57.97,
Feb-23,Hyndburn,Pension Credit Caseload - 2011 Geographies,2137,
Feb-23,Hyndburn,Mean of Weekly Award Amount,59.66,
Feb-23,Lancaster,Pension Credit Caseload - 2011 Geographies,3119,
Feb-23,Lancaster,Mean of Weekly Award Amount,59.03,
Feb-23,Pendle,Pension Credit Caseload - 2011 Geographies,2483,
Feb-23,Pendle,Mean of Weekly Award Amount,69.36,
Feb-23,Preston,Pension Credit Caseload - 2011 Geographies,3144,
Feb-23,Preston,Mean of Weekly Award Amount,67.04,
Feb-23,Ribble Valley,Pension Credit Caseload - 2011 Geographies,796,
Feb-23,Ribble Valley,Mean of Weekly Award Amount,54.05,
Feb-23,Rossendale,Pension Credit Caseload - 2011 Geographies,1634,
Feb-23,Rossendale,Mean of Weekly Award Amount,56.73,
Feb-23,South Ribble,Pension Credit Caseload - 2011 Geographies,1836,
Feb-23,South Ribble,Mean of Weekly Award Amount,54.52,
Feb-23,West Lancashire,Pension Credit Caseload - 2011 Geographies,2785,
Feb-23,West Lancashire,Mean of Weekly Award Amount,55.89,
Feb-23,Wyre,Pension Credit Caseload - 2011 Geographies,3037,
Feb-23,Wyre,Mean of Weekly Award Amount,58.33,
Feb-23,Knowsley,Pension Credit Caseload - 2011 Geographies,5635,
Feb-23,Knowsley,Mean of Weekly Award Amount,62.35,
Feb-23,Liverpool,Pension Credit Caseload - 2011 Geographies,17113,
Feb-23,Liverpool,Mean of Weekly Award Amount,67.43,
Feb-23,Sefton,Pension Credit Caseload - 2011 Geographies,8457,
Feb-23,Sefton,Mean of Weekly Award Amount,58.12,
Feb-23,St. Helens,Pension Credit Caseload - 2011 Geographies,4735,
Feb-23,St. Helens,Mean of Weekly Award Amount,58.53,
Feb-23,Wirral,Pension Credit Caseload - 2011 Geographies,9028,
Feb-23,Wirral,Mean of Weekly Award Amount,61.56,
Feb-23,East Riding of Yorkshire,Pension Credit Caseload - 2011 Geographies,7962,
Feb-23,East Riding of Yorkshire,Mean of Weekly Award Amount,52.98,
Feb-23,"Kingston upon Hull, City of",Pension Credit Caseload - 2011 Geographies,7816,
Feb-23,"Kingston upon Hull, City of",Mean of Weekly Award Amount,58.48,
Feb-23,North East Lincolnshire,Pension Credit Caseload - 2011 Geographies,4564,
Feb-23,North East Lincolnshire,Mean of Weekly Award Amount,56.79,
Feb-23,North Lincolnshire,Pension Credit Caseload - 2011 Geographies,3946,
Feb-23,North Lincolnshire,Mean of Weekly Award Amount,56.37,
Feb-23,North Yorkshire,Pension Credit Caseload - 2011 Geographies,11663,
Feb-23,North Yorkshire,Mean of Weekly Award Amount,56.38,
Feb-23,York,Pension Credit Caseload - 2011 Geographies,2778,
Feb-23,York,Mean of Weekly Award Amount,56.44,
Feb-23,Barnsley,Pension Credit Caseload - 2011 Geographies,5931,
Feb-23,Barnsley,Mean of Weekly Award Amount,57.56,
Feb-23,Doncaster,Pension Credit Caseload - 2011 Geographies,7469,
Feb-23,Doncaster,Mean of Weekly Award Amount,59.42,
Feb-23,Rotherham,Pension Credit Caseload - 2011 Geographies,6555,
Feb-23,Rotherham,Mean of Weekly Award Amount,56.29,
Feb-23,Sheffield,Pension Credit Caseload - 2011 Geographies,13160,
Feb-23,Sheffield,Mean of Weekly Award Amount,63.6,
Feb-23,Bradford,Pension Credit Caseload - 2011 Geographies,12704,
Feb-23,Bradford,Mean of Weekly Award Amount,68.24,
Feb-23,Calderdale,Pension Credit Caseload - 2011 Geographies,4463,
Feb-23,Calderdale,Mean of Weekly Award Amount,56.86,
Feb-23,Kirklees,Pension Credit Caseload - 2011 Geographies,8819,
Feb-23,Kirklees,Mean of Weekly Award Amount,60.99,
Feb-23,Leeds,Pension Credit Caseload - 2011 Geographies,15118,
Feb-23,Leeds,Mean of Weekly Award Amount,63.17,
Feb-23,Wakefield,Pension Credit Caseload - 2011 Geographies,7647,
Feb-23,Wakefield,Mean of Weekly Award Amount,56.37,
Feb-23,Derby,Pension Credit Caseload - 2011 Geographies,5562,
Feb-23,Derby,Mean of Weekly Award Amount,71.19,
Feb-23,Leicester,Pension Credit Caseload - 2011 Geographies,10185,
Feb-23,Leicester,Mean of Weekly Award Amount,101.46,
Feb-23,North Northamptonshire,Pension Credit Caseload - 2011 Geographies,6227,
Feb-23,North Northamptonshire,Mean of Weekly Award Amount,59.24,
Feb-23,Nottingham,Pension Credit Caseload - 2011 Geographies,7239,
Feb-23,Nottingham,Mean of Weekly Award Amount,68.65,
Feb-23,Rutland,Pension Credit Caseload - 2011 Geographies,516,
Feb-23,Rutland,Mean of Weekly Award Amount,53.92,
Feb-23,West Northamptonshire,Pension Credit Caseload - 2011 Geographies,6366,
Feb-23,West Northamptonshire,Mean of Weekly Award Amount,65.39,
Feb-23,Amber Valley,Pension Credit Caseload - 2011 Geographies,2560,
Feb-23,Amber Valley,Mean of Weekly Award Amount,56.25,
Feb-23,Bolsover,Pension Credit Caseload - 2011 Geographies,1945,
Feb-23,Bolsover,Mean of Weekly Award Amount,56.85,
Feb-23,Chesterfield,Pension Credit Caseload - 2011 Geographies,2738,
Feb-23,Chesterfield,Mean of Weekly Award Amount,56.38,
Feb-23,Derbyshire Dales,Pension Credit Caseload - 2011 Geographies,1177,
Feb-23,Derbyshire Dales,Mean of Weekly Award Amount,56.09,
Feb-23,Erewash,Pension Credit Caseload - 2011 Geographies,2352,
Feb-23,Erewash,Mean of Weekly Award Amount,50.17,
Feb-23,High Peak,Pension Credit Caseload - 2011 Geographies,1705,
Feb-23,High Peak,Mean of Weekly Award Amount,55.58,
Feb-23,North East Derbyshire,Pension Credit Caseload - 2011 Geographies,2409,
Feb-23,North East Derbyshire,Mean of Weekly Award Amount,55.48,
Feb-23,South Derbyshire,Pension Credit Caseload - 2011 Geographies,1617,
Feb-23,South Derbyshire,Mean of Weekly Award Amount,53.57,
Feb-23,Blaby,Pension Credit Caseload - 2011 Geographies,1610,
Feb-23,Blaby,Mean of Weekly Award Amount,60.86,
Feb-23,Charnwood,Pension Credit Caseload - 2011 Geographies,2797,
Feb-23,Charnwood,Mean of Weekly Award Amount,60.18,
Feb-23,Harborough,Pension Credit Caseload - 2011 Geographies,1225,
Feb-23,Harborough,Mean of Weekly Award Amount,57.43,
Feb-23,Hinckley and Bosworth,Pension Credit Caseload - 2011 Geographies,1815,
Feb-23,Hinckley and Bosworth,Mean of Weekly Award Amount,51.47,
Feb-23,Melton,Pension Credit Caseload - 2011 Geographies,789,
Feb-23,Melton,Mean of Weekly Award Amount,56.32,
Feb-23,North West Leicestershire,Pension Credit Caseload - 2011 Geographies,1599,
Feb-23,North West Leicestershire,Mean of Weekly Award Amount,54.63,
Feb-23,Oadby and Wigston,Pension Credit Caseload - 2011 Geographies,1073,
Feb-23,Oadby and Wigston,Mean of Weekly Award Amount,64.84,
Feb-23,Boston,Pension Credit Caseload - 2011 Geographies,1812,
Feb-23,Boston,Mean of Weekly Award Amount,67.63,
Feb-23,East Lindsey,Pension Credit Caseload - 2011 Geographies,4872,
Feb-23,East Lindsey,Mean of Weekly Award Amount,57.79,
Feb-23,Lincoln,Pension Credit Caseload - 2011 Geographies,2108,
Feb-23,Lincoln,Mean of Weekly Award Amount,60.02,
Feb-23,North Kesteven,Pension Credit Caseload - 2011 Geographies,2191,
Feb-23,North Kesteven,Mean of Weekly Award Amount,55.65,
Feb-23,South Holland,Pension Credit Caseload - 2011 Geographies,2143,
Feb-23,South Holland,Mean of Weekly Award Amount,55.67,
Feb-23,South Kesteven,Pension Credit Caseload - 2011 Geographies,2453,
Feb-23,South Kesteven,Mean of Weekly Award Amount,57.62,
Feb-23,West Lindsey,Pension Credit Caseload - 2011 Geographies,2009,
Feb-23,West Lindsey,Mean of Weekly Award Amount,55.21,
Feb-23,Ashfield,Pension Credit Caseload - 2011 Geographies,2739,
Feb-23,Ashfield,Mean of Weekly Award Amount,54.6,
Feb-23,Bassetlaw,Pension Credit Caseload - 2011 Geographies,2528,
Feb-23,Bassetlaw,Mean of Weekly Award Amount,57.86,
Feb-23,Broxtowe,Pension Credit Caseload - 2011 Geographies,2025,
Feb-23,Broxtowe,Mean of Weekly Award Amount,55.61,
Feb-23,Gedling,Pension Credit Caseload - 2011 Geographies,2086,
Feb-23,Gedling,Mean of Weekly Award Amount,55.71,
Feb-23,Mansfield,Pension Credit Caseload - 2011 Geographies,2338,
Feb-23,Mansfield,Mean of Weekly Award Amount,57.89,
Feb-23,Newark and Sherwood,Pension Credit Caseload - 2011 Geographies,2272,
Feb-23,Newark and Sherwood,Mean of Weekly Award Amount,56.78,
Feb-23,Rushcliffe,Pension Credit Caseload - 2011 Geographies,1574,
Feb-23,Rushcliffe,Mean of Weekly Award Amount,57.31,
Feb-23,"Herefordshire, County of",Pension Credit Caseload - 2011 Geographies,3971,
Feb-23,"Herefordshire, County of",Mean of Weekly Award Amount,57.76,
Feb-23,Shropshire,Pension Credit Caseload - 2011 Geographies,6974,
Feb-23,Shropshire,Mean of Weekly Award Amount,56.85,
Feb-23,Stoke-on-Trent,Pension Credit Caseload - 2011 Geographies,6416,
Feb-23,Stoke-on-Trent,Mean of Weekly Award Amount,56.96,
Feb-23,Telford and Wrekin,Pension Credit Caseload - 2011 Geographies,4173,
Feb-23,Telford and Wrekin,Mean of Weekly Award Amount,60.07,
Feb-23,Cannock Chase,Pension Credit Caseload - 2011 Geographies,2257,
Feb-23,Cannock Chase,Mean of Weekly Award Amount,52.3,
Feb-23,East Staffordshire,Pension Credit Caseload - 2011 Geographies,1932,
Feb-23,East Staffordshire,Mean of Weekly Award Amount,57.14,
Feb-23,Lichfield,Pension Credit Caseload - 2011 Geographies,1753,
Feb-23,Lichfield,Mean of Weekly Award Amount,52.34,
Feb-23,Newcastle-under-Lyme,Pension Credit Caseload - 2011 Geographies,2538,
Feb-23,Newcastle-under-Lyme,Mean of Weekly Award Amount,54.9,
Feb-23,South Staffordshire,Pension Credit Caseload - 2011 Geographies,2300,
Feb-23,South Staffordshire,Mean of Weekly Award Amount,53.08,
Feb-23,Stafford,Pension Credit Caseload - 2011 Geographies,2086,
Feb-23,Stafford,Mean of Weekly Award Amount,55.07,
Feb-23,Staffordshire Moorlands,Pension Credit Caseload - 2011 Geographies,1749,
Feb-23,Staffordshire Moorlands,Mean of Weekly Award Amount,52.72,
Feb-23,Tamworth,Pension Credit Caseload - 2011 Geographies,1700,
Feb-23,Tamworth,Mean of Weekly Award Amount,53.29,
Feb-23,North Warwickshire,Pension Credit Caseload - 2011 Geographies,1344,
Feb-23,North Warwickshire,Mean of Weekly Award Amount,53.59,
Feb-23,Nuneaton and Bedworth,Pension Credit Caseload - 2011 Geographies,2733,
Feb-23,Nuneaton and Bedworth,Mean of Weekly Award Amount,62.68,
Feb-23,Rugby,Pension Credit Caseload - 2011 Geographies,1596,
Feb-23,Rugby,Mean of Weekly Award Amount,62.7,
Feb-23,Stratford-on-Avon,Pension Credit Caseload - 2011 Geographies,2231,
Feb-23,Stratford-on-Avon,Mean of Weekly Award Amount,56.8,
Feb-23,Warwick,Pension Credit Caseload - 2011 Geographies,2036,
Feb-23,Warwick,Mean of Weekly Award Amount,57.93,
Feb-23,Birmingham,Pension Credit Caseload - 2011 Geographies,29205,
Feb-23,Birmingham,Mean of Weekly Award Amount,76.61,
Feb-23,Coventry,Pension Credit Caseload - 2011 Geographies,7185,
Feb-23,Coventry,Mean of Weekly Award Amount,71,
Feb-23,Dudley,Pension Credit Caseload - 2011 Geographies,7888,
Feb-23,Dudley,Mean of Weekly Award Amount,56.31,
Feb-23,Sandwell,Pension Credit Caseload - 2011 Geographies,9954,
Feb-23,Sandwell,Mean of Weekly Award Amount,72.19,
Feb-23,Solihull,Pension Credit Caseload - 2011 Geographies,3925,
Feb-23,Solihull,Mean of Weekly Award Amount,61.21,
Feb-23,Walsall,Pension Credit Caseload - 2011 Geographies,7762,
Feb-23,Walsall,Mean of Weekly Award Amount,62.64,
Feb-23,Wolverhampton,Pension Credit Caseload - 2011 Geographies,7434,
Feb-23,Wolverhampton,Mean of Weekly Award Amount,71.12,
Feb-23,Bromsgrove,Pension Credit Caseload - 2011 Geographies,1495,
Feb-23,Bromsgrove,Mean of Weekly Award Amount,53.15,
Feb-23,Malvern Hills,Pension Credit Caseload - 2011 Geographies,1610,
Feb-23,Malvern Hills,Mean of Weekly Award Amount,58.07,
Feb-23,Redditch,Pension Credit Caseload - 2011 Geographies,1724,
Feb-23,Redditch,Mean of Weekly Award Amount,56.65,
Feb-23,Worcester,Pension Credit Caseload - 2011 Geographies,1822,
Feb-23,Worcester,Mean of Weekly Award Amount,59.09,
Feb-23,Wychavon,Pension Credit Caseload - 2011 Geographies,2306,
Feb-23,Wychavon,Mean of Weekly Award Amount,58.84,
Feb-23,Wyre Forest,Pension Credit Caseload - 2011 Geographies,2434,
Feb-23,Wyre Forest,Mean of Weekly Award Amount,54.25,
Feb-23,Bedford,Pension Credit Caseload - 2011 Geographies,2850,
Feb-23,Bedford,Mean of Weekly Award Amount,71.25,
Feb-23,Central Bedfordshire,Pension Credit Caseload - 2011 Geographies,3704,
Feb-23,Central Bedfordshire,Mean of Weekly Award Amount,58.72,
Feb-23,Luton,Pension Credit Caseload - 2011 Geographies,4361,
Feb-23,Luton,Mean of Weekly Award Amount,82.72,
Feb-23,Peterborough,Pension Credit Caseload - 2011 Geographies,4188,
Feb-23,Peterborough,Mean of Weekly Award Amount,75.76,
Feb-23,Southend-on-Sea,Pension Credit Caseload - 2011 Geographies,4260,
Feb-23,Southend-on-Sea,Mean of Weekly Award Amount,65.16,
Feb-23,Thurrock,Pension Credit Caseload - 2011 Geographies,2914,
Feb-23,Thurrock,Mean of Weekly Award Amount,70.14,
Feb-23,Cambridge,Pension Credit Caseload - 2011 Geographies,1513,
Feb-23,Cambridge,Mean of Weekly Award Amount,75.58,
Feb-23,East Cambridgeshire,Pension Credit Caseload - 2011 Geographies,1281,
Feb-23,East Cambridgeshire,Mean of Weekly Award Amount,60.09,
Feb-23,Fenland,Pension Credit Caseload - 2011 Geographies,2560,
Feb-23,Fenland,Mean of Weekly Award Amount,59.31,
Feb-23,Huntingdonshire,Pension Credit Caseload - 2011 Geographies,2342,
Feb-23,Huntingdonshire,Mean of Weekly Award Amount,60.04,
Feb-23,South Cambridgeshire,Pension Credit Caseload - 2011 Geographies,1779,
Feb-23,South Cambridgeshire,Mean of Weekly Award Amount,66.75,
Feb-23,Basildon,Pension Credit Caseload - 2011 Geographies,3726,
Feb-23,Basildon,Mean of Weekly Award Amount,63.13,
Feb-23,Braintree,Pension Credit Caseload - 2011 Geographies,2647,
Feb-23,Braintree,Mean of Weekly Award Amount,55.77,
Feb-23,Brentwood,Pension Credit Caseload - 2011 Geographies,1112,
Feb-23,Brentwood,Mean of Weekly Award Amount,64.89,
Feb-23,Castle Point,Pension Credit Caseload - 2011 Geographies,2051,
Feb-23,Castle Point,Mean of Weekly Award Amount,58.51,
Feb-23,Chelmsford,Pension Credit Caseload - 2011 Geographies,2389,
Feb-23,Chelmsford,Mean of Weekly Award Amount,64.23,
Feb-23,Colchester,Pension Credit Caseload - 2011 Geographies,2892,
Feb-23,Colchester,Mean of Weekly Award Amount,65.96,
Feb-23,Epping Forest,Pension Credit Caseload - 2011 Geographies,2487,
Feb-23,Epping Forest,Mean of Weekly Award Amount,68.93,
Feb-23,Harlow,Pension Credit Caseload - 2011 Geographies,1668,
Feb-23,Harlow,Mean of Weekly Award Amount,63.95,
Feb-23,Maldon,Pension Credit Caseload - 2011 Geographies,1273,
Feb-23,Maldon,Mean of Weekly Award Amount,56.31,
Feb-23,Rochford,Pension Credit Caseload - 2011 Geographies,1443,
Feb-23,Rochford,Mean of Weekly Award Amount,57.64,
Feb-23,Tendring,Pension Credit Caseload - 2011 Geographies,4881,
Feb-23,Tendring,Mean of Weekly Award Amount,59.05,
Feb-23,Uttlesford,Pension Credit Caseload - 2011 Geographies,1109,
Feb-23,Uttlesford,Mean of Weekly Award Amount,58.81,
Feb-23,Broxbourne,Pension Credit Caseload - 2011 Geographies,1761,
Feb-23,Broxbourne,Mean of Weekly Award Amount,69.68,
Feb-23,Dacorum,Pension Credit Caseload - 2011 Geographies,2046,
Feb-23,Dacorum,Mean of Weekly Award Amount,66.2,
Feb-23,East Hertfordshire,Pension Credit Caseload - 2011 Geographies,1776,
Feb-23,East Hertfordshire,Mean of Weekly Award Amount,64.93,
Feb-23,Hertsmere,Pension Credit Caseload - 2011 Geographies,1777,
Feb-23,Hertsmere,Mean of Weekly Award Amount,76,
Feb-23,North Hertfordshire,Pension Credit Caseload - 2011 Geographies,1903,
Feb-23,North Hertfordshire,Mean of Weekly Award Amount,59.31,
Feb-23,St Albans,Pension Credit Caseload - 2011 Geographies,1454,
Feb-23,St Albans,Mean of Weekly Award Amount,70.45,
Feb-23,Stevenage,Pension Credit Caseload - 2011 Geographies,1444,
Feb-23,Stevenage,Mean of Weekly Award Amount,66.38,
Feb-23,Three Rivers,Pension Credit Caseload - 2011 Geographies,1243,
Feb-23,Three Rivers,Mean of Weekly Award Amount,74.27,
Feb-23,Watford,Pension Credit Caseload - 2011 Geographies,1406,
Feb-23,Watford,Mean of Weekly Award Amount,79.16,
Feb-23,Welwyn Hatfield,Pension Credit Caseload - 2011 Geographies,1598,
Feb-23,Welwyn Hatfield,Mean of Weekly Award Amount,68.73,
Feb-23,Breckland,Pension Credit Caseload - 2011 Geographies,3011,
Feb-23,Breckland,Mean of Weekly Award Amount,56.59,
Feb-23,Broadland,Pension Credit Caseload - 2011 Geographies,2196,
Feb-23,Broadland,Mean of Weekly Award Amount,53.12,
Feb-23,Great Yarmouth,Pension Credit Caseload - 2011 Geographies,3228,
Feb-23,Great Yarmouth,Mean of Weekly Award Amount,55.95,
Feb-23,King's Lynn and West Norfolk,Pension Credit Caseload - 2011 Geographies,3826,
Feb-23,King's Lynn and West Norfolk,Mean of Weekly Award Amount,57.26,
Feb-23,North Norfolk,Pension Credit Caseload - 2011 Geographies,2712,
Feb-23,North Norfolk,Mean of Weekly Award Amount,52.05,
Feb-23,Norwich,Pension Credit Caseload - 2011 Geographies,3260,
Feb-23,Norwich,Mean of Weekly Award Amount,60.43,
Feb-23,South Norfolk,Pension Credit Caseload - 2011 Geographies,2448,
Feb-23,South Norfolk,Mean of Weekly Award Amount,57.57,
Feb-23,Babergh,Pension Credit Caseload - 2011 Geographies,1666,
Feb-23,Babergh,Mean of Weekly Award Amount,55.38,
Feb-23,East Suffolk,Pension Credit Caseload - 2011 Geographies,5348,
Feb-23,East Suffolk,Mean of Weekly Award Amount,54.95,
Feb-23,Ipswich,Pension Credit Caseload - 2011 Geographies,2703,
Feb-23,Ipswich,Mean of Weekly Award Amount,68.27,
Feb-23,Mid Suffolk,Pension Credit Caseload - 2011 Geographies,1646,
Feb-23,Mid Suffolk,Mean of Weekly Award Amount,57.26,
Feb-23,West Suffolk,Pension Credit Caseload - 2011 Geographies,2931,
Feb-23,West Suffolk,Mean of Weekly Award Amount,56.96,
Feb-23,Camden,Pension Credit Caseload - 2011 Geographies,6088,
Feb-23,Camden,Mean of Weekly Award Amount,99.16,
Feb-23,City of London,Pension Credit Caseload - 2011 Geographies,96,
Feb-23,City of London,Mean of Weekly Award Amount,89.35,
Feb-23,Hackney,Pension Credit Caseload - 2011 Geographies,7460,
Feb-23,Hackney,Mean of Weekly Award Amount,101.63,
Feb-23,Hammersmith and Fulham,Pension Credit Caseload - 2011 Geographies,4477,
Feb-23,Hammersmith and Fulham,Mean of Weekly Award Amount,100.52,
Feb-23,Haringey,Pension Credit Caseload - 2011 Geographies,6886,
Feb-23,Haringey,Mean of Weekly Award Amount,104.81,
Feb-23,Islington,Pension Credit Caseload - 2011 Geographies,6058,
Feb-23,Islington,Mean of Weekly Award Amount,92.74,
Feb-23,Kensington and Chelsea,Pension Credit Caseload - 2011 Geographies,4301,
Feb-23,Kensington and Chelsea,Mean of Weekly Award Amount,101.84,
Feb-23,Lambeth,Pension Credit Caseload - 2011 Geographies,7357,
Feb-23,Lambeth,Mean of Weekly Award Amount,93.15,
Feb-23,Lewisham,Pension Credit Caseload - 2011 Geographies,6185,
Feb-23,Lewisham,Mean of Weekly Award Amount,87.48,
Feb-23,Newham,Pension Credit Caseload - 2011 Geographies,8078,
Feb-23,Newham,Mean of Weekly Award Amount,107.98,
Feb-23,Southwark,Pension Credit Caseload - 2011 Geographies,7376,
Feb-23,Southwark,Mean of Weekly Award Amount,93.34,
Feb-23,Tower Hamlets,Pension Credit Caseload - 2011 Geographies,7197,
Feb-23,Tower Hamlets,Mean of Weekly Award Amount,100.3,
Feb-23,Wandsworth,Pension Credit Caseload - 2011 Geographies,5621,
Feb-23,Wandsworth,Mean of Weekly Award Amount,94.6,
Feb-23,Westminster,Pension Credit Caseload - 2011 Geographies,5929,
Feb-23,Westminster,Mean of Weekly Award Amount,111.71,
Feb-23,Barking and Dagenham,Pension Credit Caseload - 2011 Geographies,4487,
Feb-23,Barking and Dagenham,Mean of Weekly Award Amount,92.83,
Feb-23,Barnet,Pension Credit Caseload - 2011 Geographies,7893,
Feb-23,Barnet,Mean of Weekly Award Amount,105.54,
Feb-23,Bexley,Pension Credit Caseload - 2011 Geographies,3891,
Feb-23,Bexley,Mean of Weekly Award Amount,75.91,
Feb-23,Brent,Pension Credit Caseload - 2011 Geographies,8863,
Feb-23,Brent,Mean of Weekly Award Amount,113.17,
Feb-23,Bromley,Pension Credit Caseload - 2011 Geographies,4918,
Feb-23,Bromley,Mean of Weekly Award Amount,78.02,
Feb-23,Croydon,Pension Credit Caseload - 2011 Geographies,7068,
Feb-23,Croydon,Mean of Weekly Award Amount,91.15,
Feb-23,Ealing,Pension Credit Caseload - 2011 Geographies,8641,
Feb-23,Ealing,Mean of Weekly Award Amount,119.28,
Feb-23,Enfield,Pension Credit Caseload - 2011 Geographies,7944,
Feb-23,Enfield,Mean of Weekly Award Amount,98.85,
Feb-23,Greenwich,Pension Credit Caseload - 2011 Geographies,6110,
Feb-23,Greenwich,Mean of Weekly Award Amount,95.48,
Feb-23,Harrow,Pension Credit Caseload - 2011 Geographies,5646,
Feb-23,Harrow,Mean of Weekly Award Amount,123.01,
Feb-23,Havering,Pension Credit Caseload - 2011 Geographies,4379,
Feb-23,Havering,Mean of Weekly Award Amount,73.02,
Feb-23,Hillingdon,Pension Credit Caseload - 2011 Geographies,5239,
Feb-23,Hillingdon,Mean of Weekly Award Amount,107.2,
Feb-23,Hounslow,Pension Credit Caseload - 2011 Geographies,5843,
Feb-23,Hounslow,Mean of Weekly Award Amount,114.38,
Feb-23,Kingston upon Thames,Pension Credit Caseload - 2011 Geographies,2415,
Feb-23,Kingston upon Thames,Mean of Weekly Award Amount,104.42,
Feb-23,Merton,Pension Credit Caseload - 2011 Geographies,3475,
Feb-23,Merton,Mean of Weekly Award Amount,99.44,
Feb-23,Redbridge,Pension Credit Caseload - 2011 Geographies,6213,
Feb-23,Redbridge,Mean of Weekly Award Amount,102.96,
Feb-23,Richmond upon Thames,Pension Credit Caseload - 2011 Geographies,2662,
Feb-23,Richmond upon Thames,Mean of Weekly Award Amount,88.28,
Feb-23,Sutton,Pension Credit Caseload - 2011 Geographies,3103,
Feb-23,Sutton,Mean of Weekly Award Amount,88.75,
Feb-23,Waltham Forest,Pension Credit Caseload - 2011 Geographies,5670,
Feb-23,Waltham Forest,Mean of Weekly Award Amount,91.98,
Feb-23,Bracknell Forest,Pension Credit Caseload - 2011 Geographies,1506,
Feb-23,Bracknell Forest,Mean of Weekly Award Amount,75.02,
Feb-23,Brighton and Hove,Pension Credit Caseload - 2011 Geographies,5900,
Feb-23,Brighton and Hove,Mean of Weekly Award Amount,72.51,
Feb-23,Buckinghamshire,Pension Credit Caseload - 2011 Geographies,6436,
Feb-23,Buckinghamshire,Mean of Weekly Award Amount,69.5,
Feb-23,Isle of Wight,Pension Credit Caseload - 2011 Geographies,4024,
Feb-23,Isle of Wight,Mean of Weekly Award Amount,57.51,
Feb-23,Medway,Pension Credit Caseload - 2011 Geographies,4877,
Feb-23,Medway,Mean of Weekly Award Amount,63.74,
Feb-23,Milton Keynes,Pension Credit Caseload - 2011 Geographies,4178,
Feb-23,Milton Keynes,Mean of Weekly Award Amount,73.48,
Feb-23,Portsmouth,Pension Credit Caseload - 2011 Geographies,4323,
Feb-23,Portsmouth,Mean of Weekly Award Amount,66.02,
Feb-23,Reading,Pension Credit Caseload - 2011 Geographies,2844,
Feb-23,Reading,Mean of Weekly Award Amount,97.29,
Feb-23,Slough,Pension Credit Caseload - 2011 Geographies,2737,
Feb-23,Slough,Mean of Weekly Award Amount,97.29,
Feb-23,Southampton,Pension Credit Caseload - 2011 Geographies,4794,
Feb-23,Southampton,Mean of Weekly Award Amount,70.46,
Feb-23,West Berkshire,Pension Credit Caseload - 2011 Geographies,1955,
Feb-23,West Berkshire,Mean of Weekly Award Amount,61.02,
Feb-23,Windsor and Maidenhead,Pension Credit Caseload - 2011 Geographies,1862,
Feb-23,Windsor and Maidenhead,Mean of Weekly Award Amount,72.91,
Feb-23,Wokingham,Pension Credit Caseload - 2011 Geographies,1418,
Feb-23,Wokingham,Mean of Weekly Award Amount,69.02,
Feb-23,Eastbourne,Pension Credit Caseload - 2011 Geographies,2733,
Feb-23,Eastbourne,Mean of Weekly Award Amount,67.22,
Feb-23,Hastings,Pension Credit Caseload - 2011 Geographies,2906,
Feb-23,Hastings,Mean of Weekly Award Amount,66.76,
Feb-23,Lewes,Pension Credit Caseload - 2011 Geographies,2144,
Feb-23,Lewes,Mean of Weekly Award Amount,62.01,
Feb-23,Rother,Pension Credit Caseload - 2011 Geographies,2498,
Feb-23,Rother,Mean of Weekly Award Amount,60.94,
Feb-23,Wealden,Pension Credit Caseload - 2011 Geographies,2750,
Feb-23,Wealden,Mean of Weekly Award Amount,59.15,
Feb-23,Basingstoke and Deane,Pension Credit Caseload - 2011 Geographies,2116,
Feb-23,Basingstoke and Deane,Mean of Weekly Award Amount,72.08,
Feb-23,East Hampshire,Pension Credit Caseload - 2011 Geographies,1571,
Feb-23,East Hampshire,Mean of Weekly Award Amount,63.03,
Feb-23,Eastleigh,Pension Credit Caseload - 2011 Geographies,1701,
Feb-23,Eastleigh,Mean of Weekly Award Amount,59.93,
Feb-23,Fareham,Pension Credit Caseload - 2011 Geographies,1542,
Feb-23,Fareham,Mean of Weekly Award Amount,55.51,
Feb-23,Gosport,Pension Credit Caseload - 2011 Geographies,1548,
Feb-23,Gosport,Mean of Weekly Award Amount,56.65,
Feb-23,Hart,Pension Credit Caseload - 2011 Geographies,885,
Feb-23,Hart,Mean of Weekly Award Amount,66.84,
Feb-23,Havant,Pension Credit Caseload - 2011 Geographies,2831,
Feb-23,Havant,Mean of Weekly Award Amount,58.02,
Feb-23,New Forest,Pension Credit Caseload - 2011 Geographies,3176,
Feb-23,New Forest,Mean of Weekly Award Amount,59.2,
Feb-23,Rushmoor,Pension Credit Caseload - 2011 Geographies,2335,
Feb-23,Rushmoor,Mean of Weekly Award Amount,122.99,
Feb-23,Test Valley,Pension Credit Caseload - 2011 Geographies,1651,
Feb-23,Test Valley,Mean of Weekly Award Amount,61.9,
Feb-23,Winchester,Pension Credit Caseload - 2011 Geographies,1643,
Feb-23,Winchester,Mean of Weekly Award Amount,62.26,
Feb-23,Ashford,Pension Credit Caseload - 2011 Geographies,2533,
Feb-23,Ashford,Mean of Weekly Award Amount,81.26,
Feb-23,Canterbury,Pension Credit Caseload - 2011 Geographies,3111,
Feb-23,Canterbury,Mean of Weekly Award Amount,63.74,
Feb-23,Dartford,Pension Credit Caseload - 2011 Geographies,1404,
Feb-23,Dartford,Mean of Weekly Award Amount,66.46,
Feb-23,Dover,Pension Credit Caseload - 2011 Geographies,2681,
Feb-23,Dover,Mean of Weekly Award Amount,60.4,
Feb-23,Folkestone and Hythe,Pension Credit Caseload - 2011 Geographies,2986,
Feb-23,Folkestone and Hythe,Mean of Weekly Award Amount,69.99,
Feb-23,Gravesham,Pension Credit Caseload - 2011 Geographies,1949,
Feb-23,Gravesham,Mean of Weekly Award Amount,68.26,
Feb-23,Maidstone,Pension Credit Caseload - 2011 Geographies,2727,
Feb-23,Maidstone,Mean of Weekly Award Amount,69.56,
Feb-23,Sevenoaks,Pension Credit Caseload - 2011 Geographies,1703,
Feb-23,Sevenoaks,Mean of Weekly Award Amount,65.52,
Feb-23,Swale,Pension Credit Caseload - 2011 Geographies,3054,
Feb-23,Swale,Mean of Weekly Award Amount,61.48,
Feb-23,Thanet,Pension Credit Caseload - 2011 Geographies,4489,
Feb-23,Thanet,Mean of Weekly Award Amount,63.42,
Feb-23,Tonbridge and Malling,Pension Credit Caseload - 2011 Geographies,1729,
Feb-23,Tonbridge and Malling,Mean of Weekly Award Amount,63.72,
Feb-23,Tunbridge Wells,Pension Credit Caseload - 2011 Geographies,1673,
Feb-23,Tunbridge Wells,Mean of Weekly Award Amount,67.18,
Feb-23,Cherwell,Pension Credit Caseload - 2011 Geographies,1903,
Feb-23,Cherwell,Mean of Weekly Award Amount,63.29,
Feb-23,Oxford,Pension Credit Caseload - 2011 Geographies,1909,
Feb-23,Oxford,Mean of Weekly Award Amount,81.74,
Feb-23,South Oxfordshire,Pension Credit Caseload - 2011 Geographies,1607,
Feb-23,South Oxfordshire,Mean of Weekly Award Amount,62.05,
Feb-23,Vale of White Horse,Pension Credit Caseload - 2011 Geographies,1413,
Feb-23,Vale of White Horse,Mean of Weekly Award Amount,64.31,
Feb-23,West Oxfordshire,Pension Credit Caseload - 2011 Geographies,1346,
Feb-23,West Oxfordshire,Mean of Weekly Award Amount,63.78,
Feb-23,Elmbridge,Pension Credit Caseload - 2011 Geographies,1657,
Feb-23,Elmbridge,Mean of Weekly Award Amount,77.66,
Feb-23,Epsom and Ewell,Pension Credit Caseload - 2011 Geographies,863,
Feb-23,Epsom and Ewell,Mean of Weekly Award Amount,86.4,
Feb-23,Guildford,Pension Credit Caseload - 2011 Geographies,1490,
Feb-23,Guildford,Mean of Weekly Award Amount,68.99,
Feb-23,Mole Valley,Pension Credit Caseload - 2011 Geographies,1054,
Feb-23,Mole Valley,Mean of Weekly Award Amount,68.14,
Feb-23,Reigate and Banstead,Pension Credit Caseload - 2011 Geographies,1655,
Feb-23,Reigate and Banstead,Mean of Weekly Award Amount,74.11,
Feb-23,Runnymede,Pension Credit Caseload - 2011 Geographies,1122,
Feb-23,Runnymede,Mean of Weekly Award Amount,68.22,
Feb-23,Spelthorne,Pension Credit Caseload - 2011 Geographies,1395,
Feb-23,Spelthorne,Mean of Weekly Award Amount,73.63,
Feb-23,Surrey Heath,Pension Credit Caseload - 2011 Geographies,983,
Feb-23,Surrey Heath,Mean of Weekly Award Amount,77.91,
Feb-23,Tandridge,Pension Credit Caseload - 2011 Geographies,1061,
Feb-23,Tandridge,Mean of Weekly Award Amount,68.33,
Feb-23,Waverley,Pension Credit Caseload - 2011 Geographies,1535,
Feb-23,Waverley,Mean of Weekly Award Amount,67.22,
Feb-23,Woking,Pension Credit Caseload - 2011 Geographies,1187,
Feb-23,Woking,Mean of Weekly Award Amount,78.21,
Feb-23,Adur,Pension Credit Caseload - 2011 Geographies,1418,
Feb-23,Adur,Mean of Weekly Award Amount,60.89,
Feb-23,Arun,Pension Credit Caseload - 2011 Geographies,3866,
Feb-23,Arun,Mean of Weekly Award Amount,60.56,
Feb-23,Chichester,Pension Credit Caseload - 2011 Geographies,2217,
Feb-23,Chichester,Mean of Weekly Award Amount,60.35,
Feb-23,Crawley,Pension Credit Caseload - 2011 Geographies,1737,
Feb-23,Crawley,Mean of Weekly Award Amount,84.54,
Feb-23,Horsham,Pension Credit Caseload - 2011 Geographies,1835,
Feb-23,Horsham,Mean of Weekly Award Amount,61.93,
Feb-23,Mid Sussex,Pension Credit Caseload - 2011 Geographies,1766,
Feb-23,Mid Sussex,Mean of Weekly Award Amount,64.83,
Feb-23,Worthing,Pension Credit Caseload - 2011 Geographies,2307,
Feb-23,Worthing,Mean of Weekly Award Amount,61.23,
Feb-23,Bath and North East Somerset,Pension Credit Caseload - 2011 Geographies,2880,
Feb-23,Bath and North East Somerset,Mean of Weekly Award Amount,59.98,
Feb-23,"Bournemouth, Christchurch and Poole",Pension Credit Caseload - 2011 Geographies,9127,
Feb-23,"Bournemouth, Christchurch and Poole",Mean of Weekly Award Amount,63.41,
Feb-23,"Bristol, City of",Pension Credit Caseload - 2011 Geographies,7922,
Feb-23,"Bristol, City of",Mean of Weekly Award Amount,71.98,
Feb-23,Cornwall,Pension Credit Caseload - 2011 Geographies,15569,
Feb-23,Cornwall,Mean of Weekly Award Amount,54.38,
Feb-23,Dorset,Pension Credit Caseload - 2011 Geographies,7803,
Feb-23,Dorset,Mean of Weekly Award Amount,57.16,
Feb-23,Isles of Scilly,Pension Credit Caseload - 2011 Geographies,21,
Feb-23,Isles of Scilly,Mean of Weekly Award Amount,76.21,
Feb-23,North Somerset,Pension Credit Caseload - 2011 Geographies,4226,
Feb-23,North Somerset,Mean of Weekly Award Amount,58.66,
Feb-23,Plymouth,Pension Credit Caseload - 2011 Geographies,5921,
Feb-23,Plymouth,Mean of Weekly Award Amount,59.99,
Feb-23,Somerset,Pension Credit Caseload - 2011 Geographies,11494,
Feb-23,Somerset,Mean of Weekly Award Amount,57.94,
Feb-23,South Gloucestershire,Pension Credit Caseload - 2011 Geographies,3724,
Feb-23,South Gloucestershire,Mean of Weekly Award Amount,60.01,
Feb-23,Swindon,Pension Credit Caseload - 2011 Geographies,3866,
Feb-23,Swindon,Mean of Weekly Award Amount,78.45,
Feb-23,Torbay,Pension Credit Caseload - 2011 Geographies,4855,
Feb-23,Torbay,Mean of Weekly Award Amount,60.83,
Feb-23,Wiltshire,Pension Credit Caseload - 2011 Geographies,7502,
Feb-23,Wiltshire,Mean of Weekly Award Amount,60.25,
Feb-23,East Devon,Pension Credit Caseload - 2011 Geographies,3024,
Feb-23,East Devon,Mean of Weekly Award Amount,55.02,
Feb-23,Exeter,Pension Credit Caseload - 2011 Geographies,2247,
Feb-23,Exeter,Mean of Weekly Award Amount,58.49,
Feb-23,Mid Devon,Pension Credit Caseload - 2011 Geographies,1626,
Feb-23,Mid Devon,Mean of Weekly Award Amount,58.05,
Feb-23,North Devon,Pension Credit Caseload - 2011 Geographies,2339,
Feb-23,North Devon,Mean of Weekly Award Amount,55.97,
Feb-23,South Hams,Pension Credit Caseload - 2011 Geographies,1843,
Feb-23,South Hams,Mean of Weekly Award Amount,59.55,
Feb-23,Teignbridge,Pension Credit Caseload - 2011 Geographies,3167,
Feb-23,Teignbridge,Mean of Weekly Award Amount,55.96,
Feb-23,Torridge,Pension Credit Caseload - 2011 Geographies,1806,
Feb-23,Torridge,Mean of Weekly Award Amount,55.55,
Feb-23,West Devon,Pension Credit Caseload - 2011 Geographies,1238,
Feb-23,West Devon,Mean of Weekly Award Amount,57.84,
Feb-23,Cheltenham,Pension Credit Caseload - 2011 Geographies,1810,
Feb-23,Cheltenham,Mean of Weekly Award Amount,62.15,
Feb-23,Cotswold,Pension Credit Caseload - 2011 Geographies,1482,
Feb-23,Cotswold,Mean of Weekly Award Amount,55.97,
Feb-23,Forest of Dean,Pension Credit Caseload - 2011 Geographies,1847,
Feb-23,Forest of Dean,Mean of Weekly Award Amount,61.01,
Feb-23,Gloucester,Pension Credit Caseload - 2011 Geographies,2266,
Feb-23,Gloucester,Mean of Weekly Award Amount,67.15,
Feb-23,Stroud,Pension Credit Caseload - 2011 Geographies,1849,
Feb-23,Stroud,Mean of Weekly Award Amount,58.23,
Feb-23,Tewkesbury,Pension Credit Caseload - 2011 Geographies,1390,
Feb-23,Tewkesbury,Mean of Weekly Award Amount,60.86,
Feb-23,Total,Pension Credit Caseload - 2011 Geographies,1161284,
Feb-23,Total,Mean of Weekly Award Amount,68.98,
May-23,England,Pension Credit Caseload - 2011 Geographies,1167258,
May-23,England,Mean of Weekly Award Amount,76.46,
May-23,County Durham,Pension Credit Caseload - 2011 Geographies,15139,
May-23,County Durham,Mean of Weekly Award Amount,62.71,
May-23,Darlington,Pension Credit Caseload - 2011 Geographies,2626,
May-23,Darlington,Mean of Weekly Award Amount,66.95,
May-23,Hartlepool,Pension Credit Caseload - 2011 Geographies,3258,
May-23,Hartlepool,Mean of Weekly Award Amount,66.14,
May-23,Middlesbrough,Pension Credit Caseload - 2011 Geographies,4147,
May-23,Middlesbrough,Mean of Weekly Award Amount,69.92,
May-23,Northumberland,Pension Credit Caseload - 2011 Geographies,7346,
May-23,Northumberland,Mean of Weekly Award Amount,58.79,
May-23,Redcar and Cleveland,Pension Credit Caseload - 2011 Geographies,4330,
May-23,Redcar and Cleveland,Mean of Weekly Award Amount,60.49,
May-23,Stockton-on-Tees,Pension Credit Caseload - 2011 Geographies,4621,
May-23,Stockton-on-Tees,Mean of Weekly Award Amount,65.07,
May-23,Gateshead,Pension Credit Caseload - 2011 Geographies,5929,
May-23,Gateshead,Mean of Weekly Award Amount,64.4,
May-23,Newcastle upon Tyne,Pension Credit Caseload - 2011 Geographies,7574,
May-23,Newcastle upon Tyne,Mean of Weekly Award Amount,71.69,
May-23,North Tyneside,Pension Credit Caseload - 2011 Geographies,5395,
May-23,North Tyneside,Mean of Weekly Award Amount,60.38,
May-23,South Tyneside,Pension Credit Caseload - 2011 Geographies,5156,
May-23,South Tyneside,Mean of Weekly Award Amount,61.13,
May-23,Sunderland,Pension Credit Caseload - 2011 Geographies,9476,
May-23,Sunderland,Mean of Weekly Award Amount,62.16,
May-23,Blackburn with Darwen,Pension Credit Caseload - 2011 Geographies,3882,
May-23,Blackburn with Darwen,Mean of Weekly Award Amount,80.69,
May-23,Blackpool,Pension Credit Caseload - 2011 Geographies,5331,
May-23,Blackpool,Mean of Weekly Award Amount,66.12,
May-23,Cheshire East,Pension Credit Caseload - 2011 Geographies,5942,
May-23,Cheshire East,Mean of Weekly Award Amount,64.85,
May-23,Cheshire West and Chester,Pension Credit Caseload - 2011 Geographies,6625,
May-23,Cheshire West and Chester,Mean of Weekly Award Amount,63.61,
May-23,Cumberland,Pension Credit Caseload - 2011 Geographies,5952,
May-23,Cumberland,Mean of Weekly Award Amount,61.93,
May-23,Halton,Pension Credit Caseload - 2011 Geographies,3450,
May-23,Halton,Mean of Weekly Award Amount,66.03,
May-23,Warrington,Pension Credit Caseload - 2011 Geographies,3794,
May-23,Warrington,Mean of Weekly Award Amount,64.5,
May-23,Westmorland and Furness,Pension Credit Caseload - 2011 Geographies,4171,
May-23,Westmorland and Furness,Mean of Weekly Award Amount,62.53,
May-23,Bolton,Pension Credit Caseload - 2011 Geographies,7457,
May-23,Bolton,Mean of Weekly Award Amount,76.93,
May-23,Bury,Pension Credit Caseload - 2011 Geographies,4022,
May-23,Bury,Mean of Weekly Award Amount,70.54,
May-23,Manchester,Pension Credit Caseload - 2011 Geographies,13941,
May-23,Manchester,Mean of Weekly Award Amount,90.61,
May-23,Oldham,Pension Credit Caseload - 2011 Geographies,5599,
May-23,Oldham,Mean of Weekly Award Amount,72.93,
May-23,Rochdale,Pension Credit Caseload - 2011 Geographies,5759,
May-23,Rochdale,Mean of Weekly Award Amount,69.86,
May-23,Salford,Pension Credit Caseload - 2011 Geographies,6363,
May-23,Salford,Mean of Weekly Award Amount,70.57,
May-23,Stockport,Pension Credit Caseload - 2011 Geographies,5777,
May-23,Stockport,Mean of Weekly Award Amount,69.97,
May-23,Tameside,Pension Credit Caseload - 2011 Geographies,5583,
May-23,Tameside,Mean of Weekly Award Amount,64.76,
May-23,Trafford,Pension Credit Caseload - 2011 Geographies,4236,
May-23,Trafford,Mean of Weekly Award Amount,75.28,
May-23,Wigan,Pension Credit Caseload - 2011 Geographies,7601,
May-23,Wigan,Mean of Weekly Award Amount,60.31,
May-23,Burnley,Pension Credit Caseload - 2011 Geographies,2404,
May-23,Burnley,Mean of Weekly Award Amount,67.98,
May-23,Chorley,Pension Credit Caseload - 2011 Geographies,2010,
May-23,Chorley,Mean of Weekly Award Amount,60.43,
May-23,Fylde,Pension Credit Caseload - 2011 Geographies,1931,
May-23,Fylde,Mean of Weekly Award Amount,64.76,
May-23,Hyndburn,Pension Credit Caseload - 2011 Geographies,2137,
May-23,Hyndburn,Mean of Weekly Award Amount,65.98,
May-23,Lancaster,Pension Credit Caseload - 2011 Geographies,3128,
May-23,Lancaster,Mean of Weekly Award Amount,65.1,
May-23,Pendle,Pension Credit Caseload - 2011 Geographies,2493,
May-23,Pendle,Mean of Weekly Award Amount,77.45,
May-23,Preston,Pension Credit Caseload - 2011 Geographies,3167,
May-23,Preston,Mean of Weekly Award Amount,74.07,
May-23,Ribble Valley,Pension Credit Caseload - 2011 Geographies,811,
May-23,Ribble Valley,Mean of Weekly Award Amount,60.89,
May-23,Rossendale,Pension Credit Caseload - 2011 Geographies,1638,
May-23,Rossendale,Mean of Weekly Award Amount,62.95,
May-23,South Ribble,Pension Credit Caseload - 2011 Geographies,1839,
May-23,South Ribble,Mean of Weekly Award Amount,60.52,
May-23,West Lancashire,Pension Credit Caseload - 2011 Geographies,2802,
May-23,West Lancashire,Mean of Weekly Award Amount,61.88,
May-23,Wyre,Pension Credit Caseload - 2011 Geographies,3047,
May-23,Wyre,Mean of Weekly Award Amount,64.98,
May-23,Knowsley,Pension Credit Caseload - 2011 Geographies,5660,
May-23,Knowsley,Mean of Weekly Award Amount,69.11,
May-23,Liverpool,Pension Credit Caseload - 2011 Geographies,17115,
May-23,Liverpool,Mean of Weekly Award Amount,74.72,
May-23,Sefton,Pension Credit Caseload - 2011 Geographies,8459,
May-23,Sefton,Mean of Weekly Award Amount,64.48,
May-23,St. Helens,Pension Credit Caseload - 2011 Geographies,4723,
May-23,St. Helens,Mean of Weekly Award Amount,65.04,
May-23,Wirral,Pension Credit Caseload - 2011 Geographies,9056,
May-23,Wirral,Mean of Weekly Award Amount,68.41,
May-23,East Riding of Yorkshire,Pension Credit Caseload - 2011 Geographies,7985,
May-23,East Riding of Yorkshire,Mean of Weekly Award Amount,58.97,
May-23,"Kingston upon Hull, City of",Pension Credit Caseload - 2011 Geographies,7796,
May-23,"Kingston upon Hull, City of",Mean of Weekly Award Amount,65.1,
May-23,North East Lincolnshire,Pension Credit Caseload - 2011 Geographies,4577,
May-23,North East Lincolnshire,Mean of Weekly Award Amount,63.45,
May-23,North Lincolnshire,Pension Credit Caseload - 2011 Geographies,3938,
May-23,North Lincolnshire,Mean of Weekly Award Amount,62.78,
May-23,North Yorkshire,Pension Credit Caseload - 2011 Geographies,11723,
May-23,North Yorkshire,Mean of Weekly Award Amount,62.75,
May-23,York,Pension Credit Caseload - 2011 Geographies,2783,
May-23,York,Mean of Weekly Award Amount,63.14,
May-23,Barnsley,Pension Credit Caseload - 2011 Geographies,5970,
May-23,Barnsley,Mean of Weekly Award Amount,64.48,
May-23,Doncaster,Pension Credit Caseload - 2011 Geographies,7506,
May-23,Doncaster,Mean of Weekly Award Amount,66.13,
May-23,Rotherham,Pension Credit Caseload - 2011 Geographies,6539,
May-23,Rotherham,Mean of Weekly Award Amount,62.57,
May-23,Sheffield,Pension Credit Caseload - 2011 Geographies,13135,
May-23,Sheffield,Mean of Weekly Award Amount,70.55,
May-23,Bradford,Pension Credit Caseload - 2011 Geographies,12694,
May-23,Bradford,Mean of Weekly Award Amount,75.55,
May-23,Calderdale,Pension Credit Caseload - 2011 Geographies,4466,
May-23,Calderdale,Mean of Weekly Award Amount,63.03,
May-23,Kirklees,Pension Credit Caseload - 2011 Geographies,8842,
May-23,Kirklees,Mean of Weekly Award Amount,67.45,
May-23,Leeds,Pension Credit Caseload - 2011 Geographies,15155,
May-23,Leeds,Mean of Weekly Award Amount,70.1,
May-23,Wakefield,Pension Credit Caseload - 2011 Geographies,7631,
May-23,Wakefield,Mean of Weekly Award Amount,62.65,
May-23,Derby,Pension Credit Caseload - 2011 Geographies,5592,
May-23,Derby,Mean of Weekly Award Amount,79.02,
May-23,Leicester,Pension Credit Caseload - 2011 Geographies,10201,
May-23,Leicester,Mean of Weekly Award Amount,111.97,
May-23,North Northamptonshire,Pension Credit Caseload - 2011 Geographies,6273,
May-23,North Northamptonshire,Mean of Weekly Award Amount,66.11,
May-23,Nottingham,Pension Credit Caseload - 2011 Geographies,7282,
May-23,Nottingham,Mean of Weekly Award Amount,75.9,
May-23,Rutland,Pension Credit Caseload - 2011 Geographies,517,
May-23,Rutland,Mean of Weekly Award Amount,62.06,
May-23,West Northamptonshire,Pension Credit Caseload - 2011 Geographies,6428,
May-23,West Northamptonshire,Mean of Weekly Award Amount,72.68,
May-23,Amber Valley,Pension Credit Caseload - 2011 Geographies,2565,
May-23,Amber Valley,Mean of Weekly Award Amount,63.23,
May-23,Bolsover,Pension Credit Caseload - 2011 Geographies,1974,
May-23,Bolsover,Mean of Weekly Award Amount,63.72,
May-23,Chesterfield,Pension Credit Caseload - 2011 Geographies,2768,
May-23,Chesterfield,Mean of Weekly Award Amount,63.18,
May-23,Derbyshire Dales,Pension Credit Caseload - 2011 Geographies,1166,
May-23,Derbyshire Dales,Mean of Weekly Award Amount,62.54,
May-23,Erewash,Pension Credit Caseload - 2011 Geographies,2357,
May-23,Erewash,Mean of Weekly Award Amount,55.98,
May-23,High Peak,Pension Credit Caseload - 2011 Geographies,1713,
May-23,High Peak,Mean of Weekly Award Amount,62.34,
May-23,North East Derbyshire,Pension Credit Caseload - 2011 Geographies,2428,
May-23,North East Derbyshire,Mean of Weekly Award Amount,61.11,
May-23,South Derbyshire,Pension Credit Caseload - 2011 Geographies,1642,
May-23,South Derbyshire,Mean of Weekly Award Amount,60.89,
May-23,Blaby,Pension Credit Caseload - 2011 Geographies,1617,
May-23,Blaby,Mean of Weekly Award Amount,67.72,
May-23,Charnwood,Pension Credit Caseload - 2011 Geographies,2827,
May-23,Charnwood,Mean of Weekly Award Amount,67.16,
May-23,Harborough,Pension Credit Caseload - 2011 Geographies,1248,
May-23,Harborough,Mean of Weekly Award Amount,62.79,
May-23,Hinckley and Bosworth,Pension Credit Caseload - 2011 Geographies,1831,
May-23,Hinckley and Bosworth,Mean of Weekly Award Amount,57.46,
May-23,Melton,Pension Credit Caseload - 2011 Geographies,786,
May-23,Melton,Mean of Weekly Award Amount,62.73,
May-23,North West Leicestershire,Pension Credit Caseload - 2011 Geographies,1615,
May-23,North West Leicestershire,Mean of Weekly Award Amount,60.16,
May-23,Oadby and Wigston,Pension Credit Caseload - 2011 Geographies,1075,
May-23,Oadby and Wigston,Mean of Weekly Award Amount,72.03,
May-23,Boston,Pension Credit Caseload - 2011 Geographies,1820,
May-23,Boston,Mean of Weekly Award Amount,74.92,
May-23,East Lindsey,Pension Credit Caseload - 2011 Geographies,4872,
May-23,East Lindsey,Mean of Weekly Award Amount,64.16,
May-23,Lincoln,Pension Credit Caseload - 2011 Geographies,2106,
May-23,Lincoln,Mean of Weekly Award Amount,65.93,
May-23,North Kesteven,Pension Credit Caseload - 2011 Geographies,2191,
May-23,North Kesteven,Mean of Weekly Award Amount,61.8,
May-23,South Holland,Pension Credit Caseload - 2011 Geographies,2146,
May-23,South Holland,Mean of Weekly Award Amount,61.5,
May-23,South Kesteven,Pension Credit Caseload - 2011 Geographies,2441,
May-23,South Kesteven,Mean of Weekly Award Amount,64.14,
May-23,West Lindsey,Pension Credit Caseload - 2011 Geographies,2010,
May-23,West Lindsey,Mean of Weekly Award Amount,61.73,
May-23,Ashfield,Pension Credit Caseload - 2011 Geographies,2740,
May-23,Ashfield,Mean of Weekly Award Amount,60.34,
May-23,Bassetlaw,Pension Credit Caseload - 2011 Geographies,2556,
May-23,Bassetlaw,Mean of Weekly Award Amount,64.65,
May-23,Broxtowe,Pension Credit Caseload - 2011 Geographies,2040,
May-23,Broxtowe,Mean of Weekly Award Amount,61.49,
May-23,Gedling,Pension Credit Caseload - 2011 Geographies,2078,
May-23,Gedling,Mean of Weekly Award Amount,61.88,
May-23,Mansfield,Pension Credit Caseload - 2011 Geographies,2332,
May-23,Mansfield,Mean of Weekly Award Amount,64.67,
May-23,Newark and Sherwood,Pension Credit Caseload - 2011 Geographies,2292,
May-23,Newark and Sherwood,Mean of Weekly Award Amount,63.2,
May-23,Rushcliffe,Pension Credit Caseload - 2011 Geographies,1584,
May-23,Rushcliffe,Mean of Weekly Award Amount,62.9,
May-23,"Herefordshire, County of",Pension Credit Caseload - 2011 Geographies,4001,
May-23,"Herefordshire, County of",Mean of Weekly Award Amount,64.27,
May-23,Shropshire,Pension Credit Caseload - 2011 Geographies,7009,
May-23,Shropshire,Mean of Weekly Award Amount,63.09,
May-23,Stoke-on-Trent,Pension Credit Caseload - 2011 Geographies,6424,
May-23,Stoke-on-Trent,Mean of Weekly Award Amount,63.5,
May-23,Telford and Wrekin,Pension Credit Caseload - 2011 Geographies,4170,
May-23,Telford and Wrekin,Mean of Weekly Award Amount,67.13,
May-23,Cannock Chase,Pension Credit Caseload - 2011 Geographies,2254,
May-23,Cannock Chase,Mean of Weekly Award Amount,57.82,
May-23,East Staffordshire,Pension Credit Caseload - 2011 Geographies,1958,
May-23,East Staffordshire,Mean of Weekly Award Amount,62.99,
May-23,Lichfield,Pension Credit Caseload - 2011 Geographies,1771,
May-23,Lichfield,Mean of Weekly Award Amount,57.92,
May-23,Newcastle-under-Lyme,Pension Credit Caseload - 2011 Geographies,2520,
May-23,Newcastle-under-Lyme,Mean of Weekly Award Amount,61.04,
May-23,South Staffordshire,Pension Credit Caseload - 2011 Geographies,2308,
May-23,South Staffordshire,Mean of Weekly Award Amount,59.16,
May-23,Stafford,Pension Credit Caseload - 2011 Geographies,2097,
May-23,Stafford,Mean of Weekly Award Amount,61.11,
May-23,Staffordshire Moorlands,Pension Credit Caseload - 2011 Geographies,1749,
May-23,Staffordshire Moorlands,Mean of Weekly Award Amount,58.78,
May-23,Tamworth,Pension Credit Caseload - 2011 Geographies,1689,
May-23,Tamworth,Mean of Weekly Award Amount,59.11,
May-23,North Warwickshire,Pension Credit Caseload - 2011 Geographies,1325,
May-23,North Warwickshire,Mean of Weekly Award Amount,59.8,
May-23,Nuneaton and Bedworth,Pension Credit Caseload - 2011 Geographies,2746,
May-23,Nuneaton and Bedworth,Mean of Weekly Award Amount,69.4,
May-23,Rugby,Pension Credit Caseload - 2011 Geographies,1604,
May-23,Rugby,Mean of Weekly Award Amount,70.09,
May-23,Stratford-on-Avon,Pension Credit Caseload - 2011 Geographies,2250,
May-23,Stratford-on-Avon,Mean of Weekly Award Amount,62.35,
May-23,Warwick,Pension Credit Caseload - 2011 Geographies,2047,
May-23,Warwick,Mean of Weekly Award Amount,64.97,
May-23,Birmingham,Pension Credit Caseload - 2011 Geographies,29230,
May-23,Birmingham,Mean of Weekly Award Amount,84.95,
May-23,Coventry,Pension Credit Caseload - 2011 Geographies,7189,
May-23,Coventry,Mean of Weekly Award Amount,78.41,
May-23,Dudley,Pension Credit Caseload - 2011 Geographies,7860,
May-23,Dudley,Mean of Weekly Award Amount,62.57,
May-23,Sandwell,Pension Credit Caseload - 2011 Geographies,9975,
May-23,Sandwell,Mean of Weekly Award Amount,80.6,
May-23,Solihull,Pension Credit Caseload - 2011 Geographies,3962,
May-23,Solihull,Mean of Weekly Award Amount,67.25,
May-23,Walsall,Pension Credit Caseload - 2011 Geographies,7735,
May-23,Walsall,Mean of Weekly Award Amount,69.83,
May-23,Wolverhampton,Pension Credit Caseload - 2011 Geographies,7472,
May-23,Wolverhampton,Mean of Weekly Award Amount,79.06,
May-23,Bromsgrove,Pension Credit Caseload - 2011 Geographies,1505,
May-23,Bromsgrove,Mean of Weekly Award Amount,58.94,
May-23,Malvern Hills,Pension Credit Caseload - 2011 Geographies,1624,
May-23,Malvern Hills,Mean of Weekly Award Amount,64.3,
May-23,Redditch,Pension Credit Caseload - 2011 Geographies,1729,
May-23,Redditch,Mean of Weekly Award Amount,62.79,
May-23,Worcester,Pension Credit Caseload - 2011 Geographies,1842,
May-23,Worcester,Mean of Weekly Award Amount,65.45,
May-23,Wychavon,Pension Credit Caseload - 2011 Geographies,2333,
May-23,Wychavon,Mean of Weekly Award Amount,64.75,
May-23,Wyre Forest,Pension Credit Caseload - 2011 Geographies,2458,
May-23,Wyre Forest,Mean of Weekly Award Amount,60.39,
May-23,Bedford,Pension Credit Caseload - 2011 Geographies,2884,
May-23,Bedford,Mean of Weekly Award Amount,78.75,
May-23,Central Bedfordshire,Pension Credit Caseload - 2011 Geographies,3725,
May-23,Central Bedfordshire,Mean of Weekly Award Amount,65.02,
May-23,Luton,Pension Credit Caseload - 2011 Geographies,4384,
May-23,Luton,Mean of Weekly Award Amount,91.61,
May-23,Peterborough,Pension Credit Caseload - 2011 Geographies,4234,
May-23,Peterborough,Mean of Weekly Award Amount,84.16,
May-23,Southend-on-Sea,Pension Credit Caseload - 2011 Geographies,4284,
May-23,Southend-on-Sea,Mean of Weekly Award Amount,71.73,
May-23,Thurrock,Pension Credit Caseload - 2011 Geographies,2948,
May-23,Thurrock,Mean of Weekly Award Amount,77.49,
May-23,Cambridge,Pension Credit Caseload - 2011 Geographies,1528,
May-23,Cambridge,Mean of Weekly Award Amount,83.56,
May-23,East Cambridgeshire,Pension Credit Caseload - 2011 Geographies,1275,
May-23,East Cambridgeshire,Mean of Weekly Award Amount,68.45,
May-23,Fenland,Pension Credit Caseload - 2011 Geographies,2581,
May-23,Fenland,Mean of Weekly Award Amount,66.13,
May-23,Huntingdonshire,Pension Credit Caseload - 2011 Geographies,2359,
May-23,Huntingdonshire,Mean of Weekly Award Amount,66.56,
May-23,South Cambridgeshire,Pension Credit Caseload - 2011 Geographies,1794,
May-23,South Cambridgeshire,Mean of Weekly Award Amount,73.79,
May-23,Basildon,Pension Credit Caseload - 2011 Geographies,3747,
May-23,Basildon,Mean of Weekly Award Amount,70.03,
May-23,Braintree,Pension Credit Caseload - 2011 Geographies,2622,
May-23,Braintree,Mean of Weekly Award Amount,61.66,
May-23,Brentwood,Pension Credit Caseload - 2011 Geographies,1121,
May-23,Brentwood,Mean of Weekly Award Amount,73.03,
May-23,Castle Point,Pension Credit Caseload - 2011 Geographies,2054,
May-23,Castle Point,Mean of Weekly Award Amount,65.6,
May-23,Chelmsford,Pension Credit Caseload - 2011 Geographies,2378,
May-23,Chelmsford,Mean of Weekly Award Amount,70.58,
May-23,Colchester,Pension Credit Caseload - 2011 Geographies,2893,
May-23,Colchester,Mean of Weekly Award Amount,73.16,
May-23,Epping Forest,Pension Credit Caseload - 2011 Geographies,2506,
May-23,Epping Forest,Mean of Weekly Award Amount,76.42,
May-23,Harlow,Pension Credit Caseload - 2011 Geographies,1687,
May-23,Harlow,Mean of Weekly Award Amount,70.6,
May-23,Maldon,Pension Credit Caseload - 2011 Geographies,1276,
May-23,Maldon,Mean of Weekly Award Amount,62.72,
May-23,Rochford,Pension Credit Caseload - 2011 Geographies,1455,
May-23,Rochford,Mean of Weekly Award Amount,63.56,
May-23,Tendring,Pension Credit Caseload - 2011 Geographies,4891,
May-23,Tendring,Mean of Weekly Award Amount,65.71,
May-23,Uttlesford,Pension Credit Caseload - 2011 Geographies,1121,
May-23,Uttlesford,Mean of Weekly Award Amount,65.4,
May-23,Broxbourne,Pension Credit Caseload - 2011 Geographies,1785,
May-23,Broxbourne,Mean of Weekly Award Amount,77.58,
May-23,Dacorum,Pension Credit Caseload - 2011 Geographies,2055,
May-23,Dacorum,Mean of Weekly Award Amount,72.78,
May-23,East Hertfordshire,Pension Credit Caseload - 2011 Geographies,1787,
May-23,East Hertfordshire,Mean of Weekly Award Amount,72.15,
May-23,Hertsmere,Pension Credit Caseload - 2011 Geographies,1803,
May-23,Hertsmere,Mean of Weekly Award Amount,83.68,
May-23,North Hertfordshire,Pension Credit Caseload - 2011 Geographies,1896,
May-23,North Hertfordshire,Mean of Weekly Award Amount,65.69,
May-23,St Albans,Pension Credit Caseload - 2011 Geographies,1461,
May-23,St Albans,Mean of Weekly Award Amount,77.52,
May-23,Stevenage,Pension Credit Caseload - 2011 Geographies,1460,
May-23,Stevenage,Mean of Weekly Award Amount,73.06,
May-23,Three Rivers,Pension Credit Caseload - 2011 Geographies,1252,
May-23,Three Rivers,Mean of Weekly Award Amount,81.74,
May-23,Watford,Pension Credit Caseload - 2011 Geographies,1423,
May-23,Watford,Mean of Weekly Award Amount,87.99,
May-23,Welwyn Hatfield,Pension Credit Caseload - 2011 Geographies,1625,
May-23,Welwyn Hatfield,Mean of Weekly Award Amount,76.68,
May-23,Breckland,Pension Credit Caseload - 2011 Geographies,3030,
May-23,Breckland,Mean of Weekly Award Amount,62.84,
May-23,Broadland,Pension Credit Caseload - 2011 Geographies,2249,
May-23,Broadland,Mean of Weekly Award Amount,59.17,
May-23,Great Yarmouth,Pension Credit Caseload - 2011 Geographies,3226,
May-23,Great Yarmouth,Mean of Weekly Award Amount,62.59,
May-23,King's Lynn and West Norfolk,Pension Credit Caseload - 2011 Geographies,3795,
May-23,King's Lynn and West Norfolk,Mean of Weekly Award Amount,63.74,
May-23,North Norfolk,Pension Credit Caseload - 2011 Geographies,2732,
May-23,North Norfolk,Mean of Weekly Award Amount,58.01,
May-23,Norwich,Pension Credit Caseload - 2011 Geographies,3268,
May-23,Norwich,Mean of Weekly Award Amount,67.59,
May-23,South Norfolk,Pension Credit Caseload - 2011 Geographies,2415,
May-23,South Norfolk,Mean of Weekly Award Amount,64.25,
May-23,Babergh,Pension Credit Caseload - 2011 Geographies,1669,
May-23,Babergh,Mean of Weekly Award Amount,61.62,
May-23,East Suffolk,Pension Credit Caseload - 2011 Geographies,5370,
May-23,East Suffolk,Mean of Weekly Award Amount,60.61,
May-23,Ipswich,Pension Credit Caseload - 2011 Geographies,2714,
May-23,Ipswich,Mean of Weekly Award Amount,75.4,
May-23,Mid Suffolk,Pension Credit Caseload - 2011 Geographies,1649,
May-23,Mid Suffolk,Mean of Weekly Award Amount,63.63,
May-23,West Suffolk,Pension Credit Caseload - 2011 Geographies,2937,
May-23,West Suffolk,Mean of Weekly Award Amount,63.13,
May-23,Camden,Pension Credit Caseload - 2011 Geographies,6137,
May-23,Camden,Mean of Weekly Award Amount,108.66,
May-23,City of London,Pension Credit Caseload - 2011 Geographies,97,
May-23,City of London,Mean of Weekly Award Amount,99.05,
May-23,Hackney,Pension Credit Caseload - 2011 Geographies,7504,
May-23,Hackney,Mean of Weekly Award Amount,111.9,
May-23,Hammersmith and Fulham,Pension Credit Caseload - 2011 Geographies,4527,
May-23,Hammersmith and Fulham,Mean of Weekly Award Amount,110.86,
May-23,Haringey,Pension Credit Caseload - 2011 Geographies,6974,
May-23,Haringey,Mean of Weekly Award Amount,115.57,
May-23,Islington,Pension Credit Caseload - 2011 Geographies,6063,
May-23,Islington,Mean of Weekly Award Amount,102.32,
May-23,Kensington and Chelsea,Pension Credit Caseload - 2011 Geographies,4369,
May-23,Kensington and Chelsea,Mean of Weekly Award Amount,111.8,
May-23,Lambeth,Pension Credit Caseload - 2011 Geographies,7486,
May-23,Lambeth,Mean of Weekly Award Amount,102.39,
May-23,Lewisham,Pension Credit Caseload - 2011 Geographies,6246,
May-23,Lewisham,Mean of Weekly Award Amount,96.55,
May-23,Newham,Pension Credit Caseload - 2011 Geographies,8172,
May-23,Newham,Mean of Weekly Award Amount,119.29,
May-23,Southwark,Pension Credit Caseload - 2011 Geographies,7476,
May-23,Southwark,Mean of Weekly Award Amount,102.63,
May-23,Tower Hamlets,Pension Credit Caseload - 2011 Geographies,7264,
May-23,Tower Hamlets,Mean of Weekly Award Amount,110.26,
May-23,Wandsworth,Pension Credit Caseload - 2011 Geographies,5720,
May-23,Wandsworth,Mean of Weekly Award Amount,103.92,
May-23,Westminster,Pension Credit Caseload - 2011 Geographies,5961,
May-23,Westminster,Mean of Weekly Award Amount,122.79,
May-23,Barking and Dagenham,Pension Credit Caseload - 2011 Geographies,4536,
May-23,Barking and Dagenham,Mean of Weekly Award Amount,103.6,
May-23,Barnet,Pension Credit Caseload - 2011 Geographies,7948,
May-23,Barnet,Mean of Weekly Award Amount,116.6,
May-23,Bexley,Pension Credit Caseload - 2011 Geographies,3932,
May-23,Bexley,Mean of Weekly Award Amount,84.35,
May-23,Brent,Pension Credit Caseload - 2011 Geographies,9027,
May-23,Brent,Mean of Weekly Award Amount,124.33,
May-23,Bromley,Pension Credit Caseload - 2011 Geographies,4967,
May-23,Bromley,Mean of Weekly Award Amount,86.15,
May-23,Croydon,Pension Credit Caseload - 2011 Geographies,7126,
May-23,Croydon,Mean of Weekly Award Amount,101.01,
May-23,Ealing,Pension Credit Caseload - 2011 Geographies,8768,
May-23,Ealing,Mean of Weekly Award Amount,130.84,
May-23,Enfield,Pension Credit Caseload - 2011 Geographies,8003,
May-23,Enfield,Mean of Weekly Award Amount,109.2,
May-23,Greenwich,Pension Credit Caseload - 2011 Geographies,6167,
May-23,Greenwich,Mean of Weekly Award Amount,105.73,
May-23,Harrow,Pension Credit Caseload - 2011 Geographies,5687,
May-23,Harrow,Mean of Weekly Award Amount,135.37,
May-23,Havering,Pension Credit Caseload - 2011 Geographies,4432,
May-23,Havering,Mean of Weekly Award Amount,81.22,
May-23,Hillingdon,Pension Credit Caseload - 2011 Geographies,5323,
May-23,Hillingdon,Mean of Weekly Award Amount,118.52,
May-23,Hounslow,Pension Credit Caseload - 2011 Geographies,5925,
May-23,Hounslow,Mean of Weekly Award Amount,126.63,
May-23,Kingston upon Thames,Pension Credit Caseload - 2011 Geographies,2455,
May-23,Kingston upon Thames,Mean of Weekly Award Amount,114.91,
May-23,Merton,Pension Credit Caseload - 2011 Geographies,3496,
May-23,Merton,Mean of Weekly Award Amount,109.98,
May-23,Redbridge,Pension Credit Caseload - 2011 Geographies,6237,
May-23,Redbridge,Mean of Weekly Award Amount,114.04,
May-23,Richmond upon Thames,Pension Credit Caseload - 2011 Geographies,2710,
May-23,Richmond upon Thames,Mean of Weekly Award Amount,96.97,
May-23,Sutton,Pension Credit Caseload - 2011 Geographies,3140,
May-23,Sutton,Mean of Weekly Award Amount,97.95,
May-23,Waltham Forest,Pension Credit Caseload - 2011 Geographies,5697,
May-23,Waltham Forest,Mean of Weekly Award Amount,101.83,
May-23,Bracknell Forest,Pension Credit Caseload - 2011 Geographies,1524,
May-23,Bracknell Forest,Mean of Weekly Award Amount,83.3,
May-23,Brighton and Hove,Pension Credit Caseload - 2011 Geographies,5880,
May-23,Brighton and Hove,Mean of Weekly Award Amount,80.3,
May-23,Buckinghamshire,Pension Credit Caseload - 2011 Geographies,6538,
May-23,Buckinghamshire,Mean of Weekly Award Amount,76.85,
May-23,Isle of Wight,Pension Credit Caseload - 2011 Geographies,4037,
May-23,Isle of Wight,Mean of Weekly Award Amount,63.88,
May-23,Medway,Pension Credit Caseload - 2011 Geographies,4915,
May-23,Medway,Mean of Weekly Award Amount,70.57,
May-23,Milton Keynes,Pension Credit Caseload - 2011 Geographies,4242,
May-23,Milton Keynes,Mean of Weekly Award Amount,81.23,
May-23,Portsmouth,Pension Credit Caseload - 2011 Geographies,4328,
May-23,Portsmouth,Mean of Weekly Award Amount,73.26,
May-23,Reading,Pension Credit Caseload - 2011 Geographies,2848,
May-23,Reading,Mean of Weekly Award Amount,107.86,
May-23,Slough,Pension Credit Caseload - 2011 Geographies,2763,
May-23,Slough,Mean of Weekly Award Amount,107.14,
May-23,Southampton,Pension Credit Caseload - 2011 Geographies,4835,
May-23,Southampton,Mean of Weekly Award Amount,77.78,
May-23,West Berkshire,Pension Credit Caseload - 2011 Geographies,1979,
May-23,West Berkshire,Mean of Weekly Award Amount,67.92,
May-23,Windsor and Maidenhead,Pension Credit Caseload - 2011 Geographies,1876,
May-23,Windsor and Maidenhead,Mean of Weekly Award Amount,81.52,
May-23,Wokingham,Pension Credit Caseload - 2011 Geographies,1440,
May-23,Wokingham,Mean of Weekly Award Amount,76.45,
May-23,Eastbourne,Pension Credit Caseload - 2011 Geographies,2751,
May-23,Eastbourne,Mean of Weekly Award Amount,74.09,
May-23,Hastings,Pension Credit Caseload - 2011 Geographies,2915,
May-23,Hastings,Mean of Weekly Award Amount,73.66,
May-23,Lewes,Pension Credit Caseload - 2011 Geographies,2146,
May-23,Lewes,Mean of Weekly Award Amount,68.42,
May-23,Rother,Pension Credit Caseload - 2011 Geographies,2497,
May-23,Rother,Mean of Weekly Award Amount,67.69,
May-23,Wealden,Pension Credit Caseload - 2011 Geographies,2790,
May-23,Wealden,Mean of Weekly Award Amount,65.56,
May-23,Basingstoke and Deane,Pension Credit Caseload - 2011 Geographies,2158,
May-23,Basingstoke and Deane,Mean of Weekly Award Amount,80.2,
May-23,East Hampshire,Pension Credit Caseload - 2011 Geographies,1576,
May-23,East Hampshire,Mean of Weekly Award Amount,70.05,
May-23,Eastleigh,Pension Credit Caseload - 2011 Geographies,1735,
May-23,Eastleigh,Mean of Weekly Award Amount,66.2,
May-23,Fareham,Pension Credit Caseload - 2011 Geographies,1552,
May-23,Fareham,Mean of Weekly Award Amount,61.66,
May-23,Gosport,Pension Credit Caseload - 2011 Geographies,1563,
May-23,Gosport,Mean of Weekly Award Amount,62.16,
May-23,Hart,Pension Credit Caseload - 2011 Geographies,896,
May-23,Hart,Mean of Weekly Award Amount,74.72,
May-23,Havant,Pension Credit Caseload - 2011 Geographies,2831,
May-23,Havant,Mean of Weekly Award Amount,64.48,
May-23,New Forest,Pension Credit Caseload - 2011 Geographies,3205,
May-23,New Forest,Mean of Weekly Award Amount,65.13,
May-23,Rushmoor,Pension Credit Caseload - 2011 Geographies,2340,
May-23,Rushmoor,Mean of Weekly Award Amount,137.27,
May-23,Test Valley,Pension Credit Caseload - 2011 Geographies,1637,
May-23,Test Valley,Mean of Weekly Award Amount,68.97,
May-23,Winchester,Pension Credit Caseload - 2011 Geographies,1639,
May-23,Winchester,Mean of Weekly Award Amount,69.05,
May-23,Ashford,Pension Credit Caseload - 2011 Geographies,2554,
May-23,Ashford,Mean of Weekly Award Amount,90.69,
May-23,Canterbury,Pension Credit Caseload - 2011 Geographies,3107,
May-23,Canterbury,Mean of Weekly Award Amount,70.75,
May-23,Dartford,Pension Credit Caseload - 2011 Geographies,1429,
May-23,Dartford,Mean of Weekly Award Amount,74.51,
May-23,Dover,Pension Credit Caseload - 2011 Geographies,2688,
May-23,Dover,Mean of Weekly Award Amount,67,
May-23,Folkestone and Hythe,Pension Credit Caseload - 2011 Geographies,2987,
May-23,Folkestone and Hythe,Mean of Weekly Award Amount,77.63,
May-23,Gravesham,Pension Credit Caseload - 2011 Geographies,1943,
May-23,Gravesham,Mean of Weekly Award Amount,74.79,
May-23,Maidstone,Pension Credit Caseload - 2011 Geographies,2760,
May-23,Maidstone,Mean of Weekly Award Amount,77.75,
May-23,Sevenoaks,Pension Credit Caseload - 2011 Geographies,1731,
May-23,Sevenoaks,Mean of Weekly Award Amount,72.11,
May-23,Swale,Pension Credit Caseload - 2011 Geographies,3112,
May-23,Swale,Mean of Weekly Award Amount,68.12,
May-23,Thanet,Pension Credit Caseload - 2011 Geographies,4522,
May-23,Thanet,Mean of Weekly Award Amount,69.86,
May-23,Tonbridge and Malling,Pension Credit Caseload - 2011 Geographies,1734,
May-23,Tonbridge and Malling,Mean of Weekly Award Amount,70.68,
May-23,Tunbridge Wells,Pension Credit Caseload - 2011 Geographies,1698,
May-23,Tunbridge Wells,Mean of Weekly Award Amount,73.96,
May-23,Cherwell,Pension Credit Caseload - 2011 Geographies,1925,
May-23,Cherwell,Mean of Weekly Award Amount,69.63,
May-23,Oxford,Pension Credit Caseload - 2011 Geographies,1933,
May-23,Oxford,Mean of Weekly Award Amount,90.61,
May-23,South Oxfordshire,Pension Credit Caseload - 2011 Geographies,1624,
May-23,South Oxfordshire,Mean of Weekly Award Amount,68.57,
May-23,Vale of White Horse,Pension Credit Caseload - 2011 Geographies,1433,
May-23,Vale of White Horse,Mean of Weekly Award Amount,71.42,
May-23,West Oxfordshire,Pension Credit Caseload - 2011 Geographies,1363,
May-23,West Oxfordshire,Mean of Weekly Award Amount,71.07,
May-23,Elmbridge,Pension Credit Caseload - 2011 Geographies,1693,
May-23,Elmbridge,Mean of Weekly Award Amount,85.12,
May-23,Epsom and Ewell,Pension Credit Caseload - 2011 Geographies,872,
May-23,Epsom and Ewell,Mean of Weekly Award Amount,96.25,
May-23,Guildford,Pension Credit Caseload - 2011 Geographies,1492,
May-23,Guildford,Mean of Weekly Award Amount,76.64,
May-23,Mole Valley,Pension Credit Caseload - 2011 Geographies,1069,
May-23,Mole Valley,Mean of Weekly Award Amount,75.61,
May-23,Reigate and Banstead,Pension Credit Caseload - 2011 Geographies,1671,
May-23,Reigate and Banstead,Mean of Weekly Award Amount,81.82,
May-23,Runnymede,Pension Credit Caseload - 2011 Geographies,1113,
May-23,Runnymede,Mean of Weekly Award Amount,75.07,
May-23,Spelthorne,Pension Credit Caseload - 2011 Geographies,1417,
May-23,Spelthorne,Mean of Weekly Award Amount,81.47,
May-23,Surrey Heath,Pension Credit Caseload - 2011 Geographies,968,
May-23,Surrey Heath,Mean of Weekly Award Amount,86.36,
May-23,Tandridge,Pension Credit Caseload - 2011 Geographies,1057,
May-23,Tandridge,Mean of Weekly Award Amount,75.97,
May-23,Waverley,Pension Credit Caseload - 2011 Geographies,1541,
May-23,Waverley,Mean of Weekly Award Amount,74.48,
May-23,Woking,Pension Credit Caseload - 2011 Geographies,1206,
May-23,Woking,Mean of Weekly Award Amount,87.12,
May-23,Adur,Pension Credit Caseload - 2011 Geographies,1411,
May-23,Adur,Mean of Weekly Award Amount,66.57,
May-23,Arun,Pension Credit Caseload - 2011 Geographies,3884,
May-23,Arun,Mean of Weekly Award Amount,66.9,
May-23,Chichester,Pension Credit Caseload - 2011 Geographies,2251,
May-23,Chichester,Mean of Weekly Award Amount,66.27,
May-23,Crawley,Pension Credit Caseload - 2011 Geographies,1737,
May-23,Crawley,Mean of Weekly Award Amount,93.61,
May-23,Horsham,Pension Credit Caseload - 2011 Geographies,1855,
May-23,Horsham,Mean of Weekly Award Amount,68.46,
May-23,Mid Sussex,Pension Credit Caseload - 2011 Geographies,1777,
May-23,Mid Sussex,Mean of Weekly Award Amount,71.55,
May-23,Worthing,Pension Credit Caseload - 2011 Geographies,2320,
May-23,Worthing,Mean of Weekly Award Amount,66.88,
May-23,Bath and North East Somerset,Pension Credit Caseload - 2011 Geographies,2921,
May-23,Bath and North East Somerset,Mean of Weekly Award Amount,66.42,
May-23,"Bournemouth, Christchurch and Poole",Pension Credit Caseload - 2011 Geographies,9172,
May-23,"Bournemouth, Christchurch and Poole",Mean of Weekly Award Amount,70.18,
May-23,"Bristol, City of",Pension Credit Caseload - 2011 Geographies,7977,
May-23,"Bristol, City of",Mean of Weekly Award Amount,79.69,
May-23,Cornwall,Pension Credit Caseload - 2011 Geographies,15566,
May-23,Cornwall,Mean of Weekly Award Amount,60.31,
May-23,Dorset,Pension Credit Caseload - 2011 Geographies,7878,
May-23,Dorset,Mean of Weekly Award Amount,63.49,
May-23,Isles of Scilly,Pension Credit Caseload - 2011 Geographies,22,
May-23,Isles of Scilly,Mean of Weekly Award Amount,89.13,
May-23,North Somerset,Pension Credit Caseload - 2011 Geographies,4242,
May-23,North Somerset,Mean of Weekly Award Amount,65.17,
May-23,Plymouth,Pension Credit Caseload - 2011 Geographies,5974,
May-23,Plymouth,Mean of Weekly Award Amount,66.57,
May-23,Somerset,Pension Credit Caseload - 2011 Geographies,11497,
May-23,Somerset,Mean of Weekly Award Amount,64.23,
May-23,South Gloucestershire,Pension Credit Caseload - 2011 Geographies,3740,
May-23,South Gloucestershire,Mean of Weekly Award Amount,66.66,
May-23,Swindon,Pension Credit Caseload - 2011 Geographies,3904,
May-23,Swindon,Mean of Weekly Award Amount,86.93,
May-23,Torbay,Pension Credit Caseload - 2011 Geographies,4866,
May-23,Torbay,Mean of Weekly Award Amount,67.04,
May-23,Wiltshire,Pension Credit Caseload - 2011 Geographies,7545,
May-23,Wiltshire,Mean of Weekly Award Amount,66.48,
May-23,East Devon,Pension Credit Caseload - 2011 Geographies,3052,
May-23,East Devon,Mean of Weekly Award Amount,61.09,
May-23,Exeter,Pension Credit Caseload - 2011 Geographies,2241,
May-23,Exeter,Mean of Weekly Award Amount,64.61,
May-23,Mid Devon,Pension Credit Caseload - 2011 Geographies,1642,
May-23,Mid Devon,Mean of Weekly Award Amount,64.24,
May-23,North Devon,Pension Credit Caseload - 2011 Geographies,2343,
May-23,North Devon,Mean of Weekly Award Amount,62.32,
May-23,South Hams,Pension Credit Caseload - 2011 Geographies,1877,
May-23,South Hams,Mean of Weekly Award Amount,65.66,
May-23,Teignbridge,Pension Credit Caseload - 2011 Geographies,3200,
May-23,Teignbridge,Mean of Weekly Award Amount,61.68,
May-23,Torridge,Pension Credit Caseload - 2011 Geographies,1819,
May-23,Torridge,Mean of Weekly Award Amount,61.57,
May-23,West Devon,Pension Credit Caseload - 2011 Geographies,1265,
May-23,West Devon,Mean of Weekly Award Amount,63.61,
May-23,Cheltenham,Pension Credit Caseload - 2011 Geographies,1824,
May-23,Cheltenham,Mean of Weekly Award Amount,69.48,
May-23,Cotswold,Pension Credit Caseload - 2011 Geographies,1470,
May-23,Cotswold,Mean of Weekly Award Amount,62.24,
May-23,Forest of Dean,Pension Credit Caseload - 2011 Geographies,1859,
May-23,Forest of Dean,Mean of Weekly Award Amount,67.62,
May-23,Gloucester,Pension Credit Caseload - 2011 Geographies,2299,
May-23,Gloucester,Mean of Weekly Award Amount,74.5,
May-23,Stroud,Pension Credit Caseload - 2011 Geographies,1852,
May-23,Stroud,Mean of Weekly Award Amount,64.56,
May-23,Tewkesbury,Pension Credit Caseload - 2011 Geographies,1400,
May-23,Tewkesbury,Mean of Weekly Award Amount,67.27,
May-23,Total,Pension Credit Caseload - 2011 Geographies,1167258,
May-23,Total,Mean of Weekly Award Amount,76.46,
Aug-23,England,Pension Credit Caseload - 2011 Geographies,1165874,
Aug-23,England,Mean of Weekly Award Amount,76.77,
Aug-23,County Durham,Pension Credit Caseload - 2011 Geographies,15089,
Aug-23,County Durham,Mean of Weekly Award Amount,62.92,
Aug-23,Darlington,Pension Credit Caseload - 2011 Geographies,2613,
Aug-23,Darlington,Mean of Weekly Award Amount,67.23,
Aug-23,Hartlepool,Pension Credit Caseload - 2011 Geographies,3264,
Aug-23,Hartlepool,Mean of Weekly Award Amount,66.1,
Aug-23,Middlesbrough,Pension Credit Caseload - 2011 Geographies,4138,
Aug-23,Middlesbrough,Mean of Weekly Award Amount,69.91,
Aug-23,Northumberland,Pension Credit Caseload - 2011 Geographies,7345,
Aug-23,Northumberland,Mean of Weekly Award Amount,59.04,
Aug-23,Redcar and Cleveland,Pension Credit Caseload - 2011 Geographies,4298,
Aug-23,Redcar and Cleveland,Mean of Weekly Award Amount,60.44,
Aug-23,Stockton-on-Tees,Pension Credit Caseload - 2011 Geographies,4595,
Aug-23,Stockton-on-Tees,Mean of Weekly Award Amount,65.57,
Aug-23,Gateshead,Pension Credit Caseload - 2011 Geographies,5886,
Aug-23,Gateshead,Mean of Weekly Award Amount,64.51,
Aug-23,Newcastle upon Tyne,Pension Credit Caseload - 2011 Geographies,7542,
Aug-23,Newcastle upon Tyne,Mean of Weekly Award Amount,72.41,
Aug-23,North Tyneside,Pension Credit Caseload - 2011 Geographies,5394,
Aug-23,North Tyneside,Mean of Weekly Award Amount,60.69,
Aug-23,South Tyneside,Pension Credit Caseload - 2011 Geographies,5180,
Aug-23,South Tyneside,Mean of Weekly Award Amount,61.57,
Aug-23,Sunderland,Pension Credit Caseload - 2011 Geographies,9451,
Aug-23,Sunderland,Mean of Weekly Award Amount,62.1,
Aug-23,Blackburn with Darwen,Pension Credit Caseload - 2011 Geographies,3870,
Aug-23,Blackburn with Darwen,Mean of Weekly Award Amount,80.61,
Aug-23,Blackpool,Pension Credit Caseload - 2011 Geographies,5299,
Aug-23,Blackpool,Mean of Weekly Award Amount,66.06,
Aug-23,Cheshire East,Pension Credit Caseload - 2011 Geographies,5908,
Aug-23,Cheshire East,Mean of Weekly Award Amount,65.25,
Aug-23,Cheshire West and Chester,Pension Credit Caseload - 2011 Geographies,6597,
Aug-23,Cheshire West and Chester,Mean of Weekly Award Amount,63.83,
Aug-23,Cumberland,Pension Credit Caseload - 2011 Geographies,5925,
Aug-23,Cumberland,Mean of Weekly Award Amount,62.12,
Aug-23,Halton,Pension Credit Caseload - 2011 Geographies,3447,
Aug-23,Halton,Mean of Weekly Award Amount,65.91,
Aug-23,Warrington,Pension Credit Caseload - 2011 Geographies,3808,
Aug-23,Warrington,Mean of Weekly Award Amount,64.9,
Aug-23,Westmorland and Furness,Pension Credit Caseload - 2011 Geographies,4172,
Aug-23,Westmorland and Furness,Mean of Weekly Award Amount,62.8,
Aug-23,Bolton,Pension Credit Caseload - 2011 Geographies,7448,
Aug-23,Bolton,Mean of Weekly Award Amount,77.43,
Aug-23,Bury,Pension Credit Caseload - 2011 Geographies,4013,
Aug-23,Bury,Mean of Weekly Award Amount,70.72,
Aug-23,Manchester,Pension Credit Caseload - 2011 Geographies,13919,
Aug-23,Manchester,Mean of Weekly Award Amount,90.81,
Aug-23,Oldham,Pension Credit Caseload - 2011 Geographies,5582,
Aug-23,Oldham,Mean of Weekly Award Amount,73.3,
Aug-23,Rochdale,Pension Credit Caseload - 2011 Geographies,5757,
Aug-23,Rochdale,Mean of Weekly Award Amount,70.36,
Aug-23,Salford,Pension Credit Caseload - 2011 Geographies,6370,
Aug-23,Salford,Mean of Weekly Award Amount,71.21,
Aug-23,Stockport,Pension Credit Caseload - 2011 Geographies,5731,
Aug-23,Stockport,Mean of Weekly Award Amount,70.14,
Aug-23,Tameside,Pension Credit Caseload - 2011 Geographies,5578,
Aug-23,Tameside,Mean of Weekly Award Amount,65.4,
Aug-23,Trafford,Pension Credit Caseload - 2011 Geographies,4234,
Aug-23,Trafford,Mean of Weekly Award Amount,75.31,
Aug-23,Wigan,Pension Credit Caseload - 2011 Geographies,7535,
Aug-23,Wigan,Mean of Weekly Award Amount,60.79,
Aug-23,Burnley,Pension Credit Caseload - 2011 Geographies,2402,
Aug-23,Burnley,Mean of Weekly Award Amount,68.22,
Aug-23,Chorley,Pension Credit Caseload - 2011 Geographies,1993,
Aug-23,Chorley,Mean of Weekly Award Amount,60.55,
Aug-23,Fylde,Pension Credit Caseload - 2011 Geographies,1950,
Aug-23,Fylde,Mean of Weekly Award Amount,65.24,
Aug-23,Hyndburn,Pension Credit Caseload - 2011 Geographies,2124,
Aug-23,Hyndburn,Mean of Weekly Award Amount,65.95,
Aug-23,Lancaster,Pension Credit Caseload - 2011 Geographies,3126,
Aug-23,Lancaster,Mean of Weekly Award Amount,65.42,
Aug-23,Pendle,Pension Credit Caseload - 2011 Geographies,2504,
Aug-23,Pendle,Mean of Weekly Award Amount,77.17,
Aug-23,Preston,Pension Credit Caseload - 2011 Geographies,3183,
Aug-23,Preston,Mean of Weekly Award Amount,73.86,
Aug-23,Ribble Valley,Pension Credit Caseload - 2011 Geographies,820,
Aug-23,Ribble Valley,Mean of Weekly Award Amount,60.67,
Aug-23,Rossendale,Pension Credit Caseload - 2011 Geographies,1646,
Aug-23,Rossendale,Mean of Weekly Award Amount,63.03,
Aug-23,South Ribble,Pension Credit Caseload - 2011 Geographies,1835,
Aug-23,South Ribble,Mean of Weekly Award Amount,60.64,
Aug-23,West Lancashire,Pension Credit Caseload - 2011 Geographies,2775,
Aug-23,West Lancashire,Mean of Weekly Award Amount,62.08,
Aug-23,Wyre,Pension Credit Caseload - 2011 Geographies,3041,
Aug-23,Wyre,Mean of Weekly Award Amount,65.4,
Aug-23,Knowsley,Pension Credit Caseload - 2011 Geographies,5655,
Aug-23,Knowsley,Mean of Weekly Award Amount,69.25,
Aug-23,Liverpool,Pension Credit Caseload - 2011 Geographies,17138,
Aug-23,Liverpool,Mean of Weekly Award Amount,75.04,
Aug-23,Sefton,Pension Credit Caseload - 2011 Geographies,8440,
Aug-23,Sefton,Mean of Weekly Award Amount,64.94,
Aug-23,St. Helens,Pension Credit Caseload - 2011 Geographies,4752,
Aug-23,St. Helens,Mean of Weekly Award Amount,65.23,
Aug-23,Wirral,Pension Credit Caseload - 2011 Geographies,8993,
Aug-23,Wirral,Mean of Weekly Award Amount,68.5,
Aug-23,East Riding of Yorkshire,Pension Credit Caseload - 2011 Geographies,7978,
Aug-23,East Riding of Yorkshire,Mean of Weekly Award Amount,59.44,
Aug-23,"Kingston upon Hull, City of",Pension Credit Caseload - 2011 Geographies,7735,
Aug-23,"Kingston upon Hull, City of",Mean of Weekly Award Amount,65.16,
Aug-23,North East Lincolnshire,Pension Credit Caseload - 2011 Geographies,4568,
Aug-23,North East Lincolnshire,Mean of Weekly Award Amount,63.7,
Aug-23,North Lincolnshire,Pension Credit Caseload - 2011 Geographies,3918,
Aug-23,North Lincolnshire,Mean of Weekly Award Amount,62.26,
Aug-23,North Yorkshire,Pension Credit Caseload - 2011 Geographies,11681,
Aug-23,North Yorkshire,Mean of Weekly Award Amount,63.09,
Aug-23,York,Pension Credit Caseload - 2011 Geographies,2791,
Aug-23,York,Mean of Weekly Award Amount,63.57,
Aug-23,Barnsley,Pension Credit Caseload - 2011 Geographies,5945,
Aug-23,Barnsley,Mean of Weekly Award Amount,65.18,
Aug-23,Doncaster,Pension Credit Caseload - 2011 Geographies,7507,
Aug-23,Doncaster,Mean of Weekly Award Amount,66.3,
Aug-23,Rotherham,Pension Credit Caseload - 2011 Geographies,6518,
Aug-23,Rotherham,Mean of Weekly Award Amount,62.87,
Aug-23,Sheffield,Pension Credit Caseload - 2011 Geographies,13021,
Aug-23,Sheffield,Mean of Weekly Award Amount,70.93,
Aug-23,Bradford,Pension Credit Caseload - 2011 Geographies,12609,
Aug-23,Bradford,Mean of Weekly Award Amount,75.83,
Aug-23,Calderdale,Pension Credit Caseload - 2011 Geographies,4467,
Aug-23,Calderdale,Mean of Weekly Award Amount,63.47,
Aug-23,Kirklees,Pension Credit Caseload - 2011 Geographies,8801,
Aug-23,Kirklees,Mean of Weekly Award Amount,67.94,
Aug-23,Leeds,Pension Credit Caseload - 2011 Geographies,15140,
Aug-23,Leeds,Mean of Weekly Award Amount,70.45,
Aug-23,Wakefield,Pension Credit Caseload - 2011 Geographies,7623,
Aug-23,Wakefield,Mean of Weekly Award Amount,62.97,
Aug-23,Derby,Pension Credit Caseload - 2011 Geographies,5609,
Aug-23,Derby,Mean of Weekly Award Amount,79.11,
Aug-23,Leicester,Pension Credit Caseload - 2011 Geographies,10211,
Aug-23,Leicester,Mean of Weekly Award Amount,112.16,
Aug-23,North Northamptonshire,Pension Credit Caseload - 2011 Geographies,6244,
Aug-23,North Northamptonshire,Mean of Weekly Award Amount,66.47,
Aug-23,Nottingham,Pension Credit Caseload - 2011 Geographies,7256,
Aug-23,Nottingham,Mean of Weekly Award Amount,76.32,
Aug-23,Rutland,Pension Credit Caseload - 2011 Geographies,516,
Aug-23,Rutland,Mean of Weekly Award Amount,62.37,
Aug-23,West Northamptonshire,Pension Credit Caseload - 2011 Geographies,6426,
Aug-23,West Northamptonshire,Mean of Weekly Award Amount,72.87,
Aug-23,Amber Valley,Pension Credit Caseload - 2011 Geographies,2566,
Aug-23,Amber Valley,Mean of Weekly Award Amount,63.06,
Aug-23,Bolsover,Pension Credit Caseload - 2011 Geographies,1978,
Aug-23,Bolsover,Mean of Weekly Award Amount,63.76,
Aug-23,Chesterfield,Pension Credit Caseload - 2011 Geographies,2764,
Aug-23,Chesterfield,Mean of Weekly Award Amount,62.79,
Aug-23,Derbyshire Dales,Pension Credit Caseload - 2011 Geographies,1148,
Aug-23,Derbyshire Dales,Mean of Weekly Award Amount,62.83,
Aug-23,Erewash,Pension Credit Caseload - 2011 Geographies,2346,
Aug-23,Erewash,Mean of Weekly Award Amount,56.96,
Aug-23,High Peak,Pension Credit Caseload - 2011 Geographies,1706,
Aug-23,High Peak,Mean of Weekly Award Amount,62.46,
Aug-23,North East Derbyshire,Pension Credit Caseload - 2011 Geographies,2406,
Aug-23,North East Derbyshire,Mean of Weekly Award Amount,61.48,
Aug-23,South Derbyshire,Pension Credit Caseload - 2011 Geographies,1636,
Aug-23,South Derbyshire,Mean of Weekly Award Amount,61.47,
Aug-23,Blaby,Pension Credit Caseload - 2011 Geographies,1619,
Aug-23,Blaby,Mean of Weekly Award Amount,67.87,
Aug-23,Charnwood,Pension Credit Caseload - 2011 Geographies,2843,
Aug-23,Charnwood,Mean of Weekly Award Amount,67.43,
Aug-23,Harborough,Pension Credit Caseload - 2011 Geographies,1258,
Aug-23,Harborough,Mean of Weekly Award Amount,62.49,
Aug-23,Hinckley and Bosworth,Pension Credit Caseload - 2011 Geographies,1807,
Aug-23,Hinckley and Bosworth,Mean of Weekly Award Amount,57.02,
Aug-23,Melton,Pension Credit Caseload - 2011 Geographies,791,
Aug-23,Melton,Mean of Weekly Award Amount,62.44,
Aug-23,North West Leicestershire,Pension Credit Caseload - 2011 Geographies,1603,
Aug-23,North West Leicestershire,Mean of Weekly Award Amount,59.82,
Aug-23,Oadby and Wigston,Pension Credit Caseload - 2011 Geographies,1084,
Aug-23,Oadby and Wigston,Mean of Weekly Award Amount,73.41,
Aug-23,Boston,Pension Credit Caseload - 2011 Geographies,1844,
Aug-23,Boston,Mean of Weekly Award Amount,75.74,
Aug-23,East Lindsey,Pension Credit Caseload - 2011 Geographies,4841,
Aug-23,East Lindsey,Mean of Weekly Award Amount,64.06,
Aug-23,Lincoln,Pension Credit Caseload - 2011 Geographies,2112,
Aug-23,Lincoln,Mean of Weekly Award Amount,66.52,
Aug-23,North Kesteven,Pension Credit Caseload - 2011 Geographies,2200,
Aug-23,North Kesteven,Mean of Weekly Award Amount,61.62,
Aug-23,South Holland,Pension Credit Caseload - 2011 Geographies,2142,
Aug-23,South Holland,Mean of Weekly Award Amount,62.05,
Aug-23,South Kesteven,Pension Credit Caseload - 2011 Geographies,2438,
Aug-23,South Kesteven,Mean of Weekly Award Amount,64.17,
Aug-23,West Lindsey,Pension Credit Caseload - 2011 Geographies,2002,
Aug-23,West Lindsey,Mean of Weekly Award Amount,61.95,
Aug-23,Ashfield,Pension Credit Caseload - 2011 Geographies,2735,
Aug-23,Ashfield,Mean of Weekly Award Amount,60.92,
Aug-23,Bassetlaw,Pension Credit Caseload - 2011 Geographies,2551,
Aug-23,Bassetlaw,Mean of Weekly Award Amount,64.64,
Aug-23,Broxtowe,Pension Credit Caseload - 2011 Geographies,2030,
Aug-23,Broxtowe,Mean of Weekly Award Amount,61.86,
Aug-23,Gedling,Pension Credit Caseload - 2011 Geographies,2051,
Aug-23,Gedling,Mean of Weekly Award Amount,61.89,
Aug-23,Mansfield,Pension Credit Caseload - 2011 Geographies,2310,
Aug-23,Mansfield,Mean of Weekly Award Amount,65.13,
Aug-23,Newark and Sherwood,Pension Credit Caseload - 2011 Geographies,2308,
Aug-23,Newark and Sherwood,Mean of Weekly Award Amount,63.65,
Aug-23,Rushcliffe,Pension Credit Caseload - 2011 Geographies,1577,
Aug-23,Rushcliffe,Mean of Weekly Award Amount,63.64,
Aug-23,"Herefordshire, County of",Pension Credit Caseload - 2011 Geographies,3986,
Aug-23,"Herefordshire, County of",Mean of Weekly Award Amount,64.75,
Aug-23,Shropshire,Pension Credit Caseload - 2011 Geographies,6966,
Aug-23,Shropshire,Mean of Weekly Award Amount,63.27,
Aug-23,Stoke-on-Trent,Pension Credit Caseload - 2011 Geographies,6380,
Aug-23,Stoke-on-Trent,Mean of Weekly Award Amount,63.46,
Aug-23,Telford and Wrekin,Pension Credit Caseload - 2011 Geographies,4168,
Aug-23,Telford and Wrekin,Mean of Weekly Award Amount,67.13,
Aug-23,Cannock Chase,Pension Credit Caseload - 2011 Geographies,2260,
Aug-23,Cannock Chase,Mean of Weekly Award Amount,58.77,
Aug-23,East Staffordshire,Pension Credit Caseload - 2011 Geographies,1976,
Aug-23,East Staffordshire,Mean of Weekly Award Amount,62.9,
Aug-23,Lichfield,Pension Credit Caseload - 2011 Geographies,1780,
Aug-23,Lichfield,Mean of Weekly Award Amount,58.04,
Aug-23,Newcastle-under-Lyme,Pension Credit Caseload - 2011 Geographies,2510,
Aug-23,Newcastle-under-Lyme,Mean of Weekly Award Amount,61.44,
Aug-23,South Staffordshire,Pension Credit Caseload - 2011 Geographies,2301,
Aug-23,South Staffordshire,Mean of Weekly Award Amount,59.64,
Aug-23,Stafford,Pension Credit Caseload - 2011 Geographies,2096,
Aug-23,Stafford,Mean of Weekly Award Amount,60.91,
Aug-23,Staffordshire Moorlands,Pension Credit Caseload - 2011 Geographies,1757,
Aug-23,Staffordshire Moorlands,Mean of Weekly Award Amount,59.18,
Aug-23,Tamworth,Pension Credit Caseload - 2011 Geographies,1670,
Aug-23,Tamworth,Mean of Weekly Award Amount,59.87,
Aug-23,North Warwickshire,Pension Credit Caseload - 2011 Geographies,1323,
Aug-23,North Warwickshire,Mean of Weekly Award Amount,59.55,
Aug-23,Nuneaton and Bedworth,Pension Credit Caseload - 2011 Geographies,2765,
Aug-23,Nuneaton and Bedworth,Mean of Weekly Award Amount,69.62,
Aug-23,Rugby,Pension Credit Caseload - 2011 Geographies,1612,
Aug-23,Rugby,Mean of Weekly Award Amount,70.57,
Aug-23,Stratford-on-Avon,Pension Credit Caseload - 2011 Geographies,2248,
Aug-23,Stratford-on-Avon,Mean of Weekly Award Amount,62.46,
Aug-23,Warwick,Pension Credit Caseload - 2011 Geographies,2028,
Aug-23,Warwick,Mean of Weekly Award Amount,65.49,
Aug-23,Birmingham,Pension Credit Caseload - 2011 Geographies,29106,
Aug-23,Birmingham,Mean of Weekly Award Amount,85.45,
Aug-23,Coventry,Pension Credit Caseload - 2011 Geographies,7208,
Aug-23,Coventry,Mean of Weekly Award Amount,78.89,
Aug-23,Dudley,Pension Credit Caseload - 2011 Geographies,7815,
Aug-23,Dudley,Mean of Weekly Award Amount,63.11,
Aug-23,Sandwell,Pension Credit Caseload - 2011 Geographies,9955,
Aug-23,Sandwell,Mean of Weekly Award Amount,80.82,
Aug-23,Solihull,Pension Credit Caseload - 2011 Geographies,3941,
Aug-23,Solihull,Mean of Weekly Award Amount,67.48,
Aug-23,Walsall,Pension Credit Caseload - 2011 Geographies,7703,
Aug-23,Walsall,Mean of Weekly Award Amount,69.99,
Aug-23,Wolverhampton,Pension Credit Caseload - 2011 Geographies,7454,
Aug-23,Wolverhampton,Mean of Weekly Award Amount,79.98,
Aug-23,Bromsgrove,Pension Credit Caseload - 2011 Geographies,1505,
Aug-23,Bromsgrove,Mean of Weekly Award Amount,59.18,
Aug-23,Malvern Hills,Pension Credit Caseload - 2011 Geographies,1619,
Aug-23,Malvern Hills,Mean of Weekly Award Amount,63.69,
Aug-23,Redditch,Pension Credit Caseload - 2011 Geographies,1728,
Aug-23,Redditch,Mean of Weekly Award Amount,63.21,
Aug-23,Worcester,Pension Credit Caseload - 2011 Geographies,1841,
Aug-23,Worcester,Mean of Weekly Award Amount,65.5,
Aug-23,Wychavon,Pension Credit Caseload - 2011 Geographies,2325,
Aug-23,Wychavon,Mean of Weekly Award Amount,65.44,
Aug-23,Wyre Forest,Pension Credit Caseload - 2011 Geographies,2436,
Aug-23,Wyre Forest,Mean of Weekly Award Amount,60.41,
Aug-23,Bedford,Pension Credit Caseload - 2011 Geographies,2888,
Aug-23,Bedford,Mean of Weekly Award Amount,79.05,
Aug-23,Central Bedfordshire,Pension Credit Caseload - 2011 Geographies,3737,
Aug-23,Central Bedfordshire,Mean of Weekly Award Amount,65.33,
Aug-23,Luton,Pension Credit Caseload - 2011 Geographies,4398,
Aug-23,Luton,Mean of Weekly Award Amount,92.11,
Aug-23,Peterborough,Pension Credit Caseload - 2011 Geographies,4238,
Aug-23,Peterborough,Mean of Weekly Award Amount,84.61,
Aug-23,Southend-on-Sea,Pension Credit Caseload - 2011 Geographies,4272,
Aug-23,Southend-on-Sea,Mean of Weekly Award Amount,72,
Aug-23,Thurrock,Pension Credit Caseload - 2011 Geographies,2913,
Aug-23,Thurrock,Mean of Weekly Award Amount,77.98,
Aug-23,Cambridge,Pension Credit Caseload - 2011 Geographies,1547,
Aug-23,Cambridge,Mean of Weekly Award Amount,83.67,
Aug-23,East Cambridgeshire,Pension Credit Caseload - 2011 Geographies,1276,
Aug-23,East Cambridgeshire,Mean of Weekly Award Amount,68.29,
Aug-23,Fenland,Pension Credit Caseload - 2011 Geographies,2553,
Aug-23,Fenland,Mean of Weekly Award Amount,66.51,
Aug-23,Huntingdonshire,Pension Credit Caseload - 2011 Geographies,2353,
Aug-23,Huntingdonshire,Mean of Weekly Award Amount,66.98,
Aug-23,South Cambridgeshire,Pension Credit Caseload - 2011 Geographies,1793,
Aug-23,South Cambridgeshire,Mean of Weekly Award Amount,74.88,
Aug-23,Basildon,Pension Credit Caseload - 2011 Geographies,3748,
Aug-23,Basildon,Mean of Weekly Award Amount,70.55,
Aug-23,Braintree,Pension Credit Caseload - 2011 Geographies,2633,
Aug-23,Braintree,Mean of Weekly Award Amount,61.83,
Aug-23,Brentwood,Pension Credit Caseload - 2011 Geographies,1127,
Aug-23,Brentwood,Mean of Weekly Award Amount,73.31,
Aug-23,Castle Point,Pension Credit Caseload - 2011 Geographies,2068,
Aug-23,Castle Point,Mean of Weekly Award Amount,66.29,
Aug-23,Chelmsford,Pension Credit Caseload - 2011 Geographies,2372,
Aug-23,Chelmsford,Mean of Weekly Award Amount,70.78,
Aug-23,Colchester,Pension Credit Caseload - 2011 Geographies,2870,
Aug-23,Colchester,Mean of Weekly Award Amount,73.79,
Aug-23,Epping Forest,Pension Credit Caseload - 2011 Geographies,2523,
Aug-23,Epping Forest,Mean of Weekly Award Amount,76.69,
Aug-23,Harlow,Pension Credit Caseload - 2011 Geographies,1688,
Aug-23,Harlow,Mean of Weekly Award Amount,71.29,
Aug-23,Maldon,Pension Credit Caseload - 2011 Geographies,1278,
Aug-23,Maldon,Mean of Weekly Award Amount,63.27,
Aug-23,Rochford,Pension Credit Caseload - 2011 Geographies,1445,
Aug-23,Rochford,Mean of Weekly Award Amount,63.25,
Aug-23,Tendring,Pension Credit Caseload - 2011 Geographies,4884,
Aug-23,Tendring,Mean of Weekly Award Amount,66.32,
Aug-23,Uttlesford,Pension Credit Caseload - 2011 Geographies,1125,
Aug-23,Uttlesford,Mean of Weekly Award Amount,65.36,
Aug-23,Broxbourne,Pension Credit Caseload - 2011 Geographies,1775,
Aug-23,Broxbourne,Mean of Weekly Award Amount,78.05,
Aug-23,Dacorum,Pension Credit Caseload - 2011 Geographies,2063,
Aug-23,Dacorum,Mean of Weekly Award Amount,73.14,
Aug-23,East Hertfordshire,Pension Credit Caseload - 2011 Geographies,1773,
Aug-23,East Hertfordshire,Mean of Weekly Award Amount,72.26,
Aug-23,Hertsmere,Pension Credit Caseload - 2011 Geographies,1793,
Aug-23,Hertsmere,Mean of Weekly Award Amount,83.99,
Aug-23,North Hertfordshire,Pension Credit Caseload - 2011 Geographies,1882,
Aug-23,North Hertfordshire,Mean of Weekly Award Amount,66.1,
Aug-23,St Albans,Pension Credit Caseload - 2011 Geographies,1442,
Aug-23,St Albans,Mean of Weekly Award Amount,78.54,
Aug-23,Stevenage,Pension Credit Caseload - 2011 Geographies,1466,
Aug-23,Stevenage,Mean of Weekly Award Amount,72.9,
Aug-23,Three Rivers,Pension Credit Caseload - 2011 Geographies,1279,
Aug-23,Three Rivers,Mean of Weekly Award Amount,82.57,
Aug-23,Watford,Pension Credit Caseload - 2011 Geographies,1412,
Aug-23,Watford,Mean of Weekly Award Amount,88.47,
Aug-23,Welwyn Hatfield,Pension Credit Caseload - 2011 Geographies,1639,
Aug-23,Welwyn Hatfield,Mean of Weekly Award Amount,77.75,
Aug-23,Breckland,Pension Credit Caseload - 2011 Geographies,3008,
Aug-23,Breckland,Mean of Weekly Award Amount,62.43,
Aug-23,Broadland,Pension Credit Caseload - 2011 Geographies,2233,
Aug-23,Broadland,Mean of Weekly Award Amount,59.34,
Aug-23,Great Yarmouth,Pension Credit Caseload - 2011 Geographies,3253,
Aug-23,Great Yarmouth,Mean of Weekly Award Amount,62.57,
Aug-23,King's Lynn and West Norfolk,Pension Credit Caseload - 2011 Geographies,3776,
Aug-23,King's Lynn and West Norfolk,Mean of Weekly Award Amount,63.81,
Aug-23,North Norfolk,Pension Credit Caseload - 2011 Geographies,2714,
Aug-23,North Norfolk,Mean of Weekly Award Amount,58.14,
Aug-23,Norwich,Pension Credit Caseload - 2011 Geographies,3271,
Aug-23,Norwich,Mean of Weekly Award Amount,67.96,
Aug-23,South Norfolk,Pension Credit Caseload - 2011 Geographies,2429,
Aug-23,South Norfolk,Mean of Weekly Award Amount,64.18,
Aug-23,Babergh,Pension Credit Caseload - 2011 Geographies,1660,
Aug-23,Babergh,Mean of Weekly Award Amount,61.47,
Aug-23,East Suffolk,Pension Credit Caseload - 2011 Geographies,5296,
Aug-23,East Suffolk,Mean of Weekly Award Amount,61.26,
Aug-23,Ipswich,Pension Credit Caseload - 2011 Geographies,2710,
Aug-23,Ipswich,Mean of Weekly Award Amount,76.21,
Aug-23,Mid Suffolk,Pension Credit Caseload - 2011 Geographies,1640,
Aug-23,Mid Suffolk,Mean of Weekly Award Amount,63.38,
Aug-23,West Suffolk,Pension Credit Caseload - 2011 Geographies,2928,
Aug-23,West Suffolk,Mean of Weekly Award Amount,63.1,
Aug-23,Camden,Pension Credit Caseload - 2011 Geographies,6165,
Aug-23,Camden,Mean of Weekly Award Amount,108.58,
Aug-23,City of London,Pension Credit Caseload - 2011 Geographies,100,
Aug-23,City of London,Mean of Weekly Award Amount,98.1,
Aug-23,Hackney,Pension Credit Caseload - 2011 Geographies,7506,
Aug-23,Hackney,Mean of Weekly Award Amount,111.69,
Aug-23,Hammersmith and Fulham,Pension Credit Caseload - 2011 Geographies,4556,
Aug-23,Hammersmith and Fulham,Mean of Weekly Award Amount,110.76,
Aug-23,Haringey,Pension Credit Caseload - 2011 Geographies,7042,
Aug-23,Haringey,Mean of Weekly Award Amount,115.25,
Aug-23,Islington,Pension Credit Caseload - 2011 Geographies,6078,
Aug-23,Islington,Mean of Weekly Award Amount,102.07,
Aug-23,Kensington and Chelsea,Pension Credit Caseload - 2011 Geographies,4351,
Aug-23,Kensington and Chelsea,Mean of Weekly Award Amount,111.86,
Aug-23,Lambeth,Pension Credit Caseload - 2011 Geographies,7501,
Aug-23,Lambeth,Mean of Weekly Award Amount,102.44,
Aug-23,Lewisham,Pension Credit Caseload - 2011 Geographies,6269,
Aug-23,Lewisham,Mean of Weekly Award Amount,96.85,
Aug-23,Newham,Pension Credit Caseload - 2011 Geographies,8227,
Aug-23,Newham,Mean of Weekly Award Amount,119.72,
Aug-23,Southwark,Pension Credit Caseload - 2011 Geographies,7483,
Aug-23,Southwark,Mean of Weekly Award Amount,102.64,
Aug-23,Tower Hamlets,Pension Credit Caseload - 2011 Geographies,7328,
Aug-23,Tower Hamlets,Mean of Weekly Award Amount,110.46,
Aug-23,Wandsworth,Pension Credit Caseload - 2011 Geographies,5715,
Aug-23,Wandsworth,Mean of Weekly Award Amount,104.11,
Aug-23,Westminster,Pension Credit Caseload - 2011 Geographies,6000,
Aug-23,Westminster,Mean of Weekly Award Amount,122.86,
Aug-23,Barking and Dagenham,Pension Credit Caseload - 2011 Geographies,4548,
Aug-23,Barking and Dagenham,Mean of Weekly Award Amount,104.09,
Aug-23,Barnet,Pension Credit Caseload - 2011 Geographies,7984,
Aug-23,Barnet,Mean of Weekly Award Amount,117.23,
Aug-23,Bexley,Pension Credit Caseload - 2011 Geographies,3946,
Aug-23,Bexley,Mean of Weekly Award Amount,84.78,
Aug-23,Brent,Pension Credit Caseload - 2011 Geographies,9083,
Aug-23,Brent,Mean of Weekly Award Amount,124.23,
Aug-23,Bromley,Pension Credit Caseload - 2011 Geographies,4951,
Aug-23,Bromley,Mean of Weekly Award Amount,86.84,
Aug-23,Croydon,Pension Credit Caseload - 2011 Geographies,7131,
Aug-23,Croydon,Mean of Weekly Award Amount,101.42,
Aug-23,Ealing,Pension Credit Caseload - 2011 Geographies,8792,
Aug-23,Ealing,Mean of Weekly Award Amount,130.76,
Aug-23,Enfield,Pension Credit Caseload - 2011 Geographies,8020,
Aug-23,Enfield,Mean of Weekly Award Amount,109.72,
Aug-23,Greenwich,Pension Credit Caseload - 2011 Geographies,6193,
Aug-23,Greenwich,Mean of Weekly Award Amount,106.18,
Aug-23,Harrow,Pension Credit Caseload - 2011 Geographies,5704,
Aug-23,Harrow,Mean of Weekly Award Amount,134.7,
Aug-23,Havering,Pension Credit Caseload - 2011 Geographies,4437,
Aug-23,Havering,Mean of Weekly Award Amount,82.36,
Aug-23,Hillingdon,Pension Credit Caseload - 2011 Geographies,5359,
Aug-23,Hillingdon,Mean of Weekly Award Amount,119.24,
Aug-23,Hounslow,Pension Credit Caseload - 2011 Geographies,5977,
Aug-23,Hounslow,Mean of Weekly Award Amount,126.72,
Aug-23,Kingston upon Thames,Pension Credit Caseload - 2011 Geographies,2467,
Aug-23,Kingston upon Thames,Mean of Weekly Award Amount,115.88,
Aug-23,Merton,Pension Credit Caseload - 2011 Geographies,3505,
Aug-23,Merton,Mean of Weekly Award Amount,110.62,
Aug-23,Redbridge,Pension Credit Caseload - 2011 Geographies,6273,
Aug-23,Redbridge,Mean of Weekly Award Amount,114.51,
Aug-23,Richmond upon Thames,Pension Credit Caseload - 2011 Geographies,2710,
Aug-23,Richmond upon Thames,Mean of Weekly Award Amount,97.26,
Aug-23,Sutton,Pension Credit Caseload - 2011 Geographies,3154,
Aug-23,Sutton,Mean of Weekly Award Amount,98.44,
Aug-23,Waltham Forest,Pension Credit Caseload - 2011 Geographies,5722,
Aug-23,Waltham Forest,Mean of Weekly Award Amount,101.97,
Aug-23,Bracknell Forest,Pension Credit Caseload - 2011 Geographies,1512,
Aug-23,Bracknell Forest,Mean of Weekly Award Amount,83.6,
Aug-23,Brighton and Hove,Pension Credit Caseload - 2011 Geographies,5872,
Aug-23,Brighton and Hove,Mean of Weekly Award Amount,80.13,
Aug-23,Buckinghamshire,Pension Credit Caseload - 2011 Geographies,6532,
Aug-23,Buckinghamshire,Mean of Weekly Award Amount,77.28,
Aug-23,Isle of Wight,Pension Credit Caseload - 2011 Geographies,4008,
Aug-23,Isle of Wight,Mean of Weekly Award Amount,63.59,
Aug-23,Medway,Pension Credit Caseload - 2011 Geographies,4887,
Aug-23,Medway,Mean of Weekly Award Amount,71.42,
Aug-23,Milton Keynes,Pension Credit Caseload - 2011 Geographies,4243,
Aug-23,Milton Keynes,Mean of Weekly Award Amount,81.77,
Aug-23,Portsmouth,Pension Credit Caseload - 2011 Geographies,4336,
Aug-23,Portsmouth,Mean of Weekly Award Amount,72.98,
Aug-23,Reading,Pension Credit Caseload - 2011 Geographies,2871,
Aug-23,Reading,Mean of Weekly Award Amount,108.39,
Aug-23,Slough,Pension Credit Caseload - 2011 Geographies,2765,
Aug-23,Slough,Mean of Weekly Award Amount,107.24,
Aug-23,Southampton,Pension Credit Caseload - 2011 Geographies,4832,
Aug-23,Southampton,Mean of Weekly Award Amount,78.22,
Aug-23,West Berkshire,Pension Credit Caseload - 2011 Geographies,1987,
Aug-23,West Berkshire,Mean of Weekly Award Amount,67.54,
Aug-23,Windsor and Maidenhead,Pension Credit Caseload - 2011 Geographies,1861,
Aug-23,Windsor and Maidenhead,Mean of Weekly Award Amount,82.42,
Aug-23,Wokingham,Pension Credit Caseload - 2011 Geographies,1438,
Aug-23,Wokingham,Mean of Weekly Award Amount,76.01,
Aug-23,Eastbourne,Pension Credit Caseload - 2011 Geographies,2797,
Aug-23,Eastbourne,Mean of Weekly Award Amount,73.92,
Aug-23,Hastings,Pension Credit Caseload - 2011 Geographies,2922,
Aug-23,Hastings,Mean of Weekly Award Amount,73.98,
Aug-23,Lewes,Pension Credit Caseload - 2011 Geographies,2118,
Aug-23,Lewes,Mean of Weekly Award Amount,68.39,
Aug-23,Rother,Pension Credit Caseload - 2011 Geographies,2484,
Aug-23,Rother,Mean of Weekly Award Amount,67.81,
Aug-23,Wealden,Pension Credit Caseload - 2011 Geographies,2756,
Aug-23,Wealden,Mean of Weekly Award Amount,65.85,
Aug-23,Basingstoke and Deane,Pension Credit Caseload - 2011 Geographies,2168,
Aug-23,Basingstoke and Deane,Mean of Weekly Award Amount,80.91,
Aug-23,East Hampshire,Pension Credit Caseload - 2011 Geographies,1563,
Aug-23,East Hampshire,Mean of Weekly Award Amount,70.1,
Aug-23,Eastleigh,Pension Credit Caseload - 2011 Geographies,1734,
Aug-23,Eastleigh,Mean of Weekly Award Amount,65.81,
Aug-23,Fareham,Pension Credit Caseload - 2011 Geographies,1542,
Aug-23,Fareham,Mean of Weekly Award Amount,61.43,
Aug-23,Gosport,Pension Credit Caseload - 2011 Geographies,1550,
Aug-23,Gosport,Mean of Weekly Award Amount,60.87,
Aug-23,Hart,Pension Credit Caseload - 2011 Geographies,888,
Aug-23,Hart,Mean of Weekly Award Amount,74.95,
Aug-23,Havant,Pension Credit Caseload - 2011 Geographies,2821,
Aug-23,Havant,Mean of Weekly Award Amount,64.49,
Aug-23,New Forest,Pension Credit Caseload - 2011 Geographies,3184,
Aug-23,New Forest,Mean of Weekly Award Amount,65.2,
Aug-23,Rushmoor,Pension Credit Caseload - 2011 Geographies,2343,
Aug-23,Rushmoor,Mean of Weekly Award Amount,137.47,
Aug-23,Test Valley,Pension Credit Caseload - 2011 Geographies,1643,
Aug-23,Test Valley,Mean of Weekly Award Amount,69.74,
Aug-23,Winchester,Pension Credit Caseload - 2011 Geographies,1648,
Aug-23,Winchester,Mean of Weekly Award Amount,69.67,
Aug-23,Ashford,Pension Credit Caseload - 2011 Geographies,2586,
Aug-23,Ashford,Mean of Weekly Award Amount,91.05,
Aug-23,Canterbury,Pension Credit Caseload - 2011 Geographies,3100,
Aug-23,Canterbury,Mean of Weekly Award Amount,71.43,
Aug-23,Dartford,Pension Credit Caseload - 2011 Geographies,1428,
Aug-23,Dartford,Mean of Weekly Award Amount,75.13,
Aug-23,Dover,Pension Credit Caseload - 2011 Geographies,2708,
Aug-23,Dover,Mean of Weekly Award Amount,67.32,
Aug-23,Folkestone and Hythe,Pension Credit Caseload - 2011 Geographies,2997,
Aug-23,Folkestone and Hythe,Mean of Weekly Award Amount,77.73,
Aug-23,Gravesham,Pension Credit Caseload - 2011 Geographies,1941,
Aug-23,Gravesham,Mean of Weekly Award Amount,75.2,
Aug-23,Maidstone,Pension Credit Caseload - 2011 Geographies,2773,
Aug-23,Maidstone,Mean of Weekly Award Amount,77.81,
Aug-23,Sevenoaks,Pension Credit Caseload - 2011 Geographies,1756,
Aug-23,Sevenoaks,Mean of Weekly Award Amount,72.46,
Aug-23,Swale,Pension Credit Caseload - 2011 Geographies,3106,
Aug-23,Swale,Mean of Weekly Award Amount,68.4,
Aug-23,Thanet,Pension Credit Caseload - 2011 Geographies,4508,
Aug-23,Thanet,Mean of Weekly Award Amount,70.05,
Aug-23,Tonbridge and Malling,Pension Credit Caseload - 2011 Geographies,1730,
Aug-23,Tonbridge and Malling,Mean of Weekly Award Amount,71.14,
Aug-23,Tunbridge Wells,Pension Credit Caseload - 2011 Geographies,1687,
Aug-23,Tunbridge Wells,Mean of Weekly Award Amount,74.49,
Aug-23,Cherwell,Pension Credit Caseload - 2011 Geographies,1908,
Aug-23,Cherwell,Mean of Weekly Award Amount,70.46,
Aug-23,Oxford,Pension Credit Caseload - 2011 Geographies,1937,
Aug-23,Oxford,Mean of Weekly Award Amount,90.28,
Aug-23,South Oxfordshire,Pension Credit Caseload - 2011 Geographies,1633,
Aug-23,South Oxfordshire,Mean of Weekly Award Amount,68.94,
Aug-23,Vale of White Horse,Pension Credit Caseload - 2011 Geographies,1438,
Aug-23,Vale of White Horse,Mean of Weekly Award Amount,70.85,
Aug-23,West Oxfordshire,Pension Credit Caseload - 2011 Geographies,1363,
Aug-23,West Oxfordshire,Mean of Weekly Award Amount,71.58,
Aug-23,Elmbridge,Pension Credit Caseload - 2011 Geographies,1715,
Aug-23,Elmbridge,Mean of Weekly Award Amount,86.67,
Aug-23,Epsom and Ewell,Pension Credit Caseload - 2011 Geographies,862,
Aug-23,Epsom and Ewell,Mean of Weekly Award Amount,96.06,
Aug-23,Guildford,Pension Credit Caseload - 2011 Geographies,1484,
Aug-23,Guildford,Mean of Weekly Award Amount,76.01,
Aug-23,Mole Valley,Pension Credit Caseload - 2011 Geographies,1071,
Aug-23,Mole Valley,Mean of Weekly Award Amount,75.65,
Aug-23,Reigate and Banstead,Pension Credit Caseload - 2011 Geographies,1670,
Aug-23,Reigate and Banstead,Mean of Weekly Award Amount,82.12,
Aug-23,Runnymede,Pension Credit Caseload - 2011 Geographies,1118,
Aug-23,Runnymede,Mean of Weekly Award Amount,76.11,
Aug-23,Spelthorne,Pension Credit Caseload - 2011 Geographies,1412,
Aug-23,Spelthorne,Mean of Weekly Award Amount,82.71,
Aug-23,Surrey Heath,Pension Credit Caseload - 2011 Geographies,997,
Aug-23,Surrey Heath,Mean of Weekly Award Amount,86.03,
Aug-23,Tandridge,Pension Credit Caseload - 2011 Geographies,1062,
Aug-23,Tandridge,Mean of Weekly Award Amount,76.13,
Aug-23,Waverley,Pension Credit Caseload - 2011 Geographies,1537,
Aug-23,Waverley,Mean of Weekly Award Amount,75.04,
Aug-23,Woking,Pension Credit Caseload - 2011 Geographies,1212,
Aug-23,Woking,Mean of Weekly Award Amount,86.81,
Aug-23,Adur,Pension Credit Caseload - 2011 Geographies,1407,
Aug-23,Adur,Mean of Weekly Award Amount,66.94,
Aug-23,Arun,Pension Credit Caseload - 2011 Geographies,3885,
Aug-23,Arun,Mean of Weekly Award Amount,66.83,
Aug-23,Chichester,Pension Credit Caseload - 2011 Geographies,2234,
Aug-23,Chichester,Mean of Weekly Award Amount,66.49,
Aug-23,Crawley,Pension Credit Caseload - 2011 Geographies,1746,
Aug-23,Crawley,Mean of Weekly Award Amount,93.59,
Aug-23,Horsham,Pension Credit Caseload - 2011 Geographies,1858,
Aug-23,Horsham,Mean of Weekly Award Amount,68.84,
Aug-23,Mid Sussex,Pension Credit Caseload - 2011 Geographies,1782,
Aug-23,Mid Sussex,Mean of Weekly Award Amount,71.69,
Aug-23,Worthing,Pension Credit Caseload - 2011 Geographies,2315,
Aug-23,Worthing,Mean of Weekly Award Amount,66.29,
Aug-23,Bath and North East Somerset,Pension Credit Caseload - 2011 Geographies,2899,
Aug-23,Bath and North East Somerset,Mean of Weekly Award Amount,66.06,
Aug-23,"Bournemouth, Christchurch and Poole",Pension Credit Caseload - 2011 Geographies,9173,
Aug-23,"Bournemouth, Christchurch and Poole",Mean of Weekly Award Amount,70.64,
Aug-23,"Bristol, City of",Pension Credit Caseload - 2011 Geographies,7944,
Aug-23,"Bristol, City of",Mean of Weekly Award Amount,79.74,
Aug-23,Cornwall,Pension Credit Caseload - 2011 Geographies,15452,
Aug-23,Cornwall,Mean of Weekly Award Amount,60.67,
Aug-23,Dorset,Pension Credit Caseload - 2011 Geographies,7826,
Aug-23,Dorset,Mean of Weekly Award Amount,64.07,
Aug-23,Isles of Scilly,Pension Credit Caseload - 2011 Geographies,22,
Aug-23,Isles of Scilly,Mean of Weekly Award Amount,88.88,
Aug-23,North Somerset,Pension Credit Caseload - 2011 Geographies,4231,
Aug-23,North Somerset,Mean of Weekly Award Amount,65.27,
Aug-23,Plymouth,Pension Credit Caseload - 2011 Geographies,5942,
Aug-23,Plymouth,Mean of Weekly Award Amount,66.73,
Aug-23,Somerset,Pension Credit Caseload - 2011 Geographies,11456,
Aug-23,Somerset,Mean of Weekly Award Amount,64.58,
Aug-23,South Gloucestershire,Pension Credit Caseload - 2011 Geographies,3726,
Aug-23,South Gloucestershire,Mean of Weekly Award Amount,66.97,
Aug-23,Swindon,Pension Credit Caseload - 2011 Geographies,3902,
Aug-23,Swindon,Mean of Weekly Award Amount,87.85,
Aug-23,Torbay,Pension Credit Caseload - 2011 Geographies,4849,
Aug-23,Torbay,Mean of Weekly Award Amount,67.01,
Aug-23,Wiltshire,Pension Credit Caseload - 2011 Geographies,7542,
Aug-23,Wiltshire,Mean of Weekly Award Amount,66.62,
Aug-23,East Devon,Pension Credit Caseload - 2011 Geographies,3048,
Aug-23,East Devon,Mean of Weekly Award Amount,60.94,
Aug-23,Exeter,Pension Credit Caseload - 2011 Geographies,2238,
Aug-23,Exeter,Mean of Weekly Award Amount,64.74,
Aug-23,Mid Devon,Pension Credit Caseload - 2011 Geographies,1616,
Aug-23,Mid Devon,Mean of Weekly Award Amount,64.03,
Aug-23,North Devon,Pension Credit Caseload - 2011 Geographies,2340,
Aug-23,North Devon,Mean of Weekly Award Amount,62.64,
Aug-23,South Hams,Pension Credit Caseload - 2011 Geographies,1899,
Aug-23,South Hams,Mean of Weekly Award Amount,65.28,
Aug-23,Teignbridge,Pension Credit Caseload - 2011 Geographies,3208,
Aug-23,Teignbridge,Mean of Weekly Award Amount,62.01,
Aug-23,Torridge,Pension Credit Caseload - 2011 Geographies,1814,
Aug-23,Torridge,Mean of Weekly Award Amount,62.27,
Aug-23,West Devon,Pension Credit Caseload - 2011 Geographies,1254,
Aug-23,West Devon,Mean of Weekly Award Amount,64.03,
Aug-23,Cheltenham,Pension Credit Caseload - 2011 Geographies,1809,
Aug-23,Cheltenham,Mean of Weekly Award Amount,69.36,
Aug-23,Cotswold,Pension Credit Caseload - 2011 Geographies,1463,
Aug-23,Cotswold,Mean of Weekly Award Amount,62.85,
Aug-23,Forest of Dean,Pension Credit Caseload - 2011 Geographies,1859,
Aug-23,Forest of Dean,Mean of Weekly Award Amount,68.59,
Aug-23,Gloucester,Pension Credit Caseload - 2011 Geographies,2287,
Aug-23,Gloucester,Mean of Weekly Award Amount,74.17,
Aug-23,Stroud,Pension Credit Caseload - 2011 Geographies,1843,
Aug-23,Stroud,Mean of Weekly Award Amount,64.43,
Aug-23,Tewkesbury,Pension Credit Caseload - 2011 Geographies,1387,
Aug-23,Tewkesbury,Mean of Weekly Award Amount,67.56,
Aug-23,Total,Pension Credit Caseload - 2011 Geographies,1165874,
Aug-23,Total,Mean of Weekly Award Amount,76.77,
Nov-23,England,Pension Credit Caseload - 2011 Geographies,1160826,
Nov-23,England,Mean of Weekly Award Amount,77.16,
Nov-23,County Durham,Pension Credit Caseload - 2011 Geographies,14992,
Nov-23,County Durham,Mean of Weekly Award Amount,63.24,
Nov-23,Darlington,Pension Credit Caseload - 2011 Geographies,2607,
Nov-23,Darlington,Mean of Weekly Award Amount,67.98,
Nov-23,Hartlepool,Pension Credit Caseload - 2011 Geographies,3238,
Nov-23,Hartlepool,Mean of Weekly Award Amount,66.72,
Nov-23,Middlesbrough,Pension Credit Caseload - 2011 Geographies,4142,
Nov-23,Middlesbrough,Mean of Weekly Award Amount,69.89,
Nov-23,Northumberland,Pension Credit Caseload - 2011 Geographies,7300,
Nov-23,Northumberland,Mean of Weekly Award Amount,59.54,
Nov-23,Redcar and Cleveland,Pension Credit Caseload - 2011 Geographies,4297,
Nov-23,Redcar and Cleveland,Mean of Weekly Award Amount,60.72,
Nov-23,Stockton-on-Tees,Pension Credit Caseload - 2011 Geographies,4596,
Nov-23,Stockton-on-Tees,Mean of Weekly Award Amount,65.69,
Nov-23,Gateshead,Pension Credit Caseload - 2011 Geographies,5826,
Nov-23,Gateshead,Mean of Weekly Award Amount,64.62,
Nov-23,Newcastle upon Tyne,Pension Credit Caseload - 2011 Geographies,7491,
Nov-23,Newcastle upon Tyne,Mean of Weekly Award Amount,72.84,
Nov-23,North Tyneside,Pension Credit Caseload - 2011 Geographies,5353,
Nov-23,North Tyneside,Mean of Weekly Award Amount,61.4,
Nov-23,South Tyneside,Pension Credit Caseload - 2011 Geographies,5160,
Nov-23,South Tyneside,Mean of Weekly Award Amount,62.43,
Nov-23,Sunderland,Pension Credit Caseload - 2011 Geographies,9429,
Nov-23,Sunderland,Mean of Weekly Award Amount,62.57,
Nov-23,Blackburn with Darwen,Pension Credit Caseload - 2011 Geographies,3835,
Nov-23,Blackburn with Darwen,Mean of Weekly Award Amount,80.87,
Nov-23,Blackpool,Pension Credit Caseload - 2011 Geographies,5271,
Nov-23,Blackpool,Mean of Weekly Award Amount,66.2,
Nov-23,Cheshire East,Pension Credit Caseload - 2011 Geographies,5850,
Nov-23,Cheshire East,Mean of Weekly Award Amount,65.46,
Nov-23,Cheshire West and Chester,Pension Credit Caseload - 2011 Geographies,6549,
Nov-23,Cheshire West and Chester,Mean of Weekly Award Amount,64.28,
Nov-23,Cumberland,Pension Credit Caseload - 2011 Geographies,5913,
Nov-23,Cumberland,Mean of Weekly Award Amount,62.44,
Nov-23,Halton,Pension Credit Caseload - 2011 Geographies,3418,
Nov-23,Halton,Mean of Weekly Award Amount,65.92,
Nov-23,Warrington,Pension Credit Caseload - 2011 Geographies,3782,
Nov-23,Warrington,Mean of Weekly Award Amount,65.14,
Nov-23,Westmorland and Furness,Pension Credit Caseload - 2011 Geographies,4158,
Nov-23,Westmorland and Furness,Mean of Weekly Award Amount,63.25,
Nov-23,Bolton,Pension Credit Caseload - 2011 Geographies,7412,
Nov-23,Bolton,Mean of Weekly Award Amount,77.8,
Nov-23,Bury,Pension Credit Caseload - 2011 Geographies,3994,
Nov-23,Bury,Mean of Weekly Award Amount,71.06,
Nov-23,Manchester,Pension Credit Caseload - 2011 Geographies,13871,
Nov-23,Manchester,Mean of Weekly Award Amount,91.33,
Nov-23,Oldham,Pension Credit Caseload - 2011 Geographies,5571,
Nov-23,Oldham,Mean of Weekly Award Amount,73.64,
Nov-23,Rochdale,Pension Credit Caseload - 2011 Geographies,5706,
Nov-23,Rochdale,Mean of Weekly Award Amount,70.74,
Nov-23,Salford,Pension Credit Caseload - 2011 Geographies,6351,
Nov-23,Salford,Mean of Weekly Award Amount,72.08,
Nov-23,Stockport,Pension Credit Caseload - 2011 Geographies,5694,
Nov-23,Stockport,Mean of Weekly Award Amount,70.25,
Nov-23,Tameside,Pension Credit Caseload - 2011 Geographies,5530,
Nov-23,Tameside,Mean of Weekly Award Amount,65.8,
Nov-23,Trafford,Pension Credit Caseload - 2011 Geographies,4191,
Nov-23,Trafford,Mean of Weekly Award Amount,75.43,
Nov-23,Wigan,Pension Credit Caseload - 2011 Geographies,7510,
Nov-23,Wigan,Mean of Weekly Award Amount,61.26,
Nov-23,Burnley,Pension Credit Caseload - 2011 Geographies,2387,
Nov-23,Burnley,Mean of Weekly Award Amount,68.83,
Nov-23,Chorley,Pension Credit Caseload - 2011 Geographies,1970,
Nov-23,Chorley,Mean of Weekly Award Amount,60.75,
Nov-23,Fylde,Pension Credit Caseload - 2011 Geographies,1945,
Nov-23,Fylde,Mean of Weekly Award Amount,65.01,
Nov-23,Hyndburn,Pension Credit Caseload - 2011 Geographies,2104,
Nov-23,Hyndburn,Mean of Weekly Award Amount,65.73,
Nov-23,Lancaster,Pension Credit Caseload - 2011 Geographies,3098,
Nov-23,Lancaster,Mean of Weekly Award Amount,65.73,
Nov-23,Pendle,Pension Credit Caseload - 2011 Geographies,2478,
Nov-23,Pendle,Mean of Weekly Award Amount,77.22,
Nov-23,Preston,Pension Credit Caseload - 2011 Geographies,3179,
Nov-23,Preston,Mean of Weekly Award Amount,74.4,
Nov-23,Ribble Valley,Pension Credit Caseload - 2011 Geographies,809,
Nov-23,Ribble Valley,Mean of Weekly Award Amount,61.95,
Nov-23,Rossendale,Pension Credit Caseload - 2011 Geographies,1624,
Nov-23,Rossendale,Mean of Weekly Award Amount,63.87,
Nov-23,South Ribble,Pension Credit Caseload - 2011 Geographies,1836,
Nov-23,South Ribble,Mean of Weekly Award Amount,60.64,
Nov-23,West Lancashire,Pension Credit Caseload - 2011 Geographies,2754,
Nov-23,West Lancashire,Mean of Weekly Award Amount,62.18,
Nov-23,Wyre,Pension Credit Caseload - 2011 Geographies,3022,
Nov-23,Wyre,Mean of Weekly Award Amount,65.51,
Nov-23,Knowsley,Pension Credit Caseload - 2011 Geographies,5627,
Nov-23,Knowsley,Mean of Weekly Award Amount,69.14,
Nov-23,Liverpool,Pension Credit Caseload - 2011 Geographies,17046,
Nov-23,Liverpool,Mean of Weekly Award Amount,75.45,
Nov-23,Sefton,Pension Credit Caseload - 2011 Geographies,8393,
Nov-23,Sefton,Mean of Weekly Award Amount,65.38,
Nov-23,St. Helens,Pension Credit Caseload - 2011 Geographies,4742,
Nov-23,St. Helens,Mean of Weekly Award Amount,65.6,
Nov-23,Wirral,Pension Credit Caseload - 2011 Geographies,8922,
Nov-23,Wirral,Mean of Weekly Award Amount,68.78,
Nov-23,East Riding of Yorkshire,Pension Credit Caseload - 2011 Geographies,7944,
Nov-23,East Riding of Yorkshire,Mean of Weekly Award Amount,59.93,
Nov-23,"Kingston upon Hull, City of",Pension Credit Caseload - 2011 Geographies,7703,
Nov-23,"Kingston upon Hull, City of",Mean of Weekly Award Amount,65.63,
Nov-23,North East Lincolnshire,Pension Credit Caseload - 2011 Geographies,4564,
Nov-23,North East Lincolnshire,Mean of Weekly Award Amount,64.01,
Nov-23,North Lincolnshire,Pension Credit Caseload - 2011 Geographies,3887,
Nov-23,North Lincolnshire,Mean of Weekly Award Amount,62.61,
Nov-23,North Yorkshire,Pension Credit Caseload - 2011 Geographies,11598,
Nov-23,North Yorkshire,Mean of Weekly Award Amount,63.36,
Nov-23,York,Pension Credit Caseload - 2011 Geographies,2780,
Nov-23,York,Mean of Weekly Award Amount,64.51,
Nov-23,Barnsley,Pension Credit Caseload - 2011 Geographies,5950,
Nov-23,Barnsley,Mean of Weekly Award Amount,65.61,
Nov-23,Doncaster,Pension Credit Caseload - 2011 Geographies,7513,
Nov-23,Doncaster,Mean of Weekly Award Amount,67.28,
Nov-23,Rotherham,Pension Credit Caseload - 2011 Geographies,6476,
Nov-23,Rotherham,Mean of Weekly Award Amount,63.56,
Nov-23,Sheffield,Pension Credit Caseload - 2011 Geographies,12929,
Nov-23,Sheffield,Mean of Weekly Award Amount,71.45,
Nov-23,Bradford,Pension Credit Caseload - 2011 Geographies,12534,
Nov-23,Bradford,Mean of Weekly Award Amount,76.17,
Nov-23,Calderdale,Pension Credit Caseload - 2011 Geographies,4410,
Nov-23,Calderdale,Mean of Weekly Award Amount,63.62,
Nov-23,Kirklees,Pension Credit Caseload - 2011 Geographies,8732,
Nov-23,Kirklees,Mean of Weekly Award Amount,68.45,
Nov-23,Leeds,Pension Credit Caseload - 2011 Geographies,15081,
Nov-23,Leeds,Mean of Weekly Award Amount,70.82,
Nov-23,Wakefield,Pension Credit Caseload - 2011 Geographies,7591,
Nov-23,Wakefield,Mean of Weekly Award Amount,63.13,
Nov-23,Derby,Pension Credit Caseload - 2011 Geographies,5561,
Nov-23,Derby,Mean of Weekly Award Amount,79.86,
Nov-23,Leicester,Pension Credit Caseload - 2011 Geographies,10176,
Nov-23,Leicester,Mean of Weekly Award Amount,112.63,
Nov-23,North Northamptonshire,Pension Credit Caseload - 2011 Geographies,6205,
Nov-23,North Northamptonshire,Mean of Weekly Award Amount,66.83,
Nov-23,Nottingham,Pension Credit Caseload - 2011 Geographies,7231,
Nov-23,Nottingham,Mean of Weekly Award Amount,76.51,
Nov-23,Rutland,Pension Credit Caseload - 2011 Geographies,522,
Nov-23,Rutland,Mean of Weekly Award Amount,62.43,
Nov-23,West Northamptonshire,Pension Credit Caseload - 2011 Geographies,6400,
Nov-23,West Northamptonshire,Mean of Weekly Award Amount,72.92,
Nov-23,Amber Valley,Pension Credit Caseload - 2011 Geographies,2516,
Nov-23,Amber Valley,Mean of Weekly Award Amount,63.27,
Nov-23,Bolsover,Pension Credit Caseload - 2011 Geographies,1970,
Nov-23,Bolsover,Mean of Weekly Award Amount,63.72,
Nov-23,Chesterfield,Pension Credit Caseload - 2011 Geographies,2754,
Nov-23,Chesterfield,Mean of Weekly Award Amount,62.99,
Nov-23,Derbyshire Dales,Pension Credit Caseload - 2011 Geographies,1144,
Nov-23,Derbyshire Dales,Mean of Weekly Award Amount,63.56,
Nov-23,Erewash,Pension Credit Caseload - 2011 Geographies,2321,
Nov-23,Erewash,Mean of Weekly Award Amount,57.61,
Nov-23,High Peak,Pension Credit Caseload - 2011 Geographies,1711,
Nov-23,High Peak,Mean of Weekly Award Amount,63.32,
Nov-23,North East Derbyshire,Pension Credit Caseload - 2011 Geographies,2384,
Nov-23,North East Derbyshire,Mean of Weekly Award Amount,61.73,
Nov-23,South Derbyshire,Pension Credit Caseload - 2011 Geographies,1637,
Nov-23,South Derbyshire,Mean of Weekly Award Amount,62.12,
Nov-23,Blaby,Pension Credit Caseload - 2011 Geographies,1610,
Nov-23,Blaby,Mean of Weekly Award Amount,67.51,
Nov-23,Charnwood,Pension Credit Caseload - 2011 Geographies,2836,
Nov-23,Charnwood,Mean of Weekly Award Amount,68.05,
Nov-23,Harborough,Pension Credit Caseload - 2011 Geographies,1240,
Nov-23,Harborough,Mean of Weekly Award Amount,63.76,
Nov-23,Hinckley and Bosworth,Pension Credit Caseload - 2011 Geographies,1807,
Nov-23,Hinckley and Bosworth,Mean of Weekly Award Amount,56.92,
Nov-23,Melton,Pension Credit Caseload - 2011 Geographies,770,
Nov-23,Melton,Mean of Weekly Award Amount,63.36,
Nov-23,North West Leicestershire,Pension Credit Caseload - 2011 Geographies,1579,
Nov-23,North West Leicestershire,Mean of Weekly Award Amount,60.8,
Nov-23,Oadby and Wigston,Pension Credit Caseload - 2011 Geographies,1074,
Nov-23,Oadby and Wigston,Mean of Weekly Award Amount,73.99,
Nov-23,Boston,Pension Credit Caseload - 2011 Geographies,1844,
Nov-23,Boston,Mean of Weekly Award Amount,76.48,
Nov-23,East Lindsey,Pension Credit Caseload - 2011 Geographies,4797,
Nov-23,East Lindsey,Mean of Weekly Award Amount,64.72,
Nov-23,Lincoln,Pension Credit Caseload - 2011 Geographies,2082,
Nov-23,Lincoln,Mean of Weekly Award Amount,67.19,
Nov-23,North Kesteven,Pension Credit Caseload - 2011 Geographies,2192,
Nov-23,North Kesteven,Mean of Weekly Award Amount,62.32,
Nov-23,South Holland,Pension Credit Caseload - 2011 Geographies,2120,
Nov-23,South Holland,Mean of Weekly Award Amount,62.75,
Nov-23,South Kesteven,Pension Credit Caseload - 2011 Geographies,2427,
Nov-23,South Kesteven,Mean of Weekly Award Amount,64.62,
Nov-23,West Lindsey,Pension Credit Caseload - 2011 Geographies,1977,
Nov-23,West Lindsey,Mean of Weekly Award Amount,62.95,
Nov-23,Ashfield,Pension Credit Caseload - 2011 Geographies,2730,
Nov-23,Ashfield,Mean of Weekly Award Amount,60.97,
Nov-23,Bassetlaw,Pension Credit Caseload - 2011 Geographies,2563,
Nov-23,Bassetlaw,Mean of Weekly Award Amount,65.18,
Nov-23,Broxtowe,Pension Credit Caseload - 2011 Geographies,2017,
Nov-23,Broxtowe,Mean of Weekly Award Amount,62.34,
Nov-23,Gedling,Pension Credit Caseload - 2011 Geographies,2044,
Nov-23,Gedling,Mean of Weekly Award Amount,63.1,
Nov-23,Mansfield,Pension Credit Caseload - 2011 Geographies,2283,
Nov-23,Mansfield,Mean of Weekly Award Amount,65.47,
Nov-23,Newark and Sherwood,Pension Credit Caseload - 2011 Geographies,2290,
Nov-23,Newark and Sherwood,Mean of Weekly Award Amount,64.18,
Nov-23,Rushcliffe,Pension Credit Caseload - 2011 Geographies,1589,
Nov-23,Rushcliffe,Mean of Weekly Award Amount,63.96,
Nov-23,"Herefordshire, County of",Pension Credit Caseload - 2011 Geographies,3960,
Nov-23,"Herefordshire, County of",Mean of Weekly Award Amount,65.02,
Nov-23,Shropshire,Pension Credit Caseload - 2011 Geographies,6920,
Nov-23,Shropshire,Mean of Weekly Award Amount,63.48,
Nov-23,Stoke-on-Trent,Pension Credit Caseload - 2011 Geographies,6331,
Nov-23,Stoke-on-Trent,Mean of Weekly Award Amount,63.77,
Nov-23,Telford and Wrekin,Pension Credit Caseload - 2011 Geographies,4134,
Nov-23,Telford and Wrekin,Mean of Weekly Award Amount,67.17,
Nov-23,Cannock Chase,Pension Credit Caseload - 2011 Geographies,2255,
Nov-23,Cannock Chase,Mean of Weekly Award Amount,59.56,
Nov-23,East Staffordshire,Pension Credit Caseload - 2011 Geographies,1962,
Nov-23,East Staffordshire,Mean of Weekly Award Amount,63.44,
Nov-23,Lichfield,Pension Credit Caseload - 2011 Geographies,1771,
Nov-23,Lichfield,Mean of Weekly Award Amount,57.91,
Nov-23,Newcastle-under-Lyme,Pension Credit Caseload - 2011 Geographies,2515,
Nov-23,Newcastle-under-Lyme,Mean of Weekly Award Amount,61.46,
Nov-23,South Staffordshire,Pension Credit Caseload - 2011 Geographies,2296,
Nov-23,South Staffordshire,Mean of Weekly Award Amount,60.5,
Nov-23,Stafford,Pension Credit Caseload - 2011 Geographies,2064,
Nov-23,Stafford,Mean of Weekly Award Amount,61.05,
Nov-23,Staffordshire Moorlands,Pension Credit Caseload - 2011 Geographies,1737,
Nov-23,Staffordshire Moorlands,Mean of Weekly Award Amount,59.6,
Nov-23,Tamworth,Pension Credit Caseload - 2011 Geographies,1657,
Nov-23,Tamworth,Mean of Weekly Award Amount,60.08,
Nov-23,North Warwickshire,Pension Credit Caseload - 2011 Geographies,1322,
Nov-23,North Warwickshire,Mean of Weekly Award Amount,60.01,
Nov-23,Nuneaton and Bedworth,Pension Credit Caseload - 2011 Geographies,2771,
Nov-23,Nuneaton and Bedworth,Mean of Weekly Award Amount,70.01,
Nov-23,Rugby,Pension Credit Caseload - 2011 Geographies,1596,
Nov-23,Rugby,Mean of Weekly Award Amount,71.01,
Nov-23,Stratford-on-Avon,Pension Credit Caseload - 2011 Geographies,2253,
Nov-23,Stratford-on-Avon,Mean of Weekly Award Amount,62.87,
Nov-23,Warwick,Pension Credit Caseload - 2011 Geographies,2036,
Nov-23,Warwick,Mean of Weekly Award Amount,65.88,
Nov-23,Birmingham,Pension Credit Caseload - 2011 Geographies,28905,
Nov-23,Birmingham,Mean of Weekly Award Amount,85.79,
Nov-23,Coventry,Pension Credit Caseload - 2011 Geographies,7168,
Nov-23,Coventry,Mean of Weekly Award Amount,79.55,
Nov-23,Dudley,Pension Credit Caseload - 2011 Geographies,7779,
Nov-23,Dudley,Mean of Weekly Award Amount,63.53,
Nov-23,Sandwell,Pension Credit Caseload - 2011 Geographies,9909,
Nov-23,Sandwell,Mean of Weekly Award Amount,81.97,
Nov-23,Solihull,Pension Credit Caseload - 2011 Geographies,3904,
Nov-23,Solihull,Mean of Weekly Award Amount,67.88,
Nov-23,Walsall,Pension Credit Caseload - 2011 Geographies,7644,
Nov-23,Walsall,Mean of Weekly Award Amount,70.26,
Nov-23,Wolverhampton,Pension Credit Caseload - 2011 Geographies,7427,
Nov-23,Wolverhampton,Mean of Weekly Award Amount,80.7,
Nov-23,Bromsgrove,Pension Credit Caseload - 2011 Geographies,1473,
Nov-23,Bromsgrove,Mean of Weekly Award Amount,60.24,
Nov-23,Malvern Hills,Pension Credit Caseload - 2011 Geographies,1580,
Nov-23,Malvern Hills,Mean of Weekly Award Amount,63.79,
Nov-23,Redditch,Pension Credit Caseload - 2011 Geographies,1728,
Nov-23,Redditch,Mean of Weekly Award Amount,63.7,
Nov-23,Worcester,Pension Credit Caseload - 2011 Geographies,1836,
Nov-23,Worcester,Mean of Weekly Award Amount,66.12,
Nov-23,Wychavon,Pension Credit Caseload - 2011 Geographies,2326,
Nov-23,Wychavon,Mean of Weekly Award Amount,65.19,
Nov-23,Wyre Forest,Pension Credit Caseload - 2011 Geographies,2433,
Nov-23,Wyre Forest,Mean of Weekly Award Amount,61.15,
Nov-23,Bedford,Pension Credit Caseload - 2011 Geographies,2902,
Nov-23,Bedford,Mean of Weekly Award Amount,79.72,
Nov-23,Central Bedfordshire,Pension Credit Caseload - 2011 Geographies,3734,
Nov-23,Central Bedfordshire,Mean of Weekly Award Amount,65.89,
Nov-23,Luton,Pension Credit Caseload - 2011 Geographies,4397,
Nov-23,Luton,Mean of Weekly Award Amount,92.46,
Nov-23,Peterborough,Pension Credit Caseload - 2011 Geographies,4218,
Nov-23,Peterborough,Mean of Weekly Award Amount,84.7,
Nov-23,Southend-on-Sea,Pension Credit Caseload - 2011 Geographies,4238,
Nov-23,Southend-on-Sea,Mean of Weekly Award Amount,72.35,
Nov-23,Thurrock,Pension Credit Caseload - 2011 Geographies,2916,
Nov-23,Thurrock,Mean of Weekly Award Amount,79.12,
Nov-23,Cambridge,Pension Credit Caseload - 2011 Geographies,1554,
Nov-23,Cambridge,Mean of Weekly Award Amount,84.06,
Nov-23,East Cambridgeshire,Pension Credit Caseload - 2011 Geographies,1287,
Nov-23,East Cambridgeshire,Mean of Weekly Award Amount,68.61,
Nov-23,Fenland,Pension Credit Caseload - 2011 Geographies,2536,
Nov-23,Fenland,Mean of Weekly Award Amount,66.91,
Nov-23,Huntingdonshire,Pension Credit Caseload - 2011 Geographies,2365,
Nov-23,Huntingdonshire,Mean of Weekly Award Amount,67.45,
Nov-23,South Cambridgeshire,Pension Credit Caseload - 2011 Geographies,1790,
Nov-23,South Cambridgeshire,Mean of Weekly Award Amount,75.32,
Nov-23,Basildon,Pension Credit Caseload - 2011 Geographies,3706,
Nov-23,Basildon,Mean of Weekly Award Amount,70.96,
Nov-23,Braintree,Pension Credit Caseload - 2011 Geographies,2618,
Nov-23,Braintree,Mean of Weekly Award Amount,61.85,
Nov-23,Brentwood,Pension Credit Caseload - 2011 Geographies,1124,
Nov-23,Brentwood,Mean of Weekly Award Amount,73.86,
Nov-23,Castle Point,Pension Credit Caseload - 2011 Geographies,2038,
Nov-23,Castle Point,Mean of Weekly Award Amount,66.87,
Nov-23,Chelmsford,Pension Credit Caseload - 2011 Geographies,2363,
Nov-23,Chelmsford,Mean of Weekly Award Amount,71.09,
Nov-23,Colchester,Pension Credit Caseload - 2011 Geographies,2870,
Nov-23,Colchester,Mean of Weekly Award Amount,74.27,
Nov-23,Epping Forest,Pension Credit Caseload - 2011 Geographies,2523,
Nov-23,Epping Forest,Mean of Weekly Award Amount,77.3,
Nov-23,Harlow,Pension Credit Caseload - 2011 Geographies,1665,
Nov-23,Harlow,Mean of Weekly Award Amount,71.92,
Nov-23,Maldon,Pension Credit Caseload - 2011 Geographies,1277,
Nov-23,Maldon,Mean of Weekly Award Amount,63.4,
Nov-23,Rochford,Pension Credit Caseload - 2011 Geographies,1432,
Nov-23,Rochford,Mean of Weekly Award Amount,63.28,
Nov-23,Tendring,Pension Credit Caseload - 2011 Geographies,4877,
Nov-23,Tendring,Mean of Weekly Award Amount,66.68,
Nov-23,Uttlesford,Pension Credit Caseload - 2011 Geographies,1129,
Nov-23,Uttlesford,Mean of Weekly Award Amount,65.93,
Nov-23,Broxbourne,Pension Credit Caseload - 2011 Geographies,1758,
Nov-23,Broxbourne,Mean of Weekly Award Amount,79.03,
Nov-23,Dacorum,Pension Credit Caseload - 2011 Geographies,2068,
Nov-23,Dacorum,Mean of Weekly Award Amount,73.93,
Nov-23,East Hertfordshire,Pension Credit Caseload - 2011 Geographies,1756,
Nov-23,East Hertfordshire,Mean of Weekly Award Amount,72.62,
Nov-23,Hertsmere,Pension Credit Caseload - 2011 Geographies,1777,
Nov-23,Hertsmere,Mean of Weekly Award Amount,84.85,
Nov-23,North Hertfordshire,Pension Credit Caseload - 2011 Geographies,1874,
Nov-23,North Hertfordshire,Mean of Weekly Award Amount,66.92,
Nov-23,St Albans,Pension Credit Caseload - 2011 Geographies,1458,
Nov-23,St Albans,Mean of Weekly Award Amount,78.22,
Nov-23,Stevenage,Pension Credit Caseload - 2011 Geographies,1461,
Nov-23,Stevenage,Mean of Weekly Award Amount,73.79,
Nov-23,Three Rivers,Pension Credit Caseload - 2011 Geographies,1262,
Nov-23,Three Rivers,Mean of Weekly Award Amount,83.64,
Nov-23,Watford,Pension Credit Caseload - 2011 Geographies,1423,
Nov-23,Watford,Mean of Weekly Award Amount,88.63,
Nov-23,Welwyn Hatfield,Pension Credit Caseload - 2011 Geographies,1632,
Nov-23,Welwyn Hatfield,Mean of Weekly Award Amount,79.13,
Nov-23,Breckland,Pension Credit Caseload - 2011 Geographies,3012,
Nov-23,Breckland,Mean of Weekly Award Amount,62.85,
Nov-23,Broadland,Pension Credit Caseload - 2011 Geographies,2219,
Nov-23,Broadland,Mean of Weekly Award Amount,59.45,
Nov-23,Great Yarmouth,Pension Credit Caseload - 2011 Geographies,3227,
Nov-23,Great Yarmouth,Mean of Weekly Award Amount,62.78,
Nov-23,King's Lynn and West Norfolk,Pension Credit Caseload - 2011 Geographies,3751,
Nov-23,King's Lynn and West Norfolk,Mean of Weekly Award Amount,64.68,
Nov-23,North Norfolk,Pension Credit Caseload - 2011 Geographies,2715,
Nov-23,North Norfolk,Mean of Weekly Award Amount,58.18,
Nov-23,Norwich,Pension Credit Caseload - 2011 Geographies,3249,
Nov-23,Norwich,Mean of Weekly Award Amount,68.27,
Nov-23,South Norfolk,Pension Credit Caseload - 2011 Geographies,2433,
Nov-23,South Norfolk,Mean of Weekly Award Amount,63.85,
Nov-23,Babergh,Pension Credit Caseload - 2011 Geographies,1644,
Nov-23,Babergh,Mean of Weekly Award Amount,61.46,
Nov-23,East Suffolk,Pension Credit Caseload - 2011 Geographies,5255,
Nov-23,East Suffolk,Mean of Weekly Award Amount,61.48,
Nov-23,Ipswich,Pension Credit Caseload - 2011 Geographies,2689,
Nov-23,Ipswich,Mean of Weekly Award Amount,76.82,
Nov-23,Mid Suffolk,Pension Credit Caseload - 2011 Geographies,1604,
Nov-23,Mid Suffolk,Mean of Weekly Award Amount,63.94,
Nov-23,West Suffolk,Pension Credit Caseload - 2011 Geographies,2891,
Nov-23,West Suffolk,Mean of Weekly Award Amount,63.46,
Nov-23,Camden,Pension Credit Caseload - 2011 Geographies,6161,
Nov-23,Camden,Mean of Weekly Award Amount,108.58,
Nov-23,City of London,Pension Credit Caseload - 2011 Geographies,98,
Nov-23,City of London,Mean of Weekly Award Amount,98.1,
Nov-23,Hackney,Pension Credit Caseload - 2011 Geographies,7503,
Nov-23,Hackney,Mean of Weekly Award Amount,111.7,
Nov-23,Hammersmith and Fulham,Pension Credit Caseload - 2011 Geographies,4560,
Nov-23,Hammersmith and Fulham,Mean of Weekly Award Amount,110.88,
Nov-23,Haringey,Pension Credit Caseload - 2011 Geographies,7074,
Nov-23,Haringey,Mean of Weekly Award Amount,115.2,
Nov-23,Islington,Pension Credit Caseload - 2011 Geographies,6062,
Nov-23,Islington,Mean of Weekly Award Amount,102.18,
Nov-23,Kensington and Chelsea,Pension Credit Caseload - 2011 Geographies,4348,
Nov-23,Kensington and Chelsea,Mean of Weekly Award Amount,112.08,
Nov-23,Lambeth,Pension Credit Caseload - 2011 Geographies,7497,
Nov-23,Lambeth,Mean of Weekly Award Amount,102.64,
Nov-23,Lewisham,Pension Credit Caseload - 2011 Geographies,6274,
Nov-23,Lewisham,Mean of Weekly Award Amount,97.58,
Nov-23,Newham,Pension Credit Caseload - 2011 Geographies,8246,
Nov-23,Newham,Mean of Weekly Award Amount,120.21,
Nov-23,Southwark,Pension Credit Caseload - 2011 Geographies,7505,
Nov-23,Southwark,Mean of Weekly Award Amount,102.61,
Nov-23,Tower Hamlets,Pension Credit Caseload - 2011 Geographies,7320,
Nov-23,Tower Hamlets,Mean of Weekly Award Amount,110.41,
Nov-23,Wandsworth,Pension Credit Caseload - 2011 Geographies,5728,
Nov-23,Wandsworth,Mean of Weekly Award Amount,104.73,
Nov-23,Westminster,Pension Credit Caseload - 2011 Geographies,5998,
Nov-23,Westminster,Mean of Weekly Award Amount,123.06,
Nov-23,Barking and Dagenham,Pension Credit Caseload - 2011 Geographies,4541,
Nov-23,Barking and Dagenham,Mean of Weekly Award Amount,104.72,
Nov-23,Barnet,Pension Credit Caseload - 2011 Geographies,8016,
Nov-23,Barnet,Mean of Weekly Award Amount,117.35,
Nov-23,Bexley,Pension Credit Caseload - 2011 Geographies,3957,
Nov-23,Bexley,Mean of Weekly Award Amount,85.76,
Nov-23,Brent,Pension Credit Caseload - 2011 Geographies,9070,
Nov-23,Brent,Mean of Weekly Award Amount,124.38,
Nov-23,Bromley,Pension Credit Caseload - 2011 Geographies,4944,
Nov-23,Bromley,Mean of Weekly Award Amount,86.92,
Nov-23,Croydon,Pension Credit Caseload - 2011 Geographies,7129,
Nov-23,Croydon,Mean of Weekly Award Amount,101.66,
Nov-23,Ealing,Pension Credit Caseload - 2011 Geographies,8807,
Nov-23,Ealing,Mean of Weekly Award Amount,130.77,
Nov-23,Enfield,Pension Credit Caseload - 2011 Geographies,8023,
Nov-23,Enfield,Mean of Weekly Award Amount,110.52,
Nov-23,Greenwich,Pension Credit Caseload - 2011 Geographies,6224,
Nov-23,Greenwich,Mean of Weekly Award Amount,106.26,
Nov-23,Harrow,Pension Credit Caseload - 2011 Geographies,5714,
Nov-23,Harrow,Mean of Weekly Award Amount,134.48,
Nov-23,Havering,Pension Credit Caseload - 2011 Geographies,4465,
Nov-23,Havering,Mean of Weekly Award Amount,83.06,
Nov-23,Hillingdon,Pension Credit Caseload - 2011 Geographies,5363,
Nov-23,Hillingdon,Mean of Weekly Award Amount,119.52,
Nov-23,Hounslow,Pension Credit Caseload - 2011 Geographies,5973,
Nov-23,Hounslow,Mean of Weekly Award Amount,127.22,
Nov-23,Kingston upon Thames,Pension Credit Caseload - 2011 Geographies,2465,
Nov-23,Kingston upon Thames,Mean of Weekly Award Amount,116.06,
Nov-23,Merton,Pension Credit Caseload - 2011 Geographies,3502,
Nov-23,Merton,Mean of Weekly Award Amount,111.2,
Nov-23,Redbridge,Pension Credit Caseload - 2011 Geographies,6277,
Nov-23,Redbridge,Mean of Weekly Award Amount,115.55,
Nov-23,Richmond upon Thames,Pension Credit Caseload - 2011 Geographies,2698,
Nov-23,Richmond upon Thames,Mean of Weekly Award Amount,98.22,
Nov-23,Sutton,Pension Credit Caseload - 2011 Geographies,3145,
Nov-23,Sutton,Mean of Weekly Award Amount,99.22,
Nov-23,Waltham Forest,Pension Credit Caseload - 2011 Geographies,5716,
Nov-23,Waltham Forest,Mean of Weekly Award Amount,102.46,
Nov-23,Bracknell Forest,Pension Credit Caseload - 2011 Geographies,1506,
Nov-23,Bracknell Forest,Mean of Weekly Award Amount,83.09,
Nov-23,Brighton and Hove,Pension Credit Caseload - 2011 Geographies,5838,
Nov-23,Brighton and Hove,Mean of Weekly Award Amount,80.29,
Nov-23,Buckinghamshire,Pension Credit Caseload - 2011 Geographies,6496,
Nov-23,Buckinghamshire,Mean of Weekly Award Amount,77.41,
Nov-23,Isle of Wight,Pension Credit Caseload - 2011 Geographies,4007,
Nov-23,Isle of Wight,Mean of Weekly Award Amount,63.75,
Nov-23,Medway,Pension Credit Caseload - 2011 Geographies,4849,
Nov-23,Medway,Mean of Weekly Award Amount,71.94,
Nov-23,Milton Keynes,Pension Credit Caseload - 2011 Geographies,4221,
Nov-23,Milton Keynes,Mean of Weekly Award Amount,82.32,
Nov-23,Portsmouth,Pension Credit Caseload - 2011 Geographies,4334,
Nov-23,Portsmouth,Mean of Weekly Award Amount,72.88,
Nov-23,Reading,Pension Credit Caseload - 2011 Geographies,2856,
Nov-23,Reading,Mean of Weekly Award Amount,108.63,
Nov-23,Slough,Pension Credit Caseload - 2011 Geographies,2731,
Nov-23,Slough,Mean of Weekly Award Amount,107.57,
Nov-23,Southampton,Pension Credit Caseload - 2011 Geographies,4802,
Nov-23,Southampton,Mean of Weekly Award Amount,78.54,
Nov-23,West Berkshire,Pension Credit Caseload - 2011 Geographies,1965,
Nov-23,West Berkshire,Mean of Weekly Award Amount,68.08,
Nov-23,Windsor and Maidenhead,Pension Credit Caseload - 2011 Geographies,1849,
Nov-23,Windsor and Maidenhead,Mean of Weekly Award Amount,82.41,
Nov-23,Wokingham,Pension Credit Caseload - 2011 Geographies,1434,
Nov-23,Wokingham,Mean of Weekly Award Amount,75.95,
Nov-23,Eastbourne,Pension Credit Caseload - 2011 Geographies,2802,
Nov-23,Eastbourne,Mean of Weekly Award Amount,74.12,
Nov-23,Hastings,Pension Credit Caseload - 2011 Geographies,2892,
Nov-23,Hastings,Mean of Weekly Award Amount,74.54,
Nov-23,Lewes,Pension Credit Caseload - 2011 Geographies,2136,
Nov-23,Lewes,Mean of Weekly Award Amount,69.12,
Nov-23,Rother,Pension Credit Caseload - 2011 Geographies,2486,
Nov-23,Rother,Mean of Weekly Award Amount,68.57,
Nov-23,Wealden,Pension Credit Caseload - 2011 Geographies,2714,
Nov-23,Wealden,Mean of Weekly Award Amount,65.84,
Nov-23,Basingstoke and Deane,Pension Credit Caseload - 2011 Geographies,2166,
Nov-23,Basingstoke and Deane,Mean of Weekly Award Amount,81.07,
Nov-23,East Hampshire,Pension Credit Caseload - 2011 Geographies,1570,
Nov-23,East Hampshire,Mean of Weekly Award Amount,70.2,
Nov-23,Eastleigh,Pension Credit Caseload - 2011 Geographies,1724,
Nov-23,Eastleigh,Mean of Weekly Award Amount,65.75,
Nov-23,Fareham,Pension Credit Caseload - 2011 Geographies,1529,
Nov-23,Fareham,Mean of Weekly Award Amount,61.62,
Nov-23,Gosport,Pension Credit Caseload - 2011 Geographies,1550,
Nov-23,Gosport,Mean of Weekly Award Amount,61.66,
Nov-23,Hart,Pension Credit Caseload - 2011 Geographies,898,
Nov-23,Hart,Mean of Weekly Award Amount,76.58,
Nov-23,Havant,Pension Credit Caseload - 2011 Geographies,2796,
Nov-23,Havant,Mean of Weekly Award Amount,64.67,
Nov-23,New Forest,Pension Credit Caseload - 2011 Geographies,3139,
Nov-23,New Forest,Mean of Weekly Award Amount,65.36,
Nov-23,Rushmoor,Pension Credit Caseload - 2011 Geographies,2352,
Nov-23,Rushmoor,Mean of Weekly Award Amount,136.8,
Nov-23,Test Valley,Pension Credit Caseload - 2011 Geographies,1646,
Nov-23,Test Valley,Mean of Weekly Award Amount,69.59,
Nov-23,Winchester,Pension Credit Caseload - 2011 Geographies,1647,
Nov-23,Winchester,Mean of Weekly Award Amount,70.44,
Nov-23,Ashford,Pension Credit Caseload - 2011 Geographies,2595,
Nov-23,Ashford,Mean of Weekly Award Amount,91.61,
Nov-23,Canterbury,Pension Credit Caseload - 2011 Geographies,3078,
Nov-23,Canterbury,Mean of Weekly Award Amount,71.83,
Nov-23,Dartford,Pension Credit Caseload - 2011 Geographies,1445,
Nov-23,Dartford,Mean of Weekly Award Amount,75.9,
Nov-23,Dover,Pension Credit Caseload - 2011 Geographies,2684,
Nov-23,Dover,Mean of Weekly Award Amount,67.38,
Nov-23,Folkestone and Hythe,Pension Credit Caseload - 2011 Geographies,2993,
Nov-23,Folkestone and Hythe,Mean of Weekly Award Amount,76.71,
Nov-23,Gravesham,Pension Credit Caseload - 2011 Geographies,1922,
Nov-23,Gravesham,Mean of Weekly Award Amount,75.79,
Nov-23,Maidstone,Pension Credit Caseload - 2011 Geographies,2785,
Nov-23,Maidstone,Mean of Weekly Award Amount,78.52,
Nov-23,Sevenoaks,Pension Credit Caseload - 2011 Geographies,1768,
Nov-23,Sevenoaks,Mean of Weekly Award Amount,73.15,
Nov-23,Swale,Pension Credit Caseload - 2011 Geographies,3121,
Nov-23,Swale,Mean of Weekly Award Amount,68.41,
Nov-23,Thanet,Pension Credit Caseload - 2011 Geographies,4485,
Nov-23,Thanet,Mean of Weekly Award Amount,69.92,
Nov-23,Tonbridge and Malling,Pension Credit Caseload - 2011 Geographies,1730,
Nov-23,Tonbridge and Malling,Mean of Weekly Award Amount,71.46,
Nov-23,Tunbridge Wells,Pension Credit Caseload - 2011 Geographies,1683,
Nov-23,Tunbridge Wells,Mean of Weekly Award Amount,75.24,
Nov-23,Cherwell,Pension Credit Caseload - 2011 Geographies,1912,
Nov-23,Cherwell,Mean of Weekly Award Amount,70.99,
Nov-23,Oxford,Pension Credit Caseload - 2011 Geographies,1917,
Nov-23,Oxford,Mean of Weekly Award Amount,90.62,
Nov-23,South Oxfordshire,Pension Credit Caseload - 2011 Geographies,1617,
Nov-23,South Oxfordshire,Mean of Weekly Award Amount,69.26,
Nov-23,Vale of White Horse,Pension Credit Caseload - 2011 Geographies,1440,
Nov-23,Vale of White Horse,Mean of Weekly Award Amount,71.05,
Nov-23,West Oxfordshire,Pension Credit Caseload - 2011 Geographies,1366,
Nov-23,West Oxfordshire,Mean of Weekly Award Amount,71.13,
Nov-23,Elmbridge,Pension Credit Caseload - 2011 Geographies,1709,
Nov-23,Elmbridge,Mean of Weekly Award Amount,87.39,
Nov-23,Epsom and Ewell,Pension Credit Caseload - 2011 Geographies,869,
Nov-23,Epsom and Ewell,Mean of Weekly Award Amount,95.91,
Nov-23,Guildford,Pension Credit Caseload - 2011 Geographies,1477,
Nov-23,Guildford,Mean of Weekly Award Amount,76.45,
Nov-23,Mole Valley,Pension Credit Caseload - 2011 Geographies,1080,
Nov-23,Mole Valley,Mean of Weekly Award Amount,76.14,
Nov-23,Reigate and Banstead,Pension Credit Caseload - 2011 Geographies,1664,
Nov-23,Reigate and Banstead,Mean of Weekly Award Amount,82.15,
Nov-23,Runnymede,Pension Credit Caseload - 2011 Geographies,1096,
Nov-23,Runnymede,Mean of Weekly Award Amount,77.1,
Nov-23,Spelthorne,Pension Credit Caseload - 2011 Geographies,1424,
Nov-23,Spelthorne,Mean of Weekly Award Amount,83.47,
Nov-23,Surrey Heath,Pension Credit Caseload - 2011 Geographies,1001,
Nov-23,Surrey Heath,Mean of Weekly Award Amount,86.25,
Nov-23,Tandridge,Pension Credit Caseload - 2011 Geographies,1081,
Nov-23,Tandridge,Mean of Weekly Award Amount,75.92,
Nov-23,Waverley,Pension Credit Caseload - 2011 Geographies,1523,
Nov-23,Waverley,Mean of Weekly Award Amount,75.85,
Nov-23,Woking,Pension Credit Caseload - 2011 Geographies,1222,
Nov-23,Woking,Mean of Weekly Award Amount,87.74,
Nov-23,Adur,Pension Credit Caseload - 2011 Geographies,1401,
Nov-23,Adur,Mean of Weekly Award Amount,67.09,
Nov-23,Arun,Pension Credit Caseload - 2011 Geographies,3855,
Nov-23,Arun,Mean of Weekly Award Amount,67.13,
Nov-23,Chichester,Pension Credit Caseload - 2011 Geographies,2217,
Nov-23,Chichester,Mean of Weekly Award Amount,66.36,
Nov-23,Crawley,Pension Credit Caseload - 2011 Geographies,1738,
Nov-23,Crawley,Mean of Weekly Award Amount,93.31,
Nov-23,Horsham,Pension Credit Caseload - 2011 Geographies,1853,
Nov-23,Horsham,Mean of Weekly Award Amount,68.53,
Nov-23,Mid Sussex,Pension Credit Caseload - 2011 Geographies,1778,
Nov-23,Mid Sussex,Mean of Weekly Award Amount,72.3,
Nov-23,Worthing,Pension Credit Caseload - 2011 Geographies,2314,
Nov-23,Worthing,Mean of Weekly Award Amount,66.48,
Nov-23,Bath and North East Somerset,Pension Credit Caseload - 2011 Geographies,2872,
Nov-23,Bath and North East Somerset,Mean of Weekly Award Amount,66.16,
Nov-23,"Bournemouth, Christchurch and Poole",Pension Credit Caseload - 2011 Geographies,9045,
Nov-23,"Bournemouth, Christchurch and Poole",Mean of Weekly Award Amount,70.95,
Nov-23,"Bristol, City of",Pension Credit Caseload - 2011 Geographies,7894,
Nov-23,"Bristol, City of",Mean of Weekly Award Amount,79.9,
Nov-23,Cornwall,Pension Credit Caseload - 2011 Geographies,15372,
Nov-23,Cornwall,Mean of Weekly Award Amount,60.7,
Nov-23,Dorset,Pension Credit Caseload - 2011 Geographies,7809,
Nov-23,Dorset,Mean of Weekly Award Amount,64.17,
Nov-23,Isles of Scilly,Pension Credit Caseload - 2011 Geographies,24,
Nov-23,Isles of Scilly,Mean of Weekly Award Amount,98.45,
Nov-23,North Somerset,Pension Credit Caseload - 2011 Geographies,4181,
Nov-23,North Somerset,Mean of Weekly Award Amount,66.13,
Nov-23,Plymouth,Pension Credit Caseload - 2011 Geographies,5875,
Nov-23,Plymouth,Mean of Weekly Award Amount,66.64,
Nov-23,Somerset,Pension Credit Caseload - 2011 Geographies,11364,
Nov-23,Somerset,Mean of Weekly Award Amount,64.71,
Nov-23,South Gloucestershire,Pension Credit Caseload - 2011 Geographies,3713,
Nov-23,South Gloucestershire,Mean of Weekly Award Amount,67.45,
Nov-23,Swindon,Pension Credit Caseload - 2011 Geographies,3893,
Nov-23,Swindon,Mean of Weekly Award Amount,88.95,
Nov-23,Torbay,Pension Credit Caseload - 2011 Geographies,4805,
Nov-23,Torbay,Mean of Weekly Award Amount,67.64,
Nov-23,Wiltshire,Pension Credit Caseload - 2011 Geographies,7489,
Nov-23,Wiltshire,Mean of Weekly Award Amount,66.66,
Nov-23,East Devon,Pension Credit Caseload - 2011 Geographies,3034,
Nov-23,East Devon,Mean of Weekly Award Amount,61.08,
Nov-23,Exeter,Pension Credit Caseload - 2011 Geographies,2240,
Nov-23,Exeter,Mean of Weekly Award Amount,65.27,
Nov-23,Mid Devon,Pension Credit Caseload - 2011 Geographies,1604,
Nov-23,Mid Devon,Mean of Weekly Award Amount,64.18,
Nov-23,North Devon,Pension Credit Caseload - 2011 Geographies,2310,
Nov-23,North Devon,Mean of Weekly Award Amount,63.29,
Nov-23,South Hams,Pension Credit Caseload - 2011 Geographies,1879,
Nov-23,South Hams,Mean of Weekly Award Amount,65.79,
Nov-23,Teignbridge,Pension Credit Caseload - 2011 Geographies,3193,
Nov-23,Teignbridge,Mean of Weekly Award Amount,62.1,
Nov-23,Torridge,Pension Credit Caseload - 2011 Geographies,1824,
Nov-23,Torridge,Mean of Weekly Award Amount,62.91,
Nov-23,West Devon,Pension Credit Caseload - 2011 Geographies,1240,
Nov-23,West Devon,Mean of Weekly Award Amount,64.19,
Nov-23,Cheltenham,Pension Credit Caseload - 2011 Geographies,1779,
Nov-23,Cheltenham,Mean of Weekly Award Amount,69.73,
Nov-23,Cotswold,Pension Credit Caseload - 2011 Geographies,1455,
Nov-23,Cotswold,Mean of Weekly Award Amount,63.81,
Nov-23,Forest of Dean,Pension Credit Caseload - 2011 Geographies,1841,
Nov-23,Forest of Dean,Mean of Weekly Award Amount,69.09,
Nov-23,Gloucester,Pension Credit Caseload - 2011 Geographies,2246,
Nov-23,Gloucester,Mean of Weekly Award Amount,74.92,
Nov-23,Stroud,Pension Credit Caseload - 2011 Geographies,1830,
Nov-23,Stroud,Mean of Weekly Award Amount,64.51,
Nov-23,Tewkesbury,Pension Credit Caseload - 2011 Geographies,1381,
Nov-23,Tewkesbury,Mean of Weekly Award Amount,68.68,
Nov-23,Total,Pension Credit Caseload - 2011 Geographies,1160826,
Nov-23,Total,Mean of Weekly Award Amount,77.16,
Feb-24,England,Pension Credit Caseload - 2011 Geographies,1153410,
Feb-24,England,Mean of Weekly Award Amount,77.61,
Feb-24,County Durham,Pension Credit Caseload - 2011 Geographies,14902,
Feb-24,County Durham,Mean of Weekly Award Amount,63.67,
Feb-24,Darlington,Pension Credit Caseload - 2011 Geographies,2612,
Feb-24,Darlington,Mean of Weekly Award Amount,68.45,
Feb-24,Hartlepool,Pension Credit Caseload - 2011 Geographies,3226,
Feb-24,Hartlepool,Mean of Weekly Award Amount,67.33,
Feb-24,Middlesbrough,Pension Credit Caseload - 2011 Geographies,4112,
Feb-24,Middlesbrough,Mean of Weekly Award Amount,70.09,
Feb-24,Northumberland,Pension Credit Caseload - 2011 Geographies,7234,
Feb-24,Northumberland,Mean of Weekly Award Amount,59.97,
Feb-24,Redcar and Cleveland,Pension Credit Caseload - 2011 Geographies,4262,
Feb-24,Redcar and Cleveland,Mean of Weekly Award Amount,61.22,
Feb-24,Stockton-on-Tees,Pension Credit Caseload - 2011 Geographies,4575,
Feb-24,Stockton-on-Tees,Mean of Weekly Award Amount,66.03,
Feb-24,Gateshead,Pension Credit Caseload - 2011 Geographies,5745,
Feb-24,Gateshead,Mean of Weekly Award Amount,64.91,
Feb-24,Newcastle upon Tyne,Pension Credit Caseload - 2011 Geographies,7442,
Feb-24,Newcastle upon Tyne,Mean of Weekly Award Amount,73.05,
Feb-24,North Tyneside,Pension Credit Caseload - 2011 Geographies,5318,
Feb-24,North Tyneside,Mean of Weekly Award Amount,61.24,
Feb-24,South Tyneside,Pension Credit Caseload - 2011 Geographies,5105,
Feb-24,South Tyneside,Mean of Weekly Award Amount,62.86,
Feb-24,Sunderland,Pension Credit Caseload - 2011 Geographies,9351,
Feb-24,Sunderland,Mean of Weekly Award Amount,63.13,
Feb-24,Blackburn with Darwen,Pension Credit Caseload - 2011 Geographies,3749,
Feb-24,Blackburn with Darwen,Mean of Weekly Award Amount,80.99,
Feb-24,Blackpool,Pension Credit Caseload - 2011 Geographies,5200,
Feb-24,Blackpool,Mean of Weekly Award Amount,66.7,
Feb-24,Cheshire East,Pension Credit Caseload - 2011 Geographies,5813,
Feb-24,Cheshire East,Mean of Weekly Award Amount,65.82,
Feb-24,Cheshire West and Chester,Pension Credit Caseload - 2011 Geographies,6479,
Feb-24,Cheshire West and Chester,Mean of Weekly Award Amount,64.52,
Feb-24,Cumberland,Pension Credit Caseload - 2011 Geographies,5847,
Feb-24,Cumberland,Mean of Weekly Award Amount,62.7,
Feb-24,Halton,Pension Credit Caseload - 2011 Geographies,3392,
Feb-24,Halton,Mean of Weekly Award Amount,66.02,
Feb-24,Warrington,Pension Credit Caseload - 2011 Geographies,3736,
Feb-24,Warrington,Mean of Weekly Award Amount,65.83,
Feb-24,Westmorland and Furness,Pension Credit Caseload - 2011 Geographies,4120,
Feb-24,Westmorland and Furness,Mean of Weekly Award Amount,63.5,
Feb-24,Bolton,Pension Credit Caseload - 2011 Geographies,7378,
Feb-24,Bolton,Mean of Weekly Award Amount,78.54,
Feb-24,Bury,Pension Credit Caseload - 2011 Geographies,3981,
Feb-24,Bury,Mean of Weekly Award Amount,71.85,
Feb-24,Manchester,Pension Credit Caseload - 2011 Geographies,13793,
Feb-24,Manchester,Mean of Weekly Award Amount,92.18,
Feb-24,Oldham,Pension Credit Caseload - 2011 Geographies,5522,
Feb-24,Oldham,Mean of Weekly Award Amount,74.11,
Feb-24,Rochdale,Pension Credit Caseload - 2011 Geographies,5676,
Feb-24,Rochdale,Mean of Weekly Award Amount,71.13,
Feb-24,Salford,Pension Credit Caseload - 2011 Geographies,6291,
Feb-24,Salford,Mean of Weekly Award Amount,72.54,
Feb-24,Stockport,Pension Credit Caseload - 2011 Geographies,5656,
Feb-24,Stockport,Mean of Weekly Award Amount,70.27,
Feb-24,Tameside,Pension Credit Caseload - 2011 Geographies,5501,
Feb-24,Tameside,Mean of Weekly Award Amount,66.21,
Feb-24,Trafford,Pension Credit Caseload - 2011 Geographies,4153,
Feb-24,Trafford,Mean of Weekly Award Amount,75.88,
Feb-24,Wigan,Pension Credit Caseload - 2011 Geographies,7453,
Feb-24,Wigan,Mean of Weekly Award Amount,61.9,
Feb-24,Burnley,Pension Credit Caseload - 2011 Geographies,2401,
Feb-24,Burnley,Mean of Weekly Award Amount,69.67,
Feb-24,Chorley,Pension Credit Caseload - 2011 Geographies,1964,
Feb-24,Chorley,Mean of Weekly Award Amount,61.6,
Feb-24,Fylde,Pension Credit Caseload - 2011 Geographies,1941,
Feb-24,Fylde,Mean of Weekly Award Amount,65.42,
Feb-24,Hyndburn,Pension Credit Caseload - 2011 Geographies,2080,
Feb-24,Hyndburn,Mean of Weekly Award Amount,66.37,
Feb-24,Lancaster,Pension Credit Caseload - 2011 Geographies,3064,
Feb-24,Lancaster,Mean of Weekly Award Amount,65.54,
Feb-24,Pendle,Pension Credit Caseload - 2011 Geographies,2456,
Feb-24,Pendle,Mean of Weekly Award Amount,77.56,
Feb-24,Preston,Pension Credit Caseload - 2011 Geographies,3158,
Feb-24,Preston,Mean of Weekly Award Amount,74.77,
Feb-24,Ribble Valley,Pension Credit Caseload - 2011 Geographies,792,
Feb-24,Ribble Valley,Mean of Weekly Award Amount,62.43,
Feb-24,Rossendale,Pension Credit Caseload - 2011 Geographies,1594,
Feb-24,Rossendale,Mean of Weekly Award Amount,64.12,
Feb-24,South Ribble,Pension Credit Caseload - 2011 Geographies,1826,
Feb-24,South Ribble,Mean of Weekly Award Amount,60.46,
Feb-24,West Lancashire,Pension Credit Caseload - 2011 Geographies,2728,
Feb-24,West Lancashire,Mean of Weekly Award Amount,62.84,
Feb-24,Wyre,Pension Credit Caseload - 2011 Geographies,2998,
Feb-24,Wyre,Mean of Weekly Award Amount,66.12,
Feb-24,Knowsley,Pension Credit Caseload - 2011 Geographies,5577,
Feb-24,Knowsley,Mean of Weekly Award Amount,69.65,
Feb-24,Liverpool,Pension Credit Caseload - 2011 Geographies,16954,
Feb-24,Liverpool,Mean of Weekly Award Amount,75.87,
Feb-24,Sefton,Pension Credit Caseload - 2011 Geographies,8315,
Feb-24,Sefton,Mean of Weekly Award Amount,65.93,
Feb-24,St. Helens,Pension Credit Caseload - 2011 Geographies,4701,
Feb-24,St. Helens,Mean of Weekly Award Amount,65.72,
Feb-24,Wirral,Pension Credit Caseload - 2011 Geographies,8881,
Feb-24,Wirral,Mean of Weekly Award Amount,68.92,
Feb-24,East Riding of Yorkshire,Pension Credit Caseload - 2011 Geographies,7867,
Feb-24,East Riding of Yorkshire,Mean of Weekly Award Amount,60.63,
Feb-24,"Kingston upon Hull, City of",Pension Credit Caseload - 2011 Geographies,7640,
Feb-24,"Kingston upon Hull, City of",Mean of Weekly Award Amount,66.27,
Feb-24,North East Lincolnshire,Pension Credit Caseload - 2011 Geographies,4541,
Feb-24,North East Lincolnshire,Mean of Weekly Award Amount,63.99,
Feb-24,North Lincolnshire,Pension Credit Caseload - 2011 Geographies,3858,
Feb-24,North Lincolnshire,Mean of Weekly Award Amount,62.86,
Feb-24,North Yorkshire,Pension Credit Caseload - 2011 Geographies,11547,
Feb-24,North Yorkshire,Mean of Weekly Award Amount,63.9,
Feb-24,York,Pension Credit Caseload - 2011 Geographies,2773,
Feb-24,York,Mean of Weekly Award Amount,64.33,
Feb-24,Barnsley,Pension Credit Caseload - 2011 Geographies,5908,
Feb-24,Barnsley,Mean of Weekly Award Amount,65.48,
Feb-24,Doncaster,Pension Credit Caseload - 2011 Geographies,7431,
Feb-24,Doncaster,Mean of Weekly Award Amount,67.74,
Feb-24,Rotherham,Pension Credit Caseload - 2011 Geographies,6394,
Feb-24,Rotherham,Mean of Weekly Award Amount,63.61,
Feb-24,Sheffield,Pension Credit Caseload - 2011 Geographies,12825,
Feb-24,Sheffield,Mean of Weekly Award Amount,72.08,
Feb-24,Bradford,Pension Credit Caseload - 2011 Geographies,12388,
Feb-24,Bradford,Mean of Weekly Award Amount,76.69,
Feb-24,Calderdale,Pension Credit Caseload - 2011 Geographies,4333,
Feb-24,Calderdale,Mean of Weekly Award Amount,64.11,
Feb-24,Kirklees,Pension Credit Caseload - 2011 Geographies,8669,
Feb-24,Kirklees,Mean of Weekly Award Amount,68.63,
Feb-24,Leeds,Pension Credit Caseload - 2011 Geographies,14957,
Feb-24,Leeds,Mean of Weekly Award Amount,71.21,
Feb-24,Wakefield,Pension Credit Caseload - 2011 Geographies,7496,
Feb-24,Wakefield,Mean of Weekly Award Amount,63.42,
Feb-24,Derby,Pension Credit Caseload - 2011 Geographies,5536,
Feb-24,Derby,Mean of Weekly Award Amount,79.98,
Feb-24,Leicester,Pension Credit Caseload - 2011 Geographies,10098,
Feb-24,Leicester,Mean of Weekly Award Amount,113.15,
Feb-24,North Northamptonshire,Pension Credit Caseload - 2011 Geographies,6142,
Feb-24,North Northamptonshire,Mean of Weekly Award Amount,67.25,
Feb-24,Nottingham,Pension Credit Caseload - 2011 Geographies,7212,
Feb-24,Nottingham,Mean of Weekly Award Amount,76.75,
Feb-24,Rutland,Pension Credit Caseload - 2011 Geographies,521,
Feb-24,Rutland,Mean of Weekly Award Amount,63.65,
Feb-24,West Northamptonshire,Pension Credit Caseload - 2011 Geographies,6388,
Feb-24,West Northamptonshire,Mean of Weekly Award Amount,73.4,
Feb-24,Amber Valley,Pension Credit Caseload - 2011 Geographies,2509,
Feb-24,Amber Valley,Mean of Weekly Award Amount,62.75,
Feb-24,Bolsover,Pension Credit Caseload - 2011 Geographies,1955,
Feb-24,Bolsover,Mean of Weekly Award Amount,63.98,
Feb-24,Chesterfield,Pension Credit Caseload - 2011 Geographies,2725,
Feb-24,Chesterfield,Mean of Weekly Award Amount,63.09,
Feb-24,Derbyshire Dales,Pension Credit Caseload - 2011 Geographies,1121,
Feb-24,Derbyshire Dales,Mean of Weekly Award Amount,64.21,
Feb-24,Erewash,Pension Credit Caseload - 2011 Geographies,2293,
Feb-24,Erewash,Mean of Weekly Award Amount,57.75,
Feb-24,High Peak,Pension Credit Caseload - 2011 Geographies,1687,
Feb-24,High Peak,Mean of Weekly Award Amount,64.07,
Feb-24,North East Derbyshire,Pension Credit Caseload - 2011 Geographies,2362,
Feb-24,North East Derbyshire,Mean of Weekly Award Amount,62.36,
Feb-24,South Derbyshire,Pension Credit Caseload - 2011 Geographies,1629,
Feb-24,South Derbyshire,Mean of Weekly Award Amount,61.98,
Feb-24,Blaby,Pension Credit Caseload - 2011 Geographies,1610,
Feb-24,Blaby,Mean of Weekly Award Amount,67.77,
Feb-24,Charnwood,Pension Credit Caseload - 2011 Geographies,2820,
Feb-24,Charnwood,Mean of Weekly Award Amount,68.46,
Feb-24,Harborough,Pension Credit Caseload - 2011 Geographies,1235,
Feb-24,Harborough,Mean of Weekly Award Amount,64.57,
Feb-24,Hinckley and Bosworth,Pension Credit Caseload - 2011 Geographies,1781,
Feb-24,Hinckley and Bosworth,Mean of Weekly Award Amount,57.35,
Feb-24,Melton,Pension Credit Caseload - 2011 Geographies,766,
Feb-24,Melton,Mean of Weekly Award Amount,63.39,
Feb-24,North West Leicestershire,Pension Credit Caseload - 2011 Geographies,1554,
Feb-24,North West Leicestershire,Mean of Weekly Award Amount,60.94,
Feb-24,Oadby and Wigston,Pension Credit Caseload - 2011 Geographies,1041,
Feb-24,Oadby and Wigston,Mean of Weekly Award Amount,75.03,
Feb-24,Boston,Pension Credit Caseload - 2011 Geographies,1849,
Feb-24,Boston,Mean of Weekly Award Amount,76.58,
Feb-24,East Lindsey,Pension Credit Caseload - 2011 Geographies,4756,
Feb-24,East Lindsey,Mean of Weekly Award Amount,64.93,
Feb-24,Lincoln,Pension Credit Caseload - 2011 Geographies,2058,
Feb-24,Lincoln,Mean of Weekly Award Amount,67.74,
Feb-24,North Kesteven,Pension Credit Caseload - 2011 Geographies,2186,
Feb-24,North Kesteven,Mean of Weekly Award Amount,62.54,
Feb-24,South Holland,Pension Credit Caseload - 2011 Geographies,2116,
Feb-24,South Holland,Mean of Weekly Award Amount,62.99,
Feb-24,South Kesteven,Pension Credit Caseload - 2011 Geographies,2402,
Feb-24,South Kesteven,Mean of Weekly Award Amount,65.46,
Feb-24,West Lindsey,Pension Credit Caseload - 2011 Geographies,1982,
Feb-24,West Lindsey,Mean of Weekly Award Amount,63.55,
Feb-24,Ashfield,Pension Credit Caseload - 2011 Geographies,2693,
Feb-24,Ashfield,Mean of Weekly Award Amount,61.33,
Feb-24,Bassetlaw,Pension Credit Caseload - 2011 Geographies,2583,
Feb-24,Bassetlaw,Mean of Weekly Award Amount,65.74,
Feb-24,Broxtowe,Pension Credit Caseload - 2011 Geographies,1988,
Feb-24,Broxtowe,Mean of Weekly Award Amount,63.15,
Feb-24,Gedling,Pension Credit Caseload - 2011 Geographies,2034,
Feb-24,Gedling,Mean of Weekly Award Amount,63.19,
Feb-24,Mansfield,Pension Credit Caseload - 2011 Geographies,2285,
Feb-24,Mansfield,Mean of Weekly Award Amount,65.85,
Feb-24,Newark and Sherwood,Pension Credit Caseload - 2011 Geographies,2270,
Feb-24,Newark and Sherwood,Mean of Weekly Award Amount,64.53,
Feb-24,Rushcliffe,Pension Credit Caseload - 2011 Geographies,1578,
Feb-24,Rushcliffe,Mean of Weekly Award Amount,64.71,
Feb-24,"Herefordshire, County of",Pension Credit Caseload - 2011 Geographies,3893,
Feb-24,"Herefordshire, County of",Mean of Weekly Award Amount,65.72,
Feb-24,Shropshire,Pension Credit Caseload - 2011 Geographies,6833,
Feb-24,Shropshire,Mean of Weekly Award Amount,63.75,
Feb-24,Stoke-on-Trent,Pension Credit Caseload - 2011 Geographies,6233,
Feb-24,Stoke-on-Trent,Mean of Weekly Award Amount,64.32,
Feb-24,Telford and Wrekin,Pension Credit Caseload - 2011 Geographies,4086,
Feb-24,Telford and Wrekin,Mean of Weekly Award Amount,67.55,
Feb-24,Cannock Chase,Pension Credit Caseload - 2011 Geographies,2230,
Feb-24,Cannock Chase,Mean of Weekly Award Amount,59.65,
Feb-24,East Staffordshire,Pension Credit Caseload - 2011 Geographies,1968,
Feb-24,East Staffordshire,Mean of Weekly Award Amount,63.48,
Feb-24,Lichfield,Pension Credit Caseload - 2011 Geographies,1753,
Feb-24,Lichfield,Mean of Weekly Award Amount,57.93,
Feb-24,Newcastle-under-Lyme,Pension Credit Caseload - 2011 Geographies,2488,
Feb-24,Newcastle-under-Lyme,Mean of Weekly Award Amount,61.41,
Feb-24,South Staffordshire,Pension Credit Caseload - 2011 Geographies,2266,
Feb-24,South Staffordshire,Mean of Weekly Award Amount,61.21,
Feb-24,Stafford,Pension Credit Caseload - 2011 Geographies,2054,
Feb-24,Stafford,Mean of Weekly Award Amount,61.97,
Feb-24,Staffordshire Moorlands,Pension Credit Caseload - 2011 Geographies,1717,
Feb-24,Staffordshire Moorlands,Mean of Weekly Award Amount,59.49,
Feb-24,Tamworth,Pension Credit Caseload - 2011 Geographies,1665,
Feb-24,Tamworth,Mean of Weekly Award Amount,60.38,
Feb-24,North Warwickshire,Pension Credit Caseload - 2011 Geographies,1301,
Feb-24,North Warwickshire,Mean of Weekly Award Amount,59.87,
Feb-24,Nuneaton and Bedworth,Pension Credit Caseload - 2011 Geographies,2756,
Feb-24,Nuneaton and Bedworth,Mean of Weekly Award Amount,71.14,
Feb-24,Rugby,Pension Credit Caseload - 2011 Geographies,1588,
Feb-24,Rugby,Mean of Weekly Award Amount,71.33,
Feb-24,Stratford-on-Avon,Pension Credit Caseload - 2011 Geographies,2224,
Feb-24,Stratford-on-Avon,Mean of Weekly Award Amount,63.5,
Feb-24,Warwick,Pension Credit Caseload - 2011 Geographies,2010,
Feb-24,Warwick,Mean of Weekly Award Amount,67.21,
Feb-24,Birmingham,Pension Credit Caseload - 2011 Geographies,28666,
Feb-24,Birmingham,Mean of Weekly Award Amount,86.08,
Feb-24,Coventry,Pension Credit Caseload - 2011 Geographies,7085,
Feb-24,Coventry,Mean of Weekly Award Amount,79.81,
Feb-24,Dudley,Pension Credit Caseload - 2011 Geographies,7665,
Feb-24,Dudley,Mean of Weekly Award Amount,63.91,
Feb-24,Sandwell,Pension Credit Caseload - 2011 Geographies,9825,
Feb-24,Sandwell,Mean of Weekly Award Amount,82.79,
Feb-24,Solihull,Pension Credit Caseload - 2011 Geographies,3876,
Feb-24,Solihull,Mean of Weekly Award Amount,67.82,
Feb-24,Walsall,Pension Credit Caseload - 2011 Geographies,7586,
Feb-24,Walsall,Mean of Weekly Award Amount,70.77,
Feb-24,Wolverhampton,Pension Credit Caseload - 2011 Geographies,7375,
Feb-24,Wolverhampton,Mean of Weekly Award Amount,81.01,
Feb-24,Bromsgrove,Pension Credit Caseload - 2011 Geographies,1458,
Feb-24,Bromsgrove,Mean of Weekly Award Amount,60.78,
Feb-24,Malvern Hills,Pension Credit Caseload - 2011 Geographies,1573,
Feb-24,Malvern Hills,Mean of Weekly Award Amount,64.77,
Feb-24,Redditch,Pension Credit Caseload - 2011 Geographies,1707,
Feb-24,Redditch,Mean of Weekly Award Amount,63.76,
Feb-24,Worcester,Pension Credit Caseload - 2011 Geographies,1831,
Feb-24,Worcester,Mean of Weekly Award Amount,66.92,
Feb-24,Wychavon,Pension Credit Caseload - 2011 Geographies,2305,
Feb-24,Wychavon,Mean of Weekly Award Amount,65.04,
Feb-24,Wyre Forest,Pension Credit Caseload - 2011 Geographies,2406,
Feb-24,Wyre Forest,Mean of Weekly Award Amount,61.11,
Feb-24,Bedford,Pension Credit Caseload - 2011 Geographies,2883,
Feb-24,Bedford,Mean of Weekly Award Amount,80.14,
Feb-24,Central Bedfordshire,Pension Credit Caseload - 2011 Geographies,3714,
Feb-24,Central Bedfordshire,Mean of Weekly Award Amount,66.2,
Feb-24,Luton,Pension Credit Caseload - 2011 Geographies,4404,
Feb-24,Luton,Mean of Weekly Award Amount,93.07,
Feb-24,Peterborough,Pension Credit Caseload - 2011 Geographies,4207,
Feb-24,Peterborough,Mean of Weekly Award Amount,85.6,
Feb-24,Southend-on-Sea,Pension Credit Caseload - 2011 Geographies,4189,
Feb-24,Southend-on-Sea,Mean of Weekly Award Amount,72.65,
Feb-24,Thurrock,Pension Credit Caseload - 2011 Geographies,2885,
Feb-24,Thurrock,Mean of Weekly Award Amount,80.17,
Feb-24,Cambridge,Pension Credit Caseload - 2011 Geographies,1542,
Feb-24,Cambridge,Mean of Weekly Award Amount,84.33,
Feb-24,East Cambridgeshire,Pension Credit Caseload - 2011 Geographies,1282,
Feb-24,East Cambridgeshire,Mean of Weekly Award Amount,69.04,
Feb-24,Fenland,Pension Credit Caseload - 2011 Geographies,2543,
Feb-24,Fenland,Mean of Weekly Award Amount,67.25,
Feb-24,Huntingdonshire,Pension Credit Caseload - 2011 Geographies,2338,
Feb-24,Huntingdonshire,Mean of Weekly Award Amount,68.23,
Feb-24,South Cambridgeshire,Pension Credit Caseload - 2011 Geographies,1790,
Feb-24,South Cambridgeshire,Mean of Weekly Award Amount,76.19,
Feb-24,Basildon,Pension Credit Caseload - 2011 Geographies,3688,
Feb-24,Basildon,Mean of Weekly Award Amount,71.09,
Feb-24,Braintree,Pension Credit Caseload - 2011 Geographies,2578,
Feb-24,Braintree,Mean of Weekly Award Amount,62.31,
Feb-24,Brentwood,Pension Credit Caseload - 2011 Geographies,1098,
Feb-24,Brentwood,Mean of Weekly Award Amount,74.16,
Feb-24,Castle Point,Pension Credit Caseload - 2011 Geographies,2031,
Feb-24,Castle Point,Mean of Weekly Award Amount,67.51,
Feb-24,Chelmsford,Pension Credit Caseload - 2011 Geographies,2357,
Feb-24,Chelmsford,Mean of Weekly Award Amount,71.47,
Feb-24,Colchester,Pension Credit Caseload - 2011 Geographies,2865,
Feb-24,Colchester,Mean of Weekly Award Amount,74.81,
Feb-24,Epping Forest,Pension Credit Caseload - 2011 Geographies,2518,
Feb-24,Epping Forest,Mean of Weekly Award Amount,77.84,
Feb-24,Harlow,Pension Credit Caseload - 2011 Geographies,1662,
Feb-24,Harlow,Mean of Weekly Award Amount,72.2,
Feb-24,Maldon,Pension Credit Caseload - 2011 Geographies,1277,
Feb-24,Maldon,Mean of Weekly Award Amount,63.67,
Feb-24,Rochford,Pension Credit Caseload - 2011 Geographies,1443,
Feb-24,Rochford,Mean of Weekly Award Amount,63.79,
Feb-24,Tendring,Pension Credit Caseload - 2011 Geographies,4828,
Feb-24,Tendring,Mean of Weekly Award Amount,67.05,
Feb-24,Uttlesford,Pension Credit Caseload - 2011 Geographies,1122,
Feb-24,Uttlesford,Mean of Weekly Award Amount,66.54,
Feb-24,Broxbourne,Pension Credit Caseload - 2011 Geographies,1749,
Feb-24,Broxbourne,Mean of Weekly Award Amount,79.63,
Feb-24,Dacorum,Pension Credit Caseload - 2011 Geographies,2061,
Feb-24,Dacorum,Mean of Weekly Award Amount,74.74,
Feb-24,East Hertfordshire,Pension Credit Caseload - 2011 Geographies,1763,
Feb-24,East Hertfordshire,Mean of Weekly Award Amount,71.98,
Feb-24,Hertsmere,Pension Credit Caseload - 2011 Geographies,1773,
Feb-24,Hertsmere,Mean of Weekly Award Amount,85.16,
Feb-24,North Hertfordshire,Pension Credit Caseload - 2011 Geographies,1850,
Feb-24,North Hertfordshire,Mean of Weekly Award Amount,67.29,
Feb-24,St Albans,Pension Credit Caseload - 2011 Geographies,1459,
Feb-24,St Albans,Mean of Weekly Award Amount,78.39,
Feb-24,Stevenage,Pension Credit Caseload - 2011 Geographies,1462,
Feb-24,Stevenage,Mean of Weekly Award Amount,73.49,
Feb-24,Three Rivers,Pension Credit Caseload - 2011 Geographies,1254,
Feb-24,Three Rivers,Mean of Weekly Award Amount,83.14,
Feb-24,Watford,Pension Credit Caseload - 2011 Geographies,1405,
Feb-24,Watford,Mean of Weekly Award Amount,89.04,
Feb-24,Welwyn Hatfield,Pension Credit Caseload - 2011 Geographies,1613,
Feb-24,Welwyn Hatfield,Mean of Weekly Award Amount,79.09,
Feb-24,Breckland,Pension Credit Caseload - 2011 Geographies,2995,
Feb-24,Breckland,Mean of Weekly Award Amount,63.55,
Feb-24,Broadland,Pension Credit Caseload - 2011 Geographies,2183,
Feb-24,Broadland,Mean of Weekly Award Amount,59.65,
Feb-24,Great Yarmouth,Pension Credit Caseload - 2011 Geographies,3194,
Feb-24,Great Yarmouth,Mean of Weekly Award Amount,63.41,
Feb-24,King's Lynn and West Norfolk,Pension Credit Caseload - 2011 Geographies,3701,
Feb-24,King's Lynn and West Norfolk,Mean of Weekly Award Amount,65.07,
Feb-24,North Norfolk,Pension Credit Caseload - 2011 Geographies,2669,
Feb-24,North Norfolk,Mean of Weekly Award Amount,58.58,
Feb-24,Norwich,Pension Credit Caseload - 2011 Geographies,3236,
Feb-24,Norwich,Mean of Weekly Award Amount,68.71,
Feb-24,South Norfolk,Pension Credit Caseload - 2011 Geographies,2431,
Feb-24,South Norfolk,Mean of Weekly Award Amount,64.09,
Feb-24,Babergh,Pension Credit Caseload - 2011 Geographies,1622,
Feb-24,Babergh,Mean of Weekly Award Amount,61.66,
Feb-24,East Suffolk,Pension Credit Caseload - 2011 Geographies,5251,
Feb-24,East Suffolk,Mean of Weekly Award Amount,61.88,
Feb-24,Ipswich,Pension Credit Caseload - 2011 Geographies,2667,
Feb-24,Ipswich,Mean of Weekly Award Amount,76.88,
Feb-24,Mid Suffolk,Pension Credit Caseload - 2011 Geographies,1580,
Feb-24,Mid Suffolk,Mean of Weekly Award Amount,64.11,
Feb-24,West Suffolk,Pension Credit Caseload - 2011 Geographies,2863,
Feb-24,West Suffolk,Mean of Weekly Award Amount,64.22,
Feb-24,Camden,Pension Credit Caseload - 2011 Geographies,6203,
Feb-24,Camden,Mean of Weekly Award Amount,108.59,
Feb-24,City of London,Pension Credit Caseload - 2011 Geographies,91,
Feb-24,City of London,Mean of Weekly Award Amount,96.35,
Feb-24,Hackney,Pension Credit Caseload - 2011 Geographies,7545,
Feb-24,Hackney,Mean of Weekly Award Amount,111.65,
Feb-24,Hammersmith and Fulham,Pension Credit Caseload - 2011 Geographies,4579,
Feb-24,Hammersmith and Fulham,Mean of Weekly Award Amount,110.94,
Feb-24,Haringey,Pension Credit Caseload - 2011 Geographies,7090,
Feb-24,Haringey,Mean of Weekly Award Amount,115.29,
Feb-24,Islington,Pension Credit Caseload - 2011 Geographies,6050,
Feb-24,Islington,Mean of Weekly Award Amount,102.17,
Feb-24,Kensington and Chelsea,Pension Credit Caseload - 2011 Geographies,4316,
Feb-24,Kensington and Chelsea,Mean of Weekly Award Amount,112.11,
Feb-24,Lambeth,Pension Credit Caseload - 2011 Geographies,7511,
Feb-24,Lambeth,Mean of Weekly Award Amount,102.92,
Feb-24,Lewisham,Pension Credit Caseload - 2011 Geographies,6264,
Feb-24,Lewisham,Mean of Weekly Award Amount,97.97,
Feb-24,Newham,Pension Credit Caseload - 2011 Geographies,8288,
Feb-24,Newham,Mean of Weekly Award Amount,120.8,
Feb-24,Southwark,Pension Credit Caseload - 2011 Geographies,7526,
Feb-24,Southwark,Mean of Weekly Award Amount,102.55,
Feb-24,Tower Hamlets,Pension Credit Caseload - 2011 Geographies,7316,
Feb-24,Tower Hamlets,Mean of Weekly Award Amount,110.58,
Feb-24,Wandsworth,Pension Credit Caseload - 2011 Geographies,5740,
Feb-24,Wandsworth,Mean of Weekly Award Amount,104.9,
Feb-24,Westminster,Pension Credit Caseload - 2011 Geographies,6023,
Feb-24,Westminster,Mean of Weekly Award Amount,123.28,
Feb-24,Barking and Dagenham,Pension Credit Caseload - 2011 Geographies,4561,
Feb-24,Barking and Dagenham,Mean of Weekly Award Amount,105.58,
Feb-24,Barnet,Pension Credit Caseload - 2011 Geographies,8074,
Feb-24,Barnet,Mean of Weekly Award Amount,117.88,
Feb-24,Bexley,Pension Credit Caseload - 2011 Geographies,3941,
Feb-24,Bexley,Mean of Weekly Award Amount,86.34,
Feb-24,Brent,Pension Credit Caseload - 2011 Geographies,9112,
Feb-24,Brent,Mean of Weekly Award Amount,124.99,
Feb-24,Bromley,Pension Credit Caseload - 2011 Geographies,4924,
Feb-24,Bromley,Mean of Weekly Award Amount,86.7,
Feb-24,Croydon,Pension Credit Caseload - 2011 Geographies,7123,
Feb-24,Croydon,Mean of Weekly Award Amount,102.22,
Feb-24,Ealing,Pension Credit Caseload - 2011 Geographies,8852,
Feb-24,Ealing,Mean of Weekly Award Amount,130.9,
Feb-24,Enfield,Pension Credit Caseload - 2011 Geographies,8041,
Feb-24,Enfield,Mean of Weekly Award Amount,111.27,
Feb-24,Greenwich,Pension Credit Caseload - 2011 Geographies,6213,
Feb-24,Greenwich,Mean of Weekly Award Amount,106.7,
Feb-24,Harrow,Pension Credit Caseload - 2011 Geographies,5673,
Feb-24,Harrow,Mean of Weekly Award Amount,134.36,
Feb-24,Havering,Pension Credit Caseload - 2011 Geographies,4461,
Feb-24,Havering,Mean of Weekly Award Amount,84.25,
Feb-24,Hillingdon,Pension Credit Caseload - 2011 Geographies,5361,
Feb-24,Hillingdon,Mean of Weekly Award Amount,120.51,
Feb-24,Hounslow,Pension Credit Caseload - 2011 Geographies,5973,
Feb-24,Hounslow,Mean of Weekly Award Amount,127.86,
Feb-24,Kingston upon Thames,Pension Credit Caseload - 2011 Geographies,2465,
Feb-24,Kingston upon Thames,Mean of Weekly Award Amount,115.98,
Feb-24,Merton,Pension Credit Caseload - 2011 Geographies,3490,
Feb-24,Merton,Mean of Weekly Award Amount,111.67,
Feb-24,Redbridge,Pension Credit Caseload - 2011 Geographies,6253,
Feb-24,Redbridge,Mean of Weekly Award Amount,116.3,
Feb-24,Richmond upon Thames,Pension Credit Caseload - 2011 Geographies,2647,
Feb-24,Richmond upon Thames,Mean of Weekly Award Amount,99.37,
Feb-24,Sutton,Pension Credit Caseload - 2011 Geographies,3132,
Feb-24,Sutton,Mean of Weekly Award Amount,99.82,
Feb-24,Waltham Forest,Pension Credit Caseload - 2011 Geographies,5689,
Feb-24,Waltham Forest,Mean of Weekly Award Amount,103.12,
Feb-24,Bracknell Forest,Pension Credit Caseload - 2011 Geographies,1503,
Feb-24,Bracknell Forest,Mean of Weekly Award Amount,83.68,
Feb-24,Brighton and Hove,Pension Credit Caseload - 2011 Geographies,5786,
Feb-24,Brighton and Hove,Mean of Weekly Award Amount,80.6,
Feb-24,Buckinghamshire,Pension Credit Caseload - 2011 Geographies,6449,
Feb-24,Buckinghamshire,Mean of Weekly Award Amount,78,
Feb-24,Isle of Wight,Pension Credit Caseload - 2011 Geographies,3954,
Feb-24,Isle of Wight,Mean of Weekly Award Amount,64.11,
Feb-24,Medway,Pension Credit Caseload - 2011 Geographies,4807,
Feb-24,Medway,Mean of Weekly Award Amount,72.18,
Feb-24,Milton Keynes,Pension Credit Caseload - 2011 Geographies,4216,
Feb-24,Milton Keynes,Mean of Weekly Award Amount,82.91,
Feb-24,Portsmouth,Pension Credit Caseload - 2011 Geographies,4326,
Feb-24,Portsmouth,Mean of Weekly Award Amount,73.76,
Feb-24,Reading,Pension Credit Caseload - 2011 Geographies,2873,
Feb-24,Reading,Mean of Weekly Award Amount,108.43,
Feb-24,Slough,Pension Credit Caseload - 2011 Geographies,2720,
Feb-24,Slough,Mean of Weekly Award Amount,108.75,
Feb-24,Southampton,Pension Credit Caseload - 2011 Geographies,4747,
Feb-24,Southampton,Mean of Weekly Award Amount,78.93,
Feb-24,West Berkshire,Pension Credit Caseload - 2011 Geographies,1952,
Feb-24,West Berkshire,Mean of Weekly Award Amount,68.69,
Feb-24,Windsor and Maidenhead,Pension Credit Caseload - 2011 Geographies,1848,
Feb-24,Windsor and Maidenhead,Mean of Weekly Award Amount,82.2,
Feb-24,Wokingham,Pension Credit Caseload - 2011 Geographies,1417,
Feb-24,Wokingham,Mean of Weekly Award Amount,76.72,
Feb-24,Eastbourne,Pension Credit Caseload - 2011 Geographies,2766,
Feb-24,Eastbourne,Mean of Weekly Award Amount,74.38,
Feb-24,Hastings,Pension Credit Caseload - 2011 Geographies,2880,
Feb-24,Hastings,Mean of Weekly Award Amount,74.85,
Feb-24,Lewes,Pension Credit Caseload - 2011 Geographies,2121,
Feb-24,Lewes,Mean of Weekly Award Amount,68.85,
Feb-24,Rother,Pension Credit Caseload - 2011 Geographies,2469,
Feb-24,Rother,Mean of Weekly Award Amount,68.23,
Feb-24,Wealden,Pension Credit Caseload - 2011 Geographies,2722,
Feb-24,Wealden,Mean of Weekly Award Amount,66.78,
Feb-24,Basingstoke and Deane,Pension Credit Caseload - 2011 Geographies,2152,
Feb-24,Basingstoke and Deane,Mean of Weekly Award Amount,81.78,
Feb-24,East Hampshire,Pension Credit Caseload - 2011 Geographies,1574,
Feb-24,East Hampshire,Mean of Weekly Award Amount,70.67,
Feb-24,Eastleigh,Pension Credit Caseload - 2011 Geographies,1686,
Feb-24,Eastleigh,Mean of Weekly Award Amount,66.42,
Feb-24,Fareham,Pension Credit Caseload - 2011 Geographies,1509,
Feb-24,Fareham,Mean of Weekly Award Amount,62.62,
Feb-24,Gosport,Pension Credit Caseload - 2011 Geographies,1532,
Feb-24,Gosport,Mean of Weekly Award Amount,61.82,
Feb-24,Hart,Pension Credit Caseload - 2011 Geographies,894,
Feb-24,Hart,Mean of Weekly Award Amount,77.05,
Feb-24,Havant,Pension Credit Caseload - 2011 Geographies,2779,
Feb-24,Havant,Mean of Weekly Award Amount,64.69,
Feb-24,New Forest,Pension Credit Caseload - 2011 Geographies,3106,
Feb-24,New Forest,Mean of Weekly Award Amount,65.27,
Feb-24,Rushmoor,Pension Credit Caseload - 2011 Geographies,2330,
Feb-24,Rushmoor,Mean of Weekly Award Amount,136.21,
Feb-24,Test Valley,Pension Credit Caseload - 2011 Geographies,1632,
Feb-24,Test Valley,Mean of Weekly Award Amount,69.28,
Feb-24,Winchester,Pension Credit Caseload - 2011 Geographies,1616,
Feb-24,Winchester,Mean of Weekly Award Amount,70.02,
Feb-24,Ashford,Pension Credit Caseload - 2011 Geographies,2610,
Feb-24,Ashford,Mean of Weekly Award Amount,92.52,
Feb-24,Canterbury,Pension Credit Caseload - 2011 Geographies,3050,
Feb-24,Canterbury,Mean of Weekly Award Amount,71.79,
Feb-24,Dartford,Pension Credit Caseload - 2011 Geographies,1435,
Feb-24,Dartford,Mean of Weekly Award Amount,76.88,
Feb-24,Dover,Pension Credit Caseload - 2011 Geographies,2665,
Feb-24,Dover,Mean of Weekly Award Amount,67.8,
Feb-24,Folkestone and Hythe,Pension Credit Caseload - 2011 Geographies,2967,
Feb-24,Folkestone and Hythe,Mean of Weekly Award Amount,77.21,
Feb-24,Gravesham,Pension Credit Caseload - 2011 Geographies,1913,
Feb-24,Gravesham,Mean of Weekly Award Amount,76.47,
Feb-24,Maidstone,Pension Credit Caseload - 2011 Geographies,2774,
Feb-24,Maidstone,Mean of Weekly Award Amount,79.35,
Feb-24,Sevenoaks,Pension Credit Caseload - 2011 Geographies,1744,
Feb-24,Sevenoaks,Mean of Weekly Award Amount,73.32,
Feb-24,Swale,Pension Credit Caseload - 2011 Geographies,3099,
Feb-24,Swale,Mean of Weekly Award Amount,68.2,
Feb-24,Thanet,Pension Credit Caseload - 2011 Geographies,4443,
Feb-24,Thanet,Mean of Weekly Award Amount,70.63,
Feb-24,Tonbridge and Malling,Pension Credit Caseload - 2011 Geographies,1722,
Feb-24,Tonbridge and Malling,Mean of Weekly Award Amount,72.53,
Feb-24,Tunbridge Wells,Pension Credit Caseload - 2011 Geographies,1669,
Feb-24,Tunbridge Wells,Mean of Weekly Award Amount,74.89,
Feb-24,Cherwell,Pension Credit Caseload - 2011 Geographies,1882,
Feb-24,Cherwell,Mean of Weekly Award Amount,71.1,
Feb-24,Oxford,Pension Credit Caseload - 2011 Geographies,1905,
Feb-24,Oxford,Mean of Weekly Award Amount,91.75,
Feb-24,South Oxfordshire,Pension Credit Caseload - 2011 Geographies,1613,
Feb-24,South Oxfordshire,Mean of Weekly Award Amount,70.68,
Feb-24,Vale of White Horse,Pension Credit Caseload - 2011 Geographies,1423,
Feb-24,Vale of White Horse,Mean of Weekly Award Amount,72.49,
Feb-24,West Oxfordshire,Pension Credit Caseload - 2011 Geographies,1355,
Feb-24,West Oxfordshire,Mean of Weekly Award Amount,71.3,
Feb-24,Elmbridge,Pension Credit Caseload - 2011 Geographies,1703,
Feb-24,Elmbridge,Mean of Weekly Award Amount,88.32,
Feb-24,Epsom and Ewell,Pension Credit Caseload - 2011 Geographies,858,
Feb-24,Epsom and Ewell,Mean of Weekly Award Amount,96.62,
Feb-24,Guildford,Pension Credit Caseload - 2011 Geographies,1455,
Feb-24,Guildford,Mean of Weekly Award Amount,76.89,
Feb-24,Mole Valley,Pension Credit Caseload - 2011 Geographies,1079,
Feb-24,Mole Valley,Mean of Weekly Award Amount,76.1,
Feb-24,Reigate and Banstead,Pension Credit Caseload - 2011 Geographies,1653,
Feb-24,Reigate and Banstead,Mean of Weekly Award Amount,82.72,
Feb-24,Runnymede,Pension Credit Caseload - 2011 Geographies,1088,
Feb-24,Runnymede,Mean of Weekly Award Amount,76.81,
Feb-24,Spelthorne,Pension Credit Caseload - 2011 Geographies,1407,
Feb-24,Spelthorne,Mean of Weekly Award Amount,84.72,
Feb-24,Surrey Heath,Pension Credit Caseload - 2011 Geographies,982,
Feb-24,Surrey Heath,Mean of Weekly Award Amount,85.88,
Feb-24,Tandridge,Pension Credit Caseload - 2011 Geographies,1060,
Feb-24,Tandridge,Mean of Weekly Award Amount,75.26,
Feb-24,Waverley,Pension Credit Caseload - 2011 Geographies,1498,
Feb-24,Waverley,Mean of Weekly Award Amount,76.54,
Feb-24,Woking,Pension Credit Caseload - 2011 Geographies,1207,
Feb-24,Woking,Mean of Weekly Award Amount,88.05,
Feb-24,Adur,Pension Credit Caseload - 2011 Geographies,1381,
Feb-24,Adur,Mean of Weekly Award Amount,66.55,
Feb-24,Arun,Pension Credit Caseload - 2011 Geographies,3834,
Feb-24,Arun,Mean of Weekly Award Amount,66.95,
Feb-24,Chichester,Pension Credit Caseload - 2011 Geographies,2211,
Feb-24,Chichester,Mean of Weekly Award Amount,66.54,
Feb-24,Crawley,Pension Credit Caseload - 2011 Geographies,1729,
Feb-24,Crawley,Mean of Weekly Award Amount,93.52,
Feb-24,Horsham,Pension Credit Caseload - 2011 Geographies,1881,
Feb-24,Horsham,Mean of Weekly Award Amount,69.54,
Feb-24,Mid Sussex,Pension Credit Caseload - 2011 Geographies,1768,
Feb-24,Mid Sussex,Mean of Weekly Award Amount,72.66,
Feb-24,Worthing,Pension Credit Caseload - 2011 Geographies,2314,
Feb-24,Worthing,Mean of Weekly Award Amount,66.94,
Feb-24,Bath and North East Somerset,Pension Credit Caseload - 2011 Geographies,2828,
Feb-24,Bath and North East Somerset,Mean of Weekly Award Amount,66.59,
Feb-24,"Bournemouth, Christchurch and Poole",Pension Credit Caseload - 2011 Geographies,8964,
Feb-24,"Bournemouth, Christchurch and Poole",Mean of Weekly Award Amount,71.45,
Feb-24,"Bristol, City of",Pension Credit Caseload - 2011 Geographies,7833,
Feb-24,"Bristol, City of",Mean of Weekly Award Amount,80.46,
Feb-24,Cornwall,Pension Credit Caseload - 2011 Geographies,15156,
Feb-24,Cornwall,Mean of Weekly Award Amount,60.88,
Feb-24,Dorset,Pension Credit Caseload - 2011 Geographies,7744,
Feb-24,Dorset,Mean of Weekly Award Amount,64.71,
Feb-24,Isles of Scilly,Pension Credit Caseload - 2011 Geographies,23,
Feb-24,Isles of Scilly,Mean of Weekly Award Amount,92.12,
Feb-24,North Somerset,Pension Credit Caseload - 2011 Geographies,4149,
Feb-24,North Somerset,Mean of Weekly Award Amount,66.65,
Feb-24,Plymouth,Pension Credit Caseload - 2011 Geographies,5860,
Feb-24,Plymouth,Mean of Weekly Award Amount,67.03,
Feb-24,Somerset,Pension Credit Caseload - 2011 Geographies,11244,
Feb-24,Somerset,Mean of Weekly Award Amount,64.78,
Feb-24,South Gloucestershire,Pension Credit Caseload - 2011 Geographies,3715,
Feb-24,South Gloucestershire,Mean of Weekly Award Amount,67.7,
Feb-24,Swindon,Pension Credit Caseload - 2011 Geographies,3874,
Feb-24,Swindon,Mean of Weekly Award Amount,89.46,
Feb-24,Torbay,Pension Credit Caseload - 2011 Geographies,4752,
Feb-24,Torbay,Mean of Weekly Award Amount,67.91,
Feb-24,Wiltshire,Pension Credit Caseload - 2011 Geographies,7447,
Feb-24,Wiltshire,Mean of Weekly Award Amount,67,
Feb-24,East Devon,Pension Credit Caseload - 2011 Geographies,3018,
Feb-24,East Devon,Mean of Weekly Award Amount,60.71,
Feb-24,Exeter,Pension Credit Caseload - 2011 Geographies,2225,
Feb-24,Exeter,Mean of Weekly Award Amount,66.11,
Feb-24,Mid Devon,Pension Credit Caseload - 2011 Geographies,1591,
Feb-24,Mid Devon,Mean of Weekly Award Amount,64.86,
Feb-24,North Devon,Pension Credit Caseload - 2011 Geographies,2309,
Feb-24,North Devon,Mean of Weekly Award Amount,63.43,
Feb-24,South Hams,Pension Credit Caseload - 2011 Geographies,1867,
Feb-24,South Hams,Mean of Weekly Award Amount,66.39,
Feb-24,Teignbridge,Pension Credit Caseload - 2011 Geographies,3165,
Feb-24,Teignbridge,Mean of Weekly Award Amount,62.28,
Feb-24,Torridge,Pension Credit Caseload - 2011 Geographies,1813,
Feb-24,Torridge,Mean of Weekly Award Amount,63.42,
Feb-24,West Devon,Pension Credit Caseload - 2011 Geographies,1231,
Feb-24,West Devon,Mean of Weekly Award Amount,65.13,
Feb-24,Cheltenham,Pension Credit Caseload - 2011 Geographies,1787,
Feb-24,Cheltenham,Mean of Weekly Award Amount,70.39,
Feb-24,Cotswold,Pension Credit Caseload - 2011 Geographies,1428,
Feb-24,Cotswold,Mean of Weekly Award Amount,63.85,
Feb-24,Forest of Dean,Pension Credit Caseload - 2011 Geographies,1807,
Feb-24,Forest of Dean,Mean of Weekly Award Amount,69.44,
Feb-24,Gloucester,Pension Credit Caseload - 2011 Geographies,2234,
Feb-24,Gloucester,Mean of Weekly Award Amount,74.96,
Feb-24,Stroud,Pension Credit Caseload - 2011 Geographies,1821,
Feb-24,Stroud,Mean of Weekly Award Amount,63.98,
Feb-24,Tewkesbury,Pension Credit Caseload - 2011 Geographies,1374,
Feb-24,Tewkesbury,Mean of Weekly Award Amount,68.89,
Feb-24,Total,Pension Credit Caseload - 2011 Geographies,1153410,
Feb-24,Total,Mean of Weekly Award Amount,77.61,
May-24,England,Pension Credit Caseload - 2011 Geographies,1149313,
May-24,England,Mean of Weekly Award Amount,84.21,
May-24,County Durham,Pension Credit Caseload - 2011 Geographies,14795,
May-24,County Durham,Mean of Weekly Award Amount,68.9,
May-24,Darlington,Pension Credit Caseload - 2011 Geographies,2592,
May-24,Darlington,Mean of Weekly Award Amount,74.07,
May-24,Hartlepool,Pension Credit Caseload - 2011 Geographies,3250,
May-24,Hartlepool,Mean of Weekly Award Amount,72.98,
May-24,Middlesbrough,Pension Credit Caseload - 2011 Geographies,4077,
May-24,Middlesbrough,Mean of Weekly Award Amount,75.83,
May-24,Northumberland,Pension Credit Caseload - 2011 Geographies,7207,
May-24,Northumberland,Mean of Weekly Award Amount,65.01,
May-24,Redcar and Cleveland,Pension Credit Caseload - 2011 Geographies,4258,
May-24,Redcar and Cleveland,Mean of Weekly Award Amount,66.75,
May-24,Stockton-on-Tees,Pension Credit Caseload - 2011 Geographies,4564,
May-24,Stockton-on-Tees,Mean of Weekly Award Amount,71.52,
May-24,Gateshead,Pension Credit Caseload - 2011 Geographies,5695,
May-24,Gateshead,Mean of Weekly Award Amount,70.01,
May-24,Newcastle upon Tyne,Pension Credit Caseload - 2011 Geographies,7406,
May-24,Newcastle upon Tyne,Mean of Weekly Award Amount,78.79,
May-24,North Tyneside,Pension Credit Caseload - 2011 Geographies,5311,
May-24,North Tyneside,Mean of Weekly Award Amount,66.69,
May-24,South Tyneside,Pension Credit Caseload - 2011 Geographies,5089,
May-24,South Tyneside,Mean of Weekly Award Amount,68.17,
May-24,Sunderland,Pension Credit Caseload - 2011 Geographies,9293,
May-24,Sunderland,Mean of Weekly Award Amount,68.55,
May-24,Blackburn with Darwen,Pension Credit Caseload - 2011 Geographies,3724,
May-24,Blackburn with Darwen,Mean of Weekly Award Amount,87.15,
May-24,Blackpool,Pension Credit Caseload - 2011 Geographies,5157,
May-24,Blackpool,Mean of Weekly Award Amount,72.47,
May-24,Cheshire East,Pension Credit Caseload - 2011 Geographies,5778,
May-24,Cheshire East,Mean of Weekly Award Amount,71.6,
May-24,Cheshire West and Chester,Pension Credit Caseload - 2011 Geographies,6481,
May-24,Cheshire West and Chester,Mean of Weekly Award Amount,69.67,
May-24,Cumberland,Pension Credit Caseload - 2011 Geographies,5836,
May-24,Cumberland,Mean of Weekly Award Amount,68.19,
May-24,Halton,Pension Credit Caseload - 2011 Geographies,3387,
May-24,Halton,Mean of Weekly Award Amount,71.29,
May-24,Warrington,Pension Credit Caseload - 2011 Geographies,3694,
May-24,Warrington,Mean of Weekly Award Amount,71.37,
May-24,Westmorland and Furness,Pension Credit Caseload - 2011 Geographies,4074,
May-24,Westmorland and Furness,Mean of Weekly Award Amount,68.95,
May-24,Bolton,Pension Credit Caseload - 2011 Geographies,7332,
May-24,Bolton,Mean of Weekly Award Amount,85.32,
May-24,Bury,Pension Credit Caseload - 2011 Geographies,3946,
May-24,Bury,Mean of Weekly Award Amount,77.84,
May-24,Manchester,Pension Credit Caseload - 2011 Geographies,13751,
May-24,Manchester,Mean of Weekly Award Amount,99.86,
May-24,Oldham,Pension Credit Caseload - 2011 Geographies,5486,
May-24,Oldham,Mean of Weekly Award Amount,80.29,
May-24,Rochdale,Pension Credit Caseload - 2011 Geographies,5674,
May-24,Rochdale,Mean of Weekly Award Amount,77.72,
May-24,Salford,Pension Credit Caseload - 2011 Geographies,6261,
May-24,Salford,Mean of Weekly Award Amount,78.7,
May-24,Stockport,Pension Credit Caseload - 2011 Geographies,5600,
May-24,Stockport,Mean of Weekly Award Amount,75.92,
May-24,Tameside,Pension Credit Caseload - 2011 Geographies,5484,
May-24,Tameside,Mean of Weekly Award Amount,72.07,
May-24,Trafford,Pension Credit Caseload - 2011 Geographies,4135,
May-24,Trafford,Mean of Weekly Award Amount,82.48,
May-24,Wigan,Pension Credit Caseload - 2011 Geographies,7421,
May-24,Wigan,Mean of Weekly Award Amount,67.6,
May-24,Burnley,Pension Credit Caseload - 2011 Geographies,2395,
May-24,Burnley,Mean of Weekly Award Amount,75.88,
May-24,Chorley,Pension Credit Caseload - 2011 Geographies,1938,
May-24,Chorley,Mean of Weekly Award Amount,66.23,
May-24,Fylde,Pension Credit Caseload - 2011 Geographies,1942,
May-24,Fylde,Mean of Weekly Award Amount,71.24,
May-24,Hyndburn,Pension Credit Caseload - 2011 Geographies,2084,
May-24,Hyndburn,Mean of Weekly Award Amount,72.6,
May-24,Lancaster,Pension Credit Caseload - 2011 Geographies,3046,
May-24,Lancaster,Mean of Weekly Award Amount,70.87,
May-24,Pendle,Pension Credit Caseload - 2011 Geographies,2450,
May-24,Pendle,Mean of Weekly Award Amount,84.27,
May-24,Preston,Pension Credit Caseload - 2011 Geographies,3152,
May-24,Preston,Mean of Weekly Award Amount,80.78,
May-24,Ribble Valley,Pension Credit Caseload - 2011 Geographies,797,
May-24,Ribble Valley,Mean of Weekly Award Amount,67.67,
May-24,Rossendale,Pension Credit Caseload - 2011 Geographies,1591,
May-24,Rossendale,Mean of Weekly Award Amount,69.87,
May-24,South Ribble,Pension Credit Caseload - 2011 Geographies,1815,
May-24,South Ribble,Mean of Weekly Award Amount,65.57,
May-24,West Lancashire,Pension Credit Caseload - 2011 Geographies,2706,
May-24,West Lancashire,Mean of Weekly Award Amount,68.5,
May-24,Wyre,Pension Credit Caseload - 2011 Geographies,2993,
May-24,Wyre,Mean of Weekly Award Amount,71.49,
May-24,Knowsley,Pension Credit Caseload - 2011 Geographies,5555,
May-24,Knowsley,Mean of Weekly Award Amount,75.38,
May-24,Liverpool,Pension Credit Caseload - 2011 Geographies,16906,
May-24,Liverpool,Mean of Weekly Award Amount,81.62,
May-24,Sefton,Pension Credit Caseload - 2011 Geographies,8312,
May-24,Sefton,Mean of Weekly Award Amount,71.4,
May-24,St. Helens,Pension Credit Caseload - 2011 Geographies,4648,
May-24,St. Helens,Mean of Weekly Award Amount,70.38,
May-24,Wirral,Pension Credit Caseload - 2011 Geographies,8857,
May-24,Wirral,Mean of Weekly Award Amount,74.74,
May-24,East Riding of Yorkshire,Pension Credit Caseload - 2011 Geographies,7827,
May-24,East Riding of Yorkshire,Mean of Weekly Award Amount,65.64,
May-24,"Kingston upon Hull, City of",Pension Credit Caseload - 2011 Geographies,7588,
May-24,"Kingston upon Hull, City of",Mean of Weekly Award Amount,71.43,
May-24,North East Lincolnshire,Pension Credit Caseload - 2011 Geographies,4499,
May-24,North East Lincolnshire,Mean of Weekly Award Amount,69.85,
May-24,North Lincolnshire,Pension Credit Caseload - 2011 Geographies,3831,
May-24,North Lincolnshire,Mean of Weekly Award Amount,68.59,
May-24,North Yorkshire,Pension Credit Caseload - 2011 Geographies,11469,
May-24,North Yorkshire,Mean of Weekly Award Amount,69.52,
May-24,York,Pension Credit Caseload - 2011 Geographies,2748,
May-24,York,Mean of Weekly Award Amount,69.32,
May-24,Barnsley,Pension Credit Caseload - 2011 Geographies,5888,
May-24,Barnsley,Mean of Weekly Award Amount,71.39,
May-24,Doncaster,Pension Credit Caseload - 2011 Geographies,7366,
May-24,Doncaster,Mean of Weekly Award Amount,73.47,
May-24,Rotherham,Pension Credit Caseload - 2011 Geographies,6381,
May-24,Rotherham,Mean of Weekly Award Amount,68.97,
May-24,Sheffield,Pension Credit Caseload - 2011 Geographies,12679,
May-24,Sheffield,Mean of Weekly Award Amount,77.97,
May-24,Bradford,Pension Credit Caseload - 2011 Geographies,12264,
May-24,Bradford,Mean of Weekly Award Amount,83.14,
May-24,Calderdale,Pension Credit Caseload - 2011 Geographies,4313,
May-24,Calderdale,Mean of Weekly Award Amount,69.21,
May-24,Kirklees,Pension Credit Caseload - 2011 Geographies,8572,
May-24,Kirklees,Mean of Weekly Award Amount,74.47,
May-24,Leeds,Pension Credit Caseload - 2011 Geographies,14822,
May-24,Leeds,Mean of Weekly Award Amount,77.37,
May-24,Wakefield,Pension Credit Caseload - 2011 Geographies,7471,
May-24,Wakefield,Mean of Weekly Award Amount,68.79,
May-24,Derby,Pension Credit Caseload - 2011 Geographies,5485,
May-24,Derby,Mean of Weekly Award Amount,87.14,
May-24,Leicester,Pension Credit Caseload - 2011 Geographies,10049,
May-24,Leicester,Mean of Weekly Award Amount,122.14,
May-24,North Northamptonshire,Pension Credit Caseload - 2011 Geographies,6105,
May-24,North Northamptonshire,Mean of Weekly Award Amount,73.3,
May-24,Nottingham,Pension Credit Caseload - 2011 Geographies,7173,
May-24,Nottingham,Mean of Weekly Award Amount,83.36,
May-24,Rutland,Pension Credit Caseload - 2011 Geographies,527,
May-24,Rutland,Mean of Weekly Award Amount,70.13,
May-24,West Northamptonshire,Pension Credit Caseload - 2011 Geographies,6352,
May-24,West Northamptonshire,Mean of Weekly Award Amount,80.33,
May-24,Amber Valley,Pension Credit Caseload - 2011 Geographies,2491,
May-24,Amber Valley,Mean of Weekly Award Amount,68.56,
May-24,Bolsover,Pension Credit Caseload - 2011 Geographies,1956,
May-24,Bolsover,Mean of Weekly Award Amount,70.46,
May-24,Chesterfield,Pension Credit Caseload - 2011 Geographies,2729,
May-24,Chesterfield,Mean of Weekly Award Amount,68.27,
May-24,Derbyshire Dales,Pension Credit Caseload - 2011 Geographies,1129,
May-24,Derbyshire Dales,Mean of Weekly Award Amount,69.69,
May-24,Erewash,Pension Credit Caseload - 2011 Geographies,2289,
May-24,Erewash,Mean of Weekly Award Amount,62.76,
May-24,High Peak,Pension Credit Caseload - 2011 Geographies,1703,
May-24,High Peak,Mean of Weekly Award Amount,69.79,
May-24,North East Derbyshire,Pension Credit Caseload - 2011 Geographies,2344,
May-24,North East Derbyshire,Mean of Weekly Award Amount,67.65,
May-24,South Derbyshire,Pension Credit Caseload - 2011 Geographies,1613,
May-24,South Derbyshire,Mean of Weekly Award Amount,67,
May-24,Blaby,Pension Credit Caseload - 2011 Geographies,1620,
May-24,Blaby,Mean of Weekly Award Amount,74.18,
May-24,Charnwood,Pension Credit Caseload - 2011 Geographies,2791,
May-24,Charnwood,Mean of Weekly Award Amount,74.74,
May-24,Harborough,Pension Credit Caseload - 2011 Geographies,1236,
May-24,Harborough,Mean of Weekly Award Amount,70.79,
May-24,Hinckley and Bosworth,Pension Credit Caseload - 2011 Geographies,1772,
May-24,Hinckley and Bosworth,Mean of Weekly Award Amount,62.82,
May-24,Melton,Pension Credit Caseload - 2011 Geographies,764,
May-24,Melton,Mean of Weekly Award Amount,69.57,
May-24,North West Leicestershire,Pension Credit Caseload - 2011 Geographies,1551,
May-24,North West Leicestershire,Mean of Weekly Award Amount,65.66,
May-24,Oadby and Wigston,Pension Credit Caseload - 2011 Geographies,1045,
May-24,Oadby and Wigston,Mean of Weekly Award Amount,80.99,
May-24,Boston,Pension Credit Caseload - 2011 Geographies,1835,
May-24,Boston,Mean of Weekly Award Amount,83.78,
May-24,East Lindsey,Pension Credit Caseload - 2011 Geographies,4718,
May-24,East Lindsey,Mean of Weekly Award Amount,70.06,
May-24,Lincoln,Pension Credit Caseload - 2011 Geographies,2066,
May-24,Lincoln,Mean of Weekly Award Amount,73.6,
May-24,North Kesteven,Pension Credit Caseload - 2011 Geographies,2187,
May-24,North Kesteven,Mean of Weekly Award Amount,68.71,
May-24,South Holland,Pension Credit Caseload - 2011 Geographies,2091,
May-24,South Holland,Mean of Weekly Award Amount,69.32,
May-24,South Kesteven,Pension Credit Caseload - 2011 Geographies,2389,
May-24,South Kesteven,Mean of Weekly Award Amount,70.65,
May-24,West Lindsey,Pension Credit Caseload - 2011 Geographies,1959,
May-24,West Lindsey,Mean of Weekly Award Amount,68.61,
May-24,Ashfield,Pension Credit Caseload - 2011 Geographies,2681,
May-24,Ashfield,Mean of Weekly Award Amount,66.65,
May-24,Bassetlaw,Pension Credit Caseload - 2011 Geographies,2585,
May-24,Bassetlaw,Mean of Weekly Award Amount,70.93,
May-24,Broxtowe,Pension Credit Caseload - 2011 Geographies,1977,
May-24,Broxtowe,Mean of Weekly Award Amount,68.41,
May-24,Gedling,Pension Credit Caseload - 2011 Geographies,2029,
May-24,Gedling,Mean of Weekly Award Amount,68.16,
May-24,Mansfield,Pension Credit Caseload - 2011 Geographies,2278,
May-24,Mansfield,Mean of Weekly Award Amount,71.58,
May-24,Newark and Sherwood,Pension Credit Caseload - 2011 Geographies,2247,
May-24,Newark and Sherwood,Mean of Weekly Award Amount,70.42,
May-24,Rushcliffe,Pension Credit Caseload - 2011 Geographies,1574,
May-24,Rushcliffe,Mean of Weekly Award Amount,70.12,
May-24,"Herefordshire, County of",Pension Credit Caseload - 2011 Geographies,3869,
May-24,"Herefordshire, County of",Mean of Weekly Award Amount,70.68,
May-24,Shropshire,Pension Credit Caseload - 2011 Geographies,6771,
May-24,Shropshire,Mean of Weekly Award Amount,69.02,
May-24,Stoke-on-Trent,Pension Credit Caseload - 2011 Geographies,6170,
May-24,Stoke-on-Trent,Mean of Weekly Award Amount,69.5,
May-24,Telford and Wrekin,Pension Credit Caseload - 2011 Geographies,4060,
May-24,Telford and Wrekin,Mean of Weekly Award Amount,73.01,
May-24,Cannock Chase,Pension Credit Caseload - 2011 Geographies,2205,
May-24,Cannock Chase,Mean of Weekly Award Amount,64.86,
May-24,East Staffordshire,Pension Credit Caseload - 2011 Geographies,1958,
May-24,East Staffordshire,Mean of Weekly Award Amount,69.19,
May-24,Lichfield,Pension Credit Caseload - 2011 Geographies,1745,
May-24,Lichfield,Mean of Weekly Award Amount,62.04,
May-24,Newcastle-under-Lyme,Pension Credit Caseload - 2011 Geographies,2481,
May-24,Newcastle-under-Lyme,Mean of Weekly Award Amount,66.2,
May-24,South Staffordshire,Pension Credit Caseload - 2011 Geographies,2255,
May-24,South Staffordshire,Mean of Weekly Award Amount,66.6,
May-24,Stafford,Pension Credit Caseload - 2011 Geographies,2051,
May-24,Stafford,Mean of Weekly Award Amount,68.39,
May-24,Staffordshire Moorlands,Pension Credit Caseload - 2011 Geographies,1712,
May-24,Staffordshire Moorlands,Mean of Weekly Award Amount,64.43,
May-24,Tamworth,Pension Credit Caseload - 2011 Geographies,1647,
May-24,Tamworth,Mean of Weekly Award Amount,65.69,
May-24,North Warwickshire,Pension Credit Caseload - 2011 Geographies,1278,
May-24,North Warwickshire,Mean of Weekly Award Amount,64.53,
May-24,Nuneaton and Bedworth,Pension Credit Caseload - 2011 Geographies,2736,
May-24,Nuneaton and Bedworth,Mean of Weekly Award Amount,76.71,
May-24,Rugby,Pension Credit Caseload - 2011 Geographies,1582,
May-24,Rugby,Mean of Weekly Award Amount,77.23,
May-24,Stratford-on-Avon,Pension Credit Caseload - 2011 Geographies,2202,
May-24,Stratford-on-Avon,Mean of Weekly Award Amount,68.73,
May-24,Warwick,Pension Credit Caseload - 2011 Geographies,1986,
May-24,Warwick,Mean of Weekly Award Amount,73.17,
May-24,Birmingham,Pension Credit Caseload - 2011 Geographies,28540,
May-24,Birmingham,Mean of Weekly Award Amount,93.24,
May-24,Coventry,Pension Credit Caseload - 2011 Geographies,7014,
May-24,Coventry,Mean of Weekly Award Amount,86.32,
May-24,Dudley,Pension Credit Caseload - 2011 Geographies,7630,
May-24,Dudley,Mean of Weekly Award Amount,69.61,
May-24,Sandwell,Pension Credit Caseload - 2011 Geographies,9751,
May-24,Sandwell,Mean of Weekly Award Amount,89.98,
May-24,Solihull,Pension Credit Caseload - 2011 Geographies,3856,
May-24,Solihull,Mean of Weekly Award Amount,73.28,
May-24,Walsall,Pension Credit Caseload - 2011 Geographies,7488,
May-24,Walsall,Mean of Weekly Award Amount,76.79,
May-24,Wolverhampton,Pension Credit Caseload - 2011 Geographies,7352,
May-24,Wolverhampton,Mean of Weekly Award Amount,88.99,
May-24,Bromsgrove,Pension Credit Caseload - 2011 Geographies,1443,
May-24,Bromsgrove,Mean of Weekly Award Amount,66.18,
May-24,Malvern Hills,Pension Credit Caseload - 2011 Geographies,1579,
May-24,Malvern Hills,Mean of Weekly Award Amount,71.09,
May-24,Redditch,Pension Credit Caseload - 2011 Geographies,1694,
May-24,Redditch,Mean of Weekly Award Amount,69.51,
May-24,Worcester,Pension Credit Caseload - 2011 Geographies,1828,
May-24,Worcester,Mean of Weekly Award Amount,72.75,
May-24,Wychavon,Pension Credit Caseload - 2011 Geographies,2274,
May-24,Wychavon,Mean of Weekly Award Amount,70.62,
May-24,Wyre Forest,Pension Credit Caseload - 2011 Geographies,2393,
May-24,Wyre Forest,Mean of Weekly Award Amount,66.26,
May-24,Bedford,Pension Credit Caseload - 2011 Geographies,2861,
May-24,Bedford,Mean of Weekly Award Amount,87.13,
May-24,Central Bedfordshire,Pension Credit Caseload - 2011 Geographies,3708,
May-24,Central Bedfordshire,Mean of Weekly Award Amount,71.91,
May-24,Luton,Pension Credit Caseload - 2011 Geographies,4404,
May-24,Luton,Mean of Weekly Award Amount,101.77,
May-24,Peterborough,Pension Credit Caseload - 2011 Geographies,4203,
May-24,Peterborough,Mean of Weekly Award Amount,93.36,
May-24,Southend-on-Sea,Pension Credit Caseload - 2011 Geographies,4137,
May-24,Southend-on-Sea,Mean of Weekly Award Amount,78.56,
May-24,Thurrock,Pension Credit Caseload - 2011 Geographies,2875,
May-24,Thurrock,Mean of Weekly Award Amount,87.11,
May-24,Cambridge,Pension Credit Caseload - 2011 Geographies,1532,
May-24,Cambridge,Mean of Weekly Award Amount,91.95,
May-24,East Cambridgeshire,Pension Credit Caseload - 2011 Geographies,1291,
May-24,East Cambridgeshire,Mean of Weekly Award Amount,73.87,
May-24,Fenland,Pension Credit Caseload - 2011 Geographies,2533,
May-24,Fenland,Mean of Weekly Award Amount,73.04,
May-24,Huntingdonshire,Pension Credit Caseload - 2011 Geographies,2320,
May-24,Huntingdonshire,Mean of Weekly Award Amount,74.54,
May-24,South Cambridgeshire,Pension Credit Caseload - 2011 Geographies,1783,
May-24,South Cambridgeshire,Mean of Weekly Award Amount,82.35,
May-24,Basildon,Pension Credit Caseload - 2011 Geographies,3686,
May-24,Basildon,Mean of Weekly Award Amount,77.21,
May-24,Braintree,Pension Credit Caseload - 2011 Geographies,2570,
May-24,Braintree,Mean of Weekly Award Amount,67.2,
May-24,Brentwood,Pension Credit Caseload - 2011 Geographies,1099,
May-24,Brentwood,Mean of Weekly Award Amount,80.82,
May-24,Castle Point,Pension Credit Caseload - 2011 Geographies,2023,
May-24,Castle Point,Mean of Weekly Award Amount,73.7,
May-24,Chelmsford,Pension Credit Caseload - 2011 Geographies,2332,
May-24,Chelmsford,Mean of Weekly Award Amount,78.4,
May-24,Colchester,Pension Credit Caseload - 2011 Geographies,2866,
May-24,Colchester,Mean of Weekly Award Amount,81.75,
May-24,Epping Forest,Pension Credit Caseload - 2011 Geographies,2518,
May-24,Epping Forest,Mean of Weekly Award Amount,84.62,
May-24,Harlow,Pension Credit Caseload - 2011 Geographies,1664,
May-24,Harlow,Mean of Weekly Award Amount,79,
May-24,Maldon,Pension Credit Caseload - 2011 Geographies,1268,
May-24,Maldon,Mean of Weekly Award Amount,69.13,
May-24,Rochford,Pension Credit Caseload - 2011 Geographies,1425,
May-24,Rochford,Mean of Weekly Award Amount,69.77,
May-24,Tendring,Pension Credit Caseload - 2011 Geographies,4800,
May-24,Tendring,Mean of Weekly Award Amount,72.5,
May-24,Uttlesford,Pension Credit Caseload - 2011 Geographies,1123,
May-24,Uttlesford,Mean of Weekly Award Amount,72.39,
May-24,Broxbourne,Pension Credit Caseload - 2011 Geographies,1743,
May-24,Broxbourne,Mean of Weekly Award Amount,87.28,
May-24,Dacorum,Pension Credit Caseload - 2011 Geographies,2059,
May-24,Dacorum,Mean of Weekly Award Amount,81.16,
May-24,East Hertfordshire,Pension Credit Caseload - 2011 Geographies,1745,
May-24,East Hertfordshire,Mean of Weekly Award Amount,77.68,
May-24,Hertsmere,Pension Credit Caseload - 2011 Geographies,1777,
May-24,Hertsmere,Mean of Weekly Award Amount,93.19,
May-24,North Hertfordshire,Pension Credit Caseload - 2011 Geographies,1868,
May-24,North Hertfordshire,Mean of Weekly Award Amount,73.07,
May-24,St Albans,Pension Credit Caseload - 2011 Geographies,1453,
May-24,St Albans,Mean of Weekly Award Amount,85.54,
May-24,Stevenage,Pension Credit Caseload - 2011 Geographies,1452,
May-24,Stevenage,Mean of Weekly Award Amount,78.84,
May-24,Three Rivers,Pension Credit Caseload - 2011 Geographies,1250,
May-24,Three Rivers,Mean of Weekly Award Amount,90.61,
May-24,Watford,Pension Credit Caseload - 2011 Geographies,1390,
May-24,Watford,Mean of Weekly Award Amount,97.11,
May-24,Welwyn Hatfield,Pension Credit Caseload - 2011 Geographies,1597,
May-24,Welwyn Hatfield,Mean of Weekly Award Amount,85.93,
May-24,Breckland,Pension Credit Caseload - 2011 Geographies,2996,
May-24,Breckland,Mean of Weekly Award Amount,69.15,
May-24,Broadland,Pension Credit Caseload - 2011 Geographies,2173,
May-24,Broadland,Mean of Weekly Award Amount,64.84,
May-24,Great Yarmouth,Pension Credit Caseload - 2011 Geographies,3158,
May-24,Great Yarmouth,Mean of Weekly Award Amount,68.4,
May-24,King's Lynn and West Norfolk,Pension Credit Caseload - 2011 Geographies,3670,
May-24,King's Lynn and West Norfolk,Mean of Weekly Award Amount,70.63,
May-24,North Norfolk,Pension Credit Caseload - 2011 Geographies,2642,
May-24,North Norfolk,Mean of Weekly Award Amount,64.05,
May-24,Norwich,Pension Credit Caseload - 2011 Geographies,3209,
May-24,Norwich,Mean of Weekly Award Amount,74.53,
May-24,South Norfolk,Pension Credit Caseload - 2011 Geographies,2413,
May-24,South Norfolk,Mean of Weekly Award Amount,69.33,
May-24,Babergh,Pension Credit Caseload - 2011 Geographies,1611,
May-24,Babergh,Mean of Weekly Award Amount,67.42,
May-24,East Suffolk,Pension Credit Caseload - 2011 Geographies,5233,
May-24,East Suffolk,Mean of Weekly Award Amount,66.34,
May-24,Ipswich,Pension Credit Caseload - 2011 Geographies,2651,
May-24,Ipswich,Mean of Weekly Award Amount,83.12,
May-24,Mid Suffolk,Pension Credit Caseload - 2011 Geographies,1574,
May-24,Mid Suffolk,Mean of Weekly Award Amount,69.46,
May-24,West Suffolk,Pension Credit Caseload - 2011 Geographies,2850,
May-24,West Suffolk,Mean of Weekly Award Amount,69.62,
May-24,Camden,Pension Credit Caseload - 2011 Geographies,6224,
May-24,Camden,Mean of Weekly Award Amount,117.22,
May-24,City of London,Pension Credit Caseload - 2011 Geographies,96,
May-24,City of London,Mean of Weekly Award Amount,111.59,
May-24,Hackney,Pension Credit Caseload - 2011 Geographies,7605,
May-24,Hackney,Mean of Weekly Award Amount,120.26,
May-24,Hammersmith and Fulham,Pension Credit Caseload - 2011 Geographies,4576,
May-24,Hammersmith and Fulham,Mean of Weekly Award Amount,119.89,
May-24,Haringey,Pension Credit Caseload - 2011 Geographies,7101,
May-24,Haringey,Mean of Weekly Award Amount,124.81,
May-24,Islington,Pension Credit Caseload - 2011 Geographies,6116,
May-24,Islington,Mean of Weekly Award Amount,110.55,
May-24,Kensington and Chelsea,Pension Credit Caseload - 2011 Geographies,4351,
May-24,Kensington and Chelsea,Mean of Weekly Award Amount,120.11,
May-24,Lambeth,Pension Credit Caseload - 2011 Geographies,7545,
May-24,Lambeth,Mean of Weekly Award Amount,111.36,
May-24,Lewisham,Pension Credit Caseload - 2011 Geographies,6296,
May-24,Lewisham,Mean of Weekly Award Amount,106.32,
May-24,Newham,Pension Credit Caseload - 2011 Geographies,8360,
May-24,Newham,Mean of Weekly Award Amount,130.68,
May-24,Southwark,Pension Credit Caseload - 2011 Geographies,7563,
May-24,Southwark,Mean of Weekly Award Amount,110.96,
May-24,Tower Hamlets,Pension Credit Caseload - 2011 Geographies,7318,
May-24,Tower Hamlets,Mean of Weekly Award Amount,119.46,
May-24,Wandsworth,Pension Credit Caseload - 2011 Geographies,5754,
May-24,Wandsworth,Mean of Weekly Award Amount,114.17,
May-24,Westminster,Pension Credit Caseload - 2011 Geographies,6047,
May-24,Westminster,Mean of Weekly Award Amount,132.19,
May-24,Barking and Dagenham,Pension Credit Caseload - 2011 Geographies,4610,
May-24,Barking and Dagenham,Mean of Weekly Award Amount,114.94,
May-24,Barnet,Pension Credit Caseload - 2011 Geographies,8138,
May-24,Barnet,Mean of Weekly Award Amount,127.38,
May-24,Bexley,Pension Credit Caseload - 2011 Geographies,3966,
May-24,Bexley,Mean of Weekly Award Amount,93.87,
May-24,Brent,Pension Credit Caseload - 2011 Geographies,9167,
May-24,Brent,Mean of Weekly Award Amount,135.01,
May-24,Bromley,Pension Credit Caseload - 2011 Geographies,4922,
May-24,Bromley,Mean of Weekly Award Amount,93.94,
May-24,Croydon,Pension Credit Caseload - 2011 Geographies,7139,
May-24,Croydon,Mean of Weekly Award Amount,111.38,
May-24,Ealing,Pension Credit Caseload - 2011 Geographies,8940,
May-24,Ealing,Mean of Weekly Award Amount,141.58,
May-24,Enfield,Pension Credit Caseload - 2011 Geographies,8093,
May-24,Enfield,Mean of Weekly Award Amount,121.24,
May-24,Greenwich,Pension Credit Caseload - 2011 Geographies,6264,
May-24,Greenwich,Mean of Weekly Award Amount,115.26,
May-24,Harrow,Pension Credit Caseload - 2011 Geographies,5644,
May-24,Harrow,Mean of Weekly Award Amount,145.28,
May-24,Havering,Pension Credit Caseload - 2011 Geographies,4466,
May-24,Havering,Mean of Weekly Award Amount,92.28,
May-24,Hillingdon,Pension Credit Caseload - 2011 Geographies,5376,
May-24,Hillingdon,Mean of Weekly Award Amount,130.61,
May-24,Hounslow,Pension Credit Caseload - 2011 Geographies,6066,
May-24,Hounslow,Mean of Weekly Award Amount,138.33,
May-24,Kingston upon Thames,Pension Credit Caseload - 2011 Geographies,2464,
May-24,Kingston upon Thames,Mean of Weekly Award Amount,124.87,
May-24,Merton,Pension Credit Caseload - 2011 Geographies,3491,
May-24,Merton,Mean of Weekly Award Amount,121.38,
May-24,Redbridge,Pension Credit Caseload - 2011 Geographies,6286,
May-24,Redbridge,Mean of Weekly Award Amount,126.1,
May-24,Richmond upon Thames,Pension Credit Caseload - 2011 Geographies,2674,
May-24,Richmond upon Thames,Mean of Weekly Award Amount,106.98,
May-24,Sutton,Pension Credit Caseload - 2011 Geographies,3164,
May-24,Sutton,Mean of Weekly Award Amount,108.28,
May-24,Waltham Forest,Pension Credit Caseload - 2011 Geographies,5647,
May-24,Waltham Forest,Mean of Weekly Award Amount,111.88,
May-24,Bracknell Forest,Pension Credit Caseload - 2011 Geographies,1505,
May-24,Bracknell Forest,Mean of Weekly Award Amount,91.7,
May-24,Brighton and Hove,Pension Credit Caseload - 2011 Geographies,5759,
May-24,Brighton and Hove,Mean of Weekly Award Amount,87.34,
May-24,Buckinghamshire,Pension Credit Caseload - 2011 Geographies,6450,
May-24,Buckinghamshire,Mean of Weekly Award Amount,84.27,
May-24,Isle of Wight,Pension Credit Caseload - 2011 Geographies,3914,
May-24,Isle of Wight,Mean of Weekly Award Amount,69.84,
May-24,Medway,Pension Credit Caseload - 2011 Geographies,4802,
May-24,Medway,Mean of Weekly Award Amount,78.69,
May-24,Milton Keynes,Pension Credit Caseload - 2011 Geographies,4234,
May-24,Milton Keynes,Mean of Weekly Award Amount,90.17,
May-24,Portsmouth,Pension Credit Caseload - 2011 Geographies,4296,
May-24,Portsmouth,Mean of Weekly Award Amount,80.1,
May-24,Reading,Pension Credit Caseload - 2011 Geographies,2866,
May-24,Reading,Mean of Weekly Award Amount,117.91,
May-24,Slough,Pension Credit Caseload - 2011 Geographies,2730,
May-24,Slough,Mean of Weekly Award Amount,117.76,
May-24,Southampton,Pension Credit Caseload - 2011 Geographies,4719,
May-24,Southampton,Mean of Weekly Award Amount,85.67,
May-24,West Berkshire,Pension Credit Caseload - 2011 Geographies,1962,
May-24,West Berkshire,Mean of Weekly Award Amount,74.51,
May-24,Windsor and Maidenhead,Pension Credit Caseload - 2011 Geographies,1853,
May-24,Windsor and Maidenhead,Mean of Weekly Award Amount,89.19,
May-24,Wokingham,Pension Credit Caseload - 2011 Geographies,1416,
May-24,Wokingham,Mean of Weekly Award Amount,84.07,
May-24,Eastbourne,Pension Credit Caseload - 2011 Geographies,2746,
May-24,Eastbourne,Mean of Weekly Award Amount,80.56,
May-24,Hastings,Pension Credit Caseload - 2011 Geographies,2861,
May-24,Hastings,Mean of Weekly Award Amount,80.26,
May-24,Lewes,Pension Credit Caseload - 2011 Geographies,2104,
May-24,Lewes,Mean of Weekly Award Amount,75.51,
May-24,Rother,Pension Credit Caseload - 2011 Geographies,2468,
May-24,Rother,Mean of Weekly Award Amount,74.67,
May-24,Wealden,Pension Credit Caseload - 2011 Geographies,2723,
May-24,Wealden,Mean of Weekly Award Amount,72.72,
May-24,Basingstoke and Deane,Pension Credit Caseload - 2011 Geographies,2144,
May-24,Basingstoke and Deane,Mean of Weekly Award Amount,90.04,
May-24,East Hampshire,Pension Credit Caseload - 2011 Geographies,1557,
May-24,East Hampshire,Mean of Weekly Award Amount,77.06,
May-24,Eastleigh,Pension Credit Caseload - 2011 Geographies,1703,
May-24,Eastleigh,Mean of Weekly Award Amount,72.63,
May-24,Fareham,Pension Credit Caseload - 2011 Geographies,1507,
May-24,Fareham,Mean of Weekly Award Amount,67.32,
May-24,Gosport,Pension Credit Caseload - 2011 Geographies,1528,
May-24,Gosport,Mean of Weekly Award Amount,66.95,
May-24,Hart,Pension Credit Caseload - 2011 Geographies,889,
May-24,Hart,Mean of Weekly Award Amount,83.89,
May-24,Havant,Pension Credit Caseload - 2011 Geographies,2761,
May-24,Havant,Mean of Weekly Award Amount,70.45,
May-24,New Forest,Pension Credit Caseload - 2011 Geographies,3073,
May-24,New Forest,Mean of Weekly Award Amount,70.12,
May-24,Rushmoor,Pension Credit Caseload - 2011 Geographies,2317,
May-24,Rushmoor,Mean of Weekly Award Amount,147.98,
May-24,Test Valley,Pension Credit Caseload - 2011 Geographies,1601,
May-24,Test Valley,Mean of Weekly Award Amount,75.86,
May-24,Winchester,Pension Credit Caseload - 2011 Geographies,1602,
May-24,Winchester,Mean of Weekly Award Amount,76.25,
May-24,Ashford,Pension Credit Caseload - 2011 Geographies,2612,
May-24,Ashford,Mean of Weekly Award Amount,100.2,
May-24,Canterbury,Pension Credit Caseload - 2011 Geographies,3061,
May-24,Canterbury,Mean of Weekly Award Amount,78.48,
May-24,Dartford,Pension Credit Caseload - 2011 Geographies,1436,
May-24,Dartford,Mean of Weekly Award Amount,84.87,
May-24,Dover,Pension Credit Caseload - 2011 Geographies,2631,
May-24,Dover,Mean of Weekly Award Amount,73.14,
May-24,Folkestone and Hythe,Pension Credit Caseload - 2011 Geographies,2956,
May-24,Folkestone and Hythe,Mean of Weekly Award Amount,82.87,
May-24,Gravesham,Pension Credit Caseload - 2011 Geographies,1897,
May-24,Gravesham,Mean of Weekly Award Amount,83.6,
May-24,Maidstone,Pension Credit Caseload - 2011 Geographies,2743,
May-24,Maidstone,Mean of Weekly Award Amount,85.78,
May-24,Sevenoaks,Pension Credit Caseload - 2011 Geographies,1728,
May-24,Sevenoaks,Mean of Weekly Award Amount,79.95,
May-24,Swale,Pension Credit Caseload - 2011 Geographies,3071,
May-24,Swale,Mean of Weekly Award Amount,73.18,
May-24,Thanet,Pension Credit Caseload - 2011 Geographies,4405,
May-24,Thanet,Mean of Weekly Award Amount,76.75,
May-24,Tonbridge and Malling,Pension Credit Caseload - 2011 Geographies,1706,
May-24,Tonbridge and Malling,Mean of Weekly Award Amount,79.05,
May-24,Tunbridge Wells,Pension Credit Caseload - 2011 Geographies,1669,
May-24,Tunbridge Wells,Mean of Weekly Award Amount,81.47,
May-24,Cherwell,Pension Credit Caseload - 2011 Geographies,1884,
May-24,Cherwell,Mean of Weekly Award Amount,77.24,
May-24,Oxford,Pension Credit Caseload - 2011 Geographies,1925,
May-24,Oxford,Mean of Weekly Award Amount,99.09,
May-24,South Oxfordshire,Pension Credit Caseload - 2011 Geographies,1613,
May-24,South Oxfordshire,Mean of Weekly Award Amount,77.19,
May-24,Vale of White Horse,Pension Credit Caseload - 2011 Geographies,1412,
May-24,Vale of White Horse,Mean of Weekly Award Amount,78.5,
May-24,West Oxfordshire,Pension Credit Caseload - 2011 Geographies,1346,
May-24,West Oxfordshire,Mean of Weekly Award Amount,77.51,
May-24,Elmbridge,Pension Credit Caseload - 2011 Geographies,1707,
May-24,Elmbridge,Mean of Weekly Award Amount,96.92,
May-24,Epsom and Ewell,Pension Credit Caseload - 2011 Geographies,881,
May-24,Epsom and Ewell,Mean of Weekly Award Amount,104.23,
May-24,Guildford,Pension Credit Caseload - 2011 Geographies,1454,
May-24,Guildford,Mean of Weekly Award Amount,83.67,
May-24,Mole Valley,Pension Credit Caseload - 2011 Geographies,1076,
May-24,Mole Valley,Mean of Weekly Award Amount,84.72,
May-24,Reigate and Banstead,Pension Credit Caseload - 2011 Geographies,1644,
May-24,Reigate and Banstead,Mean of Weekly Award Amount,90.37,
May-24,Runnymede,Pension Credit Caseload - 2011 Geographies,1095,
May-24,Runnymede,Mean of Weekly Award Amount,83.1,
May-24,Spelthorne,Pension Credit Caseload - 2011 Geographies,1392,
May-24,Spelthorne,Mean of Weekly Award Amount,93.19,
May-24,Surrey Heath,Pension Credit Caseload - 2011 Geographies,983,
May-24,Surrey Heath,Mean of Weekly Award Amount,93.39,
May-24,Tandridge,Pension Credit Caseload - 2011 Geographies,1057,
May-24,Tandridge,Mean of Weekly Award Amount,83.45,
May-24,Waverley,Pension Credit Caseload - 2011 Geographies,1524,
May-24,Waverley,Mean of Weekly Award Amount,84.13,
May-24,Woking,Pension Credit Caseload - 2011 Geographies,1211,
May-24,Woking,Mean of Weekly Award Amount,96.12,
May-24,Adur,Pension Credit Caseload - 2011 Geographies,1371,
May-24,Adur,Mean of Weekly Award Amount,71.73,
May-24,Arun,Pension Credit Caseload - 2011 Geographies,3788,
May-24,Arun,Mean of Weekly Award Amount,72.47,
May-24,Chichester,Pension Credit Caseload - 2011 Geographies,2215,
May-24,Chichester,Mean of Weekly Award Amount,72.41,
May-24,Crawley,Pension Credit Caseload - 2011 Geographies,1728,
May-24,Crawley,Mean of Weekly Award Amount,102.73,
May-24,Horsham,Pension Credit Caseload - 2011 Geographies,1862,
May-24,Horsham,Mean of Weekly Award Amount,75.97,
May-24,Mid Sussex,Pension Credit Caseload - 2011 Geographies,1766,
May-24,Mid Sussex,Mean of Weekly Award Amount,78.92,
May-24,Worthing,Pension Credit Caseload - 2011 Geographies,2310,
May-24,Worthing,Mean of Weekly Award Amount,73.33,
May-24,Bath and North East Somerset,Pension Credit Caseload - 2011 Geographies,2793,
May-24,Bath and North East Somerset,Mean of Weekly Award Amount,72.06,
May-24,"Bournemouth, Christchurch and Poole",Pension Credit Caseload - 2011 Geographies,8907,
May-24,"Bournemouth, Christchurch and Poole",Mean of Weekly Award Amount,77.53,
May-24,"Bristol, City of",Pension Credit Caseload - 2011 Geographies,7766,
May-24,"Bristol, City of",Mean of Weekly Award Amount,87.47,
May-24,Cornwall,Pension Credit Caseload - 2011 Geographies,15003,
May-24,Cornwall,Mean of Weekly Award Amount,65.89,
May-24,Dorset,Pension Credit Caseload - 2011 Geographies,7716,
May-24,Dorset,Mean of Weekly Award Amount,70.23,
May-24,Isles of Scilly,Pension Credit Caseload - 2011 Geographies,24,
May-24,Isles of Scilly,Mean of Weekly Award Amount,100.92,
May-24,North Somerset,Pension Credit Caseload - 2011 Geographies,4105,
May-24,North Somerset,Mean of Weekly Award Amount,72.47,
May-24,Plymouth,Pension Credit Caseload - 2011 Geographies,5816,
May-24,Plymouth,Mean of Weekly Award Amount,72.58,
May-24,Somerset,Pension Credit Caseload - 2011 Geographies,11180,
May-24,Somerset,Mean of Weekly Award Amount,70.45,
May-24,South Gloucestershire,Pension Credit Caseload - 2011 Geographies,3715,
May-24,South Gloucestershire,Mean of Weekly Award Amount,73.41,
May-24,Swindon,Pension Credit Caseload - 2011 Geographies,3873,
May-24,Swindon,Mean of Weekly Award Amount,97.04,
May-24,Torbay,Pension Credit Caseload - 2011 Geographies,4715,
May-24,Torbay,Mean of Weekly Award Amount,73.2,
May-24,Wiltshire,Pension Credit Caseload - 2011 Geographies,7429,
May-24,Wiltshire,Mean of Weekly Award Amount,73.11,
May-24,East Devon,Pension Credit Caseload - 2011 Geographies,2996,
May-24,East Devon,Mean of Weekly Award Amount,66.31,
May-24,Exeter,Pension Credit Caseload - 2011 Geographies,2207,
May-24,Exeter,Mean of Weekly Award Amount,71.05,
May-24,Mid Devon,Pension Credit Caseload - 2011 Geographies,1579,
May-24,Mid Devon,Mean of Weekly Award Amount,69.91,
May-24,North Devon,Pension Credit Caseload - 2011 Geographies,2278,
May-24,North Devon,Mean of Weekly Award Amount,68.62,
May-24,South Hams,Pension Credit Caseload - 2011 Geographies,1876,
May-24,South Hams,Mean of Weekly Award Amount,72.1,
May-24,Teignbridge,Pension Credit Caseload - 2011 Geographies,3159,
May-24,Teignbridge,Mean of Weekly Award Amount,67.89,
May-24,Torridge,Pension Credit Caseload - 2011 Geographies,1794,
May-24,Torridge,Mean of Weekly Award Amount,68.41,
May-24,West Devon,Pension Credit Caseload - 2011 Geographies,1221,
May-24,West Devon,Mean of Weekly Award Amount,71.24,
May-24,Cheltenham,Pension Credit Caseload - 2011 Geographies,1772,
May-24,Cheltenham,Mean of Weekly Award Amount,76.21,
May-24,Cotswold,Pension Credit Caseload - 2011 Geographies,1419,
May-24,Cotswold,Mean of Weekly Award Amount,68.99,
May-24,Forest of Dean,Pension Credit Caseload - 2011 Geographies,1806,
May-24,Forest of Dean,Mean of Weekly Award Amount,75.02,
May-24,Gloucester,Pension Credit Caseload - 2011 Geographies,2228,
May-24,Gloucester,Mean of Weekly Award Amount,81.54,
May-24,Stroud,Pension Credit Caseload - 2011 Geographies,1796,
May-24,Stroud,Mean of Weekly Award Amount,69.73,
May-24,Tewkesbury,Pension Credit Caseload - 2011 Geographies,1384,
May-24,Tewkesbury,Mean of Weekly Award Amount,73.87,
May-24,Total,Pension Credit Caseload - 2011 Geographies,1149313,
May-24,Total,Mean of Weekly Award Amount,84.21,
Aug-24,England,Pension Credit Caseload - 2011 Geographies,1154388,
Aug-24,England,Mean of Weekly Award Amount,84.57,
Aug-24,County Durham,Pension Credit Caseload - 2011 Geographies,14843,
Aug-24,County Durham,Mean of Weekly Award Amount,69.08,
Aug-24,Darlington,Pension Credit Caseload - 2011 Geographies,2630,
Aug-24,Darlington,Mean of Weekly Award Amount,74.57,
Aug-24,Hartlepool,Pension Credit Caseload - 2011 Geographies,3295,
Aug-24,Hartlepool,Mean of Weekly Award Amount,73.77,
Aug-24,Middlesbrough,Pension Credit Caseload - 2011 Geographies,4092,
Aug-24,Middlesbrough,Mean of Weekly Award Amount,76.29,
Aug-24,Northumberland,Pension Credit Caseload - 2011 Geographies,7329,
Aug-24,Northumberland,Mean of Weekly Award Amount,65.45,
Aug-24,Redcar and Cleveland,Pension Credit Caseload - 2011 Geographies,4260,
Aug-24,Redcar and Cleveland,Mean of Weekly Award Amount,66.72,
Aug-24,Stockton-on-Tees,Pension Credit Caseload - 2011 Geographies,4591,
Aug-24,Stockton-on-Tees,Mean of Weekly Award Amount,71.81,
Aug-24,Gateshead,Pension Credit Caseload - 2011 Geographies,5805,
Aug-24,Gateshead,Mean of Weekly Award Amount,69.85,
Aug-24,Newcastle upon Tyne,Pension Credit Caseload - 2011 Geographies,7416,
Aug-24,Newcastle upon Tyne,Mean of Weekly Award Amount,79.52,
Aug-24,North Tyneside,Pension Credit Caseload - 2011 Geographies,5330,
Aug-24,North Tyneside,Mean of Weekly Award Amount,66.89,
Aug-24,South Tyneside,Pension Credit Caseload - 2011 Geographies,5110,
Aug-24,South Tyneside,Mean of Weekly Award Amount,68.26,
Aug-24,Sunderland,Pension Credit Caseload - 2011 Geographies,9329,
Aug-24,Sunderland,Mean of Weekly Award Amount,68.35,
Aug-24,Blackburn with Darwen,Pension Credit Caseload - 2011 Geographies,3738,
Aug-24,Blackburn with Darwen,Mean of Weekly Award Amount,87.23,
Aug-24,Blackpool,Pension Credit Caseload - 2011 Geographies,5141,
Aug-24,Blackpool,Mean of Weekly Award Amount,72.82,
Aug-24,Cheshire East,Pension Credit Caseload - 2011 Geographies,5791,
Aug-24,Cheshire East,Mean of Weekly Award Amount,71.66,
Aug-24,Cheshire West and Chester,Pension Credit Caseload - 2011 Geographies,6466,
Aug-24,Cheshire West and Chester,Mean of Weekly Award Amount,70.15,
Aug-24,Cumberland,Pension Credit Caseload - 2011 Geographies,5835,
Aug-24,Cumberland,Mean of Weekly Award Amount,67.84,
Aug-24,Halton,Pension Credit Caseload - 2011 Geographies,3391,
Aug-24,Halton,Mean of Weekly Award Amount,70.75,
Aug-24,Warrington,Pension Credit Caseload - 2011 Geographies,3685,
Aug-24,Warrington,Mean of Weekly Award Amount,71.4,
Aug-24,Westmorland and Furness,Pension Credit Caseload - 2011 Geographies,4094,
Aug-24,Westmorland and Furness,Mean of Weekly Award Amount,68.82,
Aug-24,Bolton,Pension Credit Caseload - 2011 Geographies,7362,
Aug-24,Bolton,Mean of Weekly Award Amount,85.82,
Aug-24,Bury,Pension Credit Caseload - 2011 Geographies,3971,
Aug-24,Bury,Mean of Weekly Award Amount,78.88,
Aug-24,Manchester,Pension Credit Caseload - 2011 Geographies,13746,
Aug-24,Manchester,Mean of Weekly Award Amount,100.4,
Aug-24,Oldham,Pension Credit Caseload - 2011 Geographies,5486,
Aug-24,Oldham,Mean of Weekly Award Amount,80.88,
Aug-24,Rochdale,Pension Credit Caseload - 2011 Geographies,5702,
Aug-24,Rochdale,Mean of Weekly Award Amount,77.84,
Aug-24,Salford,Pension Credit Caseload - 2011 Geographies,6278,
Aug-24,Salford,Mean of Weekly Award Amount,79.13,
Aug-24,Stockport,Pension Credit Caseload - 2011 Geographies,5584,
Aug-24,Stockport,Mean of Weekly Award Amount,76.3,
Aug-24,Tameside,Pension Credit Caseload - 2011 Geographies,5485,
Aug-24,Tameside,Mean of Weekly Award Amount,72.51,
Aug-24,Trafford,Pension Credit Caseload - 2011 Geographies,4139,
Aug-24,Trafford,Mean of Weekly Award Amount,82.21,
Aug-24,Wigan,Pension Credit Caseload - 2011 Geographies,7481,
Aug-24,Wigan,Mean of Weekly Award Amount,68.09,
Aug-24,Burnley,Pension Credit Caseload - 2011 Geographies,2416,
Aug-24,Burnley,Mean of Weekly Award Amount,77.16,
Aug-24,Chorley,Pension Credit Caseload - 2011 Geographies,1934,
Aug-24,Chorley,Mean of Weekly Award Amount,66.15,
Aug-24,Fylde,Pension Credit Caseload - 2011 Geographies,1958,
Aug-24,Fylde,Mean of Weekly Award Amount,70.62,
Aug-24,Hyndburn,Pension Credit Caseload - 2011 Geographies,2082,
Aug-24,Hyndburn,Mean of Weekly Award Amount,72.14,
Aug-24,Lancaster,Pension Credit Caseload - 2011 Geographies,3063,
Aug-24,Lancaster,Mean of Weekly Award Amount,71.66,
Aug-24,Pendle,Pension Credit Caseload - 2011 Geographies,2466,
Aug-24,Pendle,Mean of Weekly Award Amount,84.88,
Aug-24,Preston,Pension Credit Caseload - 2011 Geographies,3186,
Aug-24,Preston,Mean of Weekly Award Amount,81.24,
Aug-24,Ribble Valley,Pension Credit Caseload - 2011 Geographies,797,
Aug-24,Ribble Valley,Mean of Weekly Award Amount,66.97,
Aug-24,Rossendale,Pension Credit Caseload - 2011 Geographies,1608,
Aug-24,Rossendale,Mean of Weekly Award Amount,70.61,
Aug-24,South Ribble,Pension Credit Caseload - 2011 Geographies,1828,
Aug-24,South Ribble,Mean of Weekly Award Amount,66.31,
Aug-24,West Lancashire,Pension Credit Caseload - 2011 Geographies,2706,
Aug-24,West Lancashire,Mean of Weekly Award Amount,68.9,
Aug-24,Wyre,Pension Credit Caseload - 2011 Geographies,3014,
Aug-24,Wyre,Mean of Weekly Award Amount,72.01,
Aug-24,Knowsley,Pension Credit Caseload - 2011 Geographies,5572,
Aug-24,Knowsley,Mean of Weekly Award Amount,75.34,
Aug-24,Liverpool,Pension Credit Caseload - 2011 Geographies,16935,
Aug-24,Liverpool,Mean of Weekly Award Amount,81.69,
Aug-24,Sefton,Pension Credit Caseload - 2011 Geographies,8304,
Aug-24,Sefton,Mean of Weekly Award Amount,71.94,
Aug-24,St. Helens,Pension Credit Caseload - 2011 Geographies,4703,
Aug-24,St. Helens,Mean of Weekly Award Amount,70.47,
Aug-24,Wirral,Pension Credit Caseload - 2011 Geographies,8894,
Aug-24,Wirral,Mean of Weekly Award Amount,74.81,
Aug-24,East Riding of Yorkshire,Pension Credit Caseload - 2011 Geographies,7832,
Aug-24,East Riding of Yorkshire,Mean of Weekly Award Amount,65.89,
Aug-24,"Kingston upon Hull, City of",Pension Credit Caseload - 2011 Geographies,7584,
Aug-24,"Kingston upon Hull, City of",Mean of Weekly Award Amount,71.8,
Aug-24,North East Lincolnshire,Pension Credit Caseload - 2011 Geographies,4517,
Aug-24,North East Lincolnshire,Mean of Weekly Award Amount,70.36,
Aug-24,North Lincolnshire,Pension Credit Caseload - 2011 Geographies,3842,
Aug-24,North Lincolnshire,Mean of Weekly Award Amount,68.87,
Aug-24,North Yorkshire,Pension Credit Caseload - 2011 Geographies,11597,
Aug-24,North Yorkshire,Mean of Weekly Award Amount,69.8,
Aug-24,York,Pension Credit Caseload - 2011 Geographies,2772,
Aug-24,York,Mean of Weekly Award Amount,69.07,
Aug-24,Barnsley,Pension Credit Caseload - 2011 Geographies,5910,
Aug-24,Barnsley,Mean of Weekly Award Amount,71.47,
Aug-24,Doncaster,Pension Credit Caseload - 2011 Geographies,7372,
Aug-24,Doncaster,Mean of Weekly Award Amount,73.74,
Aug-24,Rotherham,Pension Credit Caseload - 2011 Geographies,6393,
Aug-24,Rotherham,Mean of Weekly Award Amount,69.08,
Aug-24,Sheffield,Pension Credit Caseload - 2011 Geographies,12635,
Aug-24,Sheffield,Mean of Weekly Award Amount,78.23,
Aug-24,Bradford,Pension Credit Caseload - 2011 Geographies,12270,
Aug-24,Bradford,Mean of Weekly Award Amount,83.94,
Aug-24,Calderdale,Pension Credit Caseload - 2011 Geographies,4356,
Aug-24,Calderdale,Mean of Weekly Award Amount,69.93,
Aug-24,Kirklees,Pension Credit Caseload - 2011 Geographies,8552,
Aug-24,Kirklees,Mean of Weekly Award Amount,74.61,
Aug-24,Leeds,Pension Credit Caseload - 2011 Geographies,14919,
Aug-24,Leeds,Mean of Weekly Award Amount,77.82,
Aug-24,Wakefield,Pension Credit Caseload - 2011 Geographies,7468,
Aug-24,Wakefield,Mean of Weekly Award Amount,68.61,
Aug-24,Derby,Pension Credit Caseload - 2011 Geographies,5469,
Aug-24,Derby,Mean of Weekly Award Amount,87.82,
Aug-24,Leicester,Pension Credit Caseload - 2011 Geographies,10068,
Aug-24,Leicester,Mean of Weekly Award Amount,123.52,
Aug-24,North Northamptonshire,Pension Credit Caseload - 2011 Geographies,6172,
Aug-24,North Northamptonshire,Mean of Weekly Award Amount,73.21,
Aug-24,Nottingham,Pension Credit Caseload - 2011 Geographies,7199,
Aug-24,Nottingham,Mean of Weekly Award Amount,83.59,
Aug-24,Rutland,Pension Credit Caseload - 2011 Geographies,539,
Aug-24,Rutland,Mean of Weekly Award Amount,69.51,
Aug-24,West Northamptonshire,Pension Credit Caseload - 2011 Geographies,6363,
Aug-24,West Northamptonshire,Mean of Weekly Award Amount,80.88,
Aug-24,Amber Valley,Pension Credit Caseload - 2011 Geographies,2506,
Aug-24,Amber Valley,Mean of Weekly Award Amount,68.5,
Aug-24,Bolsover,Pension Credit Caseload - 2011 Geographies,1943,
Aug-24,Bolsover,Mean of Weekly Award Amount,70.31,
Aug-24,Chesterfield,Pension Credit Caseload - 2011 Geographies,2722,
Aug-24,Chesterfield,Mean of Weekly Award Amount,68.3,
Aug-24,Derbyshire Dales,Pension Credit Caseload - 2011 Geographies,1155,
Aug-24,Derbyshire Dales,Mean of Weekly Award Amount,70.08,
Aug-24,Erewash,Pension Credit Caseload - 2011 Geographies,2289,
Aug-24,Erewash,Mean of Weekly Award Amount,63.2,
Aug-24,High Peak,Pension Credit Caseload - 2011 Geographies,1711,
Aug-24,High Peak,Mean of Weekly Award Amount,69.38,
Aug-24,North East Derbyshire,Pension Credit Caseload - 2011 Geographies,2335,
Aug-24,North East Derbyshire,Mean of Weekly Award Amount,68.08,
Aug-24,South Derbyshire,Pension Credit Caseload - 2011 Geographies,1610,
Aug-24,South Derbyshire,Mean of Weekly Award Amount,66.95,
Aug-24,Blaby,Pension Credit Caseload - 2011 Geographies,1618,
Aug-24,Blaby,Mean of Weekly Award Amount,74.86,
Aug-24,Charnwood,Pension Credit Caseload - 2011 Geographies,2799,
Aug-24,Charnwood,Mean of Weekly Award Amount,74.72,
Aug-24,Harborough,Pension Credit Caseload - 2011 Geographies,1228,
Aug-24,Harborough,Mean of Weekly Award Amount,70.32,
Aug-24,Hinckley and Bosworth,Pension Credit Caseload - 2011 Geographies,1784,
Aug-24,Hinckley and Bosworth,Mean of Weekly Award Amount,62.64,
Aug-24,Melton,Pension Credit Caseload - 2011 Geographies,759,
Aug-24,Melton,Mean of Weekly Award Amount,70.46,
Aug-24,North West Leicestershire,Pension Credit Caseload - 2011 Geographies,1561,
Aug-24,North West Leicestershire,Mean of Weekly Award Amount,66.03,
Aug-24,Oadby and Wigston,Pension Credit Caseload - 2011 Geographies,1058,
Aug-24,Oadby and Wigston,Mean of Weekly Award Amount,81.48,
Aug-24,Boston,Pension Credit Caseload - 2011 Geographies,1848,
Aug-24,Boston,Mean of Weekly Award Amount,83.45,
Aug-24,East Lindsey,Pension Credit Caseload - 2011 Geographies,4734,
Aug-24,East Lindsey,Mean of Weekly Award Amount,69.97,
Aug-24,Lincoln,Pension Credit Caseload - 2011 Geographies,2092,
Aug-24,Lincoln,Mean of Weekly Award Amount,74,
Aug-24,North Kesteven,Pension Credit Caseload - 2011 Geographies,2193,
Aug-24,North Kesteven,Mean of Weekly Award Amount,68.69,
Aug-24,South Holland,Pension Credit Caseload - 2011 Geographies,2116,
Aug-24,South Holland,Mean of Weekly Award Amount,69.8,
Aug-24,South Kesteven,Pension Credit Caseload - 2011 Geographies,2386,
Aug-24,South Kesteven,Mean of Weekly Award Amount,70.34,
Aug-24,West Lindsey,Pension Credit Caseload - 2011 Geographies,1993,
Aug-24,West Lindsey,Mean of Weekly Award Amount,67.94,
Aug-24,Ashfield,Pension Credit Caseload - 2011 Geographies,2699,
Aug-24,Ashfield,Mean of Weekly Award Amount,66.68,
Aug-24,Bassetlaw,Pension Credit Caseload - 2011 Geographies,2604,
Aug-24,Bassetlaw,Mean of Weekly Award Amount,71.26,
Aug-24,Broxtowe,Pension Credit Caseload - 2011 Geographies,1985,
Aug-24,Broxtowe,Mean of Weekly Award Amount,68.84,
Aug-24,Gedling,Pension Credit Caseload - 2011 Geographies,2037,
Aug-24,Gedling,Mean of Weekly Award Amount,68.97,
Aug-24,Mansfield,Pension Credit Caseload - 2011 Geographies,2289,
Aug-24,Mansfield,Mean of Weekly Award Amount,72.02,
Aug-24,Newark and Sherwood,Pension Credit Caseload - 2011 Geographies,2273,
Aug-24,Newark and Sherwood,Mean of Weekly Award Amount,70.23,
Aug-24,Rushcliffe,Pension Credit Caseload - 2011 Geographies,1580,
Aug-24,Rushcliffe,Mean of Weekly Award Amount,71.22,
Aug-24,"Herefordshire, County of",Pension Credit Caseload - 2011 Geographies,3871,
Aug-24,"Herefordshire, County of",Mean of Weekly Award Amount,71,
Aug-24,Shropshire,Pension Credit Caseload - 2011 Geographies,6792,
Aug-24,Shropshire,Mean of Weekly Award Amount,68.89,
Aug-24,Stoke-on-Trent,Pension Credit Caseload - 2011 Geographies,6166,
Aug-24,Stoke-on-Trent,Mean of Weekly Award Amount,69.64,
Aug-24,Telford and Wrekin,Pension Credit Caseload - 2011 Geographies,4062,
Aug-24,Telford and Wrekin,Mean of Weekly Award Amount,73.19,
Aug-24,Cannock Chase,Pension Credit Caseload - 2011 Geographies,2202,
Aug-24,Cannock Chase,Mean of Weekly Award Amount,64.88,
Aug-24,East Staffordshire,Pension Credit Caseload - 2011 Geographies,1969,
Aug-24,East Staffordshire,Mean of Weekly Award Amount,69.02,
Aug-24,Lichfield,Pension Credit Caseload - 2011 Geographies,1732,
Aug-24,Lichfield,Mean of Weekly Award Amount,62.62,
Aug-24,Newcastle-under-Lyme,Pension Credit Caseload - 2011 Geographies,2495,
Aug-24,Newcastle-under-Lyme,Mean of Weekly Award Amount,67.04,
Aug-24,South Staffordshire,Pension Credit Caseload - 2011 Geographies,2241,
Aug-24,South Staffordshire,Mean of Weekly Award Amount,66.73,
Aug-24,Stafford,Pension Credit Caseload - 2011 Geographies,2066,
Aug-24,Stafford,Mean of Weekly Award Amount,67.99,
Aug-24,Staffordshire Moorlands,Pension Credit Caseload - 2011 Geographies,1712,
Aug-24,Staffordshire Moorlands,Mean of Weekly Award Amount,64.65,
Aug-24,Tamworth,Pension Credit Caseload - 2011 Geographies,1659,
Aug-24,Tamworth,Mean of Weekly Award Amount,66.11,
Aug-24,North Warwickshire,Pension Credit Caseload - 2011 Geographies,1282,
Aug-24,North Warwickshire,Mean of Weekly Award Amount,64.88,
Aug-24,Nuneaton and Bedworth,Pension Credit Caseload - 2011 Geographies,2751,
Aug-24,Nuneaton and Bedworth,Mean of Weekly Award Amount,76.99,
Aug-24,Rugby,Pension Credit Caseload - 2011 Geographies,1608,
Aug-24,Rugby,Mean of Weekly Award Amount,77.7,
Aug-24,Stratford-on-Avon,Pension Credit Caseload - 2011 Geographies,2224,
Aug-24,Stratford-on-Avon,Mean of Weekly Award Amount,68.52,
Aug-24,Warwick,Pension Credit Caseload - 2011 Geographies,1979,
Aug-24,Warwick,Mean of Weekly Award Amount,73.52,
Aug-24,Birmingham,Pension Credit Caseload - 2011 Geographies,28594,
Aug-24,Birmingham,Mean of Weekly Award Amount,94.17,
Aug-24,Coventry,Pension Credit Caseload - 2011 Geographies,7018,
Aug-24,Coventry,Mean of Weekly Award Amount,86.7,
Aug-24,Dudley,Pension Credit Caseload - 2011 Geographies,7640,
Aug-24,Dudley,Mean of Weekly Award Amount,69.71,
Aug-24,Sandwell,Pension Credit Caseload - 2011 Geographies,9771,
Aug-24,Sandwell,Mean of Weekly Award Amount,90.6,
Aug-24,Solihull,Pension Credit Caseload - 2011 Geographies,3871,
Aug-24,Solihull,Mean of Weekly Award Amount,74.02,
Aug-24,Walsall,Pension Credit Caseload - 2011 Geographies,7466,
Aug-24,Walsall,Mean of Weekly Award Amount,77.6,
Aug-24,Wolverhampton,Pension Credit Caseload - 2011 Geographies,7364,
Aug-24,Wolverhampton,Mean of Weekly Award Amount,90.27,
Aug-24,Bromsgrove,Pension Credit Caseload - 2011 Geographies,1453,
Aug-24,Bromsgrove,Mean of Weekly Award Amount,66.66,
Aug-24,Malvern Hills,Pension Credit Caseload - 2011 Geographies,1583,
Aug-24,Malvern Hills,Mean of Weekly Award Amount,69.85,
Aug-24,Redditch,Pension Credit Caseload - 2011 Geographies,1705,
Aug-24,Redditch,Mean of Weekly Award Amount,69.19,
Aug-24,Worcester,Pension Credit Caseload - 2011 Geographies,1832,
Aug-24,Worcester,Mean of Weekly Award Amount,72.52,
Aug-24,Wychavon,Pension Credit Caseload - 2011 Geographies,2303,
Aug-24,Wychavon,Mean of Weekly Award Amount,70.41,
Aug-24,Wyre Forest,Pension Credit Caseload - 2011 Geographies,2410,
Aug-24,Wyre Forest,Mean of Weekly Award Amount,65.97,
Aug-24,Bedford,Pension Credit Caseload - 2011 Geographies,2864,
Aug-24,Bedford,Mean of Weekly Award Amount,87.79,
Aug-24,Central Bedfordshire,Pension Credit Caseload - 2011 Geographies,3737,
Aug-24,Central Bedfordshire,Mean of Weekly Award Amount,72.2,
Aug-24,Luton,Pension Credit Caseload - 2011 Geographies,4450,
Aug-24,Luton,Mean of Weekly Award Amount,102.29,
Aug-24,Peterborough,Pension Credit Caseload - 2011 Geographies,4269,
Aug-24,Peterborough,Mean of Weekly Award Amount,93.56,
Aug-24,Southend-on-Sea,Pension Credit Caseload - 2011 Geographies,4198,
Aug-24,Southend-on-Sea,Mean of Weekly Award Amount,78.97,
Aug-24,Thurrock,Pension Credit Caseload - 2011 Geographies,2889,
Aug-24,Thurrock,Mean of Weekly Award Amount,87.18,
Aug-24,Cambridge,Pension Credit Caseload - 2011 Geographies,1527,
Aug-24,Cambridge,Mean of Weekly Award Amount,93.38,
Aug-24,East Cambridgeshire,Pension Credit Caseload - 2011 Geographies,1305,
Aug-24,East Cambridgeshire,Mean of Weekly Award Amount,75.28,
Aug-24,Fenland,Pension Credit Caseload - 2011 Geographies,2539,
Aug-24,Fenland,Mean of Weekly Award Amount,73.39,
Aug-24,Huntingdonshire,Pension Credit Caseload - 2011 Geographies,2326,
Aug-24,Huntingdonshire,Mean of Weekly Award Amount,74.44,
Aug-24,South Cambridgeshire,Pension Credit Caseload - 2011 Geographies,1789,
Aug-24,South Cambridgeshire,Mean of Weekly Award Amount,82.42,
Aug-24,Basildon,Pension Credit Caseload - 2011 Geographies,3700,
Aug-24,Basildon,Mean of Weekly Award Amount,77.71,
Aug-24,Braintree,Pension Credit Caseload - 2011 Geographies,2576,
Aug-24,Braintree,Mean of Weekly Award Amount,67.32,
Aug-24,Brentwood,Pension Credit Caseload - 2011 Geographies,1100,
Aug-24,Brentwood,Mean of Weekly Award Amount,81.47,
Aug-24,Castle Point,Pension Credit Caseload - 2011 Geographies,2013,
Aug-24,Castle Point,Mean of Weekly Award Amount,73.58,
Aug-24,Chelmsford,Pension Credit Caseload - 2011 Geographies,2343,
Aug-24,Chelmsford,Mean of Weekly Award Amount,77.98,
Aug-24,Colchester,Pension Credit Caseload - 2011 Geographies,2888,
Aug-24,Colchester,Mean of Weekly Award Amount,81.84,
Aug-24,Epping Forest,Pension Credit Caseload - 2011 Geographies,2536,
Aug-24,Epping Forest,Mean of Weekly Award Amount,84.66,
Aug-24,Harlow,Pension Credit Caseload - 2011 Geographies,1689,
Aug-24,Harlow,Mean of Weekly Award Amount,79.04,
Aug-24,Maldon,Pension Credit Caseload - 2011 Geographies,1271,
Aug-24,Maldon,Mean of Weekly Award Amount,69.06,
Aug-24,Rochford,Pension Credit Caseload - 2011 Geographies,1432,
Aug-24,Rochford,Mean of Weekly Award Amount,68.61,
Aug-24,Tendring,Pension Credit Caseload - 2011 Geographies,4805,
Aug-24,Tendring,Mean of Weekly Award Amount,73.14,
Aug-24,Uttlesford,Pension Credit Caseload - 2011 Geographies,1134,
Aug-24,Uttlesford,Mean of Weekly Award Amount,71.32,
Aug-24,Broxbourne,Pension Credit Caseload - 2011 Geographies,1748,
Aug-24,Broxbourne,Mean of Weekly Award Amount,88.19,
Aug-24,Dacorum,Pension Credit Caseload - 2011 Geographies,2072,
Aug-24,Dacorum,Mean of Weekly Award Amount,81.29,
Aug-24,East Hertfordshire,Pension Credit Caseload - 2011 Geographies,1743,
Aug-24,East Hertfordshire,Mean of Weekly Award Amount,78.06,
Aug-24,Hertsmere,Pension Credit Caseload - 2011 Geographies,1802,
Aug-24,Hertsmere,Mean of Weekly Award Amount,93.23,
Aug-24,North Hertfordshire,Pension Credit Caseload - 2011 Geographies,1886,
Aug-24,North Hertfordshire,Mean of Weekly Award Amount,73.83,
Aug-24,St Albans,Pension Credit Caseload - 2011 Geographies,1465,
Aug-24,St Albans,Mean of Weekly Award Amount,85.83,
Aug-24,Stevenage,Pension Credit Caseload - 2011 Geographies,1444,
Aug-24,Stevenage,Mean of Weekly Award Amount,79.81,
Aug-24,Three Rivers,Pension Credit Caseload - 2011 Geographies,1273,
Aug-24,Three Rivers,Mean of Weekly Award Amount,91.27,
Aug-24,Watford,Pension Credit Caseload - 2011 Geographies,1408,
Aug-24,Watford,Mean of Weekly Award Amount,97,
Aug-24,Welwyn Hatfield,Pension Credit Caseload - 2011 Geographies,1609,
Aug-24,Welwyn Hatfield,Mean of Weekly Award Amount,86.25,
Aug-24,Breckland,Pension Credit Caseload - 2011 Geographies,3008,
Aug-24,Breckland,Mean of Weekly Award Amount,69.52,
Aug-24,Broadland,Pension Credit Caseload - 2011 Geographies,2180,
Aug-24,Broadland,Mean of Weekly Award Amount,65.37,
Aug-24,Great Yarmouth,Pension Credit Caseload - 2011 Geographies,3161,
Aug-24,Great Yarmouth,Mean of Weekly Award Amount,68.69,
Aug-24,King's Lynn and West Norfolk,Pension Credit Caseload - 2011 Geographies,3669,
Aug-24,King's Lynn and West Norfolk,Mean of Weekly Award Amount,70.79,
Aug-24,North Norfolk,Pension Credit Caseload - 2011 Geographies,2636,
Aug-24,North Norfolk,Mean of Weekly Award Amount,64.77,
Aug-24,Norwich,Pension Credit Caseload - 2011 Geographies,3210,
Aug-24,Norwich,Mean of Weekly Award Amount,75.52,
Aug-24,South Norfolk,Pension Credit Caseload - 2011 Geographies,2423,
Aug-24,South Norfolk,Mean of Weekly Award Amount,69.61,
Aug-24,Babergh,Pension Credit Caseload - 2011 Geographies,1610,
Aug-24,Babergh,Mean of Weekly Award Amount,67.61,
Aug-24,East Suffolk,Pension Credit Caseload - 2011 Geographies,5268,
Aug-24,East Suffolk,Mean of Weekly Award Amount,66.47,
Aug-24,Ipswich,Pension Credit Caseload - 2011 Geographies,2628,
Aug-24,Ipswich,Mean of Weekly Award Amount,83.45,
Aug-24,Mid Suffolk,Pension Credit Caseload - 2011 Geographies,1561,
Aug-24,Mid Suffolk,Mean of Weekly Award Amount,69.54,
Aug-24,West Suffolk,Pension Credit Caseload - 2011 Geographies,2852,
Aug-24,West Suffolk,Mean of Weekly Award Amount,69.45,
Aug-24,Camden,Pension Credit Caseload - 2011 Geographies,6292,
Aug-24,Camden,Mean of Weekly Award Amount,117.28,
Aug-24,City of London,Pension Credit Caseload - 2011 Geographies,97,
Aug-24,City of London,Mean of Weekly Award Amount,107.49,
Aug-24,Hackney,Pension Credit Caseload - 2011 Geographies,7667,
Aug-24,Hackney,Mean of Weekly Award Amount,120.74,
Aug-24,Hammersmith and Fulham,Pension Credit Caseload - 2011 Geographies,4608,
Aug-24,Hammersmith and Fulham,Mean of Weekly Award Amount,120.59,
Aug-24,Haringey,Pension Credit Caseload - 2011 Geographies,7154,
Aug-24,Haringey,Mean of Weekly Award Amount,125.2,
Aug-24,Islington,Pension Credit Caseload - 2011 Geographies,6186,
Aug-24,Islington,Mean of Weekly Award Amount,110.47,
Aug-24,Kensington and Chelsea,Pension Credit Caseload - 2011 Geographies,4369,
Aug-24,Kensington and Chelsea,Mean of Weekly Award Amount,121.12,
Aug-24,Lambeth,Pension Credit Caseload - 2011 Geographies,7617,
Aug-24,Lambeth,Mean of Weekly Award Amount,111.41,
Aug-24,Lewisham,Pension Credit Caseload - 2011 Geographies,6343,
Aug-24,Lewisham,Mean of Weekly Award Amount,106.76,
Aug-24,Newham,Pension Credit Caseload - 2011 Geographies,8472,
Aug-24,Newham,Mean of Weekly Award Amount,130.58,
Aug-24,Southwark,Pension Credit Caseload - 2011 Geographies,7615,
Aug-24,Southwark,Mean of Weekly Award Amount,111.01,
Aug-24,Tower Hamlets,Pension Credit Caseload - 2011 Geographies,7335,
Aug-24,Tower Hamlets,Mean of Weekly Award Amount,119.88,
Aug-24,Wandsworth,Pension Credit Caseload - 2011 Geographies,5797,
Aug-24,Wandsworth,Mean of Weekly Award Amount,114.58,
Aug-24,Westminster,Pension Credit Caseload - 2011 Geographies,6103,
Aug-24,Westminster,Mean of Weekly Award Amount,132.63,
Aug-24,Barking and Dagenham,Pension Credit Caseload - 2011 Geographies,4664,
Aug-24,Barking and Dagenham,Mean of Weekly Award Amount,115.9,
Aug-24,Barnet,Pension Credit Caseload - 2011 Geographies,8247,
Aug-24,Barnet,Mean of Weekly Award Amount,128.18,
Aug-24,Bexley,Pension Credit Caseload - 2011 Geographies,3996,
Aug-24,Bexley,Mean of Weekly Award Amount,94.33,
Aug-24,Brent,Pension Credit Caseload - 2011 Geographies,9252,
Aug-24,Brent,Mean of Weekly Award Amount,135.38,
Aug-24,Bromley,Pension Credit Caseload - 2011 Geographies,4952,
Aug-24,Bromley,Mean of Weekly Award Amount,94.49,
Aug-24,Croydon,Pension Credit Caseload - 2011 Geographies,7199,
Aug-24,Croydon,Mean of Weekly Award Amount,111.42,
Aug-24,Ealing,Pension Credit Caseload - 2011 Geographies,9072,
Aug-24,Ealing,Mean of Weekly Award Amount,141.89,
Aug-24,Enfield,Pension Credit Caseload - 2011 Geographies,8183,
Aug-24,Enfield,Mean of Weekly Award Amount,121.43,
Aug-24,Greenwich,Pension Credit Caseload - 2011 Geographies,6345,
Aug-24,Greenwich,Mean of Weekly Award Amount,115.71,
Aug-24,Harrow,Pension Credit Caseload - 2011 Geographies,5660,
Aug-24,Harrow,Mean of Weekly Award Amount,145.5,
Aug-24,Havering,Pension Credit Caseload - 2011 Geographies,4492,
Aug-24,Havering,Mean of Weekly Award Amount,92.87,
Aug-24,Hillingdon,Pension Credit Caseload - 2011 Geographies,5424,
Aug-24,Hillingdon,Mean of Weekly Award Amount,131.31,
Aug-24,Hounslow,Pension Credit Caseload - 2011 Geographies,6148,
Aug-24,Hounslow,Mean of Weekly Award Amount,138.65,
Aug-24,Kingston upon Thames,Pension Credit Caseload - 2011 Geographies,2494,
Aug-24,Kingston upon Thames,Mean of Weekly Award Amount,125.64,
Aug-24,Merton,Pension Credit Caseload - 2011 Geographies,3523,
Aug-24,Merton,Mean of Weekly Award Amount,120.93,
Aug-24,Redbridge,Pension Credit Caseload - 2011 Geographies,6349,
Aug-24,Redbridge,Mean of Weekly Award Amount,126.39,
Aug-24,Richmond upon Thames,Pension Credit Caseload - 2011 Geographies,2672,
Aug-24,Richmond upon Thames,Mean of Weekly Award Amount,107.68,
Aug-24,Sutton,Pension Credit Caseload - 2011 Geographies,3239,
Aug-24,Sutton,Mean of Weekly Award Amount,107.87,
Aug-24,Waltham Forest,Pension Credit Caseload - 2011 Geographies,5666,
Aug-24,Waltham Forest,Mean of Weekly Award Amount,112.69,
Aug-24,Bracknell Forest,Pension Credit Caseload - 2011 Geographies,1513,
Aug-24,Bracknell Forest,Mean of Weekly Award Amount,91.88,
Aug-24,Brighton and Hove,Pension Credit Caseload - 2011 Geographies,5753,
Aug-24,Brighton and Hove,Mean of Weekly Award Amount,88,
Aug-24,Buckinghamshire,Pension Credit Caseload - 2011 Geographies,6472,
Aug-24,Buckinghamshire,Mean of Weekly Award Amount,84.79,
Aug-24,Isle of Wight,Pension Credit Caseload - 2011 Geographies,3909,
Aug-24,Isle of Wight,Mean of Weekly Award Amount,69.86,
Aug-24,Medway,Pension Credit Caseload - 2011 Geographies,4818,
Aug-24,Medway,Mean of Weekly Award Amount,78.39,
Aug-24,Milton Keynes,Pension Credit Caseload - 2011 Geographies,4271,
Aug-24,Milton Keynes,Mean of Weekly Award Amount,90.15,
Aug-24,Portsmouth,Pension Credit Caseload - 2011 Geographies,4271,
Aug-24,Portsmouth,Mean of Weekly Award Amount,80.12,
Aug-24,Reading,Pension Credit Caseload - 2011 Geographies,2922,
Aug-24,Reading,Mean of Weekly Award Amount,117.43,
Aug-24,Slough,Pension Credit Caseload - 2011 Geographies,2752,
Aug-24,Slough,Mean of Weekly Award Amount,119.12,
Aug-24,Southampton,Pension Credit Caseload - 2011 Geographies,4761,
Aug-24,Southampton,Mean of Weekly Award Amount,86.61,
Aug-24,West Berkshire,Pension Credit Caseload - 2011 Geographies,1983,
Aug-24,West Berkshire,Mean of Weekly Award Amount,75,
Aug-24,Windsor and Maidenhead,Pension Credit Caseload - 2011 Geographies,1860,
Aug-24,Windsor and Maidenhead,Mean of Weekly Award Amount,90,
Aug-24,Wokingham,Pension Credit Caseload - 2011 Geographies,1440,
Aug-24,Wokingham,Mean of Weekly Award Amount,84.17,
Aug-24,Eastbourne,Pension Credit Caseload - 2011 Geographies,2744,
Aug-24,Eastbourne,Mean of Weekly Award Amount,80.74,
Aug-24,Hastings,Pension Credit Caseload - 2011 Geographies,2873,
Aug-24,Hastings,Mean of Weekly Award Amount,80.11,
Aug-24,Lewes,Pension Credit Caseload - 2011 Geographies,2115,
Aug-24,Lewes,Mean of Weekly Award Amount,75.91,
Aug-24,Rother,Pension Credit Caseload - 2011 Geographies,2478,
Aug-24,Rother,Mean of Weekly Award Amount,74.31,
Aug-24,Wealden,Pension Credit Caseload - 2011 Geographies,2736,
Aug-24,Wealden,Mean of Weekly Award Amount,72.65,
Aug-24,Basingstoke and Deane,Pension Credit Caseload - 2011 Geographies,2168,
Aug-24,Basingstoke and Deane,Mean of Weekly Award Amount,89.85,
Aug-24,East Hampshire,Pension Credit Caseload - 2011 Geographies,1559,
Aug-24,East Hampshire,Mean of Weekly Award Amount,77.43,
Aug-24,Eastleigh,Pension Credit Caseload - 2011 Geographies,1701,
Aug-24,Eastleigh,Mean of Weekly Award Amount,72.85,
Aug-24,Fareham,Pension Credit Caseload - 2011 Geographies,1517,
Aug-24,Fareham,Mean of Weekly Award Amount,67,
Aug-24,Gosport,Pension Credit Caseload - 2011 Geographies,1536,
Aug-24,Gosport,Mean of Weekly Award Amount,67.26,
Aug-24,Hart,Pension Credit Caseload - 2011 Geographies,904,
Aug-24,Hart,Mean of Weekly Award Amount,84.65,
Aug-24,Havant,Pension Credit Caseload - 2011 Geographies,2771,
Aug-24,Havant,Mean of Weekly Award Amount,70.7,
Aug-24,New Forest,Pension Credit Caseload - 2011 Geographies,3114,
Aug-24,New Forest,Mean of Weekly Award Amount,70.34,
Aug-24,Rushmoor,Pension Credit Caseload - 2011 Geographies,2339,
Aug-24,Rushmoor,Mean of Weekly Award Amount,148.73,
Aug-24,Test Valley,Pension Credit Caseload - 2011 Geographies,1618,
Aug-24,Test Valley,Mean of Weekly Award Amount,76.03,
Aug-24,Winchester,Pension Credit Caseload - 2011 Geographies,1597,
Aug-24,Winchester,Mean of Weekly Award Amount,76.03,
Aug-24,Ashford,Pension Credit Caseload - 2011 Geographies,2624,
Aug-24,Ashford,Mean of Weekly Award Amount,100.72,
Aug-24,Canterbury,Pension Credit Caseload - 2011 Geographies,3092,
Aug-24,Canterbury,Mean of Weekly Award Amount,78.11,
Aug-24,Dartford,Pension Credit Caseload - 2011 Geographies,1448,
Aug-24,Dartford,Mean of Weekly Award Amount,86.33,
Aug-24,Dover,Pension Credit Caseload - 2011 Geographies,2635,
Aug-24,Dover,Mean of Weekly Award Amount,73.26,
Aug-24,Folkestone and Hythe,Pension Credit Caseload - 2011 Geographies,2965,
Aug-24,Folkestone and Hythe,Mean of Weekly Award Amount,83.2,
Aug-24,Gravesham,Pension Credit Caseload - 2011 Geographies,1911,
Aug-24,Gravesham,Mean of Weekly Award Amount,84.05,
Aug-24,Maidstone,Pension Credit Caseload - 2011 Geographies,2764,
Aug-24,Maidstone,Mean of Weekly Award Amount,85.72,
Aug-24,Sevenoaks,Pension Credit Caseload - 2011 Geographies,1740,
Aug-24,Sevenoaks,Mean of Weekly Award Amount,79.89,
Aug-24,Swale,Pension Credit Caseload - 2011 Geographies,3107,
Aug-24,Swale,Mean of Weekly Award Amount,73.16,
Aug-24,Thanet,Pension Credit Caseload - 2011 Geographies,4400,
Aug-24,Thanet,Mean of Weekly Award Amount,76.97,
Aug-24,Tonbridge and Malling,Pension Credit Caseload - 2011 Geographies,1739,
Aug-24,Tonbridge and Malling,Mean of Weekly Award Amount,79.2,
Aug-24,Tunbridge Wells,Pension Credit Caseload - 2011 Geographies,1645,
Aug-24,Tunbridge Wells,Mean of Weekly Award Amount,81.58,
Aug-24,Cherwell,Pension Credit Caseload - 2011 Geographies,1886,
Aug-24,Cherwell,Mean of Weekly Award Amount,78.62,
Aug-24,Oxford,Pension Credit Caseload - 2011 Geographies,1936,
Aug-24,Oxford,Mean of Weekly Award Amount,100.31,
Aug-24,South Oxfordshire,Pension Credit Caseload - 2011 Geographies,1604,
Aug-24,South Oxfordshire,Mean of Weekly Award Amount,77.26,
Aug-24,Vale of White Horse,Pension Credit Caseload - 2011 Geographies,1428,
Aug-24,Vale of White Horse,Mean of Weekly Award Amount,78.13,
Aug-24,West Oxfordshire,Pension Credit Caseload - 2011 Geographies,1358,
Aug-24,West Oxfordshire,Mean of Weekly Award Amount,76.84,
Aug-24,Elmbridge,Pension Credit Caseload - 2011 Geographies,1726,
Aug-24,Elmbridge,Mean of Weekly Award Amount,97.79,
Aug-24,Epsom and Ewell,Pension Credit Caseload - 2011 Geographies,883,
Aug-24,Epsom and Ewell,Mean of Weekly Award Amount,105.5,
Aug-24,Guildford,Pension Credit Caseload - 2011 Geographies,1462,
Aug-24,Guildford,Mean of Weekly Award Amount,84.74,
Aug-24,Mole Valley,Pension Credit Caseload - 2011 Geographies,1070,
Aug-24,Mole Valley,Mean of Weekly Award Amount,84.49,
Aug-24,Reigate and Banstead,Pension Credit Caseload - 2011 Geographies,1657,
Aug-24,Reigate and Banstead,Mean of Weekly Award Amount,90.36,
Aug-24,Runnymede,Pension Credit Caseload - 2011 Geographies,1094,
Aug-24,Runnymede,Mean of Weekly Award Amount,84.36,
Aug-24,Spelthorne,Pension Credit Caseload - 2011 Geographies,1412,
Aug-24,Spelthorne,Mean of Weekly Award Amount,92.95,
Aug-24,Surrey Heath,Pension Credit Caseload - 2011 Geographies,1000,
Aug-24,Surrey Heath,Mean of Weekly Award Amount,93.83,
Aug-24,Tandridge,Pension Credit Caseload - 2011 Geographies,1067,
Aug-24,Tandridge,Mean of Weekly Award Amount,82.63,
Aug-24,Waverley,Pension Credit Caseload - 2011 Geographies,1529,
Aug-24,Waverley,Mean of Weekly Award Amount,83.84,
Aug-24,Woking,Pension Credit Caseload - 2011 Geographies,1209,
Aug-24,Woking,Mean of Weekly Award Amount,97.04,
Aug-24,Adur,Pension Credit Caseload - 2011 Geographies,1383,
Aug-24,Adur,Mean of Weekly Award Amount,72.73,
Aug-24,Arun,Pension Credit Caseload - 2011 Geographies,3785,
Aug-24,Arun,Mean of Weekly Award Amount,72.81,
Aug-24,Chichester,Pension Credit Caseload - 2011 Geographies,2214,
Aug-24,Chichester,Mean of Weekly Award Amount,72.31,
Aug-24,Crawley,Pension Credit Caseload - 2011 Geographies,1747,
Aug-24,Crawley,Mean of Weekly Award Amount,102.61,
Aug-24,Horsham,Pension Credit Caseload - 2011 Geographies,1899,
Aug-24,Horsham,Mean of Weekly Award Amount,76.31,
Aug-24,Mid Sussex,Pension Credit Caseload - 2011 Geographies,1762,
Aug-24,Mid Sussex,Mean of Weekly Award Amount,78.48,
Aug-24,Worthing,Pension Credit Caseload - 2011 Geographies,2326,
Aug-24,Worthing,Mean of Weekly Award Amount,73.84,
Aug-24,Bath and North East Somerset,Pension Credit Caseload - 2011 Geographies,2797,
Aug-24,Bath and North East Somerset,Mean of Weekly Award Amount,71.98,
Aug-24,"Bournemouth, Christchurch and Poole",Pension Credit Caseload - 2011 Geographies,8888,
Aug-24,"Bournemouth, Christchurch and Poole",Mean of Weekly Award Amount,77.57,
Aug-24,"Bristol, City of",Pension Credit Caseload - 2011 Geographies,7810,
Aug-24,"Bristol, City of",Mean of Weekly Award Amount,87.35,
Aug-24,Cornwall,Pension Credit Caseload - 2011 Geographies,14995,
Aug-24,Cornwall,Mean of Weekly Award Amount,66,
Aug-24,Dorset,Pension Credit Caseload - 2011 Geographies,7748,
Aug-24,Dorset,Mean of Weekly Award Amount,70.4,
Aug-24,Isles of Scilly,Pension Credit Caseload - 2011 Geographies,20,
Aug-24,Isles of Scilly,Mean of Weekly Award Amount,95.52,
Aug-24,North Somerset,Pension Credit Caseload - 2011 Geographies,4126,
Aug-24,North Somerset,Mean of Weekly Award Amount,72.67,
Aug-24,Plymouth,Pension Credit Caseload - 2011 Geographies,5815,
Aug-24,Plymouth,Mean of Weekly Award Amount,72.43,
Aug-24,Somerset,Pension Credit Caseload - 2011 Geographies,11246,
Aug-24,Somerset,Mean of Weekly Award Amount,70.52,
Aug-24,South Gloucestershire,Pension Credit Caseload - 2011 Geographies,3726,
Aug-24,South Gloucestershire,Mean of Weekly Award Amount,74.12,
Aug-24,Swindon,Pension Credit Caseload - 2011 Geographies,3875,
Aug-24,Swindon,Mean of Weekly Award Amount,97.57,
Aug-24,Torbay,Pension Credit Caseload - 2011 Geographies,4697,
Aug-24,Torbay,Mean of Weekly Award Amount,73.2,
Aug-24,Wiltshire,Pension Credit Caseload - 2011 Geographies,7444,
Aug-24,Wiltshire,Mean of Weekly Award Amount,73.45,
Aug-24,East Devon,Pension Credit Caseload - 2011 Geographies,3009,
Aug-24,East Devon,Mean of Weekly Award Amount,66.69,
Aug-24,Exeter,Pension Credit Caseload - 2011 Geographies,2198,
Aug-24,Exeter,Mean of Weekly Award Amount,70.89,
Aug-24,Mid Devon,Pension Credit Caseload - 2011 Geographies,1595,
Aug-24,Mid Devon,Mean of Weekly Award Amount,69.6,
Aug-24,North Devon,Pension Credit Caseload - 2011 Geographies,2263,
Aug-24,North Devon,Mean of Weekly Award Amount,68.73,
Aug-24,South Hams,Pension Credit Caseload - 2011 Geographies,1874,
Aug-24,South Hams,Mean of Weekly Award Amount,72.31,
Aug-24,Teignbridge,Pension Credit Caseload - 2011 Geographies,3147,
Aug-24,Teignbridge,Mean of Weekly Award Amount,68.24,
Aug-24,Torridge,Pension Credit Caseload - 2011 Geographies,1792,
Aug-24,Torridge,Mean of Weekly Award Amount,68.7,
Aug-24,West Devon,Pension Credit Caseload - 2011 Geographies,1226,
Aug-24,West Devon,Mean of Weekly Award Amount,71.01,
Aug-24,Cheltenham,Pension Credit Caseload - 2011 Geographies,1796,
Aug-24,Cheltenham,Mean of Weekly Award Amount,76.77,
Aug-24,Cotswold,Pension Credit Caseload - 2011 Geographies,1417,
Aug-24,Cotswold,Mean of Weekly Award Amount,69.55,
Aug-24,Forest of Dean,Pension Credit Caseload - 2011 Geographies,1800,
Aug-24,Forest of Dean,Mean of Weekly Award Amount,74.85,
Aug-24,Gloucester,Pension Credit Caseload - 2011 Geographies,2221,
Aug-24,Gloucester,Mean of Weekly Award Amount,82.19,
Aug-24,Stroud,Pension Credit Caseload - 2011 Geographies,1814,
Aug-24,Stroud,Mean of Weekly Award Amount,70,
Aug-24,Tewkesbury,Pension Credit Caseload - 2011 Geographies,1390,
Aug-24,Tewkesbury,Mean of Weekly Award Amount,73.88,
Aug-24,Total,Pension Credit Caseload - 2011 Geographies,1154388,
Aug-24,Total,Mean of Weekly Award Amount,84.57,
Nov-24,England,Pension Credit Caseload - 2011 Geographies,1181055,
Nov-24,England,Mean of Weekly Award Amount,84.19,
Nov-24,County Durham,Pension Credit Caseload - 2011 Geographies,15422,
Nov-24,County Durham,Mean of Weekly Award Amount,68.52,
Nov-24,Darlington,Pension Credit Caseload - 2011 Geographies,2671,
Nov-24,Darlington,Mean of Weekly Award Amount,74.45,
Nov-24,Hartlepool,Pension Credit Caseload - 2011 Geographies,3411,
Nov-24,Hartlepool,Mean of Weekly Award Amount,73.42,
Nov-24,Middlesbrough,Pension Credit Caseload - 2011 Geographies,4243,
Nov-24,Middlesbrough,Mean of Weekly Award Amount,76.99,
Nov-24,Northumberland,Pension Credit Caseload - 2011 Geographies,7522,
Nov-24,Northumberland,Mean of Weekly Award Amount,65.58,
Nov-24,Redcar and Cleveland,Pension Credit Caseload - 2011 Geographies,4360,
Nov-24,Redcar and Cleveland,Mean of Weekly Award Amount,66.84,
Nov-24,Stockton-on-Tees,Pension Credit Caseload - 2011 Geographies,4731,
Nov-24,Stockton-on-Tees,Mean of Weekly Award Amount,72.05,
Nov-24,Gateshead,Pension Credit Caseload - 2011 Geographies,5950,
Nov-24,Gateshead,Mean of Weekly Award Amount,69.9,
Nov-24,Newcastle upon Tyne,Pension Credit Caseload - 2011 Geographies,7506,
Nov-24,Newcastle upon Tyne,Mean of Weekly Award Amount,79.24,
Nov-24,North Tyneside,Pension Credit Caseload - 2011 Geographies,5465,
Nov-24,North Tyneside,Mean of Weekly Award Amount,67,
Nov-24,South Tyneside,Pension Credit Caseload - 2011 Geographies,5238,
Nov-24,South Tyneside,Mean of Weekly Award Amount,68.06,
Nov-24,Sunderland,Pension Credit Caseload - 2011 Geographies,9514,
Nov-24,Sunderland,Mean of Weekly Award Amount,68.12,
Nov-24,Blackburn with Darwen,Pension Credit Caseload - 2011 Geographies,3807,
Nov-24,Blackburn with Darwen,Mean of Weekly Award Amount,87.26,
Nov-24,Blackpool,Pension Credit Caseload - 2011 Geographies,5241,
Nov-24,Blackpool,Mean of Weekly Award Amount,72.67,
Nov-24,Cheshire East,Pension Credit Caseload - 2011 Geographies,5946,
Nov-24,Cheshire East,Mean of Weekly Award Amount,71.71,
Nov-24,Cheshire West and Chester,Pension Credit Caseload - 2011 Geographies,6589,
Nov-24,Cheshire West and Chester,Mean of Weekly Award Amount,69.72,
Nov-24,Cumberland,Pension Credit Caseload - 2011 Geographies,5961,
Nov-24,Cumberland,Mean of Weekly Award Amount,67.69,
Nov-24,Halton,Pension Credit Caseload - 2011 Geographies,3414,
Nov-24,Halton,Mean of Weekly Award Amount,70.76,
Nov-24,Warrington,Pension Credit Caseload - 2011 Geographies,3775,
Nov-24,Warrington,Mean of Weekly Award Amount,71.43,
Nov-24,Westmorland and Furness,Pension Credit Caseload - 2011 Geographies,4210,
Nov-24,Westmorland and Furness,Mean of Weekly Award Amount,68.03,
Nov-24,Bolton,Pension Credit Caseload - 2011 Geographies,7484,
Nov-24,Bolton,Mean of Weekly Award Amount,85.7,
Nov-24,Bury,Pension Credit Caseload - 2011 Geographies,4095,
Nov-24,Bury,Mean of Weekly Award Amount,78.58,
Nov-24,Manchester,Pension Credit Caseload - 2011 Geographies,14039,
Nov-24,Manchester,Mean of Weekly Award Amount,100.03,
Nov-24,Oldham,Pension Credit Caseload - 2011 Geographies,5574,
Nov-24,Oldham,Mean of Weekly Award Amount,81.02,
Nov-24,Rochdale,Pension Credit Caseload - 2011 Geographies,5802,
Nov-24,Rochdale,Mean of Weekly Award Amount,77.55,
Nov-24,Salford,Pension Credit Caseload - 2011 Geographies,6399,
Nov-24,Salford,Mean of Weekly Award Amount,79.38,
Nov-24,Stockport,Pension Credit Caseload - 2011 Geographies,5678,
Nov-24,Stockport,Mean of Weekly Award Amount,76.05,
Nov-24,Tameside,Pension Credit Caseload - 2011 Geographies,5606,
Nov-24,Tameside,Mean of Weekly Award Amount,72,
Nov-24,Trafford,Pension Credit Caseload - 2011 Geographies,4246,
Nov-24,Trafford,Mean of Weekly Award Amount,81.03,
Nov-24,Wigan,Pension Credit Caseload - 2011 Geographies,7751,
Nov-24,Wigan,Mean of Weekly Award Amount,67.82,
Nov-24,Burnley,Pension Credit Caseload - 2011 Geographies,2457,
Nov-24,Burnley,Mean of Weekly Award Amount,77.27,
Nov-24,Chorley,Pension Credit Caseload - 2011 Geographies,1994,
Nov-24,Chorley,Mean of Weekly Award Amount,66.27,
Nov-24,Fylde,Pension Credit Caseload - 2011 Geographies,1998,
Nov-24,Fylde,Mean of Weekly Award Amount,70.12,
Nov-24,Hyndburn,Pension Credit Caseload - 2011 Geographies,2149,
Nov-24,Hyndburn,Mean of Weekly Award Amount,72.08,
Nov-24,Lancaster,Pension Credit Caseload - 2011 Geographies,3121,
Nov-24,Lancaster,Mean of Weekly Award Amount,71.31,
Nov-24,Pendle,Pension Credit Caseload - 2011 Geographies,2499,
Nov-24,Pendle,Mean of Weekly Award Amount,85.68,
Nov-24,Preston,Pension Credit Caseload - 2011 Geographies,3266,
Nov-24,Preston,Mean of Weekly Award Amount,80.43,
Nov-24,Ribble Valley,Pension Credit Caseload - 2011 Geographies,827,
Nov-24,Ribble Valley,Mean of Weekly Award Amount,66.23,
Nov-24,Rossendale,Pension Credit Caseload - 2011 Geographies,1642,
Nov-24,Rossendale,Mean of Weekly Award Amount,70.64,
Nov-24,South Ribble,Pension Credit Caseload - 2011 Geographies,1871,
Nov-24,South Ribble,Mean of Weekly Award Amount,65.89,
Nov-24,West Lancashire,Pension Credit Caseload - 2011 Geographies,2745,
Nov-24,West Lancashire,Mean of Weekly Award Amount,68.62,
Nov-24,Wyre,Pension Credit Caseload - 2011 Geographies,3099,
Nov-24,Wyre,Mean of Weekly Award Amount,72.01,
Nov-24,Knowsley,Pension Credit Caseload - 2011 Geographies,5742,
Nov-24,Knowsley,Mean of Weekly Award Amount,75.36,
Nov-24,Liverpool,Pension Credit Caseload - 2011 Geographies,17135,
Nov-24,Liverpool,Mean of Weekly Award Amount,81.8,
Nov-24,Sefton,Pension Credit Caseload - 2011 Geographies,8568,
Nov-24,Sefton,Mean of Weekly Award Amount,71.57,
Nov-24,St. Helens,Pension Credit Caseload - 2011 Geographies,4772,
Nov-24,St. Helens,Mean of Weekly Award Amount,70.28,
Nov-24,Wirral,Pension Credit Caseload - 2011 Geographies,9041,
Nov-24,Wirral,Mean of Weekly Award Amount,74.64,
Nov-24,East Riding of Yorkshire,Pension Credit Caseload - 2011 Geographies,7964,
Nov-24,East Riding of Yorkshire,Mean of Weekly Award Amount,65.7,
Nov-24,"Kingston upon Hull, City of",Pension Credit Caseload - 2011 Geographies,7738,
Nov-24,"Kingston upon Hull, City of",Mean of Weekly Award Amount,71.85,
Nov-24,North East Lincolnshire,Pension Credit Caseload - 2011 Geographies,4658,
Nov-24,North East Lincolnshire,Mean of Weekly Award Amount,69.72,
Nov-24,North Lincolnshire,Pension Credit Caseload - 2011 Geographies,3930,
Nov-24,North Lincolnshire,Mean of Weekly Award Amount,68.96,
Nov-24,North Yorkshire,Pension Credit Caseload - 2011 Geographies,11896,
Nov-24,North Yorkshire,Mean of Weekly Award Amount,69.38,
Nov-24,York,Pension Credit Caseload - 2011 Geographies,2835,
Nov-24,York,Mean of Weekly Award Amount,69.07,
Nov-24,Barnsley,Pension Credit Caseload - 2011 Geographies,6207,
Nov-24,Barnsley,Mean of Weekly Award Amount,70.36,
Nov-24,Doncaster,Pension Credit Caseload - 2011 Geographies,7622,
Nov-24,Doncaster,Mean of Weekly Award Amount,73.58,
Nov-24,Rotherham,Pension Credit Caseload - 2011 Geographies,6553,
Nov-24,Rotherham,Mean of Weekly Award Amount,68.85,
Nov-24,Sheffield,Pension Credit Caseload - 2011 Geographies,12862,
Nov-24,Sheffield,Mean of Weekly Award Amount,78.23,
Nov-24,Bradford,Pension Credit Caseload - 2011 Geographies,12664,
Nov-24,Bradford,Mean of Weekly Award Amount,83.54,
Nov-24,Calderdale,Pension Credit Caseload - 2011 Geographies,4423,
Nov-24,Calderdale,Mean of Weekly Award Amount,70.23,
Nov-24,Kirklees,Pension Credit Caseload - 2011 Geographies,8705,
Nov-24,Kirklees,Mean of Weekly Award Amount,74.25,
Nov-24,Leeds,Pension Credit Caseload - 2011 Geographies,15227,
Nov-24,Leeds,Mean of Weekly Award Amount,77.38,
Nov-24,Wakefield,Pension Credit Caseload - 2011 Geographies,7664,
Nov-24,Wakefield,Mean of Weekly Award Amount,68.33,
Nov-24,Derby,Pension Credit Caseload - 2011 Geographies,5571,
Nov-24,Derby,Mean of Weekly Award Amount,87.88,
Nov-24,Leicester,Pension Credit Caseload - 2011 Geographies,10170,
Nov-24,Leicester,Mean of Weekly Award Amount,123.02,
Nov-24,North Northamptonshire,Pension Credit Caseload - 2011 Geographies,6372,
Nov-24,North Northamptonshire,Mean of Weekly Award Amount,73.14,
Nov-24,Nottingham,Pension Credit Caseload - 2011 Geographies,7336,
Nov-24,Nottingham,Mean of Weekly Award Amount,83.87,
Nov-24,Rutland,Pension Credit Caseload - 2011 Geographies,545,
Nov-24,Rutland,Mean of Weekly Award Amount,70.58,
Nov-24,West Northamptonshire,Pension Credit Caseload - 2011 Geographies,6555,
Nov-24,West Northamptonshire,Mean of Weekly Award Amount,80.45,
Nov-24,Amber Valley,Pension Credit Caseload - 2011 Geographies,2570,
Nov-24,Amber Valley,Mean of Weekly Award Amount,67.92,
Nov-24,Bolsover,Pension Credit Caseload - 2011 Geographies,1967,
Nov-24,Bolsover,Mean of Weekly Award Amount,69.59,
Nov-24,Chesterfield,Pension Credit Caseload - 2011 Geographies,2749,
Nov-24,Chesterfield,Mean of Weekly Award Amount,67.6,
Nov-24,Derbyshire Dales,Pension Credit Caseload - 2011 Geographies,1178,
Nov-24,Derbyshire Dales,Mean of Weekly Award Amount,70.96,
Nov-24,Erewash,Pension Credit Caseload - 2011 Geographies,2359,
Nov-24,Erewash,Mean of Weekly Award Amount,62.98,
Nov-24,High Peak,Pension Credit Caseload - 2011 Geographies,1755,
Nov-24,High Peak,Mean of Weekly Award Amount,69.1,
Nov-24,North East Derbyshire,Pension Credit Caseload - 2011 Geographies,2370,
Nov-24,North East Derbyshire,Mean of Weekly Award Amount,68.5,
Nov-24,South Derbyshire,Pension Credit Caseload - 2011 Geographies,1623,
Nov-24,South Derbyshire,Mean of Weekly Award Amount,67.56,
Nov-24,Blaby,Pension Credit Caseload - 2011 Geographies,1650,
Nov-24,Blaby,Mean of Weekly Award Amount,73.69,
Nov-24,Charnwood,Pension Credit Caseload - 2011 Geographies,2883,
Nov-24,Charnwood,Mean of Weekly Award Amount,74.56,
Nov-24,Harborough,Pension Credit Caseload - 2011 Geographies,1276,
Nov-24,Harborough,Mean of Weekly Award Amount,69.11,
Nov-24,Hinckley and Bosworth,Pension Credit Caseload - 2011 Geographies,1817,
Nov-24,Hinckley and Bosworth,Mean of Weekly Award Amount,62.51,
Nov-24,Melton,Pension Credit Caseload - 2011 Geographies,787,
Nov-24,Melton,Mean of Weekly Award Amount,70.56,
Nov-24,North West Leicestershire,Pension Credit Caseload - 2011 Geographies,1610,
Nov-24,North West Leicestershire,Mean of Weekly Award Amount,66.47,
Nov-24,Oadby and Wigston,Pension Credit Caseload - 2011 Geographies,1078,
Nov-24,Oadby and Wigston,Mean of Weekly Award Amount,81.5,
Nov-24,Boston,Pension Credit Caseload - 2011 Geographies,1881,
Nov-24,Boston,Mean of Weekly Award Amount,83.81,
Nov-24,East Lindsey,Pension Credit Caseload - 2011 Geographies,4848,
Nov-24,East Lindsey,Mean of Weekly Award Amount,70.05,
Nov-24,Lincoln,Pension Credit Caseload - 2011 Geographies,2144,
Nov-24,Lincoln,Mean of Weekly Award Amount,74.74,
Nov-24,North Kesteven,Pension Credit Caseload - 2011 Geographies,2226,
Nov-24,North Kesteven,Mean of Weekly Award Amount,67.58,
Nov-24,South Holland,Pension Credit Caseload - 2011 Geographies,2168,
Nov-24,South Holland,Mean of Weekly Award Amount,69,
Nov-24,South Kesteven,Pension Credit Caseload - 2011 Geographies,2479,
Nov-24,South Kesteven,Mean of Weekly Award Amount,69.18,
Nov-24,West Lindsey,Pension Credit Caseload - 2011 Geographies,2049,
Nov-24,West Lindsey,Mean of Weekly Award Amount,67.15,
Nov-24,Ashfield,Pension Credit Caseload - 2011 Geographies,2751,
Nov-24,Ashfield,Mean of Weekly Award Amount,66.86,
Nov-24,Bassetlaw,Pension Credit Caseload - 2011 Geographies,2676,
Nov-24,Bassetlaw,Mean of Weekly Award Amount,71.1,
Nov-24,Broxtowe,Pension Credit Caseload - 2011 Geographies,2053,
Nov-24,Broxtowe,Mean of Weekly Award Amount,69.09,
Nov-24,Gedling,Pension Credit Caseload - 2011 Geographies,2110,
Nov-24,Gedling,Mean of Weekly Award Amount,68.35,
Nov-24,Mansfield,Pension Credit Caseload - 2011 Geographies,2356,
Nov-24,Mansfield,Mean of Weekly Award Amount,71.53,
Nov-24,Newark and Sherwood,Pension Credit Caseload - 2011 Geographies,2305,
Nov-24,Newark and Sherwood,Mean of Weekly Award Amount,70.31,
Nov-24,Rushcliffe,Pension Credit Caseload - 2011 Geographies,1607,
Nov-24,Rushcliffe,Mean of Weekly Award Amount,71.37,
Nov-24,"Herefordshire, County of",Pension Credit Caseload - 2011 Geographies,3933,
Nov-24,"Herefordshire, County of",Mean of Weekly Award Amount,70.84,
Nov-24,Shropshire,Pension Credit Caseload - 2011 Geographies,6936,
Nov-24,Shropshire,Mean of Weekly Award Amount,68.22,
Nov-24,Stoke-on-Trent,Pension Credit Caseload - 2011 Geographies,6360,
Nov-24,Stoke-on-Trent,Mean of Weekly Award Amount,69.15,
Nov-24,Telford and Wrekin,Pension Credit Caseload - 2011 Geographies,4222,
Nov-24,Telford and Wrekin,Mean of Weekly Award Amount,72.95,
Nov-24,Cannock Chase,Pension Credit Caseload - 2011 Geographies,2251,
Nov-24,Cannock Chase,Mean of Weekly Award Amount,64.95,
Nov-24,East Staffordshire,Pension Credit Caseload - 2011 Geographies,1998,
Nov-24,East Staffordshire,Mean of Weekly Award Amount,69.46,
Nov-24,Lichfield,Pension Credit Caseload - 2011 Geographies,1763,
Nov-24,Lichfield,Mean of Weekly Award Amount,61.75,
Nov-24,Newcastle-under-Lyme,Pension Credit Caseload - 2011 Geographies,2549,
Nov-24,Newcastle-under-Lyme,Mean of Weekly Award Amount,66.75,
Nov-24,South Staffordshire,Pension Credit Caseload - 2011 Geographies,2291,
Nov-24,South Staffordshire,Mean of Weekly Award Amount,66.15,
Nov-24,Stafford,Pension Credit Caseload - 2011 Geographies,2104,
Nov-24,Stafford,Mean of Weekly Award Amount,67.8,
Nov-24,Staffordshire Moorlands,Pension Credit Caseload - 2011 Geographies,1776,
Nov-24,Staffordshire Moorlands,Mean of Weekly Award Amount,64.24,
Nov-24,Tamworth,Pension Credit Caseload - 2011 Geographies,1699,
Nov-24,Tamworth,Mean of Weekly Award Amount,66,
Nov-24,North Warwickshire,Pension Credit Caseload - 2011 Geographies,1322,
Nov-24,North Warwickshire,Mean of Weekly Award Amount,64.53,
Nov-24,Nuneaton and Bedworth,Pension Credit Caseload - 2011 Geographies,2807,
Nov-24,Nuneaton and Bedworth,Mean of Weekly Award Amount,77.25,
Nov-24,Rugby,Pension Credit Caseload - 2011 Geographies,1642,
Nov-24,Rugby,Mean of Weekly Award Amount,76.89,
Nov-24,Stratford-on-Avon,Pension Credit Caseload - 2011 Geographies,2271,
Nov-24,Stratford-on-Avon,Mean of Weekly Award Amount,68.43,
Nov-24,Warwick,Pension Credit Caseload - 2011 Geographies,2014,
Nov-24,Warwick,Mean of Weekly Award Amount,73.79,
Nov-24,Birmingham,Pension Credit Caseload - 2011 Geographies,28964,
Nov-24,Birmingham,Mean of Weekly Award Amount,94.23,
Nov-24,Coventry,Pension Credit Caseload - 2011 Geographies,7106,
Nov-24,Coventry,Mean of Weekly Award Amount,86.13,
Nov-24,Dudley,Pension Credit Caseload - 2011 Geographies,7756,
Nov-24,Dudley,Mean of Weekly Award Amount,69.43,
Nov-24,Sandwell,Pension Credit Caseload - 2011 Geographies,9963,
Nov-24,Sandwell,Mean of Weekly Award Amount,90.6,
Nov-24,Solihull,Pension Credit Caseload - 2011 Geographies,3947,
Nov-24,Solihull,Mean of Weekly Award Amount,73.57,
Nov-24,Walsall,Pension Credit Caseload - 2011 Geographies,7591,
Nov-24,Walsall,Mean of Weekly Award Amount,77.87,
Nov-24,Wolverhampton,Pension Credit Caseload - 2011 Geographies,7478,
Nov-24,Wolverhampton,Mean of Weekly Award Amount,90.44,
Nov-24,Bromsgrove,Pension Credit Caseload - 2011 Geographies,1510,
Nov-24,Bromsgrove,Mean of Weekly Award Amount,66.74,
Nov-24,Malvern Hills,Pension Credit Caseload - 2011 Geographies,1643,
Nov-24,Malvern Hills,Mean of Weekly Award Amount,70.11,
Nov-24,Redditch,Pension Credit Caseload - 2011 Geographies,1741,
Nov-24,Redditch,Mean of Weekly Award Amount,69.24,
Nov-24,Worcester,Pension Credit Caseload - 2011 Geographies,1870,
Nov-24,Worcester,Mean of Weekly Award Amount,71.96,
Nov-24,Wychavon,Pension Credit Caseload - 2011 Geographies,2345,
Nov-24,Wychavon,Mean of Weekly Award Amount,70.5,
Nov-24,Wyre Forest,Pension Credit Caseload - 2011 Geographies,2453,
Nov-24,Wyre Forest,Mean of Weekly Award Amount,66.35,
Nov-24,Bedford,Pension Credit Caseload - 2011 Geographies,2930,
Nov-24,Bedford,Mean of Weekly Award Amount,87.71,
Nov-24,Central Bedfordshire,Pension Credit Caseload - 2011 Geographies,3802,
Nov-24,Central Bedfordshire,Mean of Weekly Award Amount,71.94,
Nov-24,Luton,Pension Credit Caseload - 2011 Geographies,4496,
Nov-24,Luton,Mean of Weekly Award Amount,102.23,
Nov-24,Peterborough,Pension Credit Caseload - 2011 Geographies,4400,
Nov-24,Peterborough,Mean of Weekly Award Amount,93.16,
Nov-24,Southend-on-Sea,Pension Credit Caseload - 2011 Geographies,4279,
Nov-24,Southend-on-Sea,Mean of Weekly Award Amount,78.34,
Nov-24,Thurrock,Pension Credit Caseload - 2011 Geographies,2975,
Nov-24,Thurrock,Mean of Weekly Award Amount,87.07,
Nov-24,Cambridge,Pension Credit Caseload - 2011 Geographies,1582,
Nov-24,Cambridge,Mean of Weekly Award Amount,92.5,
Nov-24,East Cambridgeshire,Pension Credit Caseload - 2011 Geographies,1357,
Nov-24,East Cambridgeshire,Mean of Weekly Award Amount,74.15,
Nov-24,Fenland,Pension Credit Caseload - 2011 Geographies,2600,
Nov-24,Fenland,Mean of Weekly Award Amount,73.08,
Nov-24,Huntingdonshire,Pension Credit Caseload - 2011 Geographies,2401,
Nov-24,Huntingdonshire,Mean of Weekly Award Amount,73.61,
Nov-24,South Cambridgeshire,Pension Credit Caseload - 2011 Geographies,1883,
Nov-24,South Cambridgeshire,Mean of Weekly Award Amount,80.92,
Nov-24,Basildon,Pension Credit Caseload - 2011 Geographies,3795,
Nov-24,Basildon,Mean of Weekly Award Amount,77.2,
Nov-24,Braintree,Pension Credit Caseload - 2011 Geographies,2631,
Nov-24,Braintree,Mean of Weekly Award Amount,67.1,
Nov-24,Brentwood,Pension Credit Caseload - 2011 Geographies,1147,
Nov-24,Brentwood,Mean of Weekly Award Amount,81.7,
Nov-24,Castle Point,Pension Credit Caseload - 2011 Geographies,2050,
Nov-24,Castle Point,Mean of Weekly Award Amount,72.86,
Nov-24,Chelmsford,Pension Credit Caseload - 2011 Geographies,2397,
Nov-24,Chelmsford,Mean of Weekly Award Amount,77.61,
Nov-24,Colchester,Pension Credit Caseload - 2011 Geographies,2984,
Nov-24,Colchester,Mean of Weekly Award Amount,81.54,
Nov-24,Epping Forest,Pension Credit Caseload - 2011 Geographies,2587,
Nov-24,Epping Forest,Mean of Weekly Award Amount,84.44,
Nov-24,Harlow,Pension Credit Caseload - 2011 Geographies,1760,
Nov-24,Harlow,Mean of Weekly Award Amount,78.18,
Nov-24,Maldon,Pension Credit Caseload - 2011 Geographies,1304,
Nov-24,Maldon,Mean of Weekly Award Amount,69.07,
Nov-24,Rochford,Pension Credit Caseload - 2011 Geographies,1457,
Nov-24,Rochford,Mean of Weekly Award Amount,69.28,
Nov-24,Tendring,Pension Credit Caseload - 2011 Geographies,4914,
Nov-24,Tendring,Mean of Weekly Award Amount,72.59,
Nov-24,Uttlesford,Pension Credit Caseload - 2011 Geographies,1181,
Nov-24,Uttlesford,Mean of Weekly Award Amount,72.39,
Nov-24,Broxbourne,Pension Credit Caseload - 2011 Geographies,1799,
Nov-24,Broxbourne,Mean of Weekly Award Amount,87.67,
Nov-24,Dacorum,Pension Credit Caseload - 2011 Geographies,2178,
Nov-24,Dacorum,Mean of Weekly Award Amount,80.64,
Nov-24,East Hertfordshire,Pension Credit Caseload - 2011 Geographies,1799,
Nov-24,East Hertfordshire,Mean of Weekly Award Amount,77.8,
Nov-24,Hertsmere,Pension Credit Caseload - 2011 Geographies,1820,
Nov-24,Hertsmere,Mean of Weekly Award Amount,92.37,
Nov-24,North Hertfordshire,Pension Credit Caseload - 2011 Geographies,1928,
Nov-24,North Hertfordshire,Mean of Weekly Award Amount,72.65,
Nov-24,St Albans,Pension Credit Caseload - 2011 Geographies,1524,
Nov-24,St Albans,Mean of Weekly Award Amount,85.38,
Nov-24,Stevenage,Pension Credit Caseload - 2011 Geographies,1479,
Nov-24,Stevenage,Mean of Weekly Award Amount,79.22,
Nov-24,Three Rivers,Pension Credit Caseload - 2011 Geographies,1310,
Nov-24,Three Rivers,Mean of Weekly Award Amount,91.34,
Nov-24,Watford,Pension Credit Caseload - 2011 Geographies,1433,
Nov-24,Watford,Mean of Weekly Award Amount,98.08,
Nov-24,Welwyn Hatfield,Pension Credit Caseload - 2011 Geographies,1626,
Nov-24,Welwyn Hatfield,Mean of Weekly Award Amount,84.73,
Nov-24,Breckland,Pension Credit Caseload - 2011 Geographies,3061,
Nov-24,Breckland,Mean of Weekly Award Amount,69.8,
Nov-24,Broadland,Pension Credit Caseload - 2011 Geographies,2221,
Nov-24,Broadland,Mean of Weekly Award Amount,64.2,
Nov-24,Great Yarmouth,Pension Credit Caseload - 2011 Geographies,3227,
Nov-24,Great Yarmouth,Mean of Weekly Award Amount,68.63,
Nov-24,King's Lynn and West Norfolk,Pension Credit Caseload - 2011 Geographies,3824,
Nov-24,King's Lynn and West Norfolk,Mean of Weekly Award Amount,70.29,
Nov-24,North Norfolk,Pension Credit Caseload - 2011 Geographies,2709,
Nov-24,North Norfolk,Mean of Weekly Award Amount,64.31,
Nov-24,Norwich,Pension Credit Caseload - 2011 Geographies,3290,
Nov-24,Norwich,Mean of Weekly Award Amount,75.18,
Nov-24,South Norfolk,Pension Credit Caseload - 2011 Geographies,2476,
Nov-24,South Norfolk,Mean of Weekly Award Amount,69.68,
Nov-24,Babergh,Pension Credit Caseload - 2011 Geographies,1653,
Nov-24,Babergh,Mean of Weekly Award Amount,66.99,
Nov-24,East Suffolk,Pension Credit Caseload - 2011 Geographies,5422,
Nov-24,East Suffolk,Mean of Weekly Award Amount,65.77,
Nov-24,Ipswich,Pension Credit Caseload - 2011 Geographies,2677,
Nov-24,Ipswich,Mean of Weekly Award Amount,83.41,
Nov-24,Mid Suffolk,Pension Credit Caseload - 2011 Geographies,1600,
Nov-24,Mid Suffolk,Mean of Weekly Award Amount,68.97,
Nov-24,West Suffolk,Pension Credit Caseload - 2011 Geographies,2940,
Nov-24,West Suffolk,Mean of Weekly Award Amount,69.65,
Nov-24,Camden,Pension Credit Caseload - 2011 Geographies,6422,
Nov-24,Camden,Mean of Weekly Award Amount,116.38,
Nov-24,City of London,Pension Credit Caseload - 2011 Geographies,101,
Nov-24,City of London,Mean of Weekly Award Amount,108.75,
Nov-24,Hackney,Pension Credit Caseload - 2011 Geographies,7865,
Nov-24,Hackney,Mean of Weekly Award Amount,119.83,
Nov-24,Hammersmith and Fulham,Pension Credit Caseload - 2011 Geographies,4719,
Nov-24,Hammersmith and Fulham,Mean of Weekly Award Amount,119.79,
Nov-24,Haringey,Pension Credit Caseload - 2011 Geographies,7289,
Nov-24,Haringey,Mean of Weekly Award Amount,124.48,
Nov-24,Islington,Pension Credit Caseload - 2011 Geographies,6282,
Nov-24,Islington,Mean of Weekly Award Amount,110.26,
Nov-24,Kensington and Chelsea,Pension Credit Caseload - 2011 Geographies,4471,
Nov-24,Kensington and Chelsea,Mean of Weekly Award Amount,119.75,
Nov-24,Lambeth,Pension Credit Caseload - 2011 Geographies,7786,
Nov-24,Lambeth,Mean of Weekly Award Amount,111,
Nov-24,Lewisham,Pension Credit Caseload - 2011 Geographies,6504,
Nov-24,Lewisham,Mean of Weekly Award Amount,106.27,
Nov-24,Newham,Pension Credit Caseload - 2011 Geographies,8616,
Nov-24,Newham,Mean of Weekly Award Amount,130.49,
Nov-24,Southwark,Pension Credit Caseload - 2011 Geographies,7733,
Nov-24,Southwark,Mean of Weekly Award Amount,110.15,
Nov-24,Tower Hamlets,Pension Credit Caseload - 2011 Geographies,7465,
Nov-24,Tower Hamlets,Mean of Weekly Award Amount,120.06,
Nov-24,Wandsworth,Pension Credit Caseload - 2011 Geographies,5906,
Nov-24,Wandsworth,Mean of Weekly Award Amount,113.78,
Nov-24,Westminster,Pension Credit Caseload - 2011 Geographies,6233,
Nov-24,Westminster,Mean of Weekly Award Amount,131.88,
Nov-24,Barking and Dagenham,Pension Credit Caseload - 2011 Geographies,4774,
Nov-24,Barking and Dagenham,Mean of Weekly Award Amount,115.56,
Nov-24,Barnet,Pension Credit Caseload - 2011 Geographies,8419,
Nov-24,Barnet,Mean of Weekly Award Amount,128.06,
Nov-24,Bexley,Pension Credit Caseload - 2011 Geographies,4075,
Nov-24,Bexley,Mean of Weekly Award Amount,94.16,
Nov-24,Brent,Pension Credit Caseload - 2011 Geographies,9438,
Nov-24,Brent,Mean of Weekly Award Amount,135.36,
Nov-24,Bromley,Pension Credit Caseload - 2011 Geographies,5098,
Nov-24,Bromley,Mean of Weekly Award Amount,93.59,
Nov-24,Croydon,Pension Credit Caseload - 2011 Geographies,7417,
Nov-24,Croydon,Mean of Weekly Award Amount,110.43,
Nov-24,Ealing,Pension Credit Caseload - 2011 Geographies,9227,
Nov-24,Ealing,Mean of Weekly Award Amount,140.74,
Nov-24,Enfield,Pension Credit Caseload - 2011 Geographies,8304,
Nov-24,Enfield,Mean of Weekly Award Amount,121.65,
Nov-24,Greenwich,Pension Credit Caseload - 2011 Geographies,6464,
Nov-24,Greenwich,Mean of Weekly Award Amount,115.1,
Nov-24,Harrow,Pension Credit Caseload - 2011 Geographies,5729,
Nov-24,Harrow,Mean of Weekly Award Amount,144.41,
Nov-24,Havering,Pension Credit Caseload - 2011 Geographies,4590,
Nov-24,Havering,Mean of Weekly Award Amount,92.71,
Nov-24,Hillingdon,Pension Credit Caseload - 2011 Geographies,5546,
Nov-24,Hillingdon,Mean of Weekly Award Amount,130.13,
Nov-24,Hounslow,Pension Credit Caseload - 2011 Geographies,6314,
Nov-24,Hounslow,Mean of Weekly Award Amount,137.71,
Nov-24,Kingston upon Thames,Pension Credit Caseload - 2011 Geographies,2526,
Nov-24,Kingston upon Thames,Mean of Weekly Award Amount,125.08,
Nov-24,Merton,Pension Credit Caseload - 2011 Geographies,3603,
Nov-24,Merton,Mean of Weekly Award Amount,120.18,
Nov-24,Redbridge,Pension Credit Caseload - 2011 Geographies,6460,
Nov-24,Redbridge,Mean of Weekly Award Amount,125.86,
Nov-24,Richmond upon Thames,Pension Credit Caseload - 2011 Geographies,2724,
Nov-24,Richmond upon Thames,Mean of Weekly Award Amount,107.44,
Nov-24,Sutton,Pension Credit Caseload - 2011 Geographies,3342,
Nov-24,Sutton,Mean of Weekly Award Amount,107.09,
Nov-24,Waltham Forest,Pension Credit Caseload - 2011 Geographies,5826,
Nov-24,Waltham Forest,Mean of Weekly Award Amount,111.87,
Nov-24,Bracknell Forest,Pension Credit Caseload - 2011 Geographies,1543,
Nov-24,Bracknell Forest,Mean of Weekly Award Amount,91.1,
Nov-24,Brighton and Hove,Pension Credit Caseload - 2011 Geographies,5880,
Nov-24,Brighton and Hove,Mean of Weekly Award Amount,87.45,
Nov-24,Buckinghamshire,Pension Credit Caseload - 2011 Geographies,6657,
Nov-24,Buckinghamshire,Mean of Weekly Award Amount,84.12,
Nov-24,Isle of Wight,Pension Credit Caseload - 2011 Geographies,4009,
Nov-24,Isle of Wight,Mean of Weekly Award Amount,69.28,
Nov-24,Medway,Pension Credit Caseload - 2011 Geographies,4985,
Nov-24,Medway,Mean of Weekly Award Amount,77.46,
Nov-24,Milton Keynes,Pension Credit Caseload - 2011 Geographies,4392,
Nov-24,Milton Keynes,Mean of Weekly Award Amount,89.29,
Nov-24,Portsmouth,Pension Credit Caseload - 2011 Geographies,4357,
Nov-24,Portsmouth,Mean of Weekly Award Amount,80.07,
Nov-24,Reading,Pension Credit Caseload - 2011 Geographies,2983,
Nov-24,Reading,Mean of Weekly Award Amount,117.02,
Nov-24,Slough,Pension Credit Caseload - 2011 Geographies,2794,
Nov-24,Slough,Mean of Weekly Award Amount,119.16,
Nov-24,Southampton,Pension Credit Caseload - 2011 Geographies,4879,
Nov-24,Southampton,Mean of Weekly Award Amount,85.92,
Nov-24,West Berkshire,Pension Credit Caseload - 2011 Geographies,2051,
Nov-24,West Berkshire,Mean of Weekly Award Amount,74.38,
Nov-24,Windsor and Maidenhead,Pension Credit Caseload - 2011 Geographies,1919,
Nov-24,Windsor and Maidenhead,Mean of Weekly Award Amount,89.17,
Nov-24,Wokingham,Pension Credit Caseload - 2011 Geographies,1464,
Nov-24,Wokingham,Mean of Weekly Award Amount,84.2,
Nov-24,Eastbourne,Pension Credit Caseload - 2011 Geographies,2804,
Nov-24,Eastbourne,Mean of Weekly Award Amount,80.28,
Nov-24,Hastings,Pension Credit Caseload - 2011 Geographies,2938,
Nov-24,Hastings,Mean of Weekly Award Amount,79.78,
Nov-24,Lewes,Pension Credit Caseload - 2011 Geographies,2171,
Nov-24,Lewes,Mean of Weekly Award Amount,75.3,
Nov-24,Rother,Pension Credit Caseload - 2011 Geographies,2541,
Nov-24,Rother,Mean of Weekly Award Amount,73.34,
Nov-24,Wealden,Pension Credit Caseload - 2011 Geographies,2808,
Nov-24,Wealden,Mean of Weekly Award Amount,72.15,
Nov-24,Basingstoke and Deane,Pension Credit Caseload - 2011 Geographies,2244,
Nov-24,Basingstoke and Deane,Mean of Weekly Award Amount,88.09,
Nov-24,East Hampshire,Pension Credit Caseload - 2011 Geographies,1602,
Nov-24,East Hampshire,Mean of Weekly Award Amount,76.49,
Nov-24,Eastleigh,Pension Credit Caseload - 2011 Geographies,1766,
Nov-24,Eastleigh,Mean of Weekly Award Amount,72.87,
Nov-24,Fareham,Pension Credit Caseload - 2011 Geographies,1556,
Nov-24,Fareham,Mean of Weekly Award Amount,65.77,
Nov-24,Gosport,Pension Credit Caseload - 2011 Geographies,1583,
Nov-24,Gosport,Mean of Weekly Award Amount,67.05,
Nov-24,Hart,Pension Credit Caseload - 2011 Geographies,927,
Nov-24,Hart,Mean of Weekly Award Amount,83.78,
Nov-24,Havant,Pension Credit Caseload - 2011 Geographies,2821,
Nov-24,Havant,Mean of Weekly Award Amount,70.07,
Nov-24,New Forest,Pension Credit Caseload - 2011 Geographies,3216,
Nov-24,New Forest,Mean of Weekly Award Amount,69.54,
Nov-24,Rushmoor,Pension Credit Caseload - 2011 Geographies,2388,
Nov-24,Rushmoor,Mean of Weekly Award Amount,148.59,
Nov-24,Test Valley,Pension Credit Caseload - 2011 Geographies,1672,
Nov-24,Test Valley,Mean of Weekly Award Amount,74.67,
Nov-24,Winchester,Pension Credit Caseload - 2011 Geographies,1633,
Nov-24,Winchester,Mean of Weekly Award Amount,75.37,
Nov-24,Ashford,Pension Credit Caseload - 2011 Geographies,2679,
Nov-24,Ashford,Mean of Weekly Award Amount,99.25,
Nov-24,Canterbury,Pension Credit Caseload - 2011 Geographies,3160,
Nov-24,Canterbury,Mean of Weekly Award Amount,77.81,
Nov-24,Dartford,Pension Credit Caseload - 2011 Geographies,1480,
Nov-24,Dartford,Mean of Weekly Award Amount,86.27,
Nov-24,Dover,Pension Credit Caseload - 2011 Geographies,2694,
Nov-24,Dover,Mean of Weekly Award Amount,72.92,
Nov-24,Folkestone and Hythe,Pension Credit Caseload - 2011 Geographies,3024,
Nov-24,Folkestone and Hythe,Mean of Weekly Award Amount,82.51,
Nov-24,Gravesham,Pension Credit Caseload - 2011 Geographies,1946,
Nov-24,Gravesham,Mean of Weekly Award Amount,84.32,
Nov-24,Maidstone,Pension Credit Caseload - 2011 Geographies,2854,
Nov-24,Maidstone,Mean of Weekly Award Amount,85.05,
Nov-24,Sevenoaks,Pension Credit Caseload - 2011 Geographies,1784,
Nov-24,Sevenoaks,Mean of Weekly Award Amount,79.91,
Nov-24,Swale,Pension Credit Caseload - 2011 Geographies,3174,
Nov-24,Swale,Mean of Weekly Award Amount,73.38,
Nov-24,Thanet,Pension Credit Caseload - 2011 Geographies,4464,
Nov-24,Thanet,Mean of Weekly Award Amount,77.28,
Nov-24,Tonbridge and Malling,Pension Credit Caseload - 2011 Geographies,1812,
Nov-24,Tonbridge and Malling,Mean of Weekly Award Amount,79.17,
Nov-24,Tunbridge Wells,Pension Credit Caseload - 2011 Geographies,1684,
Nov-24,Tunbridge Wells,Mean of Weekly Award Amount,80.9,
Nov-24,Cherwell,Pension Credit Caseload - 2011 Geographies,1931,
Nov-24,Cherwell,Mean of Weekly Award Amount,78.43,
Nov-24,Oxford,Pension Credit Caseload - 2011 Geographies,1975,
Nov-24,Oxford,Mean of Weekly Award Amount,100.82,
Nov-24,South Oxfordshire,Pension Credit Caseload - 2011 Geographies,1656,
Nov-24,South Oxfordshire,Mean of Weekly Award Amount,77.08,
Nov-24,Vale of White Horse,Pension Credit Caseload - 2011 Geographies,1451,
Nov-24,Vale of White Horse,Mean of Weekly Award Amount,77.85,
Nov-24,West Oxfordshire,Pension Credit Caseload - 2011 Geographies,1418,
Nov-24,West Oxfordshire,Mean of Weekly Award Amount,75.2,
Nov-24,Elmbridge,Pension Credit Caseload - 2011 Geographies,1765,
Nov-24,Elmbridge,Mean of Weekly Award Amount,96.41,
Nov-24,Epsom and Ewell,Pension Credit Caseload - 2011 Geographies,923,
Nov-24,Epsom and Ewell,Mean of Weekly Award Amount,104.67,
Nov-24,Guildford,Pension Credit Caseload - 2011 Geographies,1508,
Nov-24,Guildford,Mean of Weekly Award Amount,84.27,
Nov-24,Mole Valley,Pension Credit Caseload - 2011 Geographies,1096,
Nov-24,Mole Valley,Mean of Weekly Award Amount,85.05,
Nov-24,Reigate and Banstead,Pension Credit Caseload - 2011 Geographies,1699,
Nov-24,Reigate and Banstead,Mean of Weekly Award Amount,90.02,
Nov-24,Runnymede,Pension Credit Caseload - 2011 Geographies,1124,
Nov-24,Runnymede,Mean of Weekly Award Amount,83.76,
Nov-24,Spelthorne,Pension Credit Caseload - 2011 Geographies,1458,
Nov-24,Spelthorne,Mean of Weekly Award Amount,92.11,
Nov-24,Surrey Heath,Pension Credit Caseload - 2011 Geographies,1034,
Nov-24,Surrey Heath,Mean of Weekly Award Amount,93.86,
Nov-24,Tandridge,Pension Credit Caseload - 2011 Geographies,1106,
Nov-24,Tandridge,Mean of Weekly Award Amount,82.7,
Nov-24,Waverley,Pension Credit Caseload - 2011 Geographies,1562,
Nov-24,Waverley,Mean of Weekly Award Amount,83.29,
Nov-24,Woking,Pension Credit Caseload - 2011 Geographies,1242,
Nov-24,Woking,Mean of Weekly Award Amount,96.58,
Nov-24,Adur,Pension Credit Caseload - 2011 Geographies,1407,
Nov-24,Adur,Mean of Weekly Award Amount,72.01,
Nov-24,Arun,Pension Credit Caseload - 2011 Geographies,3885,
Nov-24,Arun,Mean of Weekly Award Amount,72.06,
Nov-24,Chichester,Pension Credit Caseload - 2011 Geographies,2332,
Nov-24,Chichester,Mean of Weekly Award Amount,71.74,
Nov-24,Crawley,Pension Credit Caseload - 2011 Geographies,1821,
Nov-24,Crawley,Mean of Weekly Award Amount,101.14,
Nov-24,Horsham,Pension Credit Caseload - 2011 Geographies,1932,
Nov-24,Horsham,Mean of Weekly Award Amount,75.01,
Nov-24,Mid Sussex,Pension Credit Caseload - 2011 Geographies,1834,
Nov-24,Mid Sussex,Mean of Weekly Award Amount,77.92,
Nov-24,Worthing,Pension Credit Caseload - 2011 Geographies,2372,
Nov-24,Worthing,Mean of Weekly Award Amount,73.26,
Nov-24,Bath and North East Somerset,Pension Credit Caseload - 2011 Geographies,2859,
Nov-24,Bath and North East Somerset,Mean of Weekly Award Amount,71.1,
Nov-24,"Bournemouth, Christchurch and Poole",Pension Credit Caseload - 2011 Geographies,9059,
Nov-24,"Bournemouth, Christchurch and Poole",Mean of Weekly Award Amount,77.01,
Nov-24,"Bristol, City of",Pension Credit Caseload - 2011 Geographies,7968,
Nov-24,"Bristol, City of",Mean of Weekly Award Amount,87.09,
Nov-24,Cornwall,Pension Credit Caseload - 2011 Geographies,15275,
Nov-24,Cornwall,Mean of Weekly Award Amount,65.5,
Nov-24,Dorset,Pension Credit Caseload - 2011 Geographies,7903,
Nov-24,Dorset,Mean of Weekly Award Amount,70.09,
Nov-24,Isles of Scilly,Pension Credit Caseload - 2011 Geographies,22,
Nov-24,Isles of Scilly,Mean of Weekly Award Amount,96.27,
Nov-24,North Somerset,Pension Credit Caseload - 2011 Geographies,4220,
Nov-24,North Somerset,Mean of Weekly Award Amount,71.8,
Nov-24,Plymouth,Pension Credit Caseload - 2011 Geographies,5987,
Nov-24,Plymouth,Mean of Weekly Award Amount,72.1,
Nov-24,Somerset,Pension Credit Caseload - 2011 Geographies,11530,
Nov-24,Somerset,Mean of Weekly Award Amount,70.07,
Nov-24,South Gloucestershire,Pension Credit Caseload - 2011 Geographies,3775,
Nov-24,South Gloucestershire,Mean of Weekly Award Amount,73.67,
Nov-24,Swindon,Pension Credit Caseload - 2011 Geographies,3968,
Nov-24,Swindon,Mean of Weekly Award Amount,96.89,
Nov-24,Torbay,Pension Credit Caseload - 2011 Geographies,4796,
Nov-24,Torbay,Mean of Weekly Award Amount,72.32,
Nov-24,Wiltshire,Pension Credit Caseload - 2011 Geographies,7649,
Nov-24,Wiltshire,Mean of Weekly Award Amount,72.64,
Nov-24,East Devon,Pension Credit Caseload - 2011 Geographies,3111,
Nov-24,East Devon,Mean of Weekly Award Amount,65.68,
Nov-24,Exeter,Pension Credit Caseload - 2011 Geographies,2257,
Nov-24,Exeter,Mean of Weekly Award Amount,70.31,
Nov-24,Mid Devon,Pension Credit Caseload - 2011 Geographies,1613,
Nov-24,Mid Devon,Mean of Weekly Award Amount,68.98,
Nov-24,North Devon,Pension Credit Caseload - 2011 Geographies,2338,
Nov-24,North Devon,Mean of Weekly Award Amount,68.41,
Nov-24,South Hams,Pension Credit Caseload - 2011 Geographies,1935,
Nov-24,South Hams,Mean of Weekly Award Amount,72.47,
Nov-24,Teignbridge,Pension Credit Caseload - 2011 Geographies,3210,
Nov-24,Teignbridge,Mean of Weekly Award Amount,67.6,
Nov-24,Torridge,Pension Credit Caseload - 2011 Geographies,1820,
Nov-24,Torridge,Mean of Weekly Award Amount,68.09,
Nov-24,West Devon,Pension Credit Caseload - 2011 Geographies,1249,
Nov-24,West Devon,Mean of Weekly Award Amount,70.43,
Nov-24,Cheltenham,Pension Credit Caseload - 2011 Geographies,1822,
Nov-24,Cheltenham,Mean of Weekly Award Amount,76.57,
Nov-24,Cotswold,Pension Credit Caseload - 2011 Geographies,1476,
Nov-24,Cotswold,Mean of Weekly Award Amount,68.68,
Nov-24,Forest of Dean,Pension Credit Caseload - 2011 Geographies,1844,
Nov-24,Forest of Dean,Mean of Weekly Award Amount,74.58,
Nov-24,Gloucester,Pension Credit Caseload - 2011 Geographies,2277,
Nov-24,Gloucester,Mean of Weekly Award Amount,81.45,
Nov-24,Stroud,Pension Credit Caseload - 2011 Geographies,1900,
Nov-24,Stroud,Mean of Weekly Award Amount,69.08,
Nov-24,Tewkesbury,Pension Credit Caseload - 2011 Geographies,1427,
Nov-24,Tewkesbury,Mean of Weekly Award Amount,73.78,
Nov-24,Total,Pension Credit Caseload - 2011 Geographies,1181055,
Nov-24,Total,Mean of Weekly Award Amount,84.19,
,,,,
,,,,
INFO,Statistical disclosure control has been applied to this table to avoid the release of confidential data.  Totals may not sum due to the disclosure control applied.,,,
,,,,
,,,,
Symbol,Description,,,
I,"The move to publishing benefit data via the Stat-Xplore instead of the DWP Tabulation Tool has involved adopting a new disclosure control methodology, in line with other benefits published via this new tool. Although the data still comes from the same source there may be small differences in the outputs displayed using this new tool, when compared to the Tabulation Tool.",,,
II,""".."" denotes a nil or negligible number of claimants or award amount based on a nil or negligible number of claimants.",,,
,,,,
,,,,
Source: Department for Work and Pensions,,,,